CRITICAL - 2022-09-18 06:20:43 --> Undefined variable: page
in APPPATH\Controllers\User.php on line 13.
 1 APPPATH\Controllers\User.php(13): CodeIgniter\Debug\Exceptions->errorHandler(8, 'Undefined variable: page', 'APPPATH\\Controllers\\User.php', 13, [...])
 2 SYSTEMPATH\CodeIgniter.php(907): App\Controllers\User->index()
 3 SYSTEMPATH\CodeIgniter.php(457): CodeIgniter\CodeIgniter->runController(Object(App\Controllers\User))
 4 SYSTEMPATH\CodeIgniter.php(340): CodeIgniter\CodeIgniter->handleRequest(null, Object(Config\Cache), false)
 5 FCPATH\index.php(67): CodeIgniter\CodeIgniter->run()
CRITICAL - 2022-09-18 06:21:14 --> Undefined variable: kinsmen
in APPPATH\Views\user\header.php on line 43.
 1 APPPATH\Views\user\header.php(43): CodeIgniter\Debug\Exceptions->errorHandler(8, 'Undefined variable: kinsmen', 'APPPATH\\Views\\user\\header.php', 43, [...])
 2 SYSTEMPATH\View\View.php(213): include('APPPATH\\Views\\user\\header.php')
 3 SYSTEMPATH\View\View.php(216): CodeIgniter\View\View->CodeIgniter\View\{closure}()
 4 SYSTEMPATH\Common.php(1142): CodeIgniter\View\View->render('user/header', [], true)
 5 APPPATH\Controllers\User.php(18): view('user/header', [...])
 6 SYSTEMPATH\CodeIgniter.php(907): App\Controllers\User->index()
 7 SYSTEMPATH\CodeIgniter.php(457): CodeIgniter\CodeIgniter->runController(Object(App\Controllers\User))
 8 SYSTEMPATH\CodeIgniter.php(340): CodeIgniter\CodeIgniter->handleRequest(null, Object(Config\Cache), false)
 9 FCPATH\index.php(67): CodeIgniter\CodeIgniter->run()
CRITICAL - 2022-09-18 06:21:45 --> Invalid file: pages/assets.php
in SYSTEMPATH\Exceptions\FrameworkException.php on line 33.
 1 SYSTEMPATH\View\View.php(201): CodeIgniter\Exceptions\FrameworkException::forInvalidFile('pages/assets.php')
 2 SYSTEMPATH\Common.php(1142): CodeIgniter\View\View->render('pages/assets', [], true)
 3 APPPATH\Controllers\Pages.php(28): view('pages/assets', [...])
 4 SYSTEMPATH\CodeIgniter.php(907): App\Controllers\Pages->view('FCPATH\\assets', 'back', 'webfonts', 'fa-solid-900.woff2')
 5 SYSTEMPATH\CodeIgniter.php(457): CodeIgniter\CodeIgniter->runController(Object(App\Controllers\Pages))
 6 SYSTEMPATH\CodeIgniter.php(340): CodeIgniter\CodeIgniter->handleRequest(null, Object(Config\Cache), false)
 7 FCPATH\index.php(67): CodeIgniter\CodeIgniter->run()
CRITICAL - 2022-09-18 06:21:45 --> Invalid file: pages/assets.php
in SYSTEMPATH\Exceptions\FrameworkException.php on line 33.
 1 SYSTEMPATH\View\View.php(201): CodeIgniter\Exceptions\FrameworkException::forInvalidFile('pages/assets.php')
 2 SYSTEMPATH\Common.php(1142): CodeIgniter\View\View->render('pages/assets', [], true)
 3 APPPATH\Controllers\Pages.php(28): view('pages/assets', [...])
 4 SYSTEMPATH\CodeIgniter.php(907): App\Controllers\Pages->view('FCPATH\\assets', 'back', 'webfonts', 'fa-solid-900.woff')
 5 SYSTEMPATH\CodeIgniter.php(457): CodeIgniter\CodeIgniter->runController(Object(App\Controllers\Pages))
 6 SYSTEMPATH\CodeIgniter.php(340): CodeIgniter\CodeIgniter->handleRequest(null, Object(Config\Cache), false)
 7 FCPATH\index.php(67): CodeIgniter\CodeIgniter->run()
CRITICAL - 2022-09-18 06:21:45 --> Invalid file: pages/assets.php
in SYSTEMPATH\Exceptions\FrameworkException.php on line 33.
 1 SYSTEMPATH\View\View.php(201): CodeIgniter\Exceptions\FrameworkException::forInvalidFile('pages/assets.php')
 2 SYSTEMPATH\Common.php(1142): CodeIgniter\View\View->render('pages/assets', [], true)
 3 APPPATH\Controllers\Pages.php(28): view('pages/assets', [...])
 4 SYSTEMPATH\CodeIgniter.php(907): App\Controllers\Pages->view('FCPATH\\assets', 'back', 'webfonts', 'fa-solid-900.ttf')
 5 SYSTEMPATH\CodeIgniter.php(457): CodeIgniter\CodeIgniter->runController(Object(App\Controllers\Pages))
 6 SYSTEMPATH\CodeIgniter.php(340): CodeIgniter\CodeIgniter->handleRequest(null, Object(Config\Cache), false)
 7 FCPATH\index.php(67): CodeIgniter\CodeIgniter->run()
CRITICAL - 2022-09-18 06:27:49 --> Invalid file: pages/login.php
in SYSTEMPATH\Exceptions\FrameworkException.php on line 33.
 1 SYSTEMPATH\View\View.php(201): CodeIgniter\Exceptions\FrameworkException::forInvalidFile('pages/login.php')
 2 SYSTEMPATH\Common.php(1142): CodeIgniter\View\View->render('pages/login', [], true)
 3 APPPATH\Controllers\Pages.php(28): view('pages/login', [...])
 4 SYSTEMPATH\CodeIgniter.php(907): App\Controllers\Pages->view('login')
 5 SYSTEMPATH\CodeIgniter.php(457): CodeIgniter\CodeIgniter->runController(Object(App\Controllers\Pages))
 6 SYSTEMPATH\CodeIgniter.php(340): CodeIgniter\CodeIgniter->handleRequest(null, Object(Config\Cache), false)
 7 FCPATH\index.php(67): CodeIgniter\CodeIgniter->run()
CRITICAL - 2022-09-18 06:28:22 --> Invalid file: pages/user.php
in SYSTEMPATH\Exceptions\FrameworkException.php on line 33.
 1 SYSTEMPATH\View\View.php(201): CodeIgniter\Exceptions\FrameworkException::forInvalidFile('pages/user.php')
 2 SYSTEMPATH\Common.php(1142): CodeIgniter\View\View->render('pages/user', [], true)
 3 APPPATH\Controllers\Pages.php(28): view('pages/user', [...])
 4 SYSTEMPATH\CodeIgniter.php(907): App\Controllers\Pages->view('user', 'login')
 5 SYSTEMPATH\CodeIgniter.php(457): CodeIgniter\CodeIgniter->runController(Object(App\Controllers\Pages))
 6 SYSTEMPATH\CodeIgniter.php(340): CodeIgniter\CodeIgniter->handleRequest(null, Object(Config\Cache), false)
 7 FCPATH\index.php(67): CodeIgniter\CodeIgniter->run()
CRITICAL - 2022-09-18 06:29:27 --> Invalid file: pages/assets.php
in SYSTEMPATH\Exceptions\FrameworkException.php on line 33.
 1 SYSTEMPATH\View\View.php(201): CodeIgniter\Exceptions\FrameworkException::forInvalidFile('pages/assets.php')
 2 SYSTEMPATH\Common.php(1142): CodeIgniter\View\View->render('pages/assets', [], true)
 3 APPPATH\Controllers\Pages.php(28): view('pages/assets', [...])
 4 SYSTEMPATH\CodeIgniter.php(907): App\Controllers\Pages->view('FCPATH\\assets', 'images', 'service_icon1.png')
 5 SYSTEMPATH\CodeIgniter.php(457): CodeIgniter\CodeIgniter->runController(Object(App\Controllers\Pages))
 6 SYSTEMPATH\CodeIgniter.php(340): CodeIgniter\CodeIgniter->handleRequest(null, Object(Config\Cache), false)
 7 FCPATH\index.php(67): CodeIgniter\CodeIgniter->run()
CRITICAL - 2022-09-18 06:29:27 --> Invalid file: pages/assets.php
in SYSTEMPATH\Exceptions\FrameworkException.php on line 33.
 1 SYSTEMPATH\View\View.php(201): CodeIgniter\Exceptions\FrameworkException::forInvalidFile('pages/assets.php')
 2 SYSTEMPATH\Common.php(1142): CodeIgniter\View\View->render('pages/assets', [], true)
 3 APPPATH\Controllers\Pages.php(28): view('pages/assets', [...])
 4 SYSTEMPATH\CodeIgniter.php(907): App\Controllers\Pages->view('FCPATH\\assets', 'images', 'service_icon2.png')
 5 SYSTEMPATH\CodeIgniter.php(457): CodeIgniter\CodeIgniter->runController(Object(App\Controllers\Pages))
 6 SYSTEMPATH\CodeIgniter.php(340): CodeIgniter\CodeIgniter->handleRequest(null, Object(Config\Cache), false)
 7 FCPATH\index.php(67): CodeIgniter\CodeIgniter->run()
CRITICAL - 2022-09-18 06:29:27 --> Invalid file: pages/assets.php
in SYSTEMPATH\Exceptions\FrameworkException.php on line 33.
 1 SYSTEMPATH\View\View.php(201): CodeIgniter\Exceptions\FrameworkException::forInvalidFile('pages/assets.php')
 2 SYSTEMPATH\Common.php(1142): CodeIgniter\View\View->render('pages/assets', [], true)
 3 APPPATH\Controllers\Pages.php(28): view('pages/assets', [...])
 4 SYSTEMPATH\CodeIgniter.php(907): App\Controllers\Pages->view('FCPATH\\assets', 'images', 'service_icon7.png')
 5 SYSTEMPATH\CodeIgniter.php(457): CodeIgniter\CodeIgniter->runController(Object(App\Controllers\Pages))
 6 SYSTEMPATH\CodeIgniter.php(340): CodeIgniter\CodeIgniter->handleRequest(null, Object(Config\Cache), false)
 7 FCPATH\index.php(67): CodeIgniter\CodeIgniter->run()
CRITICAL - 2022-09-18 06:29:27 --> Invalid file: pages/assets.php
in SYSTEMPATH\Exceptions\FrameworkException.php on line 33.
 1 SYSTEMPATH\View\View.php(201): CodeIgniter\Exceptions\FrameworkException::forInvalidFile('pages/assets.php')
 2 SYSTEMPATH\Common.php(1142): CodeIgniter\View\View->render('pages/assets', [], true)
 3 APPPATH\Controllers\Pages.php(28): view('pages/assets', [...])
 4 SYSTEMPATH\CodeIgniter.php(907): App\Controllers\Pages->view('FCPATH\\assets', 'images', 'service_icon4.png')
 5 SYSTEMPATH\CodeIgniter.php(457): CodeIgniter\CodeIgniter->runController(Object(App\Controllers\Pages))
 6 SYSTEMPATH\CodeIgniter.php(340): CodeIgniter\CodeIgniter->handleRequest(null, Object(Config\Cache), false)
 7 FCPATH\index.php(67): CodeIgniter\CodeIgniter->run()
CRITICAL - 2022-09-18 06:29:27 --> Invalid file: pages/assets.php
in SYSTEMPATH\Exceptions\FrameworkException.php on line 33.
 1 SYSTEMPATH\View\View.php(201): CodeIgniter\Exceptions\FrameworkException::forInvalidFile('pages/assets.php')
 2 SYSTEMPATH\Common.php(1142): CodeIgniter\View\View->render('pages/assets', [], true)
 3 APPPATH\Controllers\Pages.php(28): view('pages/assets', [...])
 4 SYSTEMPATH\CodeIgniter.php(907): App\Controllers\Pages->view('FCPATH\\assets', 'images', 'service_icon6.png')
 5 SYSTEMPATH\CodeIgniter.php(457): CodeIgniter\CodeIgniter->runController(Object(App\Controllers\Pages))
 6 SYSTEMPATH\CodeIgniter.php(340): CodeIgniter\CodeIgniter->handleRequest(null, Object(Config\Cache), false)
 7 FCPATH\index.php(67): CodeIgniter\CodeIgniter->run()
CRITICAL - 2022-09-18 06:29:27 --> Invalid file: pages/assets.php
in SYSTEMPATH\Exceptions\FrameworkException.php on line 33.
 1 SYSTEMPATH\View\View.php(201): CodeIgniter\Exceptions\FrameworkException::forInvalidFile('pages/assets.php')
 2 SYSTEMPATH\Common.php(1142): CodeIgniter\View\View->render('pages/assets', [], true)
 3 APPPATH\Controllers\Pages.php(28): view('pages/assets', [...])
 4 SYSTEMPATH\CodeIgniter.php(907): App\Controllers\Pages->view('FCPATH\\assets', 'images', 'service_icon5.png')
 5 SYSTEMPATH\CodeIgniter.php(457): CodeIgniter\CodeIgniter->runController(Object(App\Controllers\Pages))
 6 SYSTEMPATH\CodeIgniter.php(340): CodeIgniter\CodeIgniter->handleRequest(null, Object(Config\Cache), false)
 7 FCPATH\index.php(67): CodeIgniter\CodeIgniter->run()
CRITICAL - 2022-09-18 06:29:27 --> Invalid file: pages/assets.php
in SYSTEMPATH\Exceptions\FrameworkException.php on line 33.
 1 SYSTEMPATH\View\View.php(201): CodeIgniter\Exceptions\FrameworkException::forInvalidFile('pages/assets.php')
 2 SYSTEMPATH\Common.php(1142): CodeIgniter\View\View->render('pages/assets', [], true)
 3 APPPATH\Controllers\Pages.php(28): view('pages/assets', [...])
 4 SYSTEMPATH\CodeIgniter.php(907): App\Controllers\Pages->view('FCPATH\\assets', 'images', 'service_icon7.png')
 5 SYSTEMPATH\CodeIgniter.php(457): CodeIgniter\CodeIgniter->runController(Object(App\Controllers\Pages))
 6 SYSTEMPATH\CodeIgniter.php(340): CodeIgniter\CodeIgniter->handleRequest(null, Object(Config\Cache), false)
 7 FCPATH\index.php(67): CodeIgniter\CodeIgniter->run()
CRITICAL - 2022-09-18 06:29:27 --> Invalid file: pages/assets.php
in SYSTEMPATH\Exceptions\FrameworkException.php on line 33.
 1 SYSTEMPATH\View\View.php(201): CodeIgniter\Exceptions\FrameworkException::forInvalidFile('pages/assets.php')
 2 SYSTEMPATH\Common.php(1142): CodeIgniter\View\View->render('pages/assets', [], true)
 3 APPPATH\Controllers\Pages.php(28): view('pages/assets', [...])
 4 SYSTEMPATH\CodeIgniter.php(907): App\Controllers\Pages->view('FCPATH\\assets', 'images', 'service_icon5.png')
 5 SYSTEMPATH\CodeIgniter.php(457): CodeIgniter\CodeIgniter->runController(Object(App\Controllers\Pages))
 6 SYSTEMPATH\CodeIgniter.php(340): CodeIgniter\CodeIgniter->handleRequest(null, Object(Config\Cache), false)
 7 FCPATH\index.php(67): CodeIgniter\CodeIgniter->run()
CRITICAL - 2022-09-18 06:29:27 --> Invalid file: pages/assets.php
in SYSTEMPATH\Exceptions\FrameworkException.php on line 33.
 1 SYSTEMPATH\View\View.php(201): CodeIgniter\Exceptions\FrameworkException::forInvalidFile('pages/assets.php')
 2 SYSTEMPATH\Common.php(1142): CodeIgniter\View\View->render('pages/assets', [], true)
 3 APPPATH\Controllers\Pages.php(28): view('pages/assets', [...])
 4 SYSTEMPATH\CodeIgniter.php(907): App\Controllers\Pages->view('FCPATH\\assets', 'images', 'service_icon2.png')
 5 SYSTEMPATH\CodeIgniter.php(457): CodeIgniter\CodeIgniter->runController(Object(App\Controllers\Pages))
 6 SYSTEMPATH\CodeIgniter.php(340): CodeIgniter\CodeIgniter->handleRequest(null, Object(Config\Cache), false)
 7 FCPATH\index.php(67): CodeIgniter\CodeIgniter->run()
CRITICAL - 2022-09-18 06:29:27 --> Invalid file: pages/assets.php
in SYSTEMPATH\Exceptions\FrameworkException.php on line 33.
 1 SYSTEMPATH\View\View.php(201): CodeIgniter\Exceptions\FrameworkException::forInvalidFile('pages/assets.php')
 2 SYSTEMPATH\Common.php(1142): CodeIgniter\View\View->render('pages/assets', [], true)
 3 APPPATH\Controllers\Pages.php(28): view('pages/assets', [...])
 4 SYSTEMPATH\CodeIgniter.php(907): App\Controllers\Pages->view('FCPATH\\assets', 'images', 'service_icon4.png')
 5 SYSTEMPATH\CodeIgniter.php(457): CodeIgniter\CodeIgniter->runController(Object(App\Controllers\Pages))
 6 SYSTEMPATH\CodeIgniter.php(340): CodeIgniter\CodeIgniter->handleRequest(null, Object(Config\Cache), false)
 7 FCPATH\index.php(67): CodeIgniter\CodeIgniter->run()
CRITICAL - 2022-09-18 06:29:27 --> Invalid file: pages/assets.php
in SYSTEMPATH\Exceptions\FrameworkException.php on line 33.
 1 SYSTEMPATH\View\View.php(201): CodeIgniter\Exceptions\FrameworkException::forInvalidFile('pages/assets.php')
 2 SYSTEMPATH\Common.php(1142): CodeIgniter\View\View->render('pages/assets', [], true)
 3 APPPATH\Controllers\Pages.php(28): view('pages/assets', [...])
 4 SYSTEMPATH\CodeIgniter.php(907): App\Controllers\Pages->view('FCPATH\\assets', 'images', 'service_icon6.png')
 5 SYSTEMPATH\CodeIgniter.php(457): CodeIgniter\CodeIgniter->runController(Object(App\Controllers\Pages))
 6 SYSTEMPATH\CodeIgniter.php(340): CodeIgniter\CodeIgniter->handleRequest(null, Object(Config\Cache), false)
 7 FCPATH\index.php(67): CodeIgniter\CodeIgniter->run()
CRITICAL - 2022-09-18 06:29:27 --> Invalid file: pages/assets.php
in SYSTEMPATH\Exceptions\FrameworkException.php on line 33.
 1 SYSTEMPATH\View\View.php(201): CodeIgniter\Exceptions\FrameworkException::forInvalidFile('pages/assets.php')
 2 SYSTEMPATH\Common.php(1142): CodeIgniter\View\View->render('pages/assets', [], true)
 3 APPPATH\Controllers\Pages.php(28): view('pages/assets', [...])
 4 SYSTEMPATH\CodeIgniter.php(907): App\Controllers\Pages->view('FCPATH\\assets', 'images', 'service_icon1.png')
 5 SYSTEMPATH\CodeIgniter.php(457): CodeIgniter\CodeIgniter->runController(Object(App\Controllers\Pages))
 6 SYSTEMPATH\CodeIgniter.php(340): CodeIgniter\CodeIgniter->handleRequest(null, Object(Config\Cache), false)
 7 FCPATH\index.php(67): CodeIgniter\CodeIgniter->run()
CRITICAL - 2022-09-18 06:30:21 --> Invalid file: pages/user.php
in SYSTEMPATH\Exceptions\FrameworkException.php on line 33.
 1 SYSTEMPATH\View\View.php(201): CodeIgniter\Exceptions\FrameworkException::forInvalidFile('pages/user.php')
 2 SYSTEMPATH\Common.php(1142): CodeIgniter\View\View->render('pages/user', [], true)
 3 APPPATH\Controllers\Pages.php(28): view('pages/user', [...])
 4 SYSTEMPATH\CodeIgniter.php(907): App\Controllers\Pages->view('user', 'login')
 5 SYSTEMPATH\CodeIgniter.php(457): CodeIgniter\CodeIgniter->runController(Object(App\Controllers\Pages))
 6 SYSTEMPATH\CodeIgniter.php(340): CodeIgniter\CodeIgniter->handleRequest(null, Object(Config\Cache), false)
 7 FCPATH\index.php(67): CodeIgniter\CodeIgniter->run()
CRITICAL - 2022-09-18 06:30:48 --> Invalid file: pages/user.php
in SYSTEMPATH\Exceptions\FrameworkException.php on line 33.
 1 SYSTEMPATH\View\View.php(201): CodeIgniter\Exceptions\FrameworkException::forInvalidFile('pages/user.php')
 2 SYSTEMPATH\Common.php(1142): CodeIgniter\View\View->render('pages/user', [], true)
 3 APPPATH\Controllers\Pages.php(28): view('pages/user', [...])
 4 SYSTEMPATH\CodeIgniter.php(907): App\Controllers\Pages->view('user', 'FCPATH\\index.php')
 5 SYSTEMPATH\CodeIgniter.php(457): CodeIgniter\CodeIgniter->runController(Object(App\Controllers\Pages))
 6 SYSTEMPATH\CodeIgniter.php(340): CodeIgniter\CodeIgniter->handleRequest(null, Object(Config\Cache), false)
 7 FCPATH\index.php(67): CodeIgniter\CodeIgniter->run()
CRITICAL - 2022-09-18 06:32:10 --> Invalid file: pages/user.php
in SYSTEMPATH\Exceptions\FrameworkException.php on line 33.
 1 SYSTEMPATH\View\View.php(201): CodeIgniter\Exceptions\FrameworkException::forInvalidFile('pages/user.php')
 2 SYSTEMPATH\Common.php(1142): CodeIgniter\View\View->render('pages/user', [], true)
 3 APPPATH\Controllers\Pages.php(28): view('pages/user', [...])
 4 SYSTEMPATH\CodeIgniter.php(907): App\Controllers\Pages->view('user', 'LOGIN')
 5 SYSTEMPATH\CodeIgniter.php(457): CodeIgniter\CodeIgniter->runController(Object(App\Controllers\Pages))
 6 SYSTEMPATH\CodeIgniter.php(340): CodeIgniter\CodeIgniter->handleRequest(null, Object(Config\Cache), false)
 7 FCPATH\index.php(67): CodeIgniter\CodeIgniter->run()
CRITICAL - 2022-09-18 06:32:16 --> Invalid file: pages/user.php
in SYSTEMPATH\Exceptions\FrameworkException.php on line 33.
 1 SYSTEMPATH\View\View.php(201): CodeIgniter\Exceptions\FrameworkException::forInvalidFile('pages/user.php')
 2 SYSTEMPATH\Common.php(1142): CodeIgniter\View\View->render('pages/user', [], true)
 3 APPPATH\Controllers\Pages.php(28): view('pages/user', [...])
 4 SYSTEMPATH\CodeIgniter.php(907): App\Controllers\Pages->view('user', 'login')
 5 SYSTEMPATH\CodeIgniter.php(457): CodeIgniter\CodeIgniter->runController(Object(App\Controllers\Pages))
 6 SYSTEMPATH\CodeIgniter.php(340): CodeIgniter\CodeIgniter->handleRequest(null, Object(Config\Cache), false)
 7 FCPATH\index.php(67): CodeIgniter\CodeIgniter->run()
CRITICAL - 2022-09-18 06:33:01 --> Invalid file: pages/login.php
in SYSTEMPATH\Exceptions\FrameworkException.php on line 33.
 1 SYSTEMPATH\View\View.php(201): CodeIgniter\Exceptions\FrameworkException::forInvalidFile('pages/login.php')
 2 SYSTEMPATH\Common.php(1142): CodeIgniter\View\View->render('pages/login', [], true)
 3 APPPATH\Controllers\Pages.php(28): view('pages/login', [...])
 4 SYSTEMPATH\CodeIgniter.php(907): App\Controllers\Pages->view('login')
 5 SYSTEMPATH\CodeIgniter.php(457): CodeIgniter\CodeIgniter->runController(Object(App\Controllers\Pages))
 6 SYSTEMPATH\CodeIgniter.php(340): CodeIgniter\CodeIgniter->handleRequest(null, Object(Config\Cache), false)
 7 FCPATH\index.php(67): CodeIgniter\CodeIgniter->run()
CRITICAL - 2022-09-18 06:54:30 --> include(includes/Translator.php): failed to open stream: No such file or directory
in APPPATH\Views\user\login.php on line 69.
 1 APPPATH\Views\user\login.php(69): CodeIgniter\Debug\Exceptions->errorHandler(2, 'include(includes/Translator.php): failed to open stream: No such file or directory', 'APPPATH\\Views\\user\\login.php', 69, [...])
 2 APPPATH\Views\user\login.php(69): include()
 3 SYSTEMPATH\View\View.php(213): include('APPPATH\\Views\\user\\login.php')
 4 SYSTEMPATH\View\View.php(216): CodeIgniter\View\View->CodeIgniter\View\{closure}()
 5 SYSTEMPATH\Common.php(1142): CodeIgniter\View\View->render('user/login', [], true)
 6 APPPATH\Controllers\User.php(46): view('user/login', [...])
 7 SYSTEMPATH\CodeIgniter.php(907): App\Controllers\User->login()
 8 SYSTEMPATH\CodeIgniter.php(457): CodeIgniter\CodeIgniter->runController(Object(App\Controllers\User))
 9 SYSTEMPATH\CodeIgniter.php(340): CodeIgniter\CodeIgniter->handleRequest(null, Object(Config\Cache), false)
10 FCPATH\index.php(67): CodeIgniter\CodeIgniter->run()
CRITICAL - 2022-09-18 06:56:55 --> Invalid file: pages/assets.php
in SYSTEMPATH\Exceptions\FrameworkException.php on line 33.
 1 SYSTEMPATH\View\View.php(201): CodeIgniter\Exceptions\FrameworkException::forInvalidFile('pages/assets.php')
 2 SYSTEMPATH\Common.php(1142): CodeIgniter\View\View->render('pages/assets', [], true)
 3 APPPATH\Controllers\Pages.php(28): view('pages/assets', [...])
 4 SYSTEMPATH\CodeIgniter.php(907): App\Controllers\Pages->view('FCPATH\\assets', 'back', 'webfonts', 'fa-solid-900.woff2')
 5 SYSTEMPATH\CodeIgniter.php(457): CodeIgniter\CodeIgniter->runController(Object(App\Controllers\Pages))
 6 SYSTEMPATH\CodeIgniter.php(340): CodeIgniter\CodeIgniter->handleRequest(null, Object(Config\Cache), false)
 7 FCPATH\index.php(67): CodeIgniter\CodeIgniter->run()
CRITICAL - 2022-09-18 06:56:55 --> Invalid file: pages/assets.php
in SYSTEMPATH\Exceptions\FrameworkException.php on line 33.
 1 SYSTEMPATH\View\View.php(201): CodeIgniter\Exceptions\FrameworkException::forInvalidFile('pages/assets.php')
 2 SYSTEMPATH\Common.php(1142): CodeIgniter\View\View->render('pages/assets', [], true)
 3 APPPATH\Controllers\Pages.php(28): view('pages/assets', [...])
 4 SYSTEMPATH\CodeIgniter.php(907): App\Controllers\Pages->view('FCPATH\\assets', 'back', 'webfonts', 'fa-solid-900.woff')
 5 SYSTEMPATH\CodeIgniter.php(457): CodeIgniter\CodeIgniter->runController(Object(App\Controllers\Pages))
 6 SYSTEMPATH\CodeIgniter.php(340): CodeIgniter\CodeIgniter->handleRequest(null, Object(Config\Cache), false)
 7 FCPATH\index.php(67): CodeIgniter\CodeIgniter->run()
CRITICAL - 2022-09-18 06:56:55 --> Invalid file: pages/assets.php
in SYSTEMPATH\Exceptions\FrameworkException.php on line 33.
 1 SYSTEMPATH\View\View.php(201): CodeIgniter\Exceptions\FrameworkException::forInvalidFile('pages/assets.php')
 2 SYSTEMPATH\Common.php(1142): CodeIgniter\View\View->render('pages/assets', [], true)
 3 APPPATH\Controllers\Pages.php(28): view('pages/assets', [...])
 4 SYSTEMPATH\CodeIgniter.php(907): App\Controllers\Pages->view('FCPATH\\assets', 'back', 'webfonts', 'fa-solid-900.ttf')
 5 SYSTEMPATH\CodeIgniter.php(457): CodeIgniter\CodeIgniter->runController(Object(App\Controllers\Pages))
 6 SYSTEMPATH\CodeIgniter.php(340): CodeIgniter\CodeIgniter->handleRequest(null, Object(Config\Cache), false)
 7 FCPATH\index.php(67): CodeIgniter\CodeIgniter->run()
CRITICAL - 2022-09-18 06:58:02 --> Invalid file: pages/assets.php
in SYSTEMPATH\Exceptions\FrameworkException.php on line 33.
 1 SYSTEMPATH\View\View.php(201): CodeIgniter\Exceptions\FrameworkException::forInvalidFile('pages/assets.php')
 2 SYSTEMPATH\Common.php(1142): CodeIgniter\View\View->render('pages/assets', [], true)
 3 APPPATH\Controllers\Pages.php(28): view('pages/assets', [...])
 4 SYSTEMPATH\CodeIgniter.php(907): App\Controllers\Pages->view('FCPATH\\assets', 'back', 'webfonts', 'fa-solid-900.woff2')
 5 SYSTEMPATH\CodeIgniter.php(457): CodeIgniter\CodeIgniter->runController(Object(App\Controllers\Pages))
 6 SYSTEMPATH\CodeIgniter.php(340): CodeIgniter\CodeIgniter->handleRequest(null, Object(Config\Cache), false)
 7 FCPATH\index.php(67): CodeIgniter\CodeIgniter->run()
CRITICAL - 2022-09-18 06:58:02 --> Invalid file: pages/assets.php
in SYSTEMPATH\Exceptions\FrameworkException.php on line 33.
 1 SYSTEMPATH\View\View.php(201): CodeIgniter\Exceptions\FrameworkException::forInvalidFile('pages/assets.php')
 2 SYSTEMPATH\Common.php(1142): CodeIgniter\View\View->render('pages/assets', [], true)
 3 APPPATH\Controllers\Pages.php(28): view('pages/assets', [...])
 4 SYSTEMPATH\CodeIgniter.php(907): App\Controllers\Pages->view('FCPATH\\assets', 'back', 'webfonts', 'fa-solid-900.woff')
 5 SYSTEMPATH\CodeIgniter.php(457): CodeIgniter\CodeIgniter->runController(Object(App\Controllers\Pages))
 6 SYSTEMPATH\CodeIgniter.php(340): CodeIgniter\CodeIgniter->handleRequest(null, Object(Config\Cache), false)
 7 FCPATH\index.php(67): CodeIgniter\CodeIgniter->run()
CRITICAL - 2022-09-18 06:58:02 --> Invalid file: pages/assets.php
in SYSTEMPATH\Exceptions\FrameworkException.php on line 33.
 1 SYSTEMPATH\View\View.php(201): CodeIgniter\Exceptions\FrameworkException::forInvalidFile('pages/assets.php')
 2 SYSTEMPATH\Common.php(1142): CodeIgniter\View\View->render('pages/assets', [], true)
 3 APPPATH\Controllers\Pages.php(28): view('pages/assets', [...])
 4 SYSTEMPATH\CodeIgniter.php(907): App\Controllers\Pages->view('FCPATH\\assets', 'back', 'webfonts', 'fa-solid-900.ttf')
 5 SYSTEMPATH\CodeIgniter.php(457): CodeIgniter\CodeIgniter->runController(Object(App\Controllers\Pages))
 6 SYSTEMPATH\CodeIgniter.php(340): CodeIgniter\CodeIgniter->handleRequest(null, Object(Config\Cache), false)
 7 FCPATH\index.php(67): CodeIgniter\CodeIgniter->run()
CRITICAL - 2022-09-18 06:58:04 --> Invalid file: pages/assets.php
in SYSTEMPATH\Exceptions\FrameworkException.php on line 33.
 1 SYSTEMPATH\View\View.php(201): CodeIgniter\Exceptions\FrameworkException::forInvalidFile('pages/assets.php')
 2 SYSTEMPATH\Common.php(1142): CodeIgniter\View\View->render('pages/assets', [], true)
 3 APPPATH\Controllers\Pages.php(28): view('pages/assets', [...])
 4 SYSTEMPATH\CodeIgniter.php(907): App\Controllers\Pages->view('FCPATH\\assets', 'images', 'service_icon1.png')
 5 SYSTEMPATH\CodeIgniter.php(457): CodeIgniter\CodeIgniter->runController(Object(App\Controllers\Pages))
 6 SYSTEMPATH\CodeIgniter.php(340): CodeIgniter\CodeIgniter->handleRequest(null, Object(Config\Cache), false)
 7 FCPATH\index.php(67): CodeIgniter\CodeIgniter->run()
CRITICAL - 2022-09-18 06:58:04 --> Invalid file: pages/assets.php
in SYSTEMPATH\Exceptions\FrameworkException.php on line 33.
 1 SYSTEMPATH\View\View.php(201): CodeIgniter\Exceptions\FrameworkException::forInvalidFile('pages/assets.php')
 2 SYSTEMPATH\Common.php(1142): CodeIgniter\View\View->render('pages/assets', [], true)
 3 APPPATH\Controllers\Pages.php(28): view('pages/assets', [...])
 4 SYSTEMPATH\CodeIgniter.php(907): App\Controllers\Pages->view('FCPATH\\assets', 'images', 'service_icon2.png')
 5 SYSTEMPATH\CodeIgniter.php(457): CodeIgniter\CodeIgniter->runController(Object(App\Controllers\Pages))
 6 SYSTEMPATH\CodeIgniter.php(340): CodeIgniter\CodeIgniter->handleRequest(null, Object(Config\Cache), false)
 7 FCPATH\index.php(67): CodeIgniter\CodeIgniter->run()
CRITICAL - 2022-09-18 06:58:04 --> Invalid file: pages/assets.php
in SYSTEMPATH\Exceptions\FrameworkException.php on line 33.
 1 SYSTEMPATH\View\View.php(201): CodeIgniter\Exceptions\FrameworkException::forInvalidFile('pages/assets.php')
 2 SYSTEMPATH\Common.php(1142): CodeIgniter\View\View->render('pages/assets', [], true)
 3 APPPATH\Controllers\Pages.php(28): view('pages/assets', [...])
 4 SYSTEMPATH\CodeIgniter.php(907): App\Controllers\Pages->view('FCPATH\\assets', 'images', 'service_icon7.png')
 5 SYSTEMPATH\CodeIgniter.php(457): CodeIgniter\CodeIgniter->runController(Object(App\Controllers\Pages))
 6 SYSTEMPATH\CodeIgniter.php(340): CodeIgniter\CodeIgniter->handleRequest(null, Object(Config\Cache), false)
 7 FCPATH\index.php(67): CodeIgniter\CodeIgniter->run()
CRITICAL - 2022-09-18 06:58:04 --> Invalid file: pages/assets.php
in SYSTEMPATH\Exceptions\FrameworkException.php on line 33.
 1 SYSTEMPATH\View\View.php(201): CodeIgniter\Exceptions\FrameworkException::forInvalidFile('pages/assets.php')
 2 SYSTEMPATH\Common.php(1142): CodeIgniter\View\View->render('pages/assets', [], true)
 3 APPPATH\Controllers\Pages.php(28): view('pages/assets', [...])
 4 SYSTEMPATH\CodeIgniter.php(907): App\Controllers\Pages->view('FCPATH\\assets', 'images', 'service_icon6.png')
 5 SYSTEMPATH\CodeIgniter.php(457): CodeIgniter\CodeIgniter->runController(Object(App\Controllers\Pages))
 6 SYSTEMPATH\CodeIgniter.php(340): CodeIgniter\CodeIgniter->handleRequest(null, Object(Config\Cache), false)
 7 FCPATH\index.php(67): CodeIgniter\CodeIgniter->run()
CRITICAL - 2022-09-18 06:58:04 --> Invalid file: pages/assets.php
in SYSTEMPATH\Exceptions\FrameworkException.php on line 33.
 1 SYSTEMPATH\View\View.php(201): CodeIgniter\Exceptions\FrameworkException::forInvalidFile('pages/assets.php')
 2 SYSTEMPATH\Common.php(1142): CodeIgniter\View\View->render('pages/assets', [], true)
 3 APPPATH\Controllers\Pages.php(28): view('pages/assets', [...])
 4 SYSTEMPATH\CodeIgniter.php(907): App\Controllers\Pages->view('FCPATH\\assets', 'images', 'service_icon4.png')
 5 SYSTEMPATH\CodeIgniter.php(457): CodeIgniter\CodeIgniter->runController(Object(App\Controllers\Pages))
 6 SYSTEMPATH\CodeIgniter.php(340): CodeIgniter\CodeIgniter->handleRequest(null, Object(Config\Cache), false)
 7 FCPATH\index.php(67): CodeIgniter\CodeIgniter->run()
CRITICAL - 2022-09-18 06:58:04 --> Invalid file: pages/assets.php
in SYSTEMPATH\Exceptions\FrameworkException.php on line 33.
 1 SYSTEMPATH\View\View.php(201): CodeIgniter\Exceptions\FrameworkException::forInvalidFile('pages/assets.php')
 2 SYSTEMPATH\Common.php(1142): CodeIgniter\View\View->render('pages/assets', [], true)
 3 APPPATH\Controllers\Pages.php(28): view('pages/assets', [...])
 4 SYSTEMPATH\CodeIgniter.php(907): App\Controllers\Pages->view('FCPATH\\assets', 'images', 'service_icon5.png')
 5 SYSTEMPATH\CodeIgniter.php(457): CodeIgniter\CodeIgniter->runController(Object(App\Controllers\Pages))
 6 SYSTEMPATH\CodeIgniter.php(340): CodeIgniter\CodeIgniter->handleRequest(null, Object(Config\Cache), false)
 7 FCPATH\index.php(67): CodeIgniter\CodeIgniter->run()
CRITICAL - 2022-09-18 06:58:14 --> Invalid file: pages/assets.php
in SYSTEMPATH\Exceptions\FrameworkException.php on line 33.
 1 SYSTEMPATH\View\View.php(201): CodeIgniter\Exceptions\FrameworkException::forInvalidFile('pages/assets.php')
 2 SYSTEMPATH\Common.php(1142): CodeIgniter\View\View->render('pages/assets', [], true)
 3 APPPATH\Controllers\Pages.php(28): view('pages/assets', [...])
 4 SYSTEMPATH\CodeIgniter.php(907): App\Controllers\Pages->view('FCPATH\\assets', 'back', 'webfonts', 'fa-solid-900.woff2')
 5 SYSTEMPATH\CodeIgniter.php(457): CodeIgniter\CodeIgniter->runController(Object(App\Controllers\Pages))
 6 SYSTEMPATH\CodeIgniter.php(340): CodeIgniter\CodeIgniter->handleRequest(null, Object(Config\Cache), false)
 7 FCPATH\index.php(67): CodeIgniter\CodeIgniter->run()
CRITICAL - 2022-09-18 06:58:14 --> Invalid file: pages/assets.php
in SYSTEMPATH\Exceptions\FrameworkException.php on line 33.
 1 SYSTEMPATH\View\View.php(201): CodeIgniter\Exceptions\FrameworkException::forInvalidFile('pages/assets.php')
 2 SYSTEMPATH\Common.php(1142): CodeIgniter\View\View->render('pages/assets', [], true)
 3 APPPATH\Controllers\Pages.php(28): view('pages/assets', [...])
 4 SYSTEMPATH\CodeIgniter.php(907): App\Controllers\Pages->view('FCPATH\\assets', 'back', 'webfonts', 'fa-solid-900.woff')
 5 SYSTEMPATH\CodeIgniter.php(457): CodeIgniter\CodeIgniter->runController(Object(App\Controllers\Pages))
 6 SYSTEMPATH\CodeIgniter.php(340): CodeIgniter\CodeIgniter->handleRequest(null, Object(Config\Cache), false)
 7 FCPATH\index.php(67): CodeIgniter\CodeIgniter->run()
CRITICAL - 2022-09-18 06:58:14 --> Invalid file: pages/assets.php
in SYSTEMPATH\Exceptions\FrameworkException.php on line 33.
 1 SYSTEMPATH\View\View.php(201): CodeIgniter\Exceptions\FrameworkException::forInvalidFile('pages/assets.php')
 2 SYSTEMPATH\Common.php(1142): CodeIgniter\View\View->render('pages/assets', [], true)
 3 APPPATH\Controllers\Pages.php(28): view('pages/assets', [...])
 4 SYSTEMPATH\CodeIgniter.php(907): App\Controllers\Pages->view('FCPATH\\assets', 'back', 'webfonts', 'fa-solid-900.ttf')
 5 SYSTEMPATH\CodeIgniter.php(457): CodeIgniter\CodeIgniter->runController(Object(App\Controllers\Pages))
 6 SYSTEMPATH\CodeIgniter.php(340): CodeIgniter\CodeIgniter->handleRequest(null, Object(Config\Cache), false)
 7 FCPATH\index.php(67): CodeIgniter\CodeIgniter->run()
CRITICAL - 2022-09-18 07:00:18 --> Invalid file: pages/assets.php
in SYSTEMPATH\Exceptions\FrameworkException.php on line 33.
 1 SYSTEMPATH\View\View.php(201): CodeIgniter\Exceptions\FrameworkException::forInvalidFile('pages/assets.php')
 2 SYSTEMPATH\Common.php(1142): CodeIgniter\View\View->render('pages/assets', [], true)
 3 APPPATH\Controllers\Pages.php(28): view('pages/assets', [...])
 4 SYSTEMPATH\CodeIgniter.php(907): App\Controllers\Pages->view('FCPATH\\assets', 'back', 'webfonts', 'fa-solid-900.woff2')
 5 SYSTEMPATH\CodeIgniter.php(457): CodeIgniter\CodeIgniter->runController(Object(App\Controllers\Pages))
 6 SYSTEMPATH\CodeIgniter.php(340): CodeIgniter\CodeIgniter->handleRequest(null, Object(Config\Cache), false)
 7 FCPATH\index.php(67): CodeIgniter\CodeIgniter->run()
CRITICAL - 2022-09-18 07:00:18 --> Invalid file: pages/assets.php
in SYSTEMPATH\Exceptions\FrameworkException.php on line 33.
 1 SYSTEMPATH\View\View.php(201): CodeIgniter\Exceptions\FrameworkException::forInvalidFile('pages/assets.php')
 2 SYSTEMPATH\Common.php(1142): CodeIgniter\View\View->render('pages/assets', [], true)
 3 APPPATH\Controllers\Pages.php(28): view('pages/assets', [...])
 4 SYSTEMPATH\CodeIgniter.php(907): App\Controllers\Pages->view('FCPATH\\assets', 'back', 'webfonts', 'fa-solid-900.woff')
 5 SYSTEMPATH\CodeIgniter.php(457): CodeIgniter\CodeIgniter->runController(Object(App\Controllers\Pages))
 6 SYSTEMPATH\CodeIgniter.php(340): CodeIgniter\CodeIgniter->handleRequest(null, Object(Config\Cache), false)
 7 FCPATH\index.php(67): CodeIgniter\CodeIgniter->run()
CRITICAL - 2022-09-18 07:00:18 --> Invalid file: pages/assets.php
in SYSTEMPATH\Exceptions\FrameworkException.php on line 33.
 1 SYSTEMPATH\View\View.php(201): CodeIgniter\Exceptions\FrameworkException::forInvalidFile('pages/assets.php')
 2 SYSTEMPATH\Common.php(1142): CodeIgniter\View\View->render('pages/assets', [], true)
 3 APPPATH\Controllers\Pages.php(28): view('pages/assets', [...])
 4 SYSTEMPATH\CodeIgniter.php(907): App\Controllers\Pages->view('FCPATH\\assets', 'back', 'webfonts', 'fa-solid-900.ttf')
 5 SYSTEMPATH\CodeIgniter.php(457): CodeIgniter\CodeIgniter->runController(Object(App\Controllers\Pages))
 6 SYSTEMPATH\CodeIgniter.php(340): CodeIgniter\CodeIgniter->handleRequest(null, Object(Config\Cache), false)
 7 FCPATH\index.php(67): CodeIgniter\CodeIgniter->run()
CRITICAL - 2022-09-18 07:02:14 --> Invalid file: pages/assets.php
in SYSTEMPATH\Exceptions\FrameworkException.php on line 33.
 1 SYSTEMPATH\View\View.php(201): CodeIgniter\Exceptions\FrameworkException::forInvalidFile('pages/assets.php')
 2 SYSTEMPATH\Common.php(1142): CodeIgniter\View\View->render('pages/assets', [], true)
 3 APPPATH\Controllers\Pages.php(28): view('pages/assets', [...])
 4 SYSTEMPATH\CodeIgniter.php(907): App\Controllers\Pages->view('FCPATH\\assets', 'back', 'webfonts', 'fa-solid-900.woff2')
 5 SYSTEMPATH\CodeIgniter.php(457): CodeIgniter\CodeIgniter->runController(Object(App\Controllers\Pages))
 6 SYSTEMPATH\CodeIgniter.php(340): CodeIgniter\CodeIgniter->handleRequest(null, Object(Config\Cache), false)
 7 FCPATH\index.php(67): CodeIgniter\CodeIgniter->run()
CRITICAL - 2022-09-18 07:02:14 --> Invalid file: pages/assets.php
in SYSTEMPATH\Exceptions\FrameworkException.php on line 33.
 1 SYSTEMPATH\View\View.php(201): CodeIgniter\Exceptions\FrameworkException::forInvalidFile('pages/assets.php')
 2 SYSTEMPATH\Common.php(1142): CodeIgniter\View\View->render('pages/assets', [], true)
 3 APPPATH\Controllers\Pages.php(28): view('pages/assets', [...])
 4 SYSTEMPATH\CodeIgniter.php(907): App\Controllers\Pages->view('FCPATH\\assets', 'back', 'webfonts', 'fa-solid-900.woff')
 5 SYSTEMPATH\CodeIgniter.php(457): CodeIgniter\CodeIgniter->runController(Object(App\Controllers\Pages))
 6 SYSTEMPATH\CodeIgniter.php(340): CodeIgniter\CodeIgniter->handleRequest(null, Object(Config\Cache), false)
 7 FCPATH\index.php(67): CodeIgniter\CodeIgniter->run()
CRITICAL - 2022-09-18 07:02:14 --> Invalid file: pages/assets.php
in SYSTEMPATH\Exceptions\FrameworkException.php on line 33.
 1 SYSTEMPATH\View\View.php(201): CodeIgniter\Exceptions\FrameworkException::forInvalidFile('pages/assets.php')
 2 SYSTEMPATH\Common.php(1142): CodeIgniter\View\View->render('pages/assets', [], true)
 3 APPPATH\Controllers\Pages.php(28): view('pages/assets', [...])
 4 SYSTEMPATH\CodeIgniter.php(907): App\Controllers\Pages->view('FCPATH\\assets', 'back', 'webfonts', 'fa-solid-900.ttf')
 5 SYSTEMPATH\CodeIgniter.php(457): CodeIgniter\CodeIgniter->runController(Object(App\Controllers\Pages))
 6 SYSTEMPATH\CodeIgniter.php(340): CodeIgniter\CodeIgniter->handleRequest(null, Object(Config\Cache), false)
 7 FCPATH\index.php(67): CodeIgniter\CodeIgniter->run()
CRITICAL - 2022-09-18 07:02:50 --> Invalid file: pages/assets.php
in SYSTEMPATH\Exceptions\FrameworkException.php on line 33.
 1 SYSTEMPATH\View\View.php(201): CodeIgniter\Exceptions\FrameworkException::forInvalidFile('pages/assets.php')
 2 SYSTEMPATH\Common.php(1142): CodeIgniter\View\View->render('pages/assets', [], true)
 3 APPPATH\Controllers\Pages.php(28): view('pages/assets', [...])
 4 SYSTEMPATH\CodeIgniter.php(907): App\Controllers\Pages->view('FCPATH\\assets', 'back', 'webfonts', 'fa-solid-900.woff2')
 5 SYSTEMPATH\CodeIgniter.php(457): CodeIgniter\CodeIgniter->runController(Object(App\Controllers\Pages))
 6 SYSTEMPATH\CodeIgniter.php(340): CodeIgniter\CodeIgniter->handleRequest(null, Object(Config\Cache), false)
 7 FCPATH\index.php(67): CodeIgniter\CodeIgniter->run()
CRITICAL - 2022-09-18 07:02:50 --> Invalid file: pages/assets.php
in SYSTEMPATH\Exceptions\FrameworkException.php on line 33.
 1 SYSTEMPATH\View\View.php(201): CodeIgniter\Exceptions\FrameworkException::forInvalidFile('pages/assets.php')
 2 SYSTEMPATH\Common.php(1142): CodeIgniter\View\View->render('pages/assets', [], true)
 3 APPPATH\Controllers\Pages.php(28): view('pages/assets', [...])
 4 SYSTEMPATH\CodeIgniter.php(907): App\Controllers\Pages->view('FCPATH\\assets', 'back', 'webfonts', 'fa-solid-900.woff')
 5 SYSTEMPATH\CodeIgniter.php(457): CodeIgniter\CodeIgniter->runController(Object(App\Controllers\Pages))
 6 SYSTEMPATH\CodeIgniter.php(340): CodeIgniter\CodeIgniter->handleRequest(null, Object(Config\Cache), false)
 7 FCPATH\index.php(67): CodeIgniter\CodeIgniter->run()
CRITICAL - 2022-09-18 07:02:50 --> Invalid file: pages/assets.php
in SYSTEMPATH\Exceptions\FrameworkException.php on line 33.
 1 SYSTEMPATH\View\View.php(201): CodeIgniter\Exceptions\FrameworkException::forInvalidFile('pages/assets.php')
 2 SYSTEMPATH\Common.php(1142): CodeIgniter\View\View->render('pages/assets', [], true)
 3 APPPATH\Controllers\Pages.php(28): view('pages/assets', [...])
 4 SYSTEMPATH\CodeIgniter.php(907): App\Controllers\Pages->view('FCPATH\\assets', 'back', 'webfonts', 'fa-solid-900.ttf')
 5 SYSTEMPATH\CodeIgniter.php(457): CodeIgniter\CodeIgniter->runController(Object(App\Controllers\Pages))
 6 SYSTEMPATH\CodeIgniter.php(340): CodeIgniter\CodeIgniter->handleRequest(null, Object(Config\Cache), false)
 7 FCPATH\index.php(67): CodeIgniter\CodeIgniter->run()
CRITICAL - 2022-09-18 07:03:47 --> Invalid file: pages/assets.php
in SYSTEMPATH\Exceptions\FrameworkException.php on line 33.
 1 SYSTEMPATH\View\View.php(201): CodeIgniter\Exceptions\FrameworkException::forInvalidFile('pages/assets.php')
 2 SYSTEMPATH\Common.php(1142): CodeIgniter\View\View->render('pages/assets', [], true)
 3 APPPATH\Controllers\Pages.php(28): view('pages/assets', [...])
 4 SYSTEMPATH\CodeIgniter.php(907): App\Controllers\Pages->view('FCPATH\\assets', 'back', 'webfonts', 'fa-solid-900.woff2')
 5 SYSTEMPATH\CodeIgniter.php(457): CodeIgniter\CodeIgniter->runController(Object(App\Controllers\Pages))
 6 SYSTEMPATH\CodeIgniter.php(340): CodeIgniter\CodeIgniter->handleRequest(null, Object(Config\Cache), false)
 7 FCPATH\index.php(67): CodeIgniter\CodeIgniter->run()
CRITICAL - 2022-09-18 07:03:47 --> Invalid file: pages/assets.php
in SYSTEMPATH\Exceptions\FrameworkException.php on line 33.
 1 SYSTEMPATH\View\View.php(201): CodeIgniter\Exceptions\FrameworkException::forInvalidFile('pages/assets.php')
 2 SYSTEMPATH\Common.php(1142): CodeIgniter\View\View->render('pages/assets', [], true)
 3 APPPATH\Controllers\Pages.php(28): view('pages/assets', [...])
 4 SYSTEMPATH\CodeIgniter.php(907): App\Controllers\Pages->view('FCPATH\\assets', 'back', 'webfonts', 'fa-solid-900.woff')
 5 SYSTEMPATH\CodeIgniter.php(457): CodeIgniter\CodeIgniter->runController(Object(App\Controllers\Pages))
 6 SYSTEMPATH\CodeIgniter.php(340): CodeIgniter\CodeIgniter->handleRequest(null, Object(Config\Cache), false)
 7 FCPATH\index.php(67): CodeIgniter\CodeIgniter->run()
CRITICAL - 2022-09-18 07:03:47 --> Invalid file: pages/assets.php
in SYSTEMPATH\Exceptions\FrameworkException.php on line 33.
 1 SYSTEMPATH\View\View.php(201): CodeIgniter\Exceptions\FrameworkException::forInvalidFile('pages/assets.php')
 2 SYSTEMPATH\Common.php(1142): CodeIgniter\View\View->render('pages/assets', [], true)
 3 APPPATH\Controllers\Pages.php(28): view('pages/assets', [...])
 4 SYSTEMPATH\CodeIgniter.php(907): App\Controllers\Pages->view('FCPATH\\assets', 'back', 'webfonts', 'fa-solid-900.ttf')
 5 SYSTEMPATH\CodeIgniter.php(457): CodeIgniter\CodeIgniter->runController(Object(App\Controllers\Pages))
 6 SYSTEMPATH\CodeIgniter.php(340): CodeIgniter\CodeIgniter->handleRequest(null, Object(Config\Cache), false)
 7 FCPATH\index.php(67): CodeIgniter\CodeIgniter->run()
CRITICAL - 2022-09-18 07:08:48 --> Invalid file: pages/assets.php
in SYSTEMPATH\Exceptions\FrameworkException.php on line 33.
 1 SYSTEMPATH\View\View.php(201): CodeIgniter\Exceptions\FrameworkException::forInvalidFile('pages/assets.php')
 2 SYSTEMPATH\Common.php(1142): CodeIgniter\View\View->render('pages/assets', [], true)
 3 APPPATH\Controllers\Pages.php(28): view('pages/assets', [...])
 4 SYSTEMPATH\CodeIgniter.php(907): App\Controllers\Pages->view('FCPATH\\assets', 'back', 'webfonts', 'fa-solid-900.woff2')
 5 SYSTEMPATH\CodeIgniter.php(457): CodeIgniter\CodeIgniter->runController(Object(App\Controllers\Pages))
 6 SYSTEMPATH\CodeIgniter.php(340): CodeIgniter\CodeIgniter->handleRequest(null, Object(Config\Cache), false)
 7 FCPATH\index.php(67): CodeIgniter\CodeIgniter->run()
CRITICAL - 2022-09-18 07:08:49 --> Invalid file: pages/assets.php
in SYSTEMPATH\Exceptions\FrameworkException.php on line 33.
 1 SYSTEMPATH\View\View.php(201): CodeIgniter\Exceptions\FrameworkException::forInvalidFile('pages/assets.php')
 2 SYSTEMPATH\Common.php(1142): CodeIgniter\View\View->render('pages/assets', [], true)
 3 APPPATH\Controllers\Pages.php(28): view('pages/assets', [...])
 4 SYSTEMPATH\CodeIgniter.php(907): App\Controllers\Pages->view('FCPATH\\assets', 'back', 'webfonts', 'fa-solid-900.woff')
 5 SYSTEMPATH\CodeIgniter.php(457): CodeIgniter\CodeIgniter->runController(Object(App\Controllers\Pages))
 6 SYSTEMPATH\CodeIgniter.php(340): CodeIgniter\CodeIgniter->handleRequest(null, Object(Config\Cache), false)
 7 FCPATH\index.php(67): CodeIgniter\CodeIgniter->run()
CRITICAL - 2022-09-18 07:08:49 --> Invalid file: pages/assets.php
in SYSTEMPATH\Exceptions\FrameworkException.php on line 33.
 1 SYSTEMPATH\View\View.php(201): CodeIgniter\Exceptions\FrameworkException::forInvalidFile('pages/assets.php')
 2 SYSTEMPATH\Common.php(1142): CodeIgniter\View\View->render('pages/assets', [], true)
 3 APPPATH\Controllers\Pages.php(28): view('pages/assets', [...])
 4 SYSTEMPATH\CodeIgniter.php(907): App\Controllers\Pages->view('FCPATH\\assets', 'back', 'webfonts', 'fa-solid-900.ttf')
 5 SYSTEMPATH\CodeIgniter.php(457): CodeIgniter\CodeIgniter->runController(Object(App\Controllers\Pages))
 6 SYSTEMPATH\CodeIgniter.php(340): CodeIgniter\CodeIgniter->handleRequest(null, Object(Config\Cache), false)
 7 FCPATH\index.php(67): CodeIgniter\CodeIgniter->run()
CRITICAL - 2022-09-18 07:10:43 --> Invalid file: pages/assets.php
in SYSTEMPATH\Exceptions\FrameworkException.php on line 33.
 1 SYSTEMPATH\View\View.php(201): CodeIgniter\Exceptions\FrameworkException::forInvalidFile('pages/assets.php')
 2 SYSTEMPATH\Common.php(1142): CodeIgniter\View\View->render('pages/assets', [], true)
 3 APPPATH\Controllers\Pages.php(28): view('pages/assets', [...])
 4 SYSTEMPATH\CodeIgniter.php(907): App\Controllers\Pages->view('FCPATH\\assets', 'back', 'webfonts', 'fa-solid-900.woff2')
 5 SYSTEMPATH\CodeIgniter.php(457): CodeIgniter\CodeIgniter->runController(Object(App\Controllers\Pages))
 6 SYSTEMPATH\CodeIgniter.php(340): CodeIgniter\CodeIgniter->handleRequest(null, Object(Config\Cache), false)
 7 FCPATH\index.php(67): CodeIgniter\CodeIgniter->run()
CRITICAL - 2022-09-18 07:10:44 --> Invalid file: pages/assets.php
in SYSTEMPATH\Exceptions\FrameworkException.php on line 33.
 1 SYSTEMPATH\View\View.php(201): CodeIgniter\Exceptions\FrameworkException::forInvalidFile('pages/assets.php')
 2 SYSTEMPATH\Common.php(1142): CodeIgniter\View\View->render('pages/assets', [], true)
 3 APPPATH\Controllers\Pages.php(28): view('pages/assets', [...])
 4 SYSTEMPATH\CodeIgniter.php(907): App\Controllers\Pages->view('FCPATH\\assets', 'back', 'webfonts', 'fa-solid-900.woff')
 5 SYSTEMPATH\CodeIgniter.php(457): CodeIgniter\CodeIgniter->runController(Object(App\Controllers\Pages))
 6 SYSTEMPATH\CodeIgniter.php(340): CodeIgniter\CodeIgniter->handleRequest(null, Object(Config\Cache), false)
 7 FCPATH\index.php(67): CodeIgniter\CodeIgniter->run()
CRITICAL - 2022-09-18 07:10:44 --> Invalid file: pages/assets.php
in SYSTEMPATH\Exceptions\FrameworkException.php on line 33.
 1 SYSTEMPATH\View\View.php(201): CodeIgniter\Exceptions\FrameworkException::forInvalidFile('pages/assets.php')
 2 SYSTEMPATH\Common.php(1142): CodeIgniter\View\View->render('pages/assets', [], true)
 3 APPPATH\Controllers\Pages.php(28): view('pages/assets', [...])
 4 SYSTEMPATH\CodeIgniter.php(907): App\Controllers\Pages->view('FCPATH\\assets', 'back', 'webfonts', 'fa-solid-900.ttf')
 5 SYSTEMPATH\CodeIgniter.php(457): CodeIgniter\CodeIgniter->runController(Object(App\Controllers\Pages))
 6 SYSTEMPATH\CodeIgniter.php(340): CodeIgniter\CodeIgniter->handleRequest(null, Object(Config\Cache), false)
 7 FCPATH\index.php(67): CodeIgniter\CodeIgniter->run()
CRITICAL - 2022-09-18 07:10:52 --> Invalid file: pages/assets.php
in SYSTEMPATH\Exceptions\FrameworkException.php on line 33.
 1 SYSTEMPATH\View\View.php(201): CodeIgniter\Exceptions\FrameworkException::forInvalidFile('pages/assets.php')
 2 SYSTEMPATH\Common.php(1142): CodeIgniter\View\View->render('pages/assets', [], true)
 3 APPPATH\Controllers\Pages.php(28): view('pages/assets', [...])
 4 SYSTEMPATH\CodeIgniter.php(907): App\Controllers\Pages->view('FCPATH\\assets', 'back', 'webfonts', 'fa-solid-900.woff2')
 5 SYSTEMPATH\CodeIgniter.php(457): CodeIgniter\CodeIgniter->runController(Object(App\Controllers\Pages))
 6 SYSTEMPATH\CodeIgniter.php(340): CodeIgniter\CodeIgniter->handleRequest(null, Object(Config\Cache), false)
 7 FCPATH\index.php(67): CodeIgniter\CodeIgniter->run()
CRITICAL - 2022-09-18 07:10:52 --> Invalid file: pages/assets.php
in SYSTEMPATH\Exceptions\FrameworkException.php on line 33.
 1 SYSTEMPATH\View\View.php(201): CodeIgniter\Exceptions\FrameworkException::forInvalidFile('pages/assets.php')
 2 SYSTEMPATH\Common.php(1142): CodeIgniter\View\View->render('pages/assets', [], true)
 3 APPPATH\Controllers\Pages.php(28): view('pages/assets', [...])
 4 SYSTEMPATH\CodeIgniter.php(907): App\Controllers\Pages->view('FCPATH\\assets', 'back', 'webfonts', 'fa-solid-900.woff')
 5 SYSTEMPATH\CodeIgniter.php(457): CodeIgniter\CodeIgniter->runController(Object(App\Controllers\Pages))
 6 SYSTEMPATH\CodeIgniter.php(340): CodeIgniter\CodeIgniter->handleRequest(null, Object(Config\Cache), false)
 7 FCPATH\index.php(67): CodeIgniter\CodeIgniter->run()
CRITICAL - 2022-09-18 07:10:52 --> Invalid file: pages/assets.php
in SYSTEMPATH\Exceptions\FrameworkException.php on line 33.
 1 SYSTEMPATH\View\View.php(201): CodeIgniter\Exceptions\FrameworkException::forInvalidFile('pages/assets.php')
 2 SYSTEMPATH\Common.php(1142): CodeIgniter\View\View->render('pages/assets', [], true)
 3 APPPATH\Controllers\Pages.php(28): view('pages/assets', [...])
 4 SYSTEMPATH\CodeIgniter.php(907): App\Controllers\Pages->view('FCPATH\\assets', 'back', 'webfonts', 'fa-solid-900.ttf')
 5 SYSTEMPATH\CodeIgniter.php(457): CodeIgniter\CodeIgniter->runController(Object(App\Controllers\Pages))
 6 SYSTEMPATH\CodeIgniter.php(340): CodeIgniter\CodeIgniter->handleRequest(null, Object(Config\Cache), false)
 7 FCPATH\index.php(67): CodeIgniter\CodeIgniter->run()
CRITICAL - 2022-09-18 07:11:02 --> Invalid file: pages/assets.php
in SYSTEMPATH\Exceptions\FrameworkException.php on line 33.
 1 SYSTEMPATH\View\View.php(201): CodeIgniter\Exceptions\FrameworkException::forInvalidFile('pages/assets.php')
 2 SYSTEMPATH\Common.php(1142): CodeIgniter\View\View->render('pages/assets', [], true)
 3 APPPATH\Controllers\Pages.php(28): view('pages/assets', [...])
 4 SYSTEMPATH\CodeIgniter.php(907): App\Controllers\Pages->view('FCPATH\\assets', 'back', 'webfonts', 'fa-solid-900.woff2')
 5 SYSTEMPATH\CodeIgniter.php(457): CodeIgniter\CodeIgniter->runController(Object(App\Controllers\Pages))
 6 SYSTEMPATH\CodeIgniter.php(340): CodeIgniter\CodeIgniter->handleRequest(null, Object(Config\Cache), false)
 7 FCPATH\index.php(67): CodeIgniter\CodeIgniter->run()
CRITICAL - 2022-09-18 07:11:02 --> Invalid file: pages/assets.php
in SYSTEMPATH\Exceptions\FrameworkException.php on line 33.
 1 SYSTEMPATH\View\View.php(201): CodeIgniter\Exceptions\FrameworkException::forInvalidFile('pages/assets.php')
 2 SYSTEMPATH\Common.php(1142): CodeIgniter\View\View->render('pages/assets', [], true)
 3 APPPATH\Controllers\Pages.php(28): view('pages/assets', [...])
 4 SYSTEMPATH\CodeIgniter.php(907): App\Controllers\Pages->view('FCPATH\\assets', 'back', 'webfonts', 'fa-solid-900.woff')
 5 SYSTEMPATH\CodeIgniter.php(457): CodeIgniter\CodeIgniter->runController(Object(App\Controllers\Pages))
 6 SYSTEMPATH\CodeIgniter.php(340): CodeIgniter\CodeIgniter->handleRequest(null, Object(Config\Cache), false)
 7 FCPATH\index.php(67): CodeIgniter\CodeIgniter->run()
CRITICAL - 2022-09-18 07:11:02 --> Invalid file: pages/assets.php
in SYSTEMPATH\Exceptions\FrameworkException.php on line 33.
 1 SYSTEMPATH\View\View.php(201): CodeIgniter\Exceptions\FrameworkException::forInvalidFile('pages/assets.php')
 2 SYSTEMPATH\Common.php(1142): CodeIgniter\View\View->render('pages/assets', [], true)
 3 APPPATH\Controllers\Pages.php(28): view('pages/assets', [...])
 4 SYSTEMPATH\CodeIgniter.php(907): App\Controllers\Pages->view('FCPATH\\assets', 'back', 'webfonts', 'fa-solid-900.ttf')
 5 SYSTEMPATH\CodeIgniter.php(457): CodeIgniter\CodeIgniter->runController(Object(App\Controllers\Pages))
 6 SYSTEMPATH\CodeIgniter.php(340): CodeIgniter\CodeIgniter->handleRequest(null, Object(Config\Cache), false)
 7 FCPATH\index.php(67): CodeIgniter\CodeIgniter->run()
CRITICAL - 2022-09-18 07:11:18 --> Invalid file: pages/assets.php
in SYSTEMPATH\Exceptions\FrameworkException.php on line 33.
 1 SYSTEMPATH\View\View.php(201): CodeIgniter\Exceptions\FrameworkException::forInvalidFile('pages/assets.php')
 2 SYSTEMPATH\Common.php(1142): CodeIgniter\View\View->render('pages/assets', [], true)
 3 APPPATH\Controllers\Pages.php(28): view('pages/assets', [...])
 4 SYSTEMPATH\CodeIgniter.php(907): App\Controllers\Pages->view('FCPATH\\assets', 'back', 'webfonts', 'fa-solid-900.woff2')
 5 SYSTEMPATH\CodeIgniter.php(457): CodeIgniter\CodeIgniter->runController(Object(App\Controllers\Pages))
 6 SYSTEMPATH\CodeIgniter.php(340): CodeIgniter\CodeIgniter->handleRequest(null, Object(Config\Cache), false)
 7 FCPATH\index.php(67): CodeIgniter\CodeIgniter->run()
CRITICAL - 2022-09-18 07:11:18 --> Invalid file: pages/assets.php
in SYSTEMPATH\Exceptions\FrameworkException.php on line 33.
 1 SYSTEMPATH\View\View.php(201): CodeIgniter\Exceptions\FrameworkException::forInvalidFile('pages/assets.php')
 2 SYSTEMPATH\Common.php(1142): CodeIgniter\View\View->render('pages/assets', [], true)
 3 APPPATH\Controllers\Pages.php(28): view('pages/assets', [...])
 4 SYSTEMPATH\CodeIgniter.php(907): App\Controllers\Pages->view('FCPATH\\assets', 'back', 'webfonts', 'fa-solid-900.woff')
 5 SYSTEMPATH\CodeIgniter.php(457): CodeIgniter\CodeIgniter->runController(Object(App\Controllers\Pages))
 6 SYSTEMPATH\CodeIgniter.php(340): CodeIgniter\CodeIgniter->handleRequest(null, Object(Config\Cache), false)
 7 FCPATH\index.php(67): CodeIgniter\CodeIgniter->run()
CRITICAL - 2022-09-18 07:11:18 --> Invalid file: pages/assets.php
in SYSTEMPATH\Exceptions\FrameworkException.php on line 33.
 1 SYSTEMPATH\View\View.php(201): CodeIgniter\Exceptions\FrameworkException::forInvalidFile('pages/assets.php')
 2 SYSTEMPATH\Common.php(1142): CodeIgniter\View\View->render('pages/assets', [], true)
 3 APPPATH\Controllers\Pages.php(28): view('pages/assets', [...])
 4 SYSTEMPATH\CodeIgniter.php(907): App\Controllers\Pages->view('FCPATH\\assets', 'back', 'webfonts', 'fa-solid-900.ttf')
 5 SYSTEMPATH\CodeIgniter.php(457): CodeIgniter\CodeIgniter->runController(Object(App\Controllers\Pages))
 6 SYSTEMPATH\CodeIgniter.php(340): CodeIgniter\CodeIgniter->handleRequest(null, Object(Config\Cache), false)
 7 FCPATH\index.php(67): CodeIgniter\CodeIgniter->run()
CRITICAL - 2022-09-18 07:11:19 --> Invalid file: pages/assets.php
in SYSTEMPATH\Exceptions\FrameworkException.php on line 33.
 1 SYSTEMPATH\View\View.php(201): CodeIgniter\Exceptions\FrameworkException::forInvalidFile('pages/assets.php')
 2 SYSTEMPATH\Common.php(1142): CodeIgniter\View\View->render('pages/assets', [], true)
 3 APPPATH\Controllers\Pages.php(28): view('pages/assets', [...])
 4 SYSTEMPATH\CodeIgniter.php(907): App\Controllers\Pages->view('FCPATH\\assets', 'back', 'webfonts', 'fa-solid-900.woff2')
 5 SYSTEMPATH\CodeIgniter.php(457): CodeIgniter\CodeIgniter->runController(Object(App\Controllers\Pages))
 6 SYSTEMPATH\CodeIgniter.php(340): CodeIgniter\CodeIgniter->handleRequest(null, Object(Config\Cache), false)
 7 FCPATH\index.php(67): CodeIgniter\CodeIgniter->run()
CRITICAL - 2022-09-18 07:11:20 --> Invalid file: pages/assets.php
in SYSTEMPATH\Exceptions\FrameworkException.php on line 33.
 1 SYSTEMPATH\View\View.php(201): CodeIgniter\Exceptions\FrameworkException::forInvalidFile('pages/assets.php')
 2 SYSTEMPATH\Common.php(1142): CodeIgniter\View\View->render('pages/assets', [], true)
 3 APPPATH\Controllers\Pages.php(28): view('pages/assets', [...])
 4 SYSTEMPATH\CodeIgniter.php(907): App\Controllers\Pages->view('FCPATH\\assets', 'back', 'webfonts', 'fa-solid-900.woff')
 5 SYSTEMPATH\CodeIgniter.php(457): CodeIgniter\CodeIgniter->runController(Object(App\Controllers\Pages))
 6 SYSTEMPATH\CodeIgniter.php(340): CodeIgniter\CodeIgniter->handleRequest(null, Object(Config\Cache), false)
 7 FCPATH\index.php(67): CodeIgniter\CodeIgniter->run()
CRITICAL - 2022-09-18 07:11:20 --> Invalid file: pages/assets.php
in SYSTEMPATH\Exceptions\FrameworkException.php on line 33.
 1 SYSTEMPATH\View\View.php(201): CodeIgniter\Exceptions\FrameworkException::forInvalidFile('pages/assets.php')
 2 SYSTEMPATH\Common.php(1142): CodeIgniter\View\View->render('pages/assets', [], true)
 3 APPPATH\Controllers\Pages.php(28): view('pages/assets', [...])
 4 SYSTEMPATH\CodeIgniter.php(907): App\Controllers\Pages->view('FCPATH\\assets', 'back', 'webfonts', 'fa-solid-900.ttf')
 5 SYSTEMPATH\CodeIgniter.php(457): CodeIgniter\CodeIgniter->runController(Object(App\Controllers\Pages))
 6 SYSTEMPATH\CodeIgniter.php(340): CodeIgniter\CodeIgniter->handleRequest(null, Object(Config\Cache), false)
 7 FCPATH\index.php(67): CodeIgniter\CodeIgniter->run()
CRITICAL - 2022-09-18 07:11:49 --> Invalid file: pages/assets.php
in SYSTEMPATH\Exceptions\FrameworkException.php on line 33.
 1 SYSTEMPATH\View\View.php(201): CodeIgniter\Exceptions\FrameworkException::forInvalidFile('pages/assets.php')
 2 SYSTEMPATH\Common.php(1142): CodeIgniter\View\View->render('pages/assets', [], true)
 3 APPPATH\Controllers\Pages.php(28): view('pages/assets', [...])
 4 SYSTEMPATH\CodeIgniter.php(907): App\Controllers\Pages->view('FCPATH\\assets', 'back', 'webfonts', 'fa-solid-900.woff2')
 5 SYSTEMPATH\CodeIgniter.php(457): CodeIgniter\CodeIgniter->runController(Object(App\Controllers\Pages))
 6 SYSTEMPATH\CodeIgniter.php(340): CodeIgniter\CodeIgniter->handleRequest(null, Object(Config\Cache), false)
 7 FCPATH\index.php(67): CodeIgniter\CodeIgniter->run()
CRITICAL - 2022-09-18 07:11:49 --> Invalid file: pages/assets.php
in SYSTEMPATH\Exceptions\FrameworkException.php on line 33.
 1 SYSTEMPATH\View\View.php(201): CodeIgniter\Exceptions\FrameworkException::forInvalidFile('pages/assets.php')
 2 SYSTEMPATH\Common.php(1142): CodeIgniter\View\View->render('pages/assets', [], true)
 3 APPPATH\Controllers\Pages.php(28): view('pages/assets', [...])
 4 SYSTEMPATH\CodeIgniter.php(907): App\Controllers\Pages->view('FCPATH\\assets', 'back', 'webfonts', 'fa-solid-900.woff')
 5 SYSTEMPATH\CodeIgniter.php(457): CodeIgniter\CodeIgniter->runController(Object(App\Controllers\Pages))
 6 SYSTEMPATH\CodeIgniter.php(340): CodeIgniter\CodeIgniter->handleRequest(null, Object(Config\Cache), false)
 7 FCPATH\index.php(67): CodeIgniter\CodeIgniter->run()
CRITICAL - 2022-09-18 07:11:49 --> Invalid file: pages/assets.php
in SYSTEMPATH\Exceptions\FrameworkException.php on line 33.
 1 SYSTEMPATH\View\View.php(201): CodeIgniter\Exceptions\FrameworkException::forInvalidFile('pages/assets.php')
 2 SYSTEMPATH\Common.php(1142): CodeIgniter\View\View->render('pages/assets', [], true)
 3 APPPATH\Controllers\Pages.php(28): view('pages/assets', [...])
 4 SYSTEMPATH\CodeIgniter.php(907): App\Controllers\Pages->view('FCPATH\\assets', 'back', 'webfonts', 'fa-solid-900.ttf')
 5 SYSTEMPATH\CodeIgniter.php(457): CodeIgniter\CodeIgniter->runController(Object(App\Controllers\Pages))
 6 SYSTEMPATH\CodeIgniter.php(340): CodeIgniter\CodeIgniter->handleRequest(null, Object(Config\Cache), false)
 7 FCPATH\index.php(67): CodeIgniter\CodeIgniter->run()
CRITICAL - 2022-09-18 07:11:58 --> Invalid file: pages/assets.php
in SYSTEMPATH\Exceptions\FrameworkException.php on line 33.
 1 SYSTEMPATH\View\View.php(201): CodeIgniter\Exceptions\FrameworkException::forInvalidFile('pages/assets.php')
 2 SYSTEMPATH\Common.php(1142): CodeIgniter\View\View->render('pages/assets', [], true)
 3 APPPATH\Controllers\Pages.php(28): view('pages/assets', [...])
 4 SYSTEMPATH\CodeIgniter.php(907): App\Controllers\Pages->view('FCPATH\\assets', 'back', 'webfonts', 'fa-solid-900.woff2')
 5 SYSTEMPATH\CodeIgniter.php(457): CodeIgniter\CodeIgniter->runController(Object(App\Controllers\Pages))
 6 SYSTEMPATH\CodeIgniter.php(340): CodeIgniter\CodeIgniter->handleRequest(null, Object(Config\Cache), false)
 7 FCPATH\index.php(67): CodeIgniter\CodeIgniter->run()
CRITICAL - 2022-09-18 07:11:58 --> Invalid file: pages/assets.php
in SYSTEMPATH\Exceptions\FrameworkException.php on line 33.
 1 SYSTEMPATH\View\View.php(201): CodeIgniter\Exceptions\FrameworkException::forInvalidFile('pages/assets.php')
 2 SYSTEMPATH\Common.php(1142): CodeIgniter\View\View->render('pages/assets', [], true)
 3 APPPATH\Controllers\Pages.php(28): view('pages/assets', [...])
 4 SYSTEMPATH\CodeIgniter.php(907): App\Controllers\Pages->view('FCPATH\\assets', 'back', 'webfonts', 'fa-solid-900.woff')
 5 SYSTEMPATH\CodeIgniter.php(457): CodeIgniter\CodeIgniter->runController(Object(App\Controllers\Pages))
 6 SYSTEMPATH\CodeIgniter.php(340): CodeIgniter\CodeIgniter->handleRequest(null, Object(Config\Cache), false)
 7 FCPATH\index.php(67): CodeIgniter\CodeIgniter->run()
CRITICAL - 2022-09-18 07:11:58 --> Invalid file: pages/assets.php
in SYSTEMPATH\Exceptions\FrameworkException.php on line 33.
 1 SYSTEMPATH\View\View.php(201): CodeIgniter\Exceptions\FrameworkException::forInvalidFile('pages/assets.php')
 2 SYSTEMPATH\Common.php(1142): CodeIgniter\View\View->render('pages/assets', [], true)
 3 APPPATH\Controllers\Pages.php(28): view('pages/assets', [...])
 4 SYSTEMPATH\CodeIgniter.php(907): App\Controllers\Pages->view('FCPATH\\assets', 'back', 'webfonts', 'fa-solid-900.ttf')
 5 SYSTEMPATH\CodeIgniter.php(457): CodeIgniter\CodeIgniter->runController(Object(App\Controllers\Pages))
 6 SYSTEMPATH\CodeIgniter.php(340): CodeIgniter\CodeIgniter->handleRequest(null, Object(Config\Cache), false)
 7 FCPATH\index.php(67): CodeIgniter\CodeIgniter->run()
CRITICAL - 2022-09-18 07:12:00 --> Invalid file: pages/assets.php
in SYSTEMPATH\Exceptions\FrameworkException.php on line 33.
 1 SYSTEMPATH\View\View.php(201): CodeIgniter\Exceptions\FrameworkException::forInvalidFile('pages/assets.php')
 2 SYSTEMPATH\Common.php(1142): CodeIgniter\View\View->render('pages/assets', [], true)
 3 APPPATH\Controllers\Pages.php(28): view('pages/assets', [...])
 4 SYSTEMPATH\CodeIgniter.php(907): App\Controllers\Pages->view('FCPATH\\assets', 'back', 'webfonts', 'fa-solid-900.woff2')
 5 SYSTEMPATH\CodeIgniter.php(457): CodeIgniter\CodeIgniter->runController(Object(App\Controllers\Pages))
 6 SYSTEMPATH\CodeIgniter.php(340): CodeIgniter\CodeIgniter->handleRequest(null, Object(Config\Cache), false)
 7 FCPATH\index.php(67): CodeIgniter\CodeIgniter->run()
CRITICAL - 2022-09-18 07:12:00 --> Invalid file: pages/assets.php
in SYSTEMPATH\Exceptions\FrameworkException.php on line 33.
 1 SYSTEMPATH\View\View.php(201): CodeIgniter\Exceptions\FrameworkException::forInvalidFile('pages/assets.php')
 2 SYSTEMPATH\Common.php(1142): CodeIgniter\View\View->render('pages/assets', [], true)
 3 APPPATH\Controllers\Pages.php(28): view('pages/assets', [...])
 4 SYSTEMPATH\CodeIgniter.php(907): App\Controllers\Pages->view('FCPATH\\assets', 'back', 'webfonts', 'fa-solid-900.woff')
 5 SYSTEMPATH\CodeIgniter.php(457): CodeIgniter\CodeIgniter->runController(Object(App\Controllers\Pages))
 6 SYSTEMPATH\CodeIgniter.php(340): CodeIgniter\CodeIgniter->handleRequest(null, Object(Config\Cache), false)
 7 FCPATH\index.php(67): CodeIgniter\CodeIgniter->run()
CRITICAL - 2022-09-18 07:12:00 --> Invalid file: pages/assets.php
in SYSTEMPATH\Exceptions\FrameworkException.php on line 33.
 1 SYSTEMPATH\View\View.php(201): CodeIgniter\Exceptions\FrameworkException::forInvalidFile('pages/assets.php')
 2 SYSTEMPATH\Common.php(1142): CodeIgniter\View\View->render('pages/assets', [], true)
 3 APPPATH\Controllers\Pages.php(28): view('pages/assets', [...])
 4 SYSTEMPATH\CodeIgniter.php(907): App\Controllers\Pages->view('FCPATH\\assets', 'back', 'webfonts', 'fa-solid-900.ttf')
 5 SYSTEMPATH\CodeIgniter.php(457): CodeIgniter\CodeIgniter->runController(Object(App\Controllers\Pages))
 6 SYSTEMPATH\CodeIgniter.php(340): CodeIgniter\CodeIgniter->handleRequest(null, Object(Config\Cache), false)
 7 FCPATH\index.php(67): CodeIgniter\CodeIgniter->run()
CRITICAL - 2022-09-18 07:14:39 --> Invalid file: pages/assets.php
in SYSTEMPATH\Exceptions\FrameworkException.php on line 33.
 1 SYSTEMPATH\View\View.php(201): CodeIgniter\Exceptions\FrameworkException::forInvalidFile('pages/assets.php')
 2 SYSTEMPATH\Common.php(1142): CodeIgniter\View\View->render('pages/assets', [], true)
 3 APPPATH\Controllers\Pages.php(28): view('pages/assets', [...])
 4 SYSTEMPATH\CodeIgniter.php(907): App\Controllers\Pages->view('FCPATH\\assets', 'back', 'webfonts', 'fa-solid-900.woff2')
 5 SYSTEMPATH\CodeIgniter.php(457): CodeIgniter\CodeIgniter->runController(Object(App\Controllers\Pages))
 6 SYSTEMPATH\CodeIgniter.php(340): CodeIgniter\CodeIgniter->handleRequest(null, Object(Config\Cache), false)
 7 FCPATH\index.php(67): CodeIgniter\CodeIgniter->run()
CRITICAL - 2022-09-18 07:14:39 --> Invalid file: pages/assets.php
in SYSTEMPATH\Exceptions\FrameworkException.php on line 33.
 1 SYSTEMPATH\View\View.php(201): CodeIgniter\Exceptions\FrameworkException::forInvalidFile('pages/assets.php')
 2 SYSTEMPATH\Common.php(1142): CodeIgniter\View\View->render('pages/assets', [], true)
 3 APPPATH\Controllers\Pages.php(28): view('pages/assets', [...])
 4 SYSTEMPATH\CodeIgniter.php(907): App\Controllers\Pages->view('FCPATH\\assets', 'back', 'webfonts', 'fa-solid-900.woff')
 5 SYSTEMPATH\CodeIgniter.php(457): CodeIgniter\CodeIgniter->runController(Object(App\Controllers\Pages))
 6 SYSTEMPATH\CodeIgniter.php(340): CodeIgniter\CodeIgniter->handleRequest(null, Object(Config\Cache), false)
 7 FCPATH\index.php(67): CodeIgniter\CodeIgniter->run()
CRITICAL - 2022-09-18 07:14:39 --> Invalid file: pages/assets.php
in SYSTEMPATH\Exceptions\FrameworkException.php on line 33.
 1 SYSTEMPATH\View\View.php(201): CodeIgniter\Exceptions\FrameworkException::forInvalidFile('pages/assets.php')
 2 SYSTEMPATH\Common.php(1142): CodeIgniter\View\View->render('pages/assets', [], true)
 3 APPPATH\Controllers\Pages.php(28): view('pages/assets', [...])
 4 SYSTEMPATH\CodeIgniter.php(907): App\Controllers\Pages->view('FCPATH\\assets', 'back', 'webfonts', 'fa-solid-900.ttf')
 5 SYSTEMPATH\CodeIgniter.php(457): CodeIgniter\CodeIgniter->runController(Object(App\Controllers\Pages))
 6 SYSTEMPATH\CodeIgniter.php(340): CodeIgniter\CodeIgniter->handleRequest(null, Object(Config\Cache), false)
 7 FCPATH\index.php(67): CodeIgniter\CodeIgniter->run()
CRITICAL - 2022-09-18 07:16:59 --> Invalid file: pages/assets.php
in SYSTEMPATH\Exceptions\FrameworkException.php on line 33.
 1 SYSTEMPATH\View\View.php(201): CodeIgniter\Exceptions\FrameworkException::forInvalidFile('pages/assets.php')
 2 SYSTEMPATH\Common.php(1142): CodeIgniter\View\View->render('pages/assets', [], true)
 3 APPPATH\Controllers\Pages.php(28): view('pages/assets', [...])
 4 SYSTEMPATH\CodeIgniter.php(907): App\Controllers\Pages->view('FCPATH\\assets', 'back', 'webfonts', 'fa-solid-900.woff2')
 5 SYSTEMPATH\CodeIgniter.php(457): CodeIgniter\CodeIgniter->runController(Object(App\Controllers\Pages))
 6 SYSTEMPATH\CodeIgniter.php(340): CodeIgniter\CodeIgniter->handleRequest(null, Object(Config\Cache), false)
 7 FCPATH\index.php(67): CodeIgniter\CodeIgniter->run()
CRITICAL - 2022-09-18 07:16:59 --> Invalid file: pages/assets.php
in SYSTEMPATH\Exceptions\FrameworkException.php on line 33.
 1 SYSTEMPATH\View\View.php(201): CodeIgniter\Exceptions\FrameworkException::forInvalidFile('pages/assets.php')
 2 SYSTEMPATH\Common.php(1142): CodeIgniter\View\View->render('pages/assets', [], true)
 3 APPPATH\Controllers\Pages.php(28): view('pages/assets', [...])
 4 SYSTEMPATH\CodeIgniter.php(907): App\Controllers\Pages->view('FCPATH\\assets', 'back', 'webfonts', 'fa-solid-900.woff')
 5 SYSTEMPATH\CodeIgniter.php(457): CodeIgniter\CodeIgniter->runController(Object(App\Controllers\Pages))
 6 SYSTEMPATH\CodeIgniter.php(340): CodeIgniter\CodeIgniter->handleRequest(null, Object(Config\Cache), false)
 7 FCPATH\index.php(67): CodeIgniter\CodeIgniter->run()
CRITICAL - 2022-09-18 07:16:59 --> Invalid file: pages/assets.php
in SYSTEMPATH\Exceptions\FrameworkException.php on line 33.
 1 SYSTEMPATH\View\View.php(201): CodeIgniter\Exceptions\FrameworkException::forInvalidFile('pages/assets.php')
 2 SYSTEMPATH\Common.php(1142): CodeIgniter\View\View->render('pages/assets', [], true)
 3 APPPATH\Controllers\Pages.php(28): view('pages/assets', [...])
 4 SYSTEMPATH\CodeIgniter.php(907): App\Controllers\Pages->view('FCPATH\\assets', 'back', 'webfonts', 'fa-solid-900.ttf')
 5 SYSTEMPATH\CodeIgniter.php(457): CodeIgniter\CodeIgniter->runController(Object(App\Controllers\Pages))
 6 SYSTEMPATH\CodeIgniter.php(340): CodeIgniter\CodeIgniter->handleRequest(null, Object(Config\Cache), false)
 7 FCPATH\index.php(67): CodeIgniter\CodeIgniter->run()
CRITICAL - 2022-09-18 07:17:11 --> Invalid file: pages/assets.php
in SYSTEMPATH\Exceptions\FrameworkException.php on line 33.
 1 SYSTEMPATH\View\View.php(201): CodeIgniter\Exceptions\FrameworkException::forInvalidFile('pages/assets.php')
 2 SYSTEMPATH\Common.php(1142): CodeIgniter\View\View->render('pages/assets', [], true)
 3 APPPATH\Controllers\Pages.php(28): view('pages/assets', [...])
 4 SYSTEMPATH\CodeIgniter.php(907): App\Controllers\Pages->view('FCPATH\\assets', 'back', 'webfonts', 'fa-solid-900.woff2')
 5 SYSTEMPATH\CodeIgniter.php(457): CodeIgniter\CodeIgniter->runController(Object(App\Controllers\Pages))
 6 SYSTEMPATH\CodeIgniter.php(340): CodeIgniter\CodeIgniter->handleRequest(null, Object(Config\Cache), false)
 7 FCPATH\index.php(67): CodeIgniter\CodeIgniter->run()
CRITICAL - 2022-09-18 07:17:11 --> Invalid file: pages/assets.php
in SYSTEMPATH\Exceptions\FrameworkException.php on line 33.
 1 SYSTEMPATH\View\View.php(201): CodeIgniter\Exceptions\FrameworkException::forInvalidFile('pages/assets.php')
 2 SYSTEMPATH\Common.php(1142): CodeIgniter\View\View->render('pages/assets', [], true)
 3 APPPATH\Controllers\Pages.php(28): view('pages/assets', [...])
 4 SYSTEMPATH\CodeIgniter.php(907): App\Controllers\Pages->view('FCPATH\\assets', 'back', 'webfonts', 'fa-solid-900.woff')
 5 SYSTEMPATH\CodeIgniter.php(457): CodeIgniter\CodeIgniter->runController(Object(App\Controllers\Pages))
 6 SYSTEMPATH\CodeIgniter.php(340): CodeIgniter\CodeIgniter->handleRequest(null, Object(Config\Cache), false)
 7 FCPATH\index.php(67): CodeIgniter\CodeIgniter->run()
CRITICAL - 2022-09-18 07:17:11 --> Invalid file: pages/assets.php
in SYSTEMPATH\Exceptions\FrameworkException.php on line 33.
 1 SYSTEMPATH\View\View.php(201): CodeIgniter\Exceptions\FrameworkException::forInvalidFile('pages/assets.php')
 2 SYSTEMPATH\Common.php(1142): CodeIgniter\View\View->render('pages/assets', [], true)
 3 APPPATH\Controllers\Pages.php(28): view('pages/assets', [...])
 4 SYSTEMPATH\CodeIgniter.php(907): App\Controllers\Pages->view('FCPATH\\assets', 'back', 'webfonts', 'fa-solid-900.ttf')
 5 SYSTEMPATH\CodeIgniter.php(457): CodeIgniter\CodeIgniter->runController(Object(App\Controllers\Pages))
 6 SYSTEMPATH\CodeIgniter.php(340): CodeIgniter\CodeIgniter->handleRequest(null, Object(Config\Cache), false)
 7 FCPATH\index.php(67): CodeIgniter\CodeIgniter->run()
CRITICAL - 2022-09-18 07:17:18 --> Invalid file: pages/assets.php
in SYSTEMPATH\Exceptions\FrameworkException.php on line 33.
 1 SYSTEMPATH\View\View.php(201): CodeIgniter\Exceptions\FrameworkException::forInvalidFile('pages/assets.php')
 2 SYSTEMPATH\Common.php(1142): CodeIgniter\View\View->render('pages/assets', [], true)
 3 APPPATH\Controllers\Pages.php(28): view('pages/assets', [...])
 4 SYSTEMPATH\CodeIgniter.php(907): App\Controllers\Pages->view('FCPATH\\assets', 'back', 'webfonts', 'fa-solid-900.woff2')
 5 SYSTEMPATH\CodeIgniter.php(457): CodeIgniter\CodeIgniter->runController(Object(App\Controllers\Pages))
 6 SYSTEMPATH\CodeIgniter.php(340): CodeIgniter\CodeIgniter->handleRequest(null, Object(Config\Cache), false)
 7 FCPATH\index.php(67): CodeIgniter\CodeIgniter->run()
CRITICAL - 2022-09-18 07:17:18 --> Invalid file: pages/assets.php
in SYSTEMPATH\Exceptions\FrameworkException.php on line 33.
 1 SYSTEMPATH\View\View.php(201): CodeIgniter\Exceptions\FrameworkException::forInvalidFile('pages/assets.php')
 2 SYSTEMPATH\Common.php(1142): CodeIgniter\View\View->render('pages/assets', [], true)
 3 APPPATH\Controllers\Pages.php(28): view('pages/assets', [...])
 4 SYSTEMPATH\CodeIgniter.php(907): App\Controllers\Pages->view('FCPATH\\assets', 'back', 'webfonts', 'fa-solid-900.woff')
 5 SYSTEMPATH\CodeIgniter.php(457): CodeIgniter\CodeIgniter->runController(Object(App\Controllers\Pages))
 6 SYSTEMPATH\CodeIgniter.php(340): CodeIgniter\CodeIgniter->handleRequest(null, Object(Config\Cache), false)
 7 FCPATH\index.php(67): CodeIgniter\CodeIgniter->run()
CRITICAL - 2022-09-18 07:17:18 --> Invalid file: pages/assets.php
in SYSTEMPATH\Exceptions\FrameworkException.php on line 33.
 1 SYSTEMPATH\View\View.php(201): CodeIgniter\Exceptions\FrameworkException::forInvalidFile('pages/assets.php')
 2 SYSTEMPATH\Common.php(1142): CodeIgniter\View\View->render('pages/assets', [], true)
 3 APPPATH\Controllers\Pages.php(28): view('pages/assets', [...])
 4 SYSTEMPATH\CodeIgniter.php(907): App\Controllers\Pages->view('FCPATH\\assets', 'back', 'webfonts', 'fa-solid-900.ttf')
 5 SYSTEMPATH\CodeIgniter.php(457): CodeIgniter\CodeIgniter->runController(Object(App\Controllers\Pages))
 6 SYSTEMPATH\CodeIgniter.php(340): CodeIgniter\CodeIgniter->handleRequest(null, Object(Config\Cache), false)
 7 FCPATH\index.php(67): CodeIgniter\CodeIgniter->run()
CRITICAL - 2022-09-18 15:46:49 --> Invalid file: pages/assets.php
in SYSTEMPATH\Exceptions\FrameworkException.php on line 33.
 1 SYSTEMPATH\View\View.php(201): CodeIgniter\Exceptions\FrameworkException::forInvalidFile('pages/assets.php')
 2 SYSTEMPATH\Common.php(1142): CodeIgniter\View\View->render('pages/assets', [], true)
 3 APPPATH\Controllers\Pages.php(28): view('pages/assets', [...])
 4 SYSTEMPATH\CodeIgniter.php(907): App\Controllers\Pages->view('FCPATH\\assets', 'images', 'service_icon2.png')
 5 SYSTEMPATH\CodeIgniter.php(457): CodeIgniter\CodeIgniter->runController(Object(App\Controllers\Pages))
 6 SYSTEMPATH\CodeIgniter.php(340): CodeIgniter\CodeIgniter->handleRequest(null, Object(Config\Cache), false)
 7 FCPATH\index.php(67): CodeIgniter\CodeIgniter->run()
CRITICAL - 2022-09-18 15:46:49 --> Invalid file: pages/assets.php
in SYSTEMPATH\Exceptions\FrameworkException.php on line 33.
 1 SYSTEMPATH\View\View.php(201): CodeIgniter\Exceptions\FrameworkException::forInvalidFile('pages/assets.php')
 2 SYSTEMPATH\Common.php(1142): CodeIgniter\View\View->render('pages/assets', [], true)
 3 APPPATH\Controllers\Pages.php(28): view('pages/assets', [...])
 4 SYSTEMPATH\CodeIgniter.php(907): App\Controllers\Pages->view('FCPATH\\assets', 'images', 'service_icon7.png')
 5 SYSTEMPATH\CodeIgniter.php(457): CodeIgniter\CodeIgniter->runController(Object(App\Controllers\Pages))
 6 SYSTEMPATH\CodeIgniter.php(340): CodeIgniter\CodeIgniter->handleRequest(null, Object(Config\Cache), false)
 7 FCPATH\index.php(67): CodeIgniter\CodeIgniter->run()
CRITICAL - 2022-09-18 15:46:49 --> Invalid file: pages/assets.php
in SYSTEMPATH\Exceptions\FrameworkException.php on line 33.
 1 SYSTEMPATH\View\View.php(201): CodeIgniter\Exceptions\FrameworkException::forInvalidFile('pages/assets.php')
 2 SYSTEMPATH\Common.php(1142): CodeIgniter\View\View->render('pages/assets', [], true)
 3 APPPATH\Controllers\Pages.php(28): view('pages/assets', [...])
 4 SYSTEMPATH\CodeIgniter.php(907): App\Controllers\Pages->view('FCPATH\\assets', 'images', 'service_icon1.png')
 5 SYSTEMPATH\CodeIgniter.php(457): CodeIgniter\CodeIgniter->runController(Object(App\Controllers\Pages))
 6 SYSTEMPATH\CodeIgniter.php(340): CodeIgniter\CodeIgniter->handleRequest(null, Object(Config\Cache), false)
 7 FCPATH\index.php(67): CodeIgniter\CodeIgniter->run()
CRITICAL - 2022-09-18 15:46:49 --> Invalid file: pages/assets.php
in SYSTEMPATH\Exceptions\FrameworkException.php on line 33.
 1 SYSTEMPATH\View\View.php(201): CodeIgniter\Exceptions\FrameworkException::forInvalidFile('pages/assets.php')
 2 SYSTEMPATH\Common.php(1142): CodeIgniter\View\View->render('pages/assets', [], true)
 3 APPPATH\Controllers\Pages.php(28): view('pages/assets', [...])
 4 SYSTEMPATH\CodeIgniter.php(907): App\Controllers\Pages->view('FCPATH\\assets', 'images', 'service_icon5.png')
 5 SYSTEMPATH\CodeIgniter.php(457): CodeIgniter\CodeIgniter->runController(Object(App\Controllers\Pages))
 6 SYSTEMPATH\CodeIgniter.php(340): CodeIgniter\CodeIgniter->handleRequest(null, Object(Config\Cache), false)
 7 FCPATH\index.php(67): CodeIgniter\CodeIgniter->run()
CRITICAL - 2022-09-18 15:46:49 --> Invalid file: pages/assets.php
in SYSTEMPATH\Exceptions\FrameworkException.php on line 33.
 1 SYSTEMPATH\View\View.php(201): CodeIgniter\Exceptions\FrameworkException::forInvalidFile('pages/assets.php')
 2 SYSTEMPATH\Common.php(1142): CodeIgniter\View\View->render('pages/assets', [], true)
 3 APPPATH\Controllers\Pages.php(28): view('pages/assets', [...])
 4 SYSTEMPATH\CodeIgniter.php(907): App\Controllers\Pages->view('FCPATH\\assets', 'images', 'service_icon4.png')
 5 SYSTEMPATH\CodeIgniter.php(457): CodeIgniter\CodeIgniter->runController(Object(App\Controllers\Pages))
 6 SYSTEMPATH\CodeIgniter.php(340): CodeIgniter\CodeIgniter->handleRequest(null, Object(Config\Cache), false)
 7 FCPATH\index.php(67): CodeIgniter\CodeIgniter->run()
CRITICAL - 2022-09-18 15:46:49 --> Invalid file: pages/assets.php
in SYSTEMPATH\Exceptions\FrameworkException.php on line 33.
 1 SYSTEMPATH\View\View.php(201): CodeIgniter\Exceptions\FrameworkException::forInvalidFile('pages/assets.php')
 2 SYSTEMPATH\Common.php(1142): CodeIgniter\View\View->render('pages/assets', [], true)
 3 APPPATH\Controllers\Pages.php(28): view('pages/assets', [...])
 4 SYSTEMPATH\CodeIgniter.php(907): App\Controllers\Pages->view('FCPATH\\assets', 'images', 'service_icon6.png')
 5 SYSTEMPATH\CodeIgniter.php(457): CodeIgniter\CodeIgniter->runController(Object(App\Controllers\Pages))
 6 SYSTEMPATH\CodeIgniter.php(340): CodeIgniter\CodeIgniter->handleRequest(null, Object(Config\Cache), false)
 7 FCPATH\index.php(67): CodeIgniter\CodeIgniter->run()
CRITICAL - 2022-09-18 15:46:58 --> Invalid file: pages/assets.php
in SYSTEMPATH\Exceptions\FrameworkException.php on line 33.
 1 SYSTEMPATH\View\View.php(201): CodeIgniter\Exceptions\FrameworkException::forInvalidFile('pages/assets.php')
 2 SYSTEMPATH\Common.php(1142): CodeIgniter\View\View->render('pages/assets', [], true)
 3 APPPATH\Controllers\Pages.php(28): view('pages/assets', [...])
 4 SYSTEMPATH\CodeIgniter.php(907): App\Controllers\Pages->view('FCPATH\\assets', 'back', 'webfonts', 'fa-solid-900.woff2')
 5 SYSTEMPATH\CodeIgniter.php(457): CodeIgniter\CodeIgniter->runController(Object(App\Controllers\Pages))
 6 SYSTEMPATH\CodeIgniter.php(340): CodeIgniter\CodeIgniter->handleRequest(null, Object(Config\Cache), false)
 7 FCPATH\index.php(67): CodeIgniter\CodeIgniter->run()
CRITICAL - 2022-09-18 15:46:58 --> Invalid file: pages/assets.php
in SYSTEMPATH\Exceptions\FrameworkException.php on line 33.
 1 SYSTEMPATH\View\View.php(201): CodeIgniter\Exceptions\FrameworkException::forInvalidFile('pages/assets.php')
 2 SYSTEMPATH\Common.php(1142): CodeIgniter\View\View->render('pages/assets', [], true)
 3 APPPATH\Controllers\Pages.php(28): view('pages/assets', [...])
 4 SYSTEMPATH\CodeIgniter.php(907): App\Controllers\Pages->view('FCPATH\\assets', 'back', 'webfonts', 'fa-solid-900.woff')
 5 SYSTEMPATH\CodeIgniter.php(457): CodeIgniter\CodeIgniter->runController(Object(App\Controllers\Pages))
 6 SYSTEMPATH\CodeIgniter.php(340): CodeIgniter\CodeIgniter->handleRequest(null, Object(Config\Cache), false)
 7 FCPATH\index.php(67): CodeIgniter\CodeIgniter->run()
CRITICAL - 2022-09-18 15:46:58 --> Invalid file: pages/assets.php
in SYSTEMPATH\Exceptions\FrameworkException.php on line 33.
 1 SYSTEMPATH\View\View.php(201): CodeIgniter\Exceptions\FrameworkException::forInvalidFile('pages/assets.php')
 2 SYSTEMPATH\Common.php(1142): CodeIgniter\View\View->render('pages/assets', [], true)
 3 APPPATH\Controllers\Pages.php(28): view('pages/assets', [...])
 4 SYSTEMPATH\CodeIgniter.php(907): App\Controllers\Pages->view('FCPATH\\assets', 'back', 'webfonts', 'fa-solid-900.ttf')
 5 SYSTEMPATH\CodeIgniter.php(457): CodeIgniter\CodeIgniter->runController(Object(App\Controllers\Pages))
 6 SYSTEMPATH\CodeIgniter.php(340): CodeIgniter\CodeIgniter->handleRequest(null, Object(Config\Cache), false)
 7 FCPATH\index.php(67): CodeIgniter\CodeIgniter->run()
CRITICAL - 2022-09-18 15:48:04 --> Invalid file: pages/assets.php
in SYSTEMPATH\Exceptions\FrameworkException.php on line 33.
 1 SYSTEMPATH\View\View.php(201): CodeIgniter\Exceptions\FrameworkException::forInvalidFile('pages/assets.php')
 2 SYSTEMPATH\Common.php(1142): CodeIgniter\View\View->render('pages/assets', [], true)
 3 APPPATH\Controllers\Pages.php(28): view('pages/assets', [...])
 4 SYSTEMPATH\CodeIgniter.php(907): App\Controllers\Pages->view('FCPATH\\assets', 'back', 'webfonts', 'fa-solid-900.woff2')
 5 SYSTEMPATH\CodeIgniter.php(457): CodeIgniter\CodeIgniter->runController(Object(App\Controllers\Pages))
 6 SYSTEMPATH\CodeIgniter.php(340): CodeIgniter\CodeIgniter->handleRequest(null, Object(Config\Cache), false)
 7 FCPATH\index.php(67): CodeIgniter\CodeIgniter->run()
CRITICAL - 2022-09-18 15:48:04 --> Invalid file: pages/assets.php
in SYSTEMPATH\Exceptions\FrameworkException.php on line 33.
 1 SYSTEMPATH\View\View.php(201): CodeIgniter\Exceptions\FrameworkException::forInvalidFile('pages/assets.php')
 2 SYSTEMPATH\Common.php(1142): CodeIgniter\View\View->render('pages/assets', [], true)
 3 APPPATH\Controllers\Pages.php(28): view('pages/assets', [...])
 4 SYSTEMPATH\CodeIgniter.php(907): App\Controllers\Pages->view('FCPATH\\assets', 'back', 'webfonts', 'fa-solid-900.woff')
 5 SYSTEMPATH\CodeIgniter.php(457): CodeIgniter\CodeIgniter->runController(Object(App\Controllers\Pages))
 6 SYSTEMPATH\CodeIgniter.php(340): CodeIgniter\CodeIgniter->handleRequest(null, Object(Config\Cache), false)
 7 FCPATH\index.php(67): CodeIgniter\CodeIgniter->run()
CRITICAL - 2022-09-18 15:48:04 --> Invalid file: pages/assets.php
in SYSTEMPATH\Exceptions\FrameworkException.php on line 33.
 1 SYSTEMPATH\View\View.php(201): CodeIgniter\Exceptions\FrameworkException::forInvalidFile('pages/assets.php')
 2 SYSTEMPATH\Common.php(1142): CodeIgniter\View\View->render('pages/assets', [], true)
 3 APPPATH\Controllers\Pages.php(28): view('pages/assets', [...])
 4 SYSTEMPATH\CodeIgniter.php(907): App\Controllers\Pages->view('FCPATH\\assets', 'back', 'webfonts', 'fa-solid-900.ttf')
 5 SYSTEMPATH\CodeIgniter.php(457): CodeIgniter\CodeIgniter->runController(Object(App\Controllers\Pages))
 6 SYSTEMPATH\CodeIgniter.php(340): CodeIgniter\CodeIgniter->handleRequest(null, Object(Config\Cache), false)
 7 FCPATH\index.php(67): CodeIgniter\CodeIgniter->run()
CRITICAL - 2022-09-18 21:30:00 --> Constant expression contains invalid operations
in APPPATH\Controllers\BaseController.php on line 31.
 1 [internal function]: CodeIgniter\Debug\Exceptions->shutdownHandler()
CRITICAL - 2022-09-18 21:30:35 --> Constant expression contains invalid operations
in APPPATH\Controllers\BaseController.php on line 31.
 1 [internal function]: CodeIgniter\Debug\Exceptions->shutdownHandler()
CRITICAL - 2022-09-18 22:07:44 --> syntax error, unexpected end of file, expecting elseif (T_ELSEIF) or else (T_ELSE) or endif (T_ENDIF)
in APPPATH\Views\user\login.php on line 163.
 1 SYSTEMPATH\View\View.php(216): CodeIgniter\View\View->CodeIgniter\View\{closure}()
 2 SYSTEMPATH\Common.php(1142): CodeIgniter\View\View->render('user/login', [], true)
 3 APPPATH\Controllers\User.php(48): view('user/login', [...])
 4 SYSTEMPATH\CodeIgniter.php(907): App\Controllers\User->login()
 5 SYSTEMPATH\CodeIgniter.php(457): CodeIgniter\CodeIgniter->runController(Object(App\Controllers\User))
 6 SYSTEMPATH\CodeIgniter.php(340): CodeIgniter\CodeIgniter->handleRequest(null, Object(Config\Cache), false)
 7 FCPATH\index.php(67): CodeIgniter\CodeIgniter->run()
CRITICAL - 2022-09-18 22:08:23 --> Invalid file: pages/assets.php
in SYSTEMPATH\Exceptions\FrameworkException.php on line 33.
 1 SYSTEMPATH\View\View.php(201): CodeIgniter\Exceptions\FrameworkException::forInvalidFile('pages/assets.php')
 2 SYSTEMPATH\Common.php(1142): CodeIgniter\View\View->render('pages/assets', [], true)
 3 APPPATH\Controllers\Pages.php(28): view('pages/assets', [...])
 4 SYSTEMPATH\CodeIgniter.php(907): App\Controllers\Pages->view('FCPATH\\assets', 'back', 'webfonts', 'fa-solid-900.woff2')
 5 SYSTEMPATH\CodeIgniter.php(457): CodeIgniter\CodeIgniter->runController(Object(App\Controllers\Pages))
 6 SYSTEMPATH\CodeIgniter.php(340): CodeIgniter\CodeIgniter->handleRequest(null, Object(Config\Cache), false)
 7 FCPATH\index.php(67): CodeIgniter\CodeIgniter->run()
CRITICAL - 2022-09-18 22:08:23 --> Invalid file: pages/assets.php
in SYSTEMPATH\Exceptions\FrameworkException.php on line 33.
 1 SYSTEMPATH\View\View.php(201): CodeIgniter\Exceptions\FrameworkException::forInvalidFile('pages/assets.php')
 2 SYSTEMPATH\Common.php(1142): CodeIgniter\View\View->render('pages/assets', [], true)
 3 APPPATH\Controllers\Pages.php(28): view('pages/assets', [...])
 4 SYSTEMPATH\CodeIgniter.php(907): App\Controllers\Pages->view('FCPATH\\assets', 'back', 'webfonts', 'fa-solid-900.woff')
 5 SYSTEMPATH\CodeIgniter.php(457): CodeIgniter\CodeIgniter->runController(Object(App\Controllers\Pages))
 6 SYSTEMPATH\CodeIgniter.php(340): CodeIgniter\CodeIgniter->handleRequest(null, Object(Config\Cache), false)
 7 FCPATH\index.php(67): CodeIgniter\CodeIgniter->run()
CRITICAL - 2022-09-18 22:08:23 --> Invalid file: pages/assets.php
in SYSTEMPATH\Exceptions\FrameworkException.php on line 33.
 1 SYSTEMPATH\View\View.php(201): CodeIgniter\Exceptions\FrameworkException::forInvalidFile('pages/assets.php')
 2 SYSTEMPATH\Common.php(1142): CodeIgniter\View\View->render('pages/assets', [], true)
 3 APPPATH\Controllers\Pages.php(28): view('pages/assets', [...])
 4 SYSTEMPATH\CodeIgniter.php(907): App\Controllers\Pages->view('FCPATH\\assets', 'back', 'webfonts', 'fa-solid-900.ttf')
 5 SYSTEMPATH\CodeIgniter.php(457): CodeIgniter\CodeIgniter->runController(Object(App\Controllers\Pages))
 6 SYSTEMPATH\CodeIgniter.php(340): CodeIgniter\CodeIgniter->handleRequest(null, Object(Config\Cache), false)
 7 FCPATH\index.php(67): CodeIgniter\CodeIgniter->run()
CRITICAL - 2022-09-18 22:09:00 --> Invalid file: pages/assets.php
in SYSTEMPATH\Exceptions\FrameworkException.php on line 33.
 1 SYSTEMPATH\View\View.php(201): CodeIgniter\Exceptions\FrameworkException::forInvalidFile('pages/assets.php')
 2 SYSTEMPATH\Common.php(1142): CodeIgniter\View\View->render('pages/assets', [], true)
 3 APPPATH\Controllers\Pages.php(28): view('pages/assets', [...])
 4 SYSTEMPATH\CodeIgniter.php(907): App\Controllers\Pages->view('FCPATH\\assets', 'back', 'webfonts', 'fa-solid-900.woff2')
 5 SYSTEMPATH\CodeIgniter.php(457): CodeIgniter\CodeIgniter->runController(Object(App\Controllers\Pages))
 6 SYSTEMPATH\CodeIgniter.php(340): CodeIgniter\CodeIgniter->handleRequest(null, Object(Config\Cache), false)
 7 FCPATH\index.php(67): CodeIgniter\CodeIgniter->run()
CRITICAL - 2022-09-18 22:09:00 --> Invalid file: pages/assets.php
in SYSTEMPATH\Exceptions\FrameworkException.php on line 33.
 1 SYSTEMPATH\View\View.php(201): CodeIgniter\Exceptions\FrameworkException::forInvalidFile('pages/assets.php')
 2 SYSTEMPATH\Common.php(1142): CodeIgniter\View\View->render('pages/assets', [], true)
 3 APPPATH\Controllers\Pages.php(28): view('pages/assets', [...])
 4 SYSTEMPATH\CodeIgniter.php(907): App\Controllers\Pages->view('FCPATH\\assets', 'back', 'webfonts', 'fa-solid-900.woff')
 5 SYSTEMPATH\CodeIgniter.php(457): CodeIgniter\CodeIgniter->runController(Object(App\Controllers\Pages))
 6 SYSTEMPATH\CodeIgniter.php(340): CodeIgniter\CodeIgniter->handleRequest(null, Object(Config\Cache), false)
 7 FCPATH\index.php(67): CodeIgniter\CodeIgniter->run()
CRITICAL - 2022-09-18 22:09:00 --> Invalid file: pages/assets.php
in SYSTEMPATH\Exceptions\FrameworkException.php on line 33.
 1 SYSTEMPATH\View\View.php(201): CodeIgniter\Exceptions\FrameworkException::forInvalidFile('pages/assets.php')
 2 SYSTEMPATH\Common.php(1142): CodeIgniter\View\View->render('pages/assets', [], true)
 3 APPPATH\Controllers\Pages.php(28): view('pages/assets', [...])
 4 SYSTEMPATH\CodeIgniter.php(907): App\Controllers\Pages->view('FCPATH\\assets', 'back', 'webfonts', 'fa-solid-900.ttf')
 5 SYSTEMPATH\CodeIgniter.php(457): CodeIgniter\CodeIgniter->runController(Object(App\Controllers\Pages))
 6 SYSTEMPATH\CodeIgniter.php(340): CodeIgniter\CodeIgniter->handleRequest(null, Object(Config\Cache), false)
 7 FCPATH\index.php(67): CodeIgniter\CodeIgniter->run()
CRITICAL - 2022-09-18 22:10:37 --> Invalid file: pages/assets.php
in SYSTEMPATH\Exceptions\FrameworkException.php on line 33.
 1 SYSTEMPATH\View\View.php(201): CodeIgniter\Exceptions\FrameworkException::forInvalidFile('pages/assets.php')
 2 SYSTEMPATH\Common.php(1142): CodeIgniter\View\View->render('pages/assets', [], true)
 3 APPPATH\Controllers\Pages.php(28): view('pages/assets', [...])
 4 SYSTEMPATH\CodeIgniter.php(907): App\Controllers\Pages->view('FCPATH\\assets', 'back', 'webfonts', 'fa-solid-900.woff2')
 5 SYSTEMPATH\CodeIgniter.php(457): CodeIgniter\CodeIgniter->runController(Object(App\Controllers\Pages))
 6 SYSTEMPATH\CodeIgniter.php(340): CodeIgniter\CodeIgniter->handleRequest(null, Object(Config\Cache), false)
 7 FCPATH\index.php(67): CodeIgniter\CodeIgniter->run()
CRITICAL - 2022-09-18 22:10:37 --> Invalid file: pages/assets.php
in SYSTEMPATH\Exceptions\FrameworkException.php on line 33.
 1 SYSTEMPATH\View\View.php(201): CodeIgniter\Exceptions\FrameworkException::forInvalidFile('pages/assets.php')
 2 SYSTEMPATH\Common.php(1142): CodeIgniter\View\View->render('pages/assets', [], true)
 3 APPPATH\Controllers\Pages.php(28): view('pages/assets', [...])
 4 SYSTEMPATH\CodeIgniter.php(907): App\Controllers\Pages->view('FCPATH\\assets', 'back', 'webfonts', 'fa-solid-900.woff')
 5 SYSTEMPATH\CodeIgniter.php(457): CodeIgniter\CodeIgniter->runController(Object(App\Controllers\Pages))
 6 SYSTEMPATH\CodeIgniter.php(340): CodeIgniter\CodeIgniter->handleRequest(null, Object(Config\Cache), false)
 7 FCPATH\index.php(67): CodeIgniter\CodeIgniter->run()
CRITICAL - 2022-09-18 22:10:37 --> Invalid file: pages/assets.php
in SYSTEMPATH\Exceptions\FrameworkException.php on line 33.
 1 SYSTEMPATH\View\View.php(201): CodeIgniter\Exceptions\FrameworkException::forInvalidFile('pages/assets.php')
 2 SYSTEMPATH\Common.php(1142): CodeIgniter\View\View->render('pages/assets', [], true)
 3 APPPATH\Controllers\Pages.php(28): view('pages/assets', [...])
 4 SYSTEMPATH\CodeIgniter.php(907): App\Controllers\Pages->view('FCPATH\\assets', 'back', 'webfonts', 'fa-solid-900.ttf')
 5 SYSTEMPATH\CodeIgniter.php(457): CodeIgniter\CodeIgniter->runController(Object(App\Controllers\Pages))
 6 SYSTEMPATH\CodeIgniter.php(340): CodeIgniter\CodeIgniter->handleRequest(null, Object(Config\Cache), false)
 7 FCPATH\index.php(67): CodeIgniter\CodeIgniter->run()
CRITICAL - 2022-09-18 22:10:51 --> Invalid file: pages/assets.php
in SYSTEMPATH\Exceptions\FrameworkException.php on line 33.
 1 SYSTEMPATH\View\View.php(201): CodeIgniter\Exceptions\FrameworkException::forInvalidFile('pages/assets.php')
 2 SYSTEMPATH\Common.php(1142): CodeIgniter\View\View->render('pages/assets', [], true)
 3 APPPATH\Controllers\Pages.php(28): view('pages/assets', [...])
 4 SYSTEMPATH\CodeIgniter.php(907): App\Controllers\Pages->view('FCPATH\\assets', 'back', 'webfonts', 'fa-solid-900.woff2')
 5 SYSTEMPATH\CodeIgniter.php(457): CodeIgniter\CodeIgniter->runController(Object(App\Controllers\Pages))
 6 SYSTEMPATH\CodeIgniter.php(340): CodeIgniter\CodeIgniter->handleRequest(null, Object(Config\Cache), false)
 7 FCPATH\index.php(67): CodeIgniter\CodeIgniter->run()
CRITICAL - 2022-09-18 22:10:51 --> Invalid file: pages/assets.php
in SYSTEMPATH\Exceptions\FrameworkException.php on line 33.
 1 SYSTEMPATH\View\View.php(201): CodeIgniter\Exceptions\FrameworkException::forInvalidFile('pages/assets.php')
 2 SYSTEMPATH\Common.php(1142): CodeIgniter\View\View->render('pages/assets', [], true)
 3 APPPATH\Controllers\Pages.php(28): view('pages/assets', [...])
 4 SYSTEMPATH\CodeIgniter.php(907): App\Controllers\Pages->view('FCPATH\\assets', 'back', 'webfonts', 'fa-solid-900.woff')
 5 SYSTEMPATH\CodeIgniter.php(457): CodeIgniter\CodeIgniter->runController(Object(App\Controllers\Pages))
 6 SYSTEMPATH\CodeIgniter.php(340): CodeIgniter\CodeIgniter->handleRequest(null, Object(Config\Cache), false)
 7 FCPATH\index.php(67): CodeIgniter\CodeIgniter->run()
CRITICAL - 2022-09-18 22:10:51 --> Invalid file: pages/assets.php
in SYSTEMPATH\Exceptions\FrameworkException.php on line 33.
 1 SYSTEMPATH\View\View.php(201): CodeIgniter\Exceptions\FrameworkException::forInvalidFile('pages/assets.php')
 2 SYSTEMPATH\Common.php(1142): CodeIgniter\View\View->render('pages/assets', [], true)
 3 APPPATH\Controllers\Pages.php(28): view('pages/assets', [...])
 4 SYSTEMPATH\CodeIgniter.php(907): App\Controllers\Pages->view('FCPATH\\assets', 'back', 'webfonts', 'fa-solid-900.ttf')
 5 SYSTEMPATH\CodeIgniter.php(457): CodeIgniter\CodeIgniter->runController(Object(App\Controllers\Pages))
 6 SYSTEMPATH\CodeIgniter.php(340): CodeIgniter\CodeIgniter->handleRequest(null, Object(Config\Cache), false)
 7 FCPATH\index.php(67): CodeIgniter\CodeIgniter->run()
CRITICAL - 2022-09-18 22:11:26 --> Invalid file: pages/assets.php
in SYSTEMPATH\Exceptions\FrameworkException.php on line 33.
 1 SYSTEMPATH\View\View.php(201): CodeIgniter\Exceptions\FrameworkException::forInvalidFile('pages/assets.php')
 2 SYSTEMPATH\Common.php(1142): CodeIgniter\View\View->render('pages/assets', [], true)
 3 APPPATH\Controllers\Pages.php(28): view('pages/assets', [...])
 4 SYSTEMPATH\CodeIgniter.php(907): App\Controllers\Pages->view('FCPATH\\assets', 'back', 'webfonts', 'fa-solid-900.woff2')
 5 SYSTEMPATH\CodeIgniter.php(457): CodeIgniter\CodeIgniter->runController(Object(App\Controllers\Pages))
 6 SYSTEMPATH\CodeIgniter.php(340): CodeIgniter\CodeIgniter->handleRequest(null, Object(Config\Cache), false)
 7 FCPATH\index.php(67): CodeIgniter\CodeIgniter->run()
CRITICAL - 2022-09-18 22:11:26 --> Invalid file: pages/assets.php
in SYSTEMPATH\Exceptions\FrameworkException.php on line 33.
 1 SYSTEMPATH\View\View.php(201): CodeIgniter\Exceptions\FrameworkException::forInvalidFile('pages/assets.php')
 2 SYSTEMPATH\Common.php(1142): CodeIgniter\View\View->render('pages/assets', [], true)
 3 APPPATH\Controllers\Pages.php(28): view('pages/assets', [...])
 4 SYSTEMPATH\CodeIgniter.php(907): App\Controllers\Pages->view('FCPATH\\assets', 'back', 'webfonts', 'fa-solid-900.woff')
 5 SYSTEMPATH\CodeIgniter.php(457): CodeIgniter\CodeIgniter->runController(Object(App\Controllers\Pages))
 6 SYSTEMPATH\CodeIgniter.php(340): CodeIgniter\CodeIgniter->handleRequest(null, Object(Config\Cache), false)
 7 FCPATH\index.php(67): CodeIgniter\CodeIgniter->run()
CRITICAL - 2022-09-18 22:11:26 --> Invalid file: pages/assets.php
in SYSTEMPATH\Exceptions\FrameworkException.php on line 33.
 1 SYSTEMPATH\View\View.php(201): CodeIgniter\Exceptions\FrameworkException::forInvalidFile('pages/assets.php')
 2 SYSTEMPATH\Common.php(1142): CodeIgniter\View\View->render('pages/assets', [], true)
 3 APPPATH\Controllers\Pages.php(28): view('pages/assets', [...])
 4 SYSTEMPATH\CodeIgniter.php(907): App\Controllers\Pages->view('FCPATH\\assets', 'back', 'webfonts', 'fa-solid-900.ttf')
 5 SYSTEMPATH\CodeIgniter.php(457): CodeIgniter\CodeIgniter->runController(Object(App\Controllers\Pages))
 6 SYSTEMPATH\CodeIgniter.php(340): CodeIgniter\CodeIgniter->handleRequest(null, Object(Config\Cache), false)
 7 FCPATH\index.php(67): CodeIgniter\CodeIgniter->run()
CRITICAL - 2022-09-18 22:11:28 --> Invalid file: pages/assets.php
in SYSTEMPATH\Exceptions\FrameworkException.php on line 33.
 1 SYSTEMPATH\View\View.php(201): CodeIgniter\Exceptions\FrameworkException::forInvalidFile('pages/assets.php')
 2 SYSTEMPATH\Common.php(1142): CodeIgniter\View\View->render('pages/assets', [], true)
 3 APPPATH\Controllers\Pages.php(28): view('pages/assets', [...])
 4 SYSTEMPATH\CodeIgniter.php(907): App\Controllers\Pages->view('FCPATH\\assets', 'back', 'webfonts', 'fa-solid-900.woff2')
 5 SYSTEMPATH\CodeIgniter.php(457): CodeIgniter\CodeIgniter->runController(Object(App\Controllers\Pages))
 6 SYSTEMPATH\CodeIgniter.php(340): CodeIgniter\CodeIgniter->handleRequest(null, Object(Config\Cache), false)
 7 FCPATH\index.php(67): CodeIgniter\CodeIgniter->run()
CRITICAL - 2022-09-18 22:11:28 --> Invalid file: pages/assets.php
in SYSTEMPATH\Exceptions\FrameworkException.php on line 33.
 1 SYSTEMPATH\View\View.php(201): CodeIgniter\Exceptions\FrameworkException::forInvalidFile('pages/assets.php')
 2 SYSTEMPATH\Common.php(1142): CodeIgniter\View\View->render('pages/assets', [], true)
 3 APPPATH\Controllers\Pages.php(28): view('pages/assets', [...])
 4 SYSTEMPATH\CodeIgniter.php(907): App\Controllers\Pages->view('FCPATH\\assets', 'back', 'webfonts', 'fa-solid-900.woff')
 5 SYSTEMPATH\CodeIgniter.php(457): CodeIgniter\CodeIgniter->runController(Object(App\Controllers\Pages))
 6 SYSTEMPATH\CodeIgniter.php(340): CodeIgniter\CodeIgniter->handleRequest(null, Object(Config\Cache), false)
 7 FCPATH\index.php(67): CodeIgniter\CodeIgniter->run()
CRITICAL - 2022-09-18 22:11:28 --> Invalid file: pages/assets.php
in SYSTEMPATH\Exceptions\FrameworkException.php on line 33.
 1 SYSTEMPATH\View\View.php(201): CodeIgniter\Exceptions\FrameworkException::forInvalidFile('pages/assets.php')
 2 SYSTEMPATH\Common.php(1142): CodeIgniter\View\View->render('pages/assets', [], true)
 3 APPPATH\Controllers\Pages.php(28): view('pages/assets', [...])
 4 SYSTEMPATH\CodeIgniter.php(907): App\Controllers\Pages->view('FCPATH\\assets', 'back', 'webfonts', 'fa-solid-900.ttf')
 5 SYSTEMPATH\CodeIgniter.php(457): CodeIgniter\CodeIgniter->runController(Object(App\Controllers\Pages))
 6 SYSTEMPATH\CodeIgniter.php(340): CodeIgniter\CodeIgniter->handleRequest(null, Object(Config\Cache), false)
 7 FCPATH\index.php(67): CodeIgniter\CodeIgniter->run()
ERROR - 2022-09-18 22:11:31 --> mysqli_sql_exception: Unknown column 'user_email' in 'where clause' in C:\wamp64\www\ci4\vendor\codeigniter4\framework\system\Database\MySQLi\Connection.php:292
Stack trace:
#0 C:\wamp64\www\ci4\vendor\codeigniter4\framework\system\Database\MySQLi\Connection.php(292): mysqli->query('SELECT *\nFROM `...', 0)
#1 C:\wamp64\www\ci4\vendor\codeigniter4\framework\system\Database\BaseConnection.php(693): CodeIgniter\Database\MySQLi\Connection->execute('SELECT *\nFROM `...')
#2 C:\wamp64\www\ci4\vendor\codeigniter4\framework\system\Database\BaseConnection.php(620): CodeIgniter\Database\BaseConnection->simpleQuery('SELECT *\nFROM `...')
#3 C:\wamp64\www\ci4\vendor\codeigniter4\framework\system\Database\BaseBuilder.php(1585): CodeIgniter\Database\BaseConnection->query('SELECT *\nFROM `...', Array, false)
#4 C:\wamp64\www\ci4\vendor\codeigniter4\framework\system\Model.php(250): CodeIgniter\Database\BaseBuilder->get()
#5 C:\wamp64\www\ci4\vendor\codeigniter4\framework\system\BaseModel.php(622): CodeIgniter\Model->doFirst()
#6 C:\wamp64\www\ci4\app\Controllers\User.php(71): CodeIgniter\BaseModel->first()
#7 C:\wamp64\www\ci4\vendor\codeigniter4\framework\system\CodeIgniter.php(907): App\Controllers\User->auth_login()
#8 C:\wamp64\www\ci4\vendor\codeigniter4\framework\system\CodeIgniter.php(457): CodeIgniter\CodeIgniter->runController(Object(App\Controllers\User))
#9 C:\wamp64\www\ci4\vendor\codeigniter4\framework\system\CodeIgniter.php(340): CodeIgniter\CodeIgniter->handleRequest(NULL, Object(Config\Cache), false)
#10 C:\wamp64\www\ci4\public\index.php(67): CodeIgniter\CodeIgniter->run()
#11 {main}
CRITICAL - 2022-09-18 22:11:31 --> Unknown column 'user_email' in 'where clause'
in SYSTEMPATH\Database\MySQLi\Connection.php on line 292.
 1 SYSTEMPATH\Database\MySQLi\Connection.php(292): mysqli->query('SELECT *
FROM `ci_users`
WHERE `user_email` = \'360naijamusic@gmail.com\'
 LIMIT 1', 0)
 2 SYSTEMPATH\Database\BaseConnection.php(693): CodeIgniter\Database\MySQLi\Connection->execute('SELECT *
FROM `ci_users`
WHERE `user_email` = \'360naijamusic@gmail.com\'
 LIMIT 1')
 3 SYSTEMPATH\Database\BaseConnection.php(620): CodeIgniter\Database\BaseConnection->simpleQuery('SELECT *
FROM `ci_users`
WHERE `user_email` = \'360naijamusic@gmail.com\'
 LIMIT 1')
 4 SYSTEMPATH\Database\BaseBuilder.php(1585): CodeIgniter\Database\BaseConnection->query('SELECT *
FROM `ci_users`
WHERE `user_email` = :user_email:
 LIMIT 1', [...], false)
 5 SYSTEMPATH\Model.php(250): CodeIgniter\Database\BaseBuilder->get()
 6 SYSTEMPATH\BaseModel.php(622): CodeIgniter\Model->doFirst()
 7 APPPATH\Controllers\User.php(71): CodeIgniter\BaseModel->first()
 8 SYSTEMPATH\CodeIgniter.php(907): App\Controllers\User->auth_login()
 9 SYSTEMPATH\CodeIgniter.php(457): CodeIgniter\CodeIgniter->runController(Object(App\Controllers\User))
10 SYSTEMPATH\CodeIgniter.php(340): CodeIgniter\CodeIgniter->handleRequest(null, Object(Config\Cache), false)
11 FCPATH\index.php(67): CodeIgniter\CodeIgniter->run()
CRITICAL - 2022-09-18 22:13:26 --> Invalid file: pages/assets.php
in SYSTEMPATH\Exceptions\FrameworkException.php on line 33.
 1 SYSTEMPATH\View\View.php(201): CodeIgniter\Exceptions\FrameworkException::forInvalidFile('pages/assets.php')
 2 SYSTEMPATH\Common.php(1142): CodeIgniter\View\View->render('pages/assets', [], true)
 3 APPPATH\Controllers\Pages.php(28): view('pages/assets', [...])
 4 SYSTEMPATH\CodeIgniter.php(907): App\Controllers\Pages->view('FCPATH\\assets', 'back', 'webfonts', 'fa-solid-900.woff2')
 5 SYSTEMPATH\CodeIgniter.php(457): CodeIgniter\CodeIgniter->runController(Object(App\Controllers\Pages))
 6 SYSTEMPATH\CodeIgniter.php(340): CodeIgniter\CodeIgniter->handleRequest(null, Object(Config\Cache), false)
 7 FCPATH\index.php(67): CodeIgniter\CodeIgniter->run()
CRITICAL - 2022-09-18 22:13:27 --> Invalid file: pages/assets.php
in SYSTEMPATH\Exceptions\FrameworkException.php on line 33.
 1 SYSTEMPATH\View\View.php(201): CodeIgniter\Exceptions\FrameworkException::forInvalidFile('pages/assets.php')
 2 SYSTEMPATH\Common.php(1142): CodeIgniter\View\View->render('pages/assets', [], true)
 3 APPPATH\Controllers\Pages.php(28): view('pages/assets', [...])
 4 SYSTEMPATH\CodeIgniter.php(907): App\Controllers\Pages->view('FCPATH\\assets', 'back', 'webfonts', 'fa-solid-900.woff')
 5 SYSTEMPATH\CodeIgniter.php(457): CodeIgniter\CodeIgniter->runController(Object(App\Controllers\Pages))
 6 SYSTEMPATH\CodeIgniter.php(340): CodeIgniter\CodeIgniter->handleRequest(null, Object(Config\Cache), false)
 7 FCPATH\index.php(67): CodeIgniter\CodeIgniter->run()
CRITICAL - 2022-09-18 22:13:27 --> Invalid file: pages/assets.php
in SYSTEMPATH\Exceptions\FrameworkException.php on line 33.
 1 SYSTEMPATH\View\View.php(201): CodeIgniter\Exceptions\FrameworkException::forInvalidFile('pages/assets.php')
 2 SYSTEMPATH\Common.php(1142): CodeIgniter\View\View->render('pages/assets', [], true)
 3 APPPATH\Controllers\Pages.php(28): view('pages/assets', [...])
 4 SYSTEMPATH\CodeIgniter.php(907): App\Controllers\Pages->view('FCPATH\\assets', 'back', 'webfonts', 'fa-solid-900.ttf')
 5 SYSTEMPATH\CodeIgniter.php(457): CodeIgniter\CodeIgniter->runController(Object(App\Controllers\Pages))
 6 SYSTEMPATH\CodeIgniter.php(340): CodeIgniter\CodeIgniter->handleRequest(null, Object(Config\Cache), false)
 7 FCPATH\index.php(67): CodeIgniter\CodeIgniter->run()
CRITICAL - 2022-09-18 22:13:33 --> Invalid file: pages/assets.php
in SYSTEMPATH\Exceptions\FrameworkException.php on line 33.
 1 SYSTEMPATH\View\View.php(201): CodeIgniter\Exceptions\FrameworkException::forInvalidFile('pages/assets.php')
 2 SYSTEMPATH\Common.php(1142): CodeIgniter\View\View->render('pages/assets', [], true)
 3 APPPATH\Controllers\Pages.php(28): view('pages/assets', [...])
 4 SYSTEMPATH\CodeIgniter.php(907): App\Controllers\Pages->view('FCPATH\\assets', 'back', 'webfonts', 'fa-solid-900.woff2')
 5 SYSTEMPATH\CodeIgniter.php(457): CodeIgniter\CodeIgniter->runController(Object(App\Controllers\Pages))
 6 SYSTEMPATH\CodeIgniter.php(340): CodeIgniter\CodeIgniter->handleRequest(null, Object(Config\Cache), false)
 7 FCPATH\index.php(67): CodeIgniter\CodeIgniter->run()
CRITICAL - 2022-09-18 22:13:33 --> Invalid file: pages/assets.php
in SYSTEMPATH\Exceptions\FrameworkException.php on line 33.
 1 SYSTEMPATH\View\View.php(201): CodeIgniter\Exceptions\FrameworkException::forInvalidFile('pages/assets.php')
 2 SYSTEMPATH\Common.php(1142): CodeIgniter\View\View->render('pages/assets', [], true)
 3 APPPATH\Controllers\Pages.php(28): view('pages/assets', [...])
 4 SYSTEMPATH\CodeIgniter.php(907): App\Controllers\Pages->view('FCPATH\\assets', 'back', 'webfonts', 'fa-solid-900.woff')
 5 SYSTEMPATH\CodeIgniter.php(457): CodeIgniter\CodeIgniter->runController(Object(App\Controllers\Pages))
 6 SYSTEMPATH\CodeIgniter.php(340): CodeIgniter\CodeIgniter->handleRequest(null, Object(Config\Cache), false)
 7 FCPATH\index.php(67): CodeIgniter\CodeIgniter->run()
CRITICAL - 2022-09-18 22:13:34 --> Invalid file: pages/assets.php
in SYSTEMPATH\Exceptions\FrameworkException.php on line 33.
 1 SYSTEMPATH\View\View.php(201): CodeIgniter\Exceptions\FrameworkException::forInvalidFile('pages/assets.php')
 2 SYSTEMPATH\Common.php(1142): CodeIgniter\View\View->render('pages/assets', [], true)
 3 APPPATH\Controllers\Pages.php(28): view('pages/assets', [...])
 4 SYSTEMPATH\CodeIgniter.php(907): App\Controllers\Pages->view('FCPATH\\assets', 'back', 'webfonts', 'fa-solid-900.ttf')
 5 SYSTEMPATH\CodeIgniter.php(457): CodeIgniter\CodeIgniter->runController(Object(App\Controllers\Pages))
 6 SYSTEMPATH\CodeIgniter.php(340): CodeIgniter\CodeIgniter->handleRequest(null, Object(Config\Cache), false)
 7 FCPATH\index.php(67): CodeIgniter\CodeIgniter->run()
CRITICAL - 2022-09-18 22:14:23 --> Invalid file: pages/assets.php
in SYSTEMPATH\Exceptions\FrameworkException.php on line 33.
 1 SYSTEMPATH\View\View.php(201): CodeIgniter\Exceptions\FrameworkException::forInvalidFile('pages/assets.php')
 2 SYSTEMPATH\Common.php(1142): CodeIgniter\View\View->render('pages/assets', [], true)
 3 APPPATH\Controllers\Pages.php(28): view('pages/assets', [...])
 4 SYSTEMPATH\CodeIgniter.php(907): App\Controllers\Pages->view('FCPATH\\assets', 'back', 'webfonts', 'fa-solid-900.woff2')
 5 SYSTEMPATH\CodeIgniter.php(457): CodeIgniter\CodeIgniter->runController(Object(App\Controllers\Pages))
 6 SYSTEMPATH\CodeIgniter.php(340): CodeIgniter\CodeIgniter->handleRequest(null, Object(Config\Cache), false)
 7 FCPATH\index.php(67): CodeIgniter\CodeIgniter->run()
CRITICAL - 2022-09-18 22:14:23 --> Invalid file: pages/assets.php
in SYSTEMPATH\Exceptions\FrameworkException.php on line 33.
 1 SYSTEMPATH\View\View.php(201): CodeIgniter\Exceptions\FrameworkException::forInvalidFile('pages/assets.php')
 2 SYSTEMPATH\Common.php(1142): CodeIgniter\View\View->render('pages/assets', [], true)
 3 APPPATH\Controllers\Pages.php(28): view('pages/assets', [...])
 4 SYSTEMPATH\CodeIgniter.php(907): App\Controllers\Pages->view('FCPATH\\assets', 'back', 'webfonts', 'fa-solid-900.woff')
 5 SYSTEMPATH\CodeIgniter.php(457): CodeIgniter\CodeIgniter->runController(Object(App\Controllers\Pages))
 6 SYSTEMPATH\CodeIgniter.php(340): CodeIgniter\CodeIgniter->handleRequest(null, Object(Config\Cache), false)
 7 FCPATH\index.php(67): CodeIgniter\CodeIgniter->run()
CRITICAL - 2022-09-18 22:14:23 --> Invalid file: pages/assets.php
in SYSTEMPATH\Exceptions\FrameworkException.php on line 33.
 1 SYSTEMPATH\View\View.php(201): CodeIgniter\Exceptions\FrameworkException::forInvalidFile('pages/assets.php')
 2 SYSTEMPATH\Common.php(1142): CodeIgniter\View\View->render('pages/assets', [], true)
 3 APPPATH\Controllers\Pages.php(28): view('pages/assets', [...])
 4 SYSTEMPATH\CodeIgniter.php(907): App\Controllers\Pages->view('FCPATH\\assets', 'back', 'webfonts', 'fa-solid-900.ttf')
 5 SYSTEMPATH\CodeIgniter.php(457): CodeIgniter\CodeIgniter->runController(Object(App\Controllers\Pages))
 6 SYSTEMPATH\CodeIgniter.php(340): CodeIgniter\CodeIgniter->handleRequest(null, Object(Config\Cache), false)
 7 FCPATH\index.php(67): CodeIgniter\CodeIgniter->run()
CRITICAL - 2022-09-18 22:14:26 --> Invalid file: pages/assets.php
in SYSTEMPATH\Exceptions\FrameworkException.php on line 33.
 1 SYSTEMPATH\View\View.php(201): CodeIgniter\Exceptions\FrameworkException::forInvalidFile('pages/assets.php')
 2 SYSTEMPATH\Common.php(1142): CodeIgniter\View\View->render('pages/assets', [], true)
 3 APPPATH\Controllers\Pages.php(28): view('pages/assets', [...])
 4 SYSTEMPATH\CodeIgniter.php(907): App\Controllers\Pages->view('FCPATH\\assets', 'back', 'webfonts', 'fa-solid-900.woff2')
 5 SYSTEMPATH\CodeIgniter.php(457): CodeIgniter\CodeIgniter->runController(Object(App\Controllers\Pages))
 6 SYSTEMPATH\CodeIgniter.php(340): CodeIgniter\CodeIgniter->handleRequest(null, Object(Config\Cache), false)
 7 FCPATH\index.php(67): CodeIgniter\CodeIgniter->run()
CRITICAL - 2022-09-18 22:14:26 --> Invalid file: pages/assets.php
in SYSTEMPATH\Exceptions\FrameworkException.php on line 33.
 1 SYSTEMPATH\View\View.php(201): CodeIgniter\Exceptions\FrameworkException::forInvalidFile('pages/assets.php')
 2 SYSTEMPATH\Common.php(1142): CodeIgniter\View\View->render('pages/assets', [], true)
 3 APPPATH\Controllers\Pages.php(28): view('pages/assets', [...])
 4 SYSTEMPATH\CodeIgniter.php(907): App\Controllers\Pages->view('FCPATH\\assets', 'back', 'webfonts', 'fa-solid-900.woff')
 5 SYSTEMPATH\CodeIgniter.php(457): CodeIgniter\CodeIgniter->runController(Object(App\Controllers\Pages))
 6 SYSTEMPATH\CodeIgniter.php(340): CodeIgniter\CodeIgniter->handleRequest(null, Object(Config\Cache), false)
 7 FCPATH\index.php(67): CodeIgniter\CodeIgniter->run()
CRITICAL - 2022-09-18 22:14:26 --> Invalid file: pages/assets.php
in SYSTEMPATH\Exceptions\FrameworkException.php on line 33.
 1 SYSTEMPATH\View\View.php(201): CodeIgniter\Exceptions\FrameworkException::forInvalidFile('pages/assets.php')
 2 SYSTEMPATH\Common.php(1142): CodeIgniter\View\View->render('pages/assets', [], true)
 3 APPPATH\Controllers\Pages.php(28): view('pages/assets', [...])
 4 SYSTEMPATH\CodeIgniter.php(907): App\Controllers\Pages->view('FCPATH\\assets', 'back', 'webfonts', 'fa-solid-900.ttf')
 5 SYSTEMPATH\CodeIgniter.php(457): CodeIgniter\CodeIgniter->runController(Object(App\Controllers\Pages))
 6 SYSTEMPATH\CodeIgniter.php(340): CodeIgniter\CodeIgniter->handleRequest(null, Object(Config\Cache), false)
 7 FCPATH\index.php(67): CodeIgniter\CodeIgniter->run()
CRITICAL - 2022-09-18 22:15:13 --> Invalid file: pages/assets.php
in SYSTEMPATH\Exceptions\FrameworkException.php on line 33.
 1 SYSTEMPATH\View\View.php(201): CodeIgniter\Exceptions\FrameworkException::forInvalidFile('pages/assets.php')
 2 SYSTEMPATH\Common.php(1142): CodeIgniter\View\View->render('pages/assets', [], true)
 3 APPPATH\Controllers\Pages.php(28): view('pages/assets', [...])
 4 SYSTEMPATH\CodeIgniter.php(907): App\Controllers\Pages->view('FCPATH\\assets', 'back', 'webfonts', 'fa-solid-900.woff2')
 5 SYSTEMPATH\CodeIgniter.php(457): CodeIgniter\CodeIgniter->runController(Object(App\Controllers\Pages))
 6 SYSTEMPATH\CodeIgniter.php(340): CodeIgniter\CodeIgniter->handleRequest(null, Object(Config\Cache), false)
 7 FCPATH\index.php(67): CodeIgniter\CodeIgniter->run()
CRITICAL - 2022-09-18 22:15:13 --> Invalid file: pages/assets.php
in SYSTEMPATH\Exceptions\FrameworkException.php on line 33.
 1 SYSTEMPATH\View\View.php(201): CodeIgniter\Exceptions\FrameworkException::forInvalidFile('pages/assets.php')
 2 SYSTEMPATH\Common.php(1142): CodeIgniter\View\View->render('pages/assets', [], true)
 3 APPPATH\Controllers\Pages.php(28): view('pages/assets', [...])
 4 SYSTEMPATH\CodeIgniter.php(907): App\Controllers\Pages->view('FCPATH\\assets', 'back', 'webfonts', 'fa-solid-900.woff')
 5 SYSTEMPATH\CodeIgniter.php(457): CodeIgniter\CodeIgniter->runController(Object(App\Controllers\Pages))
 6 SYSTEMPATH\CodeIgniter.php(340): CodeIgniter\CodeIgniter->handleRequest(null, Object(Config\Cache), false)
 7 FCPATH\index.php(67): CodeIgniter\CodeIgniter->run()
CRITICAL - 2022-09-18 22:15:14 --> Invalid file: pages/assets.php
in SYSTEMPATH\Exceptions\FrameworkException.php on line 33.
 1 SYSTEMPATH\View\View.php(201): CodeIgniter\Exceptions\FrameworkException::forInvalidFile('pages/assets.php')
 2 SYSTEMPATH\Common.php(1142): CodeIgniter\View\View->render('pages/assets', [], true)
 3 APPPATH\Controllers\Pages.php(28): view('pages/assets', [...])
 4 SYSTEMPATH\CodeIgniter.php(907): App\Controllers\Pages->view('FCPATH\\assets', 'back', 'webfonts', 'fa-solid-900.ttf')
 5 SYSTEMPATH\CodeIgniter.php(457): CodeIgniter\CodeIgniter->runController(Object(App\Controllers\Pages))
 6 SYSTEMPATH\CodeIgniter.php(340): CodeIgniter\CodeIgniter->handleRequest(null, Object(Config\Cache), false)
 7 FCPATH\index.php(67): CodeIgniter\CodeIgniter->run()
CRITICAL - 2022-09-18 22:15:17 --> Invalid file: pages/assets.php
in SYSTEMPATH\Exceptions\FrameworkException.php on line 33.
 1 SYSTEMPATH\View\View.php(201): CodeIgniter\Exceptions\FrameworkException::forInvalidFile('pages/assets.php')
 2 SYSTEMPATH\Common.php(1142): CodeIgniter\View\View->render('pages/assets', [], true)
 3 APPPATH\Controllers\Pages.php(28): view('pages/assets', [...])
 4 SYSTEMPATH\CodeIgniter.php(907): App\Controllers\Pages->view('FCPATH\\assets', 'back', 'webfonts', 'fa-solid-900.woff2')
 5 SYSTEMPATH\CodeIgniter.php(457): CodeIgniter\CodeIgniter->runController(Object(App\Controllers\Pages))
 6 SYSTEMPATH\CodeIgniter.php(340): CodeIgniter\CodeIgniter->handleRequest(null, Object(Config\Cache), false)
 7 FCPATH\index.php(67): CodeIgniter\CodeIgniter->run()
CRITICAL - 2022-09-18 22:15:17 --> Invalid file: pages/assets.php
in SYSTEMPATH\Exceptions\FrameworkException.php on line 33.
 1 SYSTEMPATH\View\View.php(201): CodeIgniter\Exceptions\FrameworkException::forInvalidFile('pages/assets.php')
 2 SYSTEMPATH\Common.php(1142): CodeIgniter\View\View->render('pages/assets', [], true)
 3 APPPATH\Controllers\Pages.php(28): view('pages/assets', [...])
 4 SYSTEMPATH\CodeIgniter.php(907): App\Controllers\Pages->view('FCPATH\\assets', 'back', 'webfonts', 'fa-solid-900.woff')
 5 SYSTEMPATH\CodeIgniter.php(457): CodeIgniter\CodeIgniter->runController(Object(App\Controllers\Pages))
 6 SYSTEMPATH\CodeIgniter.php(340): CodeIgniter\CodeIgniter->handleRequest(null, Object(Config\Cache), false)
 7 FCPATH\index.php(67): CodeIgniter\CodeIgniter->run()
CRITICAL - 2022-09-18 22:15:17 --> Invalid file: pages/assets.php
in SYSTEMPATH\Exceptions\FrameworkException.php on line 33.
 1 SYSTEMPATH\View\View.php(201): CodeIgniter\Exceptions\FrameworkException::forInvalidFile('pages/assets.php')
 2 SYSTEMPATH\Common.php(1142): CodeIgniter\View\View->render('pages/assets', [], true)
 3 APPPATH\Controllers\Pages.php(28): view('pages/assets', [...])
 4 SYSTEMPATH\CodeIgniter.php(907): App\Controllers\Pages->view('FCPATH\\assets', 'back', 'webfonts', 'fa-solid-900.ttf')
 5 SYSTEMPATH\CodeIgniter.php(457): CodeIgniter\CodeIgniter->runController(Object(App\Controllers\Pages))
 6 SYSTEMPATH\CodeIgniter.php(340): CodeIgniter\CodeIgniter->handleRequest(null, Object(Config\Cache), false)
 7 FCPATH\index.php(67): CodeIgniter\CodeIgniter->run()
CRITICAL - 2022-09-18 22:17:22 --> Invalid file: pages/assets.php
in SYSTEMPATH\Exceptions\FrameworkException.php on line 33.
 1 SYSTEMPATH\View\View.php(201): CodeIgniter\Exceptions\FrameworkException::forInvalidFile('pages/assets.php')
 2 SYSTEMPATH\Common.php(1142): CodeIgniter\View\View->render('pages/assets', [], true)
 3 APPPATH\Controllers\Pages.php(28): view('pages/assets', [...])
 4 SYSTEMPATH\CodeIgniter.php(907): App\Controllers\Pages->view('FCPATH\\assets', 'back', 'webfonts', 'fa-solid-900.woff2')
 5 SYSTEMPATH\CodeIgniter.php(457): CodeIgniter\CodeIgniter->runController(Object(App\Controllers\Pages))
 6 SYSTEMPATH\CodeIgniter.php(340): CodeIgniter\CodeIgniter->handleRequest(null, Object(Config\Cache), false)
 7 FCPATH\index.php(67): CodeIgniter\CodeIgniter->run()
CRITICAL - 2022-09-18 22:17:22 --> Invalid file: pages/assets.php
in SYSTEMPATH\Exceptions\FrameworkException.php on line 33.
 1 SYSTEMPATH\View\View.php(201): CodeIgniter\Exceptions\FrameworkException::forInvalidFile('pages/assets.php')
 2 SYSTEMPATH\Common.php(1142): CodeIgniter\View\View->render('pages/assets', [], true)
 3 APPPATH\Controllers\Pages.php(28): view('pages/assets', [...])
 4 SYSTEMPATH\CodeIgniter.php(907): App\Controllers\Pages->view('FCPATH\\assets', 'back', 'webfonts', 'fa-solid-900.woff')
 5 SYSTEMPATH\CodeIgniter.php(457): CodeIgniter\CodeIgniter->runController(Object(App\Controllers\Pages))
 6 SYSTEMPATH\CodeIgniter.php(340): CodeIgniter\CodeIgniter->handleRequest(null, Object(Config\Cache), false)
 7 FCPATH\index.php(67): CodeIgniter\CodeIgniter->run()
CRITICAL - 2022-09-18 22:17:23 --> Invalid file: pages/assets.php
in SYSTEMPATH\Exceptions\FrameworkException.php on line 33.
 1 SYSTEMPATH\View\View.php(201): CodeIgniter\Exceptions\FrameworkException::forInvalidFile('pages/assets.php')
 2 SYSTEMPATH\Common.php(1142): CodeIgniter\View\View->render('pages/assets', [], true)
 3 APPPATH\Controllers\Pages.php(28): view('pages/assets', [...])
 4 SYSTEMPATH\CodeIgniter.php(907): App\Controllers\Pages->view('FCPATH\\assets', 'back', 'webfonts', 'fa-solid-900.ttf')
 5 SYSTEMPATH\CodeIgniter.php(457): CodeIgniter\CodeIgniter->runController(Object(App\Controllers\Pages))
 6 SYSTEMPATH\CodeIgniter.php(340): CodeIgniter\CodeIgniter->handleRequest(null, Object(Config\Cache), false)
 7 FCPATH\index.php(67): CodeIgniter\CodeIgniter->run()
CRITICAL - 2022-09-18 22:17:27 --> Invalid file: pages/assets.php
in SYSTEMPATH\Exceptions\FrameworkException.php on line 33.
 1 SYSTEMPATH\View\View.php(201): CodeIgniter\Exceptions\FrameworkException::forInvalidFile('pages/assets.php')
 2 SYSTEMPATH\Common.php(1142): CodeIgniter\View\View->render('pages/assets', [], true)
 3 APPPATH\Controllers\Pages.php(28): view('pages/assets', [...])
 4 SYSTEMPATH\CodeIgniter.php(907): App\Controllers\Pages->view('FCPATH\\assets', 'back', 'webfonts', 'fa-solid-900.woff2')
 5 SYSTEMPATH\CodeIgniter.php(457): CodeIgniter\CodeIgniter->runController(Object(App\Controllers\Pages))
 6 SYSTEMPATH\CodeIgniter.php(340): CodeIgniter\CodeIgniter->handleRequest(null, Object(Config\Cache), false)
 7 FCPATH\index.php(67): CodeIgniter\CodeIgniter->run()
CRITICAL - 2022-09-18 22:17:28 --> Invalid file: pages/assets.php
in SYSTEMPATH\Exceptions\FrameworkException.php on line 33.
 1 SYSTEMPATH\View\View.php(201): CodeIgniter\Exceptions\FrameworkException::forInvalidFile('pages/assets.php')
 2 SYSTEMPATH\Common.php(1142): CodeIgniter\View\View->render('pages/assets', [], true)
 3 APPPATH\Controllers\Pages.php(28): view('pages/assets', [...])
 4 SYSTEMPATH\CodeIgniter.php(907): App\Controllers\Pages->view('FCPATH\\assets', 'back', 'webfonts', 'fa-solid-900.woff')
 5 SYSTEMPATH\CodeIgniter.php(457): CodeIgniter\CodeIgniter->runController(Object(App\Controllers\Pages))
 6 SYSTEMPATH\CodeIgniter.php(340): CodeIgniter\CodeIgniter->handleRequest(null, Object(Config\Cache), false)
 7 FCPATH\index.php(67): CodeIgniter\CodeIgniter->run()
CRITICAL - 2022-09-18 22:17:28 --> Invalid file: pages/assets.php
in SYSTEMPATH\Exceptions\FrameworkException.php on line 33.
 1 SYSTEMPATH\View\View.php(201): CodeIgniter\Exceptions\FrameworkException::forInvalidFile('pages/assets.php')
 2 SYSTEMPATH\Common.php(1142): CodeIgniter\View\View->render('pages/assets', [], true)
 3 APPPATH\Controllers\Pages.php(28): view('pages/assets', [...])
 4 SYSTEMPATH\CodeIgniter.php(907): App\Controllers\Pages->view('FCPATH\\assets', 'back', 'webfonts', 'fa-solid-900.ttf')
 5 SYSTEMPATH\CodeIgniter.php(457): CodeIgniter\CodeIgniter->runController(Object(App\Controllers\Pages))
 6 SYSTEMPATH\CodeIgniter.php(340): CodeIgniter\CodeIgniter->handleRequest(null, Object(Config\Cache), false)
 7 FCPATH\index.php(67): CodeIgniter\CodeIgniter->run()
CRITICAL - 2022-09-18 22:17:31 --> Invalid file: pages/assets.php
in SYSTEMPATH\Exceptions\FrameworkException.php on line 33.
 1 SYSTEMPATH\View\View.php(201): CodeIgniter\Exceptions\FrameworkException::forInvalidFile('pages/assets.php')
 2 SYSTEMPATH\Common.php(1142): CodeIgniter\View\View->render('pages/assets', [], true)
 3 APPPATH\Controllers\Pages.php(28): view('pages/assets', [...])
 4 SYSTEMPATH\CodeIgniter.php(907): App\Controllers\Pages->view('FCPATH\\assets', 'back', 'webfonts', 'fa-solid-900.woff2')
 5 SYSTEMPATH\CodeIgniter.php(457): CodeIgniter\CodeIgniter->runController(Object(App\Controllers\Pages))
 6 SYSTEMPATH\CodeIgniter.php(340): CodeIgniter\CodeIgniter->handleRequest(null, Object(Config\Cache), false)
 7 FCPATH\index.php(67): CodeIgniter\CodeIgniter->run()
CRITICAL - 2022-09-18 22:17:31 --> Invalid file: pages/assets.php
in SYSTEMPATH\Exceptions\FrameworkException.php on line 33.
 1 SYSTEMPATH\View\View.php(201): CodeIgniter\Exceptions\FrameworkException::forInvalidFile('pages/assets.php')
 2 SYSTEMPATH\Common.php(1142): CodeIgniter\View\View->render('pages/assets', [], true)
 3 APPPATH\Controllers\Pages.php(28): view('pages/assets', [...])
 4 SYSTEMPATH\CodeIgniter.php(907): App\Controllers\Pages->view('FCPATH\\assets', 'back', 'webfonts', 'fa-solid-900.woff')
 5 SYSTEMPATH\CodeIgniter.php(457): CodeIgniter\CodeIgniter->runController(Object(App\Controllers\Pages))
 6 SYSTEMPATH\CodeIgniter.php(340): CodeIgniter\CodeIgniter->handleRequest(null, Object(Config\Cache), false)
 7 FCPATH\index.php(67): CodeIgniter\CodeIgniter->run()
CRITICAL - 2022-09-18 22:17:31 --> Invalid file: pages/assets.php
in SYSTEMPATH\Exceptions\FrameworkException.php on line 33.
 1 SYSTEMPATH\View\View.php(201): CodeIgniter\Exceptions\FrameworkException::forInvalidFile('pages/assets.php')
 2 SYSTEMPATH\Common.php(1142): CodeIgniter\View\View->render('pages/assets', [], true)
 3 APPPATH\Controllers\Pages.php(28): view('pages/assets', [...])
 4 SYSTEMPATH\CodeIgniter.php(907): App\Controllers\Pages->view('FCPATH\\assets', 'back', 'webfonts', 'fa-solid-900.ttf')
 5 SYSTEMPATH\CodeIgniter.php(457): CodeIgniter\CodeIgniter->runController(Object(App\Controllers\Pages))
 6 SYSTEMPATH\CodeIgniter.php(340): CodeIgniter\CodeIgniter->handleRequest(null, Object(Config\Cache), false)
 7 FCPATH\index.php(67): CodeIgniter\CodeIgniter->run()
CRITICAL - 2022-09-18 22:17:36 --> Invalid file: pages/assets.php
in SYSTEMPATH\Exceptions\FrameworkException.php on line 33.
 1 SYSTEMPATH\View\View.php(201): CodeIgniter\Exceptions\FrameworkException::forInvalidFile('pages/assets.php')
 2 SYSTEMPATH\Common.php(1142): CodeIgniter\View\View->render('pages/assets', [], true)
 3 APPPATH\Controllers\Pages.php(28): view('pages/assets', [...])
 4 SYSTEMPATH\CodeIgniter.php(907): App\Controllers\Pages->view('FCPATH\\assets', 'back', 'webfonts', 'fa-solid-900.woff2')
 5 SYSTEMPATH\CodeIgniter.php(457): CodeIgniter\CodeIgniter->runController(Object(App\Controllers\Pages))
 6 SYSTEMPATH\CodeIgniter.php(340): CodeIgniter\CodeIgniter->handleRequest(null, Object(Config\Cache), false)
 7 FCPATH\index.php(67): CodeIgniter\CodeIgniter->run()
CRITICAL - 2022-09-18 22:17:36 --> Invalid file: pages/assets.php
in SYSTEMPATH\Exceptions\FrameworkException.php on line 33.
 1 SYSTEMPATH\View\View.php(201): CodeIgniter\Exceptions\FrameworkException::forInvalidFile('pages/assets.php')
 2 SYSTEMPATH\Common.php(1142): CodeIgniter\View\View->render('pages/assets', [], true)
 3 APPPATH\Controllers\Pages.php(28): view('pages/assets', [...])
 4 SYSTEMPATH\CodeIgniter.php(907): App\Controllers\Pages->view('FCPATH\\assets', 'back', 'webfonts', 'fa-solid-900.woff')
 5 SYSTEMPATH\CodeIgniter.php(457): CodeIgniter\CodeIgniter->runController(Object(App\Controllers\Pages))
 6 SYSTEMPATH\CodeIgniter.php(340): CodeIgniter\CodeIgniter->handleRequest(null, Object(Config\Cache), false)
 7 FCPATH\index.php(67): CodeIgniter\CodeIgniter->run()
CRITICAL - 2022-09-18 22:17:36 --> Invalid file: pages/assets.php
in SYSTEMPATH\Exceptions\FrameworkException.php on line 33.
 1 SYSTEMPATH\View\View.php(201): CodeIgniter\Exceptions\FrameworkException::forInvalidFile('pages/assets.php')
 2 SYSTEMPATH\Common.php(1142): CodeIgniter\View\View->render('pages/assets', [], true)
 3 APPPATH\Controllers\Pages.php(28): view('pages/assets', [...])
 4 SYSTEMPATH\CodeIgniter.php(907): App\Controllers\Pages->view('FCPATH\\assets', 'back', 'webfonts', 'fa-solid-900.ttf')
 5 SYSTEMPATH\CodeIgniter.php(457): CodeIgniter\CodeIgniter->runController(Object(App\Controllers\Pages))
 6 SYSTEMPATH\CodeIgniter.php(340): CodeIgniter\CodeIgniter->handleRequest(null, Object(Config\Cache), false)
 7 FCPATH\index.php(67): CodeIgniter\CodeIgniter->run()
CRITICAL - 2022-09-18 22:18:14 --> Invalid file: pages/assets.php
in SYSTEMPATH\Exceptions\FrameworkException.php on line 33.
 1 SYSTEMPATH\View\View.php(201): CodeIgniter\Exceptions\FrameworkException::forInvalidFile('pages/assets.php')
 2 SYSTEMPATH\Common.php(1142): CodeIgniter\View\View->render('pages/assets', [], true)
 3 APPPATH\Controllers\Pages.php(28): view('pages/assets', [...])
 4 SYSTEMPATH\CodeIgniter.php(907): App\Controllers\Pages->view('FCPATH\\assets', 'back', 'webfonts', 'fa-solid-900.woff2')
 5 SYSTEMPATH\CodeIgniter.php(457): CodeIgniter\CodeIgniter->runController(Object(App\Controllers\Pages))
 6 SYSTEMPATH\CodeIgniter.php(340): CodeIgniter\CodeIgniter->handleRequest(null, Object(Config\Cache), false)
 7 FCPATH\index.php(67): CodeIgniter\CodeIgniter->run()
CRITICAL - 2022-09-18 22:18:14 --> Invalid file: pages/assets.php
in SYSTEMPATH\Exceptions\FrameworkException.php on line 33.
 1 SYSTEMPATH\View\View.php(201): CodeIgniter\Exceptions\FrameworkException::forInvalidFile('pages/assets.php')
 2 SYSTEMPATH\Common.php(1142): CodeIgniter\View\View->render('pages/assets', [], true)
 3 APPPATH\Controllers\Pages.php(28): view('pages/assets', [...])
 4 SYSTEMPATH\CodeIgniter.php(907): App\Controllers\Pages->view('FCPATH\\assets', 'back', 'webfonts', 'fa-solid-900.woff')
 5 SYSTEMPATH\CodeIgniter.php(457): CodeIgniter\CodeIgniter->runController(Object(App\Controllers\Pages))
 6 SYSTEMPATH\CodeIgniter.php(340): CodeIgniter\CodeIgniter->handleRequest(null, Object(Config\Cache), false)
 7 FCPATH\index.php(67): CodeIgniter\CodeIgniter->run()
CRITICAL - 2022-09-18 22:18:14 --> Invalid file: pages/assets.php
in SYSTEMPATH\Exceptions\FrameworkException.php on line 33.
 1 SYSTEMPATH\View\View.php(201): CodeIgniter\Exceptions\FrameworkException::forInvalidFile('pages/assets.php')
 2 SYSTEMPATH\Common.php(1142): CodeIgniter\View\View->render('pages/assets', [], true)
 3 APPPATH\Controllers\Pages.php(28): view('pages/assets', [...])
 4 SYSTEMPATH\CodeIgniter.php(907): App\Controllers\Pages->view('FCPATH\\assets', 'back', 'webfonts', 'fa-solid-900.ttf')
 5 SYSTEMPATH\CodeIgniter.php(457): CodeIgniter\CodeIgniter->runController(Object(App\Controllers\Pages))
 6 SYSTEMPATH\CodeIgniter.php(340): CodeIgniter\CodeIgniter->handleRequest(null, Object(Config\Cache), false)
 7 FCPATH\index.php(67): CodeIgniter\CodeIgniter->run()
CRITICAL - 2022-09-18 22:18:18 --> Invalid file: pages/assets.php
in SYSTEMPATH\Exceptions\FrameworkException.php on line 33.
 1 SYSTEMPATH\View\View.php(201): CodeIgniter\Exceptions\FrameworkException::forInvalidFile('pages/assets.php')
 2 SYSTEMPATH\Common.php(1142): CodeIgniter\View\View->render('pages/assets', [], true)
 3 APPPATH\Controllers\Pages.php(28): view('pages/assets', [...])
 4 SYSTEMPATH\CodeIgniter.php(907): App\Controllers\Pages->view('FCPATH\\assets', 'back', 'webfonts', 'fa-solid-900.woff2')
 5 SYSTEMPATH\CodeIgniter.php(457): CodeIgniter\CodeIgniter->runController(Object(App\Controllers\Pages))
 6 SYSTEMPATH\CodeIgniter.php(340): CodeIgniter\CodeIgniter->handleRequest(null, Object(Config\Cache), false)
 7 FCPATH\index.php(67): CodeIgniter\CodeIgniter->run()
CRITICAL - 2022-09-18 22:18:19 --> Invalid file: pages/assets.php
in SYSTEMPATH\Exceptions\FrameworkException.php on line 33.
 1 SYSTEMPATH\View\View.php(201): CodeIgniter\Exceptions\FrameworkException::forInvalidFile('pages/assets.php')
 2 SYSTEMPATH\Common.php(1142): CodeIgniter\View\View->render('pages/assets', [], true)
 3 APPPATH\Controllers\Pages.php(28): view('pages/assets', [...])
 4 SYSTEMPATH\CodeIgniter.php(907): App\Controllers\Pages->view('FCPATH\\assets', 'back', 'webfonts', 'fa-solid-900.woff')
 5 SYSTEMPATH\CodeIgniter.php(457): CodeIgniter\CodeIgniter->runController(Object(App\Controllers\Pages))
 6 SYSTEMPATH\CodeIgniter.php(340): CodeIgniter\CodeIgniter->handleRequest(null, Object(Config\Cache), false)
 7 FCPATH\index.php(67): CodeIgniter\CodeIgniter->run()
CRITICAL - 2022-09-18 22:18:19 --> Invalid file: pages/assets.php
in SYSTEMPATH\Exceptions\FrameworkException.php on line 33.
 1 SYSTEMPATH\View\View.php(201): CodeIgniter\Exceptions\FrameworkException::forInvalidFile('pages/assets.php')
 2 SYSTEMPATH\Common.php(1142): CodeIgniter\View\View->render('pages/assets', [], true)
 3 APPPATH\Controllers\Pages.php(28): view('pages/assets', [...])
 4 SYSTEMPATH\CodeIgniter.php(907): App\Controllers\Pages->view('FCPATH\\assets', 'back', 'webfonts', 'fa-solid-900.ttf')
 5 SYSTEMPATH\CodeIgniter.php(457): CodeIgniter\CodeIgniter->runController(Object(App\Controllers\Pages))
 6 SYSTEMPATH\CodeIgniter.php(340): CodeIgniter\CodeIgniter->handleRequest(null, Object(Config\Cache), false)
 7 FCPATH\index.php(67): CodeIgniter\CodeIgniter->run()
CRITICAL - 2022-09-18 22:20:01 --> Invalid file: pages/assets.php
in SYSTEMPATH\Exceptions\FrameworkException.php on line 33.
 1 SYSTEMPATH\View\View.php(201): CodeIgniter\Exceptions\FrameworkException::forInvalidFile('pages/assets.php')
 2 SYSTEMPATH\Common.php(1142): CodeIgniter\View\View->render('pages/assets', [], true)
 3 APPPATH\Controllers\Pages.php(28): view('pages/assets', [...])
 4 SYSTEMPATH\CodeIgniter.php(907): App\Controllers\Pages->view('FCPATH\\assets', 'back', 'webfonts', 'fa-solid-900.woff2')
 5 SYSTEMPATH\CodeIgniter.php(457): CodeIgniter\CodeIgniter->runController(Object(App\Controllers\Pages))
 6 SYSTEMPATH\CodeIgniter.php(340): CodeIgniter\CodeIgniter->handleRequest(null, Object(Config\Cache), false)
 7 FCPATH\index.php(67): CodeIgniter\CodeIgniter->run()
CRITICAL - 2022-09-18 22:20:01 --> Invalid file: pages/assets.php
in SYSTEMPATH\Exceptions\FrameworkException.php on line 33.
 1 SYSTEMPATH\View\View.php(201): CodeIgniter\Exceptions\FrameworkException::forInvalidFile('pages/assets.php')
 2 SYSTEMPATH\Common.php(1142): CodeIgniter\View\View->render('pages/assets', [], true)
 3 APPPATH\Controllers\Pages.php(28): view('pages/assets', [...])
 4 SYSTEMPATH\CodeIgniter.php(907): App\Controllers\Pages->view('FCPATH\\assets', 'back', 'webfonts', 'fa-solid-900.woff')
 5 SYSTEMPATH\CodeIgniter.php(457): CodeIgniter\CodeIgniter->runController(Object(App\Controllers\Pages))
 6 SYSTEMPATH\CodeIgniter.php(340): CodeIgniter\CodeIgniter->handleRequest(null, Object(Config\Cache), false)
 7 FCPATH\index.php(67): CodeIgniter\CodeIgniter->run()
CRITICAL - 2022-09-18 22:20:01 --> Invalid file: pages/assets.php
in SYSTEMPATH\Exceptions\FrameworkException.php on line 33.
 1 SYSTEMPATH\View\View.php(201): CodeIgniter\Exceptions\FrameworkException::forInvalidFile('pages/assets.php')
 2 SYSTEMPATH\Common.php(1142): CodeIgniter\View\View->render('pages/assets', [], true)
 3 APPPATH\Controllers\Pages.php(28): view('pages/assets', [...])
 4 SYSTEMPATH\CodeIgniter.php(907): App\Controllers\Pages->view('FCPATH\\assets', 'back', 'webfonts', 'fa-solid-900.ttf')
 5 SYSTEMPATH\CodeIgniter.php(457): CodeIgniter\CodeIgniter->runController(Object(App\Controllers\Pages))
 6 SYSTEMPATH\CodeIgniter.php(340): CodeIgniter\CodeIgniter->handleRequest(null, Object(Config\Cache), false)
 7 FCPATH\index.php(67): CodeIgniter\CodeIgniter->run()
CRITICAL - 2022-09-18 22:20:05 --> Invalid file: pages/assets.php
in SYSTEMPATH\Exceptions\FrameworkException.php on line 33.
 1 SYSTEMPATH\View\View.php(201): CodeIgniter\Exceptions\FrameworkException::forInvalidFile('pages/assets.php')
 2 SYSTEMPATH\Common.php(1142): CodeIgniter\View\View->render('pages/assets', [], true)
 3 APPPATH\Controllers\Pages.php(28): view('pages/assets', [...])
 4 SYSTEMPATH\CodeIgniter.php(907): App\Controllers\Pages->view('FCPATH\\assets', 'back', 'webfonts', 'fa-solid-900.woff2')
 5 SYSTEMPATH\CodeIgniter.php(457): CodeIgniter\CodeIgniter->runController(Object(App\Controllers\Pages))
 6 SYSTEMPATH\CodeIgniter.php(340): CodeIgniter\CodeIgniter->handleRequest(null, Object(Config\Cache), false)
 7 FCPATH\index.php(67): CodeIgniter\CodeIgniter->run()
CRITICAL - 2022-09-18 22:20:05 --> Invalid file: pages/assets.php
in SYSTEMPATH\Exceptions\FrameworkException.php on line 33.
 1 SYSTEMPATH\View\View.php(201): CodeIgniter\Exceptions\FrameworkException::forInvalidFile('pages/assets.php')
 2 SYSTEMPATH\Common.php(1142): CodeIgniter\View\View->render('pages/assets', [], true)
 3 APPPATH\Controllers\Pages.php(28): view('pages/assets', [...])
 4 SYSTEMPATH\CodeIgniter.php(907): App\Controllers\Pages->view('FCPATH\\assets', 'back', 'webfonts', 'fa-solid-900.woff')
 5 SYSTEMPATH\CodeIgniter.php(457): CodeIgniter\CodeIgniter->runController(Object(App\Controllers\Pages))
 6 SYSTEMPATH\CodeIgniter.php(340): CodeIgniter\CodeIgniter->handleRequest(null, Object(Config\Cache), false)
 7 FCPATH\index.php(67): CodeIgniter\CodeIgniter->run()
CRITICAL - 2022-09-18 22:20:06 --> Invalid file: pages/assets.php
in SYSTEMPATH\Exceptions\FrameworkException.php on line 33.
 1 SYSTEMPATH\View\View.php(201): CodeIgniter\Exceptions\FrameworkException::forInvalidFile('pages/assets.php')
 2 SYSTEMPATH\Common.php(1142): CodeIgniter\View\View->render('pages/assets', [], true)
 3 APPPATH\Controllers\Pages.php(28): view('pages/assets', [...])
 4 SYSTEMPATH\CodeIgniter.php(907): App\Controllers\Pages->view('FCPATH\\assets', 'back', 'webfonts', 'fa-solid-900.ttf')
 5 SYSTEMPATH\CodeIgniter.php(457): CodeIgniter\CodeIgniter->runController(Object(App\Controllers\Pages))
 6 SYSTEMPATH\CodeIgniter.php(340): CodeIgniter\CodeIgniter->handleRequest(null, Object(Config\Cache), false)
 7 FCPATH\index.php(67): CodeIgniter\CodeIgniter->run()
CRITICAL - 2022-09-18 22:20:11 --> Invalid file: pages/assets.php
in SYSTEMPATH\Exceptions\FrameworkException.php on line 33.
 1 SYSTEMPATH\View\View.php(201): CodeIgniter\Exceptions\FrameworkException::forInvalidFile('pages/assets.php')
 2 SYSTEMPATH\Common.php(1142): CodeIgniter\View\View->render('pages/assets', [], true)
 3 APPPATH\Controllers\Pages.php(28): view('pages/assets', [...])
 4 SYSTEMPATH\CodeIgniter.php(907): App\Controllers\Pages->view('FCPATH\\assets', 'back', 'webfonts', 'fa-solid-900.woff2')
 5 SYSTEMPATH\CodeIgniter.php(457): CodeIgniter\CodeIgniter->runController(Object(App\Controllers\Pages))
 6 SYSTEMPATH\CodeIgniter.php(340): CodeIgniter\CodeIgniter->handleRequest(null, Object(Config\Cache), false)
 7 FCPATH\index.php(67): CodeIgniter\CodeIgniter->run()
CRITICAL - 2022-09-18 22:20:11 --> Invalid file: pages/assets.php
in SYSTEMPATH\Exceptions\FrameworkException.php on line 33.
 1 SYSTEMPATH\View\View.php(201): CodeIgniter\Exceptions\FrameworkException::forInvalidFile('pages/assets.php')
 2 SYSTEMPATH\Common.php(1142): CodeIgniter\View\View->render('pages/assets', [], true)
 3 APPPATH\Controllers\Pages.php(28): view('pages/assets', [...])
 4 SYSTEMPATH\CodeIgniter.php(907): App\Controllers\Pages->view('FCPATH\\assets', 'back', 'webfonts', 'fa-solid-900.woff')
 5 SYSTEMPATH\CodeIgniter.php(457): CodeIgniter\CodeIgniter->runController(Object(App\Controllers\Pages))
 6 SYSTEMPATH\CodeIgniter.php(340): CodeIgniter\CodeIgniter->handleRequest(null, Object(Config\Cache), false)
 7 FCPATH\index.php(67): CodeIgniter\CodeIgniter->run()
CRITICAL - 2022-09-18 22:20:11 --> Invalid file: pages/assets.php
in SYSTEMPATH\Exceptions\FrameworkException.php on line 33.
 1 SYSTEMPATH\View\View.php(201): CodeIgniter\Exceptions\FrameworkException::forInvalidFile('pages/assets.php')
 2 SYSTEMPATH\Common.php(1142): CodeIgniter\View\View->render('pages/assets', [], true)
 3 APPPATH\Controllers\Pages.php(28): view('pages/assets', [...])
 4 SYSTEMPATH\CodeIgniter.php(907): App\Controllers\Pages->view('FCPATH\\assets', 'back', 'webfonts', 'fa-solid-900.ttf')
 5 SYSTEMPATH\CodeIgniter.php(457): CodeIgniter\CodeIgniter->runController(Object(App\Controllers\Pages))
 6 SYSTEMPATH\CodeIgniter.php(340): CodeIgniter\CodeIgniter->handleRequest(null, Object(Config\Cache), false)
 7 FCPATH\index.php(67): CodeIgniter\CodeIgniter->run()
CRITICAL - 2022-09-18 22:20:25 --> Invalid file: pages/assets.php
in SYSTEMPATH\Exceptions\FrameworkException.php on line 33.
 1 SYSTEMPATH\View\View.php(201): CodeIgniter\Exceptions\FrameworkException::forInvalidFile('pages/assets.php')
 2 SYSTEMPATH\Common.php(1142): CodeIgniter\View\View->render('pages/assets', [], true)
 3 APPPATH\Controllers\Pages.php(28): view('pages/assets', [...])
 4 SYSTEMPATH\CodeIgniter.php(907): App\Controllers\Pages->view('FCPATH\\assets', 'back', 'webfonts', 'fa-solid-900.woff2')
 5 SYSTEMPATH\CodeIgniter.php(457): CodeIgniter\CodeIgniter->runController(Object(App\Controllers\Pages))
 6 SYSTEMPATH\CodeIgniter.php(340): CodeIgniter\CodeIgniter->handleRequest(null, Object(Config\Cache), false)
 7 FCPATH\index.php(67): CodeIgniter\CodeIgniter->run()
CRITICAL - 2022-09-18 22:20:25 --> Invalid file: pages/assets.php
in SYSTEMPATH\Exceptions\FrameworkException.php on line 33.
 1 SYSTEMPATH\View\View.php(201): CodeIgniter\Exceptions\FrameworkException::forInvalidFile('pages/assets.php')
 2 SYSTEMPATH\Common.php(1142): CodeIgniter\View\View->render('pages/assets', [], true)
 3 APPPATH\Controllers\Pages.php(28): view('pages/assets', [...])
 4 SYSTEMPATH\CodeIgniter.php(907): App\Controllers\Pages->view('FCPATH\\assets', 'back', 'webfonts', 'fa-solid-900.woff')
 5 SYSTEMPATH\CodeIgniter.php(457): CodeIgniter\CodeIgniter->runController(Object(App\Controllers\Pages))
 6 SYSTEMPATH\CodeIgniter.php(340): CodeIgniter\CodeIgniter->handleRequest(null, Object(Config\Cache), false)
 7 FCPATH\index.php(67): CodeIgniter\CodeIgniter->run()
CRITICAL - 2022-09-18 22:20:25 --> Invalid file: pages/assets.php
in SYSTEMPATH\Exceptions\FrameworkException.php on line 33.
 1 SYSTEMPATH\View\View.php(201): CodeIgniter\Exceptions\FrameworkException::forInvalidFile('pages/assets.php')
 2 SYSTEMPATH\Common.php(1142): CodeIgniter\View\View->render('pages/assets', [], true)
 3 APPPATH\Controllers\Pages.php(28): view('pages/assets', [...])
 4 SYSTEMPATH\CodeIgniter.php(907): App\Controllers\Pages->view('FCPATH\\assets', 'back', 'webfonts', 'fa-solid-900.ttf')
 5 SYSTEMPATH\CodeIgniter.php(457): CodeIgniter\CodeIgniter->runController(Object(App\Controllers\Pages))
 6 SYSTEMPATH\CodeIgniter.php(340): CodeIgniter\CodeIgniter->handleRequest(null, Object(Config\Cache), false)
 7 FCPATH\index.php(67): CodeIgniter\CodeIgniter->run()
CRITICAL - 2022-09-18 22:20:31 --> Invalid file: pages/assets.php
in SYSTEMPATH\Exceptions\FrameworkException.php on line 33.
 1 SYSTEMPATH\View\View.php(201): CodeIgniter\Exceptions\FrameworkException::forInvalidFile('pages/assets.php')
 2 SYSTEMPATH\Common.php(1142): CodeIgniter\View\View->render('pages/assets', [], true)
 3 APPPATH\Controllers\Pages.php(28): view('pages/assets', [...])
 4 SYSTEMPATH\CodeIgniter.php(907): App\Controllers\Pages->view('FCPATH\\assets', 'back', 'webfonts', 'fa-solid-900.woff2')
 5 SYSTEMPATH\CodeIgniter.php(457): CodeIgniter\CodeIgniter->runController(Object(App\Controllers\Pages))
 6 SYSTEMPATH\CodeIgniter.php(340): CodeIgniter\CodeIgniter->handleRequest(null, Object(Config\Cache), false)
 7 FCPATH\index.php(67): CodeIgniter\CodeIgniter->run()
CRITICAL - 2022-09-18 22:20:32 --> Invalid file: pages/assets.php
in SYSTEMPATH\Exceptions\FrameworkException.php on line 33.
 1 SYSTEMPATH\View\View.php(201): CodeIgniter\Exceptions\FrameworkException::forInvalidFile('pages/assets.php')
 2 SYSTEMPATH\Common.php(1142): CodeIgniter\View\View->render('pages/assets', [], true)
 3 APPPATH\Controllers\Pages.php(28): view('pages/assets', [...])
 4 SYSTEMPATH\CodeIgniter.php(907): App\Controllers\Pages->view('FCPATH\\assets', 'back', 'webfonts', 'fa-solid-900.woff')
 5 SYSTEMPATH\CodeIgniter.php(457): CodeIgniter\CodeIgniter->runController(Object(App\Controllers\Pages))
 6 SYSTEMPATH\CodeIgniter.php(340): CodeIgniter\CodeIgniter->handleRequest(null, Object(Config\Cache), false)
 7 FCPATH\index.php(67): CodeIgniter\CodeIgniter->run()
CRITICAL - 2022-09-18 22:20:32 --> Invalid file: pages/assets.php
in SYSTEMPATH\Exceptions\FrameworkException.php on line 33.
 1 SYSTEMPATH\View\View.php(201): CodeIgniter\Exceptions\FrameworkException::forInvalidFile('pages/assets.php')
 2 SYSTEMPATH\Common.php(1142): CodeIgniter\View\View->render('pages/assets', [], true)
 3 APPPATH\Controllers\Pages.php(28): view('pages/assets', [...])
 4 SYSTEMPATH\CodeIgniter.php(907): App\Controllers\Pages->view('FCPATH\\assets', 'back', 'webfonts', 'fa-solid-900.ttf')
 5 SYSTEMPATH\CodeIgniter.php(457): CodeIgniter\CodeIgniter->runController(Object(App\Controllers\Pages))
 6 SYSTEMPATH\CodeIgniter.php(340): CodeIgniter\CodeIgniter->handleRequest(null, Object(Config\Cache), false)
 7 FCPATH\index.php(67): CodeIgniter\CodeIgniter->run()
CRITICAL - 2022-09-18 22:21:05 --> Invalid file: pages/assets.php
in SYSTEMPATH\Exceptions\FrameworkException.php on line 33.
 1 SYSTEMPATH\View\View.php(201): CodeIgniter\Exceptions\FrameworkException::forInvalidFile('pages/assets.php')
 2 SYSTEMPATH\Common.php(1142): CodeIgniter\View\View->render('pages/assets', [], true)
 3 APPPATH\Controllers\Pages.php(28): view('pages/assets', [...])
 4 SYSTEMPATH\CodeIgniter.php(907): App\Controllers\Pages->view('FCPATH\\assets', 'back', 'webfonts', 'fa-solid-900.woff2')
 5 SYSTEMPATH\CodeIgniter.php(457): CodeIgniter\CodeIgniter->runController(Object(App\Controllers\Pages))
 6 SYSTEMPATH\CodeIgniter.php(340): CodeIgniter\CodeIgniter->handleRequest(null, Object(Config\Cache), false)
 7 FCPATH\index.php(67): CodeIgniter\CodeIgniter->run()
CRITICAL - 2022-09-18 22:21:05 --> Invalid file: pages/assets.php
in SYSTEMPATH\Exceptions\FrameworkException.php on line 33.
 1 SYSTEMPATH\View\View.php(201): CodeIgniter\Exceptions\FrameworkException::forInvalidFile('pages/assets.php')
 2 SYSTEMPATH\Common.php(1142): CodeIgniter\View\View->render('pages/assets', [], true)
 3 APPPATH\Controllers\Pages.php(28): view('pages/assets', [...])
 4 SYSTEMPATH\CodeIgniter.php(907): App\Controllers\Pages->view('FCPATH\\assets', 'back', 'webfonts', 'fa-solid-900.woff')
 5 SYSTEMPATH\CodeIgniter.php(457): CodeIgniter\CodeIgniter->runController(Object(App\Controllers\Pages))
 6 SYSTEMPATH\CodeIgniter.php(340): CodeIgniter\CodeIgniter->handleRequest(null, Object(Config\Cache), false)
 7 FCPATH\index.php(67): CodeIgniter\CodeIgniter->run()
CRITICAL - 2022-09-18 22:21:05 --> Invalid file: pages/assets.php
in SYSTEMPATH\Exceptions\FrameworkException.php on line 33.
 1 SYSTEMPATH\View\View.php(201): CodeIgniter\Exceptions\FrameworkException::forInvalidFile('pages/assets.php')
 2 SYSTEMPATH\Common.php(1142): CodeIgniter\View\View->render('pages/assets', [], true)
 3 APPPATH\Controllers\Pages.php(28): view('pages/assets', [...])
 4 SYSTEMPATH\CodeIgniter.php(907): App\Controllers\Pages->view('FCPATH\\assets', 'back', 'webfonts', 'fa-solid-900.ttf')
 5 SYSTEMPATH\CodeIgniter.php(457): CodeIgniter\CodeIgniter->runController(Object(App\Controllers\Pages))
 6 SYSTEMPATH\CodeIgniter.php(340): CodeIgniter\CodeIgniter->handleRequest(null, Object(Config\Cache), false)
 7 FCPATH\index.php(67): CodeIgniter\CodeIgniter->run()
CRITICAL - 2022-09-18 22:21:10 --> Invalid file: pages/assets.php
in SYSTEMPATH\Exceptions\FrameworkException.php on line 33.
 1 SYSTEMPATH\View\View.php(201): CodeIgniter\Exceptions\FrameworkException::forInvalidFile('pages/assets.php')
 2 SYSTEMPATH\Common.php(1142): CodeIgniter\View\View->render('pages/assets', [], true)
 3 APPPATH\Controllers\Pages.php(28): view('pages/assets', [...])
 4 SYSTEMPATH\CodeIgniter.php(907): App\Controllers\Pages->view('FCPATH\\assets', 'back', 'webfonts', 'fa-solid-900.woff2')
 5 SYSTEMPATH\CodeIgniter.php(457): CodeIgniter\CodeIgniter->runController(Object(App\Controllers\Pages))
 6 SYSTEMPATH\CodeIgniter.php(340): CodeIgniter\CodeIgniter->handleRequest(null, Object(Config\Cache), false)
 7 FCPATH\index.php(67): CodeIgniter\CodeIgniter->run()
CRITICAL - 2022-09-18 22:21:10 --> Invalid file: pages/assets.php
in SYSTEMPATH\Exceptions\FrameworkException.php on line 33.
 1 SYSTEMPATH\View\View.php(201): CodeIgniter\Exceptions\FrameworkException::forInvalidFile('pages/assets.php')
 2 SYSTEMPATH\Common.php(1142): CodeIgniter\View\View->render('pages/assets', [], true)
 3 APPPATH\Controllers\Pages.php(28): view('pages/assets', [...])
 4 SYSTEMPATH\CodeIgniter.php(907): App\Controllers\Pages->view('FCPATH\\assets', 'back', 'webfonts', 'fa-solid-900.woff')
 5 SYSTEMPATH\CodeIgniter.php(457): CodeIgniter\CodeIgniter->runController(Object(App\Controllers\Pages))
 6 SYSTEMPATH\CodeIgniter.php(340): CodeIgniter\CodeIgniter->handleRequest(null, Object(Config\Cache), false)
 7 FCPATH\index.php(67): CodeIgniter\CodeIgniter->run()
CRITICAL - 2022-09-18 22:21:10 --> Invalid file: pages/assets.php
in SYSTEMPATH\Exceptions\FrameworkException.php on line 33.
 1 SYSTEMPATH\View\View.php(201): CodeIgniter\Exceptions\FrameworkException::forInvalidFile('pages/assets.php')
 2 SYSTEMPATH\Common.php(1142): CodeIgniter\View\View->render('pages/assets', [], true)
 3 APPPATH\Controllers\Pages.php(28): view('pages/assets', [...])
 4 SYSTEMPATH\CodeIgniter.php(907): App\Controllers\Pages->view('FCPATH\\assets', 'back', 'webfonts', 'fa-solid-900.ttf')
 5 SYSTEMPATH\CodeIgniter.php(457): CodeIgniter\CodeIgniter->runController(Object(App\Controllers\Pages))
 6 SYSTEMPATH\CodeIgniter.php(340): CodeIgniter\CodeIgniter->handleRequest(null, Object(Config\Cache), false)
 7 FCPATH\index.php(67): CodeIgniter\CodeIgniter->run()
CRITICAL - 2022-09-18 22:21:13 --> Invalid file: pages/assets.php
in SYSTEMPATH\Exceptions\FrameworkException.php on line 33.
 1 SYSTEMPATH\View\View.php(201): CodeIgniter\Exceptions\FrameworkException::forInvalidFile('pages/assets.php')
 2 SYSTEMPATH\Common.php(1142): CodeIgniter\View\View->render('pages/assets', [], true)
 3 APPPATH\Controllers\Pages.php(28): view('pages/assets', [...])
 4 SYSTEMPATH\CodeIgniter.php(907): App\Controllers\Pages->view('FCPATH\\assets', 'back', 'webfonts', 'fa-solid-900.woff2')
 5 SYSTEMPATH\CodeIgniter.php(457): CodeIgniter\CodeIgniter->runController(Object(App\Controllers\Pages))
 6 SYSTEMPATH\CodeIgniter.php(340): CodeIgniter\CodeIgniter->handleRequest(null, Object(Config\Cache), false)
 7 FCPATH\index.php(67): CodeIgniter\CodeIgniter->run()
CRITICAL - 2022-09-18 22:21:13 --> Invalid file: pages/assets.php
in SYSTEMPATH\Exceptions\FrameworkException.php on line 33.
 1 SYSTEMPATH\View\View.php(201): CodeIgniter\Exceptions\FrameworkException::forInvalidFile('pages/assets.php')
 2 SYSTEMPATH\Common.php(1142): CodeIgniter\View\View->render('pages/assets', [], true)
 3 APPPATH\Controllers\Pages.php(28): view('pages/assets', [...])
 4 SYSTEMPATH\CodeIgniter.php(907): App\Controllers\Pages->view('FCPATH\\assets', 'back', 'webfonts', 'fa-solid-900.woff')
 5 SYSTEMPATH\CodeIgniter.php(457): CodeIgniter\CodeIgniter->runController(Object(App\Controllers\Pages))
 6 SYSTEMPATH\CodeIgniter.php(340): CodeIgniter\CodeIgniter->handleRequest(null, Object(Config\Cache), false)
 7 FCPATH\index.php(67): CodeIgniter\CodeIgniter->run()
CRITICAL - 2022-09-18 22:21:13 --> Invalid file: pages/assets.php
in SYSTEMPATH\Exceptions\FrameworkException.php on line 33.
 1 SYSTEMPATH\View\View.php(201): CodeIgniter\Exceptions\FrameworkException::forInvalidFile('pages/assets.php')
 2 SYSTEMPATH\Common.php(1142): CodeIgniter\View\View->render('pages/assets', [], true)
 3 APPPATH\Controllers\Pages.php(28): view('pages/assets', [...])
 4 SYSTEMPATH\CodeIgniter.php(907): App\Controllers\Pages->view('FCPATH\\assets', 'back', 'webfonts', 'fa-solid-900.ttf')
 5 SYSTEMPATH\CodeIgniter.php(457): CodeIgniter\CodeIgniter->runController(Object(App\Controllers\Pages))
 6 SYSTEMPATH\CodeIgniter.php(340): CodeIgniter\CodeIgniter->handleRequest(null, Object(Config\Cache), false)
 7 FCPATH\index.php(67): CodeIgniter\CodeIgniter->run()
CRITICAL - 2022-09-18 22:23:41 --> Invalid file: pages/assets.php
in SYSTEMPATH\Exceptions\FrameworkException.php on line 33.
 1 SYSTEMPATH\View\View.php(201): CodeIgniter\Exceptions\FrameworkException::forInvalidFile('pages/assets.php')
 2 SYSTEMPATH\Common.php(1142): CodeIgniter\View\View->render('pages/assets', [], true)
 3 APPPATH\Controllers\Pages.php(28): view('pages/assets', [...])
 4 SYSTEMPATH\CodeIgniter.php(907): App\Controllers\Pages->view('FCPATH\\assets', 'back', 'webfonts', 'fa-solid-900.woff2')
 5 SYSTEMPATH\CodeIgniter.php(457): CodeIgniter\CodeIgniter->runController(Object(App\Controllers\Pages))
 6 SYSTEMPATH\CodeIgniter.php(340): CodeIgniter\CodeIgniter->handleRequest(null, Object(Config\Cache), false)
 7 FCPATH\index.php(67): CodeIgniter\CodeIgniter->run()
CRITICAL - 2022-09-18 22:23:41 --> Invalid file: pages/assets.php
in SYSTEMPATH\Exceptions\FrameworkException.php on line 33.
 1 SYSTEMPATH\View\View.php(201): CodeIgniter\Exceptions\FrameworkException::forInvalidFile('pages/assets.php')
 2 SYSTEMPATH\Common.php(1142): CodeIgniter\View\View->render('pages/assets', [], true)
 3 APPPATH\Controllers\Pages.php(28): view('pages/assets', [...])
 4 SYSTEMPATH\CodeIgniter.php(907): App\Controllers\Pages->view('FCPATH\\assets', 'back', 'webfonts', 'fa-solid-900.woff')
 5 SYSTEMPATH\CodeIgniter.php(457): CodeIgniter\CodeIgniter->runController(Object(App\Controllers\Pages))
 6 SYSTEMPATH\CodeIgniter.php(340): CodeIgniter\CodeIgniter->handleRequest(null, Object(Config\Cache), false)
 7 FCPATH\index.php(67): CodeIgniter\CodeIgniter->run()
CRITICAL - 2022-09-18 22:23:41 --> Invalid file: pages/assets.php
in SYSTEMPATH\Exceptions\FrameworkException.php on line 33.
 1 SYSTEMPATH\View\View.php(201): CodeIgniter\Exceptions\FrameworkException::forInvalidFile('pages/assets.php')
 2 SYSTEMPATH\Common.php(1142): CodeIgniter\View\View->render('pages/assets', [], true)
 3 APPPATH\Controllers\Pages.php(28): view('pages/assets', [...])
 4 SYSTEMPATH\CodeIgniter.php(907): App\Controllers\Pages->view('FCPATH\\assets', 'back', 'webfonts', 'fa-solid-900.ttf')
 5 SYSTEMPATH\CodeIgniter.php(457): CodeIgniter\CodeIgniter->runController(Object(App\Controllers\Pages))
 6 SYSTEMPATH\CodeIgniter.php(340): CodeIgniter\CodeIgniter->handleRequest(null, Object(Config\Cache), false)
 7 FCPATH\index.php(67): CodeIgniter\CodeIgniter->run()
CRITICAL - 2022-09-18 22:23:46 --> Invalid file: pages/assets.php
in SYSTEMPATH\Exceptions\FrameworkException.php on line 33.
 1 SYSTEMPATH\View\View.php(201): CodeIgniter\Exceptions\FrameworkException::forInvalidFile('pages/assets.php')
 2 SYSTEMPATH\Common.php(1142): CodeIgniter\View\View->render('pages/assets', [], true)
 3 APPPATH\Controllers\Pages.php(28): view('pages/assets', [...])
 4 SYSTEMPATH\CodeIgniter.php(907): App\Controllers\Pages->view('FCPATH\\assets', 'back', 'webfonts', 'fa-solid-900.woff2')
 5 SYSTEMPATH\CodeIgniter.php(457): CodeIgniter\CodeIgniter->runController(Object(App\Controllers\Pages))
 6 SYSTEMPATH\CodeIgniter.php(340): CodeIgniter\CodeIgniter->handleRequest(null, Object(Config\Cache), false)
 7 FCPATH\index.php(67): CodeIgniter\CodeIgniter->run()
CRITICAL - 2022-09-18 22:23:46 --> Invalid file: pages/assets.php
in SYSTEMPATH\Exceptions\FrameworkException.php on line 33.
 1 SYSTEMPATH\View\View.php(201): CodeIgniter\Exceptions\FrameworkException::forInvalidFile('pages/assets.php')
 2 SYSTEMPATH\Common.php(1142): CodeIgniter\View\View->render('pages/assets', [], true)
 3 APPPATH\Controllers\Pages.php(28): view('pages/assets', [...])
 4 SYSTEMPATH\CodeIgniter.php(907): App\Controllers\Pages->view('FCPATH\\assets', 'back', 'webfonts', 'fa-solid-900.woff')
 5 SYSTEMPATH\CodeIgniter.php(457): CodeIgniter\CodeIgniter->runController(Object(App\Controllers\Pages))
 6 SYSTEMPATH\CodeIgniter.php(340): CodeIgniter\CodeIgniter->handleRequest(null, Object(Config\Cache), false)
 7 FCPATH\index.php(67): CodeIgniter\CodeIgniter->run()
CRITICAL - 2022-09-18 22:23:46 --> Invalid file: pages/assets.php
in SYSTEMPATH\Exceptions\FrameworkException.php on line 33.
 1 SYSTEMPATH\View\View.php(201): CodeIgniter\Exceptions\FrameworkException::forInvalidFile('pages/assets.php')
 2 SYSTEMPATH\Common.php(1142): CodeIgniter\View\View->render('pages/assets', [], true)
 3 APPPATH\Controllers\Pages.php(28): view('pages/assets', [...])
 4 SYSTEMPATH\CodeIgniter.php(907): App\Controllers\Pages->view('FCPATH\\assets', 'back', 'webfonts', 'fa-solid-900.ttf')
 5 SYSTEMPATH\CodeIgniter.php(457): CodeIgniter\CodeIgniter->runController(Object(App\Controllers\Pages))
 6 SYSTEMPATH\CodeIgniter.php(340): CodeIgniter\CodeIgniter->handleRequest(null, Object(Config\Cache), false)
 7 FCPATH\index.php(67): CodeIgniter\CodeIgniter->run()
CRITICAL - 2022-09-18 22:24:55 --> Invalid file: pages/assets.php
in SYSTEMPATH\Exceptions\FrameworkException.php on line 33.
 1 SYSTEMPATH\View\View.php(201): CodeIgniter\Exceptions\FrameworkException::forInvalidFile('pages/assets.php')
 2 SYSTEMPATH\Common.php(1142): CodeIgniter\View\View->render('pages/assets', [], true)
 3 APPPATH\Controllers\Pages.php(28): view('pages/assets', [...])
 4 SYSTEMPATH\CodeIgniter.php(907): App\Controllers\Pages->view('FCPATH\\assets', 'back', 'webfonts', 'fa-solid-900.woff2')
 5 SYSTEMPATH\CodeIgniter.php(457): CodeIgniter\CodeIgniter->runController(Object(App\Controllers\Pages))
 6 SYSTEMPATH\CodeIgniter.php(340): CodeIgniter\CodeIgniter->handleRequest(null, Object(Config\Cache), false)
 7 FCPATH\index.php(67): CodeIgniter\CodeIgniter->run()
CRITICAL - 2022-09-18 22:24:55 --> Invalid file: pages/assets.php
in SYSTEMPATH\Exceptions\FrameworkException.php on line 33.
 1 SYSTEMPATH\View\View.php(201): CodeIgniter\Exceptions\FrameworkException::forInvalidFile('pages/assets.php')
 2 SYSTEMPATH\Common.php(1142): CodeIgniter\View\View->render('pages/assets', [], true)
 3 APPPATH\Controllers\Pages.php(28): view('pages/assets', [...])
 4 SYSTEMPATH\CodeIgniter.php(907): App\Controllers\Pages->view('FCPATH\\assets', 'back', 'webfonts', 'fa-solid-900.woff')
 5 SYSTEMPATH\CodeIgniter.php(457): CodeIgniter\CodeIgniter->runController(Object(App\Controllers\Pages))
 6 SYSTEMPATH\CodeIgniter.php(340): CodeIgniter\CodeIgniter->handleRequest(null, Object(Config\Cache), false)
 7 FCPATH\index.php(67): CodeIgniter\CodeIgniter->run()
CRITICAL - 2022-09-18 22:24:55 --> Invalid file: pages/assets.php
in SYSTEMPATH\Exceptions\FrameworkException.php on line 33.
 1 SYSTEMPATH\View\View.php(201): CodeIgniter\Exceptions\FrameworkException::forInvalidFile('pages/assets.php')
 2 SYSTEMPATH\Common.php(1142): CodeIgniter\View\View->render('pages/assets', [], true)
 3 APPPATH\Controllers\Pages.php(28): view('pages/assets', [...])
 4 SYSTEMPATH\CodeIgniter.php(907): App\Controllers\Pages->view('FCPATH\\assets', 'back', 'webfonts', 'fa-solid-900.ttf')
 5 SYSTEMPATH\CodeIgniter.php(457): CodeIgniter\CodeIgniter->runController(Object(App\Controllers\Pages))
 6 SYSTEMPATH\CodeIgniter.php(340): CodeIgniter\CodeIgniter->handleRequest(null, Object(Config\Cache), false)
 7 FCPATH\index.php(67): CodeIgniter\CodeIgniter->run()
CRITICAL - 2022-09-18 22:30:30 --> Call to undefined method CodeIgniter\Database\MySQLi\Result::get()
in APPPATH\Controllers\User.php on line 26.
 1 SYSTEMPATH\CodeIgniter.php(907): App\Controllers\User->index()
 2 SYSTEMPATH\CodeIgniter.php(457): CodeIgniter\CodeIgniter->runController(Object(App\Controllers\User))
 3 SYSTEMPATH\CodeIgniter.php(340): CodeIgniter\CodeIgniter->handleRequest(null, Object(Config\Cache), false)
 4 FCPATH\index.php(67): CodeIgniter\CodeIgniter->run()
CRITICAL - 2022-09-18 22:31:49 --> Invalid file: pages/assets.php
in SYSTEMPATH\Exceptions\FrameworkException.php on line 33.
 1 SYSTEMPATH\View\View.php(201): CodeIgniter\Exceptions\FrameworkException::forInvalidFile('pages/assets.php')
 2 SYSTEMPATH\Common.php(1142): CodeIgniter\View\View->render('pages/assets', [], true)
 3 APPPATH\Controllers\Pages.php(28): view('pages/assets', [...])
 4 SYSTEMPATH\CodeIgniter.php(907): App\Controllers\Pages->view('FCPATH\\assets', 'back', 'webfonts', 'fa-solid-900.woff2')
 5 SYSTEMPATH\CodeIgniter.php(457): CodeIgniter\CodeIgniter->runController(Object(App\Controllers\Pages))
 6 SYSTEMPATH\CodeIgniter.php(340): CodeIgniter\CodeIgniter->handleRequest(null, Object(Config\Cache), false)
 7 FCPATH\index.php(67): CodeIgniter\CodeIgniter->run()
CRITICAL - 2022-09-18 22:31:49 --> Invalid file: pages/assets.php
in SYSTEMPATH\Exceptions\FrameworkException.php on line 33.
 1 SYSTEMPATH\View\View.php(201): CodeIgniter\Exceptions\FrameworkException::forInvalidFile('pages/assets.php')
 2 SYSTEMPATH\Common.php(1142): CodeIgniter\View\View->render('pages/assets', [], true)
 3 APPPATH\Controllers\Pages.php(28): view('pages/assets', [...])
 4 SYSTEMPATH\CodeIgniter.php(907): App\Controllers\Pages->view('FCPATH\\assets', 'back', 'webfonts', 'fa-solid-900.woff')
 5 SYSTEMPATH\CodeIgniter.php(457): CodeIgniter\CodeIgniter->runController(Object(App\Controllers\Pages))
 6 SYSTEMPATH\CodeIgniter.php(340): CodeIgniter\CodeIgniter->handleRequest(null, Object(Config\Cache), false)
 7 FCPATH\index.php(67): CodeIgniter\CodeIgniter->run()
CRITICAL - 2022-09-18 22:31:49 --> Invalid file: pages/assets.php
in SYSTEMPATH\Exceptions\FrameworkException.php on line 33.
 1 SYSTEMPATH\View\View.php(201): CodeIgniter\Exceptions\FrameworkException::forInvalidFile('pages/assets.php')
 2 SYSTEMPATH\Common.php(1142): CodeIgniter\View\View->render('pages/assets', [], true)
 3 APPPATH\Controllers\Pages.php(28): view('pages/assets', [...])
 4 SYSTEMPATH\CodeIgniter.php(907): App\Controllers\Pages->view('FCPATH\\assets', 'back', 'webfonts', 'fa-solid-900.ttf')
 5 SYSTEMPATH\CodeIgniter.php(457): CodeIgniter\CodeIgniter->runController(Object(App\Controllers\Pages))
 6 SYSTEMPATH\CodeIgniter.php(340): CodeIgniter\CodeIgniter->handleRequest(null, Object(Config\Cache), false)
 7 FCPATH\index.php(67): CodeIgniter\CodeIgniter->run()
CRITICAL - 2022-09-18 22:32:37 --> Undefined variable: amount
in APPPATH\Views\user\dashboard.php on line 10.
 1 APPPATH\Views\user\dashboard.php(10): CodeIgniter\Debug\Exceptions->errorHandler(8, 'Undefined variable: amount', 'APPPATH\\Views\\user\\dashboard.php', 10, [...])
 2 SYSTEMPATH\View\View.php(213): include('APPPATH\\Views\\user\\dashboard.php')
 3 SYSTEMPATH\View\View.php(216): CodeIgniter\View\View->CodeIgniter\View\{closure}()
 4 SYSTEMPATH\Common.php(1142): CodeIgniter\View\View->render('user/dashboard', [...], true)
 5 APPPATH\Controllers\User.php(30): view('user/dashboard', [...], [...])
 6 SYSTEMPATH\CodeIgniter.php(907): App\Controllers\User->index()
 7 SYSTEMPATH\CodeIgniter.php(457): CodeIgniter\CodeIgniter->runController(Object(App\Controllers\User))
 8 SYSTEMPATH\CodeIgniter.php(340): CodeIgniter\CodeIgniter->handleRequest(null, Object(Config\Cache), false)
 9 FCPATH\index.php(67): CodeIgniter\CodeIgniter->run()
CRITICAL - 2022-09-18 22:32:51 --> Invalid file: pages/assets.php
in SYSTEMPATH\Exceptions\FrameworkException.php on line 33.
 1 SYSTEMPATH\View\View.php(201): CodeIgniter\Exceptions\FrameworkException::forInvalidFile('pages/assets.php')
 2 SYSTEMPATH\Common.php(1142): CodeIgniter\View\View->render('pages/assets', [], true)
 3 APPPATH\Controllers\Pages.php(28): view('pages/assets', [...])
 4 SYSTEMPATH\CodeIgniter.php(907): App\Controllers\Pages->view('FCPATH\\assets', 'back', 'webfonts', 'fa-solid-900.woff2')
 5 SYSTEMPATH\CodeIgniter.php(457): CodeIgniter\CodeIgniter->runController(Object(App\Controllers\Pages))
 6 SYSTEMPATH\CodeIgniter.php(340): CodeIgniter\CodeIgniter->handleRequest(null, Object(Config\Cache), false)
 7 FCPATH\index.php(67): CodeIgniter\CodeIgniter->run()
CRITICAL - 2022-09-18 22:32:51 --> Invalid file: pages/assets.php
in SYSTEMPATH\Exceptions\FrameworkException.php on line 33.
 1 SYSTEMPATH\View\View.php(201): CodeIgniter\Exceptions\FrameworkException::forInvalidFile('pages/assets.php')
 2 SYSTEMPATH\Common.php(1142): CodeIgniter\View\View->render('pages/assets', [], true)
 3 APPPATH\Controllers\Pages.php(28): view('pages/assets', [...])
 4 SYSTEMPATH\CodeIgniter.php(907): App\Controllers\Pages->view('FCPATH\\assets', 'back', 'webfonts', 'fa-solid-900.woff')
 5 SYSTEMPATH\CodeIgniter.php(457): CodeIgniter\CodeIgniter->runController(Object(App\Controllers\Pages))
 6 SYSTEMPATH\CodeIgniter.php(340): CodeIgniter\CodeIgniter->handleRequest(null, Object(Config\Cache), false)
 7 FCPATH\index.php(67): CodeIgniter\CodeIgniter->run()
CRITICAL - 2022-09-18 22:32:51 --> Invalid file: pages/assets.php
in SYSTEMPATH\Exceptions\FrameworkException.php on line 33.
 1 SYSTEMPATH\View\View.php(201): CodeIgniter\Exceptions\FrameworkException::forInvalidFile('pages/assets.php')
 2 SYSTEMPATH\Common.php(1142): CodeIgniter\View\View->render('pages/assets', [], true)
 3 APPPATH\Controllers\Pages.php(28): view('pages/assets', [...])
 4 SYSTEMPATH\CodeIgniter.php(907): App\Controllers\Pages->view('FCPATH\\assets', 'back', 'webfonts', 'fa-solid-900.ttf')
 5 SYSTEMPATH\CodeIgniter.php(457): CodeIgniter\CodeIgniter->runController(Object(App\Controllers\Pages))
 6 SYSTEMPATH\CodeIgniter.php(340): CodeIgniter\CodeIgniter->handleRequest(null, Object(Config\Cache), false)
 7 FCPATH\index.php(67): CodeIgniter\CodeIgniter->run()
CRITICAL - 2022-09-18 22:34:14 --> Call to undefined function number_to_amount()
in APPPATH\Views\user\dashboard.php on line 10.
 1 SYSTEMPATH\View\View.php(213): include()
 2 SYSTEMPATH\View\View.php(216): CodeIgniter\View\View->CodeIgniter\View\{closure}()
 3 SYSTEMPATH\Common.php(1142): CodeIgniter\View\View->render('user/dashboard', [], true)
 4 APPPATH\Controllers\User.php(30): view('user/dashboard', [...])
 5 SYSTEMPATH\CodeIgniter.php(907): App\Controllers\User->index()
 6 SYSTEMPATH\CodeIgniter.php(457): CodeIgniter\CodeIgniter->runController(Object(App\Controllers\User))
 7 SYSTEMPATH\CodeIgniter.php(340): CodeIgniter\CodeIgniter->handleRequest(null, Object(Config\Cache), false)
 8 FCPATH\index.php(67): CodeIgniter\CodeIgniter->run()
CRITICAL - 2022-09-18 22:34:34 --> Invalid file: pages/assets.php
in SYSTEMPATH\Exceptions\FrameworkException.php on line 33.
 1 SYSTEMPATH\View\View.php(201): CodeIgniter\Exceptions\FrameworkException::forInvalidFile('pages/assets.php')
 2 SYSTEMPATH\Common.php(1142): CodeIgniter\View\View->render('pages/assets', [], true)
 3 APPPATH\Controllers\Pages.php(28): view('pages/assets', [...])
 4 SYSTEMPATH\CodeIgniter.php(907): App\Controllers\Pages->view('FCPATH\\assets', 'back', 'webfonts', 'fa-solid-900.woff2')
 5 SYSTEMPATH\CodeIgniter.php(457): CodeIgniter\CodeIgniter->runController(Object(App\Controllers\Pages))
 6 SYSTEMPATH\CodeIgniter.php(340): CodeIgniter\CodeIgniter->handleRequest(null, Object(Config\Cache), false)
 7 FCPATH\index.php(67): CodeIgniter\CodeIgniter->run()
CRITICAL - 2022-09-18 22:34:34 --> Invalid file: pages/assets.php
in SYSTEMPATH\Exceptions\FrameworkException.php on line 33.
 1 SYSTEMPATH\View\View.php(201): CodeIgniter\Exceptions\FrameworkException::forInvalidFile('pages/assets.php')
 2 SYSTEMPATH\Common.php(1142): CodeIgniter\View\View->render('pages/assets', [], true)
 3 APPPATH\Controllers\Pages.php(28): view('pages/assets', [...])
 4 SYSTEMPATH\CodeIgniter.php(907): App\Controllers\Pages->view('FCPATH\\assets', 'back', 'webfonts', 'fa-solid-900.woff')
 5 SYSTEMPATH\CodeIgniter.php(457): CodeIgniter\CodeIgniter->runController(Object(App\Controllers\Pages))
 6 SYSTEMPATH\CodeIgniter.php(340): CodeIgniter\CodeIgniter->handleRequest(null, Object(Config\Cache), false)
 7 FCPATH\index.php(67): CodeIgniter\CodeIgniter->run()
CRITICAL - 2022-09-18 22:34:34 --> Invalid file: pages/assets.php
in SYSTEMPATH\Exceptions\FrameworkException.php on line 33.
 1 SYSTEMPATH\View\View.php(201): CodeIgniter\Exceptions\FrameworkException::forInvalidFile('pages/assets.php')
 2 SYSTEMPATH\Common.php(1142): CodeIgniter\View\View->render('pages/assets', [], true)
 3 APPPATH\Controllers\Pages.php(28): view('pages/assets', [...])
 4 SYSTEMPATH\CodeIgniter.php(907): App\Controllers\Pages->view('FCPATH\\assets', 'back', 'webfonts', 'fa-solid-900.ttf')
 5 SYSTEMPATH\CodeIgniter.php(457): CodeIgniter\CodeIgniter->runController(Object(App\Controllers\Pages))
 6 SYSTEMPATH\CodeIgniter.php(340): CodeIgniter\CodeIgniter->handleRequest(null, Object(Config\Cache), false)
 7 FCPATH\index.php(67): CodeIgniter\CodeIgniter->run()
CRITICAL - 2022-09-18 22:37:30 --> Call to undefined function number()
in APPPATH\Views\user\dashboard.php on line 10.
 1 SYSTEMPATH\View\View.php(213): include()
 2 SYSTEMPATH\View\View.php(216): CodeIgniter\View\View->CodeIgniter\View\{closure}()
 3 SYSTEMPATH\Common.php(1142): CodeIgniter\View\View->render('user/dashboard', [], true)
 4 APPPATH\Controllers\User.php(30): view('user/dashboard', [...])
 5 SYSTEMPATH\CodeIgniter.php(907): App\Controllers\User->index()
 6 SYSTEMPATH\CodeIgniter.php(457): CodeIgniter\CodeIgniter->runController(Object(App\Controllers\User))
 7 SYSTEMPATH\CodeIgniter.php(340): CodeIgniter\CodeIgniter->handleRequest(null, Object(Config\Cache), false)
 8 FCPATH\index.php(67): CodeIgniter\CodeIgniter->run()
CRITICAL - 2022-09-18 22:37:41 --> Invalid file: pages/assets.php
in SYSTEMPATH\Exceptions\FrameworkException.php on line 33.
 1 SYSTEMPATH\View\View.php(201): CodeIgniter\Exceptions\FrameworkException::forInvalidFile('pages/assets.php')
 2 SYSTEMPATH\Common.php(1142): CodeIgniter\View\View->render('pages/assets', [], true)
 3 APPPATH\Controllers\Pages.php(28): view('pages/assets', [...])
 4 SYSTEMPATH\CodeIgniter.php(907): App\Controllers\Pages->view('FCPATH\\assets', 'back', 'webfonts', 'fa-solid-900.woff2')
 5 SYSTEMPATH\CodeIgniter.php(457): CodeIgniter\CodeIgniter->runController(Object(App\Controllers\Pages))
 6 SYSTEMPATH\CodeIgniter.php(340): CodeIgniter\CodeIgniter->handleRequest(null, Object(Config\Cache), false)
 7 FCPATH\index.php(67): CodeIgniter\CodeIgniter->run()
CRITICAL - 2022-09-18 22:37:41 --> Invalid file: pages/assets.php
in SYSTEMPATH\Exceptions\FrameworkException.php on line 33.
 1 SYSTEMPATH\View\View.php(201): CodeIgniter\Exceptions\FrameworkException::forInvalidFile('pages/assets.php')
 2 SYSTEMPATH\Common.php(1142): CodeIgniter\View\View->render('pages/assets', [], true)
 3 APPPATH\Controllers\Pages.php(28): view('pages/assets', [...])
 4 SYSTEMPATH\CodeIgniter.php(907): App\Controllers\Pages->view('FCPATH\\assets', 'back', 'webfonts', 'fa-solid-900.woff')
 5 SYSTEMPATH\CodeIgniter.php(457): CodeIgniter\CodeIgniter->runController(Object(App\Controllers\Pages))
 6 SYSTEMPATH\CodeIgniter.php(340): CodeIgniter\CodeIgniter->handleRequest(null, Object(Config\Cache), false)
 7 FCPATH\index.php(67): CodeIgniter\CodeIgniter->run()
CRITICAL - 2022-09-18 22:37:41 --> Invalid file: pages/assets.php
in SYSTEMPATH\Exceptions\FrameworkException.php on line 33.
 1 SYSTEMPATH\View\View.php(201): CodeIgniter\Exceptions\FrameworkException::forInvalidFile('pages/assets.php')
 2 SYSTEMPATH\Common.php(1142): CodeIgniter\View\View->render('pages/assets', [], true)
 3 APPPATH\Controllers\Pages.php(28): view('pages/assets', [...])
 4 SYSTEMPATH\CodeIgniter.php(907): App\Controllers\Pages->view('FCPATH\\assets', 'back', 'webfonts', 'fa-solid-900.ttf')
 5 SYSTEMPATH\CodeIgniter.php(457): CodeIgniter\CodeIgniter->runController(Object(App\Controllers\Pages))
 6 SYSTEMPATH\CodeIgniter.php(340): CodeIgniter\CodeIgniter->handleRequest(null, Object(Config\Cache), false)
 7 FCPATH\index.php(67): CodeIgniter\CodeIgniter->run()
CRITICAL - 2022-09-18 22:39:13 --> Invalid file: pages/assets.php
in SYSTEMPATH\Exceptions\FrameworkException.php on line 33.
 1 SYSTEMPATH\View\View.php(201): CodeIgniter\Exceptions\FrameworkException::forInvalidFile('pages/assets.php')
 2 SYSTEMPATH\Common.php(1142): CodeIgniter\View\View->render('pages/assets', [], true)
 3 APPPATH\Controllers\Pages.php(28): view('pages/assets', [...])
 4 SYSTEMPATH\CodeIgniter.php(907): App\Controllers\Pages->view('FCPATH\\assets', 'back', 'webfonts', 'fa-solid-900.woff2')
 5 SYSTEMPATH\CodeIgniter.php(457): CodeIgniter\CodeIgniter->runController(Object(App\Controllers\Pages))
 6 SYSTEMPATH\CodeIgniter.php(340): CodeIgniter\CodeIgniter->handleRequest(null, Object(Config\Cache), false)
 7 FCPATH\index.php(67): CodeIgniter\CodeIgniter->run()
CRITICAL - 2022-09-18 22:39:13 --> Invalid file: pages/assets.php
in SYSTEMPATH\Exceptions\FrameworkException.php on line 33.
 1 SYSTEMPATH\View\View.php(201): CodeIgniter\Exceptions\FrameworkException::forInvalidFile('pages/assets.php')
 2 SYSTEMPATH\Common.php(1142): CodeIgniter\View\View->render('pages/assets', [], true)
 3 APPPATH\Controllers\Pages.php(28): view('pages/assets', [...])
 4 SYSTEMPATH\CodeIgniter.php(907): App\Controllers\Pages->view('FCPATH\\assets', 'back', 'webfonts', 'fa-solid-900.woff')
 5 SYSTEMPATH\CodeIgniter.php(457): CodeIgniter\CodeIgniter->runController(Object(App\Controllers\Pages))
 6 SYSTEMPATH\CodeIgniter.php(340): CodeIgniter\CodeIgniter->handleRequest(null, Object(Config\Cache), false)
 7 FCPATH\index.php(67): CodeIgniter\CodeIgniter->run()
CRITICAL - 2022-09-18 22:39:13 --> Invalid file: pages/assets.php
in SYSTEMPATH\Exceptions\FrameworkException.php on line 33.
 1 SYSTEMPATH\View\View.php(201): CodeIgniter\Exceptions\FrameworkException::forInvalidFile('pages/assets.php')
 2 SYSTEMPATH\Common.php(1142): CodeIgniter\View\View->render('pages/assets', [], true)
 3 APPPATH\Controllers\Pages.php(28): view('pages/assets', [...])
 4 SYSTEMPATH\CodeIgniter.php(907): App\Controllers\Pages->view('FCPATH\\assets', 'back', 'webfonts', 'fa-solid-900.ttf')
 5 SYSTEMPATH\CodeIgniter.php(457): CodeIgniter\CodeIgniter->runController(Object(App\Controllers\Pages))
 6 SYSTEMPATH\CodeIgniter.php(340): CodeIgniter\CodeIgniter->handleRequest(null, Object(Config\Cache), false)
 7 FCPATH\index.php(67): CodeIgniter\CodeIgniter->run()
CRITICAL - 2022-09-18 22:53:06 --> Undefined variable: amount
in APPPATH\Views\user\dashboard.php on line 10.
 1 APPPATH\Views\user\dashboard.php(10): CodeIgniter\Debug\Exceptions->errorHandler(8, 'Undefined variable: amount', 'APPPATH\\Views\\user\\dashboard.php', 10, [...])
 2 SYSTEMPATH\View\View.php(213): include('APPPATH\\Views\\user\\dashboard.php')
 3 SYSTEMPATH\View\View.php(216): CodeIgniter\View\View->CodeIgniter\View\{closure}()
 4 SYSTEMPATH\Common.php(1142): CodeIgniter\View\View->render('user/dashboard', [], true)
 5 APPPATH\Controllers\User.php(30): view('user/dashboard', [...])
 6 SYSTEMPATH\CodeIgniter.php(907): App\Controllers\User->index()
 7 SYSTEMPATH\CodeIgniter.php(457): CodeIgniter\CodeIgniter->runController(Object(App\Controllers\User))
 8 SYSTEMPATH\CodeIgniter.php(340): CodeIgniter\CodeIgniter->handleRequest(null, Object(Config\Cache), false)
 9 FCPATH\index.php(67): CodeIgniter\CodeIgniter->run()
CRITICAL - 2022-09-18 22:53:29 --> Undefined variable: amount
in APPPATH\Views\user\dashboard.php on line 10.
 1 APPPATH\Views\user\dashboard.php(10): CodeIgniter\Debug\Exceptions->errorHandler(8, 'Undefined variable: amount', 'APPPATH\\Views\\user\\dashboard.php', 10, [...])
 2 SYSTEMPATH\View\View.php(213): include('APPPATH\\Views\\user\\dashboard.php')
 3 SYSTEMPATH\View\View.php(216): CodeIgniter\View\View->CodeIgniter\View\{closure}()
 4 SYSTEMPATH\Common.php(1142): CodeIgniter\View\View->render('user/dashboard', [], true)
 5 APPPATH\Controllers\User.php(30): view('user/dashboard', [...])
 6 SYSTEMPATH\CodeIgniter.php(907): App\Controllers\User->index()
 7 SYSTEMPATH\CodeIgniter.php(457): CodeIgniter\CodeIgniter->runController(Object(App\Controllers\User))
 8 SYSTEMPATH\CodeIgniter.php(340): CodeIgniter\CodeIgniter->handleRequest(null, Object(Config\Cache), false)
 9 FCPATH\index.php(67): CodeIgniter\CodeIgniter->run()
CRITICAL - 2022-09-18 22:53:49 --> Invalid file: pages/assets.php
in SYSTEMPATH\Exceptions\FrameworkException.php on line 33.
 1 SYSTEMPATH\View\View.php(201): CodeIgniter\Exceptions\FrameworkException::forInvalidFile('pages/assets.php')
 2 SYSTEMPATH\Common.php(1142): CodeIgniter\View\View->render('pages/assets', [], true)
 3 APPPATH\Controllers\Pages.php(28): view('pages/assets', [...])
 4 SYSTEMPATH\CodeIgniter.php(907): App\Controllers\Pages->view('FCPATH\\assets', 'js', 'jquery.min.js')
 5 SYSTEMPATH\CodeIgniter.php(457): CodeIgniter\CodeIgniter->runController(Object(App\Controllers\Pages))
 6 SYSTEMPATH\CodeIgniter.php(340): CodeIgniter\CodeIgniter->handleRequest(null, Object(Config\Cache), false)
 7 FCPATH\index.php(67): CodeIgniter\CodeIgniter->run()
CRITICAL - 2022-09-18 22:53:49 --> Invalid file: pages/assets.php
in SYSTEMPATH\Exceptions\FrameworkException.php on line 33.
 1 SYSTEMPATH\View\View.php(201): CodeIgniter\Exceptions\FrameworkException::forInvalidFile('pages/assets.php')
 2 SYSTEMPATH\Common.php(1142): CodeIgniter\View\View->render('pages/assets', [], true)
 3 APPPATH\Controllers\Pages.php(28): view('pages/assets', [...])
 4 SYSTEMPATH\CodeIgniter.php(907): App\Controllers\Pages->view('FCPATH\\assets', 'vendor', 'jquery', 'jquery-3.2.1.slim.min.js')
 5 SYSTEMPATH\CodeIgniter.php(457): CodeIgniter\CodeIgniter->runController(Object(App\Controllers\Pages))
 6 SYSTEMPATH\CodeIgniter.php(340): CodeIgniter\CodeIgniter->handleRequest(null, Object(Config\Cache), false)
 7 FCPATH\index.php(67): CodeIgniter\CodeIgniter->run()
CRITICAL - 2022-09-18 22:53:49 --> Invalid file: pages/assets.php
in SYSTEMPATH\Exceptions\FrameworkException.php on line 33.
 1 SYSTEMPATH\View\View.php(201): CodeIgniter\Exceptions\FrameworkException::forInvalidFile('pages/assets.php')
 2 SYSTEMPATH\Common.php(1142): CodeIgniter\View\View->render('pages/assets', [], true)
 3 APPPATH\Controllers\Pages.php(28): view('pages/assets', [...])
 4 SYSTEMPATH\CodeIgniter.php(907): App\Controllers\Pages->view('FCPATH\\assets', 'css', 'src', 'bootstrap', 'bootstrap.min.js')
 5 SYSTEMPATH\CodeIgniter.php(457): CodeIgniter\CodeIgniter->runController(Object(App\Controllers\Pages))
 6 SYSTEMPATH\CodeIgniter.php(340): CodeIgniter\CodeIgniter->handleRequest(null, Object(Config\Cache), false)
 7 FCPATH\index.php(67): CodeIgniter\CodeIgniter->run()
CRITICAL - 2022-09-18 22:53:49 --> Invalid file: pages/assets.php
in SYSTEMPATH\Exceptions\FrameworkException.php on line 33.
 1 SYSTEMPATH\View\View.php(201): CodeIgniter\Exceptions\FrameworkException::forInvalidFile('pages/assets.php')
 2 SYSTEMPATH\Common.php(1142): CodeIgniter\View\View->render('pages/assets', [], true)
 3 APPPATH\Controllers\Pages.php(28): view('pages/assets', [...])
 4 SYSTEMPATH\CodeIgniter.php(907): App\Controllers\Pages->view('FCPATH\\assets', 'js', 'lib', 'bootstrap.bundle.min.js')
 5 SYSTEMPATH\CodeIgniter.php(457): CodeIgniter\CodeIgniter->runController(Object(App\Controllers\Pages))
 6 SYSTEMPATH\CodeIgniter.php(340): CodeIgniter\CodeIgniter->handleRequest(null, Object(Config\Cache), false)
 7 FCPATH\index.php(67): CodeIgniter\CodeIgniter->run()
CRITICAL - 2022-09-18 22:53:49 --> Invalid file: pages/assets.php
in SYSTEMPATH\Exceptions\FrameworkException.php on line 33.
 1 SYSTEMPATH\View\View.php(201): CodeIgniter\Exceptions\FrameworkException::forInvalidFile('pages/assets.php')
 2 SYSTEMPATH\Common.php(1142): CodeIgniter\View\View->render('pages/assets', [], true)
 3 APPPATH\Controllers\Pages.php(28): view('pages/assets', [...])
 4 SYSTEMPATH\CodeIgniter.php(907): App\Controllers\Pages->view('FCPATH\\assets', 'js', 'plugins', 'datatable', 'datatables.min.js')
 5 SYSTEMPATH\CodeIgniter.php(457): CodeIgniter\CodeIgniter->runController(Object(App\Controllers\Pages))
 6 SYSTEMPATH\CodeIgniter.php(340): CodeIgniter\CodeIgniter->handleRequest(null, Object(Config\Cache), false)
 7 FCPATH\index.php(67): CodeIgniter\CodeIgniter->run()
CRITICAL - 2022-09-18 22:53:49 --> Invalid file: pages/assets.php
in SYSTEMPATH\Exceptions\FrameworkException.php on line 33.
 1 SYSTEMPATH\View\View.php(201): CodeIgniter\Exceptions\FrameworkException::forInvalidFile('pages/assets.php')
 2 SYSTEMPATH\Common.php(1142): CodeIgniter\View\View->render('pages/assets', [], true)
 3 APPPATH\Controllers\Pages.php(28): view('pages/assets', [...])
 4 SYSTEMPATH\CodeIgniter.php(907): App\Controllers\Pages->view('FCPATH\\assets', 'js', 'base.dark.js')
 5 SYSTEMPATH\CodeIgniter.php(457): CodeIgniter\CodeIgniter->runController(Object(App\Controllers\Pages))
 6 SYSTEMPATH\CodeIgniter.php(340): CodeIgniter\CodeIgniter->handleRequest(null, Object(Config\Cache), false)
 7 FCPATH\index.php(67): CodeIgniter\CodeIgniter->run()
CRITICAL - 2022-09-18 22:53:49 --> Invalid file: pages/assets.php
in SYSTEMPATH\Exceptions\FrameworkException.php on line 33.
 1 SYSTEMPATH\View\View.php(201): CodeIgniter\Exceptions\FrameworkException::forInvalidFile('pages/assets.php')
 2 SYSTEMPATH\Common.php(1142): CodeIgniter\View\View->render('pages/assets', [], true)
 3 APPPATH\Controllers\Pages.php(28): view('pages/assets', [...])
 4 SYSTEMPATH\CodeIgniter.php(907): App\Controllers\Pages->view('FCPATH\\assets', 'back', 'webfonts', 'fa-solid-900.woff2')
 5 SYSTEMPATH\CodeIgniter.php(457): CodeIgniter\CodeIgniter->runController(Object(App\Controllers\Pages))
 6 SYSTEMPATH\CodeIgniter.php(340): CodeIgniter\CodeIgniter->handleRequest(null, Object(Config\Cache), false)
 7 FCPATH\index.php(67): CodeIgniter\CodeIgniter->run()
CRITICAL - 2022-09-18 22:53:49 --> Invalid file: pages/assets.php
in SYSTEMPATH\Exceptions\FrameworkException.php on line 33.
 1 SYSTEMPATH\View\View.php(201): CodeIgniter\Exceptions\FrameworkException::forInvalidFile('pages/assets.php')
 2 SYSTEMPATH\Common.php(1142): CodeIgniter\View\View->render('pages/assets', [], true)
 3 APPPATH\Controllers\Pages.php(28): view('pages/assets', [...])
 4 SYSTEMPATH\CodeIgniter.php(907): App\Controllers\Pages->view('FCPATH\\assets', 'js', 'plugins', 'splide', 'splide.min.js')
 5 SYSTEMPATH\CodeIgniter.php(457): CodeIgniter\CodeIgniter->runController(Object(App\Controllers\Pages))
 6 SYSTEMPATH\CodeIgniter.php(340): CodeIgniter\CodeIgniter->handleRequest(null, Object(Config\Cache), false)
 7 FCPATH\index.php(67): CodeIgniter\CodeIgniter->run()
CRITICAL - 2022-09-18 22:53:49 --> Invalid file: pages/assets.php
in SYSTEMPATH\Exceptions\FrameworkException.php on line 33.
 1 SYSTEMPATH\View\View.php(201): CodeIgniter\Exceptions\FrameworkException::forInvalidFile('pages/assets.php')
 2 SYSTEMPATH\Common.php(1142): CodeIgniter\View\View->render('pages/assets', [], true)
 3 APPPATH\Controllers\Pages.php(28): view('pages/assets', [...])
 4 SYSTEMPATH\CodeIgniter.php(907): App\Controllers\Pages->view('FCPATH\\assets', 'js', 'fontawesome.min.js')
 5 SYSTEMPATH\CodeIgniter.php(457): CodeIgniter\CodeIgniter->runController(Object(App\Controllers\Pages))
 6 SYSTEMPATH\CodeIgniter.php(340): CodeIgniter\CodeIgniter->handleRequest(null, Object(Config\Cache), false)
 7 FCPATH\index.php(67): CodeIgniter\CodeIgniter->run()
CRITICAL - 2022-09-18 22:53:49 --> Invalid file: pages/assets.php
in SYSTEMPATH\Exceptions\FrameworkException.php on line 33.
 1 SYSTEMPATH\View\View.php(201): CodeIgniter\Exceptions\FrameworkException::forInvalidFile('pages/assets.php')
 2 SYSTEMPATH\Common.php(1142): CodeIgniter\View\View->render('pages/assets', [], true)
 3 APPPATH\Controllers\Pages.php(28): view('pages/assets', [...])
 4 SYSTEMPATH\CodeIgniter.php(907): App\Controllers\Pages->view('FCPATH\\assets', 'js', 'all.min.js')
 5 SYSTEMPATH\CodeIgniter.php(457): CodeIgniter\CodeIgniter->runController(Object(App\Controllers\Pages))
 6 SYSTEMPATH\CodeIgniter.php(340): CodeIgniter\CodeIgniter->handleRequest(null, Object(Config\Cache), false)
 7 FCPATH\index.php(67): CodeIgniter\CodeIgniter->run()
CRITICAL - 2022-09-18 22:53:49 --> Invalid file: pages/assets.php
in SYSTEMPATH\Exceptions\FrameworkException.php on line 33.
 1 SYSTEMPATH\View\View.php(201): CodeIgniter\Exceptions\FrameworkException::forInvalidFile('pages/assets.php')
 2 SYSTEMPATH\Common.php(1142): CodeIgniter\View\View->render('pages/assets', [], true)
 3 APPPATH\Controllers\Pages.php(28): view('pages/assets', [...])
 4 SYSTEMPATH\CodeIgniter.php(907): App\Controllers\Pages->view('FCPATH\\assets', 'js', 'moment.min.js')
 5 SYSTEMPATH\CodeIgniter.php(457): CodeIgniter\CodeIgniter->runController(Object(App\Controllers\Pages))
 6 SYSTEMPATH\CodeIgniter.php(340): CodeIgniter\CodeIgniter->handleRequest(null, Object(Config\Cache), false)
 7 FCPATH\index.php(67): CodeIgniter\CodeIgniter->run()
CRITICAL - 2022-09-18 22:53:49 --> Invalid file: pages/assets.php
in SYSTEMPATH\Exceptions\FrameworkException.php on line 33.
 1 SYSTEMPATH\View\View.php(201): CodeIgniter\Exceptions\FrameworkException::forInvalidFile('pages/assets.php')
 2 SYSTEMPATH\Common.php(1142): CodeIgniter\View\View->render('pages/assets', [], true)
 3 APPPATH\Controllers\Pages.php(28): view('pages/assets', [...])
 4 SYSTEMPATH\CodeIgniter.php(907): App\Controllers\Pages->view('FCPATH\\assets', 'js', 'datetime-moment.js')
 5 SYSTEMPATH\CodeIgniter.php(457): CodeIgniter\CodeIgniter->runController(Object(App\Controllers\Pages))
 6 SYSTEMPATH\CodeIgniter.php(340): CodeIgniter\CodeIgniter->handleRequest(null, Object(Config\Cache), false)
 7 FCPATH\index.php(67): CodeIgniter\CodeIgniter->run()
CRITICAL - 2022-09-18 22:53:49 --> Invalid file: pages/assets.php
in SYSTEMPATH\Exceptions\FrameworkException.php on line 33.
 1 SYSTEMPATH\View\View.php(201): CodeIgniter\Exceptions\FrameworkException::forInvalidFile('pages/assets.php')
 2 SYSTEMPATH\Common.php(1142): CodeIgniter\View\View->render('pages/assets', [], true)
 3 APPPATH\Controllers\Pages.php(28): view('pages/assets', [...])
 4 SYSTEMPATH\CodeIgniter.php(907): App\Controllers\Pages->view('FCPATH\\assets', 'js', 'functions.js')
 5 SYSTEMPATH\CodeIgniter.php(457): CodeIgniter\CodeIgniter->runController(Object(App\Controllers\Pages))
 6 SYSTEMPATH\CodeIgniter.php(340): CodeIgniter\CodeIgniter->handleRequest(null, Object(Config\Cache), false)
 7 FCPATH\index.php(67): CodeIgniter\CodeIgniter->run()
CRITICAL - 2022-09-18 22:53:49 --> Invalid file: pages/assets.php
in SYSTEMPATH\Exceptions\FrameworkException.php on line 33.
 1 SYSTEMPATH\View\View.php(201): CodeIgniter\Exceptions\FrameworkException::forInvalidFile('pages/assets.php')
 2 SYSTEMPATH\Common.php(1142): CodeIgniter\View\View->render('pages/assets', [], true)
 3 APPPATH\Controllers\Pages.php(28): view('pages/assets', [...])
 4 SYSTEMPATH\CodeIgniter.php(907): App\Controllers\Pages->view('FCPATH\\assets', 'back', 'webfonts', 'fa-solid-900.woff')
 5 SYSTEMPATH\CodeIgniter.php(457): CodeIgniter\CodeIgniter->runController(Object(App\Controllers\Pages))
 6 SYSTEMPATH\CodeIgniter.php(340): CodeIgniter\CodeIgniter->handleRequest(null, Object(Config\Cache), false)
 7 FCPATH\index.php(67): CodeIgniter\CodeIgniter->run()
CRITICAL - 2022-09-18 22:53:49 --> Invalid file: pages/assets.php
in SYSTEMPATH\Exceptions\FrameworkException.php on line 33.
 1 SYSTEMPATH\View\View.php(201): CodeIgniter\Exceptions\FrameworkException::forInvalidFile('pages/assets.php')
 2 SYSTEMPATH\Common.php(1142): CodeIgniter\View\View->render('pages/assets', [], true)
 3 APPPATH\Controllers\Pages.php(28): view('pages/assets', [...])
 4 SYSTEMPATH\CodeIgniter.php(907): App\Controllers\Pages->view('FCPATH\\assets', 'back', 'webfonts', 'fa-solid-900.ttf')
 5 SYSTEMPATH\CodeIgniter.php(457): CodeIgniter\CodeIgniter->runController(Object(App\Controllers\Pages))
 6 SYSTEMPATH\CodeIgniter.php(340): CodeIgniter\CodeIgniter->handleRequest(null, Object(Config\Cache), false)
 7 FCPATH\index.php(67): CodeIgniter\CodeIgniter->run()
CRITICAL - 2022-09-18 22:54:34 --> Invalid file: pages/assets.php
in SYSTEMPATH\Exceptions\FrameworkException.php on line 33.
 1 SYSTEMPATH\View\View.php(201): CodeIgniter\Exceptions\FrameworkException::forInvalidFile('pages/assets.php')
 2 SYSTEMPATH\Common.php(1142): CodeIgniter\View\View->render('pages/assets', [], true)
 3 APPPATH\Controllers\Pages.php(28): view('pages/assets', [...])
 4 SYSTEMPATH\CodeIgniter.php(907): App\Controllers\Pages->view('FCPATH\\assets', 'vendor', 'jquery', 'jquery-3.2.1.slim.min.js')
 5 SYSTEMPATH\CodeIgniter.php(457): CodeIgniter\CodeIgniter->runController(Object(App\Controllers\Pages))
 6 SYSTEMPATH\CodeIgniter.php(340): CodeIgniter\CodeIgniter->handleRequest(null, Object(Config\Cache), false)
 7 FCPATH\index.php(67): CodeIgniter\CodeIgniter->run()
CRITICAL - 2022-09-18 22:54:34 --> Invalid file: pages/assets.php
in SYSTEMPATH\Exceptions\FrameworkException.php on line 33.
 1 SYSTEMPATH\View\View.php(201): CodeIgniter\Exceptions\FrameworkException::forInvalidFile('pages/assets.php')
 2 SYSTEMPATH\Common.php(1142): CodeIgniter\View\View->render('pages/assets', [], true)
 3 APPPATH\Controllers\Pages.php(28): view('pages/assets', [...])
 4 SYSTEMPATH\CodeIgniter.php(907): App\Controllers\Pages->view('FCPATH\\assets', 'js', 'base.dark.js')
 5 SYSTEMPATH\CodeIgniter.php(457): CodeIgniter\CodeIgniter->runController(Object(App\Controllers\Pages))
 6 SYSTEMPATH\CodeIgniter.php(340): CodeIgniter\CodeIgniter->handleRequest(null, Object(Config\Cache), false)
 7 FCPATH\index.php(67): CodeIgniter\CodeIgniter->run()
CRITICAL - 2022-09-18 22:54:35 --> Invalid file: pages/assets.php
in SYSTEMPATH\Exceptions\FrameworkException.php on line 33.
 1 SYSTEMPATH\View\View.php(201): CodeIgniter\Exceptions\FrameworkException::forInvalidFile('pages/assets.php')
 2 SYSTEMPATH\Common.php(1142): CodeIgniter\View\View->render('pages/assets', [], true)
 3 APPPATH\Controllers\Pages.php(28): view('pages/assets', [...])
 4 SYSTEMPATH\CodeIgniter.php(907): App\Controllers\Pages->view('FCPATH\\assets', 'js', 'plugins', 'datatable', 'datatables.min.js')
 5 SYSTEMPATH\CodeIgniter.php(457): CodeIgniter\CodeIgniter->runController(Object(App\Controllers\Pages))
 6 SYSTEMPATH\CodeIgniter.php(340): CodeIgniter\CodeIgniter->handleRequest(null, Object(Config\Cache), false)
 7 FCPATH\index.php(67): CodeIgniter\CodeIgniter->run()
CRITICAL - 2022-09-18 22:54:35 --> Invalid file: pages/assets.php
in SYSTEMPATH\Exceptions\FrameworkException.php on line 33.
 1 SYSTEMPATH\View\View.php(201): CodeIgniter\Exceptions\FrameworkException::forInvalidFile('pages/assets.php')
 2 SYSTEMPATH\Common.php(1142): CodeIgniter\View\View->render('pages/assets', [], true)
 3 APPPATH\Controllers\Pages.php(28): view('pages/assets', [...])
 4 SYSTEMPATH\CodeIgniter.php(907): App\Controllers\Pages->view('FCPATH\\assets', 'js', 'jquery.min.js')
 5 SYSTEMPATH\CodeIgniter.php(457): CodeIgniter\CodeIgniter->runController(Object(App\Controllers\Pages))
 6 SYSTEMPATH\CodeIgniter.php(340): CodeIgniter\CodeIgniter->handleRequest(null, Object(Config\Cache), false)
 7 FCPATH\index.php(67): CodeIgniter\CodeIgniter->run()
CRITICAL - 2022-09-18 22:54:35 --> Invalid file: pages/assets.php
in SYSTEMPATH\Exceptions\FrameworkException.php on line 33.
 1 SYSTEMPATH\View\View.php(201): CodeIgniter\Exceptions\FrameworkException::forInvalidFile('pages/assets.php')
 2 SYSTEMPATH\Common.php(1142): CodeIgniter\View\View->render('pages/assets', [], true)
 3 APPPATH\Controllers\Pages.php(28): view('pages/assets', [...])
 4 SYSTEMPATH\CodeIgniter.php(907): App\Controllers\Pages->view('FCPATH\\assets', 'js', 'plugins', 'splide', 'splide.min.js')
 5 SYSTEMPATH\CodeIgniter.php(457): CodeIgniter\CodeIgniter->runController(Object(App\Controllers\Pages))
 6 SYSTEMPATH\CodeIgniter.php(340): CodeIgniter\CodeIgniter->handleRequest(null, Object(Config\Cache), false)
 7 FCPATH\index.php(67): CodeIgniter\CodeIgniter->run()
CRITICAL - 2022-09-18 22:54:35 --> Invalid file: pages/assets.php
in SYSTEMPATH\Exceptions\FrameworkException.php on line 33.
 1 SYSTEMPATH\View\View.php(201): CodeIgniter\Exceptions\FrameworkException::forInvalidFile('pages/assets.php')
 2 SYSTEMPATH\Common.php(1142): CodeIgniter\View\View->render('pages/assets', [], true)
 3 APPPATH\Controllers\Pages.php(28): view('pages/assets', [...])
 4 SYSTEMPATH\CodeIgniter.php(907): App\Controllers\Pages->view('FCPATH\\assets', 'js', 'all.min.js')
 5 SYSTEMPATH\CodeIgniter.php(457): CodeIgniter\CodeIgniter->runController(Object(App\Controllers\Pages))
 6 SYSTEMPATH\CodeIgniter.php(340): CodeIgniter\CodeIgniter->handleRequest(null, Object(Config\Cache), false)
 7 FCPATH\index.php(67): CodeIgniter\CodeIgniter->run()
CRITICAL - 2022-09-18 22:54:35 --> Invalid file: pages/assets.php
in SYSTEMPATH\Exceptions\FrameworkException.php on line 33.
 1 SYSTEMPATH\View\View.php(201): CodeIgniter\Exceptions\FrameworkException::forInvalidFile('pages/assets.php')
 2 SYSTEMPATH\Common.php(1142): CodeIgniter\View\View->render('pages/assets', [], true)
 3 APPPATH\Controllers\Pages.php(28): view('pages/assets', [...])
 4 SYSTEMPATH\CodeIgniter.php(907): App\Controllers\Pages->view('FCPATH\\assets', 'js', 'fontawesome.min.js')
 5 SYSTEMPATH\CodeIgniter.php(457): CodeIgniter\CodeIgniter->runController(Object(App\Controllers\Pages))
 6 SYSTEMPATH\CodeIgniter.php(340): CodeIgniter\CodeIgniter->handleRequest(null, Object(Config\Cache), false)
 7 FCPATH\index.php(67): CodeIgniter\CodeIgniter->run()
CRITICAL - 2022-09-18 22:54:35 --> Invalid file: pages/assets.php
in SYSTEMPATH\Exceptions\FrameworkException.php on line 33.
 1 SYSTEMPATH\View\View.php(201): CodeIgniter\Exceptions\FrameworkException::forInvalidFile('pages/assets.php')
 2 SYSTEMPATH\Common.php(1142): CodeIgniter\View\View->render('pages/assets', [], true)
 3 APPPATH\Controllers\Pages.php(28): view('pages/assets', [...])
 4 SYSTEMPATH\CodeIgniter.php(907): App\Controllers\Pages->view('FCPATH\\assets', 'js', 'moment.min.js')
 5 SYSTEMPATH\CodeIgniter.php(457): CodeIgniter\CodeIgniter->runController(Object(App\Controllers\Pages))
 6 SYSTEMPATH\CodeIgniter.php(340): CodeIgniter\CodeIgniter->handleRequest(null, Object(Config\Cache), false)
 7 FCPATH\index.php(67): CodeIgniter\CodeIgniter->run()
CRITICAL - 2022-09-18 22:54:35 --> Invalid file: pages/assets.php
in SYSTEMPATH\Exceptions\FrameworkException.php on line 33.
 1 SYSTEMPATH\View\View.php(201): CodeIgniter\Exceptions\FrameworkException::forInvalidFile('pages/assets.php')
 2 SYSTEMPATH\Common.php(1142): CodeIgniter\View\View->render('pages/assets', [], true)
 3 APPPATH\Controllers\Pages.php(28): view('pages/assets', [...])
 4 SYSTEMPATH\CodeIgniter.php(907): App\Controllers\Pages->view('FCPATH\\assets', 'css', 'src', 'bootstrap', 'bootstrap.min.js')
 5 SYSTEMPATH\CodeIgniter.php(457): CodeIgniter\CodeIgniter->runController(Object(App\Controllers\Pages))
 6 SYSTEMPATH\CodeIgniter.php(340): CodeIgniter\CodeIgniter->handleRequest(null, Object(Config\Cache), false)
 7 FCPATH\index.php(67): CodeIgniter\CodeIgniter->run()
CRITICAL - 2022-09-18 22:54:35 --> Invalid file: pages/assets.php
in SYSTEMPATH\Exceptions\FrameworkException.php on line 33.
 1 SYSTEMPATH\View\View.php(201): CodeIgniter\Exceptions\FrameworkException::forInvalidFile('pages/assets.php')
 2 SYSTEMPATH\Common.php(1142): CodeIgniter\View\View->render('pages/assets', [], true)
 3 APPPATH\Controllers\Pages.php(28): view('pages/assets', [...])
 4 SYSTEMPATH\CodeIgniter.php(907): App\Controllers\Pages->view('FCPATH\\assets', 'js', 'datetime-moment.js')
 5 SYSTEMPATH\CodeIgniter.php(457): CodeIgniter\CodeIgniter->runController(Object(App\Controllers\Pages))
 6 SYSTEMPATH\CodeIgniter.php(340): CodeIgniter\CodeIgniter->handleRequest(null, Object(Config\Cache), false)
 7 FCPATH\index.php(67): CodeIgniter\CodeIgniter->run()
CRITICAL - 2022-09-18 22:54:35 --> Invalid file: pages/assets.php
in SYSTEMPATH\Exceptions\FrameworkException.php on line 33.
 1 SYSTEMPATH\View\View.php(201): CodeIgniter\Exceptions\FrameworkException::forInvalidFile('pages/assets.php')
 2 SYSTEMPATH\Common.php(1142): CodeIgniter\View\View->render('pages/assets', [], true)
 3 APPPATH\Controllers\Pages.php(28): view('pages/assets', [...])
 4 SYSTEMPATH\CodeIgniter.php(907): App\Controllers\Pages->view('FCPATH\\assets', 'js', 'lib', 'bootstrap.bundle.min.js')
 5 SYSTEMPATH\CodeIgniter.php(457): CodeIgniter\CodeIgniter->runController(Object(App\Controllers\Pages))
 6 SYSTEMPATH\CodeIgniter.php(340): CodeIgniter\CodeIgniter->handleRequest(null, Object(Config\Cache), false)
 7 FCPATH\index.php(67): CodeIgniter\CodeIgniter->run()
CRITICAL - 2022-09-18 22:54:35 --> Invalid file: pages/assets.php
in SYSTEMPATH\Exceptions\FrameworkException.php on line 33.
 1 SYSTEMPATH\View\View.php(201): CodeIgniter\Exceptions\FrameworkException::forInvalidFile('pages/assets.php')
 2 SYSTEMPATH\Common.php(1142): CodeIgniter\View\View->render('pages/assets', [], true)
 3 APPPATH\Controllers\Pages.php(28): view('pages/assets', [...])
 4 SYSTEMPATH\CodeIgniter.php(907): App\Controllers\Pages->view('FCPATH\\assets', 'back', 'webfonts', 'fa-solid-900.woff2')
 5 SYSTEMPATH\CodeIgniter.php(457): CodeIgniter\CodeIgniter->runController(Object(App\Controllers\Pages))
 6 SYSTEMPATH\CodeIgniter.php(340): CodeIgniter\CodeIgniter->handleRequest(null, Object(Config\Cache), false)
 7 FCPATH\index.php(67): CodeIgniter\CodeIgniter->run()
CRITICAL - 2022-09-18 22:54:35 --> Invalid file: pages/assets.php
in SYSTEMPATH\Exceptions\FrameworkException.php on line 33.
 1 SYSTEMPATH\View\View.php(201): CodeIgniter\Exceptions\FrameworkException::forInvalidFile('pages/assets.php')
 2 SYSTEMPATH\Common.php(1142): CodeIgniter\View\View->render('pages/assets', [], true)
 3 APPPATH\Controllers\Pages.php(28): view('pages/assets', [...])
 4 SYSTEMPATH\CodeIgniter.php(907): App\Controllers\Pages->view('FCPATH\\assets', 'js', 'functions.js')
 5 SYSTEMPATH\CodeIgniter.php(457): CodeIgniter\CodeIgniter->runController(Object(App\Controllers\Pages))
 6 SYSTEMPATH\CodeIgniter.php(340): CodeIgniter\CodeIgniter->handleRequest(null, Object(Config\Cache), false)
 7 FCPATH\index.php(67): CodeIgniter\CodeIgniter->run()
CRITICAL - 2022-09-18 22:54:35 --> Invalid file: pages/assets.php
in SYSTEMPATH\Exceptions\FrameworkException.php on line 33.
 1 SYSTEMPATH\View\View.php(201): CodeIgniter\Exceptions\FrameworkException::forInvalidFile('pages/assets.php')
 2 SYSTEMPATH\Common.php(1142): CodeIgniter\View\View->render('pages/assets', [], true)
 3 APPPATH\Controllers\Pages.php(28): view('pages/assets', [...])
 4 SYSTEMPATH\CodeIgniter.php(907): App\Controllers\Pages->view('FCPATH\\assets', 'back', 'webfonts', 'fa-solid-900.woff')
 5 SYSTEMPATH\CodeIgniter.php(457): CodeIgniter\CodeIgniter->runController(Object(App\Controllers\Pages))
 6 SYSTEMPATH\CodeIgniter.php(340): CodeIgniter\CodeIgniter->handleRequest(null, Object(Config\Cache), false)
 7 FCPATH\index.php(67): CodeIgniter\CodeIgniter->run()
CRITICAL - 2022-09-18 22:54:35 --> Invalid file: pages/assets.php
in SYSTEMPATH\Exceptions\FrameworkException.php on line 33.
 1 SYSTEMPATH\View\View.php(201): CodeIgniter\Exceptions\FrameworkException::forInvalidFile('pages/assets.php')
 2 SYSTEMPATH\Common.php(1142): CodeIgniter\View\View->render('pages/assets', [], true)
 3 APPPATH\Controllers\Pages.php(28): view('pages/assets', [...])
 4 SYSTEMPATH\CodeIgniter.php(907): App\Controllers\Pages->view('FCPATH\\assets', 'back', 'webfonts', 'fa-solid-900.ttf')
 5 SYSTEMPATH\CodeIgniter.php(457): CodeIgniter\CodeIgniter->runController(Object(App\Controllers\Pages))
 6 SYSTEMPATH\CodeIgniter.php(340): CodeIgniter\CodeIgniter->handleRequest(null, Object(Config\Cache), false)
 7 FCPATH\index.php(67): CodeIgniter\CodeIgniter->run()
CRITICAL - 2022-09-18 22:54:47 --> Invalid file: pages/assets.php
in SYSTEMPATH\Exceptions\FrameworkException.php on line 33.
 1 SYSTEMPATH\View\View.php(201): CodeIgniter\Exceptions\FrameworkException::forInvalidFile('pages/assets.php')
 2 SYSTEMPATH\Common.php(1142): CodeIgniter\View\View->render('pages/assets', [], true)
 3 APPPATH\Controllers\Pages.php(28): view('pages/assets', [...])
 4 SYSTEMPATH\CodeIgniter.php(907): App\Controllers\Pages->view('FCPATH\\assets', 'js', 'jquery.min.js')
 5 SYSTEMPATH\CodeIgniter.php(457): CodeIgniter\CodeIgniter->runController(Object(App\Controllers\Pages))
 6 SYSTEMPATH\CodeIgniter.php(340): CodeIgniter\CodeIgniter->handleRequest(null, Object(Config\Cache), false)
 7 FCPATH\index.php(67): CodeIgniter\CodeIgniter->run()
CRITICAL - 2022-09-18 22:54:47 --> Invalid file: pages/assets.php
in SYSTEMPATH\Exceptions\FrameworkException.php on line 33.
 1 SYSTEMPATH\View\View.php(201): CodeIgniter\Exceptions\FrameworkException::forInvalidFile('pages/assets.php')
 2 SYSTEMPATH\Common.php(1142): CodeIgniter\View\View->render('pages/assets', [], true)
 3 APPPATH\Controllers\Pages.php(28): view('pages/assets', [...])
 4 SYSTEMPATH\CodeIgniter.php(907): App\Controllers\Pages->view('FCPATH\\assets', 'css', 'src', 'bootstrap', 'bootstrap.min.js')
 5 SYSTEMPATH\CodeIgniter.php(457): CodeIgniter\CodeIgniter->runController(Object(App\Controllers\Pages))
 6 SYSTEMPATH\CodeIgniter.php(340): CodeIgniter\CodeIgniter->handleRequest(null, Object(Config\Cache), false)
 7 FCPATH\index.php(67): CodeIgniter\CodeIgniter->run()
CRITICAL - 2022-09-18 22:54:47 --> Invalid file: pages/assets.php
in SYSTEMPATH\Exceptions\FrameworkException.php on line 33.
 1 SYSTEMPATH\View\View.php(201): CodeIgniter\Exceptions\FrameworkException::forInvalidFile('pages/assets.php')
 2 SYSTEMPATH\Common.php(1142): CodeIgniter\View\View->render('pages/assets', [], true)
 3 APPPATH\Controllers\Pages.php(28): view('pages/assets', [...])
 4 SYSTEMPATH\CodeIgniter.php(907): App\Controllers\Pages->view('FCPATH\\assets', 'vendor', 'jquery', 'jquery-3.2.1.slim.min.js')
 5 SYSTEMPATH\CodeIgniter.php(457): CodeIgniter\CodeIgniter->runController(Object(App\Controllers\Pages))
 6 SYSTEMPATH\CodeIgniter.php(340): CodeIgniter\CodeIgniter->handleRequest(null, Object(Config\Cache), false)
 7 FCPATH\index.php(67): CodeIgniter\CodeIgniter->run()
CRITICAL - 2022-09-18 22:54:47 --> Invalid file: pages/assets.php
in SYSTEMPATH\Exceptions\FrameworkException.php on line 33.
 1 SYSTEMPATH\View\View.php(201): CodeIgniter\Exceptions\FrameworkException::forInvalidFile('pages/assets.php')
 2 SYSTEMPATH\Common.php(1142): CodeIgniter\View\View->render('pages/assets', [], true)
 3 APPPATH\Controllers\Pages.php(28): view('pages/assets', [...])
 4 SYSTEMPATH\CodeIgniter.php(907): App\Controllers\Pages->view('FCPATH\\assets', 'js', 'plugins', 'datatable', 'datatables.min.js')
 5 SYSTEMPATH\CodeIgniter.php(457): CodeIgniter\CodeIgniter->runController(Object(App\Controllers\Pages))
 6 SYSTEMPATH\CodeIgniter.php(340): CodeIgniter\CodeIgniter->handleRequest(null, Object(Config\Cache), false)
 7 FCPATH\index.php(67): CodeIgniter\CodeIgniter->run()
CRITICAL - 2022-09-18 22:54:47 --> Invalid file: pages/assets.php
in SYSTEMPATH\Exceptions\FrameworkException.php on line 33.
 1 SYSTEMPATH\View\View.php(201): CodeIgniter\Exceptions\FrameworkException::forInvalidFile('pages/assets.php')
 2 SYSTEMPATH\Common.php(1142): CodeIgniter\View\View->render('pages/assets', [], true)
 3 APPPATH\Controllers\Pages.php(28): view('pages/assets', [...])
 4 SYSTEMPATH\CodeIgniter.php(907): App\Controllers\Pages->view('FCPATH\\assets', 'back', 'webfonts', 'fa-solid-900.woff2')
 5 SYSTEMPATH\CodeIgniter.php(457): CodeIgniter\CodeIgniter->runController(Object(App\Controllers\Pages))
 6 SYSTEMPATH\CodeIgniter.php(340): CodeIgniter\CodeIgniter->handleRequest(null, Object(Config\Cache), false)
 7 FCPATH\index.php(67): CodeIgniter\CodeIgniter->run()
CRITICAL - 2022-09-18 22:54:47 --> Invalid file: pages/assets.php
in SYSTEMPATH\Exceptions\FrameworkException.php on line 33.
 1 SYSTEMPATH\View\View.php(201): CodeIgniter\Exceptions\FrameworkException::forInvalidFile('pages/assets.php')
 2 SYSTEMPATH\Common.php(1142): CodeIgniter\View\View->render('pages/assets', [], true)
 3 APPPATH\Controllers\Pages.php(28): view('pages/assets', [...])
 4 SYSTEMPATH\CodeIgniter.php(907): App\Controllers\Pages->view('FCPATH\\assets', 'js', 'lib', 'bootstrap.bundle.min.js')
 5 SYSTEMPATH\CodeIgniter.php(457): CodeIgniter\CodeIgniter->runController(Object(App\Controllers\Pages))
 6 SYSTEMPATH\CodeIgniter.php(340): CodeIgniter\CodeIgniter->handleRequest(null, Object(Config\Cache), false)
 7 FCPATH\index.php(67): CodeIgniter\CodeIgniter->run()
CRITICAL - 2022-09-18 22:54:47 --> Invalid file: pages/assets.php
in SYSTEMPATH\Exceptions\FrameworkException.php on line 33.
 1 SYSTEMPATH\View\View.php(201): CodeIgniter\Exceptions\FrameworkException::forInvalidFile('pages/assets.php')
 2 SYSTEMPATH\Common.php(1142): CodeIgniter\View\View->render('pages/assets', [], true)
 3 APPPATH\Controllers\Pages.php(28): view('pages/assets', [...])
 4 SYSTEMPATH\CodeIgniter.php(907): App\Controllers\Pages->view('FCPATH\\assets', 'js', 'base.dark.js')
 5 SYSTEMPATH\CodeIgniter.php(457): CodeIgniter\CodeIgniter->runController(Object(App\Controllers\Pages))
 6 SYSTEMPATH\CodeIgniter.php(340): CodeIgniter\CodeIgniter->handleRequest(null, Object(Config\Cache), false)
 7 FCPATH\index.php(67): CodeIgniter\CodeIgniter->run()
CRITICAL - 2022-09-18 22:54:47 --> Invalid file: pages/assets.php
in SYSTEMPATH\Exceptions\FrameworkException.php on line 33.
 1 SYSTEMPATH\View\View.php(201): CodeIgniter\Exceptions\FrameworkException::forInvalidFile('pages/assets.php')
 2 SYSTEMPATH\Common.php(1142): CodeIgniter\View\View->render('pages/assets', [], true)
 3 APPPATH\Controllers\Pages.php(28): view('pages/assets', [...])
 4 SYSTEMPATH\CodeIgniter.php(907): App\Controllers\Pages->view('FCPATH\\assets', 'js', 'all.min.js')
 5 SYSTEMPATH\CodeIgniter.php(457): CodeIgniter\CodeIgniter->runController(Object(App\Controllers\Pages))
 6 SYSTEMPATH\CodeIgniter.php(340): CodeIgniter\CodeIgniter->handleRequest(null, Object(Config\Cache), false)
 7 FCPATH\index.php(67): CodeIgniter\CodeIgniter->run()
CRITICAL - 2022-09-18 22:54:47 --> Invalid file: pages/assets.php
in SYSTEMPATH\Exceptions\FrameworkException.php on line 33.
 1 SYSTEMPATH\View\View.php(201): CodeIgniter\Exceptions\FrameworkException::forInvalidFile('pages/assets.php')
 2 SYSTEMPATH\Common.php(1142): CodeIgniter\View\View->render('pages/assets', [], true)
 3 APPPATH\Controllers\Pages.php(28): view('pages/assets', [...])
 4 SYSTEMPATH\CodeIgniter.php(907): App\Controllers\Pages->view('FCPATH\\assets', 'js', 'moment.min.js')
 5 SYSTEMPATH\CodeIgniter.php(457): CodeIgniter\CodeIgniter->runController(Object(App\Controllers\Pages))
 6 SYSTEMPATH\CodeIgniter.php(340): CodeIgniter\CodeIgniter->handleRequest(null, Object(Config\Cache), false)
 7 FCPATH\index.php(67): CodeIgniter\CodeIgniter->run()
CRITICAL - 2022-09-18 22:54:47 --> Invalid file: pages/assets.php
in SYSTEMPATH\Exceptions\FrameworkException.php on line 33.
 1 SYSTEMPATH\View\View.php(201): CodeIgniter\Exceptions\FrameworkException::forInvalidFile('pages/assets.php')
 2 SYSTEMPATH\Common.php(1142): CodeIgniter\View\View->render('pages/assets', [], true)
 3 APPPATH\Controllers\Pages.php(28): view('pages/assets', [...])
 4 SYSTEMPATH\CodeIgniter.php(907): App\Controllers\Pages->view('FCPATH\\assets', 'js', 'plugins', 'splide', 'splide.min.js')
 5 SYSTEMPATH\CodeIgniter.php(457): CodeIgniter\CodeIgniter->runController(Object(App\Controllers\Pages))
 6 SYSTEMPATH\CodeIgniter.php(340): CodeIgniter\CodeIgniter->handleRequest(null, Object(Config\Cache), false)
 7 FCPATH\index.php(67): CodeIgniter\CodeIgniter->run()
CRITICAL - 2022-09-18 22:54:47 --> Invalid file: pages/assets.php
in SYSTEMPATH\Exceptions\FrameworkException.php on line 33.
 1 SYSTEMPATH\View\View.php(201): CodeIgniter\Exceptions\FrameworkException::forInvalidFile('pages/assets.php')
 2 SYSTEMPATH\Common.php(1142): CodeIgniter\View\View->render('pages/assets', [], true)
 3 APPPATH\Controllers\Pages.php(28): view('pages/assets', [...])
 4 SYSTEMPATH\CodeIgniter.php(907): App\Controllers\Pages->view('FCPATH\\assets', 'js', 'fontawesome.min.js')
 5 SYSTEMPATH\CodeIgniter.php(457): CodeIgniter\CodeIgniter->runController(Object(App\Controllers\Pages))
 6 SYSTEMPATH\CodeIgniter.php(340): CodeIgniter\CodeIgniter->handleRequest(null, Object(Config\Cache), false)
 7 FCPATH\index.php(67): CodeIgniter\CodeIgniter->run()
CRITICAL - 2022-09-18 22:54:47 --> Invalid file: pages/assets.php
in SYSTEMPATH\Exceptions\FrameworkException.php on line 33.
 1 SYSTEMPATH\View\View.php(201): CodeIgniter\Exceptions\FrameworkException::forInvalidFile('pages/assets.php')
 2 SYSTEMPATH\Common.php(1142): CodeIgniter\View\View->render('pages/assets', [], true)
 3 APPPATH\Controllers\Pages.php(28): view('pages/assets', [...])
 4 SYSTEMPATH\CodeIgniter.php(907): App\Controllers\Pages->view('FCPATH\\assets', 'back', 'webfonts', 'fa-solid-900.woff')
 5 SYSTEMPATH\CodeIgniter.php(457): CodeIgniter\CodeIgniter->runController(Object(App\Controllers\Pages))
 6 SYSTEMPATH\CodeIgniter.php(340): CodeIgniter\CodeIgniter->handleRequest(null, Object(Config\Cache), false)
 7 FCPATH\index.php(67): CodeIgniter\CodeIgniter->run()
CRITICAL - 2022-09-18 22:54:47 --> Invalid file: pages/assets.php
in SYSTEMPATH\Exceptions\FrameworkException.php on line 33.
 1 SYSTEMPATH\View\View.php(201): CodeIgniter\Exceptions\FrameworkException::forInvalidFile('pages/assets.php')
 2 SYSTEMPATH\Common.php(1142): CodeIgniter\View\View->render('pages/assets', [], true)
 3 APPPATH\Controllers\Pages.php(28): view('pages/assets', [...])
 4 SYSTEMPATH\CodeIgniter.php(907): App\Controllers\Pages->view('FCPATH\\assets', 'js', 'datetime-moment.js')
 5 SYSTEMPATH\CodeIgniter.php(457): CodeIgniter\CodeIgniter->runController(Object(App\Controllers\Pages))
 6 SYSTEMPATH\CodeIgniter.php(340): CodeIgniter\CodeIgniter->handleRequest(null, Object(Config\Cache), false)
 7 FCPATH\index.php(67): CodeIgniter\CodeIgniter->run()
CRITICAL - 2022-09-18 22:54:47 --> Invalid file: pages/assets.php
in SYSTEMPATH\Exceptions\FrameworkException.php on line 33.
 1 SYSTEMPATH\View\View.php(201): CodeIgniter\Exceptions\FrameworkException::forInvalidFile('pages/assets.php')
 2 SYSTEMPATH\Common.php(1142): CodeIgniter\View\View->render('pages/assets', [], true)
 3 APPPATH\Controllers\Pages.php(28): view('pages/assets', [...])
 4 SYSTEMPATH\CodeIgniter.php(907): App\Controllers\Pages->view('FCPATH\\assets', 'js', 'functions.js')
 5 SYSTEMPATH\CodeIgniter.php(457): CodeIgniter\CodeIgniter->runController(Object(App\Controllers\Pages))
 6 SYSTEMPATH\CodeIgniter.php(340): CodeIgniter\CodeIgniter->handleRequest(null, Object(Config\Cache), false)
 7 FCPATH\index.php(67): CodeIgniter\CodeIgniter->run()
CRITICAL - 2022-09-18 22:54:47 --> Invalid file: pages/assets.php
in SYSTEMPATH\Exceptions\FrameworkException.php on line 33.
 1 SYSTEMPATH\View\View.php(201): CodeIgniter\Exceptions\FrameworkException::forInvalidFile('pages/assets.php')
 2 SYSTEMPATH\Common.php(1142): CodeIgniter\View\View->render('pages/assets', [], true)
 3 APPPATH\Controllers\Pages.php(28): view('pages/assets', [...])
 4 SYSTEMPATH\CodeIgniter.php(907): App\Controllers\Pages->view('FCPATH\\assets', 'back', 'webfonts', 'fa-solid-900.ttf')
 5 SYSTEMPATH\CodeIgniter.php(457): CodeIgniter\CodeIgniter->runController(Object(App\Controllers\Pages))
 6 SYSTEMPATH\CodeIgniter.php(340): CodeIgniter\CodeIgniter->handleRequest(null, Object(Config\Cache), false)
 7 FCPATH\index.php(67): CodeIgniter\CodeIgniter->run()
CRITICAL - 2022-09-18 22:55:01 --> Invalid file: pages/assets.php
in SYSTEMPATH\Exceptions\FrameworkException.php on line 33.
 1 SYSTEMPATH\View\View.php(201): CodeIgniter\Exceptions\FrameworkException::forInvalidFile('pages/assets.php')
 2 SYSTEMPATH\Common.php(1142): CodeIgniter\View\View->render('pages/assets', [], true)
 3 APPPATH\Controllers\Pages.php(28): view('pages/assets', [...])
 4 SYSTEMPATH\CodeIgniter.php(907): App\Controllers\Pages->view('FCPATH\\assets', 'js', 'jquery.min.js')
 5 SYSTEMPATH\CodeIgniter.php(457): CodeIgniter\CodeIgniter->runController(Object(App\Controllers\Pages))
 6 SYSTEMPATH\CodeIgniter.php(340): CodeIgniter\CodeIgniter->handleRequest(null, Object(Config\Cache), false)
 7 FCPATH\index.php(67): CodeIgniter\CodeIgniter->run()
CRITICAL - 2022-09-18 22:55:01 --> Invalid file: pages/assets.php
in SYSTEMPATH\Exceptions\FrameworkException.php on line 33.
 1 SYSTEMPATH\View\View.php(201): CodeIgniter\Exceptions\FrameworkException::forInvalidFile('pages/assets.php')
 2 SYSTEMPATH\Common.php(1142): CodeIgniter\View\View->render('pages/assets', [], true)
 3 APPPATH\Controllers\Pages.php(28): view('pages/assets', [...])
 4 SYSTEMPATH\CodeIgniter.php(907): App\Controllers\Pages->view('FCPATH\\assets', 'vendor', 'jquery', 'jquery-3.2.1.slim.min.js')
 5 SYSTEMPATH\CodeIgniter.php(457): CodeIgniter\CodeIgniter->runController(Object(App\Controllers\Pages))
 6 SYSTEMPATH\CodeIgniter.php(340): CodeIgniter\CodeIgniter->handleRequest(null, Object(Config\Cache), false)
 7 FCPATH\index.php(67): CodeIgniter\CodeIgniter->run()
CRITICAL - 2022-09-18 22:55:01 --> Invalid file: pages/assets.php
in SYSTEMPATH\Exceptions\FrameworkException.php on line 33.
 1 SYSTEMPATH\View\View.php(201): CodeIgniter\Exceptions\FrameworkException::forInvalidFile('pages/assets.php')
 2 SYSTEMPATH\Common.php(1142): CodeIgniter\View\View->render('pages/assets', [], true)
 3 APPPATH\Controllers\Pages.php(28): view('pages/assets', [...])
 4 SYSTEMPATH\CodeIgniter.php(907): App\Controllers\Pages->view('FCPATH\\assets', 'js', 'base.dark.js')
 5 SYSTEMPATH\CodeIgniter.php(457): CodeIgniter\CodeIgniter->runController(Object(App\Controllers\Pages))
 6 SYSTEMPATH\CodeIgniter.php(340): CodeIgniter\CodeIgniter->handleRequest(null, Object(Config\Cache), false)
 7 FCPATH\index.php(67): CodeIgniter\CodeIgniter->run()
CRITICAL - 2022-09-18 22:55:01 --> Invalid file: pages/assets.php
in SYSTEMPATH\Exceptions\FrameworkException.php on line 33.
 1 SYSTEMPATH\View\View.php(201): CodeIgniter\Exceptions\FrameworkException::forInvalidFile('pages/assets.php')
 2 SYSTEMPATH\Common.php(1142): CodeIgniter\View\View->render('pages/assets', [], true)
 3 APPPATH\Controllers\Pages.php(28): view('pages/assets', [...])
 4 SYSTEMPATH\CodeIgniter.php(907): App\Controllers\Pages->view('FCPATH\\assets', 'js', 'lib', 'bootstrap.bundle.min.js')
 5 SYSTEMPATH\CodeIgniter.php(457): CodeIgniter\CodeIgniter->runController(Object(App\Controllers\Pages))
 6 SYSTEMPATH\CodeIgniter.php(340): CodeIgniter\CodeIgniter->handleRequest(null, Object(Config\Cache), false)
 7 FCPATH\index.php(67): CodeIgniter\CodeIgniter->run()
CRITICAL - 2022-09-18 22:55:01 --> Invalid file: pages/assets.php
in SYSTEMPATH\Exceptions\FrameworkException.php on line 33.
 1 SYSTEMPATH\View\View.php(201): CodeIgniter\Exceptions\FrameworkException::forInvalidFile('pages/assets.php')
 2 SYSTEMPATH\Common.php(1142): CodeIgniter\View\View->render('pages/assets', [], true)
 3 APPPATH\Controllers\Pages.php(28): view('pages/assets', [...])
 4 SYSTEMPATH\CodeIgniter.php(907): App\Controllers\Pages->view('FCPATH\\assets', 'css', 'src', 'bootstrap', 'bootstrap.min.js')
 5 SYSTEMPATH\CodeIgniter.php(457): CodeIgniter\CodeIgniter->runController(Object(App\Controllers\Pages))
 6 SYSTEMPATH\CodeIgniter.php(340): CodeIgniter\CodeIgniter->handleRequest(null, Object(Config\Cache), false)
 7 FCPATH\index.php(67): CodeIgniter\CodeIgniter->run()
CRITICAL - 2022-09-18 22:55:01 --> Invalid file: pages/assets.php
in SYSTEMPATH\Exceptions\FrameworkException.php on line 33.
 1 SYSTEMPATH\View\View.php(201): CodeIgniter\Exceptions\FrameworkException::forInvalidFile('pages/assets.php')
 2 SYSTEMPATH\Common.php(1142): CodeIgniter\View\View->render('pages/assets', [], true)
 3 APPPATH\Controllers\Pages.php(28): view('pages/assets', [...])
 4 SYSTEMPATH\CodeIgniter.php(907): App\Controllers\Pages->view('FCPATH\\assets', 'js', 'plugins', 'splide', 'splide.min.js')
 5 SYSTEMPATH\CodeIgniter.php(457): CodeIgniter\CodeIgniter->runController(Object(App\Controllers\Pages))
 6 SYSTEMPATH\CodeIgniter.php(340): CodeIgniter\CodeIgniter->handleRequest(null, Object(Config\Cache), false)
 7 FCPATH\index.php(67): CodeIgniter\CodeIgniter->run()
CRITICAL - 2022-09-18 22:55:01 --> Invalid file: pages/assets.php
in SYSTEMPATH\Exceptions\FrameworkException.php on line 33.
 1 SYSTEMPATH\View\View.php(201): CodeIgniter\Exceptions\FrameworkException::forInvalidFile('pages/assets.php')
 2 SYSTEMPATH\Common.php(1142): CodeIgniter\View\View->render('pages/assets', [], true)
 3 APPPATH\Controllers\Pages.php(28): view('pages/assets', [...])
 4 SYSTEMPATH\CodeIgniter.php(907): App\Controllers\Pages->view('FCPATH\\assets', 'js', 'plugins', 'datatable', 'datatables.min.js')
 5 SYSTEMPATH\CodeIgniter.php(457): CodeIgniter\CodeIgniter->runController(Object(App\Controllers\Pages))
 6 SYSTEMPATH\CodeIgniter.php(340): CodeIgniter\CodeIgniter->handleRequest(null, Object(Config\Cache), false)
 7 FCPATH\index.php(67): CodeIgniter\CodeIgniter->run()
CRITICAL - 2022-09-18 22:55:01 --> Invalid file: pages/assets.php
in SYSTEMPATH\Exceptions\FrameworkException.php on line 33.
 1 SYSTEMPATH\View\View.php(201): CodeIgniter\Exceptions\FrameworkException::forInvalidFile('pages/assets.php')
 2 SYSTEMPATH\Common.php(1142): CodeIgniter\View\View->render('pages/assets', [], true)
 3 APPPATH\Controllers\Pages.php(28): view('pages/assets', [...])
 4 SYSTEMPATH\CodeIgniter.php(907): App\Controllers\Pages->view('FCPATH\\assets', 'js', 'fontawesome.min.js')
 5 SYSTEMPATH\CodeIgniter.php(457): CodeIgniter\CodeIgniter->runController(Object(App\Controllers\Pages))
 6 SYSTEMPATH\CodeIgniter.php(340): CodeIgniter\CodeIgniter->handleRequest(null, Object(Config\Cache), false)
 7 FCPATH\index.php(67): CodeIgniter\CodeIgniter->run()
CRITICAL - 2022-09-18 22:55:01 --> Invalid file: pages/assets.php
in SYSTEMPATH\Exceptions\FrameworkException.php on line 33.
 1 SYSTEMPATH\View\View.php(201): CodeIgniter\Exceptions\FrameworkException::forInvalidFile('pages/assets.php')
 2 SYSTEMPATH\Common.php(1142): CodeIgniter\View\View->render('pages/assets', [], true)
 3 APPPATH\Controllers\Pages.php(28): view('pages/assets', [...])
 4 SYSTEMPATH\CodeIgniter.php(907): App\Controllers\Pages->view('FCPATH\\assets', 'js', 'datetime-moment.js')
 5 SYSTEMPATH\CodeIgniter.php(457): CodeIgniter\CodeIgniter->runController(Object(App\Controllers\Pages))
 6 SYSTEMPATH\CodeIgniter.php(340): CodeIgniter\CodeIgniter->handleRequest(null, Object(Config\Cache), false)
 7 FCPATH\index.php(67): CodeIgniter\CodeIgniter->run()
CRITICAL - 2022-09-18 22:55:01 --> Invalid file: pages/assets.php
in SYSTEMPATH\Exceptions\FrameworkException.php on line 33.
 1 SYSTEMPATH\View\View.php(201): CodeIgniter\Exceptions\FrameworkException::forInvalidFile('pages/assets.php')
 2 SYSTEMPATH\Common.php(1142): CodeIgniter\View\View->render('pages/assets', [], true)
 3 APPPATH\Controllers\Pages.php(28): view('pages/assets', [...])
 4 SYSTEMPATH\CodeIgniter.php(907): App\Controllers\Pages->view('FCPATH\\assets', 'back', 'webfonts', 'fa-solid-900.woff2')
 5 SYSTEMPATH\CodeIgniter.php(457): CodeIgniter\CodeIgniter->runController(Object(App\Controllers\Pages))
 6 SYSTEMPATH\CodeIgniter.php(340): CodeIgniter\CodeIgniter->handleRequest(null, Object(Config\Cache), false)
 7 FCPATH\index.php(67): CodeIgniter\CodeIgniter->run()
CRITICAL - 2022-09-18 22:55:01 --> Invalid file: pages/assets.php
in SYSTEMPATH\Exceptions\FrameworkException.php on line 33.
 1 SYSTEMPATH\View\View.php(201): CodeIgniter\Exceptions\FrameworkException::forInvalidFile('pages/assets.php')
 2 SYSTEMPATH\Common.php(1142): CodeIgniter\View\View->render('pages/assets', [], true)
 3 APPPATH\Controllers\Pages.php(28): view('pages/assets', [...])
 4 SYSTEMPATH\CodeIgniter.php(907): App\Controllers\Pages->view('FCPATH\\assets', 'js', 'moment.min.js')
 5 SYSTEMPATH\CodeIgniter.php(457): CodeIgniter\CodeIgniter->runController(Object(App\Controllers\Pages))
 6 SYSTEMPATH\CodeIgniter.php(340): CodeIgniter\CodeIgniter->handleRequest(null, Object(Config\Cache), false)
 7 FCPATH\index.php(67): CodeIgniter\CodeIgniter->run()
CRITICAL - 2022-09-18 22:55:01 --> Invalid file: pages/assets.php
in SYSTEMPATH\Exceptions\FrameworkException.php on line 33.
 1 SYSTEMPATH\View\View.php(201): CodeIgniter\Exceptions\FrameworkException::forInvalidFile('pages/assets.php')
 2 SYSTEMPATH\Common.php(1142): CodeIgniter\View\View->render('pages/assets', [], true)
 3 APPPATH\Controllers\Pages.php(28): view('pages/assets', [...])
 4 SYSTEMPATH\CodeIgniter.php(907): App\Controllers\Pages->view('FCPATH\\assets', 'js', 'all.min.js')
 5 SYSTEMPATH\CodeIgniter.php(457): CodeIgniter\CodeIgniter->runController(Object(App\Controllers\Pages))
 6 SYSTEMPATH\CodeIgniter.php(340): CodeIgniter\CodeIgniter->handleRequest(null, Object(Config\Cache), false)
 7 FCPATH\index.php(67): CodeIgniter\CodeIgniter->run()
CRITICAL - 2022-09-18 22:55:01 --> Invalid file: pages/assets.php
in SYSTEMPATH\Exceptions\FrameworkException.php on line 33.
 1 SYSTEMPATH\View\View.php(201): CodeIgniter\Exceptions\FrameworkException::forInvalidFile('pages/assets.php')
 2 SYSTEMPATH\Common.php(1142): CodeIgniter\View\View->render('pages/assets', [], true)
 3 APPPATH\Controllers\Pages.php(28): view('pages/assets', [...])
 4 SYSTEMPATH\CodeIgniter.php(907): App\Controllers\Pages->view('FCPATH\\assets', 'js', 'functions.js')
 5 SYSTEMPATH\CodeIgniter.php(457): CodeIgniter\CodeIgniter->runController(Object(App\Controllers\Pages))
 6 SYSTEMPATH\CodeIgniter.php(340): CodeIgniter\CodeIgniter->handleRequest(null, Object(Config\Cache), false)
 7 FCPATH\index.php(67): CodeIgniter\CodeIgniter->run()
CRITICAL - 2022-09-18 22:55:01 --> Invalid file: pages/assets.php
in SYSTEMPATH\Exceptions\FrameworkException.php on line 33.
 1 SYSTEMPATH\View\View.php(201): CodeIgniter\Exceptions\FrameworkException::forInvalidFile('pages/assets.php')
 2 SYSTEMPATH\Common.php(1142): CodeIgniter\View\View->render('pages/assets', [], true)
 3 APPPATH\Controllers\Pages.php(28): view('pages/assets', [...])
 4 SYSTEMPATH\CodeIgniter.php(907): App\Controllers\Pages->view('FCPATH\\assets', 'back', 'webfonts', 'fa-solid-900.woff')
 5 SYSTEMPATH\CodeIgniter.php(457): CodeIgniter\CodeIgniter->runController(Object(App\Controllers\Pages))
 6 SYSTEMPATH\CodeIgniter.php(340): CodeIgniter\CodeIgniter->handleRequest(null, Object(Config\Cache), false)
 7 FCPATH\index.php(67): CodeIgniter\CodeIgniter->run()
CRITICAL - 2022-09-18 22:55:01 --> Invalid file: pages/assets.php
in SYSTEMPATH\Exceptions\FrameworkException.php on line 33.
 1 SYSTEMPATH\View\View.php(201): CodeIgniter\Exceptions\FrameworkException::forInvalidFile('pages/assets.php')
 2 SYSTEMPATH\Common.php(1142): CodeIgniter\View\View->render('pages/assets', [], true)
 3 APPPATH\Controllers\Pages.php(28): view('pages/assets', [...])
 4 SYSTEMPATH\CodeIgniter.php(907): App\Controllers\Pages->view('FCPATH\\assets', 'back', 'webfonts', 'fa-solid-900.ttf')
 5 SYSTEMPATH\CodeIgniter.php(457): CodeIgniter\CodeIgniter->runController(Object(App\Controllers\Pages))
 6 SYSTEMPATH\CodeIgniter.php(340): CodeIgniter\CodeIgniter->handleRequest(null, Object(Config\Cache), false)
 7 FCPATH\index.php(67): CodeIgniter\CodeIgniter->run()
CRITICAL - 2022-09-18 22:55:15 --> Invalid file: pages/assets.php
in SYSTEMPATH\Exceptions\FrameworkException.php on line 33.
 1 SYSTEMPATH\View\View.php(201): CodeIgniter\Exceptions\FrameworkException::forInvalidFile('pages/assets.php')
 2 SYSTEMPATH\Common.php(1142): CodeIgniter\View\View->render('pages/assets', [], true)
 3 APPPATH\Controllers\Pages.php(28): view('pages/assets', [...])
 4 SYSTEMPATH\CodeIgniter.php(907): App\Controllers\Pages->view('FCPATH\\assets', 'back', 'webfonts', 'fa-solid-900.woff2')
 5 SYSTEMPATH\CodeIgniter.php(457): CodeIgniter\CodeIgniter->runController(Object(App\Controllers\Pages))
 6 SYSTEMPATH\CodeIgniter.php(340): CodeIgniter\CodeIgniter->handleRequest(null, Object(Config\Cache), false)
 7 FCPATH\index.php(67): CodeIgniter\CodeIgniter->run()
CRITICAL - 2022-09-18 22:55:15 --> Invalid file: pages/assets.php
in SYSTEMPATH\Exceptions\FrameworkException.php on line 33.
 1 SYSTEMPATH\View\View.php(201): CodeIgniter\Exceptions\FrameworkException::forInvalidFile('pages/assets.php')
 2 SYSTEMPATH\Common.php(1142): CodeIgniter\View\View->render('pages/assets', [], true)
 3 APPPATH\Controllers\Pages.php(28): view('pages/assets', [...])
 4 SYSTEMPATH\CodeIgniter.php(907): App\Controllers\Pages->view('FCPATH\\assets', 'back', 'webfonts', 'fa-solid-900.woff')
 5 SYSTEMPATH\CodeIgniter.php(457): CodeIgniter\CodeIgniter->runController(Object(App\Controllers\Pages))
 6 SYSTEMPATH\CodeIgniter.php(340): CodeIgniter\CodeIgniter->handleRequest(null, Object(Config\Cache), false)
 7 FCPATH\index.php(67): CodeIgniter\CodeIgniter->run()
CRITICAL - 2022-09-18 22:55:15 --> Invalid file: pages/assets.php
in SYSTEMPATH\Exceptions\FrameworkException.php on line 33.
 1 SYSTEMPATH\View\View.php(201): CodeIgniter\Exceptions\FrameworkException::forInvalidFile('pages/assets.php')
 2 SYSTEMPATH\Common.php(1142): CodeIgniter\View\View->render('pages/assets', [], true)
 3 APPPATH\Controllers\Pages.php(28): view('pages/assets', [...])
 4 SYSTEMPATH\CodeIgniter.php(907): App\Controllers\Pages->view('FCPATH\\assets', 'back', 'webfonts', 'fa-solid-900.ttf')
 5 SYSTEMPATH\CodeIgniter.php(457): CodeIgniter\CodeIgniter->runController(Object(App\Controllers\Pages))
 6 SYSTEMPATH\CodeIgniter.php(340): CodeIgniter\CodeIgniter->handleRequest(null, Object(Config\Cache), false)
 7 FCPATH\index.php(67): CodeIgniter\CodeIgniter->run()
CRITICAL - 2022-09-18 22:55:19 --> Invalid file: pages/assets.php
in SYSTEMPATH\Exceptions\FrameworkException.php on line 33.
 1 SYSTEMPATH\View\View.php(201): CodeIgniter\Exceptions\FrameworkException::forInvalidFile('pages/assets.php')
 2 SYSTEMPATH\Common.php(1142): CodeIgniter\View\View->render('pages/assets', [], true)
 3 APPPATH\Controllers\Pages.php(28): view('pages/assets', [...])
 4 SYSTEMPATH\CodeIgniter.php(907): App\Controllers\Pages->view('FCPATH\\assets', 'js', 'jquery.min.js')
 5 SYSTEMPATH\CodeIgniter.php(457): CodeIgniter\CodeIgniter->runController(Object(App\Controllers\Pages))
 6 SYSTEMPATH\CodeIgniter.php(340): CodeIgniter\CodeIgniter->handleRequest(null, Object(Config\Cache), false)
 7 FCPATH\index.php(67): CodeIgniter\CodeIgniter->run()
CRITICAL - 2022-09-18 22:55:19 --> Invalid file: pages/assets.php
in SYSTEMPATH\Exceptions\FrameworkException.php on line 33.
 1 SYSTEMPATH\View\View.php(201): CodeIgniter\Exceptions\FrameworkException::forInvalidFile('pages/assets.php')
 2 SYSTEMPATH\Common.php(1142): CodeIgniter\View\View->render('pages/assets', [], true)
 3 APPPATH\Controllers\Pages.php(28): view('pages/assets', [...])
 4 SYSTEMPATH\CodeIgniter.php(907): App\Controllers\Pages->view('FCPATH\\assets', 'vendor', 'jquery', 'jquery-3.2.1.slim.min.js')
 5 SYSTEMPATH\CodeIgniter.php(457): CodeIgniter\CodeIgniter->runController(Object(App\Controllers\Pages))
 6 SYSTEMPATH\CodeIgniter.php(340): CodeIgniter\CodeIgniter->handleRequest(null, Object(Config\Cache), false)
 7 FCPATH\index.php(67): CodeIgniter\CodeIgniter->run()
CRITICAL - 2022-09-18 22:55:19 --> Invalid file: pages/assets.php
in SYSTEMPATH\Exceptions\FrameworkException.php on line 33.
 1 SYSTEMPATH\View\View.php(201): CodeIgniter\Exceptions\FrameworkException::forInvalidFile('pages/assets.php')
 2 SYSTEMPATH\Common.php(1142): CodeIgniter\View\View->render('pages/assets', [], true)
 3 APPPATH\Controllers\Pages.php(28): view('pages/assets', [...])
 4 SYSTEMPATH\CodeIgniter.php(907): App\Controllers\Pages->view('FCPATH\\assets', 'css', 'src', 'bootstrap', 'bootstrap.min.js')
 5 SYSTEMPATH\CodeIgniter.php(457): CodeIgniter\CodeIgniter->runController(Object(App\Controllers\Pages))
 6 SYSTEMPATH\CodeIgniter.php(340): CodeIgniter\CodeIgniter->handleRequest(null, Object(Config\Cache), false)
 7 FCPATH\index.php(67): CodeIgniter\CodeIgniter->run()
CRITICAL - 2022-09-18 22:55:19 --> Invalid file: pages/assets.php
in SYSTEMPATH\Exceptions\FrameworkException.php on line 33.
 1 SYSTEMPATH\View\View.php(201): CodeIgniter\Exceptions\FrameworkException::forInvalidFile('pages/assets.php')
 2 SYSTEMPATH\Common.php(1142): CodeIgniter\View\View->render('pages/assets', [], true)
 3 APPPATH\Controllers\Pages.php(28): view('pages/assets', [...])
 4 SYSTEMPATH\CodeIgniter.php(907): App\Controllers\Pages->view('FCPATH\\assets', 'js', 'lib', 'bootstrap.bundle.min.js')
 5 SYSTEMPATH\CodeIgniter.php(457): CodeIgniter\CodeIgniter->runController(Object(App\Controllers\Pages))
 6 SYSTEMPATH\CodeIgniter.php(340): CodeIgniter\CodeIgniter->handleRequest(null, Object(Config\Cache), false)
 7 FCPATH\index.php(67): CodeIgniter\CodeIgniter->run()
CRITICAL - 2022-09-18 22:55:19 --> Invalid file: pages/assets.php
in SYSTEMPATH\Exceptions\FrameworkException.php on line 33.
 1 SYSTEMPATH\View\View.php(201): CodeIgniter\Exceptions\FrameworkException::forInvalidFile('pages/assets.php')
 2 SYSTEMPATH\Common.php(1142): CodeIgniter\View\View->render('pages/assets', [], true)
 3 APPPATH\Controllers\Pages.php(28): view('pages/assets', [...])
 4 SYSTEMPATH\CodeIgniter.php(907): App\Controllers\Pages->view('FCPATH\\assets', 'js', 'plugins', 'splide', 'splide.min.js')
 5 SYSTEMPATH\CodeIgniter.php(457): CodeIgniter\CodeIgniter->runController(Object(App\Controllers\Pages))
 6 SYSTEMPATH\CodeIgniter.php(340): CodeIgniter\CodeIgniter->handleRequest(null, Object(Config\Cache), false)
 7 FCPATH\index.php(67): CodeIgniter\CodeIgniter->run()
CRITICAL - 2022-09-18 22:55:19 --> Invalid file: pages/assets.php
in SYSTEMPATH\Exceptions\FrameworkException.php on line 33.
 1 SYSTEMPATH\View\View.php(201): CodeIgniter\Exceptions\FrameworkException::forInvalidFile('pages/assets.php')
 2 SYSTEMPATH\Common.php(1142): CodeIgniter\View\View->render('pages/assets', [], true)
 3 APPPATH\Controllers\Pages.php(28): view('pages/assets', [...])
 4 SYSTEMPATH\CodeIgniter.php(907): App\Controllers\Pages->view('FCPATH\\assets', 'js', 'base.dark.js')
 5 SYSTEMPATH\CodeIgniter.php(457): CodeIgniter\CodeIgniter->runController(Object(App\Controllers\Pages))
 6 SYSTEMPATH\CodeIgniter.php(340): CodeIgniter\CodeIgniter->handleRequest(null, Object(Config\Cache), false)
 7 FCPATH\index.php(67): CodeIgniter\CodeIgniter->run()
CRITICAL - 2022-09-18 22:55:20 --> Invalid file: pages/assets.php
in SYSTEMPATH\Exceptions\FrameworkException.php on line 33.
 1 SYSTEMPATH\View\View.php(201): CodeIgniter\Exceptions\FrameworkException::forInvalidFile('pages/assets.php')
 2 SYSTEMPATH\Common.php(1142): CodeIgniter\View\View->render('pages/assets', [], true)
 3 APPPATH\Controllers\Pages.php(28): view('pages/assets', [...])
 4 SYSTEMPATH\CodeIgniter.php(907): App\Controllers\Pages->view('FCPATH\\assets', 'js', 'plugins', 'datatable', 'datatables.min.js')
 5 SYSTEMPATH\CodeIgniter.php(457): CodeIgniter\CodeIgniter->runController(Object(App\Controllers\Pages))
 6 SYSTEMPATH\CodeIgniter.php(340): CodeIgniter\CodeIgniter->handleRequest(null, Object(Config\Cache), false)
 7 FCPATH\index.php(67): CodeIgniter\CodeIgniter->run()
CRITICAL - 2022-09-18 22:55:20 --> Invalid file: pages/assets.php
in SYSTEMPATH\Exceptions\FrameworkException.php on line 33.
 1 SYSTEMPATH\View\View.php(201): CodeIgniter\Exceptions\FrameworkException::forInvalidFile('pages/assets.php')
 2 SYSTEMPATH\Common.php(1142): CodeIgniter\View\View->render('pages/assets', [], true)
 3 APPPATH\Controllers\Pages.php(28): view('pages/assets', [...])
 4 SYSTEMPATH\CodeIgniter.php(907): App\Controllers\Pages->view('FCPATH\\assets', 'js', 'fontawesome.min.js')
 5 SYSTEMPATH\CodeIgniter.php(457): CodeIgniter\CodeIgniter->runController(Object(App\Controllers\Pages))
 6 SYSTEMPATH\CodeIgniter.php(340): CodeIgniter\CodeIgniter->handleRequest(null, Object(Config\Cache), false)
 7 FCPATH\index.php(67): CodeIgniter\CodeIgniter->run()
CRITICAL - 2022-09-18 22:55:20 --> Invalid file: pages/assets.php
in SYSTEMPATH\Exceptions\FrameworkException.php on line 33.
 1 SYSTEMPATH\View\View.php(201): CodeIgniter\Exceptions\FrameworkException::forInvalidFile('pages/assets.php')
 2 SYSTEMPATH\Common.php(1142): CodeIgniter\View\View->render('pages/assets', [], true)
 3 APPPATH\Controllers\Pages.php(28): view('pages/assets', [...])
 4 SYSTEMPATH\CodeIgniter.php(907): App\Controllers\Pages->view('FCPATH\\assets', 'js', 'all.min.js')
 5 SYSTEMPATH\CodeIgniter.php(457): CodeIgniter\CodeIgniter->runController(Object(App\Controllers\Pages))
 6 SYSTEMPATH\CodeIgniter.php(340): CodeIgniter\CodeIgniter->handleRequest(null, Object(Config\Cache), false)
 7 FCPATH\index.php(67): CodeIgniter\CodeIgniter->run()
CRITICAL - 2022-09-18 22:55:20 --> Invalid file: pages/assets.php
in SYSTEMPATH\Exceptions\FrameworkException.php on line 33.
 1 SYSTEMPATH\View\View.php(201): CodeIgniter\Exceptions\FrameworkException::forInvalidFile('pages/assets.php')
 2 SYSTEMPATH\Common.php(1142): CodeIgniter\View\View->render('pages/assets', [], true)
 3 APPPATH\Controllers\Pages.php(28): view('pages/assets', [...])
 4 SYSTEMPATH\CodeIgniter.php(907): App\Controllers\Pages->view('FCPATH\\assets', 'js', 'moment.min.js')
 5 SYSTEMPATH\CodeIgniter.php(457): CodeIgniter\CodeIgniter->runController(Object(App\Controllers\Pages))
 6 SYSTEMPATH\CodeIgniter.php(340): CodeIgniter\CodeIgniter->handleRequest(null, Object(Config\Cache), false)
 7 FCPATH\index.php(67): CodeIgniter\CodeIgniter->run()
CRITICAL - 2022-09-18 22:55:20 --> Invalid file: pages/assets.php
in SYSTEMPATH\Exceptions\FrameworkException.php on line 33.
 1 SYSTEMPATH\View\View.php(201): CodeIgniter\Exceptions\FrameworkException::forInvalidFile('pages/assets.php')
 2 SYSTEMPATH\Common.php(1142): CodeIgniter\View\View->render('pages/assets', [], true)
 3 APPPATH\Controllers\Pages.php(28): view('pages/assets', [...])
 4 SYSTEMPATH\CodeIgniter.php(907): App\Controllers\Pages->view('FCPATH\\assets', 'js', 'functions.js')
 5 SYSTEMPATH\CodeIgniter.php(457): CodeIgniter\CodeIgniter->runController(Object(App\Controllers\Pages))
 6 SYSTEMPATH\CodeIgniter.php(340): CodeIgniter\CodeIgniter->handleRequest(null, Object(Config\Cache), false)
 7 FCPATH\index.php(67): CodeIgniter\CodeIgniter->run()
CRITICAL - 2022-09-18 22:55:20 --> Invalid file: pages/assets.php
in SYSTEMPATH\Exceptions\FrameworkException.php on line 33.
 1 SYSTEMPATH\View\View.php(201): CodeIgniter\Exceptions\FrameworkException::forInvalidFile('pages/assets.php')
 2 SYSTEMPATH\Common.php(1142): CodeIgniter\View\View->render('pages/assets', [], true)
 3 APPPATH\Controllers\Pages.php(28): view('pages/assets', [...])
 4 SYSTEMPATH\CodeIgniter.php(907): App\Controllers\Pages->view('FCPATH\\assets', 'js', 'datetime-moment.js')
 5 SYSTEMPATH\CodeIgniter.php(457): CodeIgniter\CodeIgniter->runController(Object(App\Controllers\Pages))
 6 SYSTEMPATH\CodeIgniter.php(340): CodeIgniter\CodeIgniter->handleRequest(null, Object(Config\Cache), false)
 7 FCPATH\index.php(67): CodeIgniter\CodeIgniter->run()
CRITICAL - 2022-09-18 22:55:20 --> Invalid file: pages/assets.php
in SYSTEMPATH\Exceptions\FrameworkException.php on line 33.
 1 SYSTEMPATH\View\View.php(201): CodeIgniter\Exceptions\FrameworkException::forInvalidFile('pages/assets.php')
 2 SYSTEMPATH\Common.php(1142): CodeIgniter\View\View->render('pages/assets', [], true)
 3 APPPATH\Controllers\Pages.php(28): view('pages/assets', [...])
 4 SYSTEMPATH\CodeIgniter.php(907): App\Controllers\Pages->view('FCPATH\\assets', 'back', 'webfonts', 'fa-solid-900.woff2')
 5 SYSTEMPATH\CodeIgniter.php(457): CodeIgniter\CodeIgniter->runController(Object(App\Controllers\Pages))
 6 SYSTEMPATH\CodeIgniter.php(340): CodeIgniter\CodeIgniter->handleRequest(null, Object(Config\Cache), false)
 7 FCPATH\index.php(67): CodeIgniter\CodeIgniter->run()
CRITICAL - 2022-09-18 22:55:20 --> Invalid file: pages/assets.php
in SYSTEMPATH\Exceptions\FrameworkException.php on line 33.
 1 SYSTEMPATH\View\View.php(201): CodeIgniter\Exceptions\FrameworkException::forInvalidFile('pages/assets.php')
 2 SYSTEMPATH\Common.php(1142): CodeIgniter\View\View->render('pages/assets', [], true)
 3 APPPATH\Controllers\Pages.php(28): view('pages/assets', [...])
 4 SYSTEMPATH\CodeIgniter.php(907): App\Controllers\Pages->view('FCPATH\\assets', 'back', 'webfonts', 'fa-solid-900.woff')
 5 SYSTEMPATH\CodeIgniter.php(457): CodeIgniter\CodeIgniter->runController(Object(App\Controllers\Pages))
 6 SYSTEMPATH\CodeIgniter.php(340): CodeIgniter\CodeIgniter->handleRequest(null, Object(Config\Cache), false)
 7 FCPATH\index.php(67): CodeIgniter\CodeIgniter->run()
CRITICAL - 2022-09-18 22:55:20 --> Invalid file: pages/assets.php
in SYSTEMPATH\Exceptions\FrameworkException.php on line 33.
 1 SYSTEMPATH\View\View.php(201): CodeIgniter\Exceptions\FrameworkException::forInvalidFile('pages/assets.php')
 2 SYSTEMPATH\Common.php(1142): CodeIgniter\View\View->render('pages/assets', [], true)
 3 APPPATH\Controllers\Pages.php(28): view('pages/assets', [...])
 4 SYSTEMPATH\CodeIgniter.php(907): App\Controllers\Pages->view('FCPATH\\assets', 'back', 'webfonts', 'fa-solid-900.ttf')
 5 SYSTEMPATH\CodeIgniter.php(457): CodeIgniter\CodeIgniter->runController(Object(App\Controllers\Pages))
 6 SYSTEMPATH\CodeIgniter.php(340): CodeIgniter\CodeIgniter->handleRequest(null, Object(Config\Cache), false)
 7 FCPATH\index.php(67): CodeIgniter\CodeIgniter->run()
CRITICAL - 2022-09-18 22:56:59 --> Invalid file: pages/assets.php
in SYSTEMPATH\Exceptions\FrameworkException.php on line 33.
 1 SYSTEMPATH\View\View.php(201): CodeIgniter\Exceptions\FrameworkException::forInvalidFile('pages/assets.php')
 2 SYSTEMPATH\Common.php(1142): CodeIgniter\View\View->render('pages/assets', [], true)
 3 APPPATH\Controllers\Pages.php(28): view('pages/assets', [...])
 4 SYSTEMPATH\CodeIgniter.php(907): App\Controllers\Pages->view('FCPATH\\assets', 'js', 'jquery.min.js')
 5 SYSTEMPATH\CodeIgniter.php(457): CodeIgniter\CodeIgniter->runController(Object(App\Controllers\Pages))
 6 SYSTEMPATH\CodeIgniter.php(340): CodeIgniter\CodeIgniter->handleRequest(null, Object(Config\Cache), false)
 7 FCPATH\index.php(67): CodeIgniter\CodeIgniter->run()
CRITICAL - 2022-09-18 22:56:59 --> Invalid file: pages/assets.php
in SYSTEMPATH\Exceptions\FrameworkException.php on line 33.
 1 SYSTEMPATH\View\View.php(201): CodeIgniter\Exceptions\FrameworkException::forInvalidFile('pages/assets.php')
 2 SYSTEMPATH\Common.php(1142): CodeIgniter\View\View->render('pages/assets', [], true)
 3 APPPATH\Controllers\Pages.php(28): view('pages/assets', [...])
 4 SYSTEMPATH\CodeIgniter.php(907): App\Controllers\Pages->view('FCPATH\\assets', 'js', 'plugins', 'splide', 'splide.min.js')
 5 SYSTEMPATH\CodeIgniter.php(457): CodeIgniter\CodeIgniter->runController(Object(App\Controllers\Pages))
 6 SYSTEMPATH\CodeIgniter.php(340): CodeIgniter\CodeIgniter->handleRequest(null, Object(Config\Cache), false)
 7 FCPATH\index.php(67): CodeIgniter\CodeIgniter->run()
CRITICAL - 2022-09-18 22:56:59 --> Invalid file: pages/assets.php
in SYSTEMPATH\Exceptions\FrameworkException.php on line 33.
 1 SYSTEMPATH\View\View.php(201): CodeIgniter\Exceptions\FrameworkException::forInvalidFile('pages/assets.php')
 2 SYSTEMPATH\Common.php(1142): CodeIgniter\View\View->render('pages/assets', [], true)
 3 APPPATH\Controllers\Pages.php(28): view('pages/assets', [...])
 4 SYSTEMPATH\CodeIgniter.php(907): App\Controllers\Pages->view('FCPATH\\assets', 'js', 'base.dark.js')
 5 SYSTEMPATH\CodeIgniter.php(457): CodeIgniter\CodeIgniter->runController(Object(App\Controllers\Pages))
 6 SYSTEMPATH\CodeIgniter.php(340): CodeIgniter\CodeIgniter->handleRequest(null, Object(Config\Cache), false)
 7 FCPATH\index.php(67): CodeIgniter\CodeIgniter->run()
CRITICAL - 2022-09-18 22:56:59 --> Invalid file: pages/assets.php
in SYSTEMPATH\Exceptions\FrameworkException.php on line 33.
 1 SYSTEMPATH\View\View.php(201): CodeIgniter\Exceptions\FrameworkException::forInvalidFile('pages/assets.php')
 2 SYSTEMPATH\Common.php(1142): CodeIgniter\View\View->render('pages/assets', [], true)
 3 APPPATH\Controllers\Pages.php(28): view('pages/assets', [...])
 4 SYSTEMPATH\CodeIgniter.php(907): App\Controllers\Pages->view('FCPATH\\assets', 'css', 'src', 'bootstrap', 'bootstrap.min.js')
 5 SYSTEMPATH\CodeIgniter.php(457): CodeIgniter\CodeIgniter->runController(Object(App\Controllers\Pages))
 6 SYSTEMPATH\CodeIgniter.php(340): CodeIgniter\CodeIgniter->handleRequest(null, Object(Config\Cache), false)
 7 FCPATH\index.php(67): CodeIgniter\CodeIgniter->run()
CRITICAL - 2022-09-18 22:56:59 --> Invalid file: pages/assets.php
in SYSTEMPATH\Exceptions\FrameworkException.php on line 33.
 1 SYSTEMPATH\View\View.php(201): CodeIgniter\Exceptions\FrameworkException::forInvalidFile('pages/assets.php')
 2 SYSTEMPATH\Common.php(1142): CodeIgniter\View\View->render('pages/assets', [], true)
 3 APPPATH\Controllers\Pages.php(28): view('pages/assets', [...])
 4 SYSTEMPATH\CodeIgniter.php(907): App\Controllers\Pages->view('FCPATH\\assets', 'js', 'lib', 'bootstrap.bundle.min.js')
 5 SYSTEMPATH\CodeIgniter.php(457): CodeIgniter\CodeIgniter->runController(Object(App\Controllers\Pages))
 6 SYSTEMPATH\CodeIgniter.php(340): CodeIgniter\CodeIgniter->handleRequest(null, Object(Config\Cache), false)
 7 FCPATH\index.php(67): CodeIgniter\CodeIgniter->run()
CRITICAL - 2022-09-18 22:56:59 --> Invalid file: pages/assets.php
in SYSTEMPATH\Exceptions\FrameworkException.php on line 33.
 1 SYSTEMPATH\View\View.php(201): CodeIgniter\Exceptions\FrameworkException::forInvalidFile('pages/assets.php')
 2 SYSTEMPATH\Common.php(1142): CodeIgniter\View\View->render('pages/assets', [], true)
 3 APPPATH\Controllers\Pages.php(28): view('pages/assets', [...])
 4 SYSTEMPATH\CodeIgniter.php(907): App\Controllers\Pages->view('FCPATH\\assets', 'js', 'plugins', 'datatable', 'datatables.min.js')
 5 SYSTEMPATH\CodeIgniter.php(457): CodeIgniter\CodeIgniter->runController(Object(App\Controllers\Pages))
 6 SYSTEMPATH\CodeIgniter.php(340): CodeIgniter\CodeIgniter->handleRequest(null, Object(Config\Cache), false)
 7 FCPATH\index.php(67): CodeIgniter\CodeIgniter->run()
CRITICAL - 2022-09-18 22:56:59 --> Invalid file: pages/assets.php
in SYSTEMPATH\Exceptions\FrameworkException.php on line 33.
 1 SYSTEMPATH\View\View.php(201): CodeIgniter\Exceptions\FrameworkException::forInvalidFile('pages/assets.php')
 2 SYSTEMPATH\Common.php(1142): CodeIgniter\View\View->render('pages/assets', [], true)
 3 APPPATH\Controllers\Pages.php(28): view('pages/assets', [...])
 4 SYSTEMPATH\CodeIgniter.php(907): App\Controllers\Pages->view('FCPATH\\assets', 'js', 'fontawesome.min.js')
 5 SYSTEMPATH\CodeIgniter.php(457): CodeIgniter\CodeIgniter->runController(Object(App\Controllers\Pages))
 6 SYSTEMPATH\CodeIgniter.php(340): CodeIgniter\CodeIgniter->handleRequest(null, Object(Config\Cache), false)
 7 FCPATH\index.php(67): CodeIgniter\CodeIgniter->run()
CRITICAL - 2022-09-18 22:56:59 --> Invalid file: pages/assets.php
in SYSTEMPATH\Exceptions\FrameworkException.php on line 33.
 1 SYSTEMPATH\View\View.php(201): CodeIgniter\Exceptions\FrameworkException::forInvalidFile('pages/assets.php')
 2 SYSTEMPATH\Common.php(1142): CodeIgniter\View\View->render('pages/assets', [], true)
 3 APPPATH\Controllers\Pages.php(28): view('pages/assets', [...])
 4 SYSTEMPATH\CodeIgniter.php(907): App\Controllers\Pages->view('FCPATH\\assets', 'vendor', 'jquery', 'jquery-3.2.1.slim.min.js')
 5 SYSTEMPATH\CodeIgniter.php(457): CodeIgniter\CodeIgniter->runController(Object(App\Controllers\Pages))
 6 SYSTEMPATH\CodeIgniter.php(340): CodeIgniter\CodeIgniter->handleRequest(null, Object(Config\Cache), false)
 7 FCPATH\index.php(67): CodeIgniter\CodeIgniter->run()
CRITICAL - 2022-09-18 22:56:59 --> Invalid file: pages/assets.php
in SYSTEMPATH\Exceptions\FrameworkException.php on line 33.
 1 SYSTEMPATH\View\View.php(201): CodeIgniter\Exceptions\FrameworkException::forInvalidFile('pages/assets.php')
 2 SYSTEMPATH\Common.php(1142): CodeIgniter\View\View->render('pages/assets', [], true)
 3 APPPATH\Controllers\Pages.php(28): view('pages/assets', [...])
 4 SYSTEMPATH\CodeIgniter.php(907): App\Controllers\Pages->view('FCPATH\\assets', 'js', 'all.min.js')
 5 SYSTEMPATH\CodeIgniter.php(457): CodeIgniter\CodeIgniter->runController(Object(App\Controllers\Pages))
 6 SYSTEMPATH\CodeIgniter.php(340): CodeIgniter\CodeIgniter->handleRequest(null, Object(Config\Cache), false)
 7 FCPATH\index.php(67): CodeIgniter\CodeIgniter->run()
CRITICAL - 2022-09-18 22:56:59 --> Invalid file: pages/assets.php
in SYSTEMPATH\Exceptions\FrameworkException.php on line 33.
 1 SYSTEMPATH\View\View.php(201): CodeIgniter\Exceptions\FrameworkException::forInvalidFile('pages/assets.php')
 2 SYSTEMPATH\Common.php(1142): CodeIgniter\View\View->render('pages/assets', [], true)
 3 APPPATH\Controllers\Pages.php(28): view('pages/assets', [...])
 4 SYSTEMPATH\CodeIgniter.php(907): App\Controllers\Pages->view('FCPATH\\assets', 'js', 'moment.min.js')
 5 SYSTEMPATH\CodeIgniter.php(457): CodeIgniter\CodeIgniter->runController(Object(App\Controllers\Pages))
 6 SYSTEMPATH\CodeIgniter.php(340): CodeIgniter\CodeIgniter->handleRequest(null, Object(Config\Cache), false)
 7 FCPATH\index.php(67): CodeIgniter\CodeIgniter->run()
CRITICAL - 2022-09-18 22:56:59 --> Invalid file: pages/assets.php
in SYSTEMPATH\Exceptions\FrameworkException.php on line 33.
 1 SYSTEMPATH\View\View.php(201): CodeIgniter\Exceptions\FrameworkException::forInvalidFile('pages/assets.php')
 2 SYSTEMPATH\Common.php(1142): CodeIgniter\View\View->render('pages/assets', [], true)
 3 APPPATH\Controllers\Pages.php(28): view('pages/assets', [...])
 4 SYSTEMPATH\CodeIgniter.php(907): App\Controllers\Pages->view('FCPATH\\assets', 'js', 'functions.js')
 5 SYSTEMPATH\CodeIgniter.php(457): CodeIgniter\CodeIgniter->runController(Object(App\Controllers\Pages))
 6 SYSTEMPATH\CodeIgniter.php(340): CodeIgniter\CodeIgniter->handleRequest(null, Object(Config\Cache), false)
 7 FCPATH\index.php(67): CodeIgniter\CodeIgniter->run()
CRITICAL - 2022-09-18 22:56:59 --> Invalid file: pages/assets.php
in SYSTEMPATH\Exceptions\FrameworkException.php on line 33.
 1 SYSTEMPATH\View\View.php(201): CodeIgniter\Exceptions\FrameworkException::forInvalidFile('pages/assets.php')
 2 SYSTEMPATH\Common.php(1142): CodeIgniter\View\View->render('pages/assets', [], true)
 3 APPPATH\Controllers\Pages.php(28): view('pages/assets', [...])
 4 SYSTEMPATH\CodeIgniter.php(907): App\Controllers\Pages->view('FCPATH\\assets', 'back', 'webfonts', 'fa-solid-900.woff2')
 5 SYSTEMPATH\CodeIgniter.php(457): CodeIgniter\CodeIgniter->runController(Object(App\Controllers\Pages))
 6 SYSTEMPATH\CodeIgniter.php(340): CodeIgniter\CodeIgniter->handleRequest(null, Object(Config\Cache), false)
 7 FCPATH\index.php(67): CodeIgniter\CodeIgniter->run()
CRITICAL - 2022-09-18 22:56:59 --> Invalid file: pages/assets.php
in SYSTEMPATH\Exceptions\FrameworkException.php on line 33.
 1 SYSTEMPATH\View\View.php(201): CodeIgniter\Exceptions\FrameworkException::forInvalidFile('pages/assets.php')
 2 SYSTEMPATH\Common.php(1142): CodeIgniter\View\View->render('pages/assets', [], true)
 3 APPPATH\Controllers\Pages.php(28): view('pages/assets', [...])
 4 SYSTEMPATH\CodeIgniter.php(907): App\Controllers\Pages->view('FCPATH\\assets', 'js', 'datetime-moment.js')
 5 SYSTEMPATH\CodeIgniter.php(457): CodeIgniter\CodeIgniter->runController(Object(App\Controllers\Pages))
 6 SYSTEMPATH\CodeIgniter.php(340): CodeIgniter\CodeIgniter->handleRequest(null, Object(Config\Cache), false)
 7 FCPATH\index.php(67): CodeIgniter\CodeIgniter->run()
CRITICAL - 2022-09-18 22:56:59 --> Invalid file: pages/assets.php
in SYSTEMPATH\Exceptions\FrameworkException.php on line 33.
 1 SYSTEMPATH\View\View.php(201): CodeIgniter\Exceptions\FrameworkException::forInvalidFile('pages/assets.php')
 2 SYSTEMPATH\Common.php(1142): CodeIgniter\View\View->render('pages/assets', [], true)
 3 APPPATH\Controllers\Pages.php(28): view('pages/assets', [...])
 4 SYSTEMPATH\CodeIgniter.php(907): App\Controllers\Pages->view('FCPATH\\assets', 'back', 'webfonts', 'fa-solid-900.woff')
 5 SYSTEMPATH\CodeIgniter.php(457): CodeIgniter\CodeIgniter->runController(Object(App\Controllers\Pages))
 6 SYSTEMPATH\CodeIgniter.php(340): CodeIgniter\CodeIgniter->handleRequest(null, Object(Config\Cache), false)
 7 FCPATH\index.php(67): CodeIgniter\CodeIgniter->run()
CRITICAL - 2022-09-18 22:56:59 --> Invalid file: pages/assets.php
in SYSTEMPATH\Exceptions\FrameworkException.php on line 33.
 1 SYSTEMPATH\View\View.php(201): CodeIgniter\Exceptions\FrameworkException::forInvalidFile('pages/assets.php')
 2 SYSTEMPATH\Common.php(1142): CodeIgniter\View\View->render('pages/assets', [], true)
 3 APPPATH\Controllers\Pages.php(28): view('pages/assets', [...])
 4 SYSTEMPATH\CodeIgniter.php(907): App\Controllers\Pages->view('FCPATH\\assets', 'back', 'webfonts', 'fa-solid-900.ttf')
 5 SYSTEMPATH\CodeIgniter.php(457): CodeIgniter\CodeIgniter->runController(Object(App\Controllers\Pages))
 6 SYSTEMPATH\CodeIgniter.php(340): CodeIgniter\CodeIgniter->handleRequest(null, Object(Config\Cache), false)
 7 FCPATH\index.php(67): CodeIgniter\CodeIgniter->run()
CRITICAL - 2022-09-18 22:57:52 --> Invalid file: pages/assets.php
in SYSTEMPATH\Exceptions\FrameworkException.php on line 33.
 1 SYSTEMPATH\View\View.php(201): CodeIgniter\Exceptions\FrameworkException::forInvalidFile('pages/assets.php')
 2 SYSTEMPATH\Common.php(1142): CodeIgniter\View\View->render('pages/assets', [], true)
 3 APPPATH\Controllers\Pages.php(28): view('pages/assets', [...])
 4 SYSTEMPATH\CodeIgniter.php(907): App\Controllers\Pages->view('FCPATH\\assets', 'back', 'webfonts', 'fa-solid-900.woff2')
 5 SYSTEMPATH\CodeIgniter.php(457): CodeIgniter\CodeIgniter->runController(Object(App\Controllers\Pages))
 6 SYSTEMPATH\CodeIgniter.php(340): CodeIgniter\CodeIgniter->handleRequest(null, Object(Config\Cache), false)
 7 FCPATH\index.php(67): CodeIgniter\CodeIgniter->run()
CRITICAL - 2022-09-18 22:57:52 --> Invalid file: pages/__service-worker.js
in SYSTEMPATH\Exceptions\FrameworkException.php on line 33.
 1 SYSTEMPATH\View\View.php(201): CodeIgniter\Exceptions\FrameworkException::forInvalidFile('pages/__service-worker.js')
 2 SYSTEMPATH\Common.php(1142): CodeIgniter\View\View->render('pages/__service-worker.js', [], true)
 3 APPPATH\Controllers\Pages.php(28): view('pages/__service-worker.js', [...])
 4 SYSTEMPATH\CodeIgniter.php(907): App\Controllers\Pages->view('__service-worker.js')
 5 SYSTEMPATH\CodeIgniter.php(457): CodeIgniter\CodeIgniter->runController(Object(App\Controllers\Pages))
 6 SYSTEMPATH\CodeIgniter.php(340): CodeIgniter\CodeIgniter->handleRequest(null, Object(Config\Cache), false)
 7 FCPATH\index.php(67): CodeIgniter\CodeIgniter->run()
CRITICAL - 2022-09-18 22:57:52 --> Invalid file: pages/assets.php
in SYSTEMPATH\Exceptions\FrameworkException.php on line 33.
 1 SYSTEMPATH\View\View.php(201): CodeIgniter\Exceptions\FrameworkException::forInvalidFile('pages/assets.php')
 2 SYSTEMPATH\Common.php(1142): CodeIgniter\View\View->render('pages/assets', [], true)
 3 APPPATH\Controllers\Pages.php(28): view('pages/assets', [...])
 4 SYSTEMPATH\CodeIgniter.php(907): App\Controllers\Pages->view('FCPATH\\assets', 'back', 'webfonts', 'fa-solid-900.woff')
 5 SYSTEMPATH\CodeIgniter.php(457): CodeIgniter\CodeIgniter->runController(Object(App\Controllers\Pages))
 6 SYSTEMPATH\CodeIgniter.php(340): CodeIgniter\CodeIgniter->handleRequest(null, Object(Config\Cache), false)
 7 FCPATH\index.php(67): CodeIgniter\CodeIgniter->run()
CRITICAL - 2022-09-18 22:57:52 --> Invalid file: pages/assets.php
in SYSTEMPATH\Exceptions\FrameworkException.php on line 33.
 1 SYSTEMPATH\View\View.php(201): CodeIgniter\Exceptions\FrameworkException::forInvalidFile('pages/assets.php')
 2 SYSTEMPATH\Common.php(1142): CodeIgniter\View\View->render('pages/assets', [], true)
 3 APPPATH\Controllers\Pages.php(28): view('pages/assets', [...])
 4 SYSTEMPATH\CodeIgniter.php(907): App\Controllers\Pages->view('FCPATH\\assets', 'back', 'webfonts', 'fa-solid-900.ttf')
 5 SYSTEMPATH\CodeIgniter.php(457): CodeIgniter\CodeIgniter->runController(Object(App\Controllers\Pages))
 6 SYSTEMPATH\CodeIgniter.php(340): CodeIgniter\CodeIgniter->handleRequest(null, Object(Config\Cache), false)
 7 FCPATH\index.php(67): CodeIgniter\CodeIgniter->run()
CRITICAL - 2022-09-18 22:58:05 --> Invalid file: pages/assets.php
in SYSTEMPATH\Exceptions\FrameworkException.php on line 33.
 1 SYSTEMPATH\View\View.php(201): CodeIgniter\Exceptions\FrameworkException::forInvalidFile('pages/assets.php')
 2 SYSTEMPATH\Common.php(1142): CodeIgniter\View\View->render('pages/assets', [], true)
 3 APPPATH\Controllers\Pages.php(28): view('pages/assets', [...])
 4 SYSTEMPATH\CodeIgniter.php(907): App\Controllers\Pages->view('FCPATH\\assets', 'back', 'webfonts', 'fa-solid-900.woff2')
 5 SYSTEMPATH\CodeIgniter.php(457): CodeIgniter\CodeIgniter->runController(Object(App\Controllers\Pages))
 6 SYSTEMPATH\CodeIgniter.php(340): CodeIgniter\CodeIgniter->handleRequest(null, Object(Config\Cache), false)
 7 FCPATH\index.php(67): CodeIgniter\CodeIgniter->run()
CRITICAL - 2022-09-18 22:58:05 --> Invalid file: pages/assets.php
in SYSTEMPATH\Exceptions\FrameworkException.php on line 33.
 1 SYSTEMPATH\View\View.php(201): CodeIgniter\Exceptions\FrameworkException::forInvalidFile('pages/assets.php')
 2 SYSTEMPATH\Common.php(1142): CodeIgniter\View\View->render('pages/assets', [], true)
 3 APPPATH\Controllers\Pages.php(28): view('pages/assets', [...])
 4 SYSTEMPATH\CodeIgniter.php(907): App\Controllers\Pages->view('FCPATH\\assets', 'back', 'webfonts', 'fa-solid-900.woff')
 5 SYSTEMPATH\CodeIgniter.php(457): CodeIgniter\CodeIgniter->runController(Object(App\Controllers\Pages))
 6 SYSTEMPATH\CodeIgniter.php(340): CodeIgniter\CodeIgniter->handleRequest(null, Object(Config\Cache), false)
 7 FCPATH\index.php(67): CodeIgniter\CodeIgniter->run()
CRITICAL - 2022-09-18 22:58:05 --> Invalid file: pages/assets.php
in SYSTEMPATH\Exceptions\FrameworkException.php on line 33.
 1 SYSTEMPATH\View\View.php(201): CodeIgniter\Exceptions\FrameworkException::forInvalidFile('pages/assets.php')
 2 SYSTEMPATH\Common.php(1142): CodeIgniter\View\View->render('pages/assets', [], true)
 3 APPPATH\Controllers\Pages.php(28): view('pages/assets', [...])
 4 SYSTEMPATH\CodeIgniter.php(907): App\Controllers\Pages->view('FCPATH\\assets', 'back', 'webfonts', 'fa-solid-900.ttf')
 5 SYSTEMPATH\CodeIgniter.php(457): CodeIgniter\CodeIgniter->runController(Object(App\Controllers\Pages))
 6 SYSTEMPATH\CodeIgniter.php(340): CodeIgniter\CodeIgniter->handleRequest(null, Object(Config\Cache), false)
 7 FCPATH\index.php(67): CodeIgniter\CodeIgniter->run()
CRITICAL - 2022-09-18 22:58:09 --> Invalid file: pages/__service-worker.js
in SYSTEMPATH\Exceptions\FrameworkException.php on line 33.
 1 SYSTEMPATH\View\View.php(201): CodeIgniter\Exceptions\FrameworkException::forInvalidFile('pages/__service-worker.js')
 2 SYSTEMPATH\Common.php(1142): CodeIgniter\View\View->render('pages/__service-worker.js', [], true)
 3 APPPATH\Controllers\Pages.php(28): view('pages/__service-worker.js', [...])
 4 SYSTEMPATH\CodeIgniter.php(907): App\Controllers\Pages->view('__service-worker.js')
 5 SYSTEMPATH\CodeIgniter.php(457): CodeIgniter\CodeIgniter->runController(Object(App\Controllers\Pages))
 6 SYSTEMPATH\CodeIgniter.php(340): CodeIgniter\CodeIgniter->handleRequest(null, Object(Config\Cache), false)
 7 FCPATH\index.php(67): CodeIgniter\CodeIgniter->run()
CRITICAL - 2022-09-18 22:58:09 --> Invalid file: pages/assets.php
in SYSTEMPATH\Exceptions\FrameworkException.php on line 33.
 1 SYSTEMPATH\View\View.php(201): CodeIgniter\Exceptions\FrameworkException::forInvalidFile('pages/assets.php')
 2 SYSTEMPATH\Common.php(1142): CodeIgniter\View\View->render('pages/assets', [], true)
 3 APPPATH\Controllers\Pages.php(28): view('pages/assets', [...])
 4 SYSTEMPATH\CodeIgniter.php(907): App\Controllers\Pages->view('FCPATH\\assets', 'back', 'webfonts', 'fa-solid-900.woff2')
 5 SYSTEMPATH\CodeIgniter.php(457): CodeIgniter\CodeIgniter->runController(Object(App\Controllers\Pages))
 6 SYSTEMPATH\CodeIgniter.php(340): CodeIgniter\CodeIgniter->handleRequest(null, Object(Config\Cache), false)
 7 FCPATH\index.php(67): CodeIgniter\CodeIgniter->run()
CRITICAL - 2022-09-18 22:58:09 --> Invalid file: pages/assets.php
in SYSTEMPATH\Exceptions\FrameworkException.php on line 33.
 1 SYSTEMPATH\View\View.php(201): CodeIgniter\Exceptions\FrameworkException::forInvalidFile('pages/assets.php')
 2 SYSTEMPATH\Common.php(1142): CodeIgniter\View\View->render('pages/assets', [], true)
 3 APPPATH\Controllers\Pages.php(28): view('pages/assets', [...])
 4 SYSTEMPATH\CodeIgniter.php(907): App\Controllers\Pages->view('FCPATH\\assets', 'back', 'webfonts', 'fa-solid-900.woff')
 5 SYSTEMPATH\CodeIgniter.php(457): CodeIgniter\CodeIgniter->runController(Object(App\Controllers\Pages))
 6 SYSTEMPATH\CodeIgniter.php(340): CodeIgniter\CodeIgniter->handleRequest(null, Object(Config\Cache), false)
 7 FCPATH\index.php(67): CodeIgniter\CodeIgniter->run()
CRITICAL - 2022-09-18 22:58:09 --> Invalid file: pages/assets.php
in SYSTEMPATH\Exceptions\FrameworkException.php on line 33.
 1 SYSTEMPATH\View\View.php(201): CodeIgniter\Exceptions\FrameworkException::forInvalidFile('pages/assets.php')
 2 SYSTEMPATH\Common.php(1142): CodeIgniter\View\View->render('pages/assets', [], true)
 3 APPPATH\Controllers\Pages.php(28): view('pages/assets', [...])
 4 SYSTEMPATH\CodeIgniter.php(907): App\Controllers\Pages->view('FCPATH\\assets', 'back', 'webfonts', 'fa-solid-900.ttf')
 5 SYSTEMPATH\CodeIgniter.php(457): CodeIgniter\CodeIgniter->runController(Object(App\Controllers\Pages))
 6 SYSTEMPATH\CodeIgniter.php(340): CodeIgniter\CodeIgniter->handleRequest(null, Object(Config\Cache), false)
 7 FCPATH\index.php(67): CodeIgniter\CodeIgniter->run()
CRITICAL - 2022-09-18 22:58:41 --> Invalid file: pages/assets.php
in SYSTEMPATH\Exceptions\FrameworkException.php on line 33.
 1 SYSTEMPATH\View\View.php(201): CodeIgniter\Exceptions\FrameworkException::forInvalidFile('pages/assets.php')
 2 SYSTEMPATH\Common.php(1142): CodeIgniter\View\View->render('pages/assets', [], true)
 3 APPPATH\Controllers\Pages.php(28): view('pages/assets', [...])
 4 SYSTEMPATH\CodeIgniter.php(907): App\Controllers\Pages->view('FCPATH\\assets', 'back', 'js', 'plugins', 'datatable', 'pdfmake.min.js.map')
 5 SYSTEMPATH\CodeIgniter.php(457): CodeIgniter\CodeIgniter->runController(Object(App\Controllers\Pages))
 6 SYSTEMPATH\CodeIgniter.php(340): CodeIgniter\CodeIgniter->handleRequest(null, Object(Config\Cache), false)
 7 FCPATH\index.php(67): CodeIgniter\CodeIgniter->run()
CRITICAL - 2022-09-18 22:58:41 --> Invalid file: pages/assets.php
in SYSTEMPATH\Exceptions\FrameworkException.php on line 33.
 1 SYSTEMPATH\View\View.php(201): CodeIgniter\Exceptions\FrameworkException::forInvalidFile('pages/assets.php')
 2 SYSTEMPATH\Common.php(1142): CodeIgniter\View\View->render('pages/assets', [], true)
 3 APPPATH\Controllers\Pages.php(28): view('pages/assets', [...])
 4 SYSTEMPATH\CodeIgniter.php(907): App\Controllers\Pages->view('FCPATH\\assets', 'back', 'css', 'src', 'bootstrap', 'bootstrap.min.js.map')
 5 SYSTEMPATH\CodeIgniter.php(457): CodeIgniter\CodeIgniter->runController(Object(App\Controllers\Pages))
 6 SYSTEMPATH\CodeIgniter.php(340): CodeIgniter\CodeIgniter->handleRequest(null, Object(Config\Cache), false)
 7 FCPATH\index.php(67): CodeIgniter\CodeIgniter->run()
CRITICAL - 2022-09-18 22:59:42 --> Invalid file: pages/__service-worker.js
in SYSTEMPATH\Exceptions\FrameworkException.php on line 33.
 1 SYSTEMPATH\View\View.php(201): CodeIgniter\Exceptions\FrameworkException::forInvalidFile('pages/__service-worker.js')
 2 SYSTEMPATH\Common.php(1142): CodeIgniter\View\View->render('pages/__service-worker.js', [], true)
 3 APPPATH\Controllers\Pages.php(28): view('pages/__service-worker.js', [...])
 4 SYSTEMPATH\CodeIgniter.php(907): App\Controllers\Pages->view('__service-worker.js')
 5 SYSTEMPATH\CodeIgniter.php(457): CodeIgniter\CodeIgniter->runController(Object(App\Controllers\Pages))
 6 SYSTEMPATH\CodeIgniter.php(340): CodeIgniter\CodeIgniter->handleRequest(null, Object(Config\Cache), false)
 7 FCPATH\index.php(67): CodeIgniter\CodeIgniter->run()
CRITICAL - 2022-09-18 22:59:43 --> Invalid file: pages/assets.php
in SYSTEMPATH\Exceptions\FrameworkException.php on line 33.
 1 SYSTEMPATH\View\View.php(201): CodeIgniter\Exceptions\FrameworkException::forInvalidFile('pages/assets.php')
 2 SYSTEMPATH\Common.php(1142): CodeIgniter\View\View->render('pages/assets', [], true)
 3 APPPATH\Controllers\Pages.php(28): view('pages/assets', [...])
 4 SYSTEMPATH\CodeIgniter.php(907): App\Controllers\Pages->view('FCPATH\\assets', 'back', 'webfonts', 'fa-solid-900.woff2')
 5 SYSTEMPATH\CodeIgniter.php(457): CodeIgniter\CodeIgniter->runController(Object(App\Controllers\Pages))
 6 SYSTEMPATH\CodeIgniter.php(340): CodeIgniter\CodeIgniter->handleRequest(null, Object(Config\Cache), false)
 7 FCPATH\index.php(67): CodeIgniter\CodeIgniter->run()
CRITICAL - 2022-09-18 22:59:43 --> Invalid file: pages/assets.php
in SYSTEMPATH\Exceptions\FrameworkException.php on line 33.
 1 SYSTEMPATH\View\View.php(201): CodeIgniter\Exceptions\FrameworkException::forInvalidFile('pages/assets.php')
 2 SYSTEMPATH\Common.php(1142): CodeIgniter\View\View->render('pages/assets', [], true)
 3 APPPATH\Controllers\Pages.php(28): view('pages/assets', [...])
 4 SYSTEMPATH\CodeIgniter.php(907): App\Controllers\Pages->view('FCPATH\\assets', 'back', 'webfonts', 'fa-solid-900.woff')
 5 SYSTEMPATH\CodeIgniter.php(457): CodeIgniter\CodeIgniter->runController(Object(App\Controllers\Pages))
 6 SYSTEMPATH\CodeIgniter.php(340): CodeIgniter\CodeIgniter->handleRequest(null, Object(Config\Cache), false)
 7 FCPATH\index.php(67): CodeIgniter\CodeIgniter->run()
CRITICAL - 2022-09-18 22:59:43 --> Invalid file: pages/assets.php
in SYSTEMPATH\Exceptions\FrameworkException.php on line 33.
 1 SYSTEMPATH\View\View.php(201): CodeIgniter\Exceptions\FrameworkException::forInvalidFile('pages/assets.php')
 2 SYSTEMPATH\Common.php(1142): CodeIgniter\View\View->render('pages/assets', [], true)
 3 APPPATH\Controllers\Pages.php(28): view('pages/assets', [...])
 4 SYSTEMPATH\CodeIgniter.php(907): App\Controllers\Pages->view('FCPATH\\assets', 'back', 'webfonts', 'fa-solid-900.ttf')
 5 SYSTEMPATH\CodeIgniter.php(457): CodeIgniter\CodeIgniter->runController(Object(App\Controllers\Pages))
 6 SYSTEMPATH\CodeIgniter.php(340): CodeIgniter\CodeIgniter->handleRequest(null, Object(Config\Cache), false)
 7 FCPATH\index.php(67): CodeIgniter\CodeIgniter->run()
CRITICAL - 2022-09-18 23:00:13 --> Invalid file: pages/__service-worker.js
in SYSTEMPATH\Exceptions\FrameworkException.php on line 33.
 1 SYSTEMPATH\View\View.php(201): CodeIgniter\Exceptions\FrameworkException::forInvalidFile('pages/__service-worker.js')
 2 SYSTEMPATH\Common.php(1142): CodeIgniter\View\View->render('pages/__service-worker.js', [], true)
 3 APPPATH\Controllers\Pages.php(28): view('pages/__service-worker.js', [...])
 4 SYSTEMPATH\CodeIgniter.php(907): App\Controllers\Pages->view('__service-worker.js')
 5 SYSTEMPATH\CodeIgniter.php(457): CodeIgniter\CodeIgniter->runController(Object(App\Controllers\Pages))
 6 SYSTEMPATH\CodeIgniter.php(340): CodeIgniter\CodeIgniter->handleRequest(null, Object(Config\Cache), false)
 7 FCPATH\index.php(67): CodeIgniter\CodeIgniter->run()
CRITICAL - 2022-09-18 23:00:14 --> Invalid file: pages/assets.php
in SYSTEMPATH\Exceptions\FrameworkException.php on line 33.
 1 SYSTEMPATH\View\View.php(201): CodeIgniter\Exceptions\FrameworkException::forInvalidFile('pages/assets.php')
 2 SYSTEMPATH\Common.php(1142): CodeIgniter\View\View->render('pages/assets', [], true)
 3 APPPATH\Controllers\Pages.php(28): view('pages/assets', [...])
 4 SYSTEMPATH\CodeIgniter.php(907): App\Controllers\Pages->view('FCPATH\\assets', 'back', 'webfonts', 'fa-solid-900.woff2')
 5 SYSTEMPATH\CodeIgniter.php(457): CodeIgniter\CodeIgniter->runController(Object(App\Controllers\Pages))
 6 SYSTEMPATH\CodeIgniter.php(340): CodeIgniter\CodeIgniter->handleRequest(null, Object(Config\Cache), false)
 7 FCPATH\index.php(67): CodeIgniter\CodeIgniter->run()
CRITICAL - 2022-09-18 23:00:14 --> Invalid file: pages/assets.php
in SYSTEMPATH\Exceptions\FrameworkException.php on line 33.
 1 SYSTEMPATH\View\View.php(201): CodeIgniter\Exceptions\FrameworkException::forInvalidFile('pages/assets.php')
 2 SYSTEMPATH\Common.php(1142): CodeIgniter\View\View->render('pages/assets', [], true)
 3 APPPATH\Controllers\Pages.php(28): view('pages/assets', [...])
 4 SYSTEMPATH\CodeIgniter.php(907): App\Controllers\Pages->view('FCPATH\\assets', 'back', 'webfonts', 'fa-solid-900.woff')
 5 SYSTEMPATH\CodeIgniter.php(457): CodeIgniter\CodeIgniter->runController(Object(App\Controllers\Pages))
 6 SYSTEMPATH\CodeIgniter.php(340): CodeIgniter\CodeIgniter->handleRequest(null, Object(Config\Cache), false)
 7 FCPATH\index.php(67): CodeIgniter\CodeIgniter->run()
CRITICAL - 2022-09-18 23:00:14 --> Invalid file: pages/assets.php
in SYSTEMPATH\Exceptions\FrameworkException.php on line 33.
 1 SYSTEMPATH\View\View.php(201): CodeIgniter\Exceptions\FrameworkException::forInvalidFile('pages/assets.php')
 2 SYSTEMPATH\Common.php(1142): CodeIgniter\View\View->render('pages/assets', [], true)
 3 APPPATH\Controllers\Pages.php(28): view('pages/assets', [...])
 4 SYSTEMPATH\CodeIgniter.php(907): App\Controllers\Pages->view('FCPATH\\assets', 'back', 'webfonts', 'fa-solid-900.ttf')
 5 SYSTEMPATH\CodeIgniter.php(457): CodeIgniter\CodeIgniter->runController(Object(App\Controllers\Pages))
 6 SYSTEMPATH\CodeIgniter.php(340): CodeIgniter\CodeIgniter->handleRequest(null, Object(Config\Cache), false)
 7 FCPATH\index.php(67): CodeIgniter\CodeIgniter->run()
CRITICAL - 2022-09-18 23:01:52 --> Invalid file: pages/__service-worker.js
in SYSTEMPATH\Exceptions\FrameworkException.php on line 33.
 1 SYSTEMPATH\View\View.php(201): CodeIgniter\Exceptions\FrameworkException::forInvalidFile('pages/__service-worker.js')
 2 SYSTEMPATH\Common.php(1142): CodeIgniter\View\View->render('pages/__service-worker.js', [], true)
 3 APPPATH\Controllers\Pages.php(28): view('pages/__service-worker.js', [...])
 4 SYSTEMPATH\CodeIgniter.php(907): App\Controllers\Pages->view('__service-worker.js')
 5 SYSTEMPATH\CodeIgniter.php(457): CodeIgniter\CodeIgniter->runController(Object(App\Controllers\Pages))
 6 SYSTEMPATH\CodeIgniter.php(340): CodeIgniter\CodeIgniter->handleRequest(null, Object(Config\Cache), false)
 7 FCPATH\index.php(67): CodeIgniter\CodeIgniter->run()
CRITICAL - 2022-09-18 23:01:52 --> Invalid file: pages/assets.php
in SYSTEMPATH\Exceptions\FrameworkException.php on line 33.
 1 SYSTEMPATH\View\View.php(201): CodeIgniter\Exceptions\FrameworkException::forInvalidFile('pages/assets.php')
 2 SYSTEMPATH\Common.php(1142): CodeIgniter\View\View->render('pages/assets', [], true)
 3 APPPATH\Controllers\Pages.php(28): view('pages/assets', [...])
 4 SYSTEMPATH\CodeIgniter.php(907): App\Controllers\Pages->view('FCPATH\\assets', 'back', 'webfonts', 'fa-solid-900.woff2')
 5 SYSTEMPATH\CodeIgniter.php(457): CodeIgniter\CodeIgniter->runController(Object(App\Controllers\Pages))
 6 SYSTEMPATH\CodeIgniter.php(340): CodeIgniter\CodeIgniter->handleRequest(null, Object(Config\Cache), false)
 7 FCPATH\index.php(67): CodeIgniter\CodeIgniter->run()
CRITICAL - 2022-09-18 23:01:52 --> Invalid file: pages/assets.php
in SYSTEMPATH\Exceptions\FrameworkException.php on line 33.
 1 SYSTEMPATH\View\View.php(201): CodeIgniter\Exceptions\FrameworkException::forInvalidFile('pages/assets.php')
 2 SYSTEMPATH\Common.php(1142): CodeIgniter\View\View->render('pages/assets', [], true)
 3 APPPATH\Controllers\Pages.php(28): view('pages/assets', [...])
 4 SYSTEMPATH\CodeIgniter.php(907): App\Controllers\Pages->view('FCPATH\\assets', 'back', 'webfonts', 'fa-solid-900.woff')
 5 SYSTEMPATH\CodeIgniter.php(457): CodeIgniter\CodeIgniter->runController(Object(App\Controllers\Pages))
 6 SYSTEMPATH\CodeIgniter.php(340): CodeIgniter\CodeIgniter->handleRequest(null, Object(Config\Cache), false)
 7 FCPATH\index.php(67): CodeIgniter\CodeIgniter->run()
CRITICAL - 2022-09-18 23:01:52 --> Invalid file: pages/assets.php
in SYSTEMPATH\Exceptions\FrameworkException.php on line 33.
 1 SYSTEMPATH\View\View.php(201): CodeIgniter\Exceptions\FrameworkException::forInvalidFile('pages/assets.php')
 2 SYSTEMPATH\Common.php(1142): CodeIgniter\View\View->render('pages/assets', [], true)
 3 APPPATH\Controllers\Pages.php(28): view('pages/assets', [...])
 4 SYSTEMPATH\CodeIgniter.php(907): App\Controllers\Pages->view('FCPATH\\assets', 'back', 'webfonts', 'fa-solid-900.ttf')
 5 SYSTEMPATH\CodeIgniter.php(457): CodeIgniter\CodeIgniter->runController(Object(App\Controllers\Pages))
 6 SYSTEMPATH\CodeIgniter.php(340): CodeIgniter\CodeIgniter->handleRequest(null, Object(Config\Cache), false)
 7 FCPATH\index.php(67): CodeIgniter\CodeIgniter->run()
CRITICAL - 2022-09-18 23:03:27 --> Undefined variable: image
in APPPATH\Views\user\header.php on line 94.
 1 APPPATH\Views\user\header.php(94): CodeIgniter\Debug\Exceptions->errorHandler(8, 'Undefined variable: image', 'APPPATH\\Views\\user\\header.php', 94, [...])
 2 SYSTEMPATH\View\View.php(213): include('APPPATH\\Views\\user\\header.php')
 3 SYSTEMPATH\View\View.php(216): CodeIgniter\View\View->CodeIgniter\View\{closure}()
 4 SYSTEMPATH\Common.php(1142): CodeIgniter\View\View->render('user/header', [], true)
 5 APPPATH\Controllers\User.php(29): view('user/header', [...])
 6 SYSTEMPATH\CodeIgniter.php(907): App\Controllers\User->index()
 7 SYSTEMPATH\CodeIgniter.php(457): CodeIgniter\CodeIgniter->runController(Object(App\Controllers\User))
 8 SYSTEMPATH\CodeIgniter.php(340): CodeIgniter\CodeIgniter->handleRequest(null, Object(Config\Cache), false)
 9 FCPATH\index.php(67): CodeIgniter\CodeIgniter->run()
CRITICAL - 2022-09-18 23:03:45 --> Undefined variable: page
in APPPATH\Views\user\header.php on line 8.
 1 APPPATH\Views\user\header.php(8): CodeIgniter\Debug\Exceptions->errorHandler(8, 'Undefined variable: page', 'APPPATH\\Views\\user\\header.php', 8, [...])
 2 SYSTEMPATH\View\View.php(213): include('APPPATH\\Views\\user\\header.php')
 3 SYSTEMPATH\View\View.php(216): CodeIgniter\View\View->CodeIgniter\View\{closure}()
 4 SYSTEMPATH\Common.php(1142): CodeIgniter\View\View->render('user/header', [...], true)
 5 APPPATH\Controllers\User.php(29): view('user/header', [...], [...])
 6 SYSTEMPATH\CodeIgniter.php(907): App\Controllers\User->index()
 7 SYSTEMPATH\CodeIgniter.php(457): CodeIgniter\CodeIgniter->runController(Object(App\Controllers\User))
 8 SYSTEMPATH\CodeIgniter.php(340): CodeIgniter\CodeIgniter->handleRequest(null, Object(Config\Cache), false)
 9 FCPATH\index.php(67): CodeIgniter\CodeIgniter->run()
CRITICAL - 2022-09-18 23:03:56 --> Undefined variable: page
in APPPATH\Views\user\header.php on line 8.
 1 APPPATH\Views\user\header.php(8): CodeIgniter\Debug\Exceptions->errorHandler(8, 'Undefined variable: page', 'APPPATH\\Views\\user\\header.php', 8, [...])
 2 SYSTEMPATH\View\View.php(213): include('APPPATH\\Views\\user\\header.php')
 3 SYSTEMPATH\View\View.php(216): CodeIgniter\View\View->CodeIgniter\View\{closure}()
 4 SYSTEMPATH\Common.php(1142): CodeIgniter\View\View->render('user/header', [], true)
 5 APPPATH\Controllers\User.php(29): view('user/header', [...])
 6 SYSTEMPATH\CodeIgniter.php(907): App\Controllers\User->index()
 7 SYSTEMPATH\CodeIgniter.php(457): CodeIgniter\CodeIgniter->runController(Object(App\Controllers\User))
 8 SYSTEMPATH\CodeIgniter.php(340): CodeIgniter\CodeIgniter->handleRequest(null, Object(Config\Cache), false)
 9 FCPATH\index.php(67): CodeIgniter\CodeIgniter->run()
CRITICAL - 2022-09-18 23:03:59 --> Undefined variable: page
in APPPATH\Views\user\header.php on line 8.
 1 APPPATH\Views\user\header.php(8): CodeIgniter\Debug\Exceptions->errorHandler(8, 'Undefined variable: page', 'APPPATH\\Views\\user\\header.php', 8, [...])
 2 SYSTEMPATH\View\View.php(213): include('APPPATH\\Views\\user\\header.php')
 3 SYSTEMPATH\View\View.php(216): CodeIgniter\View\View->CodeIgniter\View\{closure}()
 4 SYSTEMPATH\Common.php(1142): CodeIgniter\View\View->render('user/header', [], true)
 5 APPPATH\Controllers\User.php(29): view('user/header', [...])
 6 SYSTEMPATH\CodeIgniter.php(907): App\Controllers\User->index()
 7 SYSTEMPATH\CodeIgniter.php(457): CodeIgniter\CodeIgniter->runController(Object(App\Controllers\User))
 8 SYSTEMPATH\CodeIgniter.php(340): CodeIgniter\CodeIgniter->handleRequest(null, Object(Config\Cache), false)
 9 FCPATH\index.php(67): CodeIgniter\CodeIgniter->run()
CRITICAL - 2022-09-18 23:04:27 --> Undefined variable: userData
in APPPATH\Views\user\header.php on line 94.
 1 APPPATH\Views\user\header.php(94): CodeIgniter\Debug\Exceptions->errorHandler(8, 'Undefined variable: userData', 'APPPATH\\Views\\user\\header.php', 94, [...])
 2 SYSTEMPATH\View\View.php(213): include('APPPATH\\Views\\user\\header.php')
 3 SYSTEMPATH\View\View.php(216): CodeIgniter\View\View->CodeIgniter\View\{closure}()
 4 SYSTEMPATH\Common.php(1142): CodeIgniter\View\View->render('user/header', [], true)
 5 APPPATH\Controllers\User.php(29): view('user/header', [...])
 6 SYSTEMPATH\CodeIgniter.php(907): App\Controllers\User->index()
 7 SYSTEMPATH\CodeIgniter.php(457): CodeIgniter\CodeIgniter->runController(Object(App\Controllers\User))
 8 SYSTEMPATH\CodeIgniter.php(340): CodeIgniter\CodeIgniter->handleRequest(null, Object(Config\Cache), false)
 9 FCPATH\index.php(67): CodeIgniter\CodeIgniter->run()
CRITICAL - 2022-09-18 23:05:59 --> Undefined variable: userData
in APPPATH\Views\user\header.php on line 94.
 1 APPPATH\Views\user\header.php(94): CodeIgniter\Debug\Exceptions->errorHandler(8, 'Undefined variable: userData', 'APPPATH\\Views\\user\\header.php', 94, [...])
 2 SYSTEMPATH\View\View.php(213): include('APPPATH\\Views\\user\\header.php')
 3 SYSTEMPATH\View\View.php(216): CodeIgniter\View\View->CodeIgniter\View\{closure}()
 4 SYSTEMPATH\Common.php(1142): CodeIgniter\View\View->render('user/header', [...], true)
 5 APPPATH\Controllers\User.php(29): view('user/header', [...], [...])
 6 SYSTEMPATH\CodeIgniter.php(907): App\Controllers\User->index()
 7 SYSTEMPATH\CodeIgniter.php(457): CodeIgniter\CodeIgniter->runController(Object(App\Controllers\User))
 8 SYSTEMPATH\CodeIgniter.php(340): CodeIgniter\CodeIgniter->handleRequest(null, Object(Config\Cache), false)
 9 FCPATH\index.php(67): CodeIgniter\CodeIgniter->run()
CRITICAL - 2022-09-18 23:06:01 --> Undefined variable: userData
in APPPATH\Views\user\header.php on line 94.
 1 APPPATH\Views\user\header.php(94): CodeIgniter\Debug\Exceptions->errorHandler(8, 'Undefined variable: userData', 'APPPATH\\Views\\user\\header.php', 94, [...])
 2 SYSTEMPATH\View\View.php(213): include('APPPATH\\Views\\user\\header.php')
 3 SYSTEMPATH\View\View.php(216): CodeIgniter\View\View->CodeIgniter\View\{closure}()
 4 SYSTEMPATH\Common.php(1142): CodeIgniter\View\View->render('user/header', [...], true)
 5 APPPATH\Controllers\User.php(29): view('user/header', [...], [...])
 6 SYSTEMPATH\CodeIgniter.php(907): App\Controllers\User->index()
 7 SYSTEMPATH\CodeIgniter.php(457): CodeIgniter\CodeIgniter->runController(Object(App\Controllers\User))
 8 SYSTEMPATH\CodeIgniter.php(340): CodeIgniter\CodeIgniter->handleRequest(null, Object(Config\Cache), false)
 9 FCPATH\index.php(67): CodeIgniter\CodeIgniter->run()
CRITICAL - 2022-09-18 23:06:30 --> Invalid file: pages/assets.php
in SYSTEMPATH\Exceptions\FrameworkException.php on line 33.
 1 SYSTEMPATH\View\View.php(201): CodeIgniter\Exceptions\FrameworkException::forInvalidFile('pages/assets.php')
 2 SYSTEMPATH\Common.php(1142): CodeIgniter\View\View->render('pages/assets', [], true)
 3 APPPATH\Controllers\Pages.php(28): view('pages/assets', [...])
 4 SYSTEMPATH\CodeIgniter.php(907): App\Controllers\Pages->view('FCPATH\\assets', 'back', 'webfonts', 'fa-solid-900.woff2')
 5 SYSTEMPATH\CodeIgniter.php(457): CodeIgniter\CodeIgniter->runController(Object(App\Controllers\Pages))
 6 SYSTEMPATH\CodeIgniter.php(340): CodeIgniter\CodeIgniter->handleRequest(null, Object(Config\Cache), false)
 7 FCPATH\index.php(67): CodeIgniter\CodeIgniter->run()
CRITICAL - 2022-09-18 23:06:30 --> Invalid file: pages/__service-worker.js
in SYSTEMPATH\Exceptions\FrameworkException.php on line 33.
 1 SYSTEMPATH\View\View.php(201): CodeIgniter\Exceptions\FrameworkException::forInvalidFile('pages/__service-worker.js')
 2 SYSTEMPATH\Common.php(1142): CodeIgniter\View\View->render('pages/__service-worker.js', [], true)
 3 APPPATH\Controllers\Pages.php(28): view('pages/__service-worker.js', [...])
 4 SYSTEMPATH\CodeIgniter.php(907): App\Controllers\Pages->view('__service-worker.js')
 5 SYSTEMPATH\CodeIgniter.php(457): CodeIgniter\CodeIgniter->runController(Object(App\Controllers\Pages))
 6 SYSTEMPATH\CodeIgniter.php(340): CodeIgniter\CodeIgniter->handleRequest(null, Object(Config\Cache), false)
 7 FCPATH\index.php(67): CodeIgniter\CodeIgniter->run()
CRITICAL - 2022-09-18 23:06:30 --> Invalid file: pages/assets.php
in SYSTEMPATH\Exceptions\FrameworkException.php on line 33.
 1 SYSTEMPATH\View\View.php(201): CodeIgniter\Exceptions\FrameworkException::forInvalidFile('pages/assets.php')
 2 SYSTEMPATH\Common.php(1142): CodeIgniter\View\View->render('pages/assets', [], true)
 3 APPPATH\Controllers\Pages.php(28): view('pages/assets', [...])
 4 SYSTEMPATH\CodeIgniter.php(907): App\Controllers\Pages->view('FCPATH\\assets', 'back', 'webfonts', 'fa-solid-900.woff')
 5 SYSTEMPATH\CodeIgniter.php(457): CodeIgniter\CodeIgniter->runController(Object(App\Controllers\Pages))
 6 SYSTEMPATH\CodeIgniter.php(340): CodeIgniter\CodeIgniter->handleRequest(null, Object(Config\Cache), false)
 7 FCPATH\index.php(67): CodeIgniter\CodeIgniter->run()
CRITICAL - 2022-09-18 23:06:30 --> Invalid file: pages/assets.php
in SYSTEMPATH\Exceptions\FrameworkException.php on line 33.
 1 SYSTEMPATH\View\View.php(201): CodeIgniter\Exceptions\FrameworkException::forInvalidFile('pages/assets.php')
 2 SYSTEMPATH\Common.php(1142): CodeIgniter\View\View->render('pages/assets', [], true)
 3 APPPATH\Controllers\Pages.php(28): view('pages/assets', [...])
 4 SYSTEMPATH\CodeIgniter.php(907): App\Controllers\Pages->view('FCPATH\\assets', 'back', 'webfonts', 'fa-solid-900.ttf')
 5 SYSTEMPATH\CodeIgniter.php(457): CodeIgniter\CodeIgniter->runController(Object(App\Controllers\Pages))
 6 SYSTEMPATH\CodeIgniter.php(340): CodeIgniter\CodeIgniter->handleRequest(null, Object(Config\Cache), false)
 7 FCPATH\index.php(67): CodeIgniter\CodeIgniter->run()
CRITICAL - 2022-09-18 23:11:08 --> Undefined variable: mage
in APPPATH\Views\user\header.php on line 94.
 1 APPPATH\Views\user\header.php(94): CodeIgniter\Debug\Exceptions->errorHandler(8, 'Undefined variable: mage', 'APPPATH\\Views\\user\\header.php', 94, [...])
 2 SYSTEMPATH\View\View.php(213): include('APPPATH\\Views\\user\\header.php')
 3 SYSTEMPATH\View\View.php(216): CodeIgniter\View\View->CodeIgniter\View\{closure}()
 4 SYSTEMPATH\Common.php(1142): CodeIgniter\View\View->render('user/header', [], true)
 5 APPPATH\Controllers\User.php(29): view('user/header', [...])
 6 SYSTEMPATH\CodeIgniter.php(907): App\Controllers\User->index()
 7 SYSTEMPATH\CodeIgniter.php(457): CodeIgniter\CodeIgniter->runController(Object(App\Controllers\User))
 8 SYSTEMPATH\CodeIgniter.php(340): CodeIgniter\CodeIgniter->handleRequest(null, Object(Config\Cache), false)
 9 FCPATH\index.php(67): CodeIgniter\CodeIgniter->run()
CRITICAL - 2022-09-18 23:11:18 --> Invalid file: pages/assets.php
in SYSTEMPATH\Exceptions\FrameworkException.php on line 33.
 1 SYSTEMPATH\View\View.php(201): CodeIgniter\Exceptions\FrameworkException::forInvalidFile('pages/assets.php')
 2 SYSTEMPATH\Common.php(1142): CodeIgniter\View\View->render('pages/assets', [], true)
 3 APPPATH\Controllers\Pages.php(28): view('pages/assets', [...])
 4 SYSTEMPATH\CodeIgniter.php(907): App\Controllers\Pages->view('FCPATH\\assets', 'back', 'webfonts', 'fa-solid-900.woff2')
 5 SYSTEMPATH\CodeIgniter.php(457): CodeIgniter\CodeIgniter->runController(Object(App\Controllers\Pages))
 6 SYSTEMPATH\CodeIgniter.php(340): CodeIgniter\CodeIgniter->handleRequest(null, Object(Config\Cache), false)
 7 FCPATH\index.php(67): CodeIgniter\CodeIgniter->run()
CRITICAL - 2022-09-18 23:11:18 --> Invalid file: pages/__service-worker.js
in SYSTEMPATH\Exceptions\FrameworkException.php on line 33.
 1 SYSTEMPATH\View\View.php(201): CodeIgniter\Exceptions\FrameworkException::forInvalidFile('pages/__service-worker.js')
 2 SYSTEMPATH\Common.php(1142): CodeIgniter\View\View->render('pages/__service-worker.js', [], true)
 3 APPPATH\Controllers\Pages.php(28): view('pages/__service-worker.js', [...])
 4 SYSTEMPATH\CodeIgniter.php(907): App\Controllers\Pages->view('__service-worker.js')
 5 SYSTEMPATH\CodeIgniter.php(457): CodeIgniter\CodeIgniter->runController(Object(App\Controllers\Pages))
 6 SYSTEMPATH\CodeIgniter.php(340): CodeIgniter\CodeIgniter->handleRequest(null, Object(Config\Cache), false)
 7 FCPATH\index.php(67): CodeIgniter\CodeIgniter->run()
CRITICAL - 2022-09-18 23:11:18 --> Invalid file: pages/assets.php
in SYSTEMPATH\Exceptions\FrameworkException.php on line 33.
 1 SYSTEMPATH\View\View.php(201): CodeIgniter\Exceptions\FrameworkException::forInvalidFile('pages/assets.php')
 2 SYSTEMPATH\Common.php(1142): CodeIgniter\View\View->render('pages/assets', [], true)
 3 APPPATH\Controllers\Pages.php(28): view('pages/assets', [...])
 4 SYSTEMPATH\CodeIgniter.php(907): App\Controllers\Pages->view('FCPATH\\assets', 'back', 'webfonts', 'fa-solid-900.woff')
 5 SYSTEMPATH\CodeIgniter.php(457): CodeIgniter\CodeIgniter->runController(Object(App\Controllers\Pages))
 6 SYSTEMPATH\CodeIgniter.php(340): CodeIgniter\CodeIgniter->handleRequest(null, Object(Config\Cache), false)
 7 FCPATH\index.php(67): CodeIgniter\CodeIgniter->run()
CRITICAL - 2022-09-18 23:11:18 --> Invalid file: pages/assets.php
in SYSTEMPATH\Exceptions\FrameworkException.php on line 33.
 1 SYSTEMPATH\View\View.php(201): CodeIgniter\Exceptions\FrameworkException::forInvalidFile('pages/assets.php')
 2 SYSTEMPATH\Common.php(1142): CodeIgniter\View\View->render('pages/assets', [], true)
 3 APPPATH\Controllers\Pages.php(28): view('pages/assets', [...])
 4 SYSTEMPATH\CodeIgniter.php(907): App\Controllers\Pages->view('FCPATH\\assets', 'back', 'webfonts', 'fa-solid-900.ttf')
 5 SYSTEMPATH\CodeIgniter.php(457): CodeIgniter\CodeIgniter->runController(Object(App\Controllers\Pages))
 6 SYSTEMPATH\CodeIgniter.php(340): CodeIgniter\CodeIgniter->handleRequest(null, Object(Config\Cache), false)
 7 FCPATH\index.php(67): CodeIgniter\CodeIgniter->run()
CRITICAL - 2022-09-18 23:12:04 --> Invalid file: pages/__service-worker.js
in SYSTEMPATH\Exceptions\FrameworkException.php on line 33.
 1 SYSTEMPATH\View\View.php(201): CodeIgniter\Exceptions\FrameworkException::forInvalidFile('pages/__service-worker.js')
 2 SYSTEMPATH\Common.php(1142): CodeIgniter\View\View->render('pages/__service-worker.js', [], true)
 3 APPPATH\Controllers\Pages.php(28): view('pages/__service-worker.js', [...])
 4 SYSTEMPATH\CodeIgniter.php(907): App\Controllers\Pages->view('__service-worker.js')
 5 SYSTEMPATH\CodeIgniter.php(457): CodeIgniter\CodeIgniter->runController(Object(App\Controllers\Pages))
 6 SYSTEMPATH\CodeIgniter.php(340): CodeIgniter\CodeIgniter->handleRequest(null, Object(Config\Cache), false)
 7 FCPATH\index.php(67): CodeIgniter\CodeIgniter->run()
CRITICAL - 2022-09-18 23:12:05 --> Invalid file: pages/assets.php
in SYSTEMPATH\Exceptions\FrameworkException.php on line 33.
 1 SYSTEMPATH\View\View.php(201): CodeIgniter\Exceptions\FrameworkException::forInvalidFile('pages/assets.php')
 2 SYSTEMPATH\Common.php(1142): CodeIgniter\View\View->render('pages/assets', [], true)
 3 APPPATH\Controllers\Pages.php(28): view('pages/assets', [...])
 4 SYSTEMPATH\CodeIgniter.php(907): App\Controllers\Pages->view('FCPATH\\assets', 'back', 'webfonts', 'fa-solid-900.woff2')
 5 SYSTEMPATH\CodeIgniter.php(457): CodeIgniter\CodeIgniter->runController(Object(App\Controllers\Pages))
 6 SYSTEMPATH\CodeIgniter.php(340): CodeIgniter\CodeIgniter->handleRequest(null, Object(Config\Cache), false)
 7 FCPATH\index.php(67): CodeIgniter\CodeIgniter->run()
CRITICAL - 2022-09-18 23:12:05 --> Invalid file: pages/assets.php
in SYSTEMPATH\Exceptions\FrameworkException.php on line 33.
 1 SYSTEMPATH\View\View.php(201): CodeIgniter\Exceptions\FrameworkException::forInvalidFile('pages/assets.php')
 2 SYSTEMPATH\Common.php(1142): CodeIgniter\View\View->render('pages/assets', [], true)
 3 APPPATH\Controllers\Pages.php(28): view('pages/assets', [...])
 4 SYSTEMPATH\CodeIgniter.php(907): App\Controllers\Pages->view('FCPATH\\assets', 'back', 'webfonts', 'fa-solid-900.woff')
 5 SYSTEMPATH\CodeIgniter.php(457): CodeIgniter\CodeIgniter->runController(Object(App\Controllers\Pages))
 6 SYSTEMPATH\CodeIgniter.php(340): CodeIgniter\CodeIgniter->handleRequest(null, Object(Config\Cache), false)
 7 FCPATH\index.php(67): CodeIgniter\CodeIgniter->run()
CRITICAL - 2022-09-18 23:12:05 --> Invalid file: pages/assets.php
in SYSTEMPATH\Exceptions\FrameworkException.php on line 33.
 1 SYSTEMPATH\View\View.php(201): CodeIgniter\Exceptions\FrameworkException::forInvalidFile('pages/assets.php')
 2 SYSTEMPATH\Common.php(1142): CodeIgniter\View\View->render('pages/assets', [], true)
 3 APPPATH\Controllers\Pages.php(28): view('pages/assets', [...])
 4 SYSTEMPATH\CodeIgniter.php(907): App\Controllers\Pages->view('FCPATH\\assets', 'back', 'webfonts', 'fa-solid-900.ttf')
 5 SYSTEMPATH\CodeIgniter.php(457): CodeIgniter\CodeIgniter->runController(Object(App\Controllers\Pages))
 6 SYSTEMPATH\CodeIgniter.php(340): CodeIgniter\CodeIgniter->handleRequest(null, Object(Config\Cache), false)
 7 FCPATH\index.php(67): CodeIgniter\CodeIgniter->run()
CRITICAL - 2022-09-18 23:18:37 --> Call to undefined method CodeIgniter\Database\MySQLi\Result::countAll()
in APPPATH\Controllers\User.php on line 36.
 1 SYSTEMPATH\CodeIgniter.php(907): App\Controllers\User->index()
 2 SYSTEMPATH\CodeIgniter.php(457): CodeIgniter\CodeIgniter->runController(Object(App\Controllers\User))
 3 SYSTEMPATH\CodeIgniter.php(340): CodeIgniter\CodeIgniter->handleRequest(null, Object(Config\Cache), false)
 4 FCPATH\index.php(67): CodeIgniter\CodeIgniter->run()
CRITICAL - 2022-09-18 23:20:46 --> Call to undefined method CodeIgniter\Database\MySQLi\Result::countAllResults()
in APPPATH\Controllers\User.php on line 36.
 1 SYSTEMPATH\CodeIgniter.php(907): App\Controllers\User->index()
 2 SYSTEMPATH\CodeIgniter.php(457): CodeIgniter\CodeIgniter->runController(Object(App\Controllers\User))
 3 SYSTEMPATH\CodeIgniter.php(340): CodeIgniter\CodeIgniter->handleRequest(null, Object(Config\Cache), false)
 4 FCPATH\index.php(67): CodeIgniter\CodeIgniter->run()
CRITICAL - 2022-09-18 23:20:48 --> Call to undefined method CodeIgniter\Database\MySQLi\Result::countAllResults()
in APPPATH\Controllers\User.php on line 36.
 1 SYSTEMPATH\CodeIgniter.php(907): App\Controllers\User->index()
 2 SYSTEMPATH\CodeIgniter.php(457): CodeIgniter\CodeIgniter->runController(Object(App\Controllers\User))
 3 SYSTEMPATH\CodeIgniter.php(340): CodeIgniter\CodeIgniter->handleRequest(null, Object(Config\Cache), false)
 4 FCPATH\index.php(67): CodeIgniter\CodeIgniter->run()
CRITICAL - 2022-09-18 23:22:27 --> Call to undefined method CodeIgniter\Database\MySQLi\Result::countAll()
in APPPATH\Controllers\User.php on line 35.
 1 SYSTEMPATH\CodeIgniter.php(907): App\Controllers\User->index()
 2 SYSTEMPATH\CodeIgniter.php(457): CodeIgniter\CodeIgniter->runController(Object(App\Controllers\User))
 3 SYSTEMPATH\CodeIgniter.php(340): CodeIgniter\CodeIgniter->handleRequest(null, Object(Config\Cache), false)
 4 FCPATH\index.php(67): CodeIgniter\CodeIgniter->run()
CRITICAL - 2022-09-18 23:23:14 --> count(): Parameter must be an array or an object that implements Countable
in APPPATH\Controllers\User.php on line 36.
 1 [internal function]: CodeIgniter\Debug\Exceptions->errorHandler(2, 'count(): Parameter must be an array or an object that implements Countable', 'APPPATH\\Controllers\\User.php', 36, [...])
 2 APPPATH\Controllers\User.php(36): count(Object(CodeIgniter\Database\MySQLi\Result))
 3 SYSTEMPATH\CodeIgniter.php(907): App\Controllers\User->index()
 4 SYSTEMPATH\CodeIgniter.php(457): CodeIgniter\CodeIgniter->runController(Object(App\Controllers\User))
 5 SYSTEMPATH\CodeIgniter.php(340): CodeIgniter\CodeIgniter->handleRequest(null, Object(Config\Cache), false)
 6 FCPATH\index.php(67): CodeIgniter\CodeIgniter->run()
CRITICAL - 2022-09-18 23:24:00 --> Call to undefined method CodeIgniter\Database\MySQLi\Result::findAll()
in APPPATH\Controllers\User.php on line 35.
 1 SYSTEMPATH\CodeIgniter.php(907): App\Controllers\User->index()
 2 SYSTEMPATH\CodeIgniter.php(457): CodeIgniter\CodeIgniter->runController(Object(App\Controllers\User))
 3 SYSTEMPATH\CodeIgniter.php(340): CodeIgniter\CodeIgniter->handleRequest(null, Object(Config\Cache), false)
 4 FCPATH\index.php(67): CodeIgniter\CodeIgniter->run()
CRITICAL - 2022-09-18 23:24:03 --> Call to undefined method CodeIgniter\Database\MySQLi\Result::findAll()
in APPPATH\Controllers\User.php on line 35.
 1 SYSTEMPATH\CodeIgniter.php(907): App\Controllers\User->index()
 2 SYSTEMPATH\CodeIgniter.php(457): CodeIgniter\CodeIgniter->runController(Object(App\Controllers\User))
 3 SYSTEMPATH\CodeIgniter.php(340): CodeIgniter\CodeIgniter->handleRequest(null, Object(Config\Cache), false)
 4 FCPATH\index.php(67): CodeIgniter\CodeIgniter->run()
CRITICAL - 2022-09-18 23:26:49 --> Call to undefined method CodeIgniter\Database\MySQLi\Result::findAll()
in APPPATH\Controllers\User.php on line 35.
 1 SYSTEMPATH\CodeIgniter.php(907): App\Controllers\User->index()
 2 SYSTEMPATH\CodeIgniter.php(457): CodeIgniter\CodeIgniter->runController(Object(App\Controllers\User))
 3 SYSTEMPATH\CodeIgniter.php(340): CodeIgniter\CodeIgniter->handleRequest(null, Object(Config\Cache), false)
 4 FCPATH\index.php(67): CodeIgniter\CodeIgniter->run()
CRITICAL - 2022-09-18 23:26:50 --> Call to undefined method CodeIgniter\Database\MySQLi\Result::findAll()
in APPPATH\Controllers\User.php on line 35.
 1 SYSTEMPATH\CodeIgniter.php(907): App\Controllers\User->index()
 2 SYSTEMPATH\CodeIgniter.php(457): CodeIgniter\CodeIgniter->runController(Object(App\Controllers\User))
 3 SYSTEMPATH\CodeIgniter.php(340): CodeIgniter\CodeIgniter->handleRequest(null, Object(Config\Cache), false)
 4 FCPATH\index.php(67): CodeIgniter\CodeIgniter->run()
CRITICAL - 2022-09-18 23:33:43 --> Class 'App\Controllers\UserNotification' not found
in APPPATH\Controllers\User.php on line 34.
 1 SYSTEMPATH\CodeIgniter.php(907): App\Controllers\User->index()
 2 SYSTEMPATH\CodeIgniter.php(457): CodeIgniter\CodeIgniter->runController(Object(App\Controllers\User))
 3 SYSTEMPATH\CodeIgniter.php(340): CodeIgniter\CodeIgniter->handleRequest(null, Object(Config\Cache), false)
 4 FCPATH\index.php(67): CodeIgniter\CodeIgniter->run()
CRITICAL - 2022-09-18 23:37:49 --> Undefined index: Email
in APPPATH\Controllers\User.php on line 32.
 1 APPPATH\Controllers\User.php(32): CodeIgniter\Debug\Exceptions->errorHandler(8, 'Undefined index: Email', 'APPPATH\\Controllers\\User.php', 32, [...])
 2 SYSTEMPATH\CodeIgniter.php(907): App\Controllers\User->index()
 3 SYSTEMPATH\CodeIgniter.php(457): CodeIgniter\CodeIgniter->runController(Object(App\Controllers\User))
 4 SYSTEMPATH\CodeIgniter.php(340): CodeIgniter\CodeIgniter->handleRequest(null, Object(Config\Cache), false)
 5 FCPATH\index.php(67): CodeIgniter\CodeIgniter->run()
CRITICAL - 2022-09-18 23:38:07 --> Invalid file: pages/assets.php
in SYSTEMPATH\Exceptions\FrameworkException.php on line 33.
 1 SYSTEMPATH\View\View.php(201): CodeIgniter\Exceptions\FrameworkException::forInvalidFile('pages/assets.php')
 2 SYSTEMPATH\Common.php(1142): CodeIgniter\View\View->render('pages/assets', [], true)
 3 APPPATH\Controllers\Pages.php(28): view('pages/assets', [...])
 4 SYSTEMPATH\CodeIgniter.php(907): App\Controllers\Pages->view('FCPATH\\assets', 'back', 'webfonts', 'fa-solid-900.woff2')
 5 SYSTEMPATH\CodeIgniter.php(457): CodeIgniter\CodeIgniter->runController(Object(App\Controllers\Pages))
 6 SYSTEMPATH\CodeIgniter.php(340): CodeIgniter\CodeIgniter->handleRequest(null, Object(Config\Cache), false)
 7 FCPATH\index.php(67): CodeIgniter\CodeIgniter->run()
CRITICAL - 2022-09-18 23:38:07 --> Invalid file: pages/__service-worker.js
in SYSTEMPATH\Exceptions\FrameworkException.php on line 33.
 1 SYSTEMPATH\View\View.php(201): CodeIgniter\Exceptions\FrameworkException::forInvalidFile('pages/__service-worker.js')
 2 SYSTEMPATH\Common.php(1142): CodeIgniter\View\View->render('pages/__service-worker.js', [], true)
 3 APPPATH\Controllers\Pages.php(28): view('pages/__service-worker.js', [...])
 4 SYSTEMPATH\CodeIgniter.php(907): App\Controllers\Pages->view('__service-worker.js')
 5 SYSTEMPATH\CodeIgniter.php(457): CodeIgniter\CodeIgniter->runController(Object(App\Controllers\Pages))
 6 SYSTEMPATH\CodeIgniter.php(340): CodeIgniter\CodeIgniter->handleRequest(null, Object(Config\Cache), false)
 7 FCPATH\index.php(67): CodeIgniter\CodeIgniter->run()
CRITICAL - 2022-09-18 23:38:07 --> Invalid file: pages/assets.php
in SYSTEMPATH\Exceptions\FrameworkException.php on line 33.
 1 SYSTEMPATH\View\View.php(201): CodeIgniter\Exceptions\FrameworkException::forInvalidFile('pages/assets.php')
 2 SYSTEMPATH\Common.php(1142): CodeIgniter\View\View->render('pages/assets', [], true)
 3 APPPATH\Controllers\Pages.php(28): view('pages/assets', [...])
 4 SYSTEMPATH\CodeIgniter.php(907): App\Controllers\Pages->view('FCPATH\\assets', 'back', 'webfonts', 'fa-solid-900.woff')
 5 SYSTEMPATH\CodeIgniter.php(457): CodeIgniter\CodeIgniter->runController(Object(App\Controllers\Pages))
 6 SYSTEMPATH\CodeIgniter.php(340): CodeIgniter\CodeIgniter->handleRequest(null, Object(Config\Cache), false)
 7 FCPATH\index.php(67): CodeIgniter\CodeIgniter->run()
CRITICAL - 2022-09-18 23:38:07 --> Invalid file: pages/assets.php
in SYSTEMPATH\Exceptions\FrameworkException.php on line 33.
 1 SYSTEMPATH\View\View.php(201): CodeIgniter\Exceptions\FrameworkException::forInvalidFile('pages/assets.php')
 2 SYSTEMPATH\Common.php(1142): CodeIgniter\View\View->render('pages/assets', [], true)
 3 APPPATH\Controllers\Pages.php(28): view('pages/assets', [...])
 4 SYSTEMPATH\CodeIgniter.php(907): App\Controllers\Pages->view('FCPATH\\assets', 'back', 'webfonts', 'fa-solid-900.ttf')
 5 SYSTEMPATH\CodeIgniter.php(457): CodeIgniter\CodeIgniter->runController(Object(App\Controllers\Pages))
 6 SYSTEMPATH\CodeIgniter.php(340): CodeIgniter\CodeIgniter->handleRequest(null, Object(Config\Cache), false)
 7 FCPATH\index.php(67): CodeIgniter\CodeIgniter->run()
CRITICAL - 2022-09-18 23:46:21 --> Invalid file: pages/__service-worker.js
in SYSTEMPATH\Exceptions\FrameworkException.php on line 33.
 1 SYSTEMPATH\View\View.php(201): CodeIgniter\Exceptions\FrameworkException::forInvalidFile('pages/__service-worker.js')
 2 SYSTEMPATH\Common.php(1142): CodeIgniter\View\View->render('pages/__service-worker.js', [], true)
 3 APPPATH\Controllers\Pages.php(28): view('pages/__service-worker.js', [...])
 4 SYSTEMPATH\CodeIgniter.php(907): App\Controllers\Pages->view('__service-worker.js')
 5 SYSTEMPATH\CodeIgniter.php(457): CodeIgniter\CodeIgniter->runController(Object(App\Controllers\Pages))
 6 SYSTEMPATH\CodeIgniter.php(340): CodeIgniter\CodeIgniter->handleRequest(null, Object(Config\Cache), false)
 7 FCPATH\index.php(67): CodeIgniter\CodeIgniter->run()
CRITICAL - 2022-09-18 23:46:21 --> Invalid file: pages/assets.php
in SYSTEMPATH\Exceptions\FrameworkException.php on line 33.
 1 SYSTEMPATH\View\View.php(201): CodeIgniter\Exceptions\FrameworkException::forInvalidFile('pages/assets.php')
 2 SYSTEMPATH\Common.php(1142): CodeIgniter\View\View->render('pages/assets', [], true)
 3 APPPATH\Controllers\Pages.php(28): view('pages/assets', [...])
 4 SYSTEMPATH\CodeIgniter.php(907): App\Controllers\Pages->view('FCPATH\\assets', 'back', 'webfonts', 'fa-solid-900.woff2')
 5 SYSTEMPATH\CodeIgniter.php(457): CodeIgniter\CodeIgniter->runController(Object(App\Controllers\Pages))
 6 SYSTEMPATH\CodeIgniter.php(340): CodeIgniter\CodeIgniter->handleRequest(null, Object(Config\Cache), false)
 7 FCPATH\index.php(67): CodeIgniter\CodeIgniter->run()
CRITICAL - 2022-09-18 23:46:21 --> Invalid file: pages/assets.php
in SYSTEMPATH\Exceptions\FrameworkException.php on line 33.
 1 SYSTEMPATH\View\View.php(201): CodeIgniter\Exceptions\FrameworkException::forInvalidFile('pages/assets.php')
 2 SYSTEMPATH\Common.php(1142): CodeIgniter\View\View->render('pages/assets', [], true)
 3 APPPATH\Controllers\Pages.php(28): view('pages/assets', [...])
 4 SYSTEMPATH\CodeIgniter.php(907): App\Controllers\Pages->view('FCPATH\\assets', 'back', 'webfonts', 'fa-solid-900.woff')
 5 SYSTEMPATH\CodeIgniter.php(457): CodeIgniter\CodeIgniter->runController(Object(App\Controllers\Pages))
 6 SYSTEMPATH\CodeIgniter.php(340): CodeIgniter\CodeIgniter->handleRequest(null, Object(Config\Cache), false)
 7 FCPATH\index.php(67): CodeIgniter\CodeIgniter->run()
CRITICAL - 2022-09-18 23:46:21 --> Invalid file: pages/assets.php
in SYSTEMPATH\Exceptions\FrameworkException.php on line 33.
 1 SYSTEMPATH\View\View.php(201): CodeIgniter\Exceptions\FrameworkException::forInvalidFile('pages/assets.php')
 2 SYSTEMPATH\Common.php(1142): CodeIgniter\View\View->render('pages/assets', [], true)
 3 APPPATH\Controllers\Pages.php(28): view('pages/assets', [...])
 4 SYSTEMPATH\CodeIgniter.php(907): App\Controllers\Pages->view('FCPATH\\assets', 'back', 'webfonts', 'fa-solid-900.ttf')
 5 SYSTEMPATH\CodeIgniter.php(457): CodeIgniter\CodeIgniter->runController(Object(App\Controllers\Pages))
 6 SYSTEMPATH\CodeIgniter.php(340): CodeIgniter\CodeIgniter->handleRequest(null, Object(Config\Cache), false)
 7 FCPATH\index.php(67): CodeIgniter\CodeIgniter->run()
CRITICAL - 2022-09-18 23:47:00 --> Undefined variable: main_balance
in APPPATH\Views\user\header.php on line 120.
 1 APPPATH\Views\user\header.php(120): CodeIgniter\Debug\Exceptions->errorHandler(8, 'Undefined variable: main_balance', 'APPPATH\\Views\\user\\header.php', 120, [...])
 2 SYSTEMPATH\View\View.php(213): include('APPPATH\\Views\\user\\header.php')
 3 SYSTEMPATH\View\View.php(216): CodeIgniter\View\View->CodeIgniter\View\{closure}()
 4 SYSTEMPATH\Common.php(1142): CodeIgniter\View\View->render('user/header', [], true)
 5 APPPATH\Controllers\User.php(54): view('user/header', [...])
 6 SYSTEMPATH\CodeIgniter.php(907): App\Controllers\User->index()
 7 SYSTEMPATH\CodeIgniter.php(457): CodeIgniter\CodeIgniter->runController(Object(App\Controllers\User))
 8 SYSTEMPATH\CodeIgniter.php(340): CodeIgniter\CodeIgniter->handleRequest(null, Object(Config\Cache), false)
 9 FCPATH\index.php(67): CodeIgniter\CodeIgniter->run()
CRITICAL - 2022-09-18 23:47:51 --> Invalid file: pages/assets.php
in SYSTEMPATH\Exceptions\FrameworkException.php on line 33.
 1 SYSTEMPATH\View\View.php(201): CodeIgniter\Exceptions\FrameworkException::forInvalidFile('pages/assets.php')
 2 SYSTEMPATH\Common.php(1142): CodeIgniter\View\View->render('pages/assets', [], true)
 3 APPPATH\Controllers\Pages.php(28): view('pages/assets', [...])
 4 SYSTEMPATH\CodeIgniter.php(907): App\Controllers\Pages->view('FCPATH\\assets', 'back', 'webfonts', 'fa-solid-900.woff2')
 5 SYSTEMPATH\CodeIgniter.php(457): CodeIgniter\CodeIgniter->runController(Object(App\Controllers\Pages))
 6 SYSTEMPATH\CodeIgniter.php(340): CodeIgniter\CodeIgniter->handleRequest(null, Object(Config\Cache), false)
 7 FCPATH\index.php(67): CodeIgniter\CodeIgniter->run()
CRITICAL - 2022-09-18 23:47:51 --> Invalid file: pages/__service-worker.js
in SYSTEMPATH\Exceptions\FrameworkException.php on line 33.
 1 SYSTEMPATH\View\View.php(201): CodeIgniter\Exceptions\FrameworkException::forInvalidFile('pages/__service-worker.js')
 2 SYSTEMPATH\Common.php(1142): CodeIgniter\View\View->render('pages/__service-worker.js', [], true)
 3 APPPATH\Controllers\Pages.php(28): view('pages/__service-worker.js', [...])
 4 SYSTEMPATH\CodeIgniter.php(907): App\Controllers\Pages->view('__service-worker.js')
 5 SYSTEMPATH\CodeIgniter.php(457): CodeIgniter\CodeIgniter->runController(Object(App\Controllers\Pages))
 6 SYSTEMPATH\CodeIgniter.php(340): CodeIgniter\CodeIgniter->handleRequest(null, Object(Config\Cache), false)
 7 FCPATH\index.php(67): CodeIgniter\CodeIgniter->run()
CRITICAL - 2022-09-18 23:47:52 --> Invalid file: pages/assets.php
in SYSTEMPATH\Exceptions\FrameworkException.php on line 33.
 1 SYSTEMPATH\View\View.php(201): CodeIgniter\Exceptions\FrameworkException::forInvalidFile('pages/assets.php')
 2 SYSTEMPATH\Common.php(1142): CodeIgniter\View\View->render('pages/assets', [], true)
 3 APPPATH\Controllers\Pages.php(28): view('pages/assets', [...])
 4 SYSTEMPATH\CodeIgniter.php(907): App\Controllers\Pages->view('FCPATH\\assets', 'back', 'webfonts', 'fa-solid-900.woff')
 5 SYSTEMPATH\CodeIgniter.php(457): CodeIgniter\CodeIgniter->runController(Object(App\Controllers\Pages))
 6 SYSTEMPATH\CodeIgniter.php(340): CodeIgniter\CodeIgniter->handleRequest(null, Object(Config\Cache), false)
 7 FCPATH\index.php(67): CodeIgniter\CodeIgniter->run()
CRITICAL - 2022-09-18 23:47:52 --> Invalid file: pages/assets.php
in SYSTEMPATH\Exceptions\FrameworkException.php on line 33.
 1 SYSTEMPATH\View\View.php(201): CodeIgniter\Exceptions\FrameworkException::forInvalidFile('pages/assets.php')
 2 SYSTEMPATH\Common.php(1142): CodeIgniter\View\View->render('pages/assets', [], true)
 3 APPPATH\Controllers\Pages.php(28): view('pages/assets', [...])
 4 SYSTEMPATH\CodeIgniter.php(907): App\Controllers\Pages->view('FCPATH\\assets', 'back', 'webfonts', 'fa-solid-900.ttf')
 5 SYSTEMPATH\CodeIgniter.php(457): CodeIgniter\CodeIgniter->runController(Object(App\Controllers\Pages))
 6 SYSTEMPATH\CodeIgniter.php(340): CodeIgniter\CodeIgniter->handleRequest(null, Object(Config\Cache), false)
 7 FCPATH\index.php(67): CodeIgniter\CodeIgniter->run()
CRITICAL - 2022-09-18 23:48:15 --> Invalid file: pages/__service-worker.js
in SYSTEMPATH\Exceptions\FrameworkException.php on line 33.
 1 SYSTEMPATH\View\View.php(201): CodeIgniter\Exceptions\FrameworkException::forInvalidFile('pages/__service-worker.js')
 2 SYSTEMPATH\Common.php(1142): CodeIgniter\View\View->render('pages/__service-worker.js', [], true)
 3 APPPATH\Controllers\Pages.php(28): view('pages/__service-worker.js', [...])
 4 SYSTEMPATH\CodeIgniter.php(907): App\Controllers\Pages->view('__service-worker.js')
 5 SYSTEMPATH\CodeIgniter.php(457): CodeIgniter\CodeIgniter->runController(Object(App\Controllers\Pages))
 6 SYSTEMPATH\CodeIgniter.php(340): CodeIgniter\CodeIgniter->handleRequest(null, Object(Config\Cache), false)
 7 FCPATH\index.php(67): CodeIgniter\CodeIgniter->run()
CRITICAL - 2022-09-18 23:48:16 --> Invalid file: pages/assets.php
in SYSTEMPATH\Exceptions\FrameworkException.php on line 33.
 1 SYSTEMPATH\View\View.php(201): CodeIgniter\Exceptions\FrameworkException::forInvalidFile('pages/assets.php')
 2 SYSTEMPATH\Common.php(1142): CodeIgniter\View\View->render('pages/assets', [], true)
 3 APPPATH\Controllers\Pages.php(28): view('pages/assets', [...])
 4 SYSTEMPATH\CodeIgniter.php(907): App\Controllers\Pages->view('FCPATH\\assets', 'back', 'webfonts', 'fa-solid-900.woff2')
 5 SYSTEMPATH\CodeIgniter.php(457): CodeIgniter\CodeIgniter->runController(Object(App\Controllers\Pages))
 6 SYSTEMPATH\CodeIgniter.php(340): CodeIgniter\CodeIgniter->handleRequest(null, Object(Config\Cache), false)
 7 FCPATH\index.php(67): CodeIgniter\CodeIgniter->run()
CRITICAL - 2022-09-18 23:48:16 --> Invalid file: pages/assets.php
in SYSTEMPATH\Exceptions\FrameworkException.php on line 33.
 1 SYSTEMPATH\View\View.php(201): CodeIgniter\Exceptions\FrameworkException::forInvalidFile('pages/assets.php')
 2 SYSTEMPATH\Common.php(1142): CodeIgniter\View\View->render('pages/assets', [], true)
 3 APPPATH\Controllers\Pages.php(28): view('pages/assets', [...])
 4 SYSTEMPATH\CodeIgniter.php(907): App\Controllers\Pages->view('FCPATH\\assets', 'back', 'webfonts', 'fa-solid-900.woff')
 5 SYSTEMPATH\CodeIgniter.php(457): CodeIgniter\CodeIgniter->runController(Object(App\Controllers\Pages))
 6 SYSTEMPATH\CodeIgniter.php(340): CodeIgniter\CodeIgniter->handleRequest(null, Object(Config\Cache), false)
 7 FCPATH\index.php(67): CodeIgniter\CodeIgniter->run()
CRITICAL - 2022-09-18 23:48:16 --> Invalid file: pages/assets.php
in SYSTEMPATH\Exceptions\FrameworkException.php on line 33.
 1 SYSTEMPATH\View\View.php(201): CodeIgniter\Exceptions\FrameworkException::forInvalidFile('pages/assets.php')
 2 SYSTEMPATH\Common.php(1142): CodeIgniter\View\View->render('pages/assets', [], true)
 3 APPPATH\Controllers\Pages.php(28): view('pages/assets', [...])
 4 SYSTEMPATH\CodeIgniter.php(907): App\Controllers\Pages->view('FCPATH\\assets', 'back', 'webfonts', 'fa-solid-900.ttf')
 5 SYSTEMPATH\CodeIgniter.php(457): CodeIgniter\CodeIgniter->runController(Object(App\Controllers\Pages))
 6 SYSTEMPATH\CodeIgniter.php(340): CodeIgniter\CodeIgniter->handleRequest(null, Object(Config\Cache), false)
 7 FCPATH\index.php(67): CodeIgniter\CodeIgniter->run()
CRITICAL - 2022-09-18 23:48:45 --> Invalid file: pages/__service-worker.js
in SYSTEMPATH\Exceptions\FrameworkException.php on line 33.
 1 SYSTEMPATH\View\View.php(201): CodeIgniter\Exceptions\FrameworkException::forInvalidFile('pages/__service-worker.js')
 2 SYSTEMPATH\Common.php(1142): CodeIgniter\View\View->render('pages/__service-worker.js', [], true)
 3 APPPATH\Controllers\Pages.php(28): view('pages/__service-worker.js', [...])
 4 SYSTEMPATH\CodeIgniter.php(907): App\Controllers\Pages->view('__service-worker.js')
 5 SYSTEMPATH\CodeIgniter.php(457): CodeIgniter\CodeIgniter->runController(Object(App\Controllers\Pages))
 6 SYSTEMPATH\CodeIgniter.php(340): CodeIgniter\CodeIgniter->handleRequest(null, Object(Config\Cache), false)
 7 FCPATH\index.php(67): CodeIgniter\CodeIgniter->run()
CRITICAL - 2022-09-18 23:48:45 --> Invalid file: pages/assets.php
in SYSTEMPATH\Exceptions\FrameworkException.php on line 33.
 1 SYSTEMPATH\View\View.php(201): CodeIgniter\Exceptions\FrameworkException::forInvalidFile('pages/assets.php')
 2 SYSTEMPATH\Common.php(1142): CodeIgniter\View\View->render('pages/assets', [], true)
 3 APPPATH\Controllers\Pages.php(28): view('pages/assets', [...])
 4 SYSTEMPATH\CodeIgniter.php(907): App\Controllers\Pages->view('FCPATH\\assets', 'back', 'webfonts', 'fa-solid-900.woff2')
 5 SYSTEMPATH\CodeIgniter.php(457): CodeIgniter\CodeIgniter->runController(Object(App\Controllers\Pages))
 6 SYSTEMPATH\CodeIgniter.php(340): CodeIgniter\CodeIgniter->handleRequest(null, Object(Config\Cache), false)
 7 FCPATH\index.php(67): CodeIgniter\CodeIgniter->run()
CRITICAL - 2022-09-18 23:48:45 --> Invalid file: pages/assets.php
in SYSTEMPATH\Exceptions\FrameworkException.php on line 33.
 1 SYSTEMPATH\View\View.php(201): CodeIgniter\Exceptions\FrameworkException::forInvalidFile('pages/assets.php')
 2 SYSTEMPATH\Common.php(1142): CodeIgniter\View\View->render('pages/assets', [], true)
 3 APPPATH\Controllers\Pages.php(28): view('pages/assets', [...])
 4 SYSTEMPATH\CodeIgniter.php(907): App\Controllers\Pages->view('FCPATH\\assets', 'back', 'webfonts', 'fa-solid-900.woff')
 5 SYSTEMPATH\CodeIgniter.php(457): CodeIgniter\CodeIgniter->runController(Object(App\Controllers\Pages))
 6 SYSTEMPATH\CodeIgniter.php(340): CodeIgniter\CodeIgniter->handleRequest(null, Object(Config\Cache), false)
 7 FCPATH\index.php(67): CodeIgniter\CodeIgniter->run()
CRITICAL - 2022-09-18 23:48:45 --> Invalid file: pages/assets.php
in SYSTEMPATH\Exceptions\FrameworkException.php on line 33.
 1 SYSTEMPATH\View\View.php(201): CodeIgniter\Exceptions\FrameworkException::forInvalidFile('pages/assets.php')
 2 SYSTEMPATH\Common.php(1142): CodeIgniter\View\View->render('pages/assets', [], true)
 3 APPPATH\Controllers\Pages.php(28): view('pages/assets', [...])
 4 SYSTEMPATH\CodeIgniter.php(907): App\Controllers\Pages->view('FCPATH\\assets', 'back', 'webfonts', 'fa-solid-900.ttf')
 5 SYSTEMPATH\CodeIgniter.php(457): CodeIgniter\CodeIgniter->runController(Object(App\Controllers\Pages))
 6 SYSTEMPATH\CodeIgniter.php(340): CodeIgniter\CodeIgniter->handleRequest(null, Object(Config\Cache), false)
 7 FCPATH\index.php(67): CodeIgniter\CodeIgniter->run()
CRITICAL - 2022-09-18 23:48:58 --> Invalid file: pages/assets.php
in SYSTEMPATH\Exceptions\FrameworkException.php on line 33.
 1 SYSTEMPATH\View\View.php(201): CodeIgniter\Exceptions\FrameworkException::forInvalidFile('pages/assets.php')
 2 SYSTEMPATH\Common.php(1142): CodeIgniter\View\View->render('pages/assets', [], true)
 3 APPPATH\Controllers\Pages.php(28): view('pages/assets', [...])
 4 SYSTEMPATH\CodeIgniter.php(907): App\Controllers\Pages->view('FCPATH\\assets', 'back', 'css', 'src', 'bootstrap', 'bootstrap.min.js.map')
 5 SYSTEMPATH\CodeIgniter.php(457): CodeIgniter\CodeIgniter->runController(Object(App\Controllers\Pages))
 6 SYSTEMPATH\CodeIgniter.php(340): CodeIgniter\CodeIgniter->handleRequest(null, Object(Config\Cache), false)
 7 FCPATH\index.php(67): CodeIgniter\CodeIgniter->run()
CRITICAL - 2022-09-18 23:48:58 --> Invalid file: pages/assets.php
in SYSTEMPATH\Exceptions\FrameworkException.php on line 33.
 1 SYSTEMPATH\View\View.php(201): CodeIgniter\Exceptions\FrameworkException::forInvalidFile('pages/assets.php')
 2 SYSTEMPATH\Common.php(1142): CodeIgniter\View\View->render('pages/assets', [], true)
 3 APPPATH\Controllers\Pages.php(28): view('pages/assets', [...])
 4 SYSTEMPATH\CodeIgniter.php(907): App\Controllers\Pages->view('FCPATH\\assets', 'back', 'js', 'plugins', 'datatable', 'pdfmake.min.js.map')
 5 SYSTEMPATH\CodeIgniter.php(457): CodeIgniter\CodeIgniter->runController(Object(App\Controllers\Pages))
 6 SYSTEMPATH\CodeIgniter.php(340): CodeIgniter\CodeIgniter->handleRequest(null, Object(Config\Cache), false)
 7 FCPATH\index.php(67): CodeIgniter\CodeIgniter->run()
CRITICAL - 2022-09-18 23:52:35 --> Invalid file: pages/__service-worker.js
in SYSTEMPATH\Exceptions\FrameworkException.php on line 33.
 1 SYSTEMPATH\View\View.php(201): CodeIgniter\Exceptions\FrameworkException::forInvalidFile('pages/__service-worker.js')
 2 SYSTEMPATH\Common.php(1142): CodeIgniter\View\View->render('pages/__service-worker.js', [], true)
 3 APPPATH\Controllers\Pages.php(28): view('pages/__service-worker.js', [...])
 4 SYSTEMPATH\CodeIgniter.php(907): App\Controllers\Pages->view('__service-worker.js')
 5 SYSTEMPATH\CodeIgniter.php(457): CodeIgniter\CodeIgniter->runController(Object(App\Controllers\Pages))
 6 SYSTEMPATH\CodeIgniter.php(340): CodeIgniter\CodeIgniter->handleRequest(null, Object(Config\Cache), false)
 7 FCPATH\index.php(67): CodeIgniter\CodeIgniter->run()
CRITICAL - 2022-09-18 23:52:36 --> Invalid file: pages/assets.php
in SYSTEMPATH\Exceptions\FrameworkException.php on line 33.
 1 SYSTEMPATH\View\View.php(201): CodeIgniter\Exceptions\FrameworkException::forInvalidFile('pages/assets.php')
 2 SYSTEMPATH\Common.php(1142): CodeIgniter\View\View->render('pages/assets', [], true)
 3 APPPATH\Controllers\Pages.php(28): view('pages/assets', [...])
 4 SYSTEMPATH\CodeIgniter.php(907): App\Controllers\Pages->view('FCPATH\\assets', 'back', 'webfonts', 'fa-solid-900.woff2')
 5 SYSTEMPATH\CodeIgniter.php(457): CodeIgniter\CodeIgniter->runController(Object(App\Controllers\Pages))
 6 SYSTEMPATH\CodeIgniter.php(340): CodeIgniter\CodeIgniter->handleRequest(null, Object(Config\Cache), false)
 7 FCPATH\index.php(67): CodeIgniter\CodeIgniter->run()
CRITICAL - 2022-09-18 23:52:36 --> Invalid file: pages/assets.php
in SYSTEMPATH\Exceptions\FrameworkException.php on line 33.
 1 SYSTEMPATH\View\View.php(201): CodeIgniter\Exceptions\FrameworkException::forInvalidFile('pages/assets.php')
 2 SYSTEMPATH\Common.php(1142): CodeIgniter\View\View->render('pages/assets', [], true)
 3 APPPATH\Controllers\Pages.php(28): view('pages/assets', [...])
 4 SYSTEMPATH\CodeIgniter.php(907): App\Controllers\Pages->view('FCPATH\\assets', 'back', 'webfonts', 'fa-solid-900.woff')
 5 SYSTEMPATH\CodeIgniter.php(457): CodeIgniter\CodeIgniter->runController(Object(App\Controllers\Pages))
 6 SYSTEMPATH\CodeIgniter.php(340): CodeIgniter\CodeIgniter->handleRequest(null, Object(Config\Cache), false)
 7 FCPATH\index.php(67): CodeIgniter\CodeIgniter->run()
CRITICAL - 2022-09-18 23:52:36 --> Invalid file: pages/assets.php
in SYSTEMPATH\Exceptions\FrameworkException.php on line 33.
 1 SYSTEMPATH\View\View.php(201): CodeIgniter\Exceptions\FrameworkException::forInvalidFile('pages/assets.php')
 2 SYSTEMPATH\Common.php(1142): CodeIgniter\View\View->render('pages/assets', [], true)
 3 APPPATH\Controllers\Pages.php(28): view('pages/assets', [...])
 4 SYSTEMPATH\CodeIgniter.php(907): App\Controllers\Pages->view('FCPATH\\assets', 'back', 'webfonts', 'fa-solid-900.ttf')
 5 SYSTEMPATH\CodeIgniter.php(457): CodeIgniter\CodeIgniter->runController(Object(App\Controllers\Pages))
 6 SYSTEMPATH\CodeIgniter.php(340): CodeIgniter\CodeIgniter->handleRequest(null, Object(Config\Cache), false)
 7 FCPATH\index.php(67): CodeIgniter\CodeIgniter->run()
CRITICAL - 2022-09-18 23:52:59 --> Invalid file: pages/__service-worker.js
in SYSTEMPATH\Exceptions\FrameworkException.php on line 33.
 1 SYSTEMPATH\View\View.php(201): CodeIgniter\Exceptions\FrameworkException::forInvalidFile('pages/__service-worker.js')
 2 SYSTEMPATH\Common.php(1142): CodeIgniter\View\View->render('pages/__service-worker.js', [], true)
 3 APPPATH\Controllers\Pages.php(28): view('pages/__service-worker.js', [...])
 4 SYSTEMPATH\CodeIgniter.php(907): App\Controllers\Pages->view('__service-worker.js')
 5 SYSTEMPATH\CodeIgniter.php(457): CodeIgniter\CodeIgniter->runController(Object(App\Controllers\Pages))
 6 SYSTEMPATH\CodeIgniter.php(340): CodeIgniter\CodeIgniter->handleRequest(null, Object(Config\Cache), false)
 7 FCPATH\index.php(67): CodeIgniter\CodeIgniter->run()
CRITICAL - 2022-09-18 23:52:59 --> Invalid file: pages/assets.php
in SYSTEMPATH\Exceptions\FrameworkException.php on line 33.
 1 SYSTEMPATH\View\View.php(201): CodeIgniter\Exceptions\FrameworkException::forInvalidFile('pages/assets.php')
 2 SYSTEMPATH\Common.php(1142): CodeIgniter\View\View->render('pages/assets', [], true)
 3 APPPATH\Controllers\Pages.php(28): view('pages/assets', [...])
 4 SYSTEMPATH\CodeIgniter.php(907): App\Controllers\Pages->view('FCPATH\\assets', 'back', 'webfonts', 'fa-solid-900.woff2')
 5 SYSTEMPATH\CodeIgniter.php(457): CodeIgniter\CodeIgniter->runController(Object(App\Controllers\Pages))
 6 SYSTEMPATH\CodeIgniter.php(340): CodeIgniter\CodeIgniter->handleRequest(null, Object(Config\Cache), false)
 7 FCPATH\index.php(67): CodeIgniter\CodeIgniter->run()
CRITICAL - 2022-09-18 23:53:00 --> Invalid file: pages/assets.php
in SYSTEMPATH\Exceptions\FrameworkException.php on line 33.
 1 SYSTEMPATH\View\View.php(201): CodeIgniter\Exceptions\FrameworkException::forInvalidFile('pages/assets.php')
 2 SYSTEMPATH\Common.php(1142): CodeIgniter\View\View->render('pages/assets', [], true)
 3 APPPATH\Controllers\Pages.php(28): view('pages/assets', [...])
 4 SYSTEMPATH\CodeIgniter.php(907): App\Controllers\Pages->view('FCPATH\\assets', 'back', 'webfonts', 'fa-solid-900.woff')
 5 SYSTEMPATH\CodeIgniter.php(457): CodeIgniter\CodeIgniter->runController(Object(App\Controllers\Pages))
 6 SYSTEMPATH\CodeIgniter.php(340): CodeIgniter\CodeIgniter->handleRequest(null, Object(Config\Cache), false)
 7 FCPATH\index.php(67): CodeIgniter\CodeIgniter->run()
CRITICAL - 2022-09-18 23:53:00 --> Invalid file: pages/assets.php
in SYSTEMPATH\Exceptions\FrameworkException.php on line 33.
 1 SYSTEMPATH\View\View.php(201): CodeIgniter\Exceptions\FrameworkException::forInvalidFile('pages/assets.php')
 2 SYSTEMPATH\Common.php(1142): CodeIgniter\View\View->render('pages/assets', [], true)
 3 APPPATH\Controllers\Pages.php(28): view('pages/assets', [...])
 4 SYSTEMPATH\CodeIgniter.php(907): App\Controllers\Pages->view('FCPATH\\assets', 'back', 'webfonts', 'fa-solid-900.ttf')
 5 SYSTEMPATH\CodeIgniter.php(457): CodeIgniter\CodeIgniter->runController(Object(App\Controllers\Pages))
 6 SYSTEMPATH\CodeIgniter.php(340): CodeIgniter\CodeIgniter->handleRequest(null, Object(Config\Cache), false)
 7 FCPATH\index.php(67): CodeIgniter\CodeIgniter->run()
CRITICAL - 2022-09-18 23:55:12 --> Class 'App\Controllers\UserNotification' not found
in APPPATH\Controllers\User.php on line 46.
 1 SYSTEMPATH\CodeIgniter.php(907): App\Controllers\User->index()
 2 SYSTEMPATH\CodeIgniter.php(457): CodeIgniter\CodeIgniter->runController(Object(App\Controllers\User))
 3 SYSTEMPATH\CodeIgniter.php(340): CodeIgniter\CodeIgniter->handleRequest(null, Object(Config\Cache), false)
 4 FCPATH\index.php(67): CodeIgniter\CodeIgniter->run()
CRITICAL - 2022-09-18 23:56:32 --> Class 'App\Controllers\UserNote' not found
in APPPATH\Controllers\User.php on line 46.
 1 SYSTEMPATH\CodeIgniter.php(907): App\Controllers\User->index()
 2 SYSTEMPATH\CodeIgniter.php(457): CodeIgniter\CodeIgniter->runController(Object(App\Controllers\User))
 3 SYSTEMPATH\CodeIgniter.php(340): CodeIgniter\CodeIgniter->handleRequest(null, Object(Config\Cache), false)
 4 FCPATH\index.php(67): CodeIgniter\CodeIgniter->run()
CRITICAL - 2022-09-18 23:57:10 --> Invalid file: pages/assets.php
in SYSTEMPATH\Exceptions\FrameworkException.php on line 33.
 1 SYSTEMPATH\View\View.php(201): CodeIgniter\Exceptions\FrameworkException::forInvalidFile('pages/assets.php')
 2 SYSTEMPATH\Common.php(1142): CodeIgniter\View\View->render('pages/assets', [], true)
 3 APPPATH\Controllers\Pages.php(28): view('pages/assets', [...])
 4 SYSTEMPATH\CodeIgniter.php(907): App\Controllers\Pages->view('FCPATH\\assets', 'back', 'webfonts', 'fa-solid-900.woff2')
 5 SYSTEMPATH\CodeIgniter.php(457): CodeIgniter\CodeIgniter->runController(Object(App\Controllers\Pages))
 6 SYSTEMPATH\CodeIgniter.php(340): CodeIgniter\CodeIgniter->handleRequest(null, Object(Config\Cache), false)
 7 FCPATH\index.php(67): CodeIgniter\CodeIgniter->run()
CRITICAL - 2022-09-18 23:57:10 --> Invalid file: pages/__service-worker.js
in SYSTEMPATH\Exceptions\FrameworkException.php on line 33.
 1 SYSTEMPATH\View\View.php(201): CodeIgniter\Exceptions\FrameworkException::forInvalidFile('pages/__service-worker.js')
 2 SYSTEMPATH\Common.php(1142): CodeIgniter\View\View->render('pages/__service-worker.js', [], true)
 3 APPPATH\Controllers\Pages.php(28): view('pages/__service-worker.js', [...])
 4 SYSTEMPATH\CodeIgniter.php(907): App\Controllers\Pages->view('__service-worker.js')
 5 SYSTEMPATH\CodeIgniter.php(457): CodeIgniter\CodeIgniter->runController(Object(App\Controllers\Pages))
 6 SYSTEMPATH\CodeIgniter.php(340): CodeIgniter\CodeIgniter->handleRequest(null, Object(Config\Cache), false)
 7 FCPATH\index.php(67): CodeIgniter\CodeIgniter->run()
CRITICAL - 2022-09-18 23:57:10 --> Invalid file: pages/assets.php
in SYSTEMPATH\Exceptions\FrameworkException.php on line 33.
 1 SYSTEMPATH\View\View.php(201): CodeIgniter\Exceptions\FrameworkException::forInvalidFile('pages/assets.php')
 2 SYSTEMPATH\Common.php(1142): CodeIgniter\View\View->render('pages/assets', [], true)
 3 APPPATH\Controllers\Pages.php(28): view('pages/assets', [...])
 4 SYSTEMPATH\CodeIgniter.php(907): App\Controllers\Pages->view('FCPATH\\assets', 'back', 'webfonts', 'fa-solid-900.woff')
 5 SYSTEMPATH\CodeIgniter.php(457): CodeIgniter\CodeIgniter->runController(Object(App\Controllers\Pages))
 6 SYSTEMPATH\CodeIgniter.php(340): CodeIgniter\CodeIgniter->handleRequest(null, Object(Config\Cache), false)
 7 FCPATH\index.php(67): CodeIgniter\CodeIgniter->run()
CRITICAL - 2022-09-18 23:57:10 --> Invalid file: pages/assets.php
in SYSTEMPATH\Exceptions\FrameworkException.php on line 33.
 1 SYSTEMPATH\View\View.php(201): CodeIgniter\Exceptions\FrameworkException::forInvalidFile('pages/assets.php')
 2 SYSTEMPATH\Common.php(1142): CodeIgniter\View\View->render('pages/assets', [], true)
 3 APPPATH\Controllers\Pages.php(28): view('pages/assets', [...])
 4 SYSTEMPATH\CodeIgniter.php(907): App\Controllers\Pages->view('FCPATH\\assets', 'back', 'webfonts', 'fa-solid-900.ttf')
 5 SYSTEMPATH\CodeIgniter.php(457): CodeIgniter\CodeIgniter->runController(Object(App\Controllers\Pages))
 6 SYSTEMPATH\CodeIgniter.php(340): CodeIgniter\CodeIgniter->handleRequest(null, Object(Config\Cache), false)
 7 FCPATH\index.php(67): CodeIgniter\CodeIgniter->run()
CRITICAL - 2022-09-18 23:57:25 --> Invalid file: pages/__service-worker.js
in SYSTEMPATH\Exceptions\FrameworkException.php on line 33.
 1 SYSTEMPATH\View\View.php(201): CodeIgniter\Exceptions\FrameworkException::forInvalidFile('pages/__service-worker.js')
 2 SYSTEMPATH\Common.php(1142): CodeIgniter\View\View->render('pages/__service-worker.js', [], true)
 3 APPPATH\Controllers\Pages.php(28): view('pages/__service-worker.js', [...])
 4 SYSTEMPATH\CodeIgniter.php(907): App\Controllers\Pages->view('__service-worker.js')
 5 SYSTEMPATH\CodeIgniter.php(457): CodeIgniter\CodeIgniter->runController(Object(App\Controllers\Pages))
 6 SYSTEMPATH\CodeIgniter.php(340): CodeIgniter\CodeIgniter->handleRequest(null, Object(Config\Cache), false)
 7 FCPATH\index.php(67): CodeIgniter\CodeIgniter->run()
CRITICAL - 2022-09-18 23:57:26 --> Invalid file: pages/assets.php
in SYSTEMPATH\Exceptions\FrameworkException.php on line 33.
 1 SYSTEMPATH\View\View.php(201): CodeIgniter\Exceptions\FrameworkException::forInvalidFile('pages/assets.php')
 2 SYSTEMPATH\Common.php(1142): CodeIgniter\View\View->render('pages/assets', [], true)
 3 APPPATH\Controllers\Pages.php(28): view('pages/assets', [...])
 4 SYSTEMPATH\CodeIgniter.php(907): App\Controllers\Pages->view('FCPATH\\assets', 'back', 'webfonts', 'fa-solid-900.woff2')
 5 SYSTEMPATH\CodeIgniter.php(457): CodeIgniter\CodeIgniter->runController(Object(App\Controllers\Pages))
 6 SYSTEMPATH\CodeIgniter.php(340): CodeIgniter\CodeIgniter->handleRequest(null, Object(Config\Cache), false)
 7 FCPATH\index.php(67): CodeIgniter\CodeIgniter->run()
CRITICAL - 2022-09-18 23:57:26 --> Invalid file: pages/assets.php
in SYSTEMPATH\Exceptions\FrameworkException.php on line 33.
 1 SYSTEMPATH\View\View.php(201): CodeIgniter\Exceptions\FrameworkException::forInvalidFile('pages/assets.php')
 2 SYSTEMPATH\Common.php(1142): CodeIgniter\View\View->render('pages/assets', [], true)
 3 APPPATH\Controllers\Pages.php(28): view('pages/assets', [...])
 4 SYSTEMPATH\CodeIgniter.php(907): App\Controllers\Pages->view('FCPATH\\assets', 'back', 'webfonts', 'fa-solid-900.woff')
 5 SYSTEMPATH\CodeIgniter.php(457): CodeIgniter\CodeIgniter->runController(Object(App\Controllers\Pages))
 6 SYSTEMPATH\CodeIgniter.php(340): CodeIgniter\CodeIgniter->handleRequest(null, Object(Config\Cache), false)
 7 FCPATH\index.php(67): CodeIgniter\CodeIgniter->run()
CRITICAL - 2022-09-18 23:57:26 --> Invalid file: pages/assets.php
in SYSTEMPATH\Exceptions\FrameworkException.php on line 33.
 1 SYSTEMPATH\View\View.php(201): CodeIgniter\Exceptions\FrameworkException::forInvalidFile('pages/assets.php')
 2 SYSTEMPATH\Common.php(1142): CodeIgniter\View\View->render('pages/assets', [], true)
 3 APPPATH\Controllers\Pages.php(28): view('pages/assets', [...])
 4 SYSTEMPATH\CodeIgniter.php(907): App\Controllers\Pages->view('FCPATH\\assets', 'back', 'webfonts', 'fa-solid-900.ttf')
 5 SYSTEMPATH\CodeIgniter.php(457): CodeIgniter\CodeIgniter->runController(Object(App\Controllers\Pages))
 6 SYSTEMPATH\CodeIgniter.php(340): CodeIgniter\CodeIgniter->handleRequest(null, Object(Config\Cache), false)
 7 FCPATH\index.php(67): CodeIgniter\CodeIgniter->run()
CRITICAL - 2022-09-18 23:57:29 --> Invalid file: pages/__service-worker.js
in SYSTEMPATH\Exceptions\FrameworkException.php on line 33.
 1 SYSTEMPATH\View\View.php(201): CodeIgniter\Exceptions\FrameworkException::forInvalidFile('pages/__service-worker.js')
 2 SYSTEMPATH\Common.php(1142): CodeIgniter\View\View->render('pages/__service-worker.js', [], true)
 3 APPPATH\Controllers\Pages.php(28): view('pages/__service-worker.js', [...])
 4 SYSTEMPATH\CodeIgniter.php(907): App\Controllers\Pages->view('__service-worker.js')
 5 SYSTEMPATH\CodeIgniter.php(457): CodeIgniter\CodeIgniter->runController(Object(App\Controllers\Pages))
 6 SYSTEMPATH\CodeIgniter.php(340): CodeIgniter\CodeIgniter->handleRequest(null, Object(Config\Cache), false)
 7 FCPATH\index.php(67): CodeIgniter\CodeIgniter->run()
CRITICAL - 2022-09-18 23:57:30 --> Invalid file: pages/assets.php
in SYSTEMPATH\Exceptions\FrameworkException.php on line 33.
 1 SYSTEMPATH\View\View.php(201): CodeIgniter\Exceptions\FrameworkException::forInvalidFile('pages/assets.php')
 2 SYSTEMPATH\Common.php(1142): CodeIgniter\View\View->render('pages/assets', [], true)
 3 APPPATH\Controllers\Pages.php(28): view('pages/assets', [...])
 4 SYSTEMPATH\CodeIgniter.php(907): App\Controllers\Pages->view('FCPATH\\assets', 'back', 'webfonts', 'fa-solid-900.woff2')
 5 SYSTEMPATH\CodeIgniter.php(457): CodeIgniter\CodeIgniter->runController(Object(App\Controllers\Pages))
 6 SYSTEMPATH\CodeIgniter.php(340): CodeIgniter\CodeIgniter->handleRequest(null, Object(Config\Cache), false)
 7 FCPATH\index.php(67): CodeIgniter\CodeIgniter->run()
CRITICAL - 2022-09-18 23:57:30 --> Invalid file: pages/assets.php
in SYSTEMPATH\Exceptions\FrameworkException.php on line 33.
 1 SYSTEMPATH\View\View.php(201): CodeIgniter\Exceptions\FrameworkException::forInvalidFile('pages/assets.php')
 2 SYSTEMPATH\Common.php(1142): CodeIgniter\View\View->render('pages/assets', [], true)
 3 APPPATH\Controllers\Pages.php(28): view('pages/assets', [...])
 4 SYSTEMPATH\CodeIgniter.php(907): App\Controllers\Pages->view('FCPATH\\assets', 'back', 'webfonts', 'fa-solid-900.woff')
 5 SYSTEMPATH\CodeIgniter.php(457): CodeIgniter\CodeIgniter->runController(Object(App\Controllers\Pages))
 6 SYSTEMPATH\CodeIgniter.php(340): CodeIgniter\CodeIgniter->handleRequest(null, Object(Config\Cache), false)
 7 FCPATH\index.php(67): CodeIgniter\CodeIgniter->run()
CRITICAL - 2022-09-18 23:57:30 --> Invalid file: pages/assets.php
in SYSTEMPATH\Exceptions\FrameworkException.php on line 33.
 1 SYSTEMPATH\View\View.php(201): CodeIgniter\Exceptions\FrameworkException::forInvalidFile('pages/assets.php')
 2 SYSTEMPATH\Common.php(1142): CodeIgniter\View\View->render('pages/assets', [], true)
 3 APPPATH\Controllers\Pages.php(28): view('pages/assets', [...])
 4 SYSTEMPATH\CodeIgniter.php(907): App\Controllers\Pages->view('FCPATH\\assets', 'back', 'webfonts', 'fa-solid-900.ttf')
 5 SYSTEMPATH\CodeIgniter.php(457): CodeIgniter\CodeIgniter->runController(Object(App\Controllers\Pages))
 6 SYSTEMPATH\CodeIgniter.php(340): CodeIgniter\CodeIgniter->handleRequest(null, Object(Config\Cache), false)
 7 FCPATH\index.php(67): CodeIgniter\CodeIgniter->run()
