CRITICAL - 2023-05-19 01:10:03 --> Invalid file: template/bank-pro/wp-includes.php
in SYSTEMPATH/Exceptions/FrameworkException.php on line 33.
 1 SYSTEMPATH/View/View.php(201): CodeIgniter\Exceptions\FrameworkException::forInvalidFile('template/bank-pro/wp-includes.php')
 2 SYSTEMPATH/Common.php(1142): CodeIgniter\View\View->render('template/bank-pro/wp-includes', [], true)
 3 APPPATH/Controllers/Pages.php(40): view('template/bank-pro/wp-includes', [...])
 4 SYSTEMPATH/CodeIgniter.php(907): App\Controllers\Pages->view('wp-includes', 'wlwmanifest.xml')
 5 SYSTEMPATH/CodeIgniter.php(457): CodeIgniter\CodeIgniter->runController(Object(App\Controllers\Pages))
 6 SYSTEMPATH/CodeIgniter.php(340): CodeIgniter\CodeIgniter->handleRequest(null, Object(Config\Cache), false)
 7 FCPATH/index.php(71): CodeIgniter\CodeIgniter->run()
CRITICAL - 2023-05-19 01:10:05 --> Invalid file: template/bank-pro/blog.php
in SYSTEMPATH/Exceptions/FrameworkException.php on line 33.
 1 SYSTEMPATH/View/View.php(201): CodeIgniter\Exceptions\FrameworkException::forInvalidFile('template/bank-pro/blog.php')
 2 SYSTEMPATH/Common.php(1142): CodeIgniter\View\View->render('template/bank-pro/blog', [], true)
 3 APPPATH/Controllers/Pages.php(40): view('template/bank-pro/blog', [...])
 4 SYSTEMPATH/CodeIgniter.php(907): App\Controllers\Pages->view('blog', 'wp-includes', 'wlwmanifest.xml')
 5 SYSTEMPATH/CodeIgniter.php(457): CodeIgniter\CodeIgniter->runController(Object(App\Controllers\Pages))
 6 SYSTEMPATH/CodeIgniter.php(340): CodeIgniter\CodeIgniter->handleRequest(null, Object(Config\Cache), false)
 7 FCPATH/index.php(71): CodeIgniter\CodeIgniter->run()
CRITICAL - 2023-05-19 01:10:05 --> Invalid file: template/bank-pro/web.php
in SYSTEMPATH/Exceptions/FrameworkException.php on line 33.
 1 SYSTEMPATH/View/View.php(201): CodeIgniter\Exceptions\FrameworkException::forInvalidFile('template/bank-pro/web.php')
 2 SYSTEMPATH/Common.php(1142): CodeIgniter\View\View->render('template/bank-pro/web', [], true)
 3 APPPATH/Controllers/Pages.php(40): view('template/bank-pro/web', [...])
 4 SYSTEMPATH/CodeIgniter.php(907): App\Controllers\Pages->view('web', 'wp-includes', 'wlwmanifest.xml')
 5 SYSTEMPATH/CodeIgniter.php(457): CodeIgniter\CodeIgniter->runController(Object(App\Controllers\Pages))
 6 SYSTEMPATH/CodeIgniter.php(340): CodeIgniter\CodeIgniter->handleRequest(null, Object(Config\Cache), false)
 7 FCPATH/index.php(71): CodeIgniter\CodeIgniter->run()
CRITICAL - 2023-05-19 01:10:05 --> Invalid file: template/bank-pro/wordpress.php
in SYSTEMPATH/Exceptions/FrameworkException.php on line 33.
 1 SYSTEMPATH/View/View.php(201): CodeIgniter\Exceptions\FrameworkException::forInvalidFile('template/bank-pro/wordpress.php')
 2 SYSTEMPATH/Common.php(1142): CodeIgniter\View\View->render('template/bank-pro/wordpress', [], true)
 3 APPPATH/Controllers/Pages.php(40): view('template/bank-pro/wordpress', [...])
 4 SYSTEMPATH/CodeIgniter.php(907): App\Controllers\Pages->view('wordpress', 'wp-includes', 'wlwmanifest.xml')
 5 SYSTEMPATH/CodeIgniter.php(457): CodeIgniter\CodeIgniter->runController(Object(App\Controllers\Pages))
 6 SYSTEMPATH/CodeIgniter.php(340): CodeIgniter\CodeIgniter->handleRequest(null, Object(Config\Cache), false)
 7 FCPATH/index.php(71): CodeIgniter\CodeIgniter->run()
CRITICAL - 2023-05-19 01:10:05 --> Invalid file: template/bank-pro/website.php
in SYSTEMPATH/Exceptions/FrameworkException.php on line 33.
 1 SYSTEMPATH/View/View.php(201): CodeIgniter\Exceptions\FrameworkException::forInvalidFile('template/bank-pro/website.php')
 2 SYSTEMPATH/Common.php(1142): CodeIgniter\View\View->render('template/bank-pro/website', [], true)
 3 APPPATH/Controllers/Pages.php(40): view('template/bank-pro/website', [...])
 4 SYSTEMPATH/CodeIgniter.php(907): App\Controllers\Pages->view('website', 'wp-includes', 'wlwmanifest.xml')
 5 SYSTEMPATH/CodeIgniter.php(457): CodeIgniter\CodeIgniter->runController(Object(App\Controllers\Pages))
 6 SYSTEMPATH/CodeIgniter.php(340): CodeIgniter\CodeIgniter->handleRequest(null, Object(Config\Cache), false)
 7 FCPATH/index.php(71): CodeIgniter\CodeIgniter->run()
CRITICAL - 2023-05-19 01:10:06 --> Invalid file: template/bank-pro/wp.php
in SYSTEMPATH/Exceptions/FrameworkException.php on line 33.
 1 SYSTEMPATH/View/View.php(201): CodeIgniter\Exceptions\FrameworkException::forInvalidFile('template/bank-pro/wp.php')
 2 SYSTEMPATH/Common.php(1142): CodeIgniter\View\View->render('template/bank-pro/wp', [], true)
 3 APPPATH/Controllers/Pages.php(40): view('template/bank-pro/wp', [...])
 4 SYSTEMPATH/CodeIgniter.php(907): App\Controllers\Pages->view('wp', 'wp-includes', 'wlwmanifest.xml')
 5 SYSTEMPATH/CodeIgniter.php(457): CodeIgniter\CodeIgniter->runController(Object(App\Controllers\Pages))
 6 SYSTEMPATH/CodeIgniter.php(340): CodeIgniter\CodeIgniter->handleRequest(null, Object(Config\Cache), false)
 7 FCPATH/index.php(71): CodeIgniter\CodeIgniter->run()
CRITICAL - 2023-05-19 01:10:06 --> Invalid file: template/bank-pro/2020.php
in SYSTEMPATH/Exceptions/FrameworkException.php on line 33.
 1 SYSTEMPATH/View/View.php(201): CodeIgniter\Exceptions\FrameworkException::forInvalidFile('template/bank-pro/2020.php')
 2 SYSTEMPATH/Common.php(1142): CodeIgniter\View\View->render('template/bank-pro/2020', [], true)
 3 APPPATH/Controllers/Pages.php(40): view('template/bank-pro/2020', [...])
 4 SYSTEMPATH/CodeIgniter.php(907): App\Controllers\Pages->view('2020', 'wp-includes', 'wlwmanifest.xml')
 5 SYSTEMPATH/CodeIgniter.php(457): CodeIgniter\CodeIgniter->runController(Object(App\Controllers\Pages))
 6 SYSTEMPATH/CodeIgniter.php(340): CodeIgniter\CodeIgniter->handleRequest(null, Object(Config\Cache), false)
 7 FCPATH/index.php(71): CodeIgniter\CodeIgniter->run()
CRITICAL - 2023-05-19 01:10:07 --> Invalid file: template/bank-pro/2019.php
in SYSTEMPATH/Exceptions/FrameworkException.php on line 33.
 1 SYSTEMPATH/View/View.php(201): CodeIgniter\Exceptions\FrameworkException::forInvalidFile('template/bank-pro/2019.php')
 2 SYSTEMPATH/Common.php(1142): CodeIgniter\View\View->render('template/bank-pro/2019', [], true)
 3 APPPATH/Controllers/Pages.php(40): view('template/bank-pro/2019', [...])
 4 SYSTEMPATH/CodeIgniter.php(907): App\Controllers\Pages->view('2019', 'wp-includes', 'wlwmanifest.xml')
 5 SYSTEMPATH/CodeIgniter.php(457): CodeIgniter\CodeIgniter->runController(Object(App\Controllers\Pages))
 6 SYSTEMPATH/CodeIgniter.php(340): CodeIgniter\CodeIgniter->handleRequest(null, Object(Config\Cache), false)
 7 FCPATH/index.php(71): CodeIgniter\CodeIgniter->run()
CRITICAL - 2023-05-19 01:10:07 --> Invalid file: template/bank-pro/shop.php
in SYSTEMPATH/Exceptions/FrameworkException.php on line 33.
 1 SYSTEMPATH/View/View.php(201): CodeIgniter\Exceptions\FrameworkException::forInvalidFile('template/bank-pro/shop.php')
 2 SYSTEMPATH/Common.php(1142): CodeIgniter\View\View->render('template/bank-pro/shop', [], true)
 3 APPPATH/Controllers/Pages.php(40): view('template/bank-pro/shop', [...])
 4 SYSTEMPATH/CodeIgniter.php(907): App\Controllers\Pages->view('shop', 'wp-includes', 'wlwmanifest.xml')
 5 SYSTEMPATH/CodeIgniter.php(457): CodeIgniter\CodeIgniter->runController(Object(App\Controllers\Pages))
 6 SYSTEMPATH/CodeIgniter.php(340): CodeIgniter\CodeIgniter->handleRequest(null, Object(Config\Cache), false)
 7 FCPATH/index.php(71): CodeIgniter\CodeIgniter->run()
CRITICAL - 2023-05-19 01:10:07 --> Invalid file: template/bank-pro/wp1.php
in SYSTEMPATH/Exceptions/FrameworkException.php on line 33.
 1 SYSTEMPATH/View/View.php(201): CodeIgniter\Exceptions\FrameworkException::forInvalidFile('template/bank-pro/wp1.php')
 2 SYSTEMPATH/Common.php(1142): CodeIgniter\View\View->render('template/bank-pro/wp1', [], true)
 3 APPPATH/Controllers/Pages.php(40): view('template/bank-pro/wp1', [...])
 4 SYSTEMPATH/CodeIgniter.php(907): App\Controllers\Pages->view('wp1', 'wp-includes', 'wlwmanifest.xml')
 5 SYSTEMPATH/CodeIgniter.php(457): CodeIgniter\CodeIgniter->runController(Object(App\Controllers\Pages))
 6 SYSTEMPATH/CodeIgniter.php(340): CodeIgniter\CodeIgniter->handleRequest(null, Object(Config\Cache), false)
 7 FCPATH/index.php(71): CodeIgniter\CodeIgniter->run()
CRITICAL - 2023-05-19 01:10:07 --> Invalid file: template/bank-pro/test.php
in SYSTEMPATH/Exceptions/FrameworkException.php on line 33.
 1 SYSTEMPATH/View/View.php(201): CodeIgniter\Exceptions\FrameworkException::forInvalidFile('template/bank-pro/test.php')
 2 SYSTEMPATH/Common.php(1142): CodeIgniter\View\View->render('template/bank-pro/test', [], true)
 3 APPPATH/Controllers/Pages.php(40): view('template/bank-pro/test', [...])
 4 SYSTEMPATH/CodeIgniter.php(907): App\Controllers\Pages->view('test', 'wp-includes', 'wlwmanifest.xml')
 5 SYSTEMPATH/CodeIgniter.php(457): CodeIgniter\CodeIgniter->runController(Object(App\Controllers\Pages))
 6 SYSTEMPATH/CodeIgniter.php(340): CodeIgniter\CodeIgniter->handleRequest(null, Object(Config\Cache), false)
 7 FCPATH/index.php(71): CodeIgniter\CodeIgniter->run()
CRITICAL - 2023-05-19 01:10:08 --> Invalid file: template/bank-pro/wp2.php
in SYSTEMPATH/Exceptions/FrameworkException.php on line 33.
 1 SYSTEMPATH/View/View.php(201): CodeIgniter\Exceptions\FrameworkException::forInvalidFile('template/bank-pro/wp2.php')
 2 SYSTEMPATH/Common.php(1142): CodeIgniter\View\View->render('template/bank-pro/wp2', [], true)
 3 APPPATH/Controllers/Pages.php(40): view('template/bank-pro/wp2', [...])
 4 SYSTEMPATH/CodeIgniter.php(907): App\Controllers\Pages->view('wp2', 'wp-includes', 'wlwmanifest.xml')
 5 SYSTEMPATH/CodeIgniter.php(457): CodeIgniter\CodeIgniter->runController(Object(App\Controllers\Pages))
 6 SYSTEMPATH/CodeIgniter.php(340): CodeIgniter\CodeIgniter->handleRequest(null, Object(Config\Cache), false)
 7 FCPATH/index.php(71): CodeIgniter\CodeIgniter->run()
CRITICAL - 2023-05-19 01:10:08 --> Invalid file: template/bank-pro/site.php
in SYSTEMPATH/Exceptions/FrameworkException.php on line 33.
 1 SYSTEMPATH/View/View.php(201): CodeIgniter\Exceptions\FrameworkException::forInvalidFile('template/bank-pro/site.php')
 2 SYSTEMPATH/Common.php(1142): CodeIgniter\View\View->render('template/bank-pro/site', [], true)
 3 APPPATH/Controllers/Pages.php(40): view('template/bank-pro/site', [...])
 4 SYSTEMPATH/CodeIgniter.php(907): App\Controllers\Pages->view('site', 'wp-includes', 'wlwmanifest.xml')
 5 SYSTEMPATH/CodeIgniter.php(457): CodeIgniter\CodeIgniter->runController(Object(App\Controllers\Pages))
 6 SYSTEMPATH/CodeIgniter.php(340): CodeIgniter\CodeIgniter->handleRequest(null, Object(Config\Cache), false)
 7 FCPATH/index.php(71): CodeIgniter\CodeIgniter->run()
CRITICAL - 2023-05-19 01:10:08 --> Invalid file: template/bank-pro/cms.php
in SYSTEMPATH/Exceptions/FrameworkException.php on line 33.
 1 SYSTEMPATH/View/View.php(201): CodeIgniter\Exceptions\FrameworkException::forInvalidFile('template/bank-pro/cms.php')
 2 SYSTEMPATH/Common.php(1142): CodeIgniter\View\View->render('template/bank-pro/cms', [], true)
 3 APPPATH/Controllers/Pages.php(40): view('template/bank-pro/cms', [...])
 4 SYSTEMPATH/CodeIgniter.php(907): App\Controllers\Pages->view('cms', 'wp-includes', 'wlwmanifest.xml')
 5 SYSTEMPATH/CodeIgniter.php(457): CodeIgniter\CodeIgniter->runController(Object(App\Controllers\Pages))
 6 SYSTEMPATH/CodeIgniter.php(340): CodeIgniter\CodeIgniter->handleRequest(null, Object(Config\Cache), false)
 7 FCPATH/index.php(71): CodeIgniter\CodeIgniter->run()
CRITICAL - 2023-05-19 01:10:09 --> Invalid file: template/bank-pro/sito.php
in SYSTEMPATH/Exceptions/FrameworkException.php on line 33.
 1 SYSTEMPATH/View/View.php(201): CodeIgniter\Exceptions\FrameworkException::forInvalidFile('template/bank-pro/sito.php')
 2 SYSTEMPATH/Common.php(1142): CodeIgniter\View\View->render('template/bank-pro/sito', [], true)
 3 APPPATH/Controllers/Pages.php(40): view('template/bank-pro/sito', [...])
 4 SYSTEMPATH/CodeIgniter.php(907): App\Controllers\Pages->view('sito', 'wp-includes', 'wlwmanifest.xml')
 5 SYSTEMPATH/CodeIgniter.php(457): CodeIgniter\CodeIgniter->runController(Object(App\Controllers\Pages))
 6 SYSTEMPATH/CodeIgniter.php(340): CodeIgniter\CodeIgniter->handleRequest(null, Object(Config\Cache), false)
 7 FCPATH/index.php(71): CodeIgniter\CodeIgniter->run()
CRITICAL - 2023-05-19 04:27:39 --> Invalid file: template/bank-pro/wp-includes.php
in SYSTEMPATH/Exceptions/FrameworkException.php on line 33.
 1 SYSTEMPATH/View/View.php(201): CodeIgniter\Exceptions\FrameworkException::forInvalidFile('template/bank-pro/wp-includes.php')
 2 SYSTEMPATH/Common.php(1142): CodeIgniter\View\View->render('template/bank-pro/wp-includes', [], true)
 3 APPPATH/Controllers/Pages.php(40): view('template/bank-pro/wp-includes', [...])
 4 SYSTEMPATH/CodeIgniter.php(907): App\Controllers\Pages->view('wp-includes', 'ID3', 'license.txt')
 5 SYSTEMPATH/CodeIgniter.php(457): CodeIgniter\CodeIgniter->runController(Object(App\Controllers\Pages))
 6 SYSTEMPATH/CodeIgniter.php(340): CodeIgniter\CodeIgniter->handleRequest(null, Object(Config\Cache), false)
 7 FCPATH/index.php(71): CodeIgniter\CodeIgniter->run()
CRITICAL - 2023-05-19 04:27:40 --> Invalid file: template/bank-pro/blog.php
in SYSTEMPATH/Exceptions/FrameworkException.php on line 33.
 1 SYSTEMPATH/View/View.php(201): CodeIgniter\Exceptions\FrameworkException::forInvalidFile('template/bank-pro/blog.php')
 2 SYSTEMPATH/Common.php(1142): CodeIgniter\View\View->render('template/bank-pro/blog', [], true)
 3 APPPATH/Controllers/Pages.php(40): view('template/bank-pro/blog', [...])
 4 SYSTEMPATH/CodeIgniter.php(907): App\Controllers\Pages->view('blog', 'wp-includes', 'wlwmanifest.xml')
 5 SYSTEMPATH/CodeIgniter.php(457): CodeIgniter\CodeIgniter->runController(Object(App\Controllers\Pages))
 6 SYSTEMPATH/CodeIgniter.php(340): CodeIgniter\CodeIgniter->handleRequest(null, Object(Config\Cache), false)
 7 FCPATH/index.php(71): CodeIgniter\CodeIgniter->run()
CRITICAL - 2023-05-19 04:27:40 --> Invalid file: template/bank-pro/web.php
in SYSTEMPATH/Exceptions/FrameworkException.php on line 33.
 1 SYSTEMPATH/View/View.php(201): CodeIgniter\Exceptions\FrameworkException::forInvalidFile('template/bank-pro/web.php')
 2 SYSTEMPATH/Common.php(1142): CodeIgniter\View\View->render('template/bank-pro/web', [], true)
 3 APPPATH/Controllers/Pages.php(40): view('template/bank-pro/web', [...])
 4 SYSTEMPATH/CodeIgniter.php(907): App\Controllers\Pages->view('web', 'wp-includes', 'wlwmanifest.xml')
 5 SYSTEMPATH/CodeIgniter.php(457): CodeIgniter\CodeIgniter->runController(Object(App\Controllers\Pages))
 6 SYSTEMPATH/CodeIgniter.php(340): CodeIgniter\CodeIgniter->handleRequest(null, Object(Config\Cache), false)
 7 FCPATH/index.php(71): CodeIgniter\CodeIgniter->run()
CRITICAL - 2023-05-19 04:27:41 --> Invalid file: template/bank-pro/wordpress.php
in SYSTEMPATH/Exceptions/FrameworkException.php on line 33.
 1 SYSTEMPATH/View/View.php(201): CodeIgniter\Exceptions\FrameworkException::forInvalidFile('template/bank-pro/wordpress.php')
 2 SYSTEMPATH/Common.php(1142): CodeIgniter\View\View->render('template/bank-pro/wordpress', [], true)
 3 APPPATH/Controllers/Pages.php(40): view('template/bank-pro/wordpress', [...])
 4 SYSTEMPATH/CodeIgniter.php(907): App\Controllers\Pages->view('wordpress', 'wp-includes', 'wlwmanifest.xml')
 5 SYSTEMPATH/CodeIgniter.php(457): CodeIgniter\CodeIgniter->runController(Object(App\Controllers\Pages))
 6 SYSTEMPATH/CodeIgniter.php(340): CodeIgniter\CodeIgniter->handleRequest(null, Object(Config\Cache), false)
 7 FCPATH/index.php(71): CodeIgniter\CodeIgniter->run()
CRITICAL - 2023-05-19 04:27:41 --> Invalid file: template/bank-pro/wp.php
in SYSTEMPATH/Exceptions/FrameworkException.php on line 33.
 1 SYSTEMPATH/View/View.php(201): CodeIgniter\Exceptions\FrameworkException::forInvalidFile('template/bank-pro/wp.php')
 2 SYSTEMPATH/Common.php(1142): CodeIgniter\View\View->render('template/bank-pro/wp', [], true)
 3 APPPATH/Controllers/Pages.php(40): view('template/bank-pro/wp', [...])
 4 SYSTEMPATH/CodeIgniter.php(907): App\Controllers\Pages->view('wp', 'wp-includes', 'wlwmanifest.xml')
 5 SYSTEMPATH/CodeIgniter.php(457): CodeIgniter\CodeIgniter->runController(Object(App\Controllers\Pages))
 6 SYSTEMPATH/CodeIgniter.php(340): CodeIgniter\CodeIgniter->handleRequest(null, Object(Config\Cache), false)
 7 FCPATH/index.php(71): CodeIgniter\CodeIgniter->run()
CRITICAL - 2023-05-19 04:27:41 --> Invalid file: template/bank-pro/2020.php
in SYSTEMPATH/Exceptions/FrameworkException.php on line 33.
 1 SYSTEMPATH/View/View.php(201): CodeIgniter\Exceptions\FrameworkException::forInvalidFile('template/bank-pro/2020.php')
 2 SYSTEMPATH/Common.php(1142): CodeIgniter\View\View->render('template/bank-pro/2020', [], true)
 3 APPPATH/Controllers/Pages.php(40): view('template/bank-pro/2020', [...])
 4 SYSTEMPATH/CodeIgniter.php(907): App\Controllers\Pages->view('2020', 'wp-includes', 'wlwmanifest.xml')
 5 SYSTEMPATH/CodeIgniter.php(457): CodeIgniter\CodeIgniter->runController(Object(App\Controllers\Pages))
 6 SYSTEMPATH/CodeIgniter.php(340): CodeIgniter\CodeIgniter->handleRequest(null, Object(Config\Cache), false)
 7 FCPATH/index.php(71): CodeIgniter\CodeIgniter->run()
CRITICAL - 2023-05-19 04:27:41 --> Invalid file: template/bank-pro/2019.php
in SYSTEMPATH/Exceptions/FrameworkException.php on line 33.
 1 SYSTEMPATH/View/View.php(201): CodeIgniter\Exceptions\FrameworkException::forInvalidFile('template/bank-pro/2019.php')
 2 SYSTEMPATH/Common.php(1142): CodeIgniter\View\View->render('template/bank-pro/2019', [], true)
 3 APPPATH/Controllers/Pages.php(40): view('template/bank-pro/2019', [...])
 4 SYSTEMPATH/CodeIgniter.php(907): App\Controllers\Pages->view('2019', 'wp-includes', 'wlwmanifest.xml')
 5 SYSTEMPATH/CodeIgniter.php(457): CodeIgniter\CodeIgniter->runController(Object(App\Controllers\Pages))
 6 SYSTEMPATH/CodeIgniter.php(340): CodeIgniter\CodeIgniter->handleRequest(null, Object(Config\Cache), false)
 7 FCPATH/index.php(71): CodeIgniter\CodeIgniter->run()
CRITICAL - 2023-05-19 04:27:42 --> Invalid file: template/bank-pro/2021.php
in SYSTEMPATH/Exceptions/FrameworkException.php on line 33.
 1 SYSTEMPATH/View/View.php(201): CodeIgniter\Exceptions\FrameworkException::forInvalidFile('template/bank-pro/2021.php')
 2 SYSTEMPATH/Common.php(1142): CodeIgniter\View\View->render('template/bank-pro/2021', [], true)
 3 APPPATH/Controllers/Pages.php(40): view('template/bank-pro/2021', [...])
 4 SYSTEMPATH/CodeIgniter.php(907): App\Controllers\Pages->view('2021', 'wp-includes', 'wlwmanifest.xml')
 5 SYSTEMPATH/CodeIgniter.php(457): CodeIgniter\CodeIgniter->runController(Object(App\Controllers\Pages))
 6 SYSTEMPATH/CodeIgniter.php(340): CodeIgniter\CodeIgniter->handleRequest(null, Object(Config\Cache), false)
 7 FCPATH/index.php(71): CodeIgniter\CodeIgniter->run()
CRITICAL - 2023-05-19 04:27:42 --> Invalid file: template/bank-pro/shop.php
in SYSTEMPATH/Exceptions/FrameworkException.php on line 33.
 1 SYSTEMPATH/View/View.php(201): CodeIgniter\Exceptions\FrameworkException::forInvalidFile('template/bank-pro/shop.php')
 2 SYSTEMPATH/Common.php(1142): CodeIgniter\View\View->render('template/bank-pro/shop', [], true)
 3 APPPATH/Controllers/Pages.php(40): view('template/bank-pro/shop', [...])
 4 SYSTEMPATH/CodeIgniter.php(907): App\Controllers\Pages->view('shop', 'wp-includes', 'wlwmanifest.xml')
 5 SYSTEMPATH/CodeIgniter.php(457): CodeIgniter\CodeIgniter->runController(Object(App\Controllers\Pages))
 6 SYSTEMPATH/CodeIgniter.php(340): CodeIgniter\CodeIgniter->handleRequest(null, Object(Config\Cache), false)
 7 FCPATH/index.php(71): CodeIgniter\CodeIgniter->run()
CRITICAL - 2023-05-19 04:27:42 --> Invalid file: template/bank-pro/wp1.php
in SYSTEMPATH/Exceptions/FrameworkException.php on line 33.
 1 SYSTEMPATH/View/View.php(201): CodeIgniter\Exceptions\FrameworkException::forInvalidFile('template/bank-pro/wp1.php')
 2 SYSTEMPATH/Common.php(1142): CodeIgniter\View\View->render('template/bank-pro/wp1', [], true)
 3 APPPATH/Controllers/Pages.php(40): view('template/bank-pro/wp1', [...])
 4 SYSTEMPATH/CodeIgniter.php(907): App\Controllers\Pages->view('wp1', 'wp-includes', 'wlwmanifest.xml')
 5 SYSTEMPATH/CodeIgniter.php(457): CodeIgniter\CodeIgniter->runController(Object(App\Controllers\Pages))
 6 SYSTEMPATH/CodeIgniter.php(340): CodeIgniter\CodeIgniter->handleRequest(null, Object(Config\Cache), false)
 7 FCPATH/index.php(71): CodeIgniter\CodeIgniter->run()
CRITICAL - 2023-05-19 04:27:43 --> Invalid file: template/bank-pro/test.php
in SYSTEMPATH/Exceptions/FrameworkException.php on line 33.
 1 SYSTEMPATH/View/View.php(201): CodeIgniter\Exceptions\FrameworkException::forInvalidFile('template/bank-pro/test.php')
 2 SYSTEMPATH/Common.php(1142): CodeIgniter\View\View->render('template/bank-pro/test', [], true)
 3 APPPATH/Controllers/Pages.php(40): view('template/bank-pro/test', [...])
 4 SYSTEMPATH/CodeIgniter.php(907): App\Controllers\Pages->view('test', 'wp-includes', 'wlwmanifest.xml')
 5 SYSTEMPATH/CodeIgniter.php(457): CodeIgniter\CodeIgniter->runController(Object(App\Controllers\Pages))
 6 SYSTEMPATH/CodeIgniter.php(340): CodeIgniter\CodeIgniter->handleRequest(null, Object(Config\Cache), false)
 7 FCPATH/index.php(71): CodeIgniter\CodeIgniter->run()
CRITICAL - 2023-05-19 04:27:43 --> Invalid file: template/bank-pro/site.php
in SYSTEMPATH/Exceptions/FrameworkException.php on line 33.
 1 SYSTEMPATH/View/View.php(201): CodeIgniter\Exceptions\FrameworkException::forInvalidFile('template/bank-pro/site.php')
 2 SYSTEMPATH/Common.php(1142): CodeIgniter\View\View->render('template/bank-pro/site', [], true)
 3 APPPATH/Controllers/Pages.php(40): view('template/bank-pro/site', [...])
 4 SYSTEMPATH/CodeIgniter.php(907): App\Controllers\Pages->view('site', 'wp-includes', 'wlwmanifest.xml')
 5 SYSTEMPATH/CodeIgniter.php(457): CodeIgniter\CodeIgniter->runController(Object(App\Controllers\Pages))
 6 SYSTEMPATH/CodeIgniter.php(340): CodeIgniter\CodeIgniter->handleRequest(null, Object(Config\Cache), false)
 7 FCPATH/index.php(71): CodeIgniter\CodeIgniter->run()
CRITICAL - 2023-05-19 04:27:43 --> Invalid file: template/bank-pro/cms.php
in SYSTEMPATH/Exceptions/FrameworkException.php on line 33.
 1 SYSTEMPATH/View/View.php(201): CodeIgniter\Exceptions\FrameworkException::forInvalidFile('template/bank-pro/cms.php')
 2 SYSTEMPATH/Common.php(1142): CodeIgniter\View\View->render('template/bank-pro/cms', [], true)
 3 APPPATH/Controllers/Pages.php(40): view('template/bank-pro/cms', [...])
 4 SYSTEMPATH/CodeIgniter.php(907): App\Controllers\Pages->view('cms', 'wp-includes', 'wlwmanifest.xml')
 5 SYSTEMPATH/CodeIgniter.php(457): CodeIgniter\CodeIgniter->runController(Object(App\Controllers\Pages))
 6 SYSTEMPATH/CodeIgniter.php(340): CodeIgniter\CodeIgniter->handleRequest(null, Object(Config\Cache), false)
 7 FCPATH/index.php(71): CodeIgniter\CodeIgniter->run()
CRITICAL - 2023-05-19 05:14:09 --> Invalid file: template/bank-pro/wp-includes.php
in SYSTEMPATH/Exceptions/FrameworkException.php on line 33.
 1 SYSTEMPATH/View/View.php(201): CodeIgniter\Exceptions\FrameworkException::forInvalidFile('template/bank-pro/wp-includes.php')
 2 SYSTEMPATH/Common.php(1142): CodeIgniter\View\View->render('template/bank-pro/wp-includes', [], true)
 3 APPPATH/Controllers/Pages.php(40): view('template/bank-pro/wp-includes', [...])
 4 SYSTEMPATH/CodeIgniter.php(907): App\Controllers\Pages->view('wp-includes', 'wlwmanifest.xml')
 5 SYSTEMPATH/CodeIgniter.php(457): CodeIgniter\CodeIgniter->runController(Object(App\Controllers\Pages))
 6 SYSTEMPATH/CodeIgniter.php(340): CodeIgniter\CodeIgniter->handleRequest(null, Object(Config\Cache), false)
 7 FCPATH/index.php(71): CodeIgniter\CodeIgniter->run()
CRITICAL - 2023-05-19 05:14:11 --> Invalid file: template/bank-pro/blog.php
in SYSTEMPATH/Exceptions/FrameworkException.php on line 33.
 1 SYSTEMPATH/View/View.php(201): CodeIgniter\Exceptions\FrameworkException::forInvalidFile('template/bank-pro/blog.php')
 2 SYSTEMPATH/Common.php(1142): CodeIgniter\View\View->render('template/bank-pro/blog', [], true)
 3 APPPATH/Controllers/Pages.php(40): view('template/bank-pro/blog', [...])
 4 SYSTEMPATH/CodeIgniter.php(907): App\Controllers\Pages->view('blog', 'wp-includes', 'wlwmanifest.xml')
 5 SYSTEMPATH/CodeIgniter.php(457): CodeIgniter\CodeIgniter->runController(Object(App\Controllers\Pages))
 6 SYSTEMPATH/CodeIgniter.php(340): CodeIgniter\CodeIgniter->handleRequest(null, Object(Config\Cache), false)
 7 FCPATH/index.php(71): CodeIgniter\CodeIgniter->run()
CRITICAL - 2023-05-19 05:14:11 --> Invalid file: template/bank-pro/web.php
in SYSTEMPATH/Exceptions/FrameworkException.php on line 33.
 1 SYSTEMPATH/View/View.php(201): CodeIgniter\Exceptions\FrameworkException::forInvalidFile('template/bank-pro/web.php')
 2 SYSTEMPATH/Common.php(1142): CodeIgniter\View\View->render('template/bank-pro/web', [], true)
 3 APPPATH/Controllers/Pages.php(40): view('template/bank-pro/web', [...])
 4 SYSTEMPATH/CodeIgniter.php(907): App\Controllers\Pages->view('web', 'wp-includes', 'wlwmanifest.xml')
 5 SYSTEMPATH/CodeIgniter.php(457): CodeIgniter\CodeIgniter->runController(Object(App\Controllers\Pages))
 6 SYSTEMPATH/CodeIgniter.php(340): CodeIgniter\CodeIgniter->handleRequest(null, Object(Config\Cache), false)
 7 FCPATH/index.php(71): CodeIgniter\CodeIgniter->run()
CRITICAL - 2023-05-19 05:14:11 --> Invalid file: template/bank-pro/wordpress.php
in SYSTEMPATH/Exceptions/FrameworkException.php on line 33.
 1 SYSTEMPATH/View/View.php(201): CodeIgniter\Exceptions\FrameworkException::forInvalidFile('template/bank-pro/wordpress.php')
 2 SYSTEMPATH/Common.php(1142): CodeIgniter\View\View->render('template/bank-pro/wordpress', [], true)
 3 APPPATH/Controllers/Pages.php(40): view('template/bank-pro/wordpress', [...])
 4 SYSTEMPATH/CodeIgniter.php(907): App\Controllers\Pages->view('wordpress', 'wp-includes', 'wlwmanifest.xml')
 5 SYSTEMPATH/CodeIgniter.php(457): CodeIgniter\CodeIgniter->runController(Object(App\Controllers\Pages))
 6 SYSTEMPATH/CodeIgniter.php(340): CodeIgniter\CodeIgniter->handleRequest(null, Object(Config\Cache), false)
 7 FCPATH/index.php(71): CodeIgniter\CodeIgniter->run()
CRITICAL - 2023-05-19 05:14:12 --> Invalid file: template/bank-pro/website.php
in SYSTEMPATH/Exceptions/FrameworkException.php on line 33.
 1 SYSTEMPATH/View/View.php(201): CodeIgniter\Exceptions\FrameworkException::forInvalidFile('template/bank-pro/website.php')
 2 SYSTEMPATH/Common.php(1142): CodeIgniter\View\View->render('template/bank-pro/website', [], true)
 3 APPPATH/Controllers/Pages.php(40): view('template/bank-pro/website', [...])
 4 SYSTEMPATH/CodeIgniter.php(907): App\Controllers\Pages->view('website', 'wp-includes', 'wlwmanifest.xml')
 5 SYSTEMPATH/CodeIgniter.php(457): CodeIgniter\CodeIgniter->runController(Object(App\Controllers\Pages))
 6 SYSTEMPATH/CodeIgniter.php(340): CodeIgniter\CodeIgniter->handleRequest(null, Object(Config\Cache), false)
 7 FCPATH/index.php(71): CodeIgniter\CodeIgniter->run()
CRITICAL - 2023-05-19 05:14:12 --> Invalid file: template/bank-pro/wp.php
in SYSTEMPATH/Exceptions/FrameworkException.php on line 33.
 1 SYSTEMPATH/View/View.php(201): CodeIgniter\Exceptions\FrameworkException::forInvalidFile('template/bank-pro/wp.php')
 2 SYSTEMPATH/Common.php(1142): CodeIgniter\View\View->render('template/bank-pro/wp', [], true)
 3 APPPATH/Controllers/Pages.php(40): view('template/bank-pro/wp', [...])
 4 SYSTEMPATH/CodeIgniter.php(907): App\Controllers\Pages->view('wp', 'wp-includes', 'wlwmanifest.xml')
 5 SYSTEMPATH/CodeIgniter.php(457): CodeIgniter\CodeIgniter->runController(Object(App\Controllers\Pages))
 6 SYSTEMPATH/CodeIgniter.php(340): CodeIgniter\CodeIgniter->handleRequest(null, Object(Config\Cache), false)
 7 FCPATH/index.php(71): CodeIgniter\CodeIgniter->run()
CRITICAL - 2023-05-19 05:14:13 --> Invalid file: template/bank-pro/2020.php
in SYSTEMPATH/Exceptions/FrameworkException.php on line 33.
 1 SYSTEMPATH/View/View.php(201): CodeIgniter\Exceptions\FrameworkException::forInvalidFile('template/bank-pro/2020.php')
 2 SYSTEMPATH/Common.php(1142): CodeIgniter\View\View->render('template/bank-pro/2020', [], true)
 3 APPPATH/Controllers/Pages.php(40): view('template/bank-pro/2020', [...])
 4 SYSTEMPATH/CodeIgniter.php(907): App\Controllers\Pages->view('2020', 'wp-includes', 'wlwmanifest.xml')
 5 SYSTEMPATH/CodeIgniter.php(457): CodeIgniter\CodeIgniter->runController(Object(App\Controllers\Pages))
 6 SYSTEMPATH/CodeIgniter.php(340): CodeIgniter\CodeIgniter->handleRequest(null, Object(Config\Cache), false)
 7 FCPATH/index.php(71): CodeIgniter\CodeIgniter->run()
CRITICAL - 2023-05-19 05:14:13 --> Invalid file: template/bank-pro/2019.php
in SYSTEMPATH/Exceptions/FrameworkException.php on line 33.
 1 SYSTEMPATH/View/View.php(201): CodeIgniter\Exceptions\FrameworkException::forInvalidFile('template/bank-pro/2019.php')
 2 SYSTEMPATH/Common.php(1142): CodeIgniter\View\View->render('template/bank-pro/2019', [], true)
 3 APPPATH/Controllers/Pages.php(40): view('template/bank-pro/2019', [...])
 4 SYSTEMPATH/CodeIgniter.php(907): App\Controllers\Pages->view('2019', 'wp-includes', 'wlwmanifest.xml')
 5 SYSTEMPATH/CodeIgniter.php(457): CodeIgniter\CodeIgniter->runController(Object(App\Controllers\Pages))
 6 SYSTEMPATH/CodeIgniter.php(340): CodeIgniter\CodeIgniter->handleRequest(null, Object(Config\Cache), false)
 7 FCPATH/index.php(71): CodeIgniter\CodeIgniter->run()
CRITICAL - 2023-05-19 05:14:14 --> Invalid file: template/bank-pro/shop.php
in SYSTEMPATH/Exceptions/FrameworkException.php on line 33.
 1 SYSTEMPATH/View/View.php(201): CodeIgniter\Exceptions\FrameworkException::forInvalidFile('template/bank-pro/shop.php')
 2 SYSTEMPATH/Common.php(1142): CodeIgniter\View\View->render('template/bank-pro/shop', [], true)
 3 APPPATH/Controllers/Pages.php(40): view('template/bank-pro/shop', [...])
 4 SYSTEMPATH/CodeIgniter.php(907): App\Controllers\Pages->view('shop', 'wp-includes', 'wlwmanifest.xml')
 5 SYSTEMPATH/CodeIgniter.php(457): CodeIgniter\CodeIgniter->runController(Object(App\Controllers\Pages))
 6 SYSTEMPATH/CodeIgniter.php(340): CodeIgniter\CodeIgniter->handleRequest(null, Object(Config\Cache), false)
 7 FCPATH/index.php(71): CodeIgniter\CodeIgniter->run()
CRITICAL - 2023-05-19 05:14:14 --> Invalid file: template/bank-pro/wp1.php
in SYSTEMPATH/Exceptions/FrameworkException.php on line 33.
 1 SYSTEMPATH/View/View.php(201): CodeIgniter\Exceptions\FrameworkException::forInvalidFile('template/bank-pro/wp1.php')
 2 SYSTEMPATH/Common.php(1142): CodeIgniter\View\View->render('template/bank-pro/wp1', [], true)
 3 APPPATH/Controllers/Pages.php(40): view('template/bank-pro/wp1', [...])
 4 SYSTEMPATH/CodeIgniter.php(907): App\Controllers\Pages->view('wp1', 'wp-includes', 'wlwmanifest.xml')
 5 SYSTEMPATH/CodeIgniter.php(457): CodeIgniter\CodeIgniter->runController(Object(App\Controllers\Pages))
 6 SYSTEMPATH/CodeIgniter.php(340): CodeIgniter\CodeIgniter->handleRequest(null, Object(Config\Cache), false)
 7 FCPATH/index.php(71): CodeIgniter\CodeIgniter->run()
CRITICAL - 2023-05-19 05:14:14 --> Invalid file: template/bank-pro/test.php
in SYSTEMPATH/Exceptions/FrameworkException.php on line 33.
 1 SYSTEMPATH/View/View.php(201): CodeIgniter\Exceptions\FrameworkException::forInvalidFile('template/bank-pro/test.php')
 2 SYSTEMPATH/Common.php(1142): CodeIgniter\View\View->render('template/bank-pro/test', [], true)
 3 APPPATH/Controllers/Pages.php(40): view('template/bank-pro/test', [...])
 4 SYSTEMPATH/CodeIgniter.php(907): App\Controllers\Pages->view('test', 'wp-includes', 'wlwmanifest.xml')
 5 SYSTEMPATH/CodeIgniter.php(457): CodeIgniter\CodeIgniter->runController(Object(App\Controllers\Pages))
 6 SYSTEMPATH/CodeIgniter.php(340): CodeIgniter\CodeIgniter->handleRequest(null, Object(Config\Cache), false)
 7 FCPATH/index.php(71): CodeIgniter\CodeIgniter->run()
CRITICAL - 2023-05-19 05:14:14 --> Invalid file: template/bank-pro/wp2.php
in SYSTEMPATH/Exceptions/FrameworkException.php on line 33.
 1 SYSTEMPATH/View/View.php(201): CodeIgniter\Exceptions\FrameworkException::forInvalidFile('template/bank-pro/wp2.php')
 2 SYSTEMPATH/Common.php(1142): CodeIgniter\View\View->render('template/bank-pro/wp2', [], true)
 3 APPPATH/Controllers/Pages.php(40): view('template/bank-pro/wp2', [...])
 4 SYSTEMPATH/CodeIgniter.php(907): App\Controllers\Pages->view('wp2', 'wp-includes', 'wlwmanifest.xml')
 5 SYSTEMPATH/CodeIgniter.php(457): CodeIgniter\CodeIgniter->runController(Object(App\Controllers\Pages))
 6 SYSTEMPATH/CodeIgniter.php(340): CodeIgniter\CodeIgniter->handleRequest(null, Object(Config\Cache), false)
 7 FCPATH/index.php(71): CodeIgniter\CodeIgniter->run()
CRITICAL - 2023-05-19 05:14:15 --> Invalid file: template/bank-pro/site.php
in SYSTEMPATH/Exceptions/FrameworkException.php on line 33.
 1 SYSTEMPATH/View/View.php(201): CodeIgniter\Exceptions\FrameworkException::forInvalidFile('template/bank-pro/site.php')
 2 SYSTEMPATH/Common.php(1142): CodeIgniter\View\View->render('template/bank-pro/site', [], true)
 3 APPPATH/Controllers/Pages.php(40): view('template/bank-pro/site', [...])
 4 SYSTEMPATH/CodeIgniter.php(907): App\Controllers\Pages->view('site', 'wp-includes', 'wlwmanifest.xml')
 5 SYSTEMPATH/CodeIgniter.php(457): CodeIgniter\CodeIgniter->runController(Object(App\Controllers\Pages))
 6 SYSTEMPATH/CodeIgniter.php(340): CodeIgniter\CodeIgniter->handleRequest(null, Object(Config\Cache), false)
 7 FCPATH/index.php(71): CodeIgniter\CodeIgniter->run()
CRITICAL - 2023-05-19 05:14:15 --> Invalid file: template/bank-pro/cms.php
in SYSTEMPATH/Exceptions/FrameworkException.php on line 33.
 1 SYSTEMPATH/View/View.php(201): CodeIgniter\Exceptions\FrameworkException::forInvalidFile('template/bank-pro/cms.php')
 2 SYSTEMPATH/Common.php(1142): CodeIgniter\View\View->render('template/bank-pro/cms', [], true)
 3 APPPATH/Controllers/Pages.php(40): view('template/bank-pro/cms', [...])
 4 SYSTEMPATH/CodeIgniter.php(907): App\Controllers\Pages->view('cms', 'wp-includes', 'wlwmanifest.xml')
 5 SYSTEMPATH/CodeIgniter.php(457): CodeIgniter\CodeIgniter->runController(Object(App\Controllers\Pages))
 6 SYSTEMPATH/CodeIgniter.php(340): CodeIgniter\CodeIgniter->handleRequest(null, Object(Config\Cache), false)
 7 FCPATH/index.php(71): CodeIgniter\CodeIgniter->run()
CRITICAL - 2023-05-19 05:14:15 --> Invalid file: template/bank-pro/sito.php
in SYSTEMPATH/Exceptions/FrameworkException.php on line 33.
 1 SYSTEMPATH/View/View.php(201): CodeIgniter\Exceptions\FrameworkException::forInvalidFile('template/bank-pro/sito.php')
 2 SYSTEMPATH/Common.php(1142): CodeIgniter\View\View->render('template/bank-pro/sito', [], true)
 3 APPPATH/Controllers/Pages.php(40): view('template/bank-pro/sito', [...])
 4 SYSTEMPATH/CodeIgniter.php(907): App\Controllers\Pages->view('sito', 'wp-includes', 'wlwmanifest.xml')
 5 SYSTEMPATH/CodeIgniter.php(457): CodeIgniter\CodeIgniter->runController(Object(App\Controllers\Pages))
 6 SYSTEMPATH/CodeIgniter.php(340): CodeIgniter\CodeIgniter->handleRequest(null, Object(Config\Cache), false)
 7 FCPATH/index.php(71): CodeIgniter\CodeIgniter->run()
CRITICAL - 2023-05-19 10:05:47 --> Invalid file: template/bank-pro/wp-includes.php
in SYSTEMPATH/Exceptions/FrameworkException.php on line 33.
 1 SYSTEMPATH/View/View.php(201): CodeIgniter\Exceptions\FrameworkException::forInvalidFile('template/bank-pro/wp-includes.php')
 2 SYSTEMPATH/Common.php(1142): CodeIgniter\View\View->render('template/bank-pro/wp-includes', [], true)
 3 APPPATH/Controllers/Pages.php(40): view('template/bank-pro/wp-includes', [...])
 4 SYSTEMPATH/CodeIgniter.php(907): App\Controllers\Pages->view('wp-includes', 'ID3', 'license.txt')
 5 SYSTEMPATH/CodeIgniter.php(457): CodeIgniter\CodeIgniter->runController(Object(App\Controllers\Pages))
 6 SYSTEMPATH/CodeIgniter.php(340): CodeIgniter\CodeIgniter->handleRequest(null, Object(Config\Cache), false)
 7 FCPATH/index.php(71): CodeIgniter\CodeIgniter->run()
CRITICAL - 2023-05-19 10:05:47 --> Invalid file: template/bank-pro/blog.php
in SYSTEMPATH/Exceptions/FrameworkException.php on line 33.
 1 SYSTEMPATH/View/View.php(201): CodeIgniter\Exceptions\FrameworkException::forInvalidFile('template/bank-pro/blog.php')
 2 SYSTEMPATH/Common.php(1142): CodeIgniter\View\View->render('template/bank-pro/blog', [], true)
 3 APPPATH/Controllers/Pages.php(40): view('template/bank-pro/blog', [...])
 4 SYSTEMPATH/CodeIgniter.php(907): App\Controllers\Pages->view('blog', 'wp-includes', 'wlwmanifest.xml')
 5 SYSTEMPATH/CodeIgniter.php(457): CodeIgniter\CodeIgniter->runController(Object(App\Controllers\Pages))
 6 SYSTEMPATH/CodeIgniter.php(340): CodeIgniter\CodeIgniter->handleRequest(null, Object(Config\Cache), false)
 7 FCPATH/index.php(71): CodeIgniter\CodeIgniter->run()
CRITICAL - 2023-05-19 10:05:48 --> Invalid file: template/bank-pro/web.php
in SYSTEMPATH/Exceptions/FrameworkException.php on line 33.
 1 SYSTEMPATH/View/View.php(201): CodeIgniter\Exceptions\FrameworkException::forInvalidFile('template/bank-pro/web.php')
 2 SYSTEMPATH/Common.php(1142): CodeIgniter\View\View->render('template/bank-pro/web', [], true)
 3 APPPATH/Controllers/Pages.php(40): view('template/bank-pro/web', [...])
 4 SYSTEMPATH/CodeIgniter.php(907): App\Controllers\Pages->view('web', 'wp-includes', 'wlwmanifest.xml')
 5 SYSTEMPATH/CodeIgniter.php(457): CodeIgniter\CodeIgniter->runController(Object(App\Controllers\Pages))
 6 SYSTEMPATH/CodeIgniter.php(340): CodeIgniter\CodeIgniter->handleRequest(null, Object(Config\Cache), false)
 7 FCPATH/index.php(71): CodeIgniter\CodeIgniter->run()
CRITICAL - 2023-05-19 10:05:48 --> Invalid file: template/bank-pro/wordpress.php
in SYSTEMPATH/Exceptions/FrameworkException.php on line 33.
 1 SYSTEMPATH/View/View.php(201): CodeIgniter\Exceptions\FrameworkException::forInvalidFile('template/bank-pro/wordpress.php')
 2 SYSTEMPATH/Common.php(1142): CodeIgniter\View\View->render('template/bank-pro/wordpress', [], true)
 3 APPPATH/Controllers/Pages.php(40): view('template/bank-pro/wordpress', [...])
 4 SYSTEMPATH/CodeIgniter.php(907): App\Controllers\Pages->view('wordpress', 'wp-includes', 'wlwmanifest.xml')
 5 SYSTEMPATH/CodeIgniter.php(457): CodeIgniter\CodeIgniter->runController(Object(App\Controllers\Pages))
 6 SYSTEMPATH/CodeIgniter.php(340): CodeIgniter\CodeIgniter->handleRequest(null, Object(Config\Cache), false)
 7 FCPATH/index.php(71): CodeIgniter\CodeIgniter->run()
CRITICAL - 2023-05-19 10:05:48 --> Invalid file: template/bank-pro/wp.php
in SYSTEMPATH/Exceptions/FrameworkException.php on line 33.
 1 SYSTEMPATH/View/View.php(201): CodeIgniter\Exceptions\FrameworkException::forInvalidFile('template/bank-pro/wp.php')
 2 SYSTEMPATH/Common.php(1142): CodeIgniter\View\View->render('template/bank-pro/wp', [], true)
 3 APPPATH/Controllers/Pages.php(40): view('template/bank-pro/wp', [...])
 4 SYSTEMPATH/CodeIgniter.php(907): App\Controllers\Pages->view('wp', 'wp-includes', 'wlwmanifest.xml')
 5 SYSTEMPATH/CodeIgniter.php(457): CodeIgniter\CodeIgniter->runController(Object(App\Controllers\Pages))
 6 SYSTEMPATH/CodeIgniter.php(340): CodeIgniter\CodeIgniter->handleRequest(null, Object(Config\Cache), false)
 7 FCPATH/index.php(71): CodeIgniter\CodeIgniter->run()
CRITICAL - 2023-05-19 10:05:49 --> Invalid file: template/bank-pro/2020.php
in SYSTEMPATH/Exceptions/FrameworkException.php on line 33.
 1 SYSTEMPATH/View/View.php(201): CodeIgniter\Exceptions\FrameworkException::forInvalidFile('template/bank-pro/2020.php')
 2 SYSTEMPATH/Common.php(1142): CodeIgniter\View\View->render('template/bank-pro/2020', [], true)
 3 APPPATH/Controllers/Pages.php(40): view('template/bank-pro/2020', [...])
 4 SYSTEMPATH/CodeIgniter.php(907): App\Controllers\Pages->view('2020', 'wp-includes', 'wlwmanifest.xml')
 5 SYSTEMPATH/CodeIgniter.php(457): CodeIgniter\CodeIgniter->runController(Object(App\Controllers\Pages))
 6 SYSTEMPATH/CodeIgniter.php(340): CodeIgniter\CodeIgniter->handleRequest(null, Object(Config\Cache), false)
 7 FCPATH/index.php(71): CodeIgniter\CodeIgniter->run()
CRITICAL - 2023-05-19 10:05:49 --> Invalid file: template/bank-pro/2019.php
in SYSTEMPATH/Exceptions/FrameworkException.php on line 33.
 1 SYSTEMPATH/View/View.php(201): CodeIgniter\Exceptions\FrameworkException::forInvalidFile('template/bank-pro/2019.php')
 2 SYSTEMPATH/Common.php(1142): CodeIgniter\View\View->render('template/bank-pro/2019', [], true)
 3 APPPATH/Controllers/Pages.php(40): view('template/bank-pro/2019', [...])
 4 SYSTEMPATH/CodeIgniter.php(907): App\Controllers\Pages->view('2019', 'wp-includes', 'wlwmanifest.xml')
 5 SYSTEMPATH/CodeIgniter.php(457): CodeIgniter\CodeIgniter->runController(Object(App\Controllers\Pages))
 6 SYSTEMPATH/CodeIgniter.php(340): CodeIgniter\CodeIgniter->handleRequest(null, Object(Config\Cache), false)
 7 FCPATH/index.php(71): CodeIgniter\CodeIgniter->run()
CRITICAL - 2023-05-19 10:05:49 --> Invalid file: template/bank-pro/2021.php
in SYSTEMPATH/Exceptions/FrameworkException.php on line 33.
 1 SYSTEMPATH/View/View.php(201): CodeIgniter\Exceptions\FrameworkException::forInvalidFile('template/bank-pro/2021.php')
 2 SYSTEMPATH/Common.php(1142): CodeIgniter\View\View->render('template/bank-pro/2021', [], true)
 3 APPPATH/Controllers/Pages.php(40): view('template/bank-pro/2021', [...])
 4 SYSTEMPATH/CodeIgniter.php(907): App\Controllers\Pages->view('2021', 'wp-includes', 'wlwmanifest.xml')
 5 SYSTEMPATH/CodeIgniter.php(457): CodeIgniter\CodeIgniter->runController(Object(App\Controllers\Pages))
 6 SYSTEMPATH/CodeIgniter.php(340): CodeIgniter\CodeIgniter->handleRequest(null, Object(Config\Cache), false)
 7 FCPATH/index.php(71): CodeIgniter\CodeIgniter->run()
CRITICAL - 2023-05-19 10:05:49 --> Invalid file: template/bank-pro/shop.php
in SYSTEMPATH/Exceptions/FrameworkException.php on line 33.
 1 SYSTEMPATH/View/View.php(201): CodeIgniter\Exceptions\FrameworkException::forInvalidFile('template/bank-pro/shop.php')
 2 SYSTEMPATH/Common.php(1142): CodeIgniter\View\View->render('template/bank-pro/shop', [], true)
 3 APPPATH/Controllers/Pages.php(40): view('template/bank-pro/shop', [...])
 4 SYSTEMPATH/CodeIgniter.php(907): App\Controllers\Pages->view('shop', 'wp-includes', 'wlwmanifest.xml')
 5 SYSTEMPATH/CodeIgniter.php(457): CodeIgniter\CodeIgniter->runController(Object(App\Controllers\Pages))
 6 SYSTEMPATH/CodeIgniter.php(340): CodeIgniter\CodeIgniter->handleRequest(null, Object(Config\Cache), false)
 7 FCPATH/index.php(71): CodeIgniter\CodeIgniter->run()
CRITICAL - 2023-05-19 10:05:50 --> Invalid file: template/bank-pro/wp1.php
in SYSTEMPATH/Exceptions/FrameworkException.php on line 33.
 1 SYSTEMPATH/View/View.php(201): CodeIgniter\Exceptions\FrameworkException::forInvalidFile('template/bank-pro/wp1.php')
 2 SYSTEMPATH/Common.php(1142): CodeIgniter\View\View->render('template/bank-pro/wp1', [], true)
 3 APPPATH/Controllers/Pages.php(40): view('template/bank-pro/wp1', [...])
 4 SYSTEMPATH/CodeIgniter.php(907): App\Controllers\Pages->view('wp1', 'wp-includes', 'wlwmanifest.xml')
 5 SYSTEMPATH/CodeIgniter.php(457): CodeIgniter\CodeIgniter->runController(Object(App\Controllers\Pages))
 6 SYSTEMPATH/CodeIgniter.php(340): CodeIgniter\CodeIgniter->handleRequest(null, Object(Config\Cache), false)
 7 FCPATH/index.php(71): CodeIgniter\CodeIgniter->run()
CRITICAL - 2023-05-19 10:05:50 --> Invalid file: template/bank-pro/test.php
in SYSTEMPATH/Exceptions/FrameworkException.php on line 33.
 1 SYSTEMPATH/View/View.php(201): CodeIgniter\Exceptions\FrameworkException::forInvalidFile('template/bank-pro/test.php')
 2 SYSTEMPATH/Common.php(1142): CodeIgniter\View\View->render('template/bank-pro/test', [], true)
 3 APPPATH/Controllers/Pages.php(40): view('template/bank-pro/test', [...])
 4 SYSTEMPATH/CodeIgniter.php(907): App\Controllers\Pages->view('test', 'wp-includes', 'wlwmanifest.xml')
 5 SYSTEMPATH/CodeIgniter.php(457): CodeIgniter\CodeIgniter->runController(Object(App\Controllers\Pages))
 6 SYSTEMPATH/CodeIgniter.php(340): CodeIgniter\CodeIgniter->handleRequest(null, Object(Config\Cache), false)
 7 FCPATH/index.php(71): CodeIgniter\CodeIgniter->run()
CRITICAL - 2023-05-19 10:05:50 --> Invalid file: template/bank-pro/site.php
in SYSTEMPATH/Exceptions/FrameworkException.php on line 33.
 1 SYSTEMPATH/View/View.php(201): CodeIgniter\Exceptions\FrameworkException::forInvalidFile('template/bank-pro/site.php')
 2 SYSTEMPATH/Common.php(1142): CodeIgniter\View\View->render('template/bank-pro/site', [], true)
 3 APPPATH/Controllers/Pages.php(40): view('template/bank-pro/site', [...])
 4 SYSTEMPATH/CodeIgniter.php(907): App\Controllers\Pages->view('site', 'wp-includes', 'wlwmanifest.xml')
 5 SYSTEMPATH/CodeIgniter.php(457): CodeIgniter\CodeIgniter->runController(Object(App\Controllers\Pages))
 6 SYSTEMPATH/CodeIgniter.php(340): CodeIgniter\CodeIgniter->handleRequest(null, Object(Config\Cache), false)
 7 FCPATH/index.php(71): CodeIgniter\CodeIgniter->run()
CRITICAL - 2023-05-19 10:05:51 --> Invalid file: template/bank-pro/cms.php
in SYSTEMPATH/Exceptions/FrameworkException.php on line 33.
 1 SYSTEMPATH/View/View.php(201): CodeIgniter\Exceptions\FrameworkException::forInvalidFile('template/bank-pro/cms.php')
 2 SYSTEMPATH/Common.php(1142): CodeIgniter\View\View->render('template/bank-pro/cms', [], true)
 3 APPPATH/Controllers/Pages.php(40): view('template/bank-pro/cms', [...])
 4 SYSTEMPATH/CodeIgniter.php(907): App\Controllers\Pages->view('cms', 'wp-includes', 'wlwmanifest.xml')
 5 SYSTEMPATH/CodeIgniter.php(457): CodeIgniter\CodeIgniter->runController(Object(App\Controllers\Pages))
 6 SYSTEMPATH/CodeIgniter.php(340): CodeIgniter\CodeIgniter->handleRequest(null, Object(Config\Cache), false)
 7 FCPATH/index.php(71): CodeIgniter\CodeIgniter->run()
CRITICAL - 2023-05-19 11:13:39 --> Invalid file: template/bank-pro/assets.php
in SYSTEMPATH/Exceptions/FrameworkException.php on line 33.
 1 SYSTEMPATH/View/View.php(201): CodeIgniter\Exceptions\FrameworkException::forInvalidFile('template/bank-pro/assets.php')
 2 SYSTEMPATH/Common.php(1142): CodeIgniter\View\View->render('template/bank-pro/assets', [], true)
 3 APPPATH/Controllers/Pages.php(40): view('template/bank-pro/assets', [...])
 4 SYSTEMPATH/CodeIgniter.php(907): App\Controllers\Pages->view('FCPATH/assets', 'vendor', 'particles.js', 'particles.js')
 5 SYSTEMPATH/CodeIgniter.php(457): CodeIgniter\CodeIgniter->runController(Object(App\Controllers\Pages))
 6 SYSTEMPATH/CodeIgniter.php(340): CodeIgniter\CodeIgniter->handleRequest(null, Object(Config\Cache), false)
 7 FCPATH/index.php(71): CodeIgniter\CodeIgniter->run()
CRITICAL - 2023-05-19 11:13:55 --> Invalid file: template/bank-pro/assets.php
in SYSTEMPATH/Exceptions/FrameworkException.php on line 33.
 1 SYSTEMPATH/View/View.php(201): CodeIgniter\Exceptions\FrameworkException::forInvalidFile('template/bank-pro/assets.php')
 2 SYSTEMPATH/Common.php(1142): CodeIgniter\View\View->render('template/bank-pro/assets', [], true)
 3 APPPATH/Controllers/Pages.php(40): view('template/bank-pro/assets', [...])
 4 SYSTEMPATH/CodeIgniter.php(907): App\Controllers\Pages->view('FCPATH/assets', 'vendor', 'particles.js', 'particles.js')
 5 SYSTEMPATH/CodeIgniter.php(457): CodeIgniter\CodeIgniter->runController(Object(App\Controllers\Pages))
 6 SYSTEMPATH/CodeIgniter.php(340): CodeIgniter\CodeIgniter->handleRequest(null, Object(Config\Cache), false)
 7 FCPATH/index.php(71): CodeIgniter\CodeIgniter->run()
CRITICAL - 2023-05-19 11:14:03 --> Invalid file: template/bank-pro/assets.php
in SYSTEMPATH/Exceptions/FrameworkException.php on line 33.
 1 SYSTEMPATH/View/View.php(201): CodeIgniter\Exceptions\FrameworkException::forInvalidFile('template/bank-pro/assets.php')
 2 SYSTEMPATH/Common.php(1142): CodeIgniter\View\View->render('template/bank-pro/assets', [], true)
 3 APPPATH/Controllers/Pages.php(40): view('template/bank-pro/assets', [...])
 4 SYSTEMPATH/CodeIgniter.php(907): App\Controllers\Pages->view('FCPATH/assets', 'vendor', 'particles.js', 'particles.js')
 5 SYSTEMPATH/CodeIgniter.php(457): CodeIgniter\CodeIgniter->runController(Object(App\Controllers\Pages))
 6 SYSTEMPATH/CodeIgniter.php(340): CodeIgniter\CodeIgniter->handleRequest(null, Object(Config\Cache), false)
 7 FCPATH/index.php(71): CodeIgniter\CodeIgniter->run()
CRITICAL - 2023-05-19 12:04:46 --> Invalid file: template/bank-pro/checking-accounts.php
in SYSTEMPATH/Exceptions/FrameworkException.php on line 33.
 1 SYSTEMPATH/View/View.php(201): CodeIgniter\Exceptions\FrameworkException::forInvalidFile('template/bank-pro/checking-accounts.php')
 2 SYSTEMPATH/Common.php(1142): CodeIgniter\View\View->render('template/bank-pro/checking-accounts', [], true)
 3 APPPATH/Controllers/Pages.php(40): view('template/bank-pro/checking-accounts', [...])
 4 SYSTEMPATH/CodeIgniter.php(907): App\Controllers\Pages->view('checking-accounts')
 5 SYSTEMPATH/CodeIgniter.php(457): CodeIgniter\CodeIgniter->runController(Object(App\Controllers\Pages))
 6 SYSTEMPATH/CodeIgniter.php(340): CodeIgniter\CodeIgniter->handleRequest(null, Object(Config\Cache), false)
 7 FCPATH/index.php(71): CodeIgniter\CodeIgniter->run()
CRITICAL - 2023-05-19 16:01:01 --> Invalid file: template/bank-pro/wp-includes.php
in SYSTEMPATH/Exceptions/FrameworkException.php on line 33.
 1 SYSTEMPATH/View/View.php(201): CodeIgniter\Exceptions\FrameworkException::forInvalidFile('template/bank-pro/wp-includes.php')
 2 SYSTEMPATH/Common.php(1142): CodeIgniter\View\View->render('template/bank-pro/wp-includes', [], true)
 3 APPPATH/Controllers/Pages.php(40): view('template/bank-pro/wp-includes', [...])
 4 SYSTEMPATH/CodeIgniter.php(907): App\Controllers\Pages->view('wp-includes', 'wlwmanifest.xml')
 5 SYSTEMPATH/CodeIgniter.php(457): CodeIgniter\CodeIgniter->runController(Object(App\Controllers\Pages))
 6 SYSTEMPATH/CodeIgniter.php(340): CodeIgniter\CodeIgniter->handleRequest(null, Object(Config\Cache), false)
 7 FCPATH/index.php(71): CodeIgniter\CodeIgniter->run()
CRITICAL - 2023-05-19 16:01:12 --> Invalid file: template/bank-pro/blog.php
in SYSTEMPATH/Exceptions/FrameworkException.php on line 33.
 1 SYSTEMPATH/View/View.php(201): CodeIgniter\Exceptions\FrameworkException::forInvalidFile('template/bank-pro/blog.php')
 2 SYSTEMPATH/Common.php(1142): CodeIgniter\View\View->render('template/bank-pro/blog', [], true)
 3 APPPATH/Controllers/Pages.php(40): view('template/bank-pro/blog', [...])
 4 SYSTEMPATH/CodeIgniter.php(907): App\Controllers\Pages->view('blog', 'wp-includes', 'wlwmanifest.xml')
 5 SYSTEMPATH/CodeIgniter.php(457): CodeIgniter\CodeIgniter->runController(Object(App\Controllers\Pages))
 6 SYSTEMPATH/CodeIgniter.php(340): CodeIgniter\CodeIgniter->handleRequest(null, Object(Config\Cache), false)
 7 FCPATH/index.php(71): CodeIgniter\CodeIgniter->run()
CRITICAL - 2023-05-19 16:01:14 --> Invalid file: template/bank-pro/web.php
in SYSTEMPATH/Exceptions/FrameworkException.php on line 33.
 1 SYSTEMPATH/View/View.php(201): CodeIgniter\Exceptions\FrameworkException::forInvalidFile('template/bank-pro/web.php')
 2 SYSTEMPATH/Common.php(1142): CodeIgniter\View\View->render('template/bank-pro/web', [], true)
 3 APPPATH/Controllers/Pages.php(40): view('template/bank-pro/web', [...])
 4 SYSTEMPATH/CodeIgniter.php(907): App\Controllers\Pages->view('web', 'wp-includes', 'wlwmanifest.xml')
 5 SYSTEMPATH/CodeIgniter.php(457): CodeIgniter\CodeIgniter->runController(Object(App\Controllers\Pages))
 6 SYSTEMPATH/CodeIgniter.php(340): CodeIgniter\CodeIgniter->handleRequest(null, Object(Config\Cache), false)
 7 FCPATH/index.php(71): CodeIgniter\CodeIgniter->run()
CRITICAL - 2023-05-19 16:01:14 --> Invalid file: template/bank-pro/wordpress.php
in SYSTEMPATH/Exceptions/FrameworkException.php on line 33.
 1 SYSTEMPATH/View/View.php(201): CodeIgniter\Exceptions\FrameworkException::forInvalidFile('template/bank-pro/wordpress.php')
 2 SYSTEMPATH/Common.php(1142): CodeIgniter\View\View->render('template/bank-pro/wordpress', [], true)
 3 APPPATH/Controllers/Pages.php(40): view('template/bank-pro/wordpress', [...])
 4 SYSTEMPATH/CodeIgniter.php(907): App\Controllers\Pages->view('wordpress', 'wp-includes', 'wlwmanifest.xml')
 5 SYSTEMPATH/CodeIgniter.php(457): CodeIgniter\CodeIgniter->runController(Object(App\Controllers\Pages))
 6 SYSTEMPATH/CodeIgniter.php(340): CodeIgniter\CodeIgniter->handleRequest(null, Object(Config\Cache), false)
 7 FCPATH/index.php(71): CodeIgniter\CodeIgniter->run()
CRITICAL - 2023-05-19 16:01:14 --> Invalid file: template/bank-pro/website.php
in SYSTEMPATH/Exceptions/FrameworkException.php on line 33.
 1 SYSTEMPATH/View/View.php(201): CodeIgniter\Exceptions\FrameworkException::forInvalidFile('template/bank-pro/website.php')
 2 SYSTEMPATH/Common.php(1142): CodeIgniter\View\View->render('template/bank-pro/website', [], true)
 3 APPPATH/Controllers/Pages.php(40): view('template/bank-pro/website', [...])
 4 SYSTEMPATH/CodeIgniter.php(907): App\Controllers\Pages->view('website', 'wp-includes', 'wlwmanifest.xml')
 5 SYSTEMPATH/CodeIgniter.php(457): CodeIgniter\CodeIgniter->runController(Object(App\Controllers\Pages))
 6 SYSTEMPATH/CodeIgniter.php(340): CodeIgniter\CodeIgniter->handleRequest(null, Object(Config\Cache), false)
 7 FCPATH/index.php(71): CodeIgniter\CodeIgniter->run()
CRITICAL - 2023-05-19 16:01:14 --> Invalid file: template/bank-pro/wp.php
in SYSTEMPATH/Exceptions/FrameworkException.php on line 33.
 1 SYSTEMPATH/View/View.php(201): CodeIgniter\Exceptions\FrameworkException::forInvalidFile('template/bank-pro/wp.php')
 2 SYSTEMPATH/Common.php(1142): CodeIgniter\View\View->render('template/bank-pro/wp', [], true)
 3 APPPATH/Controllers/Pages.php(40): view('template/bank-pro/wp', [...])
 4 SYSTEMPATH/CodeIgniter.php(907): App\Controllers\Pages->view('wp', 'wp-includes', 'wlwmanifest.xml')
 5 SYSTEMPATH/CodeIgniter.php(457): CodeIgniter\CodeIgniter->runController(Object(App\Controllers\Pages))
 6 SYSTEMPATH/CodeIgniter.php(340): CodeIgniter\CodeIgniter->handleRequest(null, Object(Config\Cache), false)
 7 FCPATH/index.php(71): CodeIgniter\CodeIgniter->run()
CRITICAL - 2023-05-19 16:01:17 --> Invalid file: template/bank-pro/2020.php
in SYSTEMPATH/Exceptions/FrameworkException.php on line 33.
 1 SYSTEMPATH/View/View.php(201): CodeIgniter\Exceptions\FrameworkException::forInvalidFile('template/bank-pro/2020.php')
 2 SYSTEMPATH/Common.php(1142): CodeIgniter\View\View->render('template/bank-pro/2020', [], true)
 3 APPPATH/Controllers/Pages.php(40): view('template/bank-pro/2020', [...])
 4 SYSTEMPATH/CodeIgniter.php(907): App\Controllers\Pages->view('2020', 'wp-includes', 'wlwmanifest.xml')
 5 SYSTEMPATH/CodeIgniter.php(457): CodeIgniter\CodeIgniter->runController(Object(App\Controllers\Pages))
 6 SYSTEMPATH/CodeIgniter.php(340): CodeIgniter\CodeIgniter->handleRequest(null, Object(Config\Cache), false)
 7 FCPATH/index.php(71): CodeIgniter\CodeIgniter->run()
CRITICAL - 2023-05-19 16:01:18 --> Invalid file: template/bank-pro/2019.php
in SYSTEMPATH/Exceptions/FrameworkException.php on line 33.
 1 SYSTEMPATH/View/View.php(201): CodeIgniter\Exceptions\FrameworkException::forInvalidFile('template/bank-pro/2019.php')
 2 SYSTEMPATH/Common.php(1142): CodeIgniter\View\View->render('template/bank-pro/2019', [], true)
 3 APPPATH/Controllers/Pages.php(40): view('template/bank-pro/2019', [...])
 4 SYSTEMPATH/CodeIgniter.php(907): App\Controllers\Pages->view('2019', 'wp-includes', 'wlwmanifest.xml')
 5 SYSTEMPATH/CodeIgniter.php(457): CodeIgniter\CodeIgniter->runController(Object(App\Controllers\Pages))
 6 SYSTEMPATH/CodeIgniter.php(340): CodeIgniter\CodeIgniter->handleRequest(null, Object(Config\Cache), false)
 7 FCPATH/index.php(71): CodeIgniter\CodeIgniter->run()
CRITICAL - 2023-05-19 16:01:18 --> Invalid file: template/bank-pro/shop.php
in SYSTEMPATH/Exceptions/FrameworkException.php on line 33.
 1 SYSTEMPATH/View/View.php(201): CodeIgniter\Exceptions\FrameworkException::forInvalidFile('template/bank-pro/shop.php')
 2 SYSTEMPATH/Common.php(1142): CodeIgniter\View\View->render('template/bank-pro/shop', [], true)
 3 APPPATH/Controllers/Pages.php(40): view('template/bank-pro/shop', [...])
 4 SYSTEMPATH/CodeIgniter.php(907): App\Controllers\Pages->view('shop', 'wp-includes', 'wlwmanifest.xml')
 5 SYSTEMPATH/CodeIgniter.php(457): CodeIgniter\CodeIgniter->runController(Object(App\Controllers\Pages))
 6 SYSTEMPATH/CodeIgniter.php(340): CodeIgniter\CodeIgniter->handleRequest(null, Object(Config\Cache), false)
 7 FCPATH/index.php(71): CodeIgniter\CodeIgniter->run()
CRITICAL - 2023-05-19 16:01:18 --> Invalid file: template/bank-pro/wp1.php
in SYSTEMPATH/Exceptions/FrameworkException.php on line 33.
 1 SYSTEMPATH/View/View.php(201): CodeIgniter\Exceptions\FrameworkException::forInvalidFile('template/bank-pro/wp1.php')
 2 SYSTEMPATH/Common.php(1142): CodeIgniter\View\View->render('template/bank-pro/wp1', [], true)
 3 APPPATH/Controllers/Pages.php(40): view('template/bank-pro/wp1', [...])
 4 SYSTEMPATH/CodeIgniter.php(907): App\Controllers\Pages->view('wp1', 'wp-includes', 'wlwmanifest.xml')
 5 SYSTEMPATH/CodeIgniter.php(457): CodeIgniter\CodeIgniter->runController(Object(App\Controllers\Pages))
 6 SYSTEMPATH/CodeIgniter.php(340): CodeIgniter\CodeIgniter->handleRequest(null, Object(Config\Cache), false)
 7 FCPATH/index.php(71): CodeIgniter\CodeIgniter->run()
CRITICAL - 2023-05-19 16:01:18 --> Invalid file: template/bank-pro/test.php
in SYSTEMPATH/Exceptions/FrameworkException.php on line 33.
 1 SYSTEMPATH/View/View.php(201): CodeIgniter\Exceptions\FrameworkException::forInvalidFile('template/bank-pro/test.php')
 2 SYSTEMPATH/Common.php(1142): CodeIgniter\View\View->render('template/bank-pro/test', [], true)
 3 APPPATH/Controllers/Pages.php(40): view('template/bank-pro/test', [...])
 4 SYSTEMPATH/CodeIgniter.php(907): App\Controllers\Pages->view('test', 'wp-includes', 'wlwmanifest.xml')
 5 SYSTEMPATH/CodeIgniter.php(457): CodeIgniter\CodeIgniter->runController(Object(App\Controllers\Pages))
 6 SYSTEMPATH/CodeIgniter.php(340): CodeIgniter\CodeIgniter->handleRequest(null, Object(Config\Cache), false)
 7 FCPATH/index.php(71): CodeIgniter\CodeIgniter->run()
CRITICAL - 2023-05-19 16:01:19 --> Invalid file: template/bank-pro/wp2.php
in SYSTEMPATH/Exceptions/FrameworkException.php on line 33.
 1 SYSTEMPATH/View/View.php(201): CodeIgniter\Exceptions\FrameworkException::forInvalidFile('template/bank-pro/wp2.php')
 2 SYSTEMPATH/Common.php(1142): CodeIgniter\View\View->render('template/bank-pro/wp2', [], true)
 3 APPPATH/Controllers/Pages.php(40): view('template/bank-pro/wp2', [...])
 4 SYSTEMPATH/CodeIgniter.php(907): App\Controllers\Pages->view('wp2', 'wp-includes', 'wlwmanifest.xml')
 5 SYSTEMPATH/CodeIgniter.php(457): CodeIgniter\CodeIgniter->runController(Object(App\Controllers\Pages))
 6 SYSTEMPATH/CodeIgniter.php(340): CodeIgniter\CodeIgniter->handleRequest(null, Object(Config\Cache), false)
 7 FCPATH/index.php(71): CodeIgniter\CodeIgniter->run()
CRITICAL - 2023-05-19 16:01:19 --> Invalid file: template/bank-pro/site.php
in SYSTEMPATH/Exceptions/FrameworkException.php on line 33.
 1 SYSTEMPATH/View/View.php(201): CodeIgniter\Exceptions\FrameworkException::forInvalidFile('template/bank-pro/site.php')
 2 SYSTEMPATH/Common.php(1142): CodeIgniter\View\View->render('template/bank-pro/site', [], true)
 3 APPPATH/Controllers/Pages.php(40): view('template/bank-pro/site', [...])
 4 SYSTEMPATH/CodeIgniter.php(907): App\Controllers\Pages->view('site', 'wp-includes', 'wlwmanifest.xml')
 5 SYSTEMPATH/CodeIgniter.php(457): CodeIgniter\CodeIgniter->runController(Object(App\Controllers\Pages))
 6 SYSTEMPATH/CodeIgniter.php(340): CodeIgniter\CodeIgniter->handleRequest(null, Object(Config\Cache), false)
 7 FCPATH/index.php(71): CodeIgniter\CodeIgniter->run()
CRITICAL - 2023-05-19 16:01:19 --> Invalid file: template/bank-pro/cms.php
in SYSTEMPATH/Exceptions/FrameworkException.php on line 33.
 1 SYSTEMPATH/View/View.php(201): CodeIgniter\Exceptions\FrameworkException::forInvalidFile('template/bank-pro/cms.php')
 2 SYSTEMPATH/Common.php(1142): CodeIgniter\View\View->render('template/bank-pro/cms', [], true)
 3 APPPATH/Controllers/Pages.php(40): view('template/bank-pro/cms', [...])
 4 SYSTEMPATH/CodeIgniter.php(907): App\Controllers\Pages->view('cms', 'wp-includes', 'wlwmanifest.xml')
 5 SYSTEMPATH/CodeIgniter.php(457): CodeIgniter\CodeIgniter->runController(Object(App\Controllers\Pages))
 6 SYSTEMPATH/CodeIgniter.php(340): CodeIgniter\CodeIgniter->handleRequest(null, Object(Config\Cache), false)
 7 FCPATH/index.php(71): CodeIgniter\CodeIgniter->run()
CRITICAL - 2023-05-19 16:01:19 --> Invalid file: template/bank-pro/sito.php
in SYSTEMPATH/Exceptions/FrameworkException.php on line 33.
 1 SYSTEMPATH/View/View.php(201): CodeIgniter\Exceptions\FrameworkException::forInvalidFile('template/bank-pro/sito.php')
 2 SYSTEMPATH/Common.php(1142): CodeIgniter\View\View->render('template/bank-pro/sito', [], true)
 3 APPPATH/Controllers/Pages.php(40): view('template/bank-pro/sito', [...])
 4 SYSTEMPATH/CodeIgniter.php(907): App\Controllers\Pages->view('sito', 'wp-includes', 'wlwmanifest.xml')
 5 SYSTEMPATH/CodeIgniter.php(457): CodeIgniter\CodeIgniter->runController(Object(App\Controllers\Pages))
 6 SYSTEMPATH/CodeIgniter.php(340): CodeIgniter\CodeIgniter->handleRequest(null, Object(Config\Cache), false)
 7 FCPATH/index.php(71): CodeIgniter\CodeIgniter->run()
CRITICAL - 2023-05-19 16:23:20 --> Invalid file: template/bank-pro/wp-includes.php
in SYSTEMPATH/Exceptions/FrameworkException.php on line 33.
 1 SYSTEMPATH/View/View.php(201): CodeIgniter\Exceptions\FrameworkException::forInvalidFile('template/bank-pro/wp-includes.php')
 2 SYSTEMPATH/Common.php(1142): CodeIgniter\View\View->render('template/bank-pro/wp-includes', [], true)
 3 APPPATH/Controllers/Pages.php(40): view('template/bank-pro/wp-includes', [...])
 4 SYSTEMPATH/CodeIgniter.php(907): App\Controllers\Pages->view('wp-includes', 'wlwmanifest.xml')
 5 SYSTEMPATH/CodeIgniter.php(457): CodeIgniter\CodeIgniter->runController(Object(App\Controllers\Pages))
 6 SYSTEMPATH/CodeIgniter.php(340): CodeIgniter\CodeIgniter->handleRequest(null, Object(Config\Cache), false)
 7 FCPATH/index.php(71): CodeIgniter\CodeIgniter->run()
CRITICAL - 2023-05-19 16:23:23 --> Invalid file: template/bank-pro/blog.php
in SYSTEMPATH/Exceptions/FrameworkException.php on line 33.
 1 SYSTEMPATH/View/View.php(201): CodeIgniter\Exceptions\FrameworkException::forInvalidFile('template/bank-pro/blog.php')
 2 SYSTEMPATH/Common.php(1142): CodeIgniter\View\View->render('template/bank-pro/blog', [], true)
 3 APPPATH/Controllers/Pages.php(40): view('template/bank-pro/blog', [...])
 4 SYSTEMPATH/CodeIgniter.php(907): App\Controllers\Pages->view('blog', 'wp-includes', 'wlwmanifest.xml')
 5 SYSTEMPATH/CodeIgniter.php(457): CodeIgniter\CodeIgniter->runController(Object(App\Controllers\Pages))
 6 SYSTEMPATH/CodeIgniter.php(340): CodeIgniter\CodeIgniter->handleRequest(null, Object(Config\Cache), false)
 7 FCPATH/index.php(71): CodeIgniter\CodeIgniter->run()
CRITICAL - 2023-05-19 16:23:24 --> Invalid file: template/bank-pro/web.php
in SYSTEMPATH/Exceptions/FrameworkException.php on line 33.
 1 SYSTEMPATH/View/View.php(201): CodeIgniter\Exceptions\FrameworkException::forInvalidFile('template/bank-pro/web.php')
 2 SYSTEMPATH/Common.php(1142): CodeIgniter\View\View->render('template/bank-pro/web', [], true)
 3 APPPATH/Controllers/Pages.php(40): view('template/bank-pro/web', [...])
 4 SYSTEMPATH/CodeIgniter.php(907): App\Controllers\Pages->view('web', 'wp-includes', 'wlwmanifest.xml')
 5 SYSTEMPATH/CodeIgniter.php(457): CodeIgniter\CodeIgniter->runController(Object(App\Controllers\Pages))
 6 SYSTEMPATH/CodeIgniter.php(340): CodeIgniter\CodeIgniter->handleRequest(null, Object(Config\Cache), false)
 7 FCPATH/index.php(71): CodeIgniter\CodeIgniter->run()
CRITICAL - 2023-05-19 16:23:24 --> Invalid file: template/bank-pro/wordpress.php
in SYSTEMPATH/Exceptions/FrameworkException.php on line 33.
 1 SYSTEMPATH/View/View.php(201): CodeIgniter\Exceptions\FrameworkException::forInvalidFile('template/bank-pro/wordpress.php')
 2 SYSTEMPATH/Common.php(1142): CodeIgniter\View\View->render('template/bank-pro/wordpress', [], true)
 3 APPPATH/Controllers/Pages.php(40): view('template/bank-pro/wordpress', [...])
 4 SYSTEMPATH/CodeIgniter.php(907): App\Controllers\Pages->view('wordpress', 'wp-includes', 'wlwmanifest.xml')
 5 SYSTEMPATH/CodeIgniter.php(457): CodeIgniter\CodeIgniter->runController(Object(App\Controllers\Pages))
 6 SYSTEMPATH/CodeIgniter.php(340): CodeIgniter\CodeIgniter->handleRequest(null, Object(Config\Cache), false)
 7 FCPATH/index.php(71): CodeIgniter\CodeIgniter->run()
CRITICAL - 2023-05-19 16:23:25 --> Invalid file: template/bank-pro/website.php
in SYSTEMPATH/Exceptions/FrameworkException.php on line 33.
 1 SYSTEMPATH/View/View.php(201): CodeIgniter\Exceptions\FrameworkException::forInvalidFile('template/bank-pro/website.php')
 2 SYSTEMPATH/Common.php(1142): CodeIgniter\View\View->render('template/bank-pro/website', [], true)
 3 APPPATH/Controllers/Pages.php(40): view('template/bank-pro/website', [...])
 4 SYSTEMPATH/CodeIgniter.php(907): App\Controllers\Pages->view('website', 'wp-includes', 'wlwmanifest.xml')
 5 SYSTEMPATH/CodeIgniter.php(457): CodeIgniter\CodeIgniter->runController(Object(App\Controllers\Pages))
 6 SYSTEMPATH/CodeIgniter.php(340): CodeIgniter\CodeIgniter->handleRequest(null, Object(Config\Cache), false)
 7 FCPATH/index.php(71): CodeIgniter\CodeIgniter->run()
CRITICAL - 2023-05-19 16:23:25 --> Invalid file: template/bank-pro/wp.php
in SYSTEMPATH/Exceptions/FrameworkException.php on line 33.
 1 SYSTEMPATH/View/View.php(201): CodeIgniter\Exceptions\FrameworkException::forInvalidFile('template/bank-pro/wp.php')
 2 SYSTEMPATH/Common.php(1142): CodeIgniter\View\View->render('template/bank-pro/wp', [], true)
 3 APPPATH/Controllers/Pages.php(40): view('template/bank-pro/wp', [...])
 4 SYSTEMPATH/CodeIgniter.php(907): App\Controllers\Pages->view('wp', 'wp-includes', 'wlwmanifest.xml')
 5 SYSTEMPATH/CodeIgniter.php(457): CodeIgniter\CodeIgniter->runController(Object(App\Controllers\Pages))
 6 SYSTEMPATH/CodeIgniter.php(340): CodeIgniter\CodeIgniter->handleRequest(null, Object(Config\Cache), false)
 7 FCPATH/index.php(71): CodeIgniter\CodeIgniter->run()
CRITICAL - 2023-05-19 16:23:26 --> Invalid file: template/bank-pro/2020.php
in SYSTEMPATH/Exceptions/FrameworkException.php on line 33.
 1 SYSTEMPATH/View/View.php(201): CodeIgniter\Exceptions\FrameworkException::forInvalidFile('template/bank-pro/2020.php')
 2 SYSTEMPATH/Common.php(1142): CodeIgniter\View\View->render('template/bank-pro/2020', [], true)
 3 APPPATH/Controllers/Pages.php(40): view('template/bank-pro/2020', [...])
 4 SYSTEMPATH/CodeIgniter.php(907): App\Controllers\Pages->view('2020', 'wp-includes', 'wlwmanifest.xml')
 5 SYSTEMPATH/CodeIgniter.php(457): CodeIgniter\CodeIgniter->runController(Object(App\Controllers\Pages))
 6 SYSTEMPATH/CodeIgniter.php(340): CodeIgniter\CodeIgniter->handleRequest(null, Object(Config\Cache), false)
 7 FCPATH/index.php(71): CodeIgniter\CodeIgniter->run()
CRITICAL - 2023-05-19 16:23:26 --> Invalid file: template/bank-pro/2019.php
in SYSTEMPATH/Exceptions/FrameworkException.php on line 33.
 1 SYSTEMPATH/View/View.php(201): CodeIgniter\Exceptions\FrameworkException::forInvalidFile('template/bank-pro/2019.php')
 2 SYSTEMPATH/Common.php(1142): CodeIgniter\View\View->render('template/bank-pro/2019', [], true)
 3 APPPATH/Controllers/Pages.php(40): view('template/bank-pro/2019', [...])
 4 SYSTEMPATH/CodeIgniter.php(907): App\Controllers\Pages->view('2019', 'wp-includes', 'wlwmanifest.xml')
 5 SYSTEMPATH/CodeIgniter.php(457): CodeIgniter\CodeIgniter->runController(Object(App\Controllers\Pages))
 6 SYSTEMPATH/CodeIgniter.php(340): CodeIgniter\CodeIgniter->handleRequest(null, Object(Config\Cache), false)
 7 FCPATH/index.php(71): CodeIgniter\CodeIgniter->run()
CRITICAL - 2023-05-19 16:23:27 --> Invalid file: template/bank-pro/shop.php
in SYSTEMPATH/Exceptions/FrameworkException.php on line 33.
 1 SYSTEMPATH/View/View.php(201): CodeIgniter\Exceptions\FrameworkException::forInvalidFile('template/bank-pro/shop.php')
 2 SYSTEMPATH/Common.php(1142): CodeIgniter\View\View->render('template/bank-pro/shop', [], true)
 3 APPPATH/Controllers/Pages.php(40): view('template/bank-pro/shop', [...])
 4 SYSTEMPATH/CodeIgniter.php(907): App\Controllers\Pages->view('shop', 'wp-includes', 'wlwmanifest.xml')
 5 SYSTEMPATH/CodeIgniter.php(457): CodeIgniter\CodeIgniter->runController(Object(App\Controllers\Pages))
 6 SYSTEMPATH/CodeIgniter.php(340): CodeIgniter\CodeIgniter->handleRequest(null, Object(Config\Cache), false)
 7 FCPATH/index.php(71): CodeIgniter\CodeIgniter->run()
CRITICAL - 2023-05-19 16:23:27 --> Invalid file: template/bank-pro/wp1.php
in SYSTEMPATH/Exceptions/FrameworkException.php on line 33.
 1 SYSTEMPATH/View/View.php(201): CodeIgniter\Exceptions\FrameworkException::forInvalidFile('template/bank-pro/wp1.php')
 2 SYSTEMPATH/Common.php(1142): CodeIgniter\View\View->render('template/bank-pro/wp1', [], true)
 3 APPPATH/Controllers/Pages.php(40): view('template/bank-pro/wp1', [...])
 4 SYSTEMPATH/CodeIgniter.php(907): App\Controllers\Pages->view('wp1', 'wp-includes', 'wlwmanifest.xml')
 5 SYSTEMPATH/CodeIgniter.php(457): CodeIgniter\CodeIgniter->runController(Object(App\Controllers\Pages))
 6 SYSTEMPATH/CodeIgniter.php(340): CodeIgniter\CodeIgniter->handleRequest(null, Object(Config\Cache), false)
 7 FCPATH/index.php(71): CodeIgniter\CodeIgniter->run()
CRITICAL - 2023-05-19 16:23:27 --> Invalid file: template/bank-pro/test.php
in SYSTEMPATH/Exceptions/FrameworkException.php on line 33.
 1 SYSTEMPATH/View/View.php(201): CodeIgniter\Exceptions\FrameworkException::forInvalidFile('template/bank-pro/test.php')
 2 SYSTEMPATH/Common.php(1142): CodeIgniter\View\View->render('template/bank-pro/test', [], true)
 3 APPPATH/Controllers/Pages.php(40): view('template/bank-pro/test', [...])
 4 SYSTEMPATH/CodeIgniter.php(907): App\Controllers\Pages->view('test', 'wp-includes', 'wlwmanifest.xml')
 5 SYSTEMPATH/CodeIgniter.php(457): CodeIgniter\CodeIgniter->runController(Object(App\Controllers\Pages))
 6 SYSTEMPATH/CodeIgniter.php(340): CodeIgniter\CodeIgniter->handleRequest(null, Object(Config\Cache), false)
 7 FCPATH/index.php(71): CodeIgniter\CodeIgniter->run()
CRITICAL - 2023-05-19 16:23:28 --> Invalid file: template/bank-pro/wp2.php
in SYSTEMPATH/Exceptions/FrameworkException.php on line 33.
 1 SYSTEMPATH/View/View.php(201): CodeIgniter\Exceptions\FrameworkException::forInvalidFile('template/bank-pro/wp2.php')
 2 SYSTEMPATH/Common.php(1142): CodeIgniter\View\View->render('template/bank-pro/wp2', [], true)
 3 APPPATH/Controllers/Pages.php(40): view('template/bank-pro/wp2', [...])
 4 SYSTEMPATH/CodeIgniter.php(907): App\Controllers\Pages->view('wp2', 'wp-includes', 'wlwmanifest.xml')
 5 SYSTEMPATH/CodeIgniter.php(457): CodeIgniter\CodeIgniter->runController(Object(App\Controllers\Pages))
 6 SYSTEMPATH/CodeIgniter.php(340): CodeIgniter\CodeIgniter->handleRequest(null, Object(Config\Cache), false)
 7 FCPATH/index.php(71): CodeIgniter\CodeIgniter->run()
CRITICAL - 2023-05-19 16:23:28 --> Invalid file: template/bank-pro/site.php
in SYSTEMPATH/Exceptions/FrameworkException.php on line 33.
 1 SYSTEMPATH/View/View.php(201): CodeIgniter\Exceptions\FrameworkException::forInvalidFile('template/bank-pro/site.php')
 2 SYSTEMPATH/Common.php(1142): CodeIgniter\View\View->render('template/bank-pro/site', [], true)
 3 APPPATH/Controllers/Pages.php(40): view('template/bank-pro/site', [...])
 4 SYSTEMPATH/CodeIgniter.php(907): App\Controllers\Pages->view('site', 'wp-includes', 'wlwmanifest.xml')
 5 SYSTEMPATH/CodeIgniter.php(457): CodeIgniter\CodeIgniter->runController(Object(App\Controllers\Pages))
 6 SYSTEMPATH/CodeIgniter.php(340): CodeIgniter\CodeIgniter->handleRequest(null, Object(Config\Cache), false)
 7 FCPATH/index.php(71): CodeIgniter\CodeIgniter->run()
CRITICAL - 2023-05-19 16:23:28 --> Invalid file: template/bank-pro/cms.php
in SYSTEMPATH/Exceptions/FrameworkException.php on line 33.
 1 SYSTEMPATH/View/View.php(201): CodeIgniter\Exceptions\FrameworkException::forInvalidFile('template/bank-pro/cms.php')
 2 SYSTEMPATH/Common.php(1142): CodeIgniter\View\View->render('template/bank-pro/cms', [], true)
 3 APPPATH/Controllers/Pages.php(40): view('template/bank-pro/cms', [...])
 4 SYSTEMPATH/CodeIgniter.php(907): App\Controllers\Pages->view('cms', 'wp-includes', 'wlwmanifest.xml')
 5 SYSTEMPATH/CodeIgniter.php(457): CodeIgniter\CodeIgniter->runController(Object(App\Controllers\Pages))
 6 SYSTEMPATH/CodeIgniter.php(340): CodeIgniter\CodeIgniter->handleRequest(null, Object(Config\Cache), false)
 7 FCPATH/index.php(71): CodeIgniter\CodeIgniter->run()
CRITICAL - 2023-05-19 16:23:29 --> Invalid file: template/bank-pro/sito.php
in SYSTEMPATH/Exceptions/FrameworkException.php on line 33.
 1 SYSTEMPATH/View/View.php(201): CodeIgniter\Exceptions\FrameworkException::forInvalidFile('template/bank-pro/sito.php')
 2 SYSTEMPATH/Common.php(1142): CodeIgniter\View\View->render('template/bank-pro/sito', [], true)
 3 APPPATH/Controllers/Pages.php(40): view('template/bank-pro/sito', [...])
 4 SYSTEMPATH/CodeIgniter.php(907): App\Controllers\Pages->view('sito', 'wp-includes', 'wlwmanifest.xml')
 5 SYSTEMPATH/CodeIgniter.php(457): CodeIgniter\CodeIgniter->runController(Object(App\Controllers\Pages))
 6 SYSTEMPATH/CodeIgniter.php(340): CodeIgniter\CodeIgniter->handleRequest(null, Object(Config\Cache), false)
 7 FCPATH/index.php(71): CodeIgniter\CodeIgniter->run()
CRITICAL - 2023-05-19 16:42:47 --> Invalid file: template/bank-pro/wp-includes.php
in SYSTEMPATH/Exceptions/FrameworkException.php on line 33.
 1 SYSTEMPATH/View/View.php(201): CodeIgniter\Exceptions\FrameworkException::forInvalidFile('template/bank-pro/wp-includes.php')
 2 SYSTEMPATH/Common.php(1142): CodeIgniter\View\View->render('template/bank-pro/wp-includes', [], true)
 3 APPPATH/Controllers/Pages.php(40): view('template/bank-pro/wp-includes', [...])
 4 SYSTEMPATH/CodeIgniter.php(907): App\Controllers\Pages->view('wp-includes', 'wlwmanifest.xml')
 5 SYSTEMPATH/CodeIgniter.php(457): CodeIgniter\CodeIgniter->runController(Object(App\Controllers\Pages))
 6 SYSTEMPATH/CodeIgniter.php(340): CodeIgniter\CodeIgniter->handleRequest(null, Object(Config\Cache), false)
 7 FCPATH/index.php(71): CodeIgniter\CodeIgniter->run()
CRITICAL - 2023-05-19 16:44:51 --> Invalid file: template/bank-pro/blog.php
in SYSTEMPATH/Exceptions/FrameworkException.php on line 33.
 1 SYSTEMPATH/View/View.php(201): CodeIgniter\Exceptions\FrameworkException::forInvalidFile('template/bank-pro/blog.php')
 2 SYSTEMPATH/Common.php(1142): CodeIgniter\View\View->render('template/bank-pro/blog', [], true)
 3 APPPATH/Controllers/Pages.php(40): view('template/bank-pro/blog', [...])
 4 SYSTEMPATH/CodeIgniter.php(907): App\Controllers\Pages->view('blog', 'wp-includes', 'wlwmanifest.xml')
 5 SYSTEMPATH/CodeIgniter.php(457): CodeIgniter\CodeIgniter->runController(Object(App\Controllers\Pages))
 6 SYSTEMPATH/CodeIgniter.php(340): CodeIgniter\CodeIgniter->handleRequest(null, Object(Config\Cache), false)
 7 FCPATH/index.php(71): CodeIgniter\CodeIgniter->run()
CRITICAL - 2023-05-19 16:44:52 --> Invalid file: template/bank-pro/web.php
in SYSTEMPATH/Exceptions/FrameworkException.php on line 33.
 1 SYSTEMPATH/View/View.php(201): CodeIgniter\Exceptions\FrameworkException::forInvalidFile('template/bank-pro/web.php')
 2 SYSTEMPATH/Common.php(1142): CodeIgniter\View\View->render('template/bank-pro/web', [], true)
 3 APPPATH/Controllers/Pages.php(40): view('template/bank-pro/web', [...])
 4 SYSTEMPATH/CodeIgniter.php(907): App\Controllers\Pages->view('web', 'wp-includes', 'wlwmanifest.xml')
 5 SYSTEMPATH/CodeIgniter.php(457): CodeIgniter\CodeIgniter->runController(Object(App\Controllers\Pages))
 6 SYSTEMPATH/CodeIgniter.php(340): CodeIgniter\CodeIgniter->handleRequest(null, Object(Config\Cache), false)
 7 FCPATH/index.php(71): CodeIgniter\CodeIgniter->run()
CRITICAL - 2023-05-19 16:44:52 --> Invalid file: template/bank-pro/wordpress.php
in SYSTEMPATH/Exceptions/FrameworkException.php on line 33.
 1 SYSTEMPATH/View/View.php(201): CodeIgniter\Exceptions\FrameworkException::forInvalidFile('template/bank-pro/wordpress.php')
 2 SYSTEMPATH/Common.php(1142): CodeIgniter\View\View->render('template/bank-pro/wordpress', [], true)
 3 APPPATH/Controllers/Pages.php(40): view('template/bank-pro/wordpress', [...])
 4 SYSTEMPATH/CodeIgniter.php(907): App\Controllers\Pages->view('wordpress', 'wp-includes', 'wlwmanifest.xml')
 5 SYSTEMPATH/CodeIgniter.php(457): CodeIgniter\CodeIgniter->runController(Object(App\Controllers\Pages))
 6 SYSTEMPATH/CodeIgniter.php(340): CodeIgniter\CodeIgniter->handleRequest(null, Object(Config\Cache), false)
 7 FCPATH/index.php(71): CodeIgniter\CodeIgniter->run()
CRITICAL - 2023-05-19 16:44:52 --> Invalid file: template/bank-pro/website.php
in SYSTEMPATH/Exceptions/FrameworkException.php on line 33.
 1 SYSTEMPATH/View/View.php(201): CodeIgniter\Exceptions\FrameworkException::forInvalidFile('template/bank-pro/website.php')
 2 SYSTEMPATH/Common.php(1142): CodeIgniter\View\View->render('template/bank-pro/website', [], true)
 3 APPPATH/Controllers/Pages.php(40): view('template/bank-pro/website', [...])
 4 SYSTEMPATH/CodeIgniter.php(907): App\Controllers\Pages->view('website', 'wp-includes', 'wlwmanifest.xml')
 5 SYSTEMPATH/CodeIgniter.php(457): CodeIgniter\CodeIgniter->runController(Object(App\Controllers\Pages))
 6 SYSTEMPATH/CodeIgniter.php(340): CodeIgniter\CodeIgniter->handleRequest(null, Object(Config\Cache), false)
 7 FCPATH/index.php(71): CodeIgniter\CodeIgniter->run()
CRITICAL - 2023-05-19 16:44:52 --> Invalid file: template/bank-pro/wp.php
in SYSTEMPATH/Exceptions/FrameworkException.php on line 33.
 1 SYSTEMPATH/View/View.php(201): CodeIgniter\Exceptions\FrameworkException::forInvalidFile('template/bank-pro/wp.php')
 2 SYSTEMPATH/Common.php(1142): CodeIgniter\View\View->render('template/bank-pro/wp', [], true)
 3 APPPATH/Controllers/Pages.php(40): view('template/bank-pro/wp', [...])
 4 SYSTEMPATH/CodeIgniter.php(907): App\Controllers\Pages->view('wp', 'wp-includes', 'wlwmanifest.xml')
 5 SYSTEMPATH/CodeIgniter.php(457): CodeIgniter\CodeIgniter->runController(Object(App\Controllers\Pages))
 6 SYSTEMPATH/CodeIgniter.php(340): CodeIgniter\CodeIgniter->handleRequest(null, Object(Config\Cache), false)
 7 FCPATH/index.php(71): CodeIgniter\CodeIgniter->run()
CRITICAL - 2023-05-19 16:44:55 --> Invalid file: template/bank-pro/2018.php
in SYSTEMPATH/Exceptions/FrameworkException.php on line 33.
 1 SYSTEMPATH/View/View.php(201): CodeIgniter\Exceptions\FrameworkException::forInvalidFile('template/bank-pro/2018.php')
 2 SYSTEMPATH/Common.php(1142): CodeIgniter\View\View->render('template/bank-pro/2018', [], true)
 3 APPPATH/Controllers/Pages.php(40): view('template/bank-pro/2018', [...])
 4 SYSTEMPATH/CodeIgniter.php(907): App\Controllers\Pages->view('2018', 'wp-includes', 'wlwmanifest.xml')
 5 SYSTEMPATH/CodeIgniter.php(457): CodeIgniter\CodeIgniter->runController(Object(App\Controllers\Pages))
 6 SYSTEMPATH/CodeIgniter.php(340): CodeIgniter\CodeIgniter->handleRequest(null, Object(Config\Cache), false)
 7 FCPATH/index.php(71): CodeIgniter\CodeIgniter->run()
CRITICAL - 2023-05-19 16:44:55 --> Invalid file: template/bank-pro/2019.php
in SYSTEMPATH/Exceptions/FrameworkException.php on line 33.
 1 SYSTEMPATH/View/View.php(201): CodeIgniter\Exceptions\FrameworkException::forInvalidFile('template/bank-pro/2019.php')
 2 SYSTEMPATH/Common.php(1142): CodeIgniter\View\View->render('template/bank-pro/2019', [], true)
 3 APPPATH/Controllers/Pages.php(40): view('template/bank-pro/2019', [...])
 4 SYSTEMPATH/CodeIgniter.php(907): App\Controllers\Pages->view('2019', 'wp-includes', 'wlwmanifest.xml')
 5 SYSTEMPATH/CodeIgniter.php(457): CodeIgniter\CodeIgniter->runController(Object(App\Controllers\Pages))
 6 SYSTEMPATH/CodeIgniter.php(340): CodeIgniter\CodeIgniter->handleRequest(null, Object(Config\Cache), false)
 7 FCPATH/index.php(71): CodeIgniter\CodeIgniter->run()
CRITICAL - 2023-05-19 16:44:55 --> Invalid file: template/bank-pro/shop.php
in SYSTEMPATH/Exceptions/FrameworkException.php on line 33.
 1 SYSTEMPATH/View/View.php(201): CodeIgniter\Exceptions\FrameworkException::forInvalidFile('template/bank-pro/shop.php')
 2 SYSTEMPATH/Common.php(1142): CodeIgniter\View\View->render('template/bank-pro/shop', [], true)
 3 APPPATH/Controllers/Pages.php(40): view('template/bank-pro/shop', [...])
 4 SYSTEMPATH/CodeIgniter.php(907): App\Controllers\Pages->view('shop', 'wp-includes', 'wlwmanifest.xml')
 5 SYSTEMPATH/CodeIgniter.php(457): CodeIgniter\CodeIgniter->runController(Object(App\Controllers\Pages))
 6 SYSTEMPATH/CodeIgniter.php(340): CodeIgniter\CodeIgniter->handleRequest(null, Object(Config\Cache), false)
 7 FCPATH/index.php(71): CodeIgniter\CodeIgniter->run()
CRITICAL - 2023-05-19 16:44:55 --> Invalid file: template/bank-pro/wp1.php
in SYSTEMPATH/Exceptions/FrameworkException.php on line 33.
 1 SYSTEMPATH/View/View.php(201): CodeIgniter\Exceptions\FrameworkException::forInvalidFile('template/bank-pro/wp1.php')
 2 SYSTEMPATH/Common.php(1142): CodeIgniter\View\View->render('template/bank-pro/wp1', [], true)
 3 APPPATH/Controllers/Pages.php(40): view('template/bank-pro/wp1', [...])
 4 SYSTEMPATH/CodeIgniter.php(907): App\Controllers\Pages->view('wp1', 'wp-includes', 'wlwmanifest.xml')
 5 SYSTEMPATH/CodeIgniter.php(457): CodeIgniter\CodeIgniter->runController(Object(App\Controllers\Pages))
 6 SYSTEMPATH/CodeIgniter.php(340): CodeIgniter\CodeIgniter->handleRequest(null, Object(Config\Cache), false)
 7 FCPATH/index.php(71): CodeIgniter\CodeIgniter->run()
CRITICAL - 2023-05-19 16:44:56 --> Invalid file: template/bank-pro/test.php
in SYSTEMPATH/Exceptions/FrameworkException.php on line 33.
 1 SYSTEMPATH/View/View.php(201): CodeIgniter\Exceptions\FrameworkException::forInvalidFile('template/bank-pro/test.php')
 2 SYSTEMPATH/Common.php(1142): CodeIgniter\View\View->render('template/bank-pro/test', [], true)
 3 APPPATH/Controllers/Pages.php(40): view('template/bank-pro/test', [...])
 4 SYSTEMPATH/CodeIgniter.php(907): App\Controllers\Pages->view('test', 'wp-includes', 'wlwmanifest.xml')
 5 SYSTEMPATH/CodeIgniter.php(457): CodeIgniter\CodeIgniter->runController(Object(App\Controllers\Pages))
 6 SYSTEMPATH/CodeIgniter.php(340): CodeIgniter\CodeIgniter->handleRequest(null, Object(Config\Cache), false)
 7 FCPATH/index.php(71): CodeIgniter\CodeIgniter->run()
CRITICAL - 2023-05-19 16:44:56 --> Invalid file: template/bank-pro/media.php
in SYSTEMPATH/Exceptions/FrameworkException.php on line 33.
 1 SYSTEMPATH/View/View.php(201): CodeIgniter\Exceptions\FrameworkException::forInvalidFile('template/bank-pro/media.php')
 2 SYSTEMPATH/Common.php(1142): CodeIgniter\View\View->render('template/bank-pro/media', [], true)
 3 APPPATH/Controllers/Pages.php(40): view('template/bank-pro/media', [...])
 4 SYSTEMPATH/CodeIgniter.php(907): App\Controllers\Pages->view('media', 'wp-includes', 'wlwmanifest.xml')
 5 SYSTEMPATH/CodeIgniter.php(457): CodeIgniter\CodeIgniter->runController(Object(App\Controllers\Pages))
 6 SYSTEMPATH/CodeIgniter.php(340): CodeIgniter\CodeIgniter->handleRequest(null, Object(Config\Cache), false)
 7 FCPATH/index.php(71): CodeIgniter\CodeIgniter->run()
CRITICAL - 2023-05-19 16:44:56 --> Invalid file: template/bank-pro/wp2.php
in SYSTEMPATH/Exceptions/FrameworkException.php on line 33.
 1 SYSTEMPATH/View/View.php(201): CodeIgniter\Exceptions\FrameworkException::forInvalidFile('template/bank-pro/wp2.php')
 2 SYSTEMPATH/Common.php(1142): CodeIgniter\View\View->render('template/bank-pro/wp2', [], true)
 3 APPPATH/Controllers/Pages.php(40): view('template/bank-pro/wp2', [...])
 4 SYSTEMPATH/CodeIgniter.php(907): App\Controllers\Pages->view('wp2', 'wp-includes', 'wlwmanifest.xml')
 5 SYSTEMPATH/CodeIgniter.php(457): CodeIgniter\CodeIgniter->runController(Object(App\Controllers\Pages))
 6 SYSTEMPATH/CodeIgniter.php(340): CodeIgniter\CodeIgniter->handleRequest(null, Object(Config\Cache), false)
 7 FCPATH/index.php(71): CodeIgniter\CodeIgniter->run()
CRITICAL - 2023-05-19 16:44:56 --> Invalid file: template/bank-pro/site.php
in SYSTEMPATH/Exceptions/FrameworkException.php on line 33.
 1 SYSTEMPATH/View/View.php(201): CodeIgniter\Exceptions\FrameworkException::forInvalidFile('template/bank-pro/site.php')
 2 SYSTEMPATH/Common.php(1142): CodeIgniter\View\View->render('template/bank-pro/site', [], true)
 3 APPPATH/Controllers/Pages.php(40): view('template/bank-pro/site', [...])
 4 SYSTEMPATH/CodeIgniter.php(907): App\Controllers\Pages->view('site', 'wp-includes', 'wlwmanifest.xml')
 5 SYSTEMPATH/CodeIgniter.php(457): CodeIgniter\CodeIgniter->runController(Object(App\Controllers\Pages))
 6 SYSTEMPATH/CodeIgniter.php(340): CodeIgniter\CodeIgniter->handleRequest(null, Object(Config\Cache), false)
 7 FCPATH/index.php(71): CodeIgniter\CodeIgniter->run()
CRITICAL - 2023-05-19 16:44:57 --> Invalid file: template/bank-pro/cms.php
in SYSTEMPATH/Exceptions/FrameworkException.php on line 33.
 1 SYSTEMPATH/View/View.php(201): CodeIgniter\Exceptions\FrameworkException::forInvalidFile('template/bank-pro/cms.php')
 2 SYSTEMPATH/Common.php(1142): CodeIgniter\View\View->render('template/bank-pro/cms', [], true)
 3 APPPATH/Controllers/Pages.php(40): view('template/bank-pro/cms', [...])
 4 SYSTEMPATH/CodeIgniter.php(907): App\Controllers\Pages->view('cms', 'wp-includes', 'wlwmanifest.xml')
 5 SYSTEMPATH/CodeIgniter.php(457): CodeIgniter\CodeIgniter->runController(Object(App\Controllers\Pages))
 6 SYSTEMPATH/CodeIgniter.php(340): CodeIgniter\CodeIgniter->handleRequest(null, Object(Config\Cache), false)
 7 FCPATH/index.php(71): CodeIgniter\CodeIgniter->run()
CRITICAL - 2023-05-19 16:44:57 --> Invalid file: template/bank-pro/sito.php
in SYSTEMPATH/Exceptions/FrameworkException.php on line 33.
 1 SYSTEMPATH/View/View.php(201): CodeIgniter\Exceptions\FrameworkException::forInvalidFile('template/bank-pro/sito.php')
 2 SYSTEMPATH/Common.php(1142): CodeIgniter\View\View->render('template/bank-pro/sito', [], true)
 3 APPPATH/Controllers/Pages.php(40): view('template/bank-pro/sito', [...])
 4 SYSTEMPATH/CodeIgniter.php(907): App\Controllers\Pages->view('sito', 'wp-includes', 'wlwmanifest.xml')
 5 SYSTEMPATH/CodeIgniter.php(457): CodeIgniter\CodeIgniter->runController(Object(App\Controllers\Pages))
 6 SYSTEMPATH/CodeIgniter.php(340): CodeIgniter\CodeIgniter->handleRequest(null, Object(Config\Cache), false)
 7 FCPATH/index.php(71): CodeIgniter\CodeIgniter->run()
CRITICAL - 2023-05-19 17:25:14 --> Invalid file: template/bank-pro/sitemap.xml.gz
in SYSTEMPATH/Exceptions/FrameworkException.php on line 33.
 1 SYSTEMPATH/View/View.php(201): CodeIgniter\Exceptions\FrameworkException::forInvalidFile('template/bank-pro/sitemap.xml.gz')
 2 SYSTEMPATH/Common.php(1142): CodeIgniter\View\View->render('template/bank-pro/sitemap.xml.gz', [], true)
 3 APPPATH/Controllers/Pages.php(40): view('template/bank-pro/sitemap.xml.gz', [...])
 4 SYSTEMPATH/CodeIgniter.php(907): App\Controllers\Pages->view('sitemap.xml.gz')
 5 SYSTEMPATH/CodeIgniter.php(457): CodeIgniter\CodeIgniter->runController(Object(App\Controllers\Pages))
 6 SYSTEMPATH/CodeIgniter.php(340): CodeIgniter\CodeIgniter->handleRequest(null, Object(Config\Cache), false)
 7 FCPATH/index.php(71): CodeIgniter\CodeIgniter->run()
CRITICAL - 2023-05-19 18:36:54 --> Invalid file: template/bank-pro/sitemap.xml.gz
in SYSTEMPATH/Exceptions/FrameworkException.php on line 33.
 1 SYSTEMPATH/View/View.php(201): CodeIgniter\Exceptions\FrameworkException::forInvalidFile('template/bank-pro/sitemap.xml.gz')
 2 SYSTEMPATH/Common.php(1142): CodeIgniter\View\View->render('template/bank-pro/sitemap.xml.gz', [], true)
 3 APPPATH/Controllers/Pages.php(40): view('template/bank-pro/sitemap.xml.gz', [...])
 4 SYSTEMPATH/CodeIgniter.php(907): App\Controllers\Pages->view('sitemap.xml.gz')
 5 SYSTEMPATH/CodeIgniter.php(457): CodeIgniter\CodeIgniter->runController(Object(App\Controllers\Pages))
 6 SYSTEMPATH/CodeIgniter.php(340): CodeIgniter\CodeIgniter->handleRequest(null, Object(Config\Cache), false)
 7 FCPATH/index.php(71): CodeIgniter\CodeIgniter->run()
CRITICAL - 2023-05-19 20:02:35 --> Invalid file: template/bank-pro/sitemap.xml
in SYSTEMPATH/Exceptions/FrameworkException.php on line 33.
 1 SYSTEMPATH/View/View.php(201): CodeIgniter\Exceptions\FrameworkException::forInvalidFile('template/bank-pro/sitemap.xml')
 2 SYSTEMPATH/Common.php(1142): CodeIgniter\View\View->render('template/bank-pro/sitemap.xml', [], true)
 3 APPPATH/Controllers/Pages.php(40): view('template/bank-pro/sitemap.xml', [...])
 4 SYSTEMPATH/CodeIgniter.php(907): App\Controllers\Pages->view('sitemap.xml')
 5 SYSTEMPATH/CodeIgniter.php(457): CodeIgniter\CodeIgniter->runController(Object(App\Controllers\Pages))
 6 SYSTEMPATH/CodeIgniter.php(340): CodeIgniter\CodeIgniter->handleRequest(null, Object(Config\Cache), false)
 7 FCPATH/index.php(71): CodeIgniter\CodeIgniter->run()
CRITICAL - 2023-05-19 20:41:52 --> Invalid file: template/bank-pro/sitemap.txt
in SYSTEMPATH/Exceptions/FrameworkException.php on line 33.
 1 SYSTEMPATH/View/View.php(201): CodeIgniter\Exceptions\FrameworkException::forInvalidFile('template/bank-pro/sitemap.txt')
 2 SYSTEMPATH/Common.php(1142): CodeIgniter\View\View->render('template/bank-pro/sitemap.txt', [], true)
 3 APPPATH/Controllers/Pages.php(40): view('template/bank-pro/sitemap.txt', [...])
 4 SYSTEMPATH/CodeIgniter.php(907): App\Controllers\Pages->view('sitemap.txt')
 5 SYSTEMPATH/CodeIgniter.php(457): CodeIgniter\CodeIgniter->runController(Object(App\Controllers\Pages))
 6 SYSTEMPATH/CodeIgniter.php(340): CodeIgniter\CodeIgniter->handleRequest(null, Object(Config\Cache), false)
 7 FCPATH/index.php(71): CodeIgniter\CodeIgniter->run()
CRITICAL - 2023-05-19 20:42:22 --> Invalid file: template/bank-pro/atom.xml
in SYSTEMPATH/Exceptions/FrameworkException.php on line 33.
 1 SYSTEMPATH/View/View.php(201): CodeIgniter\Exceptions\FrameworkException::forInvalidFile('template/bank-pro/atom.xml')
 2 SYSTEMPATH/Common.php(1142): CodeIgniter\View\View->render('template/bank-pro/atom.xml', [], true)
 3 APPPATH/Controllers/Pages.php(40): view('template/bank-pro/atom.xml', [...])
 4 SYSTEMPATH/CodeIgniter.php(907): App\Controllers\Pages->view('atom.xml')
 5 SYSTEMPATH/CodeIgniter.php(457): CodeIgniter\CodeIgniter->runController(Object(App\Controllers\Pages))
 6 SYSTEMPATH/CodeIgniter.php(340): CodeIgniter\CodeIgniter->handleRequest(null, Object(Config\Cache), false)
 7 FCPATH/index.php(71): CodeIgniter\CodeIgniter->run()
CRITICAL - 2023-05-19 20:49:23 --> Invalid file: template/bank-pro/sitemap_index.xml
in SYSTEMPATH/Exceptions/FrameworkException.php on line 33.
 1 SYSTEMPATH/View/View.php(201): CodeIgniter\Exceptions\FrameworkException::forInvalidFile('template/bank-pro/sitemap_index.xml')
 2 SYSTEMPATH/Common.php(1142): CodeIgniter\View\View->render('template/bank-pro/sitemap_index.xml', [], true)
 3 APPPATH/Controllers/Pages.php(40): view('template/bank-pro/sitemap_index.xml', [...])
 4 SYSTEMPATH/CodeIgniter.php(907): App\Controllers\Pages->view('sitemap_index.xml')
 5 SYSTEMPATH/CodeIgniter.php(457): CodeIgniter\CodeIgniter->runController(Object(App\Controllers\Pages))
 6 SYSTEMPATH/CodeIgniter.php(340): CodeIgniter\CodeIgniter->handleRequest(null, Object(Config\Cache), false)
 7 FCPATH/index.php(71): CodeIgniter\CodeIgniter->run()
CRITICAL - 2023-05-19 20:59:34 --> Invalid file: template/bank-pro/sitemaps.xml
in SYSTEMPATH/Exceptions/FrameworkException.php on line 33.
 1 SYSTEMPATH/View/View.php(201): CodeIgniter\Exceptions\FrameworkException::forInvalidFile('template/bank-pro/sitemaps.xml')
 2 SYSTEMPATH/Common.php(1142): CodeIgniter\View\View->render('template/bank-pro/sitemaps.xml', [], true)
 3 APPPATH/Controllers/Pages.php(40): view('template/bank-pro/sitemaps.xml', [...])
 4 SYSTEMPATH/CodeIgniter.php(907): App\Controllers\Pages->view('sitemaps.xml')
 5 SYSTEMPATH/CodeIgniter.php(457): CodeIgniter\CodeIgniter->runController(Object(App\Controllers\Pages))
 6 SYSTEMPATH/CodeIgniter.php(340): CodeIgniter\CodeIgniter->handleRequest(null, Object(Config\Cache), false)
 7 FCPATH/index.php(71): CodeIgniter\CodeIgniter->run()
CRITICAL - 2023-05-19 21:15:25 --> Invalid file: template/bank-pro/sitemaps.xml
in SYSTEMPATH/Exceptions/FrameworkException.php on line 33.
 1 SYSTEMPATH/View/View.php(201): CodeIgniter\Exceptions\FrameworkException::forInvalidFile('template/bank-pro/sitemaps.xml')
 2 SYSTEMPATH/Common.php(1142): CodeIgniter\View\View->render('template/bank-pro/sitemaps.xml', [], true)
 3 APPPATH/Controllers/Pages.php(40): view('template/bank-pro/sitemaps.xml', [...])
 4 SYSTEMPATH/CodeIgniter.php(907): App\Controllers\Pages->view('sitemaps.xml')
 5 SYSTEMPATH/CodeIgniter.php(457): CodeIgniter\CodeIgniter->runController(Object(App\Controllers\Pages))
 6 SYSTEMPATH/CodeIgniter.php(340): CodeIgniter\CodeIgniter->handleRequest(null, Object(Config\Cache), false)
 7 FCPATH/index.php(71): CodeIgniter\CodeIgniter->run()
CRITICAL - 2023-05-19 22:54:59 --> Invalid file: template/bank-pro/wp-includes.php
in SYSTEMPATH/Exceptions/FrameworkException.php on line 33.
 1 SYSTEMPATH/View/View.php(201): CodeIgniter\Exceptions\FrameworkException::forInvalidFile('template/bank-pro/wp-includes.php')
 2 SYSTEMPATH/Common.php(1142): CodeIgniter\View\View->render('template/bank-pro/wp-includes', [], true)
 3 APPPATH/Controllers/Pages.php(40): view('template/bank-pro/wp-includes', [...])
 4 SYSTEMPATH/CodeIgniter.php(907): App\Controllers\Pages->view('wp-includes', 'wlwmanifest.xml')
 5 SYSTEMPATH/CodeIgniter.php(457): CodeIgniter\CodeIgniter->runController(Object(App\Controllers\Pages))
 6 SYSTEMPATH/CodeIgniter.php(340): CodeIgniter\CodeIgniter->handleRequest(null, Object(Config\Cache), false)
 7 FCPATH/index.php(71): CodeIgniter\CodeIgniter->run()
CRITICAL - 2023-05-19 22:55:01 --> Invalid file: template/bank-pro/blog.php
in SYSTEMPATH/Exceptions/FrameworkException.php on line 33.
 1 SYSTEMPATH/View/View.php(201): CodeIgniter\Exceptions\FrameworkException::forInvalidFile('template/bank-pro/blog.php')
 2 SYSTEMPATH/Common.php(1142): CodeIgniter\View\View->render('template/bank-pro/blog', [], true)
 3 APPPATH/Controllers/Pages.php(40): view('template/bank-pro/blog', [...])
 4 SYSTEMPATH/CodeIgniter.php(907): App\Controllers\Pages->view('blog', 'wp-includes', 'wlwmanifest.xml')
 5 SYSTEMPATH/CodeIgniter.php(457): CodeIgniter\CodeIgniter->runController(Object(App\Controllers\Pages))
 6 SYSTEMPATH/CodeIgniter.php(340): CodeIgniter\CodeIgniter->handleRequest(null, Object(Config\Cache), false)
 7 FCPATH/index.php(71): CodeIgniter\CodeIgniter->run()
CRITICAL - 2023-05-19 22:55:01 --> Invalid file: template/bank-pro/web.php
in SYSTEMPATH/Exceptions/FrameworkException.php on line 33.
 1 SYSTEMPATH/View/View.php(201): CodeIgniter\Exceptions\FrameworkException::forInvalidFile('template/bank-pro/web.php')
 2 SYSTEMPATH/Common.php(1142): CodeIgniter\View\View->render('template/bank-pro/web', [], true)
 3 APPPATH/Controllers/Pages.php(40): view('template/bank-pro/web', [...])
 4 SYSTEMPATH/CodeIgniter.php(907): App\Controllers\Pages->view('web', 'wp-includes', 'wlwmanifest.xml')
 5 SYSTEMPATH/CodeIgniter.php(457): CodeIgniter\CodeIgniter->runController(Object(App\Controllers\Pages))
 6 SYSTEMPATH/CodeIgniter.php(340): CodeIgniter\CodeIgniter->handleRequest(null, Object(Config\Cache), false)
 7 FCPATH/index.php(71): CodeIgniter\CodeIgniter->run()
CRITICAL - 2023-05-19 22:55:01 --> Invalid file: template/bank-pro/wordpress.php
in SYSTEMPATH/Exceptions/FrameworkException.php on line 33.
 1 SYSTEMPATH/View/View.php(201): CodeIgniter\Exceptions\FrameworkException::forInvalidFile('template/bank-pro/wordpress.php')
 2 SYSTEMPATH/Common.php(1142): CodeIgniter\View\View->render('template/bank-pro/wordpress', [], true)
 3 APPPATH/Controllers/Pages.php(40): view('template/bank-pro/wordpress', [...])
 4 SYSTEMPATH/CodeIgniter.php(907): App\Controllers\Pages->view('wordpress', 'wp-includes', 'wlwmanifest.xml')
 5 SYSTEMPATH/CodeIgniter.php(457): CodeIgniter\CodeIgniter->runController(Object(App\Controllers\Pages))
 6 SYSTEMPATH/CodeIgniter.php(340): CodeIgniter\CodeIgniter->handleRequest(null, Object(Config\Cache), false)
 7 FCPATH/index.php(71): CodeIgniter\CodeIgniter->run()
CRITICAL - 2023-05-19 22:55:01 --> Invalid file: template/bank-pro/website.php
in SYSTEMPATH/Exceptions/FrameworkException.php on line 33.
 1 SYSTEMPATH/View/View.php(201): CodeIgniter\Exceptions\FrameworkException::forInvalidFile('template/bank-pro/website.php')
 2 SYSTEMPATH/Common.php(1142): CodeIgniter\View\View->render('template/bank-pro/website', [], true)
 3 APPPATH/Controllers/Pages.php(40): view('template/bank-pro/website', [...])
 4 SYSTEMPATH/CodeIgniter.php(907): App\Controllers\Pages->view('website', 'wp-includes', 'wlwmanifest.xml')
 5 SYSTEMPATH/CodeIgniter.php(457): CodeIgniter\CodeIgniter->runController(Object(App\Controllers\Pages))
 6 SYSTEMPATH/CodeIgniter.php(340): CodeIgniter\CodeIgniter->handleRequest(null, Object(Config\Cache), false)
 7 FCPATH/index.php(71): CodeIgniter\CodeIgniter->run()
CRITICAL - 2023-05-19 22:55:02 --> Invalid file: template/bank-pro/wp.php
in SYSTEMPATH/Exceptions/FrameworkException.php on line 33.
 1 SYSTEMPATH/View/View.php(201): CodeIgniter\Exceptions\FrameworkException::forInvalidFile('template/bank-pro/wp.php')
 2 SYSTEMPATH/Common.php(1142): CodeIgniter\View\View->render('template/bank-pro/wp', [], true)
 3 APPPATH/Controllers/Pages.php(40): view('template/bank-pro/wp', [...])
 4 SYSTEMPATH/CodeIgniter.php(907): App\Controllers\Pages->view('wp', 'wp-includes', 'wlwmanifest.xml')
 5 SYSTEMPATH/CodeIgniter.php(457): CodeIgniter\CodeIgniter->runController(Object(App\Controllers\Pages))
 6 SYSTEMPATH/CodeIgniter.php(340): CodeIgniter\CodeIgniter->handleRequest(null, Object(Config\Cache), false)
 7 FCPATH/index.php(71): CodeIgniter\CodeIgniter->run()
CRITICAL - 2023-05-19 22:55:03 --> Invalid file: template/bank-pro/2020.php
in SYSTEMPATH/Exceptions/FrameworkException.php on line 33.
 1 SYSTEMPATH/View/View.php(201): CodeIgniter\Exceptions\FrameworkException::forInvalidFile('template/bank-pro/2020.php')
 2 SYSTEMPATH/Common.php(1142): CodeIgniter\View\View->render('template/bank-pro/2020', [], true)
 3 APPPATH/Controllers/Pages.php(40): view('template/bank-pro/2020', [...])
 4 SYSTEMPATH/CodeIgniter.php(907): App\Controllers\Pages->view('2020', 'wp-includes', 'wlwmanifest.xml')
 5 SYSTEMPATH/CodeIgniter.php(457): CodeIgniter\CodeIgniter->runController(Object(App\Controllers\Pages))
 6 SYSTEMPATH/CodeIgniter.php(340): CodeIgniter\CodeIgniter->handleRequest(null, Object(Config\Cache), false)
 7 FCPATH/index.php(71): CodeIgniter\CodeIgniter->run()
CRITICAL - 2023-05-19 22:55:03 --> Invalid file: template/bank-pro/2019.php
in SYSTEMPATH/Exceptions/FrameworkException.php on line 33.
 1 SYSTEMPATH/View/View.php(201): CodeIgniter\Exceptions\FrameworkException::forInvalidFile('template/bank-pro/2019.php')
 2 SYSTEMPATH/Common.php(1142): CodeIgniter\View\View->render('template/bank-pro/2019', [], true)
 3 APPPATH/Controllers/Pages.php(40): view('template/bank-pro/2019', [...])
 4 SYSTEMPATH/CodeIgniter.php(907): App\Controllers\Pages->view('2019', 'wp-includes', 'wlwmanifest.xml')
 5 SYSTEMPATH/CodeIgniter.php(457): CodeIgniter\CodeIgniter->runController(Object(App\Controllers\Pages))
 6 SYSTEMPATH/CodeIgniter.php(340): CodeIgniter\CodeIgniter->handleRequest(null, Object(Config\Cache), false)
 7 FCPATH/index.php(71): CodeIgniter\CodeIgniter->run()
CRITICAL - 2023-05-19 22:55:03 --> Invalid file: template/bank-pro/shop.php
in SYSTEMPATH/Exceptions/FrameworkException.php on line 33.
 1 SYSTEMPATH/View/View.php(201): CodeIgniter\Exceptions\FrameworkException::forInvalidFile('template/bank-pro/shop.php')
 2 SYSTEMPATH/Common.php(1142): CodeIgniter\View\View->render('template/bank-pro/shop', [], true)
 3 APPPATH/Controllers/Pages.php(40): view('template/bank-pro/shop', [...])
 4 SYSTEMPATH/CodeIgniter.php(907): App\Controllers\Pages->view('shop', 'wp-includes', 'wlwmanifest.xml')
 5 SYSTEMPATH/CodeIgniter.php(457): CodeIgniter\CodeIgniter->runController(Object(App\Controllers\Pages))
 6 SYSTEMPATH/CodeIgniter.php(340): CodeIgniter\CodeIgniter->handleRequest(null, Object(Config\Cache), false)
 7 FCPATH/index.php(71): CodeIgniter\CodeIgniter->run()
CRITICAL - 2023-05-19 22:55:04 --> Invalid file: template/bank-pro/wp1.php
in SYSTEMPATH/Exceptions/FrameworkException.php on line 33.
 1 SYSTEMPATH/View/View.php(201): CodeIgniter\Exceptions\FrameworkException::forInvalidFile('template/bank-pro/wp1.php')
 2 SYSTEMPATH/Common.php(1142): CodeIgniter\View\View->render('template/bank-pro/wp1', [], true)
 3 APPPATH/Controllers/Pages.php(40): view('template/bank-pro/wp1', [...])
 4 SYSTEMPATH/CodeIgniter.php(907): App\Controllers\Pages->view('wp1', 'wp-includes', 'wlwmanifest.xml')
 5 SYSTEMPATH/CodeIgniter.php(457): CodeIgniter\CodeIgniter->runController(Object(App\Controllers\Pages))
 6 SYSTEMPATH/CodeIgniter.php(340): CodeIgniter\CodeIgniter->handleRequest(null, Object(Config\Cache), false)
 7 FCPATH/index.php(71): CodeIgniter\CodeIgniter->run()
CRITICAL - 2023-05-19 22:55:04 --> Invalid file: template/bank-pro/test.php
in SYSTEMPATH/Exceptions/FrameworkException.php on line 33.
 1 SYSTEMPATH/View/View.php(201): CodeIgniter\Exceptions\FrameworkException::forInvalidFile('template/bank-pro/test.php')
 2 SYSTEMPATH/Common.php(1142): CodeIgniter\View\View->render('template/bank-pro/test', [], true)
 3 APPPATH/Controllers/Pages.php(40): view('template/bank-pro/test', [...])
 4 SYSTEMPATH/CodeIgniter.php(907): App\Controllers\Pages->view('test', 'wp-includes', 'wlwmanifest.xml')
 5 SYSTEMPATH/CodeIgniter.php(457): CodeIgniter\CodeIgniter->runController(Object(App\Controllers\Pages))
 6 SYSTEMPATH/CodeIgniter.php(340): CodeIgniter\CodeIgniter->handleRequest(null, Object(Config\Cache), false)
 7 FCPATH/index.php(71): CodeIgniter\CodeIgniter->run()
CRITICAL - 2023-05-19 22:55:04 --> Invalid file: template/bank-pro/wp2.php
in SYSTEMPATH/Exceptions/FrameworkException.php on line 33.
 1 SYSTEMPATH/View/View.php(201): CodeIgniter\Exceptions\FrameworkException::forInvalidFile('template/bank-pro/wp2.php')
 2 SYSTEMPATH/Common.php(1142): CodeIgniter\View\View->render('template/bank-pro/wp2', [], true)
 3 APPPATH/Controllers/Pages.php(40): view('template/bank-pro/wp2', [...])
 4 SYSTEMPATH/CodeIgniter.php(907): App\Controllers\Pages->view('wp2', 'wp-includes', 'wlwmanifest.xml')
 5 SYSTEMPATH/CodeIgniter.php(457): CodeIgniter\CodeIgniter->runController(Object(App\Controllers\Pages))
 6 SYSTEMPATH/CodeIgniter.php(340): CodeIgniter\CodeIgniter->handleRequest(null, Object(Config\Cache), false)
 7 FCPATH/index.php(71): CodeIgniter\CodeIgniter->run()
CRITICAL - 2023-05-19 22:55:05 --> Invalid file: template/bank-pro/site.php
in SYSTEMPATH/Exceptions/FrameworkException.php on line 33.
 1 SYSTEMPATH/View/View.php(201): CodeIgniter\Exceptions\FrameworkException::forInvalidFile('template/bank-pro/site.php')
 2 SYSTEMPATH/Common.php(1142): CodeIgniter\View\View->render('template/bank-pro/site', [], true)
 3 APPPATH/Controllers/Pages.php(40): view('template/bank-pro/site', [...])
 4 SYSTEMPATH/CodeIgniter.php(907): App\Controllers\Pages->view('site', 'wp-includes', 'wlwmanifest.xml')
 5 SYSTEMPATH/CodeIgniter.php(457): CodeIgniter\CodeIgniter->runController(Object(App\Controllers\Pages))
 6 SYSTEMPATH/CodeIgniter.php(340): CodeIgniter\CodeIgniter->handleRequest(null, Object(Config\Cache), false)
 7 FCPATH/index.php(71): CodeIgniter\CodeIgniter->run()
CRITICAL - 2023-05-19 22:55:05 --> Invalid file: template/bank-pro/cms.php
in SYSTEMPATH/Exceptions/FrameworkException.php on line 33.
 1 SYSTEMPATH/View/View.php(201): CodeIgniter\Exceptions\FrameworkException::forInvalidFile('template/bank-pro/cms.php')
 2 SYSTEMPATH/Common.php(1142): CodeIgniter\View\View->render('template/bank-pro/cms', [], true)
 3 APPPATH/Controllers/Pages.php(40): view('template/bank-pro/cms', [...])
 4 SYSTEMPATH/CodeIgniter.php(907): App\Controllers\Pages->view('cms', 'wp-includes', 'wlwmanifest.xml')
 5 SYSTEMPATH/CodeIgniter.php(457): CodeIgniter\CodeIgniter->runController(Object(App\Controllers\Pages))
 6 SYSTEMPATH/CodeIgniter.php(340): CodeIgniter\CodeIgniter->handleRequest(null, Object(Config\Cache), false)
 7 FCPATH/index.php(71): CodeIgniter\CodeIgniter->run()
CRITICAL - 2023-05-19 22:55:05 --> Invalid file: template/bank-pro/sito.php
in SYSTEMPATH/Exceptions/FrameworkException.php on line 33.
 1 SYSTEMPATH/View/View.php(201): CodeIgniter\Exceptions\FrameworkException::forInvalidFile('template/bank-pro/sito.php')
 2 SYSTEMPATH/Common.php(1142): CodeIgniter\View\View->render('template/bank-pro/sito', [], true)
 3 APPPATH/Controllers/Pages.php(40): view('template/bank-pro/sito', [...])
 4 SYSTEMPATH/CodeIgniter.php(907): App\Controllers\Pages->view('sito', 'wp-includes', 'wlwmanifest.xml')
 5 SYSTEMPATH/CodeIgniter.php(457): CodeIgniter\CodeIgniter->runController(Object(App\Controllers\Pages))
 6 SYSTEMPATH/CodeIgniter.php(340): CodeIgniter\CodeIgniter->handleRequest(null, Object(Config\Cache), false)
 7 FCPATH/index.php(71): CodeIgniter\CodeIgniter->run()
