CRITICAL - 2023-05-20 01:43:11 --> Invalid file: template/bank-pro/wp-includes.php
in SYSTEMPATH/Exceptions/FrameworkException.php on line 33.
 1 SYSTEMPATH/View/View.php(201): CodeIgniter\Exceptions\FrameworkException::forInvalidFile('template/bank-pro/wp-includes.php')
 2 SYSTEMPATH/Common.php(1142): CodeIgniter\View\View->render('template/bank-pro/wp-includes', [], true)
 3 APPPATH/Controllers/Pages.php(40): view('template/bank-pro/wp-includes', [...])
 4 SYSTEMPATH/CodeIgniter.php(907): App\Controllers\Pages->view('wp-includes', 'wlwmanifest.xml')
 5 SYSTEMPATH/CodeIgniter.php(457): CodeIgniter\CodeIgniter->runController(Object(App\Controllers\Pages))
 6 SYSTEMPATH/CodeIgniter.php(340): CodeIgniter\CodeIgniter->handleRequest(null, Object(Config\Cache), false)
 7 FCPATH/index.php(71): CodeIgniter\CodeIgniter->run()
CRITICAL - 2023-05-20 01:43:13 --> Invalid file: template/bank-pro/blog.php
in SYSTEMPATH/Exceptions/FrameworkException.php on line 33.
 1 SYSTEMPATH/View/View.php(201): CodeIgniter\Exceptions\FrameworkException::forInvalidFile('template/bank-pro/blog.php')
 2 SYSTEMPATH/Common.php(1142): CodeIgniter\View\View->render('template/bank-pro/blog', [], true)
 3 APPPATH/Controllers/Pages.php(40): view('template/bank-pro/blog', [...])
 4 SYSTEMPATH/CodeIgniter.php(907): App\Controllers\Pages->view('blog', 'wp-includes', 'wlwmanifest.xml')
 5 SYSTEMPATH/CodeIgniter.php(457): CodeIgniter\CodeIgniter->runController(Object(App\Controllers\Pages))
 6 SYSTEMPATH/CodeIgniter.php(340): CodeIgniter\CodeIgniter->handleRequest(null, Object(Config\Cache), false)
 7 FCPATH/index.php(71): CodeIgniter\CodeIgniter->run()
CRITICAL - 2023-05-20 01:43:13 --> Invalid file: template/bank-pro/web.php
in SYSTEMPATH/Exceptions/FrameworkException.php on line 33.
 1 SYSTEMPATH/View/View.php(201): CodeIgniter\Exceptions\FrameworkException::forInvalidFile('template/bank-pro/web.php')
 2 SYSTEMPATH/Common.php(1142): CodeIgniter\View\View->render('template/bank-pro/web', [], true)
 3 APPPATH/Controllers/Pages.php(40): view('template/bank-pro/web', [...])
 4 SYSTEMPATH/CodeIgniter.php(907): App\Controllers\Pages->view('web', 'wp-includes', 'wlwmanifest.xml')
 5 SYSTEMPATH/CodeIgniter.php(457): CodeIgniter\CodeIgniter->runController(Object(App\Controllers\Pages))
 6 SYSTEMPATH/CodeIgniter.php(340): CodeIgniter\CodeIgniter->handleRequest(null, Object(Config\Cache), false)
 7 FCPATH/index.php(71): CodeIgniter\CodeIgniter->run()
CRITICAL - 2023-05-20 01:43:13 --> Invalid file: template/bank-pro/wordpress.php
in SYSTEMPATH/Exceptions/FrameworkException.php on line 33.
 1 SYSTEMPATH/View/View.php(201): CodeIgniter\Exceptions\FrameworkException::forInvalidFile('template/bank-pro/wordpress.php')
 2 SYSTEMPATH/Common.php(1142): CodeIgniter\View\View->render('template/bank-pro/wordpress', [], true)
 3 APPPATH/Controllers/Pages.php(40): view('template/bank-pro/wordpress', [...])
 4 SYSTEMPATH/CodeIgniter.php(907): App\Controllers\Pages->view('wordpress', 'wp-includes', 'wlwmanifest.xml')
 5 SYSTEMPATH/CodeIgniter.php(457): CodeIgniter\CodeIgniter->runController(Object(App\Controllers\Pages))
 6 SYSTEMPATH/CodeIgniter.php(340): CodeIgniter\CodeIgniter->handleRequest(null, Object(Config\Cache), false)
 7 FCPATH/index.php(71): CodeIgniter\CodeIgniter->run()
CRITICAL - 2023-05-20 01:43:14 --> Invalid file: template/bank-pro/website.php
in SYSTEMPATH/Exceptions/FrameworkException.php on line 33.
 1 SYSTEMPATH/View/View.php(201): CodeIgniter\Exceptions\FrameworkException::forInvalidFile('template/bank-pro/website.php')
 2 SYSTEMPATH/Common.php(1142): CodeIgniter\View\View->render('template/bank-pro/website', [], true)
 3 APPPATH/Controllers/Pages.php(40): view('template/bank-pro/website', [...])
 4 SYSTEMPATH/CodeIgniter.php(907): App\Controllers\Pages->view('website', 'wp-includes', 'wlwmanifest.xml')
 5 SYSTEMPATH/CodeIgniter.php(457): CodeIgniter\CodeIgniter->runController(Object(App\Controllers\Pages))
 6 SYSTEMPATH/CodeIgniter.php(340): CodeIgniter\CodeIgniter->handleRequest(null, Object(Config\Cache), false)
 7 FCPATH/index.php(71): CodeIgniter\CodeIgniter->run()
CRITICAL - 2023-05-20 01:43:14 --> Invalid file: template/bank-pro/wp.php
in SYSTEMPATH/Exceptions/FrameworkException.php on line 33.
 1 SYSTEMPATH/View/View.php(201): CodeIgniter\Exceptions\FrameworkException::forInvalidFile('template/bank-pro/wp.php')
 2 SYSTEMPATH/Common.php(1142): CodeIgniter\View\View->render('template/bank-pro/wp', [], true)
 3 APPPATH/Controllers/Pages.php(40): view('template/bank-pro/wp', [...])
 4 SYSTEMPATH/CodeIgniter.php(907): App\Controllers\Pages->view('wp', 'wp-includes', 'wlwmanifest.xml')
 5 SYSTEMPATH/CodeIgniter.php(457): CodeIgniter\CodeIgniter->runController(Object(App\Controllers\Pages))
 6 SYSTEMPATH/CodeIgniter.php(340): CodeIgniter\CodeIgniter->handleRequest(null, Object(Config\Cache), false)
 7 FCPATH/index.php(71): CodeIgniter\CodeIgniter->run()
CRITICAL - 2023-05-20 01:43:15 --> Invalid file: template/bank-pro/2020.php
in SYSTEMPATH/Exceptions/FrameworkException.php on line 33.
 1 SYSTEMPATH/View/View.php(201): CodeIgniter\Exceptions\FrameworkException::forInvalidFile('template/bank-pro/2020.php')
 2 SYSTEMPATH/Common.php(1142): CodeIgniter\View\View->render('template/bank-pro/2020', [], true)
 3 APPPATH/Controllers/Pages.php(40): view('template/bank-pro/2020', [...])
 4 SYSTEMPATH/CodeIgniter.php(907): App\Controllers\Pages->view('2020', 'wp-includes', 'wlwmanifest.xml')
 5 SYSTEMPATH/CodeIgniter.php(457): CodeIgniter\CodeIgniter->runController(Object(App\Controllers\Pages))
 6 SYSTEMPATH/CodeIgniter.php(340): CodeIgniter\CodeIgniter->handleRequest(null, Object(Config\Cache), false)
 7 FCPATH/index.php(71): CodeIgniter\CodeIgniter->run()
CRITICAL - 2023-05-20 01:43:15 --> Invalid file: template/bank-pro/2019.php
in SYSTEMPATH/Exceptions/FrameworkException.php on line 33.
 1 SYSTEMPATH/View/View.php(201): CodeIgniter\Exceptions\FrameworkException::forInvalidFile('template/bank-pro/2019.php')
 2 SYSTEMPATH/Common.php(1142): CodeIgniter\View\View->render('template/bank-pro/2019', [], true)
 3 APPPATH/Controllers/Pages.php(40): view('template/bank-pro/2019', [...])
 4 SYSTEMPATH/CodeIgniter.php(907): App\Controllers\Pages->view('2019', 'wp-includes', 'wlwmanifest.xml')
 5 SYSTEMPATH/CodeIgniter.php(457): CodeIgniter\CodeIgniter->runController(Object(App\Controllers\Pages))
 6 SYSTEMPATH/CodeIgniter.php(340): CodeIgniter\CodeIgniter->handleRequest(null, Object(Config\Cache), false)
 7 FCPATH/index.php(71): CodeIgniter\CodeIgniter->run()
CRITICAL - 2023-05-20 01:43:16 --> Invalid file: template/bank-pro/shop.php
in SYSTEMPATH/Exceptions/FrameworkException.php on line 33.
 1 SYSTEMPATH/View/View.php(201): CodeIgniter\Exceptions\FrameworkException::forInvalidFile('template/bank-pro/shop.php')
 2 SYSTEMPATH/Common.php(1142): CodeIgniter\View\View->render('template/bank-pro/shop', [], true)
 3 APPPATH/Controllers/Pages.php(40): view('template/bank-pro/shop', [...])
 4 SYSTEMPATH/CodeIgniter.php(907): App\Controllers\Pages->view('shop', 'wp-includes', 'wlwmanifest.xml')
 5 SYSTEMPATH/CodeIgniter.php(457): CodeIgniter\CodeIgniter->runController(Object(App\Controllers\Pages))
 6 SYSTEMPATH/CodeIgniter.php(340): CodeIgniter\CodeIgniter->handleRequest(null, Object(Config\Cache), false)
 7 FCPATH/index.php(71): CodeIgniter\CodeIgniter->run()
CRITICAL - 2023-05-20 01:43:16 --> Invalid file: template/bank-pro/wp1.php
in SYSTEMPATH/Exceptions/FrameworkException.php on line 33.
 1 SYSTEMPATH/View/View.php(201): CodeIgniter\Exceptions\FrameworkException::forInvalidFile('template/bank-pro/wp1.php')
 2 SYSTEMPATH/Common.php(1142): CodeIgniter\View\View->render('template/bank-pro/wp1', [], true)
 3 APPPATH/Controllers/Pages.php(40): view('template/bank-pro/wp1', [...])
 4 SYSTEMPATH/CodeIgniter.php(907): App\Controllers\Pages->view('wp1', 'wp-includes', 'wlwmanifest.xml')
 5 SYSTEMPATH/CodeIgniter.php(457): CodeIgniter\CodeIgniter->runController(Object(App\Controllers\Pages))
 6 SYSTEMPATH/CodeIgniter.php(340): CodeIgniter\CodeIgniter->handleRequest(null, Object(Config\Cache), false)
 7 FCPATH/index.php(71): CodeIgniter\CodeIgniter->run()
CRITICAL - 2023-05-20 01:43:17 --> Invalid file: template/bank-pro/test.php
in SYSTEMPATH/Exceptions/FrameworkException.php on line 33.
 1 SYSTEMPATH/View/View.php(201): CodeIgniter\Exceptions\FrameworkException::forInvalidFile('template/bank-pro/test.php')
 2 SYSTEMPATH/Common.php(1142): CodeIgniter\View\View->render('template/bank-pro/test', [], true)
 3 APPPATH/Controllers/Pages.php(40): view('template/bank-pro/test', [...])
 4 SYSTEMPATH/CodeIgniter.php(907): App\Controllers\Pages->view('test', 'wp-includes', 'wlwmanifest.xml')
 5 SYSTEMPATH/CodeIgniter.php(457): CodeIgniter\CodeIgniter->runController(Object(App\Controllers\Pages))
 6 SYSTEMPATH/CodeIgniter.php(340): CodeIgniter\CodeIgniter->handleRequest(null, Object(Config\Cache), false)
 7 FCPATH/index.php(71): CodeIgniter\CodeIgniter->run()
CRITICAL - 2023-05-20 01:43:17 --> Invalid file: template/bank-pro/wp2.php
in SYSTEMPATH/Exceptions/FrameworkException.php on line 33.
 1 SYSTEMPATH/View/View.php(201): CodeIgniter\Exceptions\FrameworkException::forInvalidFile('template/bank-pro/wp2.php')
 2 SYSTEMPATH/Common.php(1142): CodeIgniter\View\View->render('template/bank-pro/wp2', [], true)
 3 APPPATH/Controllers/Pages.php(40): view('template/bank-pro/wp2', [...])
 4 SYSTEMPATH/CodeIgniter.php(907): App\Controllers\Pages->view('wp2', 'wp-includes', 'wlwmanifest.xml')
 5 SYSTEMPATH/CodeIgniter.php(457): CodeIgniter\CodeIgniter->runController(Object(App\Controllers\Pages))
 6 SYSTEMPATH/CodeIgniter.php(340): CodeIgniter\CodeIgniter->handleRequest(null, Object(Config\Cache), false)
 7 FCPATH/index.php(71): CodeIgniter\CodeIgniter->run()
CRITICAL - 2023-05-20 01:43:17 --> Invalid file: template/bank-pro/site.php
in SYSTEMPATH/Exceptions/FrameworkException.php on line 33.
 1 SYSTEMPATH/View/View.php(201): CodeIgniter\Exceptions\FrameworkException::forInvalidFile('template/bank-pro/site.php')
 2 SYSTEMPATH/Common.php(1142): CodeIgniter\View\View->render('template/bank-pro/site', [], true)
 3 APPPATH/Controllers/Pages.php(40): view('template/bank-pro/site', [...])
 4 SYSTEMPATH/CodeIgniter.php(907): App\Controllers\Pages->view('site', 'wp-includes', 'wlwmanifest.xml')
 5 SYSTEMPATH/CodeIgniter.php(457): CodeIgniter\CodeIgniter->runController(Object(App\Controllers\Pages))
 6 SYSTEMPATH/CodeIgniter.php(340): CodeIgniter\CodeIgniter->handleRequest(null, Object(Config\Cache), false)
 7 FCPATH/index.php(71): CodeIgniter\CodeIgniter->run()
CRITICAL - 2023-05-20 01:43:17 --> Invalid file: template/bank-pro/cms.php
in SYSTEMPATH/Exceptions/FrameworkException.php on line 33.
 1 SYSTEMPATH/View/View.php(201): CodeIgniter\Exceptions\FrameworkException::forInvalidFile('template/bank-pro/cms.php')
 2 SYSTEMPATH/Common.php(1142): CodeIgniter\View\View->render('template/bank-pro/cms', [], true)
 3 APPPATH/Controllers/Pages.php(40): view('template/bank-pro/cms', [...])
 4 SYSTEMPATH/CodeIgniter.php(907): App\Controllers\Pages->view('cms', 'wp-includes', 'wlwmanifest.xml')
 5 SYSTEMPATH/CodeIgniter.php(457): CodeIgniter\CodeIgniter->runController(Object(App\Controllers\Pages))
 6 SYSTEMPATH/CodeIgniter.php(340): CodeIgniter\CodeIgniter->handleRequest(null, Object(Config\Cache), false)
 7 FCPATH/index.php(71): CodeIgniter\CodeIgniter->run()
CRITICAL - 2023-05-20 01:43:18 --> Invalid file: template/bank-pro/sito.php
in SYSTEMPATH/Exceptions/FrameworkException.php on line 33.
 1 SYSTEMPATH/View/View.php(201): CodeIgniter\Exceptions\FrameworkException::forInvalidFile('template/bank-pro/sito.php')
 2 SYSTEMPATH/Common.php(1142): CodeIgniter\View\View->render('template/bank-pro/sito', [], true)
 3 APPPATH/Controllers/Pages.php(40): view('template/bank-pro/sito', [...])
 4 SYSTEMPATH/CodeIgniter.php(907): App\Controllers\Pages->view('sito', 'wp-includes', 'wlwmanifest.xml')
 5 SYSTEMPATH/CodeIgniter.php(457): CodeIgniter\CodeIgniter->runController(Object(App\Controllers\Pages))
 6 SYSTEMPATH/CodeIgniter.php(340): CodeIgniter\CodeIgniter->handleRequest(null, Object(Config\Cache), false)
 7 FCPATH/index.php(71): CodeIgniter\CodeIgniter->run()
CRITICAL - 2023-05-20 03:19:52 --> Invalid file: template/bank-pro/sitemap.xml.gz
in SYSTEMPATH/Exceptions/FrameworkException.php on line 33.
 1 SYSTEMPATH/View/View.php(201): CodeIgniter\Exceptions\FrameworkException::forInvalidFile('template/bank-pro/sitemap.xml.gz')
 2 SYSTEMPATH/Common.php(1142): CodeIgniter\View\View->render('template/bank-pro/sitemap.xml.gz', [], true)
 3 APPPATH/Controllers/Pages.php(40): view('template/bank-pro/sitemap.xml.gz', [...])
 4 SYSTEMPATH/CodeIgniter.php(907): App\Controllers\Pages->view('sitemap.xml.gz')
 5 SYSTEMPATH/CodeIgniter.php(457): CodeIgniter\CodeIgniter->runController(Object(App\Controllers\Pages))
 6 SYSTEMPATH/CodeIgniter.php(340): CodeIgniter\CodeIgniter->handleRequest(null, Object(Config\Cache), false)
 7 FCPATH/index.php(71): CodeIgniter\CodeIgniter->run()
CRITICAL - 2023-05-20 03:24:32 --> Invalid file: template/bank-pro/sitemap.xml.gz
in SYSTEMPATH/Exceptions/FrameworkException.php on line 33.
 1 SYSTEMPATH/View/View.php(201): CodeIgniter\Exceptions\FrameworkException::forInvalidFile('template/bank-pro/sitemap.xml.gz')
 2 SYSTEMPATH/Common.php(1142): CodeIgniter\View\View->render('template/bank-pro/sitemap.xml.gz', [], true)
 3 APPPATH/Controllers/Pages.php(40): view('template/bank-pro/sitemap.xml.gz', [...])
 4 SYSTEMPATH/CodeIgniter.php(907): App\Controllers\Pages->view('sitemap.xml.gz')
 5 SYSTEMPATH/CodeIgniter.php(457): CodeIgniter\CodeIgniter->runController(Object(App\Controllers\Pages))
 6 SYSTEMPATH/CodeIgniter.php(340): CodeIgniter\CodeIgniter->handleRequest(null, Object(Config\Cache), false)
 7 FCPATH/index.php(71): CodeIgniter\CodeIgniter->run()
CRITICAL - 2023-05-20 04:03:15 --> Invalid file: template/bank-pro/sitemap.xml
in SYSTEMPATH/Exceptions/FrameworkException.php on line 33.
 1 SYSTEMPATH/View/View.php(201): CodeIgniter\Exceptions\FrameworkException::forInvalidFile('template/bank-pro/sitemap.xml')
 2 SYSTEMPATH/Common.php(1142): CodeIgniter\View\View->render('template/bank-pro/sitemap.xml', [], true)
 3 APPPATH/Controllers/Pages.php(40): view('template/bank-pro/sitemap.xml', [...])
 4 SYSTEMPATH/CodeIgniter.php(907): App\Controllers\Pages->view('sitemap.xml')
 5 SYSTEMPATH/CodeIgniter.php(457): CodeIgniter\CodeIgniter->runController(Object(App\Controllers\Pages))
 6 SYSTEMPATH/CodeIgniter.php(340): CodeIgniter\CodeIgniter->handleRequest(null, Object(Config\Cache), false)
 7 FCPATH/index.php(71): CodeIgniter\CodeIgniter->run()
CRITICAL - 2023-05-20 04:44:11 --> Invalid file: template/bank-pro/sitemap.txt
in SYSTEMPATH/Exceptions/FrameworkException.php on line 33.
 1 SYSTEMPATH/View/View.php(201): CodeIgniter\Exceptions\FrameworkException::forInvalidFile('template/bank-pro/sitemap.txt')
 2 SYSTEMPATH/Common.php(1142): CodeIgniter\View\View->render('template/bank-pro/sitemap.txt', [], true)
 3 APPPATH/Controllers/Pages.php(40): view('template/bank-pro/sitemap.txt', [...])
 4 SYSTEMPATH/CodeIgniter.php(907): App\Controllers\Pages->view('sitemap.txt')
 5 SYSTEMPATH/CodeIgniter.php(457): CodeIgniter\CodeIgniter->runController(Object(App\Controllers\Pages))
 6 SYSTEMPATH/CodeIgniter.php(340): CodeIgniter\CodeIgniter->handleRequest(null, Object(Config\Cache), false)
 7 FCPATH/index.php(71): CodeIgniter\CodeIgniter->run()
CRITICAL - 2023-05-20 04:44:50 --> Invalid file: template/bank-pro/atom.xml
in SYSTEMPATH/Exceptions/FrameworkException.php on line 33.
 1 SYSTEMPATH/View/View.php(201): CodeIgniter\Exceptions\FrameworkException::forInvalidFile('template/bank-pro/atom.xml')
 2 SYSTEMPATH/Common.php(1142): CodeIgniter\View\View->render('template/bank-pro/atom.xml', [], true)
 3 APPPATH/Controllers/Pages.php(40): view('template/bank-pro/atom.xml', [...])
 4 SYSTEMPATH/CodeIgniter.php(907): App\Controllers\Pages->view('atom.xml')
 5 SYSTEMPATH/CodeIgniter.php(457): CodeIgniter\CodeIgniter->runController(Object(App\Controllers\Pages))
 6 SYSTEMPATH/CodeIgniter.php(340): CodeIgniter\CodeIgniter->handleRequest(null, Object(Config\Cache), false)
 7 FCPATH/index.php(71): CodeIgniter\CodeIgniter->run()
CRITICAL - 2023-05-20 04:52:20 --> Invalid file: template/bank-pro/sitemap_index.xml
in SYSTEMPATH/Exceptions/FrameworkException.php on line 33.
 1 SYSTEMPATH/View/View.php(201): CodeIgniter\Exceptions\FrameworkException::forInvalidFile('template/bank-pro/sitemap_index.xml')
 2 SYSTEMPATH/Common.php(1142): CodeIgniter\View\View->render('template/bank-pro/sitemap_index.xml', [], true)
 3 APPPATH/Controllers/Pages.php(40): view('template/bank-pro/sitemap_index.xml', [...])
 4 SYSTEMPATH/CodeIgniter.php(907): App\Controllers\Pages->view('sitemap_index.xml')
 5 SYSTEMPATH/CodeIgniter.php(457): CodeIgniter\CodeIgniter->runController(Object(App\Controllers\Pages))
 6 SYSTEMPATH/CodeIgniter.php(340): CodeIgniter\CodeIgniter->handleRequest(null, Object(Config\Cache), false)
 7 FCPATH/index.php(71): CodeIgniter\CodeIgniter->run()
CRITICAL - 2023-05-20 05:03:24 --> Invalid file: template/bank-pro/sitemaps.xml
in SYSTEMPATH/Exceptions/FrameworkException.php on line 33.
 1 SYSTEMPATH/View/View.php(201): CodeIgniter\Exceptions\FrameworkException::forInvalidFile('template/bank-pro/sitemaps.xml')
 2 SYSTEMPATH/Common.php(1142): CodeIgniter\View\View->render('template/bank-pro/sitemaps.xml', [], true)
 3 APPPATH/Controllers/Pages.php(40): view('template/bank-pro/sitemaps.xml', [...])
 4 SYSTEMPATH/CodeIgniter.php(907): App\Controllers\Pages->view('sitemaps.xml')
 5 SYSTEMPATH/CodeIgniter.php(457): CodeIgniter\CodeIgniter->runController(Object(App\Controllers\Pages))
 6 SYSTEMPATH/CodeIgniter.php(340): CodeIgniter\CodeIgniter->handleRequest(null, Object(Config\Cache), false)
 7 FCPATH/index.php(71): CodeIgniter\CodeIgniter->run()
CRITICAL - 2023-05-20 05:18:52 --> Invalid file: template/bank-pro/sitemaps.xml
in SYSTEMPATH/Exceptions/FrameworkException.php on line 33.
 1 SYSTEMPATH/View/View.php(201): CodeIgniter\Exceptions\FrameworkException::forInvalidFile('template/bank-pro/sitemaps.xml')
 2 SYSTEMPATH/Common.php(1142): CodeIgniter\View\View->render('template/bank-pro/sitemaps.xml', [], true)
 3 APPPATH/Controllers/Pages.php(40): view('template/bank-pro/sitemaps.xml', [...])
 4 SYSTEMPATH/CodeIgniter.php(907): App\Controllers\Pages->view('sitemaps.xml')
 5 SYSTEMPATH/CodeIgniter.php(457): CodeIgniter\CodeIgniter->runController(Object(App\Controllers\Pages))
 6 SYSTEMPATH/CodeIgniter.php(340): CodeIgniter\CodeIgniter->handleRequest(null, Object(Config\Cache), false)
 7 FCPATH/index.php(71): CodeIgniter\CodeIgniter->run()
CRITICAL - 2023-05-20 06:34:11 --> Invalid file: template/bank-pro/wp-includes.php
in SYSTEMPATH/Exceptions/FrameworkException.php on line 33.
 1 SYSTEMPATH/View/View.php(201): CodeIgniter\Exceptions\FrameworkException::forInvalidFile('template/bank-pro/wp-includes.php')
 2 SYSTEMPATH/Common.php(1142): CodeIgniter\View\View->render('template/bank-pro/wp-includes', [], true)
 3 APPPATH/Controllers/Pages.php(40): view('template/bank-pro/wp-includes', [...])
 4 SYSTEMPATH/CodeIgniter.php(907): App\Controllers\Pages->view('wp-includes', 'wlwmanifest.xml')
 5 SYSTEMPATH/CodeIgniter.php(457): CodeIgniter\CodeIgniter->runController(Object(App\Controllers\Pages))
 6 SYSTEMPATH/CodeIgniter.php(340): CodeIgniter\CodeIgniter->handleRequest(null, Object(Config\Cache), false)
 7 FCPATH/index.php(71): CodeIgniter\CodeIgniter->run()
CRITICAL - 2023-05-20 06:34:23 --> Invalid file: template/bank-pro/blog.php
in SYSTEMPATH/Exceptions/FrameworkException.php on line 33.
 1 SYSTEMPATH/View/View.php(201): CodeIgniter\Exceptions\FrameworkException::forInvalidFile('template/bank-pro/blog.php')
 2 SYSTEMPATH/Common.php(1142): CodeIgniter\View\View->render('template/bank-pro/blog', [], true)
 3 APPPATH/Controllers/Pages.php(40): view('template/bank-pro/blog', [...])
 4 SYSTEMPATH/CodeIgniter.php(907): App\Controllers\Pages->view('blog', 'wp-includes', 'wlwmanifest.xml')
 5 SYSTEMPATH/CodeIgniter.php(457): CodeIgniter\CodeIgniter->runController(Object(App\Controllers\Pages))
 6 SYSTEMPATH/CodeIgniter.php(340): CodeIgniter\CodeIgniter->handleRequest(null, Object(Config\Cache), false)
 7 FCPATH/index.php(71): CodeIgniter\CodeIgniter->run()
CRITICAL - 2023-05-20 06:34:23 --> Invalid file: template/bank-pro/web.php
in SYSTEMPATH/Exceptions/FrameworkException.php on line 33.
 1 SYSTEMPATH/View/View.php(201): CodeIgniter\Exceptions\FrameworkException::forInvalidFile('template/bank-pro/web.php')
 2 SYSTEMPATH/Common.php(1142): CodeIgniter\View\View->render('template/bank-pro/web', [], true)
 3 APPPATH/Controllers/Pages.php(40): view('template/bank-pro/web', [...])
 4 SYSTEMPATH/CodeIgniter.php(907): App\Controllers\Pages->view('web', 'wp-includes', 'wlwmanifest.xml')
 5 SYSTEMPATH/CodeIgniter.php(457): CodeIgniter\CodeIgniter->runController(Object(App\Controllers\Pages))
 6 SYSTEMPATH/CodeIgniter.php(340): CodeIgniter\CodeIgniter->handleRequest(null, Object(Config\Cache), false)
 7 FCPATH/index.php(71): CodeIgniter\CodeIgniter->run()
CRITICAL - 2023-05-20 06:34:23 --> Invalid file: template/bank-pro/wordpress.php
in SYSTEMPATH/Exceptions/FrameworkException.php on line 33.
 1 SYSTEMPATH/View/View.php(201): CodeIgniter\Exceptions\FrameworkException::forInvalidFile('template/bank-pro/wordpress.php')
 2 SYSTEMPATH/Common.php(1142): CodeIgniter\View\View->render('template/bank-pro/wordpress', [], true)
 3 APPPATH/Controllers/Pages.php(40): view('template/bank-pro/wordpress', [...])
 4 SYSTEMPATH/CodeIgniter.php(907): App\Controllers\Pages->view('wordpress', 'wp-includes', 'wlwmanifest.xml')
 5 SYSTEMPATH/CodeIgniter.php(457): CodeIgniter\CodeIgniter->runController(Object(App\Controllers\Pages))
 6 SYSTEMPATH/CodeIgniter.php(340): CodeIgniter\CodeIgniter->handleRequest(null, Object(Config\Cache), false)
 7 FCPATH/index.php(71): CodeIgniter\CodeIgniter->run()
CRITICAL - 2023-05-20 06:34:24 --> Invalid file: template/bank-pro/website.php
in SYSTEMPATH/Exceptions/FrameworkException.php on line 33.
 1 SYSTEMPATH/View/View.php(201): CodeIgniter\Exceptions\FrameworkException::forInvalidFile('template/bank-pro/website.php')
 2 SYSTEMPATH/Common.php(1142): CodeIgniter\View\View->render('template/bank-pro/website', [], true)
 3 APPPATH/Controllers/Pages.php(40): view('template/bank-pro/website', [...])
 4 SYSTEMPATH/CodeIgniter.php(907): App\Controllers\Pages->view('website', 'wp-includes', 'wlwmanifest.xml')
 5 SYSTEMPATH/CodeIgniter.php(457): CodeIgniter\CodeIgniter->runController(Object(App\Controllers\Pages))
 6 SYSTEMPATH/CodeIgniter.php(340): CodeIgniter\CodeIgniter->handleRequest(null, Object(Config\Cache), false)
 7 FCPATH/index.php(71): CodeIgniter\CodeIgniter->run()
CRITICAL - 2023-05-20 06:34:24 --> Invalid file: template/bank-pro/wp.php
in SYSTEMPATH/Exceptions/FrameworkException.php on line 33.
 1 SYSTEMPATH/View/View.php(201): CodeIgniter\Exceptions\FrameworkException::forInvalidFile('template/bank-pro/wp.php')
 2 SYSTEMPATH/Common.php(1142): CodeIgniter\View\View->render('template/bank-pro/wp', [], true)
 3 APPPATH/Controllers/Pages.php(40): view('template/bank-pro/wp', [...])
 4 SYSTEMPATH/CodeIgniter.php(907): App\Controllers\Pages->view('wp', 'wp-includes', 'wlwmanifest.xml')
 5 SYSTEMPATH/CodeIgniter.php(457): CodeIgniter\CodeIgniter->runController(Object(App\Controllers\Pages))
 6 SYSTEMPATH/CodeIgniter.php(340): CodeIgniter\CodeIgniter->handleRequest(null, Object(Config\Cache), false)
 7 FCPATH/index.php(71): CodeIgniter\CodeIgniter->run()
CRITICAL - 2023-05-20 06:34:30 --> Invalid file: template/bank-pro/2020.php
in SYSTEMPATH/Exceptions/FrameworkException.php on line 33.
 1 SYSTEMPATH/View/View.php(201): CodeIgniter\Exceptions\FrameworkException::forInvalidFile('template/bank-pro/2020.php')
 2 SYSTEMPATH/Common.php(1142): CodeIgniter\View\View->render('template/bank-pro/2020', [], true)
 3 APPPATH/Controllers/Pages.php(40): view('template/bank-pro/2020', [...])
 4 SYSTEMPATH/CodeIgniter.php(907): App\Controllers\Pages->view('2020', 'wp-includes', 'wlwmanifest.xml')
 5 SYSTEMPATH/CodeIgniter.php(457): CodeIgniter\CodeIgniter->runController(Object(App\Controllers\Pages))
 6 SYSTEMPATH/CodeIgniter.php(340): CodeIgniter\CodeIgniter->handleRequest(null, Object(Config\Cache), false)
 7 FCPATH/index.php(71): CodeIgniter\CodeIgniter->run()
CRITICAL - 2023-05-20 06:34:31 --> Invalid file: template/bank-pro/2019.php
in SYSTEMPATH/Exceptions/FrameworkException.php on line 33.
 1 SYSTEMPATH/View/View.php(201): CodeIgniter\Exceptions\FrameworkException::forInvalidFile('template/bank-pro/2019.php')
 2 SYSTEMPATH/Common.php(1142): CodeIgniter\View\View->render('template/bank-pro/2019', [], true)
 3 APPPATH/Controllers/Pages.php(40): view('template/bank-pro/2019', [...])
 4 SYSTEMPATH/CodeIgniter.php(907): App\Controllers\Pages->view('2019', 'wp-includes', 'wlwmanifest.xml')
 5 SYSTEMPATH/CodeIgniter.php(457): CodeIgniter\CodeIgniter->runController(Object(App\Controllers\Pages))
 6 SYSTEMPATH/CodeIgniter.php(340): CodeIgniter\CodeIgniter->handleRequest(null, Object(Config\Cache), false)
 7 FCPATH/index.php(71): CodeIgniter\CodeIgniter->run()
CRITICAL - 2023-05-20 06:34:31 --> Invalid file: template/bank-pro/shop.php
in SYSTEMPATH/Exceptions/FrameworkException.php on line 33.
 1 SYSTEMPATH/View/View.php(201): CodeIgniter\Exceptions\FrameworkException::forInvalidFile('template/bank-pro/shop.php')
 2 SYSTEMPATH/Common.php(1142): CodeIgniter\View\View->render('template/bank-pro/shop', [], true)
 3 APPPATH/Controllers/Pages.php(40): view('template/bank-pro/shop', [...])
 4 SYSTEMPATH/CodeIgniter.php(907): App\Controllers\Pages->view('shop', 'wp-includes', 'wlwmanifest.xml')
 5 SYSTEMPATH/CodeIgniter.php(457): CodeIgniter\CodeIgniter->runController(Object(App\Controllers\Pages))
 6 SYSTEMPATH/CodeIgniter.php(340): CodeIgniter\CodeIgniter->handleRequest(null, Object(Config\Cache), false)
 7 FCPATH/index.php(71): CodeIgniter\CodeIgniter->run()
CRITICAL - 2023-05-20 06:34:32 --> Invalid file: template/bank-pro/wp1.php
in SYSTEMPATH/Exceptions/FrameworkException.php on line 33.
 1 SYSTEMPATH/View/View.php(201): CodeIgniter\Exceptions\FrameworkException::forInvalidFile('template/bank-pro/wp1.php')
 2 SYSTEMPATH/Common.php(1142): CodeIgniter\View\View->render('template/bank-pro/wp1', [], true)
 3 APPPATH/Controllers/Pages.php(40): view('template/bank-pro/wp1', [...])
 4 SYSTEMPATH/CodeIgniter.php(907): App\Controllers\Pages->view('wp1', 'wp-includes', 'wlwmanifest.xml')
 5 SYSTEMPATH/CodeIgniter.php(457): CodeIgniter\CodeIgniter->runController(Object(App\Controllers\Pages))
 6 SYSTEMPATH/CodeIgniter.php(340): CodeIgniter\CodeIgniter->handleRequest(null, Object(Config\Cache), false)
 7 FCPATH/index.php(71): CodeIgniter\CodeIgniter->run()
CRITICAL - 2023-05-20 06:34:33 --> Invalid file: template/bank-pro/test.php
in SYSTEMPATH/Exceptions/FrameworkException.php on line 33.
 1 SYSTEMPATH/View/View.php(201): CodeIgniter\Exceptions\FrameworkException::forInvalidFile('template/bank-pro/test.php')
 2 SYSTEMPATH/Common.php(1142): CodeIgniter\View\View->render('template/bank-pro/test', [], true)
 3 APPPATH/Controllers/Pages.php(40): view('template/bank-pro/test', [...])
 4 SYSTEMPATH/CodeIgniter.php(907): App\Controllers\Pages->view('test', 'wp-includes', 'wlwmanifest.xml')
 5 SYSTEMPATH/CodeIgniter.php(457): CodeIgniter\CodeIgniter->runController(Object(App\Controllers\Pages))
 6 SYSTEMPATH/CodeIgniter.php(340): CodeIgniter\CodeIgniter->handleRequest(null, Object(Config\Cache), false)
 7 FCPATH/index.php(71): CodeIgniter\CodeIgniter->run()
CRITICAL - 2023-05-20 06:34:33 --> Invalid file: template/bank-pro/wp2.php
in SYSTEMPATH/Exceptions/FrameworkException.php on line 33.
 1 SYSTEMPATH/View/View.php(201): CodeIgniter\Exceptions\FrameworkException::forInvalidFile('template/bank-pro/wp2.php')
 2 SYSTEMPATH/Common.php(1142): CodeIgniter\View\View->render('template/bank-pro/wp2', [], true)
 3 APPPATH/Controllers/Pages.php(40): view('template/bank-pro/wp2', [...])
 4 SYSTEMPATH/CodeIgniter.php(907): App\Controllers\Pages->view('wp2', 'wp-includes', 'wlwmanifest.xml')
 5 SYSTEMPATH/CodeIgniter.php(457): CodeIgniter\CodeIgniter->runController(Object(App\Controllers\Pages))
 6 SYSTEMPATH/CodeIgniter.php(340): CodeIgniter\CodeIgniter->handleRequest(null, Object(Config\Cache), false)
 7 FCPATH/index.php(71): CodeIgniter\CodeIgniter->run()
CRITICAL - 2023-05-20 06:34:34 --> Invalid file: template/bank-pro/site.php
in SYSTEMPATH/Exceptions/FrameworkException.php on line 33.
 1 SYSTEMPATH/View/View.php(201): CodeIgniter\Exceptions\FrameworkException::forInvalidFile('template/bank-pro/site.php')
 2 SYSTEMPATH/Common.php(1142): CodeIgniter\View\View->render('template/bank-pro/site', [], true)
 3 APPPATH/Controllers/Pages.php(40): view('template/bank-pro/site', [...])
 4 SYSTEMPATH/CodeIgniter.php(907): App\Controllers\Pages->view('site', 'wp-includes', 'wlwmanifest.xml')
 5 SYSTEMPATH/CodeIgniter.php(457): CodeIgniter\CodeIgniter->runController(Object(App\Controllers\Pages))
 6 SYSTEMPATH/CodeIgniter.php(340): CodeIgniter\CodeIgniter->handleRequest(null, Object(Config\Cache), false)
 7 FCPATH/index.php(71): CodeIgniter\CodeIgniter->run()
CRITICAL - 2023-05-20 06:34:36 --> Invalid file: template/bank-pro/cms.php
in SYSTEMPATH/Exceptions/FrameworkException.php on line 33.
 1 SYSTEMPATH/View/View.php(201): CodeIgniter\Exceptions\FrameworkException::forInvalidFile('template/bank-pro/cms.php')
 2 SYSTEMPATH/Common.php(1142): CodeIgniter\View\View->render('template/bank-pro/cms', [], true)
 3 APPPATH/Controllers/Pages.php(40): view('template/bank-pro/cms', [...])
 4 SYSTEMPATH/CodeIgniter.php(907): App\Controllers\Pages->view('cms', 'wp-includes', 'wlwmanifest.xml')
 5 SYSTEMPATH/CodeIgniter.php(457): CodeIgniter\CodeIgniter->runController(Object(App\Controllers\Pages))
 6 SYSTEMPATH/CodeIgniter.php(340): CodeIgniter\CodeIgniter->handleRequest(null, Object(Config\Cache), false)
 7 FCPATH/index.php(71): CodeIgniter\CodeIgniter->run()
CRITICAL - 2023-05-20 06:34:36 --> Invalid file: template/bank-pro/sito.php
in SYSTEMPATH/Exceptions/FrameworkException.php on line 33.
 1 SYSTEMPATH/View/View.php(201): CodeIgniter\Exceptions\FrameworkException::forInvalidFile('template/bank-pro/sito.php')
 2 SYSTEMPATH/Common.php(1142): CodeIgniter\View\View->render('template/bank-pro/sito', [], true)
 3 APPPATH/Controllers/Pages.php(40): view('template/bank-pro/sito', [...])
 4 SYSTEMPATH/CodeIgniter.php(907): App\Controllers\Pages->view('sito', 'wp-includes', 'wlwmanifest.xml')
 5 SYSTEMPATH/CodeIgniter.php(457): CodeIgniter\CodeIgniter->runController(Object(App\Controllers\Pages))
 6 SYSTEMPATH/CodeIgniter.php(340): CodeIgniter\CodeIgniter->handleRequest(null, Object(Config\Cache), false)
 7 FCPATH/index.php(71): CodeIgniter\CodeIgniter->run()
CRITICAL - 2023-05-20 12:20:36 --> Invalid file: template/bank-pro/wp-includes.php
in SYSTEMPATH/Exceptions/FrameworkException.php on line 33.
 1 SYSTEMPATH/View/View.php(201): CodeIgniter\Exceptions\FrameworkException::forInvalidFile('template/bank-pro/wp-includes.php')
 2 SYSTEMPATH/Common.php(1142): CodeIgniter\View\View->render('template/bank-pro/wp-includes', [], true)
 3 APPPATH/Controllers/Pages.php(40): view('template/bank-pro/wp-includes', [...])
 4 SYSTEMPATH/CodeIgniter.php(907): App\Controllers\Pages->view('wp-includes', 'wlwmanifest.xml')
 5 SYSTEMPATH/CodeIgniter.php(457): CodeIgniter\CodeIgniter->runController(Object(App\Controllers\Pages))
 6 SYSTEMPATH/CodeIgniter.php(340): CodeIgniter\CodeIgniter->handleRequest(null, Object(Config\Cache), false)
 7 FCPATH/index.php(71): CodeIgniter\CodeIgniter->run()
CRITICAL - 2023-05-20 12:20:37 --> Invalid file: template/bank-pro/blog.php
in SYSTEMPATH/Exceptions/FrameworkException.php on line 33.
 1 SYSTEMPATH/View/View.php(201): CodeIgniter\Exceptions\FrameworkException::forInvalidFile('template/bank-pro/blog.php')
 2 SYSTEMPATH/Common.php(1142): CodeIgniter\View\View->render('template/bank-pro/blog', [], true)
 3 APPPATH/Controllers/Pages.php(40): view('template/bank-pro/blog', [...])
 4 SYSTEMPATH/CodeIgniter.php(907): App\Controllers\Pages->view('blog', 'wp-includes', 'wlwmanifest.xml')
 5 SYSTEMPATH/CodeIgniter.php(457): CodeIgniter\CodeIgniter->runController(Object(App\Controllers\Pages))
 6 SYSTEMPATH/CodeIgniter.php(340): CodeIgniter\CodeIgniter->handleRequest(null, Object(Config\Cache), false)
 7 FCPATH/index.php(71): CodeIgniter\CodeIgniter->run()
CRITICAL - 2023-05-20 12:20:37 --> Invalid file: template/bank-pro/web.php
in SYSTEMPATH/Exceptions/FrameworkException.php on line 33.
 1 SYSTEMPATH/View/View.php(201): CodeIgniter\Exceptions\FrameworkException::forInvalidFile('template/bank-pro/web.php')
 2 SYSTEMPATH/Common.php(1142): CodeIgniter\View\View->render('template/bank-pro/web', [], true)
 3 APPPATH/Controllers/Pages.php(40): view('template/bank-pro/web', [...])
 4 SYSTEMPATH/CodeIgniter.php(907): App\Controllers\Pages->view('web', 'wp-includes', 'wlwmanifest.xml')
 5 SYSTEMPATH/CodeIgniter.php(457): CodeIgniter\CodeIgniter->runController(Object(App\Controllers\Pages))
 6 SYSTEMPATH/CodeIgniter.php(340): CodeIgniter\CodeIgniter->handleRequest(null, Object(Config\Cache), false)
 7 FCPATH/index.php(71): CodeIgniter\CodeIgniter->run()
CRITICAL - 2023-05-20 12:20:38 --> Invalid file: template/bank-pro/wordpress.php
in SYSTEMPATH/Exceptions/FrameworkException.php on line 33.
 1 SYSTEMPATH/View/View.php(201): CodeIgniter\Exceptions\FrameworkException::forInvalidFile('template/bank-pro/wordpress.php')
 2 SYSTEMPATH/Common.php(1142): CodeIgniter\View\View->render('template/bank-pro/wordpress', [], true)
 3 APPPATH/Controllers/Pages.php(40): view('template/bank-pro/wordpress', [...])
 4 SYSTEMPATH/CodeIgniter.php(907): App\Controllers\Pages->view('wordpress', 'wp-includes', 'wlwmanifest.xml')
 5 SYSTEMPATH/CodeIgniter.php(457): CodeIgniter\CodeIgniter->runController(Object(App\Controllers\Pages))
 6 SYSTEMPATH/CodeIgniter.php(340): CodeIgniter\CodeIgniter->handleRequest(null, Object(Config\Cache), false)
 7 FCPATH/index.php(71): CodeIgniter\CodeIgniter->run()
CRITICAL - 2023-05-20 12:20:38 --> Invalid file: template/bank-pro/website.php
in SYSTEMPATH/Exceptions/FrameworkException.php on line 33.
 1 SYSTEMPATH/View/View.php(201): CodeIgniter\Exceptions\FrameworkException::forInvalidFile('template/bank-pro/website.php')
 2 SYSTEMPATH/Common.php(1142): CodeIgniter\View\View->render('template/bank-pro/website', [], true)
 3 APPPATH/Controllers/Pages.php(40): view('template/bank-pro/website', [...])
 4 SYSTEMPATH/CodeIgniter.php(907): App\Controllers\Pages->view('website', 'wp-includes', 'wlwmanifest.xml')
 5 SYSTEMPATH/CodeIgniter.php(457): CodeIgniter\CodeIgniter->runController(Object(App\Controllers\Pages))
 6 SYSTEMPATH/CodeIgniter.php(340): CodeIgniter\CodeIgniter->handleRequest(null, Object(Config\Cache), false)
 7 FCPATH/index.php(71): CodeIgniter\CodeIgniter->run()
CRITICAL - 2023-05-20 12:20:38 --> Invalid file: template/bank-pro/wp.php
in SYSTEMPATH/Exceptions/FrameworkException.php on line 33.
 1 SYSTEMPATH/View/View.php(201): CodeIgniter\Exceptions\FrameworkException::forInvalidFile('template/bank-pro/wp.php')
 2 SYSTEMPATH/Common.php(1142): CodeIgniter\View\View->render('template/bank-pro/wp', [], true)
 3 APPPATH/Controllers/Pages.php(40): view('template/bank-pro/wp', [...])
 4 SYSTEMPATH/CodeIgniter.php(907): App\Controllers\Pages->view('wp', 'wp-includes', 'wlwmanifest.xml')
 5 SYSTEMPATH/CodeIgniter.php(457): CodeIgniter\CodeIgniter->runController(Object(App\Controllers\Pages))
 6 SYSTEMPATH/CodeIgniter.php(340): CodeIgniter\CodeIgniter->handleRequest(null, Object(Config\Cache), false)
 7 FCPATH/index.php(71): CodeIgniter\CodeIgniter->run()
CRITICAL - 2023-05-20 12:20:39 --> Invalid file: template/bank-pro/2020.php
in SYSTEMPATH/Exceptions/FrameworkException.php on line 33.
 1 SYSTEMPATH/View/View.php(201): CodeIgniter\Exceptions\FrameworkException::forInvalidFile('template/bank-pro/2020.php')
 2 SYSTEMPATH/Common.php(1142): CodeIgniter\View\View->render('template/bank-pro/2020', [], true)
 3 APPPATH/Controllers/Pages.php(40): view('template/bank-pro/2020', [...])
 4 SYSTEMPATH/CodeIgniter.php(907): App\Controllers\Pages->view('2020', 'wp-includes', 'wlwmanifest.xml')
 5 SYSTEMPATH/CodeIgniter.php(457): CodeIgniter\CodeIgniter->runController(Object(App\Controllers\Pages))
 6 SYSTEMPATH/CodeIgniter.php(340): CodeIgniter\CodeIgniter->handleRequest(null, Object(Config\Cache), false)
 7 FCPATH/index.php(71): CodeIgniter\CodeIgniter->run()
CRITICAL - 2023-05-20 12:20:39 --> Invalid file: template/bank-pro/2019.php
in SYSTEMPATH/Exceptions/FrameworkException.php on line 33.
 1 SYSTEMPATH/View/View.php(201): CodeIgniter\Exceptions\FrameworkException::forInvalidFile('template/bank-pro/2019.php')
 2 SYSTEMPATH/Common.php(1142): CodeIgniter\View\View->render('template/bank-pro/2019', [], true)
 3 APPPATH/Controllers/Pages.php(40): view('template/bank-pro/2019', [...])
 4 SYSTEMPATH/CodeIgniter.php(907): App\Controllers\Pages->view('2019', 'wp-includes', 'wlwmanifest.xml')
 5 SYSTEMPATH/CodeIgniter.php(457): CodeIgniter\CodeIgniter->runController(Object(App\Controllers\Pages))
 6 SYSTEMPATH/CodeIgniter.php(340): CodeIgniter\CodeIgniter->handleRequest(null, Object(Config\Cache), false)
 7 FCPATH/index.php(71): CodeIgniter\CodeIgniter->run()
CRITICAL - 2023-05-20 12:20:39 --> Invalid file: template/bank-pro/shop.php
in SYSTEMPATH/Exceptions/FrameworkException.php on line 33.
 1 SYSTEMPATH/View/View.php(201): CodeIgniter\Exceptions\FrameworkException::forInvalidFile('template/bank-pro/shop.php')
 2 SYSTEMPATH/Common.php(1142): CodeIgniter\View\View->render('template/bank-pro/shop', [], true)
 3 APPPATH/Controllers/Pages.php(40): view('template/bank-pro/shop', [...])
 4 SYSTEMPATH/CodeIgniter.php(907): App\Controllers\Pages->view('shop', 'wp-includes', 'wlwmanifest.xml')
 5 SYSTEMPATH/CodeIgniter.php(457): CodeIgniter\CodeIgniter->runController(Object(App\Controllers\Pages))
 6 SYSTEMPATH/CodeIgniter.php(340): CodeIgniter\CodeIgniter->handleRequest(null, Object(Config\Cache), false)
 7 FCPATH/index.php(71): CodeIgniter\CodeIgniter->run()
CRITICAL - 2023-05-20 12:20:39 --> Invalid file: template/bank-pro/wp1.php
in SYSTEMPATH/Exceptions/FrameworkException.php on line 33.
 1 SYSTEMPATH/View/View.php(201): CodeIgniter\Exceptions\FrameworkException::forInvalidFile('template/bank-pro/wp1.php')
 2 SYSTEMPATH/Common.php(1142): CodeIgniter\View\View->render('template/bank-pro/wp1', [], true)
 3 APPPATH/Controllers/Pages.php(40): view('template/bank-pro/wp1', [...])
 4 SYSTEMPATH/CodeIgniter.php(907): App\Controllers\Pages->view('wp1', 'wp-includes', 'wlwmanifest.xml')
 5 SYSTEMPATH/CodeIgniter.php(457): CodeIgniter\CodeIgniter->runController(Object(App\Controllers\Pages))
 6 SYSTEMPATH/CodeIgniter.php(340): CodeIgniter\CodeIgniter->handleRequest(null, Object(Config\Cache), false)
 7 FCPATH/index.php(71): CodeIgniter\CodeIgniter->run()
CRITICAL - 2023-05-20 12:20:40 --> Invalid file: template/bank-pro/test.php
in SYSTEMPATH/Exceptions/FrameworkException.php on line 33.
 1 SYSTEMPATH/View/View.php(201): CodeIgniter\Exceptions\FrameworkException::forInvalidFile('template/bank-pro/test.php')
 2 SYSTEMPATH/Common.php(1142): CodeIgniter\View\View->render('template/bank-pro/test', [], true)
 3 APPPATH/Controllers/Pages.php(40): view('template/bank-pro/test', [...])
 4 SYSTEMPATH/CodeIgniter.php(907): App\Controllers\Pages->view('test', 'wp-includes', 'wlwmanifest.xml')
 5 SYSTEMPATH/CodeIgniter.php(457): CodeIgniter\CodeIgniter->runController(Object(App\Controllers\Pages))
 6 SYSTEMPATH/CodeIgniter.php(340): CodeIgniter\CodeIgniter->handleRequest(null, Object(Config\Cache), false)
 7 FCPATH/index.php(71): CodeIgniter\CodeIgniter->run()
CRITICAL - 2023-05-20 12:20:40 --> Invalid file: template/bank-pro/wp2.php
in SYSTEMPATH/Exceptions/FrameworkException.php on line 33.
 1 SYSTEMPATH/View/View.php(201): CodeIgniter\Exceptions\FrameworkException::forInvalidFile('template/bank-pro/wp2.php')
 2 SYSTEMPATH/Common.php(1142): CodeIgniter\View\View->render('template/bank-pro/wp2', [], true)
 3 APPPATH/Controllers/Pages.php(40): view('template/bank-pro/wp2', [...])
 4 SYSTEMPATH/CodeIgniter.php(907): App\Controllers\Pages->view('wp2', 'wp-includes', 'wlwmanifest.xml')
 5 SYSTEMPATH/CodeIgniter.php(457): CodeIgniter\CodeIgniter->runController(Object(App\Controllers\Pages))
 6 SYSTEMPATH/CodeIgniter.php(340): CodeIgniter\CodeIgniter->handleRequest(null, Object(Config\Cache), false)
 7 FCPATH/index.php(71): CodeIgniter\CodeIgniter->run()
CRITICAL - 2023-05-20 12:20:40 --> Invalid file: template/bank-pro/site.php
in SYSTEMPATH/Exceptions/FrameworkException.php on line 33.
 1 SYSTEMPATH/View/View.php(201): CodeIgniter\Exceptions\FrameworkException::forInvalidFile('template/bank-pro/site.php')
 2 SYSTEMPATH/Common.php(1142): CodeIgniter\View\View->render('template/bank-pro/site', [], true)
 3 APPPATH/Controllers/Pages.php(40): view('template/bank-pro/site', [...])
 4 SYSTEMPATH/CodeIgniter.php(907): App\Controllers\Pages->view('site', 'wp-includes', 'wlwmanifest.xml')
 5 SYSTEMPATH/CodeIgniter.php(457): CodeIgniter\CodeIgniter->runController(Object(App\Controllers\Pages))
 6 SYSTEMPATH/CodeIgniter.php(340): CodeIgniter\CodeIgniter->handleRequest(null, Object(Config\Cache), false)
 7 FCPATH/index.php(71): CodeIgniter\CodeIgniter->run()
CRITICAL - 2023-05-20 12:20:40 --> Invalid file: template/bank-pro/cms.php
in SYSTEMPATH/Exceptions/FrameworkException.php on line 33.
 1 SYSTEMPATH/View/View.php(201): CodeIgniter\Exceptions\FrameworkException::forInvalidFile('template/bank-pro/cms.php')
 2 SYSTEMPATH/Common.php(1142): CodeIgniter\View\View->render('template/bank-pro/cms', [], true)
 3 APPPATH/Controllers/Pages.php(40): view('template/bank-pro/cms', [...])
 4 SYSTEMPATH/CodeIgniter.php(907): App\Controllers\Pages->view('cms', 'wp-includes', 'wlwmanifest.xml')
 5 SYSTEMPATH/CodeIgniter.php(457): CodeIgniter\CodeIgniter->runController(Object(App\Controllers\Pages))
 6 SYSTEMPATH/CodeIgniter.php(340): CodeIgniter\CodeIgniter->handleRequest(null, Object(Config\Cache), false)
 7 FCPATH/index.php(71): CodeIgniter\CodeIgniter->run()
CRITICAL - 2023-05-20 12:20:41 --> Invalid file: template/bank-pro/sito.php
in SYSTEMPATH/Exceptions/FrameworkException.php on line 33.
 1 SYSTEMPATH/View/View.php(201): CodeIgniter\Exceptions\FrameworkException::forInvalidFile('template/bank-pro/sito.php')
 2 SYSTEMPATH/Common.php(1142): CodeIgniter\View\View->render('template/bank-pro/sito', [], true)
 3 APPPATH/Controllers/Pages.php(40): view('template/bank-pro/sito', [...])
 4 SYSTEMPATH/CodeIgniter.php(907): App\Controllers\Pages->view('sito', 'wp-includes', 'wlwmanifest.xml')
 5 SYSTEMPATH/CodeIgniter.php(457): CodeIgniter\CodeIgniter->runController(Object(App\Controllers\Pages))
 6 SYSTEMPATH/CodeIgniter.php(340): CodeIgniter\CodeIgniter->handleRequest(null, Object(Config\Cache), false)
 7 FCPATH/index.php(71): CodeIgniter\CodeIgniter->run()
CRITICAL - 2023-05-20 13:04:53 --> Invalid file: template/bank-pro/wp-includes.php
in SYSTEMPATH/Exceptions/FrameworkException.php on line 33.
 1 SYSTEMPATH/View/View.php(201): CodeIgniter\Exceptions\FrameworkException::forInvalidFile('template/bank-pro/wp-includes.php')
 2 SYSTEMPATH/Common.php(1142): CodeIgniter\View\View->render('template/bank-pro/wp-includes', [], true)
 3 APPPATH/Controllers/Pages.php(40): view('template/bank-pro/wp-includes', [...])
 4 SYSTEMPATH/CodeIgniter.php(907): App\Controllers\Pages->view('wp-includes', 'wlwmanifest.xml')
 5 SYSTEMPATH/CodeIgniter.php(457): CodeIgniter\CodeIgniter->runController(Object(App\Controllers\Pages))
 6 SYSTEMPATH/CodeIgniter.php(340): CodeIgniter\CodeIgniter->handleRequest(null, Object(Config\Cache), false)
 7 FCPATH/index.php(71): CodeIgniter\CodeIgniter->run()
CRITICAL - 2023-05-20 13:04:55 --> Invalid file: template/bank-pro/blog.php
in SYSTEMPATH/Exceptions/FrameworkException.php on line 33.
 1 SYSTEMPATH/View/View.php(201): CodeIgniter\Exceptions\FrameworkException::forInvalidFile('template/bank-pro/blog.php')
 2 SYSTEMPATH/Common.php(1142): CodeIgniter\View\View->render('template/bank-pro/blog', [], true)
 3 APPPATH/Controllers/Pages.php(40): view('template/bank-pro/blog', [...])
 4 SYSTEMPATH/CodeIgniter.php(907): App\Controllers\Pages->view('blog', 'wp-includes', 'wlwmanifest.xml')
 5 SYSTEMPATH/CodeIgniter.php(457): CodeIgniter\CodeIgniter->runController(Object(App\Controllers\Pages))
 6 SYSTEMPATH/CodeIgniter.php(340): CodeIgniter\CodeIgniter->handleRequest(null, Object(Config\Cache), false)
 7 FCPATH/index.php(71): CodeIgniter\CodeIgniter->run()
CRITICAL - 2023-05-20 13:04:55 --> Invalid file: template/bank-pro/web.php
in SYSTEMPATH/Exceptions/FrameworkException.php on line 33.
 1 SYSTEMPATH/View/View.php(201): CodeIgniter\Exceptions\FrameworkException::forInvalidFile('template/bank-pro/web.php')
 2 SYSTEMPATH/Common.php(1142): CodeIgniter\View\View->render('template/bank-pro/web', [], true)
 3 APPPATH/Controllers/Pages.php(40): view('template/bank-pro/web', [...])
 4 SYSTEMPATH/CodeIgniter.php(907): App\Controllers\Pages->view('web', 'wp-includes', 'wlwmanifest.xml')
 5 SYSTEMPATH/CodeIgniter.php(457): CodeIgniter\CodeIgniter->runController(Object(App\Controllers\Pages))
 6 SYSTEMPATH/CodeIgniter.php(340): CodeIgniter\CodeIgniter->handleRequest(null, Object(Config\Cache), false)
 7 FCPATH/index.php(71): CodeIgniter\CodeIgniter->run()
CRITICAL - 2023-05-20 13:04:55 --> Invalid file: template/bank-pro/wordpress.php
in SYSTEMPATH/Exceptions/FrameworkException.php on line 33.
 1 SYSTEMPATH/View/View.php(201): CodeIgniter\Exceptions\FrameworkException::forInvalidFile('template/bank-pro/wordpress.php')
 2 SYSTEMPATH/Common.php(1142): CodeIgniter\View\View->render('template/bank-pro/wordpress', [], true)
 3 APPPATH/Controllers/Pages.php(40): view('template/bank-pro/wordpress', [...])
 4 SYSTEMPATH/CodeIgniter.php(907): App\Controllers\Pages->view('wordpress', 'wp-includes', 'wlwmanifest.xml')
 5 SYSTEMPATH/CodeIgniter.php(457): CodeIgniter\CodeIgniter->runController(Object(App\Controllers\Pages))
 6 SYSTEMPATH/CodeIgniter.php(340): CodeIgniter\CodeIgniter->handleRequest(null, Object(Config\Cache), false)
 7 FCPATH/index.php(71): CodeIgniter\CodeIgniter->run()
CRITICAL - 2023-05-20 13:04:55 --> Invalid file: template/bank-pro/website.php
in SYSTEMPATH/Exceptions/FrameworkException.php on line 33.
 1 SYSTEMPATH/View/View.php(201): CodeIgniter\Exceptions\FrameworkException::forInvalidFile('template/bank-pro/website.php')
 2 SYSTEMPATH/Common.php(1142): CodeIgniter\View\View->render('template/bank-pro/website', [], true)
 3 APPPATH/Controllers/Pages.php(40): view('template/bank-pro/website', [...])
 4 SYSTEMPATH/CodeIgniter.php(907): App\Controllers\Pages->view('website', 'wp-includes', 'wlwmanifest.xml')
 5 SYSTEMPATH/CodeIgniter.php(457): CodeIgniter\CodeIgniter->runController(Object(App\Controllers\Pages))
 6 SYSTEMPATH/CodeIgniter.php(340): CodeIgniter\CodeIgniter->handleRequest(null, Object(Config\Cache), false)
 7 FCPATH/index.php(71): CodeIgniter\CodeIgniter->run()
CRITICAL - 2023-05-20 13:04:56 --> Invalid file: template/bank-pro/wp.php
in SYSTEMPATH/Exceptions/FrameworkException.php on line 33.
 1 SYSTEMPATH/View/View.php(201): CodeIgniter\Exceptions\FrameworkException::forInvalidFile('template/bank-pro/wp.php')
 2 SYSTEMPATH/Common.php(1142): CodeIgniter\View\View->render('template/bank-pro/wp', [], true)
 3 APPPATH/Controllers/Pages.php(40): view('template/bank-pro/wp', [...])
 4 SYSTEMPATH/CodeIgniter.php(907): App\Controllers\Pages->view('wp', 'wp-includes', 'wlwmanifest.xml')
 5 SYSTEMPATH/CodeIgniter.php(457): CodeIgniter\CodeIgniter->runController(Object(App\Controllers\Pages))
 6 SYSTEMPATH/CodeIgniter.php(340): CodeIgniter\CodeIgniter->handleRequest(null, Object(Config\Cache), false)
 7 FCPATH/index.php(71): CodeIgniter\CodeIgniter->run()
CRITICAL - 2023-05-20 13:04:57 --> Invalid file: template/bank-pro/2020.php
in SYSTEMPATH/Exceptions/FrameworkException.php on line 33.
 1 SYSTEMPATH/View/View.php(201): CodeIgniter\Exceptions\FrameworkException::forInvalidFile('template/bank-pro/2020.php')
 2 SYSTEMPATH/Common.php(1142): CodeIgniter\View\View->render('template/bank-pro/2020', [], true)
 3 APPPATH/Controllers/Pages.php(40): view('template/bank-pro/2020', [...])
 4 SYSTEMPATH/CodeIgniter.php(907): App\Controllers\Pages->view('2020', 'wp-includes', 'wlwmanifest.xml')
 5 SYSTEMPATH/CodeIgniter.php(457): CodeIgniter\CodeIgniter->runController(Object(App\Controllers\Pages))
 6 SYSTEMPATH/CodeIgniter.php(340): CodeIgniter\CodeIgniter->handleRequest(null, Object(Config\Cache), false)
 7 FCPATH/index.php(71): CodeIgniter\CodeIgniter->run()
CRITICAL - 2023-05-20 13:04:57 --> Invalid file: template/bank-pro/2019.php
in SYSTEMPATH/Exceptions/FrameworkException.php on line 33.
 1 SYSTEMPATH/View/View.php(201): CodeIgniter\Exceptions\FrameworkException::forInvalidFile('template/bank-pro/2019.php')
 2 SYSTEMPATH/Common.php(1142): CodeIgniter\View\View->render('template/bank-pro/2019', [], true)
 3 APPPATH/Controllers/Pages.php(40): view('template/bank-pro/2019', [...])
 4 SYSTEMPATH/CodeIgniter.php(907): App\Controllers\Pages->view('2019', 'wp-includes', 'wlwmanifest.xml')
 5 SYSTEMPATH/CodeIgniter.php(457): CodeIgniter\CodeIgniter->runController(Object(App\Controllers\Pages))
 6 SYSTEMPATH/CodeIgniter.php(340): CodeIgniter\CodeIgniter->handleRequest(null, Object(Config\Cache), false)
 7 FCPATH/index.php(71): CodeIgniter\CodeIgniter->run()
CRITICAL - 2023-05-20 13:04:57 --> Invalid file: template/bank-pro/shop.php
in SYSTEMPATH/Exceptions/FrameworkException.php on line 33.
 1 SYSTEMPATH/View/View.php(201): CodeIgniter\Exceptions\FrameworkException::forInvalidFile('template/bank-pro/shop.php')
 2 SYSTEMPATH/Common.php(1142): CodeIgniter\View\View->render('template/bank-pro/shop', [], true)
 3 APPPATH/Controllers/Pages.php(40): view('template/bank-pro/shop', [...])
 4 SYSTEMPATH/CodeIgniter.php(907): App\Controllers\Pages->view('shop', 'wp-includes', 'wlwmanifest.xml')
 5 SYSTEMPATH/CodeIgniter.php(457): CodeIgniter\CodeIgniter->runController(Object(App\Controllers\Pages))
 6 SYSTEMPATH/CodeIgniter.php(340): CodeIgniter\CodeIgniter->handleRequest(null, Object(Config\Cache), false)
 7 FCPATH/index.php(71): CodeIgniter\CodeIgniter->run()
CRITICAL - 2023-05-20 13:04:58 --> Invalid file: template/bank-pro/wp1.php
in SYSTEMPATH/Exceptions/FrameworkException.php on line 33.
 1 SYSTEMPATH/View/View.php(201): CodeIgniter\Exceptions\FrameworkException::forInvalidFile('template/bank-pro/wp1.php')
 2 SYSTEMPATH/Common.php(1142): CodeIgniter\View\View->render('template/bank-pro/wp1', [], true)
 3 APPPATH/Controllers/Pages.php(40): view('template/bank-pro/wp1', [...])
 4 SYSTEMPATH/CodeIgniter.php(907): App\Controllers\Pages->view('wp1', 'wp-includes', 'wlwmanifest.xml')
 5 SYSTEMPATH/CodeIgniter.php(457): CodeIgniter\CodeIgniter->runController(Object(App\Controllers\Pages))
 6 SYSTEMPATH/CodeIgniter.php(340): CodeIgniter\CodeIgniter->handleRequest(null, Object(Config\Cache), false)
 7 FCPATH/index.php(71): CodeIgniter\CodeIgniter->run()
CRITICAL - 2023-05-20 13:04:58 --> Invalid file: template/bank-pro/test.php
in SYSTEMPATH/Exceptions/FrameworkException.php on line 33.
 1 SYSTEMPATH/View/View.php(201): CodeIgniter\Exceptions\FrameworkException::forInvalidFile('template/bank-pro/test.php')
 2 SYSTEMPATH/Common.php(1142): CodeIgniter\View\View->render('template/bank-pro/test', [], true)
 3 APPPATH/Controllers/Pages.php(40): view('template/bank-pro/test', [...])
 4 SYSTEMPATH/CodeIgniter.php(907): App\Controllers\Pages->view('test', 'wp-includes', 'wlwmanifest.xml')
 5 SYSTEMPATH/CodeIgniter.php(457): CodeIgniter\CodeIgniter->runController(Object(App\Controllers\Pages))
 6 SYSTEMPATH/CodeIgniter.php(340): CodeIgniter\CodeIgniter->handleRequest(null, Object(Config\Cache), false)
 7 FCPATH/index.php(71): CodeIgniter\CodeIgniter->run()
CRITICAL - 2023-05-20 13:04:58 --> Invalid file: template/bank-pro/wp2.php
in SYSTEMPATH/Exceptions/FrameworkException.php on line 33.
 1 SYSTEMPATH/View/View.php(201): CodeIgniter\Exceptions\FrameworkException::forInvalidFile('template/bank-pro/wp2.php')
 2 SYSTEMPATH/Common.php(1142): CodeIgniter\View\View->render('template/bank-pro/wp2', [], true)
 3 APPPATH/Controllers/Pages.php(40): view('template/bank-pro/wp2', [...])
 4 SYSTEMPATH/CodeIgniter.php(907): App\Controllers\Pages->view('wp2', 'wp-includes', 'wlwmanifest.xml')
 5 SYSTEMPATH/CodeIgniter.php(457): CodeIgniter\CodeIgniter->runController(Object(App\Controllers\Pages))
 6 SYSTEMPATH/CodeIgniter.php(340): CodeIgniter\CodeIgniter->handleRequest(null, Object(Config\Cache), false)
 7 FCPATH/index.php(71): CodeIgniter\CodeIgniter->run()
CRITICAL - 2023-05-20 13:04:59 --> Invalid file: template/bank-pro/site.php
in SYSTEMPATH/Exceptions/FrameworkException.php on line 33.
 1 SYSTEMPATH/View/View.php(201): CodeIgniter\Exceptions\FrameworkException::forInvalidFile('template/bank-pro/site.php')
 2 SYSTEMPATH/Common.php(1142): CodeIgniter\View\View->render('template/bank-pro/site', [], true)
 3 APPPATH/Controllers/Pages.php(40): view('template/bank-pro/site', [...])
 4 SYSTEMPATH/CodeIgniter.php(907): App\Controllers\Pages->view('site', 'wp-includes', 'wlwmanifest.xml')
 5 SYSTEMPATH/CodeIgniter.php(457): CodeIgniter\CodeIgniter->runController(Object(App\Controllers\Pages))
 6 SYSTEMPATH/CodeIgniter.php(340): CodeIgniter\CodeIgniter->handleRequest(null, Object(Config\Cache), false)
 7 FCPATH/index.php(71): CodeIgniter\CodeIgniter->run()
CRITICAL - 2023-05-20 13:04:59 --> Invalid file: template/bank-pro/cms.php
in SYSTEMPATH/Exceptions/FrameworkException.php on line 33.
 1 SYSTEMPATH/View/View.php(201): CodeIgniter\Exceptions\FrameworkException::forInvalidFile('template/bank-pro/cms.php')
 2 SYSTEMPATH/Common.php(1142): CodeIgniter\View\View->render('template/bank-pro/cms', [], true)
 3 APPPATH/Controllers/Pages.php(40): view('template/bank-pro/cms', [...])
 4 SYSTEMPATH/CodeIgniter.php(907): App\Controllers\Pages->view('cms', 'wp-includes', 'wlwmanifest.xml')
 5 SYSTEMPATH/CodeIgniter.php(457): CodeIgniter\CodeIgniter->runController(Object(App\Controllers\Pages))
 6 SYSTEMPATH/CodeIgniter.php(340): CodeIgniter\CodeIgniter->handleRequest(null, Object(Config\Cache), false)
 7 FCPATH/index.php(71): CodeIgniter\CodeIgniter->run()
CRITICAL - 2023-05-20 13:04:59 --> Invalid file: template/bank-pro/sito.php
in SYSTEMPATH/Exceptions/FrameworkException.php on line 33.
 1 SYSTEMPATH/View/View.php(201): CodeIgniter\Exceptions\FrameworkException::forInvalidFile('template/bank-pro/sito.php')
 2 SYSTEMPATH/Common.php(1142): CodeIgniter\View\View->render('template/bank-pro/sito', [], true)
 3 APPPATH/Controllers/Pages.php(40): view('template/bank-pro/sito', [...])
 4 SYSTEMPATH/CodeIgniter.php(907): App\Controllers\Pages->view('sito', 'wp-includes', 'wlwmanifest.xml')
 5 SYSTEMPATH/CodeIgniter.php(457): CodeIgniter\CodeIgniter->runController(Object(App\Controllers\Pages))
 6 SYSTEMPATH/CodeIgniter.php(340): CodeIgniter\CodeIgniter->handleRequest(null, Object(Config\Cache), false)
 7 FCPATH/index.php(71): CodeIgniter\CodeIgniter->run()
CRITICAL - 2023-05-20 17:20:30 --> Invalid file: template/bank-pro/th1s_1s_a_4o4.html
in SYSTEMPATH/Exceptions/FrameworkException.php on line 33.
 1 SYSTEMPATH/View/View.php(201): CodeIgniter\Exceptions\FrameworkException::forInvalidFile('template/bank-pro/th1s_1s_a_4o4.html')
 2 SYSTEMPATH/Common.php(1142): CodeIgniter\View\View->render('template/bank-pro/th1s_1s_a_4o4.html', [], true)
 3 APPPATH/Controllers/Pages.php(40): view('template/bank-pro/th1s_1s_a_4o4.html', [...])
 4 SYSTEMPATH/CodeIgniter.php(907): App\Controllers\Pages->view('th1s_1s_a_4o4.html')
 5 SYSTEMPATH/CodeIgniter.php(457): CodeIgniter\CodeIgniter->runController(Object(App\Controllers\Pages))
 6 SYSTEMPATH/CodeIgniter.php(340): CodeIgniter\CodeIgniter->handleRequest(null, Object(Config\Cache), false)
 7 FCPATH/index.php(71): CodeIgniter\CodeIgniter->run()
CRITICAL - 2023-05-20 17:20:31 --> Invalid file: template/bank-pro/th1s_1s_a_4o4.html
in SYSTEMPATH/Exceptions/FrameworkException.php on line 33.
 1 SYSTEMPATH/View/View.php(201): CodeIgniter\Exceptions\FrameworkException::forInvalidFile('template/bank-pro/th1s_1s_a_4o4.html')
 2 SYSTEMPATH/Common.php(1142): CodeIgniter\View\View->render('template/bank-pro/th1s_1s_a_4o4.html', [], true)
 3 APPPATH/Controllers/Pages.php(40): view('template/bank-pro/th1s_1s_a_4o4.html', [...])
 4 SYSTEMPATH/CodeIgniter.php(907): App\Controllers\Pages->view('th1s_1s_a_4o4.html')
 5 SYSTEMPATH/CodeIgniter.php(457): CodeIgniter\CodeIgniter->runController(Object(App\Controllers\Pages))
 6 SYSTEMPATH/CodeIgniter.php(340): CodeIgniter\CodeIgniter->handleRequest(null, Object(Config\Cache), false)
 7 FCPATH/index.php(71): CodeIgniter\CodeIgniter->run()
CRITICAL - 2023-05-20 17:20:37 --> Invalid file: template/bank-pro/learn-and-plane305.html
in SYSTEMPATH/Exceptions/FrameworkException.php on line 33.
 1 SYSTEMPATH/View/View.php(201): CodeIgniter\Exceptions\FrameworkException::forInvalidFile('template/bank-pro/learn-and-plane305.html')
 2 SYSTEMPATH/Common.php(1142): CodeIgniter\View\View->render('template/bank-pro/learn-and-plane305.html', [], true)
 3 APPPATH/Controllers/Pages.php(40): view('template/bank-pro/learn-and-plane305.html', [...])
 4 SYSTEMPATH/CodeIgniter.php(907): App\Controllers\Pages->view('learn-and-plane305.html')
 5 SYSTEMPATH/CodeIgniter.php(457): CodeIgniter\CodeIgniter->runController(Object(App\Controllers\Pages))
 6 SYSTEMPATH/CodeIgniter.php(340): CodeIgniter\CodeIgniter->handleRequest(null, Object(Config\Cache), false)
 7 FCPATH/index.php(71): CodeIgniter\CodeIgniter->run()
CRITICAL - 2023-05-20 17:20:37 --> Invalid file: template/bank-pro/learn-and-plane305.html
in SYSTEMPATH/Exceptions/FrameworkException.php on line 33.
 1 SYSTEMPATH/View/View.php(201): CodeIgniter\Exceptions\FrameworkException::forInvalidFile('template/bank-pro/learn-and-plane305.html')
 2 SYSTEMPATH/Common.php(1142): CodeIgniter\View\View->render('template/bank-pro/learn-and-plane305.html', [], true)
 3 APPPATH/Controllers/Pages.php(40): view('template/bank-pro/learn-and-plane305.html', [...])
 4 SYSTEMPATH/CodeIgniter.php(907): App\Controllers\Pages->view('learn-and-plane305.html')
 5 SYSTEMPATH/CodeIgniter.php(457): CodeIgniter\CodeIgniter->runController(Object(App\Controllers\Pages))
 6 SYSTEMPATH/CodeIgniter.php(340): CodeIgniter\CodeIgniter->handleRequest(null, Object(Config\Cache), false)
 7 FCPATH/index.php(71): CodeIgniter\CodeIgniter->run()
CRITICAL - 2023-05-20 17:20:37 --> Invalid file: template/bank-pro/checking-accounts.php
in SYSTEMPATH/Exceptions/FrameworkException.php on line 33.
 1 SYSTEMPATH/View/View.php(201): CodeIgniter\Exceptions\FrameworkException::forInvalidFile('template/bank-pro/checking-accounts.php')
 2 SYSTEMPATH/Common.php(1142): CodeIgniter\View\View->render('template/bank-pro/checking-accounts', [], true)
 3 APPPATH/Controllers/Pages.php(40): view('template/bank-pro/checking-accounts', [...])
 4 SYSTEMPATH/CodeIgniter.php(907): App\Controllers\Pages->view('checking-accounts')
 5 SYSTEMPATH/CodeIgniter.php(457): CodeIgniter\CodeIgniter->runController(Object(App\Controllers\Pages))
 6 SYSTEMPATH/CodeIgniter.php(340): CodeIgniter\CodeIgniter->handleRequest(null, Object(Config\Cache), false)
 7 FCPATH/index.php(71): CodeIgniter\CodeIgniter->run()
CRITICAL - 2023-05-20 17:20:38 --> Invalid file: template/bank-pro/checking-accounts.php
in SYSTEMPATH/Exceptions/FrameworkException.php on line 33.
 1 SYSTEMPATH/View/View.php(201): CodeIgniter\Exceptions\FrameworkException::forInvalidFile('template/bank-pro/checking-accounts.php')
 2 SYSTEMPATH/Common.php(1142): CodeIgniter\View\View->render('template/bank-pro/checking-accounts', [], true)
 3 APPPATH/Controllers/Pages.php(40): view('template/bank-pro/checking-accounts', [...])
 4 SYSTEMPATH/CodeIgniter.php(907): App\Controllers\Pages->view('checking-accounts')
 5 SYSTEMPATH/CodeIgniter.php(457): CodeIgniter\CodeIgniter->runController(Object(App\Controllers\Pages))
 6 SYSTEMPATH/CodeIgniter.php(340): CodeIgniter\CodeIgniter->handleRequest(null, Object(Config\Cache), false)
 7 FCPATH/index.php(71): CodeIgniter\CodeIgniter->run()
CRITICAL - 2023-05-20 17:46:47 --> Invalid file: template/bank-pro/wp-includes.php
in SYSTEMPATH/Exceptions/FrameworkException.php on line 33.
 1 SYSTEMPATH/View/View.php(201): CodeIgniter\Exceptions\FrameworkException::forInvalidFile('template/bank-pro/wp-includes.php')
 2 SYSTEMPATH/Common.php(1142): CodeIgniter\View\View->render('template/bank-pro/wp-includes', [], true)
 3 APPPATH/Controllers/Pages.php(40): view('template/bank-pro/wp-includes', [...])
 4 SYSTEMPATH/CodeIgniter.php(907): App\Controllers\Pages->view('wp-includes', 'wlwmanifest.xml')
 5 SYSTEMPATH/CodeIgniter.php(457): CodeIgniter\CodeIgniter->runController(Object(App\Controllers\Pages))
 6 SYSTEMPATH/CodeIgniter.php(340): CodeIgniter\CodeIgniter->handleRequest(null, Object(Config\Cache), false)
 7 FCPATH/index.php(71): CodeIgniter\CodeIgniter->run()
CRITICAL - 2023-05-20 17:46:47 --> Invalid file: template/bank-pro/blog.php
in SYSTEMPATH/Exceptions/FrameworkException.php on line 33.
 1 SYSTEMPATH/View/View.php(201): CodeIgniter\Exceptions\FrameworkException::forInvalidFile('template/bank-pro/blog.php')
 2 SYSTEMPATH/Common.php(1142): CodeIgniter\View\View->render('template/bank-pro/blog', [], true)
 3 APPPATH/Controllers/Pages.php(40): view('template/bank-pro/blog', [...])
 4 SYSTEMPATH/CodeIgniter.php(907): App\Controllers\Pages->view('blog', 'wp-includes', 'wlwmanifest.xml')
 5 SYSTEMPATH/CodeIgniter.php(457): CodeIgniter\CodeIgniter->runController(Object(App\Controllers\Pages))
 6 SYSTEMPATH/CodeIgniter.php(340): CodeIgniter\CodeIgniter->handleRequest(null, Object(Config\Cache), false)
 7 FCPATH/index.php(71): CodeIgniter\CodeIgniter->run()
CRITICAL - 2023-05-20 17:46:47 --> Invalid file: template/bank-pro/web.php
in SYSTEMPATH/Exceptions/FrameworkException.php on line 33.
 1 SYSTEMPATH/View/View.php(201): CodeIgniter\Exceptions\FrameworkException::forInvalidFile('template/bank-pro/web.php')
 2 SYSTEMPATH/Common.php(1142): CodeIgniter\View\View->render('template/bank-pro/web', [], true)
 3 APPPATH/Controllers/Pages.php(40): view('template/bank-pro/web', [...])
 4 SYSTEMPATH/CodeIgniter.php(907): App\Controllers\Pages->view('web', 'wp-includes', 'wlwmanifest.xml')
 5 SYSTEMPATH/CodeIgniter.php(457): CodeIgniter\CodeIgniter->runController(Object(App\Controllers\Pages))
 6 SYSTEMPATH/CodeIgniter.php(340): CodeIgniter\CodeIgniter->handleRequest(null, Object(Config\Cache), false)
 7 FCPATH/index.php(71): CodeIgniter\CodeIgniter->run()
CRITICAL - 2023-05-20 17:46:47 --> Invalid file: template/bank-pro/wordpress.php
in SYSTEMPATH/Exceptions/FrameworkException.php on line 33.
 1 SYSTEMPATH/View/View.php(201): CodeIgniter\Exceptions\FrameworkException::forInvalidFile('template/bank-pro/wordpress.php')
 2 SYSTEMPATH/Common.php(1142): CodeIgniter\View\View->render('template/bank-pro/wordpress', [], true)
 3 APPPATH/Controllers/Pages.php(40): view('template/bank-pro/wordpress', [...])
 4 SYSTEMPATH/CodeIgniter.php(907): App\Controllers\Pages->view('wordpress', 'wp-includes', 'wlwmanifest.xml')
 5 SYSTEMPATH/CodeIgniter.php(457): CodeIgniter\CodeIgniter->runController(Object(App\Controllers\Pages))
 6 SYSTEMPATH/CodeIgniter.php(340): CodeIgniter\CodeIgniter->handleRequest(null, Object(Config\Cache), false)
 7 FCPATH/index.php(71): CodeIgniter\CodeIgniter->run()
CRITICAL - 2023-05-20 17:46:47 --> Invalid file: template/bank-pro/website.php
in SYSTEMPATH/Exceptions/FrameworkException.php on line 33.
 1 SYSTEMPATH/View/View.php(201): CodeIgniter\Exceptions\FrameworkException::forInvalidFile('template/bank-pro/website.php')
 2 SYSTEMPATH/Common.php(1142): CodeIgniter\View\View->render('template/bank-pro/website', [], true)
 3 APPPATH/Controllers/Pages.php(40): view('template/bank-pro/website', [...])
 4 SYSTEMPATH/CodeIgniter.php(907): App\Controllers\Pages->view('website', 'wp-includes', 'wlwmanifest.xml')
 5 SYSTEMPATH/CodeIgniter.php(457): CodeIgniter\CodeIgniter->runController(Object(App\Controllers\Pages))
 6 SYSTEMPATH/CodeIgniter.php(340): CodeIgniter\CodeIgniter->handleRequest(null, Object(Config\Cache), false)
 7 FCPATH/index.php(71): CodeIgniter\CodeIgniter->run()
CRITICAL - 2023-05-20 17:46:48 --> Invalid file: template/bank-pro/wp.php
in SYSTEMPATH/Exceptions/FrameworkException.php on line 33.
 1 SYSTEMPATH/View/View.php(201): CodeIgniter\Exceptions\FrameworkException::forInvalidFile('template/bank-pro/wp.php')
 2 SYSTEMPATH/Common.php(1142): CodeIgniter\View\View->render('template/bank-pro/wp', [], true)
 3 APPPATH/Controllers/Pages.php(40): view('template/bank-pro/wp', [...])
 4 SYSTEMPATH/CodeIgniter.php(907): App\Controllers\Pages->view('wp', 'wp-includes', 'wlwmanifest.xml')
 5 SYSTEMPATH/CodeIgniter.php(457): CodeIgniter\CodeIgniter->runController(Object(App\Controllers\Pages))
 6 SYSTEMPATH/CodeIgniter.php(340): CodeIgniter\CodeIgniter->handleRequest(null, Object(Config\Cache), false)
 7 FCPATH/index.php(71): CodeIgniter\CodeIgniter->run()
CRITICAL - 2023-05-20 17:46:48 --> Invalid file: template/bank-pro/2018.php
in SYSTEMPATH/Exceptions/FrameworkException.php on line 33.
 1 SYSTEMPATH/View/View.php(201): CodeIgniter\Exceptions\FrameworkException::forInvalidFile('template/bank-pro/2018.php')
 2 SYSTEMPATH/Common.php(1142): CodeIgniter\View\View->render('template/bank-pro/2018', [], true)
 3 APPPATH/Controllers/Pages.php(40): view('template/bank-pro/2018', [...])
 4 SYSTEMPATH/CodeIgniter.php(907): App\Controllers\Pages->view('2018', 'wp-includes', 'wlwmanifest.xml')
 5 SYSTEMPATH/CodeIgniter.php(457): CodeIgniter\CodeIgniter->runController(Object(App\Controllers\Pages))
 6 SYSTEMPATH/CodeIgniter.php(340): CodeIgniter\CodeIgniter->handleRequest(null, Object(Config\Cache), false)
 7 FCPATH/index.php(71): CodeIgniter\CodeIgniter->run()
CRITICAL - 2023-05-20 17:46:48 --> Invalid file: template/bank-pro/2019.php
in SYSTEMPATH/Exceptions/FrameworkException.php on line 33.
 1 SYSTEMPATH/View/View.php(201): CodeIgniter\Exceptions\FrameworkException::forInvalidFile('template/bank-pro/2019.php')
 2 SYSTEMPATH/Common.php(1142): CodeIgniter\View\View->render('template/bank-pro/2019', [], true)
 3 APPPATH/Controllers/Pages.php(40): view('template/bank-pro/2019', [...])
 4 SYSTEMPATH/CodeIgniter.php(907): App\Controllers\Pages->view('2019', 'wp-includes', 'wlwmanifest.xml')
 5 SYSTEMPATH/CodeIgniter.php(457): CodeIgniter\CodeIgniter->runController(Object(App\Controllers\Pages))
 6 SYSTEMPATH/CodeIgniter.php(340): CodeIgniter\CodeIgniter->handleRequest(null, Object(Config\Cache), false)
 7 FCPATH/index.php(71): CodeIgniter\CodeIgniter->run()
CRITICAL - 2023-05-20 17:46:48 --> Invalid file: template/bank-pro/shop.php
in SYSTEMPATH/Exceptions/FrameworkException.php on line 33.
 1 SYSTEMPATH/View/View.php(201): CodeIgniter\Exceptions\FrameworkException::forInvalidFile('template/bank-pro/shop.php')
 2 SYSTEMPATH/Common.php(1142): CodeIgniter\View\View->render('template/bank-pro/shop', [], true)
 3 APPPATH/Controllers/Pages.php(40): view('template/bank-pro/shop', [...])
 4 SYSTEMPATH/CodeIgniter.php(907): App\Controllers\Pages->view('shop', 'wp-includes', 'wlwmanifest.xml')
 5 SYSTEMPATH/CodeIgniter.php(457): CodeIgniter\CodeIgniter->runController(Object(App\Controllers\Pages))
 6 SYSTEMPATH/CodeIgniter.php(340): CodeIgniter\CodeIgniter->handleRequest(null, Object(Config\Cache), false)
 7 FCPATH/index.php(71): CodeIgniter\CodeIgniter->run()
CRITICAL - 2023-05-20 17:46:48 --> Invalid file: template/bank-pro/wp1.php
in SYSTEMPATH/Exceptions/FrameworkException.php on line 33.
 1 SYSTEMPATH/View/View.php(201): CodeIgniter\Exceptions\FrameworkException::forInvalidFile('template/bank-pro/wp1.php')
 2 SYSTEMPATH/Common.php(1142): CodeIgniter\View\View->render('template/bank-pro/wp1', [], true)
 3 APPPATH/Controllers/Pages.php(40): view('template/bank-pro/wp1', [...])
 4 SYSTEMPATH/CodeIgniter.php(907): App\Controllers\Pages->view('wp1', 'wp-includes', 'wlwmanifest.xml')
 5 SYSTEMPATH/CodeIgniter.php(457): CodeIgniter\CodeIgniter->runController(Object(App\Controllers\Pages))
 6 SYSTEMPATH/CodeIgniter.php(340): CodeIgniter\CodeIgniter->handleRequest(null, Object(Config\Cache), false)
 7 FCPATH/index.php(71): CodeIgniter\CodeIgniter->run()
CRITICAL - 2023-05-20 17:46:48 --> Invalid file: template/bank-pro/test.php
in SYSTEMPATH/Exceptions/FrameworkException.php on line 33.
 1 SYSTEMPATH/View/View.php(201): CodeIgniter\Exceptions\FrameworkException::forInvalidFile('template/bank-pro/test.php')
 2 SYSTEMPATH/Common.php(1142): CodeIgniter\View\View->render('template/bank-pro/test', [], true)
 3 APPPATH/Controllers/Pages.php(40): view('template/bank-pro/test', [...])
 4 SYSTEMPATH/CodeIgniter.php(907): App\Controllers\Pages->view('test', 'wp-includes', 'wlwmanifest.xml')
 5 SYSTEMPATH/CodeIgniter.php(457): CodeIgniter\CodeIgniter->runController(Object(App\Controllers\Pages))
 6 SYSTEMPATH/CodeIgniter.php(340): CodeIgniter\CodeIgniter->handleRequest(null, Object(Config\Cache), false)
 7 FCPATH/index.php(71): CodeIgniter\CodeIgniter->run()
CRITICAL - 2023-05-20 17:46:48 --> Invalid file: template/bank-pro/media.php
in SYSTEMPATH/Exceptions/FrameworkException.php on line 33.
 1 SYSTEMPATH/View/View.php(201): CodeIgniter\Exceptions\FrameworkException::forInvalidFile('template/bank-pro/media.php')
 2 SYSTEMPATH/Common.php(1142): CodeIgniter\View\View->render('template/bank-pro/media', [], true)
 3 APPPATH/Controllers/Pages.php(40): view('template/bank-pro/media', [...])
 4 SYSTEMPATH/CodeIgniter.php(907): App\Controllers\Pages->view('media', 'wp-includes', 'wlwmanifest.xml')
 5 SYSTEMPATH/CodeIgniter.php(457): CodeIgniter\CodeIgniter->runController(Object(App\Controllers\Pages))
 6 SYSTEMPATH/CodeIgniter.php(340): CodeIgniter\CodeIgniter->handleRequest(null, Object(Config\Cache), false)
 7 FCPATH/index.php(71): CodeIgniter\CodeIgniter->run()
CRITICAL - 2023-05-20 17:46:48 --> Invalid file: template/bank-pro/wp2.php
in SYSTEMPATH/Exceptions/FrameworkException.php on line 33.
 1 SYSTEMPATH/View/View.php(201): CodeIgniter\Exceptions\FrameworkException::forInvalidFile('template/bank-pro/wp2.php')
 2 SYSTEMPATH/Common.php(1142): CodeIgniter\View\View->render('template/bank-pro/wp2', [], true)
 3 APPPATH/Controllers/Pages.php(40): view('template/bank-pro/wp2', [...])
 4 SYSTEMPATH/CodeIgniter.php(907): App\Controllers\Pages->view('wp2', 'wp-includes', 'wlwmanifest.xml')
 5 SYSTEMPATH/CodeIgniter.php(457): CodeIgniter\CodeIgniter->runController(Object(App\Controllers\Pages))
 6 SYSTEMPATH/CodeIgniter.php(340): CodeIgniter\CodeIgniter->handleRequest(null, Object(Config\Cache), false)
 7 FCPATH/index.php(71): CodeIgniter\CodeIgniter->run()
CRITICAL - 2023-05-20 17:46:48 --> Invalid file: template/bank-pro/site.php
in SYSTEMPATH/Exceptions/FrameworkException.php on line 33.
 1 SYSTEMPATH/View/View.php(201): CodeIgniter\Exceptions\FrameworkException::forInvalidFile('template/bank-pro/site.php')
 2 SYSTEMPATH/Common.php(1142): CodeIgniter\View\View->render('template/bank-pro/site', [], true)
 3 APPPATH/Controllers/Pages.php(40): view('template/bank-pro/site', [...])
 4 SYSTEMPATH/CodeIgniter.php(907): App\Controllers\Pages->view('site', 'wp-includes', 'wlwmanifest.xml')
 5 SYSTEMPATH/CodeIgniter.php(457): CodeIgniter\CodeIgniter->runController(Object(App\Controllers\Pages))
 6 SYSTEMPATH/CodeIgniter.php(340): CodeIgniter\CodeIgniter->handleRequest(null, Object(Config\Cache), false)
 7 FCPATH/index.php(71): CodeIgniter\CodeIgniter->run()
CRITICAL - 2023-05-20 17:46:48 --> Invalid file: template/bank-pro/cms.php
in SYSTEMPATH/Exceptions/FrameworkException.php on line 33.
 1 SYSTEMPATH/View/View.php(201): CodeIgniter\Exceptions\FrameworkException::forInvalidFile('template/bank-pro/cms.php')
 2 SYSTEMPATH/Common.php(1142): CodeIgniter\View\View->render('template/bank-pro/cms', [], true)
 3 APPPATH/Controllers/Pages.php(40): view('template/bank-pro/cms', [...])
 4 SYSTEMPATH/CodeIgniter.php(907): App\Controllers\Pages->view('cms', 'wp-includes', 'wlwmanifest.xml')
 5 SYSTEMPATH/CodeIgniter.php(457): CodeIgniter\CodeIgniter->runController(Object(App\Controllers\Pages))
 6 SYSTEMPATH/CodeIgniter.php(340): CodeIgniter\CodeIgniter->handleRequest(null, Object(Config\Cache), false)
 7 FCPATH/index.php(71): CodeIgniter\CodeIgniter->run()
CRITICAL - 2023-05-20 17:46:48 --> Invalid file: template/bank-pro/sito.php
in SYSTEMPATH/Exceptions/FrameworkException.php on line 33.
 1 SYSTEMPATH/View/View.php(201): CodeIgniter\Exceptions\FrameworkException::forInvalidFile('template/bank-pro/sito.php')
 2 SYSTEMPATH/Common.php(1142): CodeIgniter\View\View->render('template/bank-pro/sito', [], true)
 3 APPPATH/Controllers/Pages.php(40): view('template/bank-pro/sito', [...])
 4 SYSTEMPATH/CodeIgniter.php(907): App\Controllers\Pages->view('sito', 'wp-includes', 'wlwmanifest.xml')
 5 SYSTEMPATH/CodeIgniter.php(457): CodeIgniter\CodeIgniter->runController(Object(App\Controllers\Pages))
 6 SYSTEMPATH/CodeIgniter.php(340): CodeIgniter\CodeIgniter->handleRequest(null, Object(Config\Cache), false)
 7 FCPATH/index.php(71): CodeIgniter\CodeIgniter->run()
CRITICAL - 2023-05-20 17:56:54 --> Invalid file: template/bank-pro/wp-includes.php
in SYSTEMPATH/Exceptions/FrameworkException.php on line 33.
 1 SYSTEMPATH/View/View.php(201): CodeIgniter\Exceptions\FrameworkException::forInvalidFile('template/bank-pro/wp-includes.php')
 2 SYSTEMPATH/Common.php(1142): CodeIgniter\View\View->render('template/bank-pro/wp-includes', [], true)
 3 APPPATH/Controllers/Pages.php(40): view('template/bank-pro/wp-includes', [...])
 4 SYSTEMPATH/CodeIgniter.php(907): App\Controllers\Pages->view('wp-includes', 'wlwmanifest.xml')
 5 SYSTEMPATH/CodeIgniter.php(457): CodeIgniter\CodeIgniter->runController(Object(App\Controllers\Pages))
 6 SYSTEMPATH/CodeIgniter.php(340): CodeIgniter\CodeIgniter->handleRequest(null, Object(Config\Cache), false)
 7 FCPATH/index.php(71): CodeIgniter\CodeIgniter->run()
CRITICAL - 2023-05-20 17:56:55 --> Invalid file: template/bank-pro/blog.php
in SYSTEMPATH/Exceptions/FrameworkException.php on line 33.
 1 SYSTEMPATH/View/View.php(201): CodeIgniter\Exceptions\FrameworkException::forInvalidFile('template/bank-pro/blog.php')
 2 SYSTEMPATH/Common.php(1142): CodeIgniter\View\View->render('template/bank-pro/blog', [], true)
 3 APPPATH/Controllers/Pages.php(40): view('template/bank-pro/blog', [...])
 4 SYSTEMPATH/CodeIgniter.php(907): App\Controllers\Pages->view('blog', 'wp-includes', 'wlwmanifest.xml')
 5 SYSTEMPATH/CodeIgniter.php(457): CodeIgniter\CodeIgniter->runController(Object(App\Controllers\Pages))
 6 SYSTEMPATH/CodeIgniter.php(340): CodeIgniter\CodeIgniter->handleRequest(null, Object(Config\Cache), false)
 7 FCPATH/index.php(71): CodeIgniter\CodeIgniter->run()
CRITICAL - 2023-05-20 17:56:55 --> Invalid file: template/bank-pro/web.php
in SYSTEMPATH/Exceptions/FrameworkException.php on line 33.
 1 SYSTEMPATH/View/View.php(201): CodeIgniter\Exceptions\FrameworkException::forInvalidFile('template/bank-pro/web.php')
 2 SYSTEMPATH/Common.php(1142): CodeIgniter\View\View->render('template/bank-pro/web', [], true)
 3 APPPATH/Controllers/Pages.php(40): view('template/bank-pro/web', [...])
 4 SYSTEMPATH/CodeIgniter.php(907): App\Controllers\Pages->view('web', 'wp-includes', 'wlwmanifest.xml')
 5 SYSTEMPATH/CodeIgniter.php(457): CodeIgniter\CodeIgniter->runController(Object(App\Controllers\Pages))
 6 SYSTEMPATH/CodeIgniter.php(340): CodeIgniter\CodeIgniter->handleRequest(null, Object(Config\Cache), false)
 7 FCPATH/index.php(71): CodeIgniter\CodeIgniter->run()
CRITICAL - 2023-05-20 17:56:55 --> Invalid file: template/bank-pro/wordpress.php
in SYSTEMPATH/Exceptions/FrameworkException.php on line 33.
 1 SYSTEMPATH/View/View.php(201): CodeIgniter\Exceptions\FrameworkException::forInvalidFile('template/bank-pro/wordpress.php')
 2 SYSTEMPATH/Common.php(1142): CodeIgniter\View\View->render('template/bank-pro/wordpress', [], true)
 3 APPPATH/Controllers/Pages.php(40): view('template/bank-pro/wordpress', [...])
 4 SYSTEMPATH/CodeIgniter.php(907): App\Controllers\Pages->view('wordpress', 'wp-includes', 'wlwmanifest.xml')
 5 SYSTEMPATH/CodeIgniter.php(457): CodeIgniter\CodeIgniter->runController(Object(App\Controllers\Pages))
 6 SYSTEMPATH/CodeIgniter.php(340): CodeIgniter\CodeIgniter->handleRequest(null, Object(Config\Cache), false)
 7 FCPATH/index.php(71): CodeIgniter\CodeIgniter->run()
CRITICAL - 2023-05-20 17:56:55 --> Invalid file: template/bank-pro/website.php
in SYSTEMPATH/Exceptions/FrameworkException.php on line 33.
 1 SYSTEMPATH/View/View.php(201): CodeIgniter\Exceptions\FrameworkException::forInvalidFile('template/bank-pro/website.php')
 2 SYSTEMPATH/Common.php(1142): CodeIgniter\View\View->render('template/bank-pro/website', [], true)
 3 APPPATH/Controllers/Pages.php(40): view('template/bank-pro/website', [...])
 4 SYSTEMPATH/CodeIgniter.php(907): App\Controllers\Pages->view('website', 'wp-includes', 'wlwmanifest.xml')
 5 SYSTEMPATH/CodeIgniter.php(457): CodeIgniter\CodeIgniter->runController(Object(App\Controllers\Pages))
 6 SYSTEMPATH/CodeIgniter.php(340): CodeIgniter\CodeIgniter->handleRequest(null, Object(Config\Cache), false)
 7 FCPATH/index.php(71): CodeIgniter\CodeIgniter->run()
CRITICAL - 2023-05-20 17:56:55 --> Invalid file: template/bank-pro/wp.php
in SYSTEMPATH/Exceptions/FrameworkException.php on line 33.
 1 SYSTEMPATH/View/View.php(201): CodeIgniter\Exceptions\FrameworkException::forInvalidFile('template/bank-pro/wp.php')
 2 SYSTEMPATH/Common.php(1142): CodeIgniter\View\View->render('template/bank-pro/wp', [], true)
 3 APPPATH/Controllers/Pages.php(40): view('template/bank-pro/wp', [...])
 4 SYSTEMPATH/CodeIgniter.php(907): App\Controllers\Pages->view('wp', 'wp-includes', 'wlwmanifest.xml')
 5 SYSTEMPATH/CodeIgniter.php(457): CodeIgniter\CodeIgniter->runController(Object(App\Controllers\Pages))
 6 SYSTEMPATH/CodeIgniter.php(340): CodeIgniter\CodeIgniter->handleRequest(null, Object(Config\Cache), false)
 7 FCPATH/index.php(71): CodeIgniter\CodeIgniter->run()
CRITICAL - 2023-05-20 17:56:55 --> Invalid file: template/bank-pro/2018.php
in SYSTEMPATH/Exceptions/FrameworkException.php on line 33.
 1 SYSTEMPATH/View/View.php(201): CodeIgniter\Exceptions\FrameworkException::forInvalidFile('template/bank-pro/2018.php')
 2 SYSTEMPATH/Common.php(1142): CodeIgniter\View\View->render('template/bank-pro/2018', [], true)
 3 APPPATH/Controllers/Pages.php(40): view('template/bank-pro/2018', [...])
 4 SYSTEMPATH/CodeIgniter.php(907): App\Controllers\Pages->view('2018', 'wp-includes', 'wlwmanifest.xml')
 5 SYSTEMPATH/CodeIgniter.php(457): CodeIgniter\CodeIgniter->runController(Object(App\Controllers\Pages))
 6 SYSTEMPATH/CodeIgniter.php(340): CodeIgniter\CodeIgniter->handleRequest(null, Object(Config\Cache), false)
 7 FCPATH/index.php(71): CodeIgniter\CodeIgniter->run()
CRITICAL - 2023-05-20 17:56:56 --> Invalid file: template/bank-pro/2019.php
in SYSTEMPATH/Exceptions/FrameworkException.php on line 33.
 1 SYSTEMPATH/View/View.php(201): CodeIgniter\Exceptions\FrameworkException::forInvalidFile('template/bank-pro/2019.php')
 2 SYSTEMPATH/Common.php(1142): CodeIgniter\View\View->render('template/bank-pro/2019', [], true)
 3 APPPATH/Controllers/Pages.php(40): view('template/bank-pro/2019', [...])
 4 SYSTEMPATH/CodeIgniter.php(907): App\Controllers\Pages->view('2019', 'wp-includes', 'wlwmanifest.xml')
 5 SYSTEMPATH/CodeIgniter.php(457): CodeIgniter\CodeIgniter->runController(Object(App\Controllers\Pages))
 6 SYSTEMPATH/CodeIgniter.php(340): CodeIgniter\CodeIgniter->handleRequest(null, Object(Config\Cache), false)
 7 FCPATH/index.php(71): CodeIgniter\CodeIgniter->run()
CRITICAL - 2023-05-20 17:56:56 --> Invalid file: template/bank-pro/shop.php
in SYSTEMPATH/Exceptions/FrameworkException.php on line 33.
 1 SYSTEMPATH/View/View.php(201): CodeIgniter\Exceptions\FrameworkException::forInvalidFile('template/bank-pro/shop.php')
 2 SYSTEMPATH/Common.php(1142): CodeIgniter\View\View->render('template/bank-pro/shop', [], true)
 3 APPPATH/Controllers/Pages.php(40): view('template/bank-pro/shop', [...])
 4 SYSTEMPATH/CodeIgniter.php(907): App\Controllers\Pages->view('shop', 'wp-includes', 'wlwmanifest.xml')
 5 SYSTEMPATH/CodeIgniter.php(457): CodeIgniter\CodeIgniter->runController(Object(App\Controllers\Pages))
 6 SYSTEMPATH/CodeIgniter.php(340): CodeIgniter\CodeIgniter->handleRequest(null, Object(Config\Cache), false)
 7 FCPATH/index.php(71): CodeIgniter\CodeIgniter->run()
CRITICAL - 2023-05-20 17:56:56 --> Invalid file: template/bank-pro/wp1.php
in SYSTEMPATH/Exceptions/FrameworkException.php on line 33.
 1 SYSTEMPATH/View/View.php(201): CodeIgniter\Exceptions\FrameworkException::forInvalidFile('template/bank-pro/wp1.php')
 2 SYSTEMPATH/Common.php(1142): CodeIgniter\View\View->render('template/bank-pro/wp1', [], true)
 3 APPPATH/Controllers/Pages.php(40): view('template/bank-pro/wp1', [...])
 4 SYSTEMPATH/CodeIgniter.php(907): App\Controllers\Pages->view('wp1', 'wp-includes', 'wlwmanifest.xml')
 5 SYSTEMPATH/CodeIgniter.php(457): CodeIgniter\CodeIgniter->runController(Object(App\Controllers\Pages))
 6 SYSTEMPATH/CodeIgniter.php(340): CodeIgniter\CodeIgniter->handleRequest(null, Object(Config\Cache), false)
 7 FCPATH/index.php(71): CodeIgniter\CodeIgniter->run()
CRITICAL - 2023-05-20 17:56:56 --> Invalid file: template/bank-pro/test.php
in SYSTEMPATH/Exceptions/FrameworkException.php on line 33.
 1 SYSTEMPATH/View/View.php(201): CodeIgniter\Exceptions\FrameworkException::forInvalidFile('template/bank-pro/test.php')
 2 SYSTEMPATH/Common.php(1142): CodeIgniter\View\View->render('template/bank-pro/test', [], true)
 3 APPPATH/Controllers/Pages.php(40): view('template/bank-pro/test', [...])
 4 SYSTEMPATH/CodeIgniter.php(907): App\Controllers\Pages->view('test', 'wp-includes', 'wlwmanifest.xml')
 5 SYSTEMPATH/CodeIgniter.php(457): CodeIgniter\CodeIgniter->runController(Object(App\Controllers\Pages))
 6 SYSTEMPATH/CodeIgniter.php(340): CodeIgniter\CodeIgniter->handleRequest(null, Object(Config\Cache), false)
 7 FCPATH/index.php(71): CodeIgniter\CodeIgniter->run()
CRITICAL - 2023-05-20 17:56:56 --> Invalid file: template/bank-pro/media.php
in SYSTEMPATH/Exceptions/FrameworkException.php on line 33.
 1 SYSTEMPATH/View/View.php(201): CodeIgniter\Exceptions\FrameworkException::forInvalidFile('template/bank-pro/media.php')
 2 SYSTEMPATH/Common.php(1142): CodeIgniter\View\View->render('template/bank-pro/media', [], true)
 3 APPPATH/Controllers/Pages.php(40): view('template/bank-pro/media', [...])
 4 SYSTEMPATH/CodeIgniter.php(907): App\Controllers\Pages->view('media', 'wp-includes', 'wlwmanifest.xml')
 5 SYSTEMPATH/CodeIgniter.php(457): CodeIgniter\CodeIgniter->runController(Object(App\Controllers\Pages))
 6 SYSTEMPATH/CodeIgniter.php(340): CodeIgniter\CodeIgniter->handleRequest(null, Object(Config\Cache), false)
 7 FCPATH/index.php(71): CodeIgniter\CodeIgniter->run()
CRITICAL - 2023-05-20 17:56:56 --> Invalid file: template/bank-pro/wp2.php
in SYSTEMPATH/Exceptions/FrameworkException.php on line 33.
 1 SYSTEMPATH/View/View.php(201): CodeIgniter\Exceptions\FrameworkException::forInvalidFile('template/bank-pro/wp2.php')
 2 SYSTEMPATH/Common.php(1142): CodeIgniter\View\View->render('template/bank-pro/wp2', [], true)
 3 APPPATH/Controllers/Pages.php(40): view('template/bank-pro/wp2', [...])
 4 SYSTEMPATH/CodeIgniter.php(907): App\Controllers\Pages->view('wp2', 'wp-includes', 'wlwmanifest.xml')
 5 SYSTEMPATH/CodeIgniter.php(457): CodeIgniter\CodeIgniter->runController(Object(App\Controllers\Pages))
 6 SYSTEMPATH/CodeIgniter.php(340): CodeIgniter\CodeIgniter->handleRequest(null, Object(Config\Cache), false)
 7 FCPATH/index.php(71): CodeIgniter\CodeIgniter->run()
CRITICAL - 2023-05-20 17:56:56 --> Invalid file: template/bank-pro/site.php
in SYSTEMPATH/Exceptions/FrameworkException.php on line 33.
 1 SYSTEMPATH/View/View.php(201): CodeIgniter\Exceptions\FrameworkException::forInvalidFile('template/bank-pro/site.php')
 2 SYSTEMPATH/Common.php(1142): CodeIgniter\View\View->render('template/bank-pro/site', [], true)
 3 APPPATH/Controllers/Pages.php(40): view('template/bank-pro/site', [...])
 4 SYSTEMPATH/CodeIgniter.php(907): App\Controllers\Pages->view('site', 'wp-includes', 'wlwmanifest.xml')
 5 SYSTEMPATH/CodeIgniter.php(457): CodeIgniter\CodeIgniter->runController(Object(App\Controllers\Pages))
 6 SYSTEMPATH/CodeIgniter.php(340): CodeIgniter\CodeIgniter->handleRequest(null, Object(Config\Cache), false)
 7 FCPATH/index.php(71): CodeIgniter\CodeIgniter->run()
CRITICAL - 2023-05-20 17:56:56 --> Invalid file: template/bank-pro/cms.php
in SYSTEMPATH/Exceptions/FrameworkException.php on line 33.
 1 SYSTEMPATH/View/View.php(201): CodeIgniter\Exceptions\FrameworkException::forInvalidFile('template/bank-pro/cms.php')
 2 SYSTEMPATH/Common.php(1142): CodeIgniter\View\View->render('template/bank-pro/cms', [], true)
 3 APPPATH/Controllers/Pages.php(40): view('template/bank-pro/cms', [...])
 4 SYSTEMPATH/CodeIgniter.php(907): App\Controllers\Pages->view('cms', 'wp-includes', 'wlwmanifest.xml')
 5 SYSTEMPATH/CodeIgniter.php(457): CodeIgniter\CodeIgniter->runController(Object(App\Controllers\Pages))
 6 SYSTEMPATH/CodeIgniter.php(340): CodeIgniter\CodeIgniter->handleRequest(null, Object(Config\Cache), false)
 7 FCPATH/index.php(71): CodeIgniter\CodeIgniter->run()
CRITICAL - 2023-05-20 17:56:56 --> Invalid file: template/bank-pro/sito.php
in SYSTEMPATH/Exceptions/FrameworkException.php on line 33.
 1 SYSTEMPATH/View/View.php(201): CodeIgniter\Exceptions\FrameworkException::forInvalidFile('template/bank-pro/sito.php')
 2 SYSTEMPATH/Common.php(1142): CodeIgniter\View\View->render('template/bank-pro/sito', [], true)
 3 APPPATH/Controllers/Pages.php(40): view('template/bank-pro/sito', [...])
 4 SYSTEMPATH/CodeIgniter.php(907): App\Controllers\Pages->view('sito', 'wp-includes', 'wlwmanifest.xml')
 5 SYSTEMPATH/CodeIgniter.php(457): CodeIgniter\CodeIgniter->runController(Object(App\Controllers\Pages))
 6 SYSTEMPATH/CodeIgniter.php(340): CodeIgniter\CodeIgniter->handleRequest(null, Object(Config\Cache), false)
 7 FCPATH/index.php(71): CodeIgniter\CodeIgniter->run()
CRITICAL - 2023-05-20 18:05:05 --> Invalid file: template/bank-pro/wp-includes.php
in SYSTEMPATH/Exceptions/FrameworkException.php on line 33.
 1 SYSTEMPATH/View/View.php(201): CodeIgniter\Exceptions\FrameworkException::forInvalidFile('template/bank-pro/wp-includes.php')
 2 SYSTEMPATH/Common.php(1142): CodeIgniter\View\View->render('template/bank-pro/wp-includes', [], true)
 3 APPPATH/Controllers/Pages.php(40): view('template/bank-pro/wp-includes', [...])
 4 SYSTEMPATH/CodeIgniter.php(907): App\Controllers\Pages->view('wp-includes', 'wlwmanifest.xml')
 5 SYSTEMPATH/CodeIgniter.php(457): CodeIgniter\CodeIgniter->runController(Object(App\Controllers\Pages))
 6 SYSTEMPATH/CodeIgniter.php(340): CodeIgniter\CodeIgniter->handleRequest(null, Object(Config\Cache), false)
 7 FCPATH/index.php(71): CodeIgniter\CodeIgniter->run()
CRITICAL - 2023-05-20 18:05:05 --> Invalid file: template/bank-pro/blog.php
in SYSTEMPATH/Exceptions/FrameworkException.php on line 33.
 1 SYSTEMPATH/View/View.php(201): CodeIgniter\Exceptions\FrameworkException::forInvalidFile('template/bank-pro/blog.php')
 2 SYSTEMPATH/Common.php(1142): CodeIgniter\View\View->render('template/bank-pro/blog', [], true)
 3 APPPATH/Controllers/Pages.php(40): view('template/bank-pro/blog', [...])
 4 SYSTEMPATH/CodeIgniter.php(907): App\Controllers\Pages->view('blog', 'wp-includes', 'wlwmanifest.xml')
 5 SYSTEMPATH/CodeIgniter.php(457): CodeIgniter\CodeIgniter->runController(Object(App\Controllers\Pages))
 6 SYSTEMPATH/CodeIgniter.php(340): CodeIgniter\CodeIgniter->handleRequest(null, Object(Config\Cache), false)
 7 FCPATH/index.php(71): CodeIgniter\CodeIgniter->run()
CRITICAL - 2023-05-20 18:05:05 --> Invalid file: template/bank-pro/web.php
in SYSTEMPATH/Exceptions/FrameworkException.php on line 33.
 1 SYSTEMPATH/View/View.php(201): CodeIgniter\Exceptions\FrameworkException::forInvalidFile('template/bank-pro/web.php')
 2 SYSTEMPATH/Common.php(1142): CodeIgniter\View\View->render('template/bank-pro/web', [], true)
 3 APPPATH/Controllers/Pages.php(40): view('template/bank-pro/web', [...])
 4 SYSTEMPATH/CodeIgniter.php(907): App\Controllers\Pages->view('web', 'wp-includes', 'wlwmanifest.xml')
 5 SYSTEMPATH/CodeIgniter.php(457): CodeIgniter\CodeIgniter->runController(Object(App\Controllers\Pages))
 6 SYSTEMPATH/CodeIgniter.php(340): CodeIgniter\CodeIgniter->handleRequest(null, Object(Config\Cache), false)
 7 FCPATH/index.php(71): CodeIgniter\CodeIgniter->run()
CRITICAL - 2023-05-20 18:05:05 --> Invalid file: template/bank-pro/wordpress.php
in SYSTEMPATH/Exceptions/FrameworkException.php on line 33.
 1 SYSTEMPATH/View/View.php(201): CodeIgniter\Exceptions\FrameworkException::forInvalidFile('template/bank-pro/wordpress.php')
 2 SYSTEMPATH/Common.php(1142): CodeIgniter\View\View->render('template/bank-pro/wordpress', [], true)
 3 APPPATH/Controllers/Pages.php(40): view('template/bank-pro/wordpress', [...])
 4 SYSTEMPATH/CodeIgniter.php(907): App\Controllers\Pages->view('wordpress', 'wp-includes', 'wlwmanifest.xml')
 5 SYSTEMPATH/CodeIgniter.php(457): CodeIgniter\CodeIgniter->runController(Object(App\Controllers\Pages))
 6 SYSTEMPATH/CodeIgniter.php(340): CodeIgniter\CodeIgniter->handleRequest(null, Object(Config\Cache), false)
 7 FCPATH/index.php(71): CodeIgniter\CodeIgniter->run()
CRITICAL - 2023-05-20 18:05:05 --> Invalid file: template/bank-pro/website.php
in SYSTEMPATH/Exceptions/FrameworkException.php on line 33.
 1 SYSTEMPATH/View/View.php(201): CodeIgniter\Exceptions\FrameworkException::forInvalidFile('template/bank-pro/website.php')
 2 SYSTEMPATH/Common.php(1142): CodeIgniter\View\View->render('template/bank-pro/website', [], true)
 3 APPPATH/Controllers/Pages.php(40): view('template/bank-pro/website', [...])
 4 SYSTEMPATH/CodeIgniter.php(907): App\Controllers\Pages->view('website', 'wp-includes', 'wlwmanifest.xml')
 5 SYSTEMPATH/CodeIgniter.php(457): CodeIgniter\CodeIgniter->runController(Object(App\Controllers\Pages))
 6 SYSTEMPATH/CodeIgniter.php(340): CodeIgniter\CodeIgniter->handleRequest(null, Object(Config\Cache), false)
 7 FCPATH/index.php(71): CodeIgniter\CodeIgniter->run()
CRITICAL - 2023-05-20 18:05:06 --> Invalid file: template/bank-pro/wp.php
in SYSTEMPATH/Exceptions/FrameworkException.php on line 33.
 1 SYSTEMPATH/View/View.php(201): CodeIgniter\Exceptions\FrameworkException::forInvalidFile('template/bank-pro/wp.php')
 2 SYSTEMPATH/Common.php(1142): CodeIgniter\View\View->render('template/bank-pro/wp', [], true)
 3 APPPATH/Controllers/Pages.php(40): view('template/bank-pro/wp', [...])
 4 SYSTEMPATH/CodeIgniter.php(907): App\Controllers\Pages->view('wp', 'wp-includes', 'wlwmanifest.xml')
 5 SYSTEMPATH/CodeIgniter.php(457): CodeIgniter\CodeIgniter->runController(Object(App\Controllers\Pages))
 6 SYSTEMPATH/CodeIgniter.php(340): CodeIgniter\CodeIgniter->handleRequest(null, Object(Config\Cache), false)
 7 FCPATH/index.php(71): CodeIgniter\CodeIgniter->run()
CRITICAL - 2023-05-20 18:05:06 --> Invalid file: template/bank-pro/2018.php
in SYSTEMPATH/Exceptions/FrameworkException.php on line 33.
 1 SYSTEMPATH/View/View.php(201): CodeIgniter\Exceptions\FrameworkException::forInvalidFile('template/bank-pro/2018.php')
 2 SYSTEMPATH/Common.php(1142): CodeIgniter\View\View->render('template/bank-pro/2018', [], true)
 3 APPPATH/Controllers/Pages.php(40): view('template/bank-pro/2018', [...])
 4 SYSTEMPATH/CodeIgniter.php(907): App\Controllers\Pages->view('2018', 'wp-includes', 'wlwmanifest.xml')
 5 SYSTEMPATH/CodeIgniter.php(457): CodeIgniter\CodeIgniter->runController(Object(App\Controllers\Pages))
 6 SYSTEMPATH/CodeIgniter.php(340): CodeIgniter\CodeIgniter->handleRequest(null, Object(Config\Cache), false)
 7 FCPATH/index.php(71): CodeIgniter\CodeIgniter->run()
CRITICAL - 2023-05-20 18:05:06 --> Invalid file: template/bank-pro/2019.php
in SYSTEMPATH/Exceptions/FrameworkException.php on line 33.
 1 SYSTEMPATH/View/View.php(201): CodeIgniter\Exceptions\FrameworkException::forInvalidFile('template/bank-pro/2019.php')
 2 SYSTEMPATH/Common.php(1142): CodeIgniter\View\View->render('template/bank-pro/2019', [], true)
 3 APPPATH/Controllers/Pages.php(40): view('template/bank-pro/2019', [...])
 4 SYSTEMPATH/CodeIgniter.php(907): App\Controllers\Pages->view('2019', 'wp-includes', 'wlwmanifest.xml')
 5 SYSTEMPATH/CodeIgniter.php(457): CodeIgniter\CodeIgniter->runController(Object(App\Controllers\Pages))
 6 SYSTEMPATH/CodeIgniter.php(340): CodeIgniter\CodeIgniter->handleRequest(null, Object(Config\Cache), false)
 7 FCPATH/index.php(71): CodeIgniter\CodeIgniter->run()
CRITICAL - 2023-05-20 18:05:06 --> Invalid file: template/bank-pro/shop.php
in SYSTEMPATH/Exceptions/FrameworkException.php on line 33.
 1 SYSTEMPATH/View/View.php(201): CodeIgniter\Exceptions\FrameworkException::forInvalidFile('template/bank-pro/shop.php')
 2 SYSTEMPATH/Common.php(1142): CodeIgniter\View\View->render('template/bank-pro/shop', [], true)
 3 APPPATH/Controllers/Pages.php(40): view('template/bank-pro/shop', [...])
 4 SYSTEMPATH/CodeIgniter.php(907): App\Controllers\Pages->view('shop', 'wp-includes', 'wlwmanifest.xml')
 5 SYSTEMPATH/CodeIgniter.php(457): CodeIgniter\CodeIgniter->runController(Object(App\Controllers\Pages))
 6 SYSTEMPATH/CodeIgniter.php(340): CodeIgniter\CodeIgniter->handleRequest(null, Object(Config\Cache), false)
 7 FCPATH/index.php(71): CodeIgniter\CodeIgniter->run()
CRITICAL - 2023-05-20 18:05:06 --> Invalid file: template/bank-pro/wp1.php
in SYSTEMPATH/Exceptions/FrameworkException.php on line 33.
 1 SYSTEMPATH/View/View.php(201): CodeIgniter\Exceptions\FrameworkException::forInvalidFile('template/bank-pro/wp1.php')
 2 SYSTEMPATH/Common.php(1142): CodeIgniter\View\View->render('template/bank-pro/wp1', [], true)
 3 APPPATH/Controllers/Pages.php(40): view('template/bank-pro/wp1', [...])
 4 SYSTEMPATH/CodeIgniter.php(907): App\Controllers\Pages->view('wp1', 'wp-includes', 'wlwmanifest.xml')
 5 SYSTEMPATH/CodeIgniter.php(457): CodeIgniter\CodeIgniter->runController(Object(App\Controllers\Pages))
 6 SYSTEMPATH/CodeIgniter.php(340): CodeIgniter\CodeIgniter->handleRequest(null, Object(Config\Cache), false)
 7 FCPATH/index.php(71): CodeIgniter\CodeIgniter->run()
CRITICAL - 2023-05-20 18:05:06 --> Invalid file: template/bank-pro/test.php
in SYSTEMPATH/Exceptions/FrameworkException.php on line 33.
 1 SYSTEMPATH/View/View.php(201): CodeIgniter\Exceptions\FrameworkException::forInvalidFile('template/bank-pro/test.php')
 2 SYSTEMPATH/Common.php(1142): CodeIgniter\View\View->render('template/bank-pro/test', [], true)
 3 APPPATH/Controllers/Pages.php(40): view('template/bank-pro/test', [...])
 4 SYSTEMPATH/CodeIgniter.php(907): App\Controllers\Pages->view('test', 'wp-includes', 'wlwmanifest.xml')
 5 SYSTEMPATH/CodeIgniter.php(457): CodeIgniter\CodeIgniter->runController(Object(App\Controllers\Pages))
 6 SYSTEMPATH/CodeIgniter.php(340): CodeIgniter\CodeIgniter->handleRequest(null, Object(Config\Cache), false)
 7 FCPATH/index.php(71): CodeIgniter\CodeIgniter->run()
CRITICAL - 2023-05-20 18:05:06 --> Invalid file: template/bank-pro/media.php
in SYSTEMPATH/Exceptions/FrameworkException.php on line 33.
 1 SYSTEMPATH/View/View.php(201): CodeIgniter\Exceptions\FrameworkException::forInvalidFile('template/bank-pro/media.php')
 2 SYSTEMPATH/Common.php(1142): CodeIgniter\View\View->render('template/bank-pro/media', [], true)
 3 APPPATH/Controllers/Pages.php(40): view('template/bank-pro/media', [...])
 4 SYSTEMPATH/CodeIgniter.php(907): App\Controllers\Pages->view('media', 'wp-includes', 'wlwmanifest.xml')
 5 SYSTEMPATH/CodeIgniter.php(457): CodeIgniter\CodeIgniter->runController(Object(App\Controllers\Pages))
 6 SYSTEMPATH/CodeIgniter.php(340): CodeIgniter\CodeIgniter->handleRequest(null, Object(Config\Cache), false)
 7 FCPATH/index.php(71): CodeIgniter\CodeIgniter->run()
CRITICAL - 2023-05-20 18:05:06 --> Invalid file: template/bank-pro/wp2.php
in SYSTEMPATH/Exceptions/FrameworkException.php on line 33.
 1 SYSTEMPATH/View/View.php(201): CodeIgniter\Exceptions\FrameworkException::forInvalidFile('template/bank-pro/wp2.php')
 2 SYSTEMPATH/Common.php(1142): CodeIgniter\View\View->render('template/bank-pro/wp2', [], true)
 3 APPPATH/Controllers/Pages.php(40): view('template/bank-pro/wp2', [...])
 4 SYSTEMPATH/CodeIgniter.php(907): App\Controllers\Pages->view('wp2', 'wp-includes', 'wlwmanifest.xml')
 5 SYSTEMPATH/CodeIgniter.php(457): CodeIgniter\CodeIgniter->runController(Object(App\Controllers\Pages))
 6 SYSTEMPATH/CodeIgniter.php(340): CodeIgniter\CodeIgniter->handleRequest(null, Object(Config\Cache), false)
 7 FCPATH/index.php(71): CodeIgniter\CodeIgniter->run()
CRITICAL - 2023-05-20 18:05:06 --> Invalid file: template/bank-pro/site.php
in SYSTEMPATH/Exceptions/FrameworkException.php on line 33.
 1 SYSTEMPATH/View/View.php(201): CodeIgniter\Exceptions\FrameworkException::forInvalidFile('template/bank-pro/site.php')
 2 SYSTEMPATH/Common.php(1142): CodeIgniter\View\View->render('template/bank-pro/site', [], true)
 3 APPPATH/Controllers/Pages.php(40): view('template/bank-pro/site', [...])
 4 SYSTEMPATH/CodeIgniter.php(907): App\Controllers\Pages->view('site', 'wp-includes', 'wlwmanifest.xml')
 5 SYSTEMPATH/CodeIgniter.php(457): CodeIgniter\CodeIgniter->runController(Object(App\Controllers\Pages))
 6 SYSTEMPATH/CodeIgniter.php(340): CodeIgniter\CodeIgniter->handleRequest(null, Object(Config\Cache), false)
 7 FCPATH/index.php(71): CodeIgniter\CodeIgniter->run()
CRITICAL - 2023-05-20 18:05:06 --> Invalid file: template/bank-pro/cms.php
in SYSTEMPATH/Exceptions/FrameworkException.php on line 33.
 1 SYSTEMPATH/View/View.php(201): CodeIgniter\Exceptions\FrameworkException::forInvalidFile('template/bank-pro/cms.php')
 2 SYSTEMPATH/Common.php(1142): CodeIgniter\View\View->render('template/bank-pro/cms', [], true)
 3 APPPATH/Controllers/Pages.php(40): view('template/bank-pro/cms', [...])
 4 SYSTEMPATH/CodeIgniter.php(907): App\Controllers\Pages->view('cms', 'wp-includes', 'wlwmanifest.xml')
 5 SYSTEMPATH/CodeIgniter.php(457): CodeIgniter\CodeIgniter->runController(Object(App\Controllers\Pages))
 6 SYSTEMPATH/CodeIgniter.php(340): CodeIgniter\CodeIgniter->handleRequest(null, Object(Config\Cache), false)
 7 FCPATH/index.php(71): CodeIgniter\CodeIgniter->run()
CRITICAL - 2023-05-20 18:05:06 --> Invalid file: template/bank-pro/sito.php
in SYSTEMPATH/Exceptions/FrameworkException.php on line 33.
 1 SYSTEMPATH/View/View.php(201): CodeIgniter\Exceptions\FrameworkException::forInvalidFile('template/bank-pro/sito.php')
 2 SYSTEMPATH/Common.php(1142): CodeIgniter\View\View->render('template/bank-pro/sito', [], true)
 3 APPPATH/Controllers/Pages.php(40): view('template/bank-pro/sito', [...])
 4 SYSTEMPATH/CodeIgniter.php(907): App\Controllers\Pages->view('sito', 'wp-includes', 'wlwmanifest.xml')
 5 SYSTEMPATH/CodeIgniter.php(457): CodeIgniter\CodeIgniter->runController(Object(App\Controllers\Pages))
 6 SYSTEMPATH/CodeIgniter.php(340): CodeIgniter\CodeIgniter->handleRequest(null, Object(Config\Cache), false)
 7 FCPATH/index.php(71): CodeIgniter\CodeIgniter->run()
CRITICAL - 2023-05-20 18:07:46 --> Invalid file: template/bank-pro/.env
in SYSTEMPATH/Exceptions/FrameworkException.php on line 33.
 1 SYSTEMPATH/View/View.php(201): CodeIgniter\Exceptions\FrameworkException::forInvalidFile('template/bank-pro/.env')
 2 SYSTEMPATH/Common.php(1142): CodeIgniter\View\View->render('template/bank-pro/.env', [], true)
 3 APPPATH/Controllers/Pages.php(40): view('template/bank-pro/.env', [...])
 4 SYSTEMPATH/CodeIgniter.php(907): App\Controllers\Pages->view('.env')
 5 SYSTEMPATH/CodeIgniter.php(457): CodeIgniter\CodeIgniter->runController(Object(App\Controllers\Pages))
 6 SYSTEMPATH/CodeIgniter.php(340): CodeIgniter\CodeIgniter->handleRequest(null, Object(Config\Cache), false)
 7 FCPATH/index.php(71): CodeIgniter\CodeIgniter->run()
CRITICAL - 2023-05-20 18:07:51 --> Invalid file: template/bank-pro/vendor.php
in SYSTEMPATH/Exceptions/FrameworkException.php on line 33.
 1 SYSTEMPATH/View/View.php(201): CodeIgniter\Exceptions\FrameworkException::forInvalidFile('template/bank-pro/vendor.php')
 2 SYSTEMPATH/Common.php(1142): CodeIgniter\View\View->render('template/bank-pro/vendor', [], true)
 3 APPPATH/Controllers/Pages.php(40): view('template/bank-pro/vendor', [...])
 4 SYSTEMPATH/CodeIgniter.php(907): App\Controllers\Pages->view('vendor', 'phpunit', 'phpunit', 'src', 'Util', 'PHP', 'eval-stdin.php')
 5 SYSTEMPATH/CodeIgniter.php(457): CodeIgniter\CodeIgniter->runController(Object(App\Controllers\Pages))
 6 SYSTEMPATH/CodeIgniter.php(340): CodeIgniter\CodeIgniter->handleRequest(null, Object(Config\Cache), false)
 7 FCPATH/index.php(71): CodeIgniter\CodeIgniter->run()
CRITICAL - 2023-05-20 19:13:24 --> Invalid file: template/bank-pro/sitemap.xml.gz
in SYSTEMPATH/Exceptions/FrameworkException.php on line 33.
 1 SYSTEMPATH/View/View.php(201): CodeIgniter\Exceptions\FrameworkException::forInvalidFile('template/bank-pro/sitemap.xml.gz')
 2 SYSTEMPATH/Common.php(1142): CodeIgniter\View\View->render('template/bank-pro/sitemap.xml.gz', [], true)
 3 APPPATH/Controllers/Pages.php(40): view('template/bank-pro/sitemap.xml.gz', [...])
 4 SYSTEMPATH/CodeIgniter.php(907): App\Controllers\Pages->view('sitemap.xml.gz')
 5 SYSTEMPATH/CodeIgniter.php(457): CodeIgniter\CodeIgniter->runController(Object(App\Controllers\Pages))
 6 SYSTEMPATH/CodeIgniter.php(340): CodeIgniter\CodeIgniter->handleRequest(null, Object(Config\Cache), false)
 7 FCPATH/index.php(71): CodeIgniter\CodeIgniter->run()
CRITICAL - 2023-05-20 19:15:05 --> Invalid file: template/bank-pro/wp-includes.php
in SYSTEMPATH/Exceptions/FrameworkException.php on line 33.
 1 SYSTEMPATH/View/View.php(201): CodeIgniter\Exceptions\FrameworkException::forInvalidFile('template/bank-pro/wp-includes.php')
 2 SYSTEMPATH/Common.php(1142): CodeIgniter\View\View->render('template/bank-pro/wp-includes', [], true)
 3 APPPATH/Controllers/Pages.php(40): view('template/bank-pro/wp-includes', [...])
 4 SYSTEMPATH/CodeIgniter.php(907): App\Controllers\Pages->view('wp-includes', 'wlwmanifest.xml')
 5 SYSTEMPATH/CodeIgniter.php(457): CodeIgniter\CodeIgniter->runController(Object(App\Controllers\Pages))
 6 SYSTEMPATH/CodeIgniter.php(340): CodeIgniter\CodeIgniter->handleRequest(null, Object(Config\Cache), false)
 7 FCPATH/index.php(71): CodeIgniter\CodeIgniter->run()
CRITICAL - 2023-05-20 19:15:06 --> Invalid file: template/bank-pro/blog.php
in SYSTEMPATH/Exceptions/FrameworkException.php on line 33.
 1 SYSTEMPATH/View/View.php(201): CodeIgniter\Exceptions\FrameworkException::forInvalidFile('template/bank-pro/blog.php')
 2 SYSTEMPATH/Common.php(1142): CodeIgniter\View\View->render('template/bank-pro/blog', [], true)
 3 APPPATH/Controllers/Pages.php(40): view('template/bank-pro/blog', [...])
 4 SYSTEMPATH/CodeIgniter.php(907): App\Controllers\Pages->view('blog', 'wp-includes', 'wlwmanifest.xml')
 5 SYSTEMPATH/CodeIgniter.php(457): CodeIgniter\CodeIgniter->runController(Object(App\Controllers\Pages))
 6 SYSTEMPATH/CodeIgniter.php(340): CodeIgniter\CodeIgniter->handleRequest(null, Object(Config\Cache), false)
 7 FCPATH/index.php(71): CodeIgniter\CodeIgniter->run()
CRITICAL - 2023-05-20 19:15:06 --> Invalid file: template/bank-pro/web.php
in SYSTEMPATH/Exceptions/FrameworkException.php on line 33.
 1 SYSTEMPATH/View/View.php(201): CodeIgniter\Exceptions\FrameworkException::forInvalidFile('template/bank-pro/web.php')
 2 SYSTEMPATH/Common.php(1142): CodeIgniter\View\View->render('template/bank-pro/web', [], true)
 3 APPPATH/Controllers/Pages.php(40): view('template/bank-pro/web', [...])
 4 SYSTEMPATH/CodeIgniter.php(907): App\Controllers\Pages->view('web', 'wp-includes', 'wlwmanifest.xml')
 5 SYSTEMPATH/CodeIgniter.php(457): CodeIgniter\CodeIgniter->runController(Object(App\Controllers\Pages))
 6 SYSTEMPATH/CodeIgniter.php(340): CodeIgniter\CodeIgniter->handleRequest(null, Object(Config\Cache), false)
 7 FCPATH/index.php(71): CodeIgniter\CodeIgniter->run()
CRITICAL - 2023-05-20 19:15:06 --> Invalid file: template/bank-pro/wordpress.php
in SYSTEMPATH/Exceptions/FrameworkException.php on line 33.
 1 SYSTEMPATH/View/View.php(201): CodeIgniter\Exceptions\FrameworkException::forInvalidFile('template/bank-pro/wordpress.php')
 2 SYSTEMPATH/Common.php(1142): CodeIgniter\View\View->render('template/bank-pro/wordpress', [], true)
 3 APPPATH/Controllers/Pages.php(40): view('template/bank-pro/wordpress', [...])
 4 SYSTEMPATH/CodeIgniter.php(907): App\Controllers\Pages->view('wordpress', 'wp-includes', 'wlwmanifest.xml')
 5 SYSTEMPATH/CodeIgniter.php(457): CodeIgniter\CodeIgniter->runController(Object(App\Controllers\Pages))
 6 SYSTEMPATH/CodeIgniter.php(340): CodeIgniter\CodeIgniter->handleRequest(null, Object(Config\Cache), false)
 7 FCPATH/index.php(71): CodeIgniter\CodeIgniter->run()
CRITICAL - 2023-05-20 19:15:06 --> Invalid file: template/bank-pro/website.php
in SYSTEMPATH/Exceptions/FrameworkException.php on line 33.
 1 SYSTEMPATH/View/View.php(201): CodeIgniter\Exceptions\FrameworkException::forInvalidFile('template/bank-pro/website.php')
 2 SYSTEMPATH/Common.php(1142): CodeIgniter\View\View->render('template/bank-pro/website', [], true)
 3 APPPATH/Controllers/Pages.php(40): view('template/bank-pro/website', [...])
 4 SYSTEMPATH/CodeIgniter.php(907): App\Controllers\Pages->view('website', 'wp-includes', 'wlwmanifest.xml')
 5 SYSTEMPATH/CodeIgniter.php(457): CodeIgniter\CodeIgniter->runController(Object(App\Controllers\Pages))
 6 SYSTEMPATH/CodeIgniter.php(340): CodeIgniter\CodeIgniter->handleRequest(null, Object(Config\Cache), false)
 7 FCPATH/index.php(71): CodeIgniter\CodeIgniter->run()
CRITICAL - 2023-05-20 19:15:07 --> Invalid file: template/bank-pro/wp.php
in SYSTEMPATH/Exceptions/FrameworkException.php on line 33.
 1 SYSTEMPATH/View/View.php(201): CodeIgniter\Exceptions\FrameworkException::forInvalidFile('template/bank-pro/wp.php')
 2 SYSTEMPATH/Common.php(1142): CodeIgniter\View\View->render('template/bank-pro/wp', [], true)
 3 APPPATH/Controllers/Pages.php(40): view('template/bank-pro/wp', [...])
 4 SYSTEMPATH/CodeIgniter.php(907): App\Controllers\Pages->view('wp', 'wp-includes', 'wlwmanifest.xml')
 5 SYSTEMPATH/CodeIgniter.php(457): CodeIgniter\CodeIgniter->runController(Object(App\Controllers\Pages))
 6 SYSTEMPATH/CodeIgniter.php(340): CodeIgniter\CodeIgniter->handleRequest(null, Object(Config\Cache), false)
 7 FCPATH/index.php(71): CodeIgniter\CodeIgniter->run()
CRITICAL - 2023-05-20 19:15:07 --> Invalid file: template/bank-pro/2018.php
in SYSTEMPATH/Exceptions/FrameworkException.php on line 33.
 1 SYSTEMPATH/View/View.php(201): CodeIgniter\Exceptions\FrameworkException::forInvalidFile('template/bank-pro/2018.php')
 2 SYSTEMPATH/Common.php(1142): CodeIgniter\View\View->render('template/bank-pro/2018', [], true)
 3 APPPATH/Controllers/Pages.php(40): view('template/bank-pro/2018', [...])
 4 SYSTEMPATH/CodeIgniter.php(907): App\Controllers\Pages->view('2018', 'wp-includes', 'wlwmanifest.xml')
 5 SYSTEMPATH/CodeIgniter.php(457): CodeIgniter\CodeIgniter->runController(Object(App\Controllers\Pages))
 6 SYSTEMPATH/CodeIgniter.php(340): CodeIgniter\CodeIgniter->handleRequest(null, Object(Config\Cache), false)
 7 FCPATH/index.php(71): CodeIgniter\CodeIgniter->run()
CRITICAL - 2023-05-20 19:15:07 --> Invalid file: template/bank-pro/2019.php
in SYSTEMPATH/Exceptions/FrameworkException.php on line 33.
 1 SYSTEMPATH/View/View.php(201): CodeIgniter\Exceptions\FrameworkException::forInvalidFile('template/bank-pro/2019.php')
 2 SYSTEMPATH/Common.php(1142): CodeIgniter\View\View->render('template/bank-pro/2019', [], true)
 3 APPPATH/Controllers/Pages.php(40): view('template/bank-pro/2019', [...])
 4 SYSTEMPATH/CodeIgniter.php(907): App\Controllers\Pages->view('2019', 'wp-includes', 'wlwmanifest.xml')
 5 SYSTEMPATH/CodeIgniter.php(457): CodeIgniter\CodeIgniter->runController(Object(App\Controllers\Pages))
 6 SYSTEMPATH/CodeIgniter.php(340): CodeIgniter\CodeIgniter->handleRequest(null, Object(Config\Cache), false)
 7 FCPATH/index.php(71): CodeIgniter\CodeIgniter->run()
CRITICAL - 2023-05-20 19:15:07 --> Invalid file: template/bank-pro/shop.php
in SYSTEMPATH/Exceptions/FrameworkException.php on line 33.
 1 SYSTEMPATH/View/View.php(201): CodeIgniter\Exceptions\FrameworkException::forInvalidFile('template/bank-pro/shop.php')
 2 SYSTEMPATH/Common.php(1142): CodeIgniter\View\View->render('template/bank-pro/shop', [], true)
 3 APPPATH/Controllers/Pages.php(40): view('template/bank-pro/shop', [...])
 4 SYSTEMPATH/CodeIgniter.php(907): App\Controllers\Pages->view('shop', 'wp-includes', 'wlwmanifest.xml')
 5 SYSTEMPATH/CodeIgniter.php(457): CodeIgniter\CodeIgniter->runController(Object(App\Controllers\Pages))
 6 SYSTEMPATH/CodeIgniter.php(340): CodeIgniter\CodeIgniter->handleRequest(null, Object(Config\Cache), false)
 7 FCPATH/index.php(71): CodeIgniter\CodeIgniter->run()
CRITICAL - 2023-05-20 19:15:07 --> Invalid file: template/bank-pro/wp1.php
in SYSTEMPATH/Exceptions/FrameworkException.php on line 33.
 1 SYSTEMPATH/View/View.php(201): CodeIgniter\Exceptions\FrameworkException::forInvalidFile('template/bank-pro/wp1.php')
 2 SYSTEMPATH/Common.php(1142): CodeIgniter\View\View->render('template/bank-pro/wp1', [], true)
 3 APPPATH/Controllers/Pages.php(40): view('template/bank-pro/wp1', [...])
 4 SYSTEMPATH/CodeIgniter.php(907): App\Controllers\Pages->view('wp1', 'wp-includes', 'wlwmanifest.xml')
 5 SYSTEMPATH/CodeIgniter.php(457): CodeIgniter\CodeIgniter->runController(Object(App\Controllers\Pages))
 6 SYSTEMPATH/CodeIgniter.php(340): CodeIgniter\CodeIgniter->handleRequest(null, Object(Config\Cache), false)
 7 FCPATH/index.php(71): CodeIgniter\CodeIgniter->run()
CRITICAL - 2023-05-20 19:15:07 --> Invalid file: template/bank-pro/test.php
in SYSTEMPATH/Exceptions/FrameworkException.php on line 33.
 1 SYSTEMPATH/View/View.php(201): CodeIgniter\Exceptions\FrameworkException::forInvalidFile('template/bank-pro/test.php')
 2 SYSTEMPATH/Common.php(1142): CodeIgniter\View\View->render('template/bank-pro/test', [], true)
 3 APPPATH/Controllers/Pages.php(40): view('template/bank-pro/test', [...])
 4 SYSTEMPATH/CodeIgniter.php(907): App\Controllers\Pages->view('test', 'wp-includes', 'wlwmanifest.xml')
 5 SYSTEMPATH/CodeIgniter.php(457): CodeIgniter\CodeIgniter->runController(Object(App\Controllers\Pages))
 6 SYSTEMPATH/CodeIgniter.php(340): CodeIgniter\CodeIgniter->handleRequest(null, Object(Config\Cache), false)
 7 FCPATH/index.php(71): CodeIgniter\CodeIgniter->run()
CRITICAL - 2023-05-20 19:15:07 --> Invalid file: template/bank-pro/media.php
in SYSTEMPATH/Exceptions/FrameworkException.php on line 33.
 1 SYSTEMPATH/View/View.php(201): CodeIgniter\Exceptions\FrameworkException::forInvalidFile('template/bank-pro/media.php')
 2 SYSTEMPATH/Common.php(1142): CodeIgniter\View\View->render('template/bank-pro/media', [], true)
 3 APPPATH/Controllers/Pages.php(40): view('template/bank-pro/media', [...])
 4 SYSTEMPATH/CodeIgniter.php(907): App\Controllers\Pages->view('media', 'wp-includes', 'wlwmanifest.xml')
 5 SYSTEMPATH/CodeIgniter.php(457): CodeIgniter\CodeIgniter->runController(Object(App\Controllers\Pages))
 6 SYSTEMPATH/CodeIgniter.php(340): CodeIgniter\CodeIgniter->handleRequest(null, Object(Config\Cache), false)
 7 FCPATH/index.php(71): CodeIgniter\CodeIgniter->run()
CRITICAL - 2023-05-20 19:15:07 --> Invalid file: template/bank-pro/wp2.php
in SYSTEMPATH/Exceptions/FrameworkException.php on line 33.
 1 SYSTEMPATH/View/View.php(201): CodeIgniter\Exceptions\FrameworkException::forInvalidFile('template/bank-pro/wp2.php')
 2 SYSTEMPATH/Common.php(1142): CodeIgniter\View\View->render('template/bank-pro/wp2', [], true)
 3 APPPATH/Controllers/Pages.php(40): view('template/bank-pro/wp2', [...])
 4 SYSTEMPATH/CodeIgniter.php(907): App\Controllers\Pages->view('wp2', 'wp-includes', 'wlwmanifest.xml')
 5 SYSTEMPATH/CodeIgniter.php(457): CodeIgniter\CodeIgniter->runController(Object(App\Controllers\Pages))
 6 SYSTEMPATH/CodeIgniter.php(340): CodeIgniter\CodeIgniter->handleRequest(null, Object(Config\Cache), false)
 7 FCPATH/index.php(71): CodeIgniter\CodeIgniter->run()
CRITICAL - 2023-05-20 19:15:07 --> Invalid file: template/bank-pro/site.php
in SYSTEMPATH/Exceptions/FrameworkException.php on line 33.
 1 SYSTEMPATH/View/View.php(201): CodeIgniter\Exceptions\FrameworkException::forInvalidFile('template/bank-pro/site.php')
 2 SYSTEMPATH/Common.php(1142): CodeIgniter\View\View->render('template/bank-pro/site', [], true)
 3 APPPATH/Controllers/Pages.php(40): view('template/bank-pro/site', [...])
 4 SYSTEMPATH/CodeIgniter.php(907): App\Controllers\Pages->view('site', 'wp-includes', 'wlwmanifest.xml')
 5 SYSTEMPATH/CodeIgniter.php(457): CodeIgniter\CodeIgniter->runController(Object(App\Controllers\Pages))
 6 SYSTEMPATH/CodeIgniter.php(340): CodeIgniter\CodeIgniter->handleRequest(null, Object(Config\Cache), false)
 7 FCPATH/index.php(71): CodeIgniter\CodeIgniter->run()
CRITICAL - 2023-05-20 19:15:07 --> Invalid file: template/bank-pro/cms.php
in SYSTEMPATH/Exceptions/FrameworkException.php on line 33.
 1 SYSTEMPATH/View/View.php(201): CodeIgniter\Exceptions\FrameworkException::forInvalidFile('template/bank-pro/cms.php')
 2 SYSTEMPATH/Common.php(1142): CodeIgniter\View\View->render('template/bank-pro/cms', [], true)
 3 APPPATH/Controllers/Pages.php(40): view('template/bank-pro/cms', [...])
 4 SYSTEMPATH/CodeIgniter.php(907): App\Controllers\Pages->view('cms', 'wp-includes', 'wlwmanifest.xml')
 5 SYSTEMPATH/CodeIgniter.php(457): CodeIgniter\CodeIgniter->runController(Object(App\Controllers\Pages))
 6 SYSTEMPATH/CodeIgniter.php(340): CodeIgniter\CodeIgniter->handleRequest(null, Object(Config\Cache), false)
 7 FCPATH/index.php(71): CodeIgniter\CodeIgniter->run()
CRITICAL - 2023-05-20 19:15:08 --> Invalid file: template/bank-pro/sito.php
in SYSTEMPATH/Exceptions/FrameworkException.php on line 33.
 1 SYSTEMPATH/View/View.php(201): CodeIgniter\Exceptions\FrameworkException::forInvalidFile('template/bank-pro/sito.php')
 2 SYSTEMPATH/Common.php(1142): CodeIgniter\View\View->render('template/bank-pro/sito', [], true)
 3 APPPATH/Controllers/Pages.php(40): view('template/bank-pro/sito', [...])
 4 SYSTEMPATH/CodeIgniter.php(907): App\Controllers\Pages->view('sito', 'wp-includes', 'wlwmanifest.xml')
 5 SYSTEMPATH/CodeIgniter.php(457): CodeIgniter\CodeIgniter->runController(Object(App\Controllers\Pages))
 6 SYSTEMPATH/CodeIgniter.php(340): CodeIgniter\CodeIgniter->handleRequest(null, Object(Config\Cache), false)
 7 FCPATH/index.php(71): CodeIgniter\CodeIgniter->run()
CRITICAL - 2023-05-20 19:18:12 --> Invalid file: template/bank-pro/sitemap.xml.gz
in SYSTEMPATH/Exceptions/FrameworkException.php on line 33.
 1 SYSTEMPATH/View/View.php(201): CodeIgniter\Exceptions\FrameworkException::forInvalidFile('template/bank-pro/sitemap.xml.gz')
 2 SYSTEMPATH/Common.php(1142): CodeIgniter\View\View->render('template/bank-pro/sitemap.xml.gz', [], true)
 3 APPPATH/Controllers/Pages.php(40): view('template/bank-pro/sitemap.xml.gz', [...])
 4 SYSTEMPATH/CodeIgniter.php(907): App\Controllers\Pages->view('sitemap.xml.gz')
 5 SYSTEMPATH/CodeIgniter.php(457): CodeIgniter\CodeIgniter->runController(Object(App\Controllers\Pages))
 6 SYSTEMPATH/CodeIgniter.php(340): CodeIgniter\CodeIgniter->handleRequest(null, Object(Config\Cache), false)
 7 FCPATH/index.php(71): CodeIgniter\CodeIgniter->run()
CRITICAL - 2023-05-20 19:52:46 --> Invalid file: template/bank-pro/sitemap.xml
in SYSTEMPATH/Exceptions/FrameworkException.php on line 33.
 1 SYSTEMPATH/View/View.php(201): CodeIgniter\Exceptions\FrameworkException::forInvalidFile('template/bank-pro/sitemap.xml')
 2 SYSTEMPATH/Common.php(1142): CodeIgniter\View\View->render('template/bank-pro/sitemap.xml', [], true)
 3 APPPATH/Controllers/Pages.php(40): view('template/bank-pro/sitemap.xml', [...])
 4 SYSTEMPATH/CodeIgniter.php(907): App\Controllers\Pages->view('sitemap.xml')
 5 SYSTEMPATH/CodeIgniter.php(457): CodeIgniter\CodeIgniter->runController(Object(App\Controllers\Pages))
 6 SYSTEMPATH/CodeIgniter.php(340): CodeIgniter\CodeIgniter->handleRequest(null, Object(Config\Cache), false)
 7 FCPATH/index.php(71): CodeIgniter\CodeIgniter->run()
CRITICAL - 2023-05-20 20:29:29 --> Invalid file: template/bank-pro/sitemap.txt
in SYSTEMPATH/Exceptions/FrameworkException.php on line 33.
 1 SYSTEMPATH/View/View.php(201): CodeIgniter\Exceptions\FrameworkException::forInvalidFile('template/bank-pro/sitemap.txt')
 2 SYSTEMPATH/Common.php(1142): CodeIgniter\View\View->render('template/bank-pro/sitemap.txt', [], true)
 3 APPPATH/Controllers/Pages.php(40): view('template/bank-pro/sitemap.txt', [...])
 4 SYSTEMPATH/CodeIgniter.php(907): App\Controllers\Pages->view('sitemap.txt')
 5 SYSTEMPATH/CodeIgniter.php(457): CodeIgniter\CodeIgniter->runController(Object(App\Controllers\Pages))
 6 SYSTEMPATH/CodeIgniter.php(340): CodeIgniter\CodeIgniter->handleRequest(null, Object(Config\Cache), false)
 7 FCPATH/index.php(71): CodeIgniter\CodeIgniter->run()
CRITICAL - 2023-05-20 20:30:07 --> Invalid file: template/bank-pro/atom.xml
in SYSTEMPATH/Exceptions/FrameworkException.php on line 33.
 1 SYSTEMPATH/View/View.php(201): CodeIgniter\Exceptions\FrameworkException::forInvalidFile('template/bank-pro/atom.xml')
 2 SYSTEMPATH/Common.php(1142): CodeIgniter\View\View->render('template/bank-pro/atom.xml', [], true)
 3 APPPATH/Controllers/Pages.php(40): view('template/bank-pro/atom.xml', [...])
 4 SYSTEMPATH/CodeIgniter.php(907): App\Controllers\Pages->view('atom.xml')
 5 SYSTEMPATH/CodeIgniter.php(457): CodeIgniter\CodeIgniter->runController(Object(App\Controllers\Pages))
 6 SYSTEMPATH/CodeIgniter.php(340): CodeIgniter\CodeIgniter->handleRequest(null, Object(Config\Cache), false)
 7 FCPATH/index.php(71): CodeIgniter\CodeIgniter->run()
CRITICAL - 2023-05-20 20:37:49 --> Invalid file: template/bank-pro/sitemap_index.xml
in SYSTEMPATH/Exceptions/FrameworkException.php on line 33.
 1 SYSTEMPATH/View/View.php(201): CodeIgniter\Exceptions\FrameworkException::forInvalidFile('template/bank-pro/sitemap_index.xml')
 2 SYSTEMPATH/Common.php(1142): CodeIgniter\View\View->render('template/bank-pro/sitemap_index.xml', [], true)
 3 APPPATH/Controllers/Pages.php(40): view('template/bank-pro/sitemap_index.xml', [...])
 4 SYSTEMPATH/CodeIgniter.php(907): App\Controllers\Pages->view('sitemap_index.xml')
 5 SYSTEMPATH/CodeIgniter.php(457): CodeIgniter\CodeIgniter->runController(Object(App\Controllers\Pages))
 6 SYSTEMPATH/CodeIgniter.php(340): CodeIgniter\CodeIgniter->handleRequest(null, Object(Config\Cache), false)
 7 FCPATH/index.php(71): CodeIgniter\CodeIgniter->run()
CRITICAL - 2023-05-20 20:47:20 --> Invalid file: template/bank-pro/sitemaps.xml
in SYSTEMPATH/Exceptions/FrameworkException.php on line 33.
 1 SYSTEMPATH/View/View.php(201): CodeIgniter\Exceptions\FrameworkException::forInvalidFile('template/bank-pro/sitemaps.xml')
 2 SYSTEMPATH/Common.php(1142): CodeIgniter\View\View->render('template/bank-pro/sitemaps.xml', [], true)
 3 APPPATH/Controllers/Pages.php(40): view('template/bank-pro/sitemaps.xml', [...])
 4 SYSTEMPATH/CodeIgniter.php(907): App\Controllers\Pages->view('sitemaps.xml')
 5 SYSTEMPATH/CodeIgniter.php(457): CodeIgniter\CodeIgniter->runController(Object(App\Controllers\Pages))
 6 SYSTEMPATH/CodeIgniter.php(340): CodeIgniter\CodeIgniter->handleRequest(null, Object(Config\Cache), false)
 7 FCPATH/index.php(71): CodeIgniter\CodeIgniter->run()
CRITICAL - 2023-05-20 21:02:12 --> Invalid file: template/bank-pro/sitemaps.xml
in SYSTEMPATH/Exceptions/FrameworkException.php on line 33.
 1 SYSTEMPATH/View/View.php(201): CodeIgniter\Exceptions\FrameworkException::forInvalidFile('template/bank-pro/sitemaps.xml')
 2 SYSTEMPATH/Common.php(1142): CodeIgniter\View\View->render('template/bank-pro/sitemaps.xml', [], true)
 3 APPPATH/Controllers/Pages.php(40): view('template/bank-pro/sitemaps.xml', [...])
 4 SYSTEMPATH/CodeIgniter.php(907): App\Controllers\Pages->view('sitemaps.xml')
 5 SYSTEMPATH/CodeIgniter.php(457): CodeIgniter\CodeIgniter->runController(Object(App\Controllers\Pages))
 6 SYSTEMPATH/CodeIgniter.php(340): CodeIgniter\CodeIgniter->handleRequest(null, Object(Config\Cache), false)
 7 FCPATH/index.php(71): CodeIgniter\CodeIgniter->run()
CRITICAL - 2023-05-20 21:09:47 --> Invalid file: template/bank-pro/wp-content.php
in SYSTEMPATH/Exceptions/FrameworkException.php on line 33.
 1 SYSTEMPATH/View/View.php(201): CodeIgniter\Exceptions\FrameworkException::forInvalidFile('template/bank-pro/wp-content.php')
 2 SYSTEMPATH/Common.php(1142): CodeIgniter\View\View->render('template/bank-pro/wp-content', [], true)
 3 APPPATH/Controllers/Pages.php(40): view('template/bank-pro/wp-content', [...])
 4 SYSTEMPATH/CodeIgniter.php(907): App\Controllers\Pages->view('wp-content', 'FCPATH/themes', 'seotheme', 'db.php')
 5 SYSTEMPATH/CodeIgniter.php(457): CodeIgniter\CodeIgniter->runController(Object(App\Controllers\Pages))
 6 SYSTEMPATH/CodeIgniter.php(340): CodeIgniter\CodeIgniter->handleRequest(null, Object(Config\Cache), false)
 7 FCPATH/index.php(71): CodeIgniter\CodeIgniter->run()
