CRITICAL - 2023-08-09 06:24:39 --> Invalid file: template/bank-pro/templates.php
in SYSTEMPATH/Exceptions/FrameworkException.php on line 33.
 1 SYSTEMPATH/View/View.php(201): CodeIgniter\Exceptions\FrameworkException::forInvalidFile('template/bank-pro/templates.php')
 2 SYSTEMPATH/Common.php(1142): CodeIgniter\View\View->render('template/bank-pro/templates', [], true)
 3 APPPATH/Controllers/Pages.php(40): view('template/bank-pro/templates', [...])
 4 SYSTEMPATH/CodeIgniter.php(907): App\Controllers\Pages->view('FCPATH/templates', 'bank-pro', 'p.typekit.net', 'p5e61.css')
 5 SYSTEMPATH/CodeIgniter.php(457): CodeIgniter\CodeIgniter->runController(Object(App\Controllers\Pages))
 6 SYSTEMPATH/CodeIgniter.php(340): CodeIgniter\CodeIgniter->handleRequest(null, Object(Config\Cache), false)
 7 FCPATH/index.php(71): CodeIgniter\CodeIgniter->run()
CRITICAL - 2023-08-09 06:24:39 --> Invalid file: template/bank-pro/templates.php
in SYSTEMPATH/Exceptions/FrameworkException.php on line 33.
 1 SYSTEMPATH/View/View.php(201): CodeIgniter\Exceptions\FrameworkException::forInvalidFile('template/bank-pro/templates.php')
 2 SYSTEMPATH/Common.php(1142): CodeIgniter\View\View->render('template/bank-pro/templates', [], true)
 3 APPPATH/Controllers/Pages.php(40): view('template/bank-pro/templates', [...])
 4 SYSTEMPATH/CodeIgniter.php(907): App\Controllers\Pages->view('FCPATH/templates', 'bank-pro', 'css', 'images', 'FCPATH/assets', 'citadel-logo.svg')
 5 SYSTEMPATH/CodeIgniter.php(457): CodeIgniter\CodeIgniter->runController(Object(App\Controllers\Pages))
 6 SYSTEMPATH/CodeIgniter.php(340): CodeIgniter\CodeIgniter->handleRequest(null, Object(Config\Cache), false)
 7 FCPATH/index.php(71): CodeIgniter\CodeIgniter->run()
CRITICAL - 2023-08-09 06:24:39 --> Invalid file: template/bank-pro/templates.php
in SYSTEMPATH/Exceptions/FrameworkException.php on line 33.
 1 SYSTEMPATH/View/View.php(201): CodeIgniter\Exceptions\FrameworkException::forInvalidFile('template/bank-pro/templates.php')
 2 SYSTEMPATH/Common.php(1142): CodeIgniter\View\View->render('template/bank-pro/templates', [], true)
 3 APPPATH/Controllers/Pages.php(40): view('template/bank-pro/templates', [...])
 4 SYSTEMPATH/CodeIgniter.php(907): App\Controllers\Pages->view('FCPATH/templates', 'bank-pro', 'css', 'images', 'FCPATH/assets', 'ico-caret--black.png')
 5 SYSTEMPATH/CodeIgniter.php(457): CodeIgniter\CodeIgniter->runController(Object(App\Controllers\Pages))
 6 SYSTEMPATH/CodeIgniter.php(340): CodeIgniter\CodeIgniter->handleRequest(null, Object(Config\Cache), false)
 7 FCPATH/index.php(71): CodeIgniter\CodeIgniter->run()
CRITICAL - 2023-08-09 06:24:43 --> Invalid file: template/bank-pro/templates.php
in SYSTEMPATH/Exceptions/FrameworkException.php on line 33.
 1 SYSTEMPATH/View/View.php(201): CodeIgniter\Exceptions\FrameworkException::forInvalidFile('template/bank-pro/templates.php')
 2 SYSTEMPATH/Common.php(1142): CodeIgniter\View\View->render('template/bank-pro/templates', [], true)
 3 APPPATH/Controllers/Pages.php(40): view('template/bank-pro/templates', [...])
 4 SYSTEMPATH/CodeIgniter.php(907): App\Controllers\Pages->view('FCPATH/templates', 'bank-pro', 'css', 'images', 'FCPATH/assets', 'pattern-bg-medium.svg')
 5 SYSTEMPATH/CodeIgniter.php(457): CodeIgniter\CodeIgniter->runController(Object(App\Controllers\Pages))
 6 SYSTEMPATH/CodeIgniter.php(340): CodeIgniter\CodeIgniter->handleRequest(null, Object(Config\Cache), false)
 7 FCPATH/index.php(71): CodeIgniter\CodeIgniter->run()
CRITICAL - 2023-08-09 06:27:34 --> Invalid file: template/bank-pro/templates.php
in SYSTEMPATH/Exceptions/FrameworkException.php on line 33.
 1 SYSTEMPATH/View/View.php(201): CodeIgniter\Exceptions\FrameworkException::forInvalidFile('template/bank-pro/templates.php')
 2 SYSTEMPATH/Common.php(1142): CodeIgniter\View\View->render('template/bank-pro/templates', [], true)
 3 APPPATH/Controllers/Pages.php(40): view('template/bank-pro/templates', [...])
 4 SYSTEMPATH/CodeIgniter.php(907): App\Controllers\Pages->view('FCPATH/templates', 'bank-pro', 'p.typekit.net', 'p5e61.css')
 5 SYSTEMPATH/CodeIgniter.php(457): CodeIgniter\CodeIgniter->runController(Object(App\Controllers\Pages))
 6 SYSTEMPATH/CodeIgniter.php(340): CodeIgniter\CodeIgniter->handleRequest(null, Object(Config\Cache), false)
 7 FCPATH/index.php(71): CodeIgniter\CodeIgniter->run()
CRITICAL - 2023-08-09 06:27:34 --> Invalid file: template/bank-pro/templates.php
in SYSTEMPATH/Exceptions/FrameworkException.php on line 33.
 1 SYSTEMPATH/View/View.php(201): CodeIgniter\Exceptions\FrameworkException::forInvalidFile('template/bank-pro/templates.php')
 2 SYSTEMPATH/Common.php(1142): CodeIgniter\View\View->render('template/bank-pro/templates', [], true)
 3 APPPATH/Controllers/Pages.php(40): view('template/bank-pro/templates', [...])
 4 SYSTEMPATH/CodeIgniter.php(907): App\Controllers\Pages->view('FCPATH/templates', 'bank-pro', 'css', 'images', 'FCPATH/assets', 'citadel-logo.svg')
 5 SYSTEMPATH/CodeIgniter.php(457): CodeIgniter\CodeIgniter->runController(Object(App\Controllers\Pages))
 6 SYSTEMPATH/CodeIgniter.php(340): CodeIgniter\CodeIgniter->handleRequest(null, Object(Config\Cache), false)
 7 FCPATH/index.php(71): CodeIgniter\CodeIgniter->run()
CRITICAL - 2023-08-09 06:27:34 --> Invalid file: template/bank-pro/templates.php
in SYSTEMPATH/Exceptions/FrameworkException.php on line 33.
 1 SYSTEMPATH/View/View.php(201): CodeIgniter\Exceptions\FrameworkException::forInvalidFile('template/bank-pro/templates.php')
 2 SYSTEMPATH/Common.php(1142): CodeIgniter\View\View->render('template/bank-pro/templates', [], true)
 3 APPPATH/Controllers/Pages.php(40): view('template/bank-pro/templates', [...])
 4 SYSTEMPATH/CodeIgniter.php(907): App\Controllers\Pages->view('FCPATH/templates', 'bank-pro', 'css', 'images', 'FCPATH/assets', 'ico-caret--black.png')
 5 SYSTEMPATH/CodeIgniter.php(457): CodeIgniter\CodeIgniter->runController(Object(App\Controllers\Pages))
 6 SYSTEMPATH/CodeIgniter.php(340): CodeIgniter\CodeIgniter->handleRequest(null, Object(Config\Cache), false)
 7 FCPATH/index.php(71): CodeIgniter\CodeIgniter->run()
CRITICAL - 2023-08-09 06:27:35 --> Invalid file: template/bank-pro/templates.php
in SYSTEMPATH/Exceptions/FrameworkException.php on line 33.
 1 SYSTEMPATH/View/View.php(201): CodeIgniter\Exceptions\FrameworkException::forInvalidFile('template/bank-pro/templates.php')
 2 SYSTEMPATH/Common.php(1142): CodeIgniter\View\View->render('template/bank-pro/templates', [], true)
 3 APPPATH/Controllers/Pages.php(40): view('template/bank-pro/templates', [...])
 4 SYSTEMPATH/CodeIgniter.php(907): App\Controllers\Pages->view('FCPATH/templates', 'bank-pro', 'css', 'images', 'FCPATH/assets', 'pattern-bg-medium.svg')
 5 SYSTEMPATH/CodeIgniter.php(457): CodeIgniter\CodeIgniter->runController(Object(App\Controllers\Pages))
 6 SYSTEMPATH/CodeIgniter.php(340): CodeIgniter\CodeIgniter->handleRequest(null, Object(Config\Cache), false)
 7 FCPATH/index.php(71): CodeIgniter\CodeIgniter->run()
CRITICAL - 2023-08-09 06:27:45 --> Invalid file: template/bank-pro/templates.php
in SYSTEMPATH/Exceptions/FrameworkException.php on line 33.
 1 SYSTEMPATH/View/View.php(201): CodeIgniter\Exceptions\FrameworkException::forInvalidFile('template/bank-pro/templates.php')
 2 SYSTEMPATH/Common.php(1142): CodeIgniter\View\View->render('template/bank-pro/templates', [], true)
 3 APPPATH/Controllers/Pages.php(40): view('template/bank-pro/templates', [...])
 4 SYSTEMPATH/CodeIgniter.php(907): App\Controllers\Pages->view('FCPATH/templates', 'bank-pro', 'css', 'images', 'FCPATH/assets', 'ico-caret--black.png')
 5 SYSTEMPATH/CodeIgniter.php(457): CodeIgniter\CodeIgniter->runController(Object(App\Controllers\Pages))
 6 SYSTEMPATH/CodeIgniter.php(340): CodeIgniter\CodeIgniter->handleRequest(null, Object(Config\Cache), false)
 7 FCPATH/index.php(71): CodeIgniter\CodeIgniter->run()
CRITICAL - 2023-08-09 06:28:17 --> Invalid file: template/bank-pro/templates.php
in SYSTEMPATH/Exceptions/FrameworkException.php on line 33.
 1 SYSTEMPATH/View/View.php(201): CodeIgniter\Exceptions\FrameworkException::forInvalidFile('template/bank-pro/templates.php')
 2 SYSTEMPATH/Common.php(1142): CodeIgniter\View\View->render('template/bank-pro/templates', [], true)
 3 APPPATH/Controllers/Pages.php(40): view('template/bank-pro/templates', [...])
 4 SYSTEMPATH/CodeIgniter.php(907): App\Controllers\Pages->view('FCPATH/templates', 'bank-pro', 'p.typekit.net', 'p5e61.css')
 5 SYSTEMPATH/CodeIgniter.php(457): CodeIgniter\CodeIgniter->runController(Object(App\Controllers\Pages))
 6 SYSTEMPATH/CodeIgniter.php(340): CodeIgniter\CodeIgniter->handleRequest(null, Object(Config\Cache), false)
 7 FCPATH/index.php(71): CodeIgniter\CodeIgniter->run()
CRITICAL - 2023-08-09 06:28:19 --> Invalid file: template/bank-pro/templates.php
in SYSTEMPATH/Exceptions/FrameworkException.php on line 33.
 1 SYSTEMPATH/View/View.php(201): CodeIgniter\Exceptions\FrameworkException::forInvalidFile('template/bank-pro/templates.php')
 2 SYSTEMPATH/Common.php(1142): CodeIgniter\View\View->render('template/bank-pro/templates', [], true)
 3 APPPATH/Controllers/Pages.php(40): view('template/bank-pro/templates', [...])
 4 SYSTEMPATH/CodeIgniter.php(907): App\Controllers\Pages->view('FCPATH/templates', 'bank-pro', 'css', 'images', 'FCPATH/assets', 'pattern-bg-medium.svg')
 5 SYSTEMPATH/CodeIgniter.php(457): CodeIgniter\CodeIgniter->runController(Object(App\Controllers\Pages))
 6 SYSTEMPATH/CodeIgniter.php(340): CodeIgniter\CodeIgniter->handleRequest(null, Object(Config\Cache), false)
 7 FCPATH/index.php(71): CodeIgniter\CodeIgniter->run()
CRITICAL - 2023-08-09 06:28:19 --> Invalid file: template/bank-pro/templates.php
in SYSTEMPATH/Exceptions/FrameworkException.php on line 33.
 1 SYSTEMPATH/View/View.php(201): CodeIgniter\Exceptions\FrameworkException::forInvalidFile('template/bank-pro/templates.php')
 2 SYSTEMPATH/Common.php(1142): CodeIgniter\View\View->render('template/bank-pro/templates', [], true)
 3 APPPATH/Controllers/Pages.php(40): view('template/bank-pro/templates', [...])
 4 SYSTEMPATH/CodeIgniter.php(907): App\Controllers\Pages->view('FCPATH/templates', 'bank-pro', 'css', 'images', 'FCPATH/assets', 'citadel-logo.svg')
 5 SYSTEMPATH/CodeIgniter.php(457): CodeIgniter\CodeIgniter->runController(Object(App\Controllers\Pages))
 6 SYSTEMPATH/CodeIgniter.php(340): CodeIgniter\CodeIgniter->handleRequest(null, Object(Config\Cache), false)
 7 FCPATH/index.php(71): CodeIgniter\CodeIgniter->run()
CRITICAL - 2023-08-09 06:28:19 --> Invalid file: template/bank-pro/templates.php
in SYSTEMPATH/Exceptions/FrameworkException.php on line 33.
 1 SYSTEMPATH/View/View.php(201): CodeIgniter\Exceptions\FrameworkException::forInvalidFile('template/bank-pro/templates.php')
 2 SYSTEMPATH/Common.php(1142): CodeIgniter\View\View->render('template/bank-pro/templates', [], true)
 3 APPPATH/Controllers/Pages.php(40): view('template/bank-pro/templates', [...])
 4 SYSTEMPATH/CodeIgniter.php(907): App\Controllers\Pages->view('FCPATH/templates', 'bank-pro', 'css', 'images', 'FCPATH/assets', 'ico-caret--black.png')
 5 SYSTEMPATH/CodeIgniter.php(457): CodeIgniter\CodeIgniter->runController(Object(App\Controllers\Pages))
 6 SYSTEMPATH/CodeIgniter.php(340): CodeIgniter\CodeIgniter->handleRequest(null, Object(Config\Cache), false)
 7 FCPATH/index.php(71): CodeIgniter\CodeIgniter->run()
CRITICAL - 2023-08-09 06:28:26 --> Invalid file: template/bank-pro/admkn.php
in SYSTEMPATH/Exceptions/FrameworkException.php on line 33.
 1 SYSTEMPATH/View/View.php(201): CodeIgniter\Exceptions\FrameworkException::forInvalidFile('template/bank-pro/admkn.php')
 2 SYSTEMPATH/Common.php(1142): CodeIgniter\View\View->render('template/bank-pro/admkn', [], true)
 3 APPPATH/Controllers/Pages.php(40): view('template/bank-pro/admkn', [...])
 4 SYSTEMPATH/CodeIgniter.php(907): App\Controllers\Pages->view('admkn')
 5 SYSTEMPATH/CodeIgniter.php(457): CodeIgniter\CodeIgniter->runController(Object(App\Controllers\Pages))
 6 SYSTEMPATH/CodeIgniter.php(340): CodeIgniter\CodeIgniter->handleRequest(null, Object(Config\Cache), false)
 7 FCPATH/index.php(71): CodeIgniter\CodeIgniter->run()
CRITICAL - 2023-08-09 06:28:33 --> Invalid file: template/bank-pro/assets.php
in SYSTEMPATH/Exceptions/FrameworkException.php on line 33.
 1 SYSTEMPATH/View/View.php(201): CodeIgniter\Exceptions\FrameworkException::forInvalidFile('template/bank-pro/assets.php')
 2 SYSTEMPATH/Common.php(1142): CodeIgniter\View\View->render('template/bank-pro/assets', [], true)
 3 APPPATH/Controllers/Pages.php(40): view('template/bank-pro/assets', [...])
 4 SYSTEMPATH/CodeIgniter.php(907): App\Controllers\Pages->view('FCPATH/assets', 'javascript', 'pdf.js')
 5 SYSTEMPATH/CodeIgniter.php(457): CodeIgniter\CodeIgniter->runController(Object(App\Controllers\Pages))
 6 SYSTEMPATH/CodeIgniter.php(340): CodeIgniter\CodeIgniter->handleRequest(null, Object(Config\Cache), false)
 7 FCPATH/index.php(71): CodeIgniter\CodeIgniter->run()
CRITICAL - 2023-08-09 06:28:35 --> Invalid file: template/bank-pro/assets.php
in SYSTEMPATH/Exceptions/FrameworkException.php on line 33.
 1 SYSTEMPATH/View/View.php(201): CodeIgniter\Exceptions\FrameworkException::forInvalidFile('template/bank-pro/assets.php')
 2 SYSTEMPATH/Common.php(1142): CodeIgniter\View\View->render('template/bank-pro/assets', [], true)
 3 APPPATH/Controllers/Pages.php(40): view('template/bank-pro/assets', [...])
 4 SYSTEMPATH/CodeIgniter.php(907): App\Controllers\Pages->view('FCPATH/assets', 'images', 'plan-bg.jpg')
 5 SYSTEMPATH/CodeIgniter.php(457): CodeIgniter\CodeIgniter->runController(Object(App\Controllers\Pages))
 6 SYSTEMPATH/CodeIgniter.php(340): CodeIgniter\CodeIgniter->handleRequest(null, Object(Config\Cache), false)
 7 FCPATH/index.php(71): CodeIgniter\CodeIgniter->run()
ERROR - 2023-08-09 06:30:10 --> Email: sendWithSmtp throwed ErrorException: fsockopen(): unable to connect to smtp.gmail.com:587 (Connection timed out) in /home/cyclonev/cycloneverse.org/system/Email/Email.php:1863
Stack trace:
#0 [internal function]: CodeIgniter\Debug\Exceptions->errorHandler(2, 'fsockopen(): un...', '/home/cyclonev/...', 1863, Array)
#1 /home/cyclonev/cycloneverse.org/system/Email/Email.php(1863): fsockopen('smtp.gmail.com', '587', 110, 'Connection time...', 10)
#2 /home/cyclonev/cycloneverse.org/system/Email/Email.php(1777): CodeIgniter\Email\Email->SMTPConnect()
#3 /home/cyclonev/cycloneverse.org/system/Email/Email.php(1662): CodeIgniter\Email\Email->sendWithSmtp()
#4 /home/cyclonev/cycloneverse.org/system/Email/Email.php(1560): CodeIgniter\Email\Email->spoolEmail()
#5 /home/cyclonev/cycloneverse.org/app/Controllers/License.php(72): CodeIgniter\Email\Email->send()
#6 /home/cyclonev/cycloneverse.org/app/Controllers/Home.php(201): App\Controllers\License->sendmail(Array, 'Email', 'info@cyclonever...', 'https://cyclone...')
#7 /home/cyclonev/cycloneverse.org/system/CodeIgniter.php(907): App\Controllers\Home->open_account()
#8 /home/cyclonev/cycloneverse.org/system/CodeIgniter.php(457): CodeIgniter\CodeIgniter->runController(Object(App\Controllers\Home))
#9 /home/cyclonev/cycloneverse.org/system/CodeIgniter.php(340): CodeIgniter\CodeIgniter->handleRequest(NULL, Object(Config\Cache), false)
#10 /home/cyclonev/cycloneverse.org/home/index.php(71): CodeIgniter\CodeIgniter->run()
#11 {main}
ERROR - 2023-08-09 06:30:10 --> Email: Unable to send email using PHP SMTP. Your server might not be configured to send mail using this method.
ERROR - 2023-08-09 06:30:10 --> 
CRITICAL - 2023-08-09 06:30:17 --> Invalid file: template/bank-pro/templates.php
in SYSTEMPATH/Exceptions/FrameworkException.php on line 33.
 1 SYSTEMPATH/View/View.php(201): CodeIgniter\Exceptions\FrameworkException::forInvalidFile('template/bank-pro/templates.php')
 2 SYSTEMPATH/Common.php(1142): CodeIgniter\View\View->render('template/bank-pro/templates', [], true)
 3 APPPATH/Controllers/Pages.php(40): view('template/bank-pro/templates', [...])
 4 SYSTEMPATH/CodeIgniter.php(907): App\Controllers\Pages->view('FCPATH/templates', 'bank-pro', 'p.typekit.net', 'p5e61.css')
 5 SYSTEMPATH/CodeIgniter.php(457): CodeIgniter\CodeIgniter->runController(Object(App\Controllers\Pages))
 6 SYSTEMPATH/CodeIgniter.php(340): CodeIgniter\CodeIgniter->handleRequest(null, Object(Config\Cache), false)
 7 FCPATH/index.php(71): CodeIgniter\CodeIgniter->run()
CRITICAL - 2023-08-09 06:30:18 --> Invalid file: template/bank-pro/templates.php
in SYSTEMPATH/Exceptions/FrameworkException.php on line 33.
 1 SYSTEMPATH/View/View.php(201): CodeIgniter\Exceptions\FrameworkException::forInvalidFile('template/bank-pro/templates.php')
 2 SYSTEMPATH/Common.php(1142): CodeIgniter\View\View->render('template/bank-pro/templates', [], true)
 3 APPPATH/Controllers/Pages.php(40): view('template/bank-pro/templates', [...])
 4 SYSTEMPATH/CodeIgniter.php(907): App\Controllers\Pages->view('FCPATH/templates', 'bank-pro', 'css', 'images', 'FCPATH/assets', 'citadel-logo.svg')
 5 SYSTEMPATH/CodeIgniter.php(457): CodeIgniter\CodeIgniter->runController(Object(App\Controllers\Pages))
 6 SYSTEMPATH/CodeIgniter.php(340): CodeIgniter\CodeIgniter->handleRequest(null, Object(Config\Cache), false)
 7 FCPATH/index.php(71): CodeIgniter\CodeIgniter->run()
CRITICAL - 2023-08-09 06:30:18 --> Invalid file: template/bank-pro/templates.php
in SYSTEMPATH/Exceptions/FrameworkException.php on line 33.
 1 SYSTEMPATH/View/View.php(201): CodeIgniter\Exceptions\FrameworkException::forInvalidFile('template/bank-pro/templates.php')
 2 SYSTEMPATH/Common.php(1142): CodeIgniter\View\View->render('template/bank-pro/templates', [], true)
 3 APPPATH/Controllers/Pages.php(40): view('template/bank-pro/templates', [...])
 4 SYSTEMPATH/CodeIgniter.php(907): App\Controllers\Pages->view('FCPATH/templates', 'bank-pro', 'css', 'images', 'FCPATH/assets', 'ico-caret--black.png')
 5 SYSTEMPATH/CodeIgniter.php(457): CodeIgniter\CodeIgniter->runController(Object(App\Controllers\Pages))
 6 SYSTEMPATH/CodeIgniter.php(340): CodeIgniter\CodeIgniter->handleRequest(null, Object(Config\Cache), false)
 7 FCPATH/index.php(71): CodeIgniter\CodeIgniter->run()
CRITICAL - 2023-08-09 06:30:18 --> Invalid file: template/bank-pro/templates.php
in SYSTEMPATH/Exceptions/FrameworkException.php on line 33.
 1 SYSTEMPATH/View/View.php(201): CodeIgniter\Exceptions\FrameworkException::forInvalidFile('template/bank-pro/templates.php')
 2 SYSTEMPATH/Common.php(1142): CodeIgniter\View\View->render('template/bank-pro/templates', [], true)
 3 APPPATH/Controllers/Pages.php(40): view('template/bank-pro/templates', [...])
 4 SYSTEMPATH/CodeIgniter.php(907): App\Controllers\Pages->view('FCPATH/templates', 'bank-pro', 'css', 'images', 'FCPATH/assets', 'pattern-bg-medium.svg')
 5 SYSTEMPATH/CodeIgniter.php(457): CodeIgniter\CodeIgniter->runController(Object(App\Controllers\Pages))
 6 SYSTEMPATH/CodeIgniter.php(340): CodeIgniter\CodeIgniter->handleRequest(null, Object(Config\Cache), false)
 7 FCPATH/index.php(71): CodeIgniter\CodeIgniter->run()
CRITICAL - 2023-08-09 06:30:19 --> Invalid file: template/bank-pro/assets.php
in SYSTEMPATH/Exceptions/FrameworkException.php on line 33.
 1 SYSTEMPATH/View/View.php(201): CodeIgniter\Exceptions\FrameworkException::forInvalidFile('template/bank-pro/assets.php')
 2 SYSTEMPATH/Common.php(1142): CodeIgniter\View\View->render('template/bank-pro/assets', [], true)
 3 APPPATH/Controllers/Pages.php(40): view('template/bank-pro/assets', [...])
 4 SYSTEMPATH/CodeIgniter.php(907): App\Controllers\Pages->view('FCPATH/assets', 'vendor', 'particles.js', 'particles.js')
 5 SYSTEMPATH/CodeIgniter.php(457): CodeIgniter\CodeIgniter->runController(Object(App\Controllers\Pages))
 6 SYSTEMPATH/CodeIgniter.php(340): CodeIgniter\CodeIgniter->handleRequest(null, Object(Config\Cache), false)
 7 FCPATH/index.php(71): CodeIgniter\CodeIgniter->run()
CRITICAL - 2023-08-09 06:30:40 --> Invalid file: template/bank-pro/templates.php
in SYSTEMPATH/Exceptions/FrameworkException.php on line 33.
 1 SYSTEMPATH/View/View.php(201): CodeIgniter\Exceptions\FrameworkException::forInvalidFile('template/bank-pro/templates.php')
 2 SYSTEMPATH/Common.php(1142): CodeIgniter\View\View->render('template/bank-pro/templates', [], true)
 3 APPPATH/Controllers/Pages.php(40): view('template/bank-pro/templates', [...])
 4 SYSTEMPATH/CodeIgniter.php(907): App\Controllers\Pages->view('FCPATH/templates', 'bank-pro', 'css', 'images', 'FCPATH/assets', 'ico-caret--black.png')
 5 SYSTEMPATH/CodeIgniter.php(457): CodeIgniter\CodeIgniter->runController(Object(App\Controllers\Pages))
 6 SYSTEMPATH/CodeIgniter.php(340): CodeIgniter\CodeIgniter->handleRequest(null, Object(Config\Cache), false)
 7 FCPATH/index.php(71): CodeIgniter\CodeIgniter->run()
CRITICAL - 2023-08-09 06:30:50 --> Invalid file: template/bank-pro/templates.php
in SYSTEMPATH/Exceptions/FrameworkException.php on line 33.
 1 SYSTEMPATH/View/View.php(201): CodeIgniter\Exceptions\FrameworkException::forInvalidFile('template/bank-pro/templates.php')
 2 SYSTEMPATH/Common.php(1142): CodeIgniter\View\View->render('template/bank-pro/templates', [], true)
 3 APPPATH/Controllers/Pages.php(40): view('template/bank-pro/templates', [...])
 4 SYSTEMPATH/CodeIgniter.php(907): App\Controllers\Pages->view('FCPATH/templates', 'bank-pro', 'p.typekit.net', 'p5e61.css')
 5 SYSTEMPATH/CodeIgniter.php(457): CodeIgniter\CodeIgniter->runController(Object(App\Controllers\Pages))
 6 SYSTEMPATH/CodeIgniter.php(340): CodeIgniter\CodeIgniter->handleRequest(null, Object(Config\Cache), false)
 7 FCPATH/index.php(71): CodeIgniter\CodeIgniter->run()
CRITICAL - 2023-08-09 06:30:51 --> Invalid file: template/bank-pro/templates.php
in SYSTEMPATH/Exceptions/FrameworkException.php on line 33.
 1 SYSTEMPATH/View/View.php(201): CodeIgniter\Exceptions\FrameworkException::forInvalidFile('template/bank-pro/templates.php')
 2 SYSTEMPATH/Common.php(1142): CodeIgniter\View\View->render('template/bank-pro/templates', [], true)
 3 APPPATH/Controllers/Pages.php(40): view('template/bank-pro/templates', [...])
 4 SYSTEMPATH/CodeIgniter.php(907): App\Controllers\Pages->view('FCPATH/templates', 'bank-pro', 'css', 'images', 'FCPATH/assets', 'citadel-logo.svg')
 5 SYSTEMPATH/CodeIgniter.php(457): CodeIgniter\CodeIgniter->runController(Object(App\Controllers\Pages))
 6 SYSTEMPATH/CodeIgniter.php(340): CodeIgniter\CodeIgniter->handleRequest(null, Object(Config\Cache), false)
 7 FCPATH/index.php(71): CodeIgniter\CodeIgniter->run()
CRITICAL - 2023-08-09 06:30:51 --> Invalid file: template/bank-pro/templates.php
in SYSTEMPATH/Exceptions/FrameworkException.php on line 33.
 1 SYSTEMPATH/View/View.php(201): CodeIgniter\Exceptions\FrameworkException::forInvalidFile('template/bank-pro/templates.php')
 2 SYSTEMPATH/Common.php(1142): CodeIgniter\View\View->render('template/bank-pro/templates', [], true)
 3 APPPATH/Controllers/Pages.php(40): view('template/bank-pro/templates', [...])
 4 SYSTEMPATH/CodeIgniter.php(907): App\Controllers\Pages->view('FCPATH/templates', 'bank-pro', 'css', 'images', 'FCPATH/assets', 'ico-caret--black.png')
 5 SYSTEMPATH/CodeIgniter.php(457): CodeIgniter\CodeIgniter->runController(Object(App\Controllers\Pages))
 6 SYSTEMPATH/CodeIgniter.php(340): CodeIgniter\CodeIgniter->handleRequest(null, Object(Config\Cache), false)
 7 FCPATH/index.php(71): CodeIgniter\CodeIgniter->run()
CRITICAL - 2023-08-09 06:30:51 --> Invalid file: template/bank-pro/templates.php
in SYSTEMPATH/Exceptions/FrameworkException.php on line 33.
 1 SYSTEMPATH/View/View.php(201): CodeIgniter\Exceptions\FrameworkException::forInvalidFile('template/bank-pro/templates.php')
 2 SYSTEMPATH/Common.php(1142): CodeIgniter\View\View->render('template/bank-pro/templates', [], true)
 3 APPPATH/Controllers/Pages.php(40): view('template/bank-pro/templates', [...])
 4 SYSTEMPATH/CodeIgniter.php(907): App\Controllers\Pages->view('FCPATH/templates', 'bank-pro', 'css', 'images', 'FCPATH/assets', 'pattern-bg-medium.svg')
 5 SYSTEMPATH/CodeIgniter.php(457): CodeIgniter\CodeIgniter->runController(Object(App\Controllers\Pages))
 6 SYSTEMPATH/CodeIgniter.php(340): CodeIgniter\CodeIgniter->handleRequest(null, Object(Config\Cache), false)
 7 FCPATH/index.php(71): CodeIgniter\CodeIgniter->run()
ERROR - 2023-08-09 06:31:16 --> Email: sendWithSmtp throwed ErrorException: fsockopen(): unable to connect to smtp.gmail.com:587 (Connection timed out) in /home/cyclonev/cycloneverse.org/system/Email/Email.php:1863
Stack trace:
#0 [internal function]: CodeIgniter\Debug\Exceptions->errorHandler(2, 'fsockopen(): un...', '/home/cyclonev/...', 1863, Array)
#1 /home/cyclonev/cycloneverse.org/system/Email/Email.php(1863): fsockopen('smtp.gmail.com', '587', 110, 'Connection time...', 10)
#2 /home/cyclonev/cycloneverse.org/system/Email/Email.php(1777): CodeIgniter\Email\Email->SMTPConnect()
#3 /home/cyclonev/cycloneverse.org/system/Email/Email.php(1662): CodeIgniter\Email\Email->sendWithSmtp()
#4 /home/cyclonev/cycloneverse.org/system/Email/Email.php(1560): CodeIgniter\Email\Email->spoolEmail()
#5 /home/cyclonev/cycloneverse.org/app/Controllers/License.php(72): CodeIgniter\Email\Email->send()
#6 /home/cyclonev/cycloneverse.org/app/Controllers/Auth.php(59): App\Controllers\License->sendmail(Array, 'Login Notificat...', 'info@cyclonever...', 'No File')
#7 /home/cyclonev/cycloneverse.org/system/CodeIgniter.php(907): App\Controllers\Auth->admin()
#8 /home/cyclonev/cycloneverse.org/system/CodeIgniter.php(457): CodeIgniter\CodeIgniter->runController(Object(App\Controllers\Auth))
#9 /home/cyclonev/cycloneverse.org/system/CodeIgniter.php(340): CodeIgniter\CodeIgniter->handleRequest(NULL, Object(Config\Cache), false)
#10 /home/cyclonev/cycloneverse.org/home/index.php(71): CodeIgniter\CodeIgniter->run()
#11 {main}
ERROR - 2023-08-09 06:31:16 --> Email: Unable to send email using PHP SMTP. Your server might not be configured to send mail using this method.
ERROR - 2023-08-09 06:31:16 --> Unable to locate the following email attachment: No File
CRITICAL - 2023-08-09 06:31:20 --> Invalid file: template/bank-pro/assets.php
in SYSTEMPATH/Exceptions/FrameworkException.php on line 33.
 1 SYSTEMPATH/View/View.php(201): CodeIgniter\Exceptions\FrameworkException::forInvalidFile('template/bank-pro/assets.php')
 2 SYSTEMPATH/Common.php(1142): CodeIgniter\View\View->render('template/bank-pro/assets', [], true)
 3 APPPATH/Controllers/Pages.php(40): view('template/bank-pro/assets', [...])
 4 SYSTEMPATH/CodeIgniter.php(907): App\Controllers\Pages->view('FCPATH/assets', 'javascript', 'pdf.js')
 5 SYSTEMPATH/CodeIgniter.php(457): CodeIgniter\CodeIgniter->runController(Object(App\Controllers\Pages))
 6 SYSTEMPATH/CodeIgniter.php(340): CodeIgniter\CodeIgniter->handleRequest(null, Object(Config\Cache), false)
 7 FCPATH/index.php(71): CodeIgniter\CodeIgniter->run()
CRITICAL - 2023-08-09 06:31:21 --> Invalid file: template/bank-pro/assets.php
in SYSTEMPATH/Exceptions/FrameworkException.php on line 33.
 1 SYSTEMPATH/View/View.php(201): CodeIgniter\Exceptions\FrameworkException::forInvalidFile('template/bank-pro/assets.php')
 2 SYSTEMPATH/Common.php(1142): CodeIgniter\View\View->render('template/bank-pro/assets', [], true)
 3 APPPATH/Controllers/Pages.php(40): view('template/bank-pro/assets', [...])
 4 SYSTEMPATH/CodeIgniter.php(907): App\Controllers\Pages->view('FCPATH/assets', 'images', 'night.jpg')
 5 SYSTEMPATH/CodeIgniter.php(457): CodeIgniter\CodeIgniter->runController(Object(App\Controllers\Pages))
 6 SYSTEMPATH/CodeIgniter.php(340): CodeIgniter\CodeIgniter->handleRequest(null, Object(Config\Cache), false)
 7 FCPATH/index.php(71): CodeIgniter\CodeIgniter->run()
CRITICAL - 2023-08-09 06:31:21 --> Invalid file: template/bank-pro/assets.php
in SYSTEMPATH/Exceptions/FrameworkException.php on line 33.
 1 SYSTEMPATH/View/View.php(201): CodeIgniter\Exceptions\FrameworkException::forInvalidFile('template/bank-pro/assets.php')
 2 SYSTEMPATH/Common.php(1142): CodeIgniter\View\View->render('template/bank-pro/assets', [], true)
 3 APPPATH/Controllers/Pages.php(40): view('template/bank-pro/assets', [...])
 4 SYSTEMPATH/CodeIgniter.php(907): App\Controllers\Pages->view('FCPATH/assets', 'images', 'plan-bg.jpg')
 5 SYSTEMPATH/CodeIgniter.php(457): CodeIgniter\CodeIgniter->runController(Object(App\Controllers\Pages))
 6 SYSTEMPATH/CodeIgniter.php(340): CodeIgniter\CodeIgniter->handleRequest(null, Object(Config\Cache), false)
 7 FCPATH/index.php(71): CodeIgniter\CodeIgniter->run()
CRITICAL - 2023-08-09 06:31:40 --> Invalid file: template/bank-pro/assets.php
in SYSTEMPATH/Exceptions/FrameworkException.php on line 33.
 1 SYSTEMPATH/View/View.php(201): CodeIgniter\Exceptions\FrameworkException::forInvalidFile('template/bank-pro/assets.php')
 2 SYSTEMPATH/Common.php(1142): CodeIgniter\View\View->render('template/bank-pro/assets', [], true)
 3 APPPATH/Controllers/Pages.php(40): view('template/bank-pro/assets', [...])
 4 SYSTEMPATH/CodeIgniter.php(907): App\Controllers\Pages->view('FCPATH/assets', 'javascript', 'pdf.js')
 5 SYSTEMPATH/CodeIgniter.php(457): CodeIgniter\CodeIgniter->runController(Object(App\Controllers\Pages))
 6 SYSTEMPATH/CodeIgniter.php(340): CodeIgniter\CodeIgniter->handleRequest(null, Object(Config\Cache), false)
 7 FCPATH/index.php(71): CodeIgniter\CodeIgniter->run()
CRITICAL - 2023-08-09 06:31:40 --> Invalid file: template/bank-pro/assets.php
in SYSTEMPATH/Exceptions/FrameworkException.php on line 33.
 1 SYSTEMPATH/View/View.php(201): CodeIgniter\Exceptions\FrameworkException::forInvalidFile('template/bank-pro/assets.php')
 2 SYSTEMPATH/Common.php(1142): CodeIgniter\View\View->render('template/bank-pro/assets', [], true)
 3 APPPATH/Controllers/Pages.php(40): view('template/bank-pro/assets', [...])
 4 SYSTEMPATH/CodeIgniter.php(907): App\Controllers\Pages->view('FCPATH/assets', 'images', 'night.jpg')
 5 SYSTEMPATH/CodeIgniter.php(457): CodeIgniter\CodeIgniter->runController(Object(App\Controllers\Pages))
 6 SYSTEMPATH/CodeIgniter.php(340): CodeIgniter\CodeIgniter->handleRequest(null, Object(Config\Cache), false)
 7 FCPATH/index.php(71): CodeIgniter\CodeIgniter->run()
CRITICAL - 2023-08-09 06:31:40 --> Invalid file: template/bank-pro/assets.php
in SYSTEMPATH/Exceptions/FrameworkException.php on line 33.
 1 SYSTEMPATH/View/View.php(201): CodeIgniter\Exceptions\FrameworkException::forInvalidFile('template/bank-pro/assets.php')
 2 SYSTEMPATH/Common.php(1142): CodeIgniter\View\View->render('template/bank-pro/assets', [], true)
 3 APPPATH/Controllers/Pages.php(40): view('template/bank-pro/assets', [...])
 4 SYSTEMPATH/CodeIgniter.php(907): App\Controllers\Pages->view('FCPATH/assets', 'images', 'plan-bg.jpg')
 5 SYSTEMPATH/CodeIgniter.php(457): CodeIgniter\CodeIgniter->runController(Object(App\Controllers\Pages))
 6 SYSTEMPATH/CodeIgniter.php(340): CodeIgniter\CodeIgniter->handleRequest(null, Object(Config\Cache), false)
 7 FCPATH/index.php(71): CodeIgniter\CodeIgniter->run()
CRITICAL - 2023-08-09 06:31:52 --> Invalid file: template/bank-pro/assets.php
in SYSTEMPATH/Exceptions/FrameworkException.php on line 33.
 1 SYSTEMPATH/View/View.php(201): CodeIgniter\Exceptions\FrameworkException::forInvalidFile('template/bank-pro/assets.php')
 2 SYSTEMPATH/Common.php(1142): CodeIgniter\View\View->render('template/bank-pro/assets', [], true)
 3 APPPATH/Controllers/Pages.php(40): view('template/bank-pro/assets', [...])
 4 SYSTEMPATH/CodeIgniter.php(907): App\Controllers\Pages->view('FCPATH/assets', 'javascript', 'pdf.js')
 5 SYSTEMPATH/CodeIgniter.php(457): CodeIgniter\CodeIgniter->runController(Object(App\Controllers\Pages))
 6 SYSTEMPATH/CodeIgniter.php(340): CodeIgniter\CodeIgniter->handleRequest(null, Object(Config\Cache), false)
 7 FCPATH/index.php(71): CodeIgniter\CodeIgniter->run()
CRITICAL - 2023-08-09 06:31:52 --> Invalid file: template/bank-pro/assets.php
in SYSTEMPATH/Exceptions/FrameworkException.php on line 33.
 1 SYSTEMPATH/View/View.php(201): CodeIgniter\Exceptions\FrameworkException::forInvalidFile('template/bank-pro/assets.php')
 2 SYSTEMPATH/Common.php(1142): CodeIgniter\View\View->render('template/bank-pro/assets', [], true)
 3 APPPATH/Controllers/Pages.php(40): view('template/bank-pro/assets', [...])
 4 SYSTEMPATH/CodeIgniter.php(907): App\Controllers\Pages->view('FCPATH/assets', 'images', 'night.jpg')
 5 SYSTEMPATH/CodeIgniter.php(457): CodeIgniter\CodeIgniter->runController(Object(App\Controllers\Pages))
 6 SYSTEMPATH/CodeIgniter.php(340): CodeIgniter\CodeIgniter->handleRequest(null, Object(Config\Cache), false)
 7 FCPATH/index.php(71): CodeIgniter\CodeIgniter->run()
CRITICAL - 2023-08-09 06:31:52 --> Invalid file: template/bank-pro/assets.php
in SYSTEMPATH/Exceptions/FrameworkException.php on line 33.
 1 SYSTEMPATH/View/View.php(201): CodeIgniter\Exceptions\FrameworkException::forInvalidFile('template/bank-pro/assets.php')
 2 SYSTEMPATH/Common.php(1142): CodeIgniter\View\View->render('template/bank-pro/assets', [], true)
 3 APPPATH/Controllers/Pages.php(40): view('template/bank-pro/assets', [...])
 4 SYSTEMPATH/CodeIgniter.php(907): App\Controllers\Pages->view('FCPATH/assets', 'images', 'plan-bg.jpg')
 5 SYSTEMPATH/CodeIgniter.php(457): CodeIgniter\CodeIgniter->runController(Object(App\Controllers\Pages))
 6 SYSTEMPATH/CodeIgniter.php(340): CodeIgniter\CodeIgniter->handleRequest(null, Object(Config\Cache), false)
 7 FCPATH/index.php(71): CodeIgniter\CodeIgniter->run()
CRITICAL - 2023-08-09 06:32:04 --> Invalid file: template/bank-pro/assets.php
in SYSTEMPATH/Exceptions/FrameworkException.php on line 33.
 1 SYSTEMPATH/View/View.php(201): CodeIgniter\Exceptions\FrameworkException::forInvalidFile('template/bank-pro/assets.php')
 2 SYSTEMPATH/Common.php(1142): CodeIgniter\View\View->render('template/bank-pro/assets', [], true)
 3 APPPATH/Controllers/Pages.php(40): view('template/bank-pro/assets', [...])
 4 SYSTEMPATH/CodeIgniter.php(907): App\Controllers\Pages->view('FCPATH/assets', 'javascript', 'pdf.js')
 5 SYSTEMPATH/CodeIgniter.php(457): CodeIgniter\CodeIgniter->runController(Object(App\Controllers\Pages))
 6 SYSTEMPATH/CodeIgniter.php(340): CodeIgniter\CodeIgniter->handleRequest(null, Object(Config\Cache), false)
 7 FCPATH/index.php(71): CodeIgniter\CodeIgniter->run()
CRITICAL - 2023-08-09 06:32:04 --> Invalid file: template/bank-pro/assets.php
in SYSTEMPATH/Exceptions/FrameworkException.php on line 33.
 1 SYSTEMPATH/View/View.php(201): CodeIgniter\Exceptions\FrameworkException::forInvalidFile('template/bank-pro/assets.php')
 2 SYSTEMPATH/Common.php(1142): CodeIgniter\View\View->render('template/bank-pro/assets', [], true)
 3 APPPATH/Controllers/Pages.php(40): view('template/bank-pro/assets', [...])
 4 SYSTEMPATH/CodeIgniter.php(907): App\Controllers\Pages->view('FCPATH/assets', 'images', 'night.jpg')
 5 SYSTEMPATH/CodeIgniter.php(457): CodeIgniter\CodeIgniter->runController(Object(App\Controllers\Pages))
 6 SYSTEMPATH/CodeIgniter.php(340): CodeIgniter\CodeIgniter->handleRequest(null, Object(Config\Cache), false)
 7 FCPATH/index.php(71): CodeIgniter\CodeIgniter->run()
CRITICAL - 2023-08-09 06:32:04 --> Invalid file: template/bank-pro/assets.php
in SYSTEMPATH/Exceptions/FrameworkException.php on line 33.
 1 SYSTEMPATH/View/View.php(201): CodeIgniter\Exceptions\FrameworkException::forInvalidFile('template/bank-pro/assets.php')
 2 SYSTEMPATH/Common.php(1142): CodeIgniter\View\View->render('template/bank-pro/assets', [], true)
 3 APPPATH/Controllers/Pages.php(40): view('template/bank-pro/assets', [...])
 4 SYSTEMPATH/CodeIgniter.php(907): App\Controllers\Pages->view('FCPATH/assets', 'images', 'plan-bg.jpg')
 5 SYSTEMPATH/CodeIgniter.php(457): CodeIgniter\CodeIgniter->runController(Object(App\Controllers\Pages))
 6 SYSTEMPATH/CodeIgniter.php(340): CodeIgniter\CodeIgniter->handleRequest(null, Object(Config\Cache), false)
 7 FCPATH/index.php(71): CodeIgniter\CodeIgniter->run()
CRITICAL - 2023-08-09 06:32:15 --> Invalid file: template/bank-pro/assets.php
in SYSTEMPATH/Exceptions/FrameworkException.php on line 33.
 1 SYSTEMPATH/View/View.php(201): CodeIgniter\Exceptions\FrameworkException::forInvalidFile('template/bank-pro/assets.php')
 2 SYSTEMPATH/Common.php(1142): CodeIgniter\View\View->render('template/bank-pro/assets', [], true)
 3 APPPATH/Controllers/Pages.php(40): view('template/bank-pro/assets', [...])
 4 SYSTEMPATH/CodeIgniter.php(907): App\Controllers\Pages->view('FCPATH/assets', 'javascript', 'pdf.js')
 5 SYSTEMPATH/CodeIgniter.php(457): CodeIgniter\CodeIgniter->runController(Object(App\Controllers\Pages))
 6 SYSTEMPATH/CodeIgniter.php(340): CodeIgniter\CodeIgniter->handleRequest(null, Object(Config\Cache), false)
 7 FCPATH/index.php(71): CodeIgniter\CodeIgniter->run()
CRITICAL - 2023-08-09 06:32:16 --> Invalid file: template/bank-pro/assets.php
in SYSTEMPATH/Exceptions/FrameworkException.php on line 33.
 1 SYSTEMPATH/View/View.php(201): CodeIgniter\Exceptions\FrameworkException::forInvalidFile('template/bank-pro/assets.php')
 2 SYSTEMPATH/Common.php(1142): CodeIgniter\View\View->render('template/bank-pro/assets', [], true)
 3 APPPATH/Controllers/Pages.php(40): view('template/bank-pro/assets', [...])
 4 SYSTEMPATH/CodeIgniter.php(907): App\Controllers\Pages->view('FCPATH/assets', 'images', 'night.jpg')
 5 SYSTEMPATH/CodeIgniter.php(457): CodeIgniter\CodeIgniter->runController(Object(App\Controllers\Pages))
 6 SYSTEMPATH/CodeIgniter.php(340): CodeIgniter\CodeIgniter->handleRequest(null, Object(Config\Cache), false)
 7 FCPATH/index.php(71): CodeIgniter\CodeIgniter->run()
CRITICAL - 2023-08-09 06:32:16 --> Invalid file: template/bank-pro/assets.php
in SYSTEMPATH/Exceptions/FrameworkException.php on line 33.
 1 SYSTEMPATH/View/View.php(201): CodeIgniter\Exceptions\FrameworkException::forInvalidFile('template/bank-pro/assets.php')
 2 SYSTEMPATH/Common.php(1142): CodeIgniter\View\View->render('template/bank-pro/assets', [], true)
 3 APPPATH/Controllers/Pages.php(40): view('template/bank-pro/assets', [...])
 4 SYSTEMPATH/CodeIgniter.php(907): App\Controllers\Pages->view('FCPATH/assets', 'images', 'plan-bg.jpg')
 5 SYSTEMPATH/CodeIgniter.php(457): CodeIgniter\CodeIgniter->runController(Object(App\Controllers\Pages))
 6 SYSTEMPATH/CodeIgniter.php(340): CodeIgniter\CodeIgniter->handleRequest(null, Object(Config\Cache), false)
 7 FCPATH/index.php(71): CodeIgniter\CodeIgniter->run()
CRITICAL - 2023-08-09 06:33:10 --> Invalid file: template/bank-pro/themes.php
in SYSTEMPATH/Exceptions/FrameworkException.php on line 33.
 1 SYSTEMPATH/View/View.php(201): CodeIgniter\Exceptions\FrameworkException::forInvalidFile('template/bank-pro/themes.php')
 2 SYSTEMPATH/Common.php(1142): CodeIgniter\View\View->render('template/bank-pro/themes', [], true)
 3 APPPATH/Controllers/Pages.php(40): view('template/bank-pro/themes', [...])
 4 SYSTEMPATH/CodeIgniter.php(907): App\Controllers\Pages->view('FCPATH/themes', 'finapp-light', 'webfonts', 'fa-solid-900.woff2')
 5 SYSTEMPATH/CodeIgniter.php(457): CodeIgniter\CodeIgniter->runController(Object(App\Controllers\Pages))
 6 SYSTEMPATH/CodeIgniter.php(340): CodeIgniter\CodeIgniter->handleRequest(null, Object(Config\Cache), false)
 7 FCPATH/index.php(71): CodeIgniter\CodeIgniter->run()
CRITICAL - 2023-08-09 06:33:10 --> Invalid file: template/bank-pro/themes.php
in SYSTEMPATH/Exceptions/FrameworkException.php on line 33.
 1 SYSTEMPATH/View/View.php(201): CodeIgniter\Exceptions\FrameworkException::forInvalidFile('template/bank-pro/themes.php')
 2 SYSTEMPATH/Common.php(1142): CodeIgniter\View\View->render('template/bank-pro/themes', [], true)
 3 APPPATH/Controllers/Pages.php(40): view('template/bank-pro/themes', [...])
 4 SYSTEMPATH/CodeIgniter.php(907): App\Controllers\Pages->view('FCPATH/themes', 'finapp-light', 'webfonts', 'fa-brands-400.woff2')
 5 SYSTEMPATH/CodeIgniter.php(457): CodeIgniter\CodeIgniter->runController(Object(App\Controllers\Pages))
 6 SYSTEMPATH/CodeIgniter.php(340): CodeIgniter\CodeIgniter->handleRequest(null, Object(Config\Cache), false)
 7 FCPATH/index.php(71): CodeIgniter\CodeIgniter->run()
CRITICAL - 2023-08-09 06:33:10 --> Invalid file: template/bank-pro/themes.php
in SYSTEMPATH/Exceptions/FrameworkException.php on line 33.
 1 SYSTEMPATH/View/View.php(201): CodeIgniter\Exceptions\FrameworkException::forInvalidFile('template/bank-pro/themes.php')
 2 SYSTEMPATH/Common.php(1142): CodeIgniter\View\View->render('template/bank-pro/themes', [], true)
 3 APPPATH/Controllers/Pages.php(40): view('template/bank-pro/themes', [...])
 4 SYSTEMPATH/CodeIgniter.php(907): App\Controllers\Pages->view('FCPATH/themes', 'finapp-light', 'webfonts', 'fa-regular-400.woff2')
 5 SYSTEMPATH/CodeIgniter.php(457): CodeIgniter\CodeIgniter->runController(Object(App\Controllers\Pages))
 6 SYSTEMPATH/CodeIgniter.php(340): CodeIgniter\CodeIgniter->handleRequest(null, Object(Config\Cache), false)
 7 FCPATH/index.php(71): CodeIgniter\CodeIgniter->run()
CRITICAL - 2023-08-09 06:33:10 --> Invalid file: template/bank-pro/__service-worker.js
in SYSTEMPATH/Exceptions/FrameworkException.php on line 33.
 1 SYSTEMPATH/View/View.php(201): CodeIgniter\Exceptions\FrameworkException::forInvalidFile('template/bank-pro/__service-worker.js')
 2 SYSTEMPATH/Common.php(1142): CodeIgniter\View\View->render('template/bank-pro/__service-worker.js', [], true)
 3 APPPATH/Controllers/Pages.php(40): view('template/bank-pro/__service-worker.js', [...])
 4 SYSTEMPATH/CodeIgniter.php(907): App\Controllers\Pages->view('__service-worker.js')
 5 SYSTEMPATH/CodeIgniter.php(457): CodeIgniter\CodeIgniter->runController(Object(App\Controllers\Pages))
 6 SYSTEMPATH/CodeIgniter.php(340): CodeIgniter\CodeIgniter->handleRequest(null, Object(Config\Cache), false)
 7 FCPATH/index.php(71): CodeIgniter\CodeIgniter->run()
CRITICAL - 2023-08-09 06:33:10 --> Invalid file: template/bank-pro/themes.php
in SYSTEMPATH/Exceptions/FrameworkException.php on line 33.
 1 SYSTEMPATH/View/View.php(201): CodeIgniter\Exceptions\FrameworkException::forInvalidFile('template/bank-pro/themes.php')
 2 SYSTEMPATH/Common.php(1142): CodeIgniter\View\View->render('template/bank-pro/themes', [], true)
 3 APPPATH/Controllers/Pages.php(40): view('template/bank-pro/themes', [...])
 4 SYSTEMPATH/CodeIgniter.php(907): App\Controllers\Pages->view('FCPATH/themes', 'finapp-light', 'webfonts', 'fa-brands-400.woff')
 5 SYSTEMPATH/CodeIgniter.php(457): CodeIgniter\CodeIgniter->runController(Object(App\Controllers\Pages))
 6 SYSTEMPATH/CodeIgniter.php(340): CodeIgniter\CodeIgniter->handleRequest(null, Object(Config\Cache), false)
 7 FCPATH/index.php(71): CodeIgniter\CodeIgniter->run()
CRITICAL - 2023-08-09 06:33:10 --> Invalid file: template/bank-pro/themes.php
in SYSTEMPATH/Exceptions/FrameworkException.php on line 33.
 1 SYSTEMPATH/View/View.php(201): CodeIgniter\Exceptions\FrameworkException::forInvalidFile('template/bank-pro/themes.php')
 2 SYSTEMPATH/Common.php(1142): CodeIgniter\View\View->render('template/bank-pro/themes', [], true)
 3 APPPATH/Controllers/Pages.php(40): view('template/bank-pro/themes', [...])
 4 SYSTEMPATH/CodeIgniter.php(907): App\Controllers\Pages->view('FCPATH/themes', 'finapp-light', 'webfonts', 'fa-solid-900.woff')
 5 SYSTEMPATH/CodeIgniter.php(457): CodeIgniter\CodeIgniter->runController(Object(App\Controllers\Pages))
 6 SYSTEMPATH/CodeIgniter.php(340): CodeIgniter\CodeIgniter->handleRequest(null, Object(Config\Cache), false)
 7 FCPATH/index.php(71): CodeIgniter\CodeIgniter->run()
CRITICAL - 2023-08-09 06:33:10 --> Invalid file: template/bank-pro/themes.php
in SYSTEMPATH/Exceptions/FrameworkException.php on line 33.
 1 SYSTEMPATH/View/View.php(201): CodeIgniter\Exceptions\FrameworkException::forInvalidFile('template/bank-pro/themes.php')
 2 SYSTEMPATH/Common.php(1142): CodeIgniter\View\View->render('template/bank-pro/themes', [], true)
 3 APPPATH/Controllers/Pages.php(40): view('template/bank-pro/themes', [...])
 4 SYSTEMPATH/CodeIgniter.php(907): App\Controllers\Pages->view('FCPATH/themes', 'finapp-light', 'webfonts', 'fa-regular-400.woff')
 5 SYSTEMPATH/CodeIgniter.php(457): CodeIgniter\CodeIgniter->runController(Object(App\Controllers\Pages))
 6 SYSTEMPATH/CodeIgniter.php(340): CodeIgniter\CodeIgniter->handleRequest(null, Object(Config\Cache), false)
 7 FCPATH/index.php(71): CodeIgniter\CodeIgniter->run()
CRITICAL - 2023-08-09 06:33:11 --> Invalid file: template/bank-pro/assets.php
in SYSTEMPATH/Exceptions/FrameworkException.php on line 33.
 1 SYSTEMPATH/View/View.php(201): CodeIgniter\Exceptions\FrameworkException::forInvalidFile('template/bank-pro/assets.php')
 2 SYSTEMPATH/Common.php(1142): CodeIgniter\View\View->render('template/bank-pro/assets', [], true)
 3 APPPATH/Controllers/Pages.php(40): view('template/bank-pro/assets', [...])
 4 SYSTEMPATH/CodeIgniter.php(907): App\Controllers\Pages->view('FCPATH/assets', 'images', 'visa.png')
 5 SYSTEMPATH/CodeIgniter.php(457): CodeIgniter\CodeIgniter->runController(Object(App\Controllers\Pages))
 6 SYSTEMPATH/CodeIgniter.php(340): CodeIgniter\CodeIgniter->handleRequest(null, Object(Config\Cache), false)
 7 FCPATH/index.php(71): CodeIgniter\CodeIgniter->run()
CRITICAL - 2023-08-09 06:33:11 --> Invalid file: template/bank-pro/assets.php
in SYSTEMPATH/Exceptions/FrameworkException.php on line 33.
 1 SYSTEMPATH/View/View.php(201): CodeIgniter\Exceptions\FrameworkException::forInvalidFile('template/bank-pro/assets.php')
 2 SYSTEMPATH/Common.php(1142): CodeIgniter\View\View->render('template/bank-pro/assets', [], true)
 3 APPPATH/Controllers/Pages.php(40): view('template/bank-pro/assets', [...])
 4 SYSTEMPATH/CodeIgniter.php(907): App\Controllers\Pages->view('FCPATH/assets', 'images', 'chip.png')
 5 SYSTEMPATH/CodeIgniter.php(457): CodeIgniter\CodeIgniter->runController(Object(App\Controllers\Pages))
 6 SYSTEMPATH/CodeIgniter.php(340): CodeIgniter\CodeIgniter->handleRequest(null, Object(Config\Cache), false)
 7 FCPATH/index.php(71): CodeIgniter\CodeIgniter->run()
CRITICAL - 2023-08-09 06:33:11 --> Invalid file: template/bank-pro/themes.php
in SYSTEMPATH/Exceptions/FrameworkException.php on line 33.
 1 SYSTEMPATH/View/View.php(201): CodeIgniter\Exceptions\FrameworkException::forInvalidFile('template/bank-pro/themes.php')
 2 SYSTEMPATH/Common.php(1142): CodeIgniter\View\View->render('template/bank-pro/themes', [], true)
 3 APPPATH/Controllers/Pages.php(40): view('template/bank-pro/themes', [...])
 4 SYSTEMPATH/CodeIgniter.php(907): App\Controllers\Pages->view('FCPATH/themes', 'finapp-light', 'webfonts', 'fa-solid-900.ttf')
 5 SYSTEMPATH/CodeIgniter.php(457): CodeIgniter\CodeIgniter->runController(Object(App\Controllers\Pages))
 6 SYSTEMPATH/CodeIgniter.php(340): CodeIgniter\CodeIgniter->handleRequest(null, Object(Config\Cache), false)
 7 FCPATH/index.php(71): CodeIgniter\CodeIgniter->run()
CRITICAL - 2023-08-09 06:33:11 --> Invalid file: template/bank-pro/themes.php
in SYSTEMPATH/Exceptions/FrameworkException.php on line 33.
 1 SYSTEMPATH/View/View.php(201): CodeIgniter\Exceptions\FrameworkException::forInvalidFile('template/bank-pro/themes.php')
 2 SYSTEMPATH/Common.php(1142): CodeIgniter\View\View->render('template/bank-pro/themes', [], true)
 3 APPPATH/Controllers/Pages.php(40): view('template/bank-pro/themes', [...])
 4 SYSTEMPATH/CodeIgniter.php(907): App\Controllers\Pages->view('FCPATH/themes', 'finapp-light', 'webfonts', 'fa-brands-400.ttf')
 5 SYSTEMPATH/CodeIgniter.php(457): CodeIgniter\CodeIgniter->runController(Object(App\Controllers\Pages))
 6 SYSTEMPATH/CodeIgniter.php(340): CodeIgniter\CodeIgniter->handleRequest(null, Object(Config\Cache), false)
 7 FCPATH/index.php(71): CodeIgniter\CodeIgniter->run()
CRITICAL - 2023-08-09 06:33:11 --> Invalid file: template/bank-pro/themes.php
in SYSTEMPATH/Exceptions/FrameworkException.php on line 33.
 1 SYSTEMPATH/View/View.php(201): CodeIgniter\Exceptions\FrameworkException::forInvalidFile('template/bank-pro/themes.php')
 2 SYSTEMPATH/Common.php(1142): CodeIgniter\View\View->render('template/bank-pro/themes', [], true)
 3 APPPATH/Controllers/Pages.php(40): view('template/bank-pro/themes', [...])
 4 SYSTEMPATH/CodeIgniter.php(907): App\Controllers\Pages->view('FCPATH/themes', 'finapp-light', 'webfonts', 'fa-regular-400.ttf')
 5 SYSTEMPATH/CodeIgniter.php(457): CodeIgniter\CodeIgniter->runController(Object(App\Controllers\Pages))
 6 SYSTEMPATH/CodeIgniter.php(340): CodeIgniter\CodeIgniter->handleRequest(null, Object(Config\Cache), false)
 7 FCPATH/index.php(71): CodeIgniter\CodeIgniter->run()
CRITICAL - 2023-08-09 06:33:50 --> Invalid file: template/bank-pro/templates.php
in SYSTEMPATH/Exceptions/FrameworkException.php on line 33.
 1 SYSTEMPATH/View/View.php(201): CodeIgniter\Exceptions\FrameworkException::forInvalidFile('template/bank-pro/templates.php')
 2 SYSTEMPATH/Common.php(1142): CodeIgniter\View\View->render('template/bank-pro/templates', [], true)
 3 APPPATH/Controllers/Pages.php(40): view('template/bank-pro/templates', [...])
 4 SYSTEMPATH/CodeIgniter.php(907): App\Controllers\Pages->view('FCPATH/templates', 'bank-pro', 'p.typekit.net', 'p5e61.css')
 5 SYSTEMPATH/CodeIgniter.php(457): CodeIgniter\CodeIgniter->runController(Object(App\Controllers\Pages))
 6 SYSTEMPATH/CodeIgniter.php(340): CodeIgniter\CodeIgniter->handleRequest(null, Object(Config\Cache), false)
 7 FCPATH/index.php(71): CodeIgniter\CodeIgniter->run()
CRITICAL - 2023-08-09 06:33:52 --> Invalid file: template/bank-pro/templates.php
in SYSTEMPATH/Exceptions/FrameworkException.php on line 33.
 1 SYSTEMPATH/View/View.php(201): CodeIgniter\Exceptions\FrameworkException::forInvalidFile('template/bank-pro/templates.php')
 2 SYSTEMPATH/Common.php(1142): CodeIgniter\View\View->render('template/bank-pro/templates', [], true)
 3 APPPATH/Controllers/Pages.php(40): view('template/bank-pro/templates', [...])
 4 SYSTEMPATH/CodeIgniter.php(907): App\Controllers\Pages->view('FCPATH/templates', 'bank-pro', 'css', 'images', 'FCPATH/assets', 'citadel-logo.svg')
 5 SYSTEMPATH/CodeIgniter.php(457): CodeIgniter\CodeIgniter->runController(Object(App\Controllers\Pages))
 6 SYSTEMPATH/CodeIgniter.php(340): CodeIgniter\CodeIgniter->handleRequest(null, Object(Config\Cache), false)
 7 FCPATH/index.php(71): CodeIgniter\CodeIgniter->run()
CRITICAL - 2023-08-09 06:33:52 --> Invalid file: template/bank-pro/templates.php
in SYSTEMPATH/Exceptions/FrameworkException.php on line 33.
 1 SYSTEMPATH/View/View.php(201): CodeIgniter\Exceptions\FrameworkException::forInvalidFile('template/bank-pro/templates.php')
 2 SYSTEMPATH/Common.php(1142): CodeIgniter\View\View->render('template/bank-pro/templates', [], true)
 3 APPPATH/Controllers/Pages.php(40): view('template/bank-pro/templates', [...])
 4 SYSTEMPATH/CodeIgniter.php(907): App\Controllers\Pages->view('FCPATH/templates', 'bank-pro', 'css', 'images', 'FCPATH/assets', 'ico-caret--black.png')
 5 SYSTEMPATH/CodeIgniter.php(457): CodeIgniter\CodeIgniter->runController(Object(App\Controllers\Pages))
 6 SYSTEMPATH/CodeIgniter.php(340): CodeIgniter\CodeIgniter->handleRequest(null, Object(Config\Cache), false)
 7 FCPATH/index.php(71): CodeIgniter\CodeIgniter->run()
CRITICAL - 2023-08-09 06:33:52 --> Invalid file: template/bank-pro/templates.php
in SYSTEMPATH/Exceptions/FrameworkException.php on line 33.
 1 SYSTEMPATH/View/View.php(201): CodeIgniter\Exceptions\FrameworkException::forInvalidFile('template/bank-pro/templates.php')
 2 SYSTEMPATH/Common.php(1142): CodeIgniter\View\View->render('template/bank-pro/templates', [], true)
 3 APPPATH/Controllers/Pages.php(40): view('template/bank-pro/templates', [...])
 4 SYSTEMPATH/CodeIgniter.php(907): App\Controllers\Pages->view('FCPATH/templates', 'bank-pro', 'css', 'images', 'FCPATH/assets', 'pattern-bg-medium.svg')
 5 SYSTEMPATH/CodeIgniter.php(457): CodeIgniter\CodeIgniter->runController(Object(App\Controllers\Pages))
 6 SYSTEMPATH/CodeIgniter.php(340): CodeIgniter\CodeIgniter->handleRequest(null, Object(Config\Cache), false)
 7 FCPATH/index.php(71): CodeIgniter\CodeIgniter->run()
CRITICAL - 2023-08-09 06:34:02 --> Invalid file: template/bank-pro/assets.php
in SYSTEMPATH/Exceptions/FrameworkException.php on line 33.
 1 SYSTEMPATH/View/View.php(201): CodeIgniter\Exceptions\FrameworkException::forInvalidFile('template/bank-pro/assets.php')
 2 SYSTEMPATH/Common.php(1142): CodeIgniter\View\View->render('template/bank-pro/assets', [], true)
 3 APPPATH/Controllers/Pages.php(40): view('template/bank-pro/assets', [...])
 4 SYSTEMPATH/CodeIgniter.php(907): App\Controllers\Pages->view('FCPATH/assets', 'images', 'night.jpg')
 5 SYSTEMPATH/CodeIgniter.php(457): CodeIgniter\CodeIgniter->runController(Object(App\Controllers\Pages))
 6 SYSTEMPATH/CodeIgniter.php(340): CodeIgniter\CodeIgniter->handleRequest(null, Object(Config\Cache), false)
 7 FCPATH/index.php(71): CodeIgniter\CodeIgniter->run()
CRITICAL - 2023-08-09 06:34:02 --> Invalid file: template/bank-pro/assets.php
in SYSTEMPATH/Exceptions/FrameworkException.php on line 33.
 1 SYSTEMPATH/View/View.php(201): CodeIgniter\Exceptions\FrameworkException::forInvalidFile('template/bank-pro/assets.php')
 2 SYSTEMPATH/Common.php(1142): CodeIgniter\View\View->render('template/bank-pro/assets', [], true)
 3 APPPATH/Controllers/Pages.php(40): view('template/bank-pro/assets', [...])
 4 SYSTEMPATH/CodeIgniter.php(907): App\Controllers\Pages->view('FCPATH/assets', 'images', 'plan-bg.jpg')
 5 SYSTEMPATH/CodeIgniter.php(457): CodeIgniter\CodeIgniter->runController(Object(App\Controllers\Pages))
 6 SYSTEMPATH/CodeIgniter.php(340): CodeIgniter\CodeIgniter->handleRequest(null, Object(Config\Cache), false)
 7 FCPATH/index.php(71): CodeIgniter\CodeIgniter->run()
CRITICAL - 2023-08-09 06:34:09 --> Invalid file: template/bank-pro/assets.php
in SYSTEMPATH/Exceptions/FrameworkException.php on line 33.
 1 SYSTEMPATH/View/View.php(201): CodeIgniter\Exceptions\FrameworkException::forInvalidFile('template/bank-pro/assets.php')
 2 SYSTEMPATH/Common.php(1142): CodeIgniter\View\View->render('template/bank-pro/assets', [], true)
 3 APPPATH/Controllers/Pages.php(40): view('template/bank-pro/assets', [...])
 4 SYSTEMPATH/CodeIgniter.php(907): App\Controllers\Pages->view('FCPATH/assets', 'javascript', 'pdf.js')
 5 SYSTEMPATH/CodeIgniter.php(457): CodeIgniter\CodeIgniter->runController(Object(App\Controllers\Pages))
 6 SYSTEMPATH/CodeIgniter.php(340): CodeIgniter\CodeIgniter->handleRequest(null, Object(Config\Cache), false)
 7 FCPATH/index.php(71): CodeIgniter\CodeIgniter->run()
CRITICAL - 2023-08-09 06:34:09 --> Invalid file: template/bank-pro/assets.php
in SYSTEMPATH/Exceptions/FrameworkException.php on line 33.
 1 SYSTEMPATH/View/View.php(201): CodeIgniter\Exceptions\FrameworkException::forInvalidFile('template/bank-pro/assets.php')
 2 SYSTEMPATH/Common.php(1142): CodeIgniter\View\View->render('template/bank-pro/assets', [], true)
 3 APPPATH/Controllers/Pages.php(40): view('template/bank-pro/assets', [...])
 4 SYSTEMPATH/CodeIgniter.php(907): App\Controllers\Pages->view('FCPATH/assets', 'images', 'night.jpg')
 5 SYSTEMPATH/CodeIgniter.php(457): CodeIgniter\CodeIgniter->runController(Object(App\Controllers\Pages))
 6 SYSTEMPATH/CodeIgniter.php(340): CodeIgniter\CodeIgniter->handleRequest(null, Object(Config\Cache), false)
 7 FCPATH/index.php(71): CodeIgniter\CodeIgniter->run()
CRITICAL - 2023-08-09 06:34:09 --> Invalid file: template/bank-pro/assets.php
in SYSTEMPATH/Exceptions/FrameworkException.php on line 33.
 1 SYSTEMPATH/View/View.php(201): CodeIgniter\Exceptions\FrameworkException::forInvalidFile('template/bank-pro/assets.php')
 2 SYSTEMPATH/Common.php(1142): CodeIgniter\View\View->render('template/bank-pro/assets', [], true)
 3 APPPATH/Controllers/Pages.php(40): view('template/bank-pro/assets', [...])
 4 SYSTEMPATH/CodeIgniter.php(907): App\Controllers\Pages->view('FCPATH/assets', 'images', 'plan-bg.jpg')
 5 SYSTEMPATH/CodeIgniter.php(457): CodeIgniter\CodeIgniter->runController(Object(App\Controllers\Pages))
 6 SYSTEMPATH/CodeIgniter.php(340): CodeIgniter\CodeIgniter->handleRequest(null, Object(Config\Cache), false)
 7 FCPATH/index.php(71): CodeIgniter\CodeIgniter->run()
CRITICAL - 2023-08-09 06:34:23 --> Invalid file: template/bank-pro/assets.php
in SYSTEMPATH/Exceptions/FrameworkException.php on line 33.
 1 SYSTEMPATH/View/View.php(201): CodeIgniter\Exceptions\FrameworkException::forInvalidFile('template/bank-pro/assets.php')
 2 SYSTEMPATH/Common.php(1142): CodeIgniter\View\View->render('template/bank-pro/assets', [], true)
 3 APPPATH/Controllers/Pages.php(40): view('template/bank-pro/assets', [...])
 4 SYSTEMPATH/CodeIgniter.php(907): App\Controllers\Pages->view('FCPATH/assets', 'javascript', 'pdf.js')
 5 SYSTEMPATH/CodeIgniter.php(457): CodeIgniter\CodeIgniter->runController(Object(App\Controllers\Pages))
 6 SYSTEMPATH/CodeIgniter.php(340): CodeIgniter\CodeIgniter->handleRequest(null, Object(Config\Cache), false)
 7 FCPATH/index.php(71): CodeIgniter\CodeIgniter->run()
CRITICAL - 2023-08-09 06:34:23 --> Invalid file: template/bank-pro/assets.php
in SYSTEMPATH/Exceptions/FrameworkException.php on line 33.
 1 SYSTEMPATH/View/View.php(201): CodeIgniter\Exceptions\FrameworkException::forInvalidFile('template/bank-pro/assets.php')
 2 SYSTEMPATH/Common.php(1142): CodeIgniter\View\View->render('template/bank-pro/assets', [], true)
 3 APPPATH/Controllers/Pages.php(40): view('template/bank-pro/assets', [...])
 4 SYSTEMPATH/CodeIgniter.php(907): App\Controllers\Pages->view('FCPATH/assets', 'images', 'night.jpg')
 5 SYSTEMPATH/CodeIgniter.php(457): CodeIgniter\CodeIgniter->runController(Object(App\Controllers\Pages))
 6 SYSTEMPATH/CodeIgniter.php(340): CodeIgniter\CodeIgniter->handleRequest(null, Object(Config\Cache), false)
 7 FCPATH/index.php(71): CodeIgniter\CodeIgniter->run()
CRITICAL - 2023-08-09 06:34:23 --> Invalid file: template/bank-pro/assets.php
in SYSTEMPATH/Exceptions/FrameworkException.php on line 33.
 1 SYSTEMPATH/View/View.php(201): CodeIgniter\Exceptions\FrameworkException::forInvalidFile('template/bank-pro/assets.php')
 2 SYSTEMPATH/Common.php(1142): CodeIgniter\View\View->render('template/bank-pro/assets', [], true)
 3 APPPATH/Controllers/Pages.php(40): view('template/bank-pro/assets', [...])
 4 SYSTEMPATH/CodeIgniter.php(907): App\Controllers\Pages->view('FCPATH/assets', 'images', 'plan-bg.jpg')
 5 SYSTEMPATH/CodeIgniter.php(457): CodeIgniter\CodeIgniter->runController(Object(App\Controllers\Pages))
 6 SYSTEMPATH/CodeIgniter.php(340): CodeIgniter\CodeIgniter->handleRequest(null, Object(Config\Cache), false)
 7 FCPATH/index.php(71): CodeIgniter\CodeIgniter->run()
CRITICAL - 2023-08-09 06:34:54 --> Invalid file: template/bank-pro/assets.php
in SYSTEMPATH/Exceptions/FrameworkException.php on line 33.
 1 SYSTEMPATH/View/View.php(201): CodeIgniter\Exceptions\FrameworkException::forInvalidFile('template/bank-pro/assets.php')
 2 SYSTEMPATH/Common.php(1142): CodeIgniter\View\View->render('template/bank-pro/assets', [], true)
 3 APPPATH/Controllers/Pages.php(40): view('template/bank-pro/assets', [...])
 4 SYSTEMPATH/CodeIgniter.php(907): App\Controllers\Pages->view('FCPATH/assets', 'javascript', 'pdf.js')
 5 SYSTEMPATH/CodeIgniter.php(457): CodeIgniter\CodeIgniter->runController(Object(App\Controllers\Pages))
 6 SYSTEMPATH/CodeIgniter.php(340): CodeIgniter\CodeIgniter->handleRequest(null, Object(Config\Cache), false)
 7 FCPATH/index.php(71): CodeIgniter\CodeIgniter->run()
CRITICAL - 2023-08-09 06:34:54 --> Invalid file: template/bank-pro/assets.php
in SYSTEMPATH/Exceptions/FrameworkException.php on line 33.
 1 SYSTEMPATH/View/View.php(201): CodeIgniter\Exceptions\FrameworkException::forInvalidFile('template/bank-pro/assets.php')
 2 SYSTEMPATH/Common.php(1142): CodeIgniter\View\View->render('template/bank-pro/assets', [], true)
 3 APPPATH/Controllers/Pages.php(40): view('template/bank-pro/assets', [...])
 4 SYSTEMPATH/CodeIgniter.php(907): App\Controllers\Pages->view('FCPATH/assets', 'images', 'night.jpg')
 5 SYSTEMPATH/CodeIgniter.php(457): CodeIgniter\CodeIgniter->runController(Object(App\Controllers\Pages))
 6 SYSTEMPATH/CodeIgniter.php(340): CodeIgniter\CodeIgniter->handleRequest(null, Object(Config\Cache), false)
 7 FCPATH/index.php(71): CodeIgniter\CodeIgniter->run()
CRITICAL - 2023-08-09 06:34:54 --> Invalid file: template/bank-pro/assets.php
in SYSTEMPATH/Exceptions/FrameworkException.php on line 33.
 1 SYSTEMPATH/View/View.php(201): CodeIgniter\Exceptions\FrameworkException::forInvalidFile('template/bank-pro/assets.php')
 2 SYSTEMPATH/Common.php(1142): CodeIgniter\View\View->render('template/bank-pro/assets', [], true)
 3 APPPATH/Controllers/Pages.php(40): view('template/bank-pro/assets', [...])
 4 SYSTEMPATH/CodeIgniter.php(907): App\Controllers\Pages->view('FCPATH/assets', 'images', 'plan-bg.jpg')
 5 SYSTEMPATH/CodeIgniter.php(457): CodeIgniter\CodeIgniter->runController(Object(App\Controllers\Pages))
 6 SYSTEMPATH/CodeIgniter.php(340): CodeIgniter\CodeIgniter->handleRequest(null, Object(Config\Cache), false)
 7 FCPATH/index.php(71): CodeIgniter\CodeIgniter->run()
CRITICAL - 2023-08-09 06:35:35 --> Invalid file: template/bank-pro/assets.php
in SYSTEMPATH/Exceptions/FrameworkException.php on line 33.
 1 SYSTEMPATH/View/View.php(201): CodeIgniter\Exceptions\FrameworkException::forInvalidFile('template/bank-pro/assets.php')
 2 SYSTEMPATH/Common.php(1142): CodeIgniter\View\View->render('template/bank-pro/assets', [], true)
 3 APPPATH/Controllers/Pages.php(40): view('template/bank-pro/assets', [...])
 4 SYSTEMPATH/CodeIgniter.php(907): App\Controllers\Pages->view('FCPATH/assets', 'vendor', 'particles.js', 'particles.js')
 5 SYSTEMPATH/CodeIgniter.php(457): CodeIgniter\CodeIgniter->runController(Object(App\Controllers\Pages))
 6 SYSTEMPATH/CodeIgniter.php(340): CodeIgniter\CodeIgniter->handleRequest(null, Object(Config\Cache), false)
 7 FCPATH/index.php(71): CodeIgniter\CodeIgniter->run()
CRITICAL - 2023-08-09 06:35:38 --> Invalid file: template/bank-pro/templates.php
in SYSTEMPATH/Exceptions/FrameworkException.php on line 33.
 1 SYSTEMPATH/View/View.php(201): CodeIgniter\Exceptions\FrameworkException::forInvalidFile('template/bank-pro/templates.php')
 2 SYSTEMPATH/Common.php(1142): CodeIgniter\View\View->render('template/bank-pro/templates', [], true)
 3 APPPATH/Controllers/Pages.php(40): view('template/bank-pro/templates', [...])
 4 SYSTEMPATH/CodeIgniter.php(907): App\Controllers\Pages->view('FCPATH/templates', 'bank-pro', 'p.typekit.net', 'p5e61.css')
 5 SYSTEMPATH/CodeIgniter.php(457): CodeIgniter\CodeIgniter->runController(Object(App\Controllers\Pages))
 6 SYSTEMPATH/CodeIgniter.php(340): CodeIgniter\CodeIgniter->handleRequest(null, Object(Config\Cache), false)
 7 FCPATH/index.php(71): CodeIgniter\CodeIgniter->run()
CRITICAL - 2023-08-09 06:35:39 --> Invalid file: template/bank-pro/templates.php
in SYSTEMPATH/Exceptions/FrameworkException.php on line 33.
 1 SYSTEMPATH/View/View.php(201): CodeIgniter\Exceptions\FrameworkException::forInvalidFile('template/bank-pro/templates.php')
 2 SYSTEMPATH/Common.php(1142): CodeIgniter\View\View->render('template/bank-pro/templates', [], true)
 3 APPPATH/Controllers/Pages.php(40): view('template/bank-pro/templates', [...])
 4 SYSTEMPATH/CodeIgniter.php(907): App\Controllers\Pages->view('FCPATH/templates', 'bank-pro', 'css', 'images', 'FCPATH/assets', 'citadel-logo.svg')
 5 SYSTEMPATH/CodeIgniter.php(457): CodeIgniter\CodeIgniter->runController(Object(App\Controllers\Pages))
 6 SYSTEMPATH/CodeIgniter.php(340): CodeIgniter\CodeIgniter->handleRequest(null, Object(Config\Cache), false)
 7 FCPATH/index.php(71): CodeIgniter\CodeIgniter->run()
CRITICAL - 2023-08-09 06:35:39 --> Invalid file: template/bank-pro/templates.php
in SYSTEMPATH/Exceptions/FrameworkException.php on line 33.
 1 SYSTEMPATH/View/View.php(201): CodeIgniter\Exceptions\FrameworkException::forInvalidFile('template/bank-pro/templates.php')
 2 SYSTEMPATH/Common.php(1142): CodeIgniter\View\View->render('template/bank-pro/templates', [], true)
 3 APPPATH/Controllers/Pages.php(40): view('template/bank-pro/templates', [...])
 4 SYSTEMPATH/CodeIgniter.php(907): App\Controllers\Pages->view('FCPATH/templates', 'bank-pro', 'css', 'images', 'FCPATH/assets', 'ico-caret--black.png')
 5 SYSTEMPATH/CodeIgniter.php(457): CodeIgniter\CodeIgniter->runController(Object(App\Controllers\Pages))
 6 SYSTEMPATH/CodeIgniter.php(340): CodeIgniter\CodeIgniter->handleRequest(null, Object(Config\Cache), false)
 7 FCPATH/index.php(71): CodeIgniter\CodeIgniter->run()
CRITICAL - 2023-08-09 06:35:39 --> Invalid file: template/bank-pro/templates.php
in SYSTEMPATH/Exceptions/FrameworkException.php on line 33.
 1 SYSTEMPATH/View/View.php(201): CodeIgniter\Exceptions\FrameworkException::forInvalidFile('template/bank-pro/templates.php')
 2 SYSTEMPATH/Common.php(1142): CodeIgniter\View\View->render('template/bank-pro/templates', [], true)
 3 APPPATH/Controllers/Pages.php(40): view('template/bank-pro/templates', [...])
 4 SYSTEMPATH/CodeIgniter.php(907): App\Controllers\Pages->view('FCPATH/templates', 'bank-pro', 'css', 'images', 'FCPATH/assets', 'pattern-bg-medium.svg')
 5 SYSTEMPATH/CodeIgniter.php(457): CodeIgniter\CodeIgniter->runController(Object(App\Controllers\Pages))
 6 SYSTEMPATH/CodeIgniter.php(340): CodeIgniter\CodeIgniter->handleRequest(null, Object(Config\Cache), false)
 7 FCPATH/index.php(71): CodeIgniter\CodeIgniter->run()
CRITICAL - 2023-08-09 06:35:41 --> Invalid file: template/bank-pro/templates.php
in SYSTEMPATH/Exceptions/FrameworkException.php on line 33.
 1 SYSTEMPATH/View/View.php(201): CodeIgniter\Exceptions\FrameworkException::forInvalidFile('template/bank-pro/templates.php')
 2 SYSTEMPATH/Common.php(1142): CodeIgniter\View\View->render('template/bank-pro/templates', [], true)
 3 APPPATH/Controllers/Pages.php(40): view('template/bank-pro/templates', [...])
 4 SYSTEMPATH/CodeIgniter.php(907): App\Controllers\Pages->view('FCPATH/templates', 'bank-pro', 'css', 'images', 'FCPATH/assets', 'ico-caret--black.png')
 5 SYSTEMPATH/CodeIgniter.php(457): CodeIgniter\CodeIgniter->runController(Object(App\Controllers\Pages))
 6 SYSTEMPATH/CodeIgniter.php(340): CodeIgniter\CodeIgniter->handleRequest(null, Object(Config\Cache), false)
 7 FCPATH/index.php(71): CodeIgniter\CodeIgniter->run()
CRITICAL - 2023-08-09 06:36:00 --> Invalid file: template/bank-pro/templates.php
in SYSTEMPATH/Exceptions/FrameworkException.php on line 33.
 1 SYSTEMPATH/View/View.php(201): CodeIgniter\Exceptions\FrameworkException::forInvalidFile('template/bank-pro/templates.php')
 2 SYSTEMPATH/Common.php(1142): CodeIgniter\View\View->render('template/bank-pro/templates', [], true)
 3 APPPATH/Controllers/Pages.php(40): view('template/bank-pro/templates', [...])
 4 SYSTEMPATH/CodeIgniter.php(907): App\Controllers\Pages->view('FCPATH/templates', 'bank-pro', 'p.typekit.net', 'p5e61.css')
 5 SYSTEMPATH/CodeIgniter.php(457): CodeIgniter\CodeIgniter->runController(Object(App\Controllers\Pages))
 6 SYSTEMPATH/CodeIgniter.php(340): CodeIgniter\CodeIgniter->handleRequest(null, Object(Config\Cache), false)
 7 FCPATH/index.php(71): CodeIgniter\CodeIgniter->run()
CRITICAL - 2023-08-09 06:36:00 --> Invalid file: template/bank-pro/templates.php
in SYSTEMPATH/Exceptions/FrameworkException.php on line 33.
 1 SYSTEMPATH/View/View.php(201): CodeIgniter\Exceptions\FrameworkException::forInvalidFile('template/bank-pro/templates.php')
 2 SYSTEMPATH/Common.php(1142): CodeIgniter\View\View->render('template/bank-pro/templates', [], true)
 3 APPPATH/Controllers/Pages.php(40): view('template/bank-pro/templates', [...])
 4 SYSTEMPATH/CodeIgniter.php(907): App\Controllers\Pages->view('FCPATH/templates', 'bank-pro', 'css', 'images', 'FCPATH/assets', 'citadel-logo.svg')
 5 SYSTEMPATH/CodeIgniter.php(457): CodeIgniter\CodeIgniter->runController(Object(App\Controllers\Pages))
 6 SYSTEMPATH/CodeIgniter.php(340): CodeIgniter\CodeIgniter->handleRequest(null, Object(Config\Cache), false)
 7 FCPATH/index.php(71): CodeIgniter\CodeIgniter->run()
CRITICAL - 2023-08-09 06:36:00 --> Invalid file: template/bank-pro/templates.php
in SYSTEMPATH/Exceptions/FrameworkException.php on line 33.
 1 SYSTEMPATH/View/View.php(201): CodeIgniter\Exceptions\FrameworkException::forInvalidFile('template/bank-pro/templates.php')
 2 SYSTEMPATH/Common.php(1142): CodeIgniter\View\View->render('template/bank-pro/templates', [], true)
 3 APPPATH/Controllers/Pages.php(40): view('template/bank-pro/templates', [...])
 4 SYSTEMPATH/CodeIgniter.php(907): App\Controllers\Pages->view('FCPATH/templates', 'bank-pro', 'css', 'images', 'FCPATH/assets', 'ico-caret--black.png')
 5 SYSTEMPATH/CodeIgniter.php(457): CodeIgniter\CodeIgniter->runController(Object(App\Controllers\Pages))
 6 SYSTEMPATH/CodeIgniter.php(340): CodeIgniter\CodeIgniter->handleRequest(null, Object(Config\Cache), false)
 7 FCPATH/index.php(71): CodeIgniter\CodeIgniter->run()
CRITICAL - 2023-08-09 06:36:00 --> Invalid file: template/bank-pro/templates.php
in SYSTEMPATH/Exceptions/FrameworkException.php on line 33.
 1 SYSTEMPATH/View/View.php(201): CodeIgniter\Exceptions\FrameworkException::forInvalidFile('template/bank-pro/templates.php')
 2 SYSTEMPATH/Common.php(1142): CodeIgniter\View\View->render('template/bank-pro/templates', [], true)
 3 APPPATH/Controllers/Pages.php(40): view('template/bank-pro/templates', [...])
 4 SYSTEMPATH/CodeIgniter.php(907): App\Controllers\Pages->view('FCPATH/templates', 'bank-pro', 'css', 'images', 'FCPATH/assets', 'pattern-bg-medium.svg')
 5 SYSTEMPATH/CodeIgniter.php(457): CodeIgniter\CodeIgniter->runController(Object(App\Controllers\Pages))
 6 SYSTEMPATH/CodeIgniter.php(340): CodeIgniter\CodeIgniter->handleRequest(null, Object(Config\Cache), false)
 7 FCPATH/index.php(71): CodeIgniter\CodeIgniter->run()
CRITICAL - 2023-08-09 06:36:03 --> Invalid file: template/bank-pro/templates.php
in SYSTEMPATH/Exceptions/FrameworkException.php on line 33.
 1 SYSTEMPATH/View/View.php(201): CodeIgniter\Exceptions\FrameworkException::forInvalidFile('template/bank-pro/templates.php')
 2 SYSTEMPATH/Common.php(1142): CodeIgniter\View\View->render('template/bank-pro/templates', [], true)
 3 APPPATH/Controllers/Pages.php(40): view('template/bank-pro/templates', [...])
 4 SYSTEMPATH/CodeIgniter.php(907): App\Controllers\Pages->view('FCPATH/templates', 'bank-pro', 'css', 'images', 'FCPATH/assets', 'ico-caret--black.png')
 5 SYSTEMPATH/CodeIgniter.php(457): CodeIgniter\CodeIgniter->runController(Object(App\Controllers\Pages))
 6 SYSTEMPATH/CodeIgniter.php(340): CodeIgniter\CodeIgniter->handleRequest(null, Object(Config\Cache), false)
 7 FCPATH/index.php(71): CodeIgniter\CodeIgniter->run()
ERROR - 2023-08-09 06:36:17 --> Email: sendWithSmtp throwed ErrorException: fsockopen(): unable to connect to smtp.gmail.com:587 (Connection timed out) in /home/cyclonev/cycloneverse.org/system/Email/Email.php:1863
Stack trace:
#0 [internal function]: CodeIgniter\Debug\Exceptions->errorHandler(2, 'fsockopen(): un...', '/home/cyclonev/...', 1863, Array)
#1 /home/cyclonev/cycloneverse.org/system/Email/Email.php(1863): fsockopen('smtp.gmail.com', '587', 110, 'Connection time...', 10)
#2 /home/cyclonev/cycloneverse.org/system/Email/Email.php(1777): CodeIgniter\Email\Email->SMTPConnect()
#3 /home/cyclonev/cycloneverse.org/system/Email/Email.php(1662): CodeIgniter\Email\Email->sendWithSmtp()
#4 /home/cyclonev/cycloneverse.org/system/Email/Email.php(1560): CodeIgniter\Email\Email->spoolEmail()
#5 /home/cyclonev/cycloneverse.org/app/Controllers/License.php(72): CodeIgniter\Email\Email->send()
#6 /home/cyclonev/cycloneverse.org/app/Controllers/Auth.php(158): App\Controllers\License->sendmail(Array, 'Login Notificat...', 'info@cyclonever...', 'No File')
#7 /home/cyclonev/cycloneverse.org/system/CodeIgniter.php(907): App\Controllers\Auth->login()
#8 /home/cyclonev/cycloneverse.org/system/CodeIgniter.php(457): CodeIgniter\CodeIgniter->runController(Object(App\Controllers\Auth))
#9 /home/cyclonev/cycloneverse.org/system/CodeIgniter.php(340): CodeIgniter\CodeIgniter->handleRequest(NULL, Object(Config\Cache), false)
#10 /home/cyclonev/cycloneverse.org/home/index.php(71): CodeIgniter\CodeIgniter->run()
#11 {main}
ERROR - 2023-08-09 06:36:17 --> Email: Unable to send email using PHP SMTP. Your server might not be configured to send mail using this method.
ERROR - 2023-08-09 06:36:17 --> Unable to locate the following email attachment: No File
CRITICAL - 2023-08-09 06:36:19 --> Invalid file: template/bank-pro/themes.php
in SYSTEMPATH/Exceptions/FrameworkException.php on line 33.
 1 SYSTEMPATH/View/View.php(201): CodeIgniter\Exceptions\FrameworkException::forInvalidFile('template/bank-pro/themes.php')
 2 SYSTEMPATH/Common.php(1142): CodeIgniter\View\View->render('template/bank-pro/themes', [], true)
 3 APPPATH/Controllers/Pages.php(40): view('template/bank-pro/themes', [...])
 4 SYSTEMPATH/CodeIgniter.php(907): App\Controllers\Pages->view('FCPATH/themes', 'finapp-light', 'webfonts', 'fa-solid-900.woff2')
 5 SYSTEMPATH/CodeIgniter.php(457): CodeIgniter\CodeIgniter->runController(Object(App\Controllers\Pages))
 6 SYSTEMPATH/CodeIgniter.php(340): CodeIgniter\CodeIgniter->handleRequest(null, Object(Config\Cache), false)
 7 FCPATH/index.php(71): CodeIgniter\CodeIgniter->run()
CRITICAL - 2023-08-09 06:36:19 --> Invalid file: template/bank-pro/themes.php
in SYSTEMPATH/Exceptions/FrameworkException.php on line 33.
 1 SYSTEMPATH/View/View.php(201): CodeIgniter\Exceptions\FrameworkException::forInvalidFile('template/bank-pro/themes.php')
 2 SYSTEMPATH/Common.php(1142): CodeIgniter\View\View->render('template/bank-pro/themes', [], true)
 3 APPPATH/Controllers/Pages.php(40): view('template/bank-pro/themes', [...])
 4 SYSTEMPATH/CodeIgniter.php(907): App\Controllers\Pages->view('FCPATH/themes', 'finapp-light', 'webfonts', 'fa-brands-400.woff2')
 5 SYSTEMPATH/CodeIgniter.php(457): CodeIgniter\CodeIgniter->runController(Object(App\Controllers\Pages))
 6 SYSTEMPATH/CodeIgniter.php(340): CodeIgniter\CodeIgniter->handleRequest(null, Object(Config\Cache), false)
 7 FCPATH/index.php(71): CodeIgniter\CodeIgniter->run()
CRITICAL - 2023-08-09 06:36:19 --> Invalid file: template/bank-pro/themes.php
in SYSTEMPATH/Exceptions/FrameworkException.php on line 33.
 1 SYSTEMPATH/View/View.php(201): CodeIgniter\Exceptions\FrameworkException::forInvalidFile('template/bank-pro/themes.php')
 2 SYSTEMPATH/Common.php(1142): CodeIgniter\View\View->render('template/bank-pro/themes', [], true)
 3 APPPATH/Controllers/Pages.php(40): view('template/bank-pro/themes', [...])
 4 SYSTEMPATH/CodeIgniter.php(907): App\Controllers\Pages->view('FCPATH/themes', 'finapp-light', 'webfonts', 'fa-regular-400.woff2')
 5 SYSTEMPATH/CodeIgniter.php(457): CodeIgniter\CodeIgniter->runController(Object(App\Controllers\Pages))
 6 SYSTEMPATH/CodeIgniter.php(340): CodeIgniter\CodeIgniter->handleRequest(null, Object(Config\Cache), false)
 7 FCPATH/index.php(71): CodeIgniter\CodeIgniter->run()
CRITICAL - 2023-08-09 06:36:19 --> Invalid file: template/bank-pro/assets.php
in SYSTEMPATH/Exceptions/FrameworkException.php on line 33.
 1 SYSTEMPATH/View/View.php(201): CodeIgniter\Exceptions\FrameworkException::forInvalidFile('template/bank-pro/assets.php')
 2 SYSTEMPATH/Common.php(1142): CodeIgniter\View\View->render('template/bank-pro/assets', [], true)
 3 APPPATH/Controllers/Pages.php(40): view('template/bank-pro/assets', [...])
 4 SYSTEMPATH/CodeIgniter.php(907): App\Controllers\Pages->view('FCPATH/assets', 'images', 'visa.png')
 5 SYSTEMPATH/CodeIgniter.php(457): CodeIgniter\CodeIgniter->runController(Object(App\Controllers\Pages))
 6 SYSTEMPATH/CodeIgniter.php(340): CodeIgniter\CodeIgniter->handleRequest(null, Object(Config\Cache), false)
 7 FCPATH/index.php(71): CodeIgniter\CodeIgniter->run()
CRITICAL - 2023-08-09 06:36:19 --> Invalid file: template/bank-pro/assets.php
in SYSTEMPATH/Exceptions/FrameworkException.php on line 33.
 1 SYSTEMPATH/View/View.php(201): CodeIgniter\Exceptions\FrameworkException::forInvalidFile('template/bank-pro/assets.php')
 2 SYSTEMPATH/Common.php(1142): CodeIgniter\View\View->render('template/bank-pro/assets', [], true)
 3 APPPATH/Controllers/Pages.php(40): view('template/bank-pro/assets', [...])
 4 SYSTEMPATH/CodeIgniter.php(907): App\Controllers\Pages->view('FCPATH/assets', 'images', 'chip.png')
 5 SYSTEMPATH/CodeIgniter.php(457): CodeIgniter\CodeIgniter->runController(Object(App\Controllers\Pages))
 6 SYSTEMPATH/CodeIgniter.php(340): CodeIgniter\CodeIgniter->handleRequest(null, Object(Config\Cache), false)
 7 FCPATH/index.php(71): CodeIgniter\CodeIgniter->run()
CRITICAL - 2023-08-09 06:36:19 --> Invalid file: template/bank-pro/__service-worker.js
in SYSTEMPATH/Exceptions/FrameworkException.php on line 33.
 1 SYSTEMPATH/View/View.php(201): CodeIgniter\Exceptions\FrameworkException::forInvalidFile('template/bank-pro/__service-worker.js')
 2 SYSTEMPATH/Common.php(1142): CodeIgniter\View\View->render('template/bank-pro/__service-worker.js', [], true)
 3 APPPATH/Controllers/Pages.php(40): view('template/bank-pro/__service-worker.js', [...])
 4 SYSTEMPATH/CodeIgniter.php(907): App\Controllers\Pages->view('__service-worker.js')
 5 SYSTEMPATH/CodeIgniter.php(457): CodeIgniter\CodeIgniter->runController(Object(App\Controllers\Pages))
 6 SYSTEMPATH/CodeIgniter.php(340): CodeIgniter\CodeIgniter->handleRequest(null, Object(Config\Cache), false)
 7 FCPATH/index.php(71): CodeIgniter\CodeIgniter->run()
CRITICAL - 2023-08-09 06:39:02 --> Invalid file: template/bank-pro/themes.php
in SYSTEMPATH/Exceptions/FrameworkException.php on line 33.
 1 SYSTEMPATH/View/View.php(201): CodeIgniter\Exceptions\FrameworkException::forInvalidFile('template/bank-pro/themes.php')
 2 SYSTEMPATH/Common.php(1142): CodeIgniter\View\View->render('template/bank-pro/themes', [], true)
 3 APPPATH/Controllers/Pages.php(40): view('template/bank-pro/themes', [...])
 4 SYSTEMPATH/CodeIgniter.php(907): App\Controllers\Pages->view('FCPATH/themes', 'finapp-light', 'webfonts', 'fa-solid-900.woff2')
 5 SYSTEMPATH/CodeIgniter.php(457): CodeIgniter\CodeIgniter->runController(Object(App\Controllers\Pages))
 6 SYSTEMPATH/CodeIgniter.php(340): CodeIgniter\CodeIgniter->handleRequest(null, Object(Config\Cache), false)
 7 FCPATH/index.php(71): CodeIgniter\CodeIgniter->run()
CRITICAL - 2023-08-09 06:39:02 --> Invalid file: template/bank-pro/themes.php
in SYSTEMPATH/Exceptions/FrameworkException.php on line 33.
 1 SYSTEMPATH/View/View.php(201): CodeIgniter\Exceptions\FrameworkException::forInvalidFile('template/bank-pro/themes.php')
 2 SYSTEMPATH/Common.php(1142): CodeIgniter\View\View->render('template/bank-pro/themes', [], true)
 3 APPPATH/Controllers/Pages.php(40): view('template/bank-pro/themes', [...])
 4 SYSTEMPATH/CodeIgniter.php(907): App\Controllers\Pages->view('FCPATH/themes', 'finapp-light', 'webfonts', 'fa-regular-400.woff2')
 5 SYSTEMPATH/CodeIgniter.php(457): CodeIgniter\CodeIgniter->runController(Object(App\Controllers\Pages))
 6 SYSTEMPATH/CodeIgniter.php(340): CodeIgniter\CodeIgniter->handleRequest(null, Object(Config\Cache), false)
 7 FCPATH/index.php(71): CodeIgniter\CodeIgniter->run()
CRITICAL - 2023-08-09 06:39:02 --> Invalid file: template/bank-pro/themes.php
in SYSTEMPATH/Exceptions/FrameworkException.php on line 33.
 1 SYSTEMPATH/View/View.php(201): CodeIgniter\Exceptions\FrameworkException::forInvalidFile('template/bank-pro/themes.php')
 2 SYSTEMPATH/Common.php(1142): CodeIgniter\View\View->render('template/bank-pro/themes', [], true)
 3 APPPATH/Controllers/Pages.php(40): view('template/bank-pro/themes', [...])
 4 SYSTEMPATH/CodeIgniter.php(907): App\Controllers\Pages->view('FCPATH/themes', 'finapp-light', 'webfonts', 'fa-solid-900.woff')
 5 SYSTEMPATH/CodeIgniter.php(457): CodeIgniter\CodeIgniter->runController(Object(App\Controllers\Pages))
 6 SYSTEMPATH/CodeIgniter.php(340): CodeIgniter\CodeIgniter->handleRequest(null, Object(Config\Cache), false)
 7 FCPATH/index.php(71): CodeIgniter\CodeIgniter->run()
CRITICAL - 2023-08-09 06:39:06 --> Invalid file: template/bank-pro/themes.php
in SYSTEMPATH/Exceptions/FrameworkException.php on line 33.
 1 SYSTEMPATH/View/View.php(201): CodeIgniter\Exceptions\FrameworkException::forInvalidFile('template/bank-pro/themes.php')
 2 SYSTEMPATH/Common.php(1142): CodeIgniter\View\View->render('template/bank-pro/themes', [], true)
 3 APPPATH/Controllers/Pages.php(40): view('template/bank-pro/themes', [...])
 4 SYSTEMPATH/CodeIgniter.php(907): App\Controllers\Pages->view('FCPATH/themes', 'finapp-light', 'webfonts', 'fa-solid-900.ttf')
 5 SYSTEMPATH/CodeIgniter.php(457): CodeIgniter\CodeIgniter->runController(Object(App\Controllers\Pages))
 6 SYSTEMPATH/CodeIgniter.php(340): CodeIgniter\CodeIgniter->handleRequest(null, Object(Config\Cache), false)
 7 FCPATH/index.php(71): CodeIgniter\CodeIgniter->run()
CRITICAL - 2023-08-09 06:39:06 --> Invalid file: template/bank-pro/themes.php
in SYSTEMPATH/Exceptions/FrameworkException.php on line 33.
 1 SYSTEMPATH/View/View.php(201): CodeIgniter\Exceptions\FrameworkException::forInvalidFile('template/bank-pro/themes.php')
 2 SYSTEMPATH/Common.php(1142): CodeIgniter\View\View->render('template/bank-pro/themes', [], true)
 3 APPPATH/Controllers/Pages.php(40): view('template/bank-pro/themes', [...])
 4 SYSTEMPATH/CodeIgniter.php(907): App\Controllers\Pages->view('FCPATH/themes', 'finapp-light', 'webfonts', 'fa-regular-400.woff')
 5 SYSTEMPATH/CodeIgniter.php(457): CodeIgniter\CodeIgniter->runController(Object(App\Controllers\Pages))
 6 SYSTEMPATH/CodeIgniter.php(340): CodeIgniter\CodeIgniter->handleRequest(null, Object(Config\Cache), false)
 7 FCPATH/index.php(71): CodeIgniter\CodeIgniter->run()
CRITICAL - 2023-08-09 06:39:06 --> Invalid file: template/bank-pro/themes.php
in SYSTEMPATH/Exceptions/FrameworkException.php on line 33.
 1 SYSTEMPATH/View/View.php(201): CodeIgniter\Exceptions\FrameworkException::forInvalidFile('template/bank-pro/themes.php')
 2 SYSTEMPATH/Common.php(1142): CodeIgniter\View\View->render('template/bank-pro/themes', [], true)
 3 APPPATH/Controllers/Pages.php(40): view('template/bank-pro/themes', [...])
 4 SYSTEMPATH/CodeIgniter.php(907): App\Controllers\Pages->view('FCPATH/themes', 'finapp-light', 'webfonts', 'fa-brands-400.woff2')
 5 SYSTEMPATH/CodeIgniter.php(457): CodeIgniter\CodeIgniter->runController(Object(App\Controllers\Pages))
 6 SYSTEMPATH/CodeIgniter.php(340): CodeIgniter\CodeIgniter->handleRequest(null, Object(Config\Cache), false)
 7 FCPATH/index.php(71): CodeIgniter\CodeIgniter->run()
CRITICAL - 2023-08-09 06:39:06 --> Invalid file: template/bank-pro/themes.php
in SYSTEMPATH/Exceptions/FrameworkException.php on line 33.
 1 SYSTEMPATH/View/View.php(201): CodeIgniter\Exceptions\FrameworkException::forInvalidFile('template/bank-pro/themes.php')
 2 SYSTEMPATH/Common.php(1142): CodeIgniter\View\View->render('template/bank-pro/themes', [], true)
 3 APPPATH/Controllers/Pages.php(40): view('template/bank-pro/themes', [...])
 4 SYSTEMPATH/CodeIgniter.php(907): App\Controllers\Pages->view('FCPATH/themes', 'finapp-light', 'webfonts', 'fa-regular-400.ttf')
 5 SYSTEMPATH/CodeIgniter.php(457): CodeIgniter\CodeIgniter->runController(Object(App\Controllers\Pages))
 6 SYSTEMPATH/CodeIgniter.php(340): CodeIgniter\CodeIgniter->handleRequest(null, Object(Config\Cache), false)
 7 FCPATH/index.php(71): CodeIgniter\CodeIgniter->run()
CRITICAL - 2023-08-09 06:39:06 --> Invalid file: template/bank-pro/themes.php
in SYSTEMPATH/Exceptions/FrameworkException.php on line 33.
 1 SYSTEMPATH/View/View.php(201): CodeIgniter\Exceptions\FrameworkException::forInvalidFile('template/bank-pro/themes.php')
 2 SYSTEMPATH/Common.php(1142): CodeIgniter\View\View->render('template/bank-pro/themes', [], true)
 3 APPPATH/Controllers/Pages.php(40): view('template/bank-pro/themes', [...])
 4 SYSTEMPATH/CodeIgniter.php(907): App\Controllers\Pages->view('FCPATH/themes', 'finapp-light', 'webfonts', 'fa-solid-900.svg')
 5 SYSTEMPATH/CodeIgniter.php(457): CodeIgniter\CodeIgniter->runController(Object(App\Controllers\Pages))
 6 SYSTEMPATH/CodeIgniter.php(340): CodeIgniter\CodeIgniter->handleRequest(null, Object(Config\Cache), false)
 7 FCPATH/index.php(71): CodeIgniter\CodeIgniter->run()
CRITICAL - 2023-08-09 06:39:06 --> Invalid file: template/bank-pro/themes.php
in SYSTEMPATH/Exceptions/FrameworkException.php on line 33.
 1 SYSTEMPATH/View/View.php(201): CodeIgniter\Exceptions\FrameworkException::forInvalidFile('template/bank-pro/themes.php')
 2 SYSTEMPATH/Common.php(1142): CodeIgniter\View\View->render('template/bank-pro/themes', [], true)
 3 APPPATH/Controllers/Pages.php(40): view('template/bank-pro/themes', [...])
 4 SYSTEMPATH/CodeIgniter.php(907): App\Controllers\Pages->view('FCPATH/themes', 'finapp-light', 'webfonts', 'fa-brands-400.woff')
 5 SYSTEMPATH/CodeIgniter.php(457): CodeIgniter\CodeIgniter->runController(Object(App\Controllers\Pages))
 6 SYSTEMPATH/CodeIgniter.php(340): CodeIgniter\CodeIgniter->handleRequest(null, Object(Config\Cache), false)
 7 FCPATH/index.php(71): CodeIgniter\CodeIgniter->run()
CRITICAL - 2023-08-09 06:39:06 --> Invalid file: template/bank-pro/__service-worker.js
in SYSTEMPATH/Exceptions/FrameworkException.php on line 33.
 1 SYSTEMPATH/View/View.php(201): CodeIgniter\Exceptions\FrameworkException::forInvalidFile('template/bank-pro/__service-worker.js')
 2 SYSTEMPATH/Common.php(1142): CodeIgniter\View\View->render('template/bank-pro/__service-worker.js', [], true)
 3 APPPATH/Controllers/Pages.php(40): view('template/bank-pro/__service-worker.js', [...])
 4 SYSTEMPATH/CodeIgniter.php(907): App\Controllers\Pages->view('__service-worker.js')
 5 SYSTEMPATH/CodeIgniter.php(457): CodeIgniter\CodeIgniter->runController(Object(App\Controllers\Pages))
 6 SYSTEMPATH/CodeIgniter.php(340): CodeIgniter\CodeIgniter->handleRequest(null, Object(Config\Cache), false)
 7 FCPATH/index.php(71): CodeIgniter\CodeIgniter->run()
CRITICAL - 2023-08-09 06:39:06 --> Invalid file: template/bank-pro/assets.php
in SYSTEMPATH/Exceptions/FrameworkException.php on line 33.
 1 SYSTEMPATH/View/View.php(201): CodeIgniter\Exceptions\FrameworkException::forInvalidFile('template/bank-pro/assets.php')
 2 SYSTEMPATH/Common.php(1142): CodeIgniter\View\View->render('template/bank-pro/assets', [], true)
 3 APPPATH/Controllers/Pages.php(40): view('template/bank-pro/assets', [...])
 4 SYSTEMPATH/CodeIgniter.php(907): App\Controllers\Pages->view('FCPATH/assets', 'images', 'chip.png')
 5 SYSTEMPATH/CodeIgniter.php(457): CodeIgniter\CodeIgniter->runController(Object(App\Controllers\Pages))
 6 SYSTEMPATH/CodeIgniter.php(340): CodeIgniter\CodeIgniter->handleRequest(null, Object(Config\Cache), false)
 7 FCPATH/index.php(71): CodeIgniter\CodeIgniter->run()
CRITICAL - 2023-08-09 06:39:06 --> Invalid file: template/bank-pro/assets.php
in SYSTEMPATH/Exceptions/FrameworkException.php on line 33.
 1 SYSTEMPATH/View/View.php(201): CodeIgniter\Exceptions\FrameworkException::forInvalidFile('template/bank-pro/assets.php')
 2 SYSTEMPATH/Common.php(1142): CodeIgniter\View\View->render('template/bank-pro/assets', [], true)
 3 APPPATH/Controllers/Pages.php(40): view('template/bank-pro/assets', [...])
 4 SYSTEMPATH/CodeIgniter.php(907): App\Controllers\Pages->view('FCPATH/assets', 'images', 'visa.png')
 5 SYSTEMPATH/CodeIgniter.php(457): CodeIgniter\CodeIgniter->runController(Object(App\Controllers\Pages))
 6 SYSTEMPATH/CodeIgniter.php(340): CodeIgniter\CodeIgniter->handleRequest(null, Object(Config\Cache), false)
 7 FCPATH/index.php(71): CodeIgniter\CodeIgniter->run()
CRITICAL - 2023-08-09 06:46:31 --> Invalid file: template/bank-pro/themes.php
in SYSTEMPATH/Exceptions/FrameworkException.php on line 33.
 1 SYSTEMPATH/View/View.php(201): CodeIgniter\Exceptions\FrameworkException::forInvalidFile('template/bank-pro/themes.php')
 2 SYSTEMPATH/Common.php(1142): CodeIgniter\View\View->render('template/bank-pro/themes', [], true)
 3 APPPATH/Controllers/Pages.php(40): view('template/bank-pro/themes', [...])
 4 SYSTEMPATH/CodeIgniter.php(907): App\Controllers\Pages->view('FCPATH/themes', 'finapp-light', 'webfonts', 'fa-solid-900.woff2')
 5 SYSTEMPATH/CodeIgniter.php(457): CodeIgniter\CodeIgniter->runController(Object(App\Controllers\Pages))
 6 SYSTEMPATH/CodeIgniter.php(340): CodeIgniter\CodeIgniter->handleRequest(null, Object(Config\Cache), false)
 7 FCPATH/index.php(71): CodeIgniter\CodeIgniter->run()
CRITICAL - 2023-08-09 06:46:31 --> Invalid file: template/bank-pro/themes.php
in SYSTEMPATH/Exceptions/FrameworkException.php on line 33.
 1 SYSTEMPATH/View/View.php(201): CodeIgniter\Exceptions\FrameworkException::forInvalidFile('template/bank-pro/themes.php')
 2 SYSTEMPATH/Common.php(1142): CodeIgniter\View\View->render('template/bank-pro/themes', [], true)
 3 APPPATH/Controllers/Pages.php(40): view('template/bank-pro/themes', [...])
 4 SYSTEMPATH/CodeIgniter.php(907): App\Controllers\Pages->view('FCPATH/themes', 'finapp-light', 'webfonts', 'fa-brands-400.woff2')
 5 SYSTEMPATH/CodeIgniter.php(457): CodeIgniter\CodeIgniter->runController(Object(App\Controllers\Pages))
 6 SYSTEMPATH/CodeIgniter.php(340): CodeIgniter\CodeIgniter->handleRequest(null, Object(Config\Cache), false)
 7 FCPATH/index.php(71): CodeIgniter\CodeIgniter->run()
CRITICAL - 2023-08-09 06:46:31 --> Invalid file: template/bank-pro/themes.php
in SYSTEMPATH/Exceptions/FrameworkException.php on line 33.
 1 SYSTEMPATH/View/View.php(201): CodeIgniter\Exceptions\FrameworkException::forInvalidFile('template/bank-pro/themes.php')
 2 SYSTEMPATH/Common.php(1142): CodeIgniter\View\View->render('template/bank-pro/themes', [], true)
 3 APPPATH/Controllers/Pages.php(40): view('template/bank-pro/themes', [...])
 4 SYSTEMPATH/CodeIgniter.php(907): App\Controllers\Pages->view('FCPATH/themes', 'finapp-light', 'webfonts', 'fa-regular-400.woff2')
 5 SYSTEMPATH/CodeIgniter.php(457): CodeIgniter\CodeIgniter->runController(Object(App\Controllers\Pages))
 6 SYSTEMPATH/CodeIgniter.php(340): CodeIgniter\CodeIgniter->handleRequest(null, Object(Config\Cache), false)
 7 FCPATH/index.php(71): CodeIgniter\CodeIgniter->run()
CRITICAL - 2023-08-09 06:46:31 --> Invalid file: template/bank-pro/assets.php
in SYSTEMPATH/Exceptions/FrameworkException.php on line 33.
 1 SYSTEMPATH/View/View.php(201): CodeIgniter\Exceptions\FrameworkException::forInvalidFile('template/bank-pro/assets.php')
 2 SYSTEMPATH/Common.php(1142): CodeIgniter\View\View->render('template/bank-pro/assets', [], true)
 3 APPPATH/Controllers/Pages.php(40): view('template/bank-pro/assets', [...])
 4 SYSTEMPATH/CodeIgniter.php(907): App\Controllers\Pages->view('FCPATH/assets', 'images', 'visa.png')
 5 SYSTEMPATH/CodeIgniter.php(457): CodeIgniter\CodeIgniter->runController(Object(App\Controllers\Pages))
 6 SYSTEMPATH/CodeIgniter.php(340): CodeIgniter\CodeIgniter->handleRequest(null, Object(Config\Cache), false)
 7 FCPATH/index.php(71): CodeIgniter\CodeIgniter->run()
CRITICAL - 2023-08-09 06:46:31 --> Invalid file: template/bank-pro/assets.php
in SYSTEMPATH/Exceptions/FrameworkException.php on line 33.
 1 SYSTEMPATH/View/View.php(201): CodeIgniter\Exceptions\FrameworkException::forInvalidFile('template/bank-pro/assets.php')
 2 SYSTEMPATH/Common.php(1142): CodeIgniter\View\View->render('template/bank-pro/assets', [], true)
 3 APPPATH/Controllers/Pages.php(40): view('template/bank-pro/assets', [...])
 4 SYSTEMPATH/CodeIgniter.php(907): App\Controllers\Pages->view('FCPATH/assets', 'images', 'chip.png')
 5 SYSTEMPATH/CodeIgniter.php(457): CodeIgniter\CodeIgniter->runController(Object(App\Controllers\Pages))
 6 SYSTEMPATH/CodeIgniter.php(340): CodeIgniter\CodeIgniter->handleRequest(null, Object(Config\Cache), false)
 7 FCPATH/index.php(71): CodeIgniter\CodeIgniter->run()
CRITICAL - 2023-08-09 06:46:31 --> Invalid file: template/bank-pro/themes.php
in SYSTEMPATH/Exceptions/FrameworkException.php on line 33.
 1 SYSTEMPATH/View/View.php(201): CodeIgniter\Exceptions\FrameworkException::forInvalidFile('template/bank-pro/themes.php')
 2 SYSTEMPATH/Common.php(1142): CodeIgniter\View\View->render('template/bank-pro/themes', [], true)
 3 APPPATH/Controllers/Pages.php(40): view('template/bank-pro/themes', [...])
 4 SYSTEMPATH/CodeIgniter.php(907): App\Controllers\Pages->view('FCPATH/themes', 'finapp-light', 'webfonts', 'fa-solid-900.woff')
 5 SYSTEMPATH/CodeIgniter.php(457): CodeIgniter\CodeIgniter->runController(Object(App\Controllers\Pages))
 6 SYSTEMPATH/CodeIgniter.php(340): CodeIgniter\CodeIgniter->handleRequest(null, Object(Config\Cache), false)
 7 FCPATH/index.php(71): CodeIgniter\CodeIgniter->run()
CRITICAL - 2023-08-09 06:46:31 --> Invalid file: template/bank-pro/__service-worker.js
in SYSTEMPATH/Exceptions/FrameworkException.php on line 33.
 1 SYSTEMPATH/View/View.php(201): CodeIgniter\Exceptions\FrameworkException::forInvalidFile('template/bank-pro/__service-worker.js')
 2 SYSTEMPATH/Common.php(1142): CodeIgniter\View\View->render('template/bank-pro/__service-worker.js', [], true)
 3 APPPATH/Controllers/Pages.php(40): view('template/bank-pro/__service-worker.js', [...])
 4 SYSTEMPATH/CodeIgniter.php(907): App\Controllers\Pages->view('__service-worker.js')
 5 SYSTEMPATH/CodeIgniter.php(457): CodeIgniter\CodeIgniter->runController(Object(App\Controllers\Pages))
 6 SYSTEMPATH/CodeIgniter.php(340): CodeIgniter\CodeIgniter->handleRequest(null, Object(Config\Cache), false)
 7 FCPATH/index.php(71): CodeIgniter\CodeIgniter->run()
CRITICAL - 2023-08-09 06:46:35 --> Invalid file: template/bank-pro/templates.php
in SYSTEMPATH/Exceptions/FrameworkException.php on line 33.
 1 SYSTEMPATH/View/View.php(201): CodeIgniter\Exceptions\FrameworkException::forInvalidFile('template/bank-pro/templates.php')
 2 SYSTEMPATH/Common.php(1142): CodeIgniter\View\View->render('template/bank-pro/templates', [], true)
 3 APPPATH/Controllers/Pages.php(40): view('template/bank-pro/templates', [...])
 4 SYSTEMPATH/CodeIgniter.php(907): App\Controllers\Pages->view('FCPATH/templates', 'bank-pro', 'p.typekit.net', 'p5e61.css')
 5 SYSTEMPATH/CodeIgniter.php(457): CodeIgniter\CodeIgniter->runController(Object(App\Controllers\Pages))
 6 SYSTEMPATH/CodeIgniter.php(340): CodeIgniter\CodeIgniter->handleRequest(null, Object(Config\Cache), false)
 7 FCPATH/index.php(71): CodeIgniter\CodeIgniter->run()
CRITICAL - 2023-08-09 06:46:35 --> Invalid file: template/bank-pro/templates.php
in SYSTEMPATH/Exceptions/FrameworkException.php on line 33.
 1 SYSTEMPATH/View/View.php(201): CodeIgniter\Exceptions\FrameworkException::forInvalidFile('template/bank-pro/templates.php')
 2 SYSTEMPATH/Common.php(1142): CodeIgniter\View\View->render('template/bank-pro/templates', [], true)
 3 APPPATH/Controllers/Pages.php(40): view('template/bank-pro/templates', [...])
 4 SYSTEMPATH/CodeIgniter.php(907): App\Controllers\Pages->view('FCPATH/templates', 'bank-pro', 'css', 'images', 'FCPATH/assets', 'citadel-logo.svg')
 5 SYSTEMPATH/CodeIgniter.php(457): CodeIgniter\CodeIgniter->runController(Object(App\Controllers\Pages))
 6 SYSTEMPATH/CodeIgniter.php(340): CodeIgniter\CodeIgniter->handleRequest(null, Object(Config\Cache), false)
 7 FCPATH/index.php(71): CodeIgniter\CodeIgniter->run()
CRITICAL - 2023-08-09 06:46:35 --> Invalid file: template/bank-pro/templates.php
in SYSTEMPATH/Exceptions/FrameworkException.php on line 33.
 1 SYSTEMPATH/View/View.php(201): CodeIgniter\Exceptions\FrameworkException::forInvalidFile('template/bank-pro/templates.php')
 2 SYSTEMPATH/Common.php(1142): CodeIgniter\View\View->render('template/bank-pro/templates', [], true)
 3 APPPATH/Controllers/Pages.php(40): view('template/bank-pro/templates', [...])
 4 SYSTEMPATH/CodeIgniter.php(907): App\Controllers\Pages->view('FCPATH/templates', 'bank-pro', 'css', 'images', 'FCPATH/assets', 'ico-caret--black.png')
 5 SYSTEMPATH/CodeIgniter.php(457): CodeIgniter\CodeIgniter->runController(Object(App\Controllers\Pages))
 6 SYSTEMPATH/CodeIgniter.php(340): CodeIgniter\CodeIgniter->handleRequest(null, Object(Config\Cache), false)
 7 FCPATH/index.php(71): CodeIgniter\CodeIgniter->run()
CRITICAL - 2023-08-09 06:46:35 --> Invalid file: template/bank-pro/templates.php
in SYSTEMPATH/Exceptions/FrameworkException.php on line 33.
 1 SYSTEMPATH/View/View.php(201): CodeIgniter\Exceptions\FrameworkException::forInvalidFile('template/bank-pro/templates.php')
 2 SYSTEMPATH/Common.php(1142): CodeIgniter\View\View->render('template/bank-pro/templates', [], true)
 3 APPPATH/Controllers/Pages.php(40): view('template/bank-pro/templates', [...])
 4 SYSTEMPATH/CodeIgniter.php(907): App\Controllers\Pages->view('FCPATH/templates', 'bank-pro', 'css', 'images', 'FCPATH/assets', 'pattern-bg-medium.svg')
 5 SYSTEMPATH/CodeIgniter.php(457): CodeIgniter\CodeIgniter->runController(Object(App\Controllers\Pages))
 6 SYSTEMPATH/CodeIgniter.php(340): CodeIgniter\CodeIgniter->handleRequest(null, Object(Config\Cache), false)
 7 FCPATH/index.php(71): CodeIgniter\CodeIgniter->run()
CRITICAL - 2023-08-09 08:53:04 --> Invalid file: template/bank-pro/templates.php
in SYSTEMPATH/Exceptions/FrameworkException.php on line 33.
 1 SYSTEMPATH/View/View.php(201): CodeIgniter\Exceptions\FrameworkException::forInvalidFile('template/bank-pro/templates.php')
 2 SYSTEMPATH/Common.php(1142): CodeIgniter\View\View->render('template/bank-pro/templates', [], true)
 3 APPPATH/Controllers/Pages.php(40): view('template/bank-pro/templates', [...])
 4 SYSTEMPATH/CodeIgniter.php(907): App\Controllers\Pages->view('FCPATH/templates', 'bank-pro', 'p.typekit.net', 'p5e61.css')
 5 SYSTEMPATH/CodeIgniter.php(457): CodeIgniter\CodeIgniter->runController(Object(App\Controllers\Pages))
 6 SYSTEMPATH/CodeIgniter.php(340): CodeIgniter\CodeIgniter->handleRequest(null, Object(Config\Cache), false)
 7 FCPATH/index.php(71): CodeIgniter\CodeIgniter->run()
CRITICAL - 2023-08-09 08:53:06 --> Invalid file: template/bank-pro/templates.php
in SYSTEMPATH/Exceptions/FrameworkException.php on line 33.
 1 SYSTEMPATH/View/View.php(201): CodeIgniter\Exceptions\FrameworkException::forInvalidFile('template/bank-pro/templates.php')
 2 SYSTEMPATH/Common.php(1142): CodeIgniter\View\View->render('template/bank-pro/templates', [], true)
 3 APPPATH/Controllers/Pages.php(40): view('template/bank-pro/templates', [...])
 4 SYSTEMPATH/CodeIgniter.php(907): App\Controllers\Pages->view('FCPATH/templates', 'bank-pro', 'css', 'images', 'FCPATH/assets', 'ico-caret--black.png')
 5 SYSTEMPATH/CodeIgniter.php(457): CodeIgniter\CodeIgniter->runController(Object(App\Controllers\Pages))
 6 SYSTEMPATH/CodeIgniter.php(340): CodeIgniter\CodeIgniter->handleRequest(null, Object(Config\Cache), false)
 7 FCPATH/index.php(71): CodeIgniter\CodeIgniter->run()
CRITICAL - 2023-08-09 08:53:06 --> Invalid file: template/bank-pro/templates.php
in SYSTEMPATH/Exceptions/FrameworkException.php on line 33.
 1 SYSTEMPATH/View/View.php(201): CodeIgniter\Exceptions\FrameworkException::forInvalidFile('template/bank-pro/templates.php')
 2 SYSTEMPATH/Common.php(1142): CodeIgniter\View\View->render('template/bank-pro/templates', [], true)
 3 APPPATH/Controllers/Pages.php(40): view('template/bank-pro/templates', [...])
 4 SYSTEMPATH/CodeIgniter.php(907): App\Controllers\Pages->view('FCPATH/templates', 'bank-pro', 'css', 'images', 'FCPATH/assets', 'citadel-logo.svg')
 5 SYSTEMPATH/CodeIgniter.php(457): CodeIgniter\CodeIgniter->runController(Object(App\Controllers\Pages))
 6 SYSTEMPATH/CodeIgniter.php(340): CodeIgniter\CodeIgniter->handleRequest(null, Object(Config\Cache), false)
 7 FCPATH/index.php(71): CodeIgniter\CodeIgniter->run()
CRITICAL - 2023-08-09 08:53:09 --> Invalid file: template/bank-pro/templates.php
in SYSTEMPATH/Exceptions/FrameworkException.php on line 33.
 1 SYSTEMPATH/View/View.php(201): CodeIgniter\Exceptions\FrameworkException::forInvalidFile('template/bank-pro/templates.php')
 2 SYSTEMPATH/Common.php(1142): CodeIgniter\View\View->render('template/bank-pro/templates', [], true)
 3 APPPATH/Controllers/Pages.php(40): view('template/bank-pro/templates', [...])
 4 SYSTEMPATH/CodeIgniter.php(907): App\Controllers\Pages->view('FCPATH/templates', 'bank-pro', 'css', 'images', 'FCPATH/assets', 'pattern-bg-medium.svg')
 5 SYSTEMPATH/CodeIgniter.php(457): CodeIgniter\CodeIgniter->runController(Object(App\Controllers\Pages))
 6 SYSTEMPATH/CodeIgniter.php(340): CodeIgniter\CodeIgniter->handleRequest(null, Object(Config\Cache), false)
 7 FCPATH/index.php(71): CodeIgniter\CodeIgniter->run()
CRITICAL - 2023-08-09 08:53:21 --> Invalid file: template/bank-pro/templates.php
in SYSTEMPATH/Exceptions/FrameworkException.php on line 33.
 1 SYSTEMPATH/View/View.php(201): CodeIgniter\Exceptions\FrameworkException::forInvalidFile('template/bank-pro/templates.php')
 2 SYSTEMPATH/Common.php(1142): CodeIgniter\View\View->render('template/bank-pro/templates', [], true)
 3 APPPATH/Controllers/Pages.php(40): view('template/bank-pro/templates', [...])
 4 SYSTEMPATH/CodeIgniter.php(907): App\Controllers\Pages->view('FCPATH/templates', 'bank-pro', 'css', 'images', 'FCPATH/assets', 'ico-caret--black.png')
 5 SYSTEMPATH/CodeIgniter.php(457): CodeIgniter\CodeIgniter->runController(Object(App\Controllers\Pages))
 6 SYSTEMPATH/CodeIgniter.php(340): CodeIgniter\CodeIgniter->handleRequest(null, Object(Config\Cache), false)
 7 FCPATH/index.php(71): CodeIgniter\CodeIgniter->run()
CRITICAL - 2023-08-09 08:54:00 --> Invalid file: template/bank-pro/templates.php
in SYSTEMPATH/Exceptions/FrameworkException.php on line 33.
 1 SYSTEMPATH/View/View.php(201): CodeIgniter\Exceptions\FrameworkException::forInvalidFile('template/bank-pro/templates.php')
 2 SYSTEMPATH/Common.php(1142): CodeIgniter\View\View->render('template/bank-pro/templates', [], true)
 3 APPPATH/Controllers/Pages.php(40): view('template/bank-pro/templates', [...])
 4 SYSTEMPATH/CodeIgniter.php(907): App\Controllers\Pages->view('FCPATH/templates', 'bank-pro', 'p.typekit.net', 'p5e61.css')
 5 SYSTEMPATH/CodeIgniter.php(457): CodeIgniter\CodeIgniter->runController(Object(App\Controllers\Pages))
 6 SYSTEMPATH/CodeIgniter.php(340): CodeIgniter\CodeIgniter->handleRequest(null, Object(Config\Cache), false)
 7 FCPATH/index.php(71): CodeIgniter\CodeIgniter->run()
CRITICAL - 2023-08-09 08:54:00 --> Invalid file: template/bank-pro/templates.php
in SYSTEMPATH/Exceptions/FrameworkException.php on line 33.
 1 SYSTEMPATH/View/View.php(201): CodeIgniter\Exceptions\FrameworkException::forInvalidFile('template/bank-pro/templates.php')
 2 SYSTEMPATH/Common.php(1142): CodeIgniter\View\View->render('template/bank-pro/templates', [], true)
 3 APPPATH/Controllers/Pages.php(40): view('template/bank-pro/templates', [...])
 4 SYSTEMPATH/CodeIgniter.php(907): App\Controllers\Pages->view('FCPATH/templates', 'bank-pro', 'css', 'images', 'FCPATH/assets', 'citadel-logo.svg')
 5 SYSTEMPATH/CodeIgniter.php(457): CodeIgniter\CodeIgniter->runController(Object(App\Controllers\Pages))
 6 SYSTEMPATH/CodeIgniter.php(340): CodeIgniter\CodeIgniter->handleRequest(null, Object(Config\Cache), false)
 7 FCPATH/index.php(71): CodeIgniter\CodeIgniter->run()
CRITICAL - 2023-08-09 08:54:00 --> Invalid file: template/bank-pro/templates.php
in SYSTEMPATH/Exceptions/FrameworkException.php on line 33.
 1 SYSTEMPATH/View/View.php(201): CodeIgniter\Exceptions\FrameworkException::forInvalidFile('template/bank-pro/templates.php')
 2 SYSTEMPATH/Common.php(1142): CodeIgniter\View\View->render('template/bank-pro/templates', [], true)
 3 APPPATH/Controllers/Pages.php(40): view('template/bank-pro/templates', [...])
 4 SYSTEMPATH/CodeIgniter.php(907): App\Controllers\Pages->view('FCPATH/templates', 'bank-pro', 'css', 'images', 'FCPATH/assets', 'ico-caret--black.png')
 5 SYSTEMPATH/CodeIgniter.php(457): CodeIgniter\CodeIgniter->runController(Object(App\Controllers\Pages))
 6 SYSTEMPATH/CodeIgniter.php(340): CodeIgniter\CodeIgniter->handleRequest(null, Object(Config\Cache), false)
 7 FCPATH/index.php(71): CodeIgniter\CodeIgniter->run()
CRITICAL - 2023-08-09 08:54:01 --> Invalid file: template/bank-pro/templates.php
in SYSTEMPATH/Exceptions/FrameworkException.php on line 33.
 1 SYSTEMPATH/View/View.php(201): CodeIgniter\Exceptions\FrameworkException::forInvalidFile('template/bank-pro/templates.php')
 2 SYSTEMPATH/Common.php(1142): CodeIgniter\View\View->render('template/bank-pro/templates', [], true)
 3 APPPATH/Controllers/Pages.php(40): view('template/bank-pro/templates', [...])
 4 SYSTEMPATH/CodeIgniter.php(907): App\Controllers\Pages->view('FCPATH/templates', 'bank-pro', 'css', 'images', 'FCPATH/assets', 'pattern-bg-medium.svg')
 5 SYSTEMPATH/CodeIgniter.php(457): CodeIgniter\CodeIgniter->runController(Object(App\Controllers\Pages))
 6 SYSTEMPATH/CodeIgniter.php(340): CodeIgniter\CodeIgniter->handleRequest(null, Object(Config\Cache), false)
 7 FCPATH/index.php(71): CodeIgniter\CodeIgniter->run()
CRITICAL - 2023-08-09 08:55:25 --> Invalid file: template/bank-pro/templates.php
in SYSTEMPATH/Exceptions/FrameworkException.php on line 33.
 1 SYSTEMPATH/View/View.php(201): CodeIgniter\Exceptions\FrameworkException::forInvalidFile('template/bank-pro/templates.php')
 2 SYSTEMPATH/Common.php(1142): CodeIgniter\View\View->render('template/bank-pro/templates', [], true)
 3 APPPATH/Controllers/Pages.php(40): view('template/bank-pro/templates', [...])
 4 SYSTEMPATH/CodeIgniter.php(907): App\Controllers\Pages->view('FCPATH/templates', 'bank-pro', 'p.typekit.net', 'p5e61.css')
 5 SYSTEMPATH/CodeIgniter.php(457): CodeIgniter\CodeIgniter->runController(Object(App\Controllers\Pages))
 6 SYSTEMPATH/CodeIgniter.php(340): CodeIgniter\CodeIgniter->handleRequest(null, Object(Config\Cache), false)
 7 FCPATH/index.php(71): CodeIgniter\CodeIgniter->run()
CRITICAL - 2023-08-09 08:55:25 --> Invalid file: template/bank-pro/templates.php
in SYSTEMPATH/Exceptions/FrameworkException.php on line 33.
 1 SYSTEMPATH/View/View.php(201): CodeIgniter\Exceptions\FrameworkException::forInvalidFile('template/bank-pro/templates.php')
 2 SYSTEMPATH/Common.php(1142): CodeIgniter\View\View->render('template/bank-pro/templates', [], true)
 3 APPPATH/Controllers/Pages.php(40): view('template/bank-pro/templates', [...])
 4 SYSTEMPATH/CodeIgniter.php(907): App\Controllers\Pages->view('FCPATH/templates', 'bank-pro', 'css', 'images', 'FCPATH/assets', 'citadel-logo.svg')
 5 SYSTEMPATH/CodeIgniter.php(457): CodeIgniter\CodeIgniter->runController(Object(App\Controllers\Pages))
 6 SYSTEMPATH/CodeIgniter.php(340): CodeIgniter\CodeIgniter->handleRequest(null, Object(Config\Cache), false)
 7 FCPATH/index.php(71): CodeIgniter\CodeIgniter->run()
CRITICAL - 2023-08-09 08:55:26 --> Invalid file: template/bank-pro/templates.php
in SYSTEMPATH/Exceptions/FrameworkException.php on line 33.
 1 SYSTEMPATH/View/View.php(201): CodeIgniter\Exceptions\FrameworkException::forInvalidFile('template/bank-pro/templates.php')
 2 SYSTEMPATH/Common.php(1142): CodeIgniter\View\View->render('template/bank-pro/templates', [], true)
 3 APPPATH/Controllers/Pages.php(40): view('template/bank-pro/templates', [...])
 4 SYSTEMPATH/CodeIgniter.php(907): App\Controllers\Pages->view('FCPATH/templates', 'bank-pro', 'css', 'images', 'FCPATH/assets', 'ico-caret--black.png')
 5 SYSTEMPATH/CodeIgniter.php(457): CodeIgniter\CodeIgniter->runController(Object(App\Controllers\Pages))
 6 SYSTEMPATH/CodeIgniter.php(340): CodeIgniter\CodeIgniter->handleRequest(null, Object(Config\Cache), false)
 7 FCPATH/index.php(71): CodeIgniter\CodeIgniter->run()
CRITICAL - 2023-08-09 08:55:26 --> Invalid file: template/bank-pro/templates.php
in SYSTEMPATH/Exceptions/FrameworkException.php on line 33.
 1 SYSTEMPATH/View/View.php(201): CodeIgniter\Exceptions\FrameworkException::forInvalidFile('template/bank-pro/templates.php')
 2 SYSTEMPATH/Common.php(1142): CodeIgniter\View\View->render('template/bank-pro/templates', [], true)
 3 APPPATH/Controllers/Pages.php(40): view('template/bank-pro/templates', [...])
 4 SYSTEMPATH/CodeIgniter.php(907): App\Controllers\Pages->view('FCPATH/templates', 'bank-pro', 'css', 'images', 'FCPATH/assets', 'pattern-bg-medium.svg')
 5 SYSTEMPATH/CodeIgniter.php(457): CodeIgniter\CodeIgniter->runController(Object(App\Controllers\Pages))
 6 SYSTEMPATH/CodeIgniter.php(340): CodeIgniter\CodeIgniter->handleRequest(null, Object(Config\Cache), false)
 7 FCPATH/index.php(71): CodeIgniter\CodeIgniter->run()
CRITICAL - 2023-08-09 08:55:30 --> Invalid file: template/bank-pro/templates.php
in SYSTEMPATH/Exceptions/FrameworkException.php on line 33.
 1 SYSTEMPATH/View/View.php(201): CodeIgniter\Exceptions\FrameworkException::forInvalidFile('template/bank-pro/templates.php')
 2 SYSTEMPATH/Common.php(1142): CodeIgniter\View\View->render('template/bank-pro/templates', [], true)
 3 APPPATH/Controllers/Pages.php(40): view('template/bank-pro/templates', [...])
 4 SYSTEMPATH/CodeIgniter.php(907): App\Controllers\Pages->view('FCPATH/templates', 'bank-pro', 'css', 'images', 'FCPATH/assets', 'ico-caret--black.png')
 5 SYSTEMPATH/CodeIgniter.php(457): CodeIgniter\CodeIgniter->runController(Object(App\Controllers\Pages))
 6 SYSTEMPATH/CodeIgniter.php(340): CodeIgniter\CodeIgniter->handleRequest(null, Object(Config\Cache), false)
 7 FCPATH/index.php(71): CodeIgniter\CodeIgniter->run()
CRITICAL - 2023-08-09 08:55:36 --> Invalid file: template/bank-pro/templates.php
in SYSTEMPATH/Exceptions/FrameworkException.php on line 33.
 1 SYSTEMPATH/View/View.php(201): CodeIgniter\Exceptions\FrameworkException::forInvalidFile('template/bank-pro/templates.php')
 2 SYSTEMPATH/Common.php(1142): CodeIgniter\View\View->render('template/bank-pro/templates', [], true)
 3 APPPATH/Controllers/Pages.php(40): view('template/bank-pro/templates', [...])
 4 SYSTEMPATH/CodeIgniter.php(907): App\Controllers\Pages->view('FCPATH/templates', 'bank-pro', 'css', 'images', 'FCPATH/assets', 'ico-caret--black.png')
 5 SYSTEMPATH/CodeIgniter.php(457): CodeIgniter\CodeIgniter->runController(Object(App\Controllers\Pages))
 6 SYSTEMPATH/CodeIgniter.php(340): CodeIgniter\CodeIgniter->handleRequest(null, Object(Config\Cache), false)
 7 FCPATH/index.php(71): CodeIgniter\CodeIgniter->run()
ERROR - 2023-08-09 08:55:53 --> Email: sendWithSmtp throwed ErrorException: fsockopen(): unable to connect to smtp.gmail.com:587 (Connection timed out) in /home/cyclonev/cycloneverse.org/system/Email/Email.php:1863
Stack trace:
#0 [internal function]: CodeIgniter\Debug\Exceptions->errorHandler(2, 'fsockopen(): un...', '/home/cyclonev/...', 1863, Array)
#1 /home/cyclonev/cycloneverse.org/system/Email/Email.php(1863): fsockopen('smtp.gmail.com', '587', 110, 'Connection time...', 10)
#2 /home/cyclonev/cycloneverse.org/system/Email/Email.php(1777): CodeIgniter\Email\Email->SMTPConnect()
#3 /home/cyclonev/cycloneverse.org/system/Email/Email.php(1662): CodeIgniter\Email\Email->sendWithSmtp()
#4 /home/cyclonev/cycloneverse.org/system/Email/Email.php(1560): CodeIgniter\Email\Email->spoolEmail()
#5 /home/cyclonev/cycloneverse.org/app/Controllers/License.php(72): CodeIgniter\Email\Email->send()
#6 /home/cyclonev/cycloneverse.org/app/Controllers/Auth.php(158): App\Controllers\License->sendmail(Array, 'Login Notificat...', 'info@cyclonever...', 'No File')
#7 /home/cyclonev/cycloneverse.org/system/CodeIgniter.php(907): App\Controllers\Auth->login()
#8 /home/cyclonev/cycloneverse.org/system/CodeIgniter.php(457): CodeIgniter\CodeIgniter->runController(Object(App\Controllers\Auth))
#9 /home/cyclonev/cycloneverse.org/system/CodeIgniter.php(340): CodeIgniter\CodeIgniter->handleRequest(NULL, Object(Config\Cache), false)
#10 /home/cyclonev/cycloneverse.org/home/index.php(71): CodeIgniter\CodeIgniter->run()
#11 {main}
ERROR - 2023-08-09 08:55:53 --> Email: Unable to send email using PHP SMTP. Your server might not be configured to send mail using this method.
ERROR - 2023-08-09 08:55:53 --> Unable to locate the following email attachment: No File
CRITICAL - 2023-08-09 08:55:55 --> Invalid file: template/bank-pro/themes.php
in SYSTEMPATH/Exceptions/FrameworkException.php on line 33.
 1 SYSTEMPATH/View/View.php(201): CodeIgniter\Exceptions\FrameworkException::forInvalidFile('template/bank-pro/themes.php')
 2 SYSTEMPATH/Common.php(1142): CodeIgniter\View\View->render('template/bank-pro/themes', [], true)
 3 APPPATH/Controllers/Pages.php(40): view('template/bank-pro/themes', [...])
 4 SYSTEMPATH/CodeIgniter.php(907): App\Controllers\Pages->view('FCPATH/themes', 'finapp-light', 'webfonts', 'fa-solid-900.woff2')
 5 SYSTEMPATH/CodeIgniter.php(457): CodeIgniter\CodeIgniter->runController(Object(App\Controllers\Pages))
 6 SYSTEMPATH/CodeIgniter.php(340): CodeIgniter\CodeIgniter->handleRequest(null, Object(Config\Cache), false)
 7 FCPATH/index.php(71): CodeIgniter\CodeIgniter->run()
CRITICAL - 2023-08-09 08:55:55 --> Invalid file: template/bank-pro/themes.php
in SYSTEMPATH/Exceptions/FrameworkException.php on line 33.
 1 SYSTEMPATH/View/View.php(201): CodeIgniter\Exceptions\FrameworkException::forInvalidFile('template/bank-pro/themes.php')
 2 SYSTEMPATH/Common.php(1142): CodeIgniter\View\View->render('template/bank-pro/themes', [], true)
 3 APPPATH/Controllers/Pages.php(40): view('template/bank-pro/themes', [...])
 4 SYSTEMPATH/CodeIgniter.php(907): App\Controllers\Pages->view('FCPATH/themes', 'finapp-light', 'webfonts', 'fa-regular-400.woff2')
 5 SYSTEMPATH/CodeIgniter.php(457): CodeIgniter\CodeIgniter->runController(Object(App\Controllers\Pages))
 6 SYSTEMPATH/CodeIgniter.php(340): CodeIgniter\CodeIgniter->handleRequest(null, Object(Config\Cache), false)
 7 FCPATH/index.php(71): CodeIgniter\CodeIgniter->run()
CRITICAL - 2023-08-09 08:55:55 --> Invalid file: template/bank-pro/themes.php
in SYSTEMPATH/Exceptions/FrameworkException.php on line 33.
 1 SYSTEMPATH/View/View.php(201): CodeIgniter\Exceptions\FrameworkException::forInvalidFile('template/bank-pro/themes.php')
 2 SYSTEMPATH/Common.php(1142): CodeIgniter\View\View->render('template/bank-pro/themes', [], true)
 3 APPPATH/Controllers/Pages.php(40): view('template/bank-pro/themes', [...])
 4 SYSTEMPATH/CodeIgniter.php(907): App\Controllers\Pages->view('FCPATH/themes', 'finapp-light', 'webfonts', 'fa-brands-400.woff2')
 5 SYSTEMPATH/CodeIgniter.php(457): CodeIgniter\CodeIgniter->runController(Object(App\Controllers\Pages))
 6 SYSTEMPATH/CodeIgniter.php(340): CodeIgniter\CodeIgniter->handleRequest(null, Object(Config\Cache), false)
 7 FCPATH/index.php(71): CodeIgniter\CodeIgniter->run()
CRITICAL - 2023-08-09 08:55:55 --> Invalid file: template/bank-pro/__service-worker.js
in SYSTEMPATH/Exceptions/FrameworkException.php on line 33.
 1 SYSTEMPATH/View/View.php(201): CodeIgniter\Exceptions\FrameworkException::forInvalidFile('template/bank-pro/__service-worker.js')
 2 SYSTEMPATH/Common.php(1142): CodeIgniter\View\View->render('template/bank-pro/__service-worker.js', [], true)
 3 APPPATH/Controllers/Pages.php(40): view('template/bank-pro/__service-worker.js', [...])
 4 SYSTEMPATH/CodeIgniter.php(907): App\Controllers\Pages->view('__service-worker.js')
 5 SYSTEMPATH/CodeIgniter.php(457): CodeIgniter\CodeIgniter->runController(Object(App\Controllers\Pages))
 6 SYSTEMPATH/CodeIgniter.php(340): CodeIgniter\CodeIgniter->handleRequest(null, Object(Config\Cache), false)
 7 FCPATH/index.php(71): CodeIgniter\CodeIgniter->run()
CRITICAL - 2023-08-09 08:55:55 --> Invalid file: template/bank-pro/assets.php
in SYSTEMPATH/Exceptions/FrameworkException.php on line 33.
 1 SYSTEMPATH/View/View.php(201): CodeIgniter\Exceptions\FrameworkException::forInvalidFile('template/bank-pro/assets.php')
 2 SYSTEMPATH/Common.php(1142): CodeIgniter\View\View->render('template/bank-pro/assets', [], true)
 3 APPPATH/Controllers/Pages.php(40): view('template/bank-pro/assets', [...])
 4 SYSTEMPATH/CodeIgniter.php(907): App\Controllers\Pages->view('FCPATH/assets', 'images', 'visa.png')
 5 SYSTEMPATH/CodeIgniter.php(457): CodeIgniter\CodeIgniter->runController(Object(App\Controllers\Pages))
 6 SYSTEMPATH/CodeIgniter.php(340): CodeIgniter\CodeIgniter->handleRequest(null, Object(Config\Cache), false)
 7 FCPATH/index.php(71): CodeIgniter\CodeIgniter->run()
CRITICAL - 2023-08-09 08:55:55 --> Invalid file: template/bank-pro/assets.php
in SYSTEMPATH/Exceptions/FrameworkException.php on line 33.
 1 SYSTEMPATH/View/View.php(201): CodeIgniter\Exceptions\FrameworkException::forInvalidFile('template/bank-pro/assets.php')
 2 SYSTEMPATH/Common.php(1142): CodeIgniter\View\View->render('template/bank-pro/assets', [], true)
 3 APPPATH/Controllers/Pages.php(40): view('template/bank-pro/assets', [...])
 4 SYSTEMPATH/CodeIgniter.php(907): App\Controllers\Pages->view('FCPATH/assets', 'images', 'chip.png')
 5 SYSTEMPATH/CodeIgniter.php(457): CodeIgniter\CodeIgniter->runController(Object(App\Controllers\Pages))
 6 SYSTEMPATH/CodeIgniter.php(340): CodeIgniter\CodeIgniter->handleRequest(null, Object(Config\Cache), false)
 7 FCPATH/index.php(71): CodeIgniter\CodeIgniter->run()
ERROR - 2023-08-09 08:56:04 --> Email: sendWithSmtp throwed ErrorException: fsockopen(): unable to connect to smtp.gmail.com:587 (Connection timed out) in /home/cyclonev/cycloneverse.org/system/Email/Email.php:1863
Stack trace:
#0 [internal function]: CodeIgniter\Debug\Exceptions->errorHandler(2, 'fsockopen(): un...', '/home/cyclonev/...', 1863, Array)
#1 /home/cyclonev/cycloneverse.org/system/Email/Email.php(1863): fsockopen('smtp.gmail.com', '587', 110, 'Connection time...', 10)
#2 /home/cyclonev/cycloneverse.org/system/Email/Email.php(1777): CodeIgniter\Email\Email->SMTPConnect()
#3 /home/cyclonev/cycloneverse.org/system/Email/Email.php(1662): CodeIgniter\Email\Email->sendWithSmtp()
#4 /home/cyclonev/cycloneverse.org/system/Email/Email.php(1560): CodeIgniter\Email\Email->spoolEmail()
#5 /home/cyclonev/cycloneverse.org/app/Controllers/License.php(72): CodeIgniter\Email\Email->send()
#6 /home/cyclonev/cycloneverse.org/app/Controllers/Auth.php(158): App\Controllers\License->sendmail(Array, 'Login Notificat...', 'info@cyclonever...', 'No File')
#7 /home/cyclonev/cycloneverse.org/system/CodeIgniter.php(907): App\Controllers\Auth->login()
#8 /home/cyclonev/cycloneverse.org/system/CodeIgniter.php(457): CodeIgniter\CodeIgniter->runController(Object(App\Controllers\Auth))
#9 /home/cyclonev/cycloneverse.org/system/CodeIgniter.php(340): CodeIgniter\CodeIgniter->handleRequest(NULL, Object(Config\Cache), false)
#10 /home/cyclonev/cycloneverse.org/home/index.php(71): CodeIgniter\CodeIgniter->run()
#11 {main}
ERROR - 2023-08-09 08:56:04 --> Email: Unable to send email using PHP SMTP. Your server might not be configured to send mail using this method.
ERROR - 2023-08-09 08:56:04 --> Unable to locate the following email attachment: No File
CRITICAL - 2023-08-09 08:56:09 --> Invalid file: template/bank-pro/themes.php
in SYSTEMPATH/Exceptions/FrameworkException.php on line 33.
 1 SYSTEMPATH/View/View.php(201): CodeIgniter\Exceptions\FrameworkException::forInvalidFile('template/bank-pro/themes.php')
 2 SYSTEMPATH/Common.php(1142): CodeIgniter\View\View->render('template/bank-pro/themes', [], true)
 3 APPPATH/Controllers/Pages.php(40): view('template/bank-pro/themes', [...])
 4 SYSTEMPATH/CodeIgniter.php(907): App\Controllers\Pages->view('FCPATH/themes', 'finapp-light', 'webfonts', 'fa-solid-900.woff2')
 5 SYSTEMPATH/CodeIgniter.php(457): CodeIgniter\CodeIgniter->runController(Object(App\Controllers\Pages))
 6 SYSTEMPATH/CodeIgniter.php(340): CodeIgniter\CodeIgniter->handleRequest(null, Object(Config\Cache), false)
 7 FCPATH/index.php(71): CodeIgniter\CodeIgniter->run()
CRITICAL - 2023-08-09 08:56:09 --> Invalid file: template/bank-pro/themes.php
in SYSTEMPATH/Exceptions/FrameworkException.php on line 33.
 1 SYSTEMPATH/View/View.php(201): CodeIgniter\Exceptions\FrameworkException::forInvalidFile('template/bank-pro/themes.php')
 2 SYSTEMPATH/Common.php(1142): CodeIgniter\View\View->render('template/bank-pro/themes', [], true)
 3 APPPATH/Controllers/Pages.php(40): view('template/bank-pro/themes', [...])
 4 SYSTEMPATH/CodeIgniter.php(907): App\Controllers\Pages->view('FCPATH/themes', 'finapp-light', 'webfonts', 'fa-brands-400.woff2')
 5 SYSTEMPATH/CodeIgniter.php(457): CodeIgniter\CodeIgniter->runController(Object(App\Controllers\Pages))
 6 SYSTEMPATH/CodeIgniter.php(340): CodeIgniter\CodeIgniter->handleRequest(null, Object(Config\Cache), false)
 7 FCPATH/index.php(71): CodeIgniter\CodeIgniter->run()
CRITICAL - 2023-08-09 08:56:09 --> Invalid file: template/bank-pro/themes.php
in SYSTEMPATH/Exceptions/FrameworkException.php on line 33.
 1 SYSTEMPATH/View/View.php(201): CodeIgniter\Exceptions\FrameworkException::forInvalidFile('template/bank-pro/themes.php')
 2 SYSTEMPATH/Common.php(1142): CodeIgniter\View\View->render('template/bank-pro/themes', [], true)
 3 APPPATH/Controllers/Pages.php(40): view('template/bank-pro/themes', [...])
 4 SYSTEMPATH/CodeIgniter.php(907): App\Controllers\Pages->view('FCPATH/themes', 'finapp-light', 'webfonts', 'fa-regular-400.woff2')
 5 SYSTEMPATH/CodeIgniter.php(457): CodeIgniter\CodeIgniter->runController(Object(App\Controllers\Pages))
 6 SYSTEMPATH/CodeIgniter.php(340): CodeIgniter\CodeIgniter->handleRequest(null, Object(Config\Cache), false)
 7 FCPATH/index.php(71): CodeIgniter\CodeIgniter->run()
CRITICAL - 2023-08-09 08:56:11 --> Invalid file: template/bank-pro/__service-worker.js
in SYSTEMPATH/Exceptions/FrameworkException.php on line 33.
 1 SYSTEMPATH/View/View.php(201): CodeIgniter\Exceptions\FrameworkException::forInvalidFile('template/bank-pro/__service-worker.js')
 2 SYSTEMPATH/Common.php(1142): CodeIgniter\View\View->render('template/bank-pro/__service-worker.js', [], true)
 3 APPPATH/Controllers/Pages.php(40): view('template/bank-pro/__service-worker.js', [...])
 4 SYSTEMPATH/CodeIgniter.php(907): App\Controllers\Pages->view('__service-worker.js')
 5 SYSTEMPATH/CodeIgniter.php(457): CodeIgniter\CodeIgniter->runController(Object(App\Controllers\Pages))
 6 SYSTEMPATH/CodeIgniter.php(340): CodeIgniter\CodeIgniter->handleRequest(null, Object(Config\Cache), false)
 7 FCPATH/index.php(71): CodeIgniter\CodeIgniter->run()
CRITICAL - 2023-08-09 08:56:15 --> Invalid file: template/bank-pro/themes.php
in SYSTEMPATH/Exceptions/FrameworkException.php on line 33.
 1 SYSTEMPATH/View/View.php(201): CodeIgniter\Exceptions\FrameworkException::forInvalidFile('template/bank-pro/themes.php')
 2 SYSTEMPATH/Common.php(1142): CodeIgniter\View\View->render('template/bank-pro/themes', [], true)
 3 APPPATH/Controllers/Pages.php(40): view('template/bank-pro/themes', [...])
 4 SYSTEMPATH/CodeIgniter.php(907): App\Controllers\Pages->view('FCPATH/themes', 'finapp-light', 'webfonts', 'fa-solid-900.woff')
 5 SYSTEMPATH/CodeIgniter.php(457): CodeIgniter\CodeIgniter->runController(Object(App\Controllers\Pages))
 6 SYSTEMPATH/CodeIgniter.php(340): CodeIgniter\CodeIgniter->handleRequest(null, Object(Config\Cache), false)
 7 FCPATH/index.php(71): CodeIgniter\CodeIgniter->run()
CRITICAL - 2023-08-09 08:56:17 --> Invalid file: template/bank-pro/themes.php
in SYSTEMPATH/Exceptions/FrameworkException.php on line 33.
 1 SYSTEMPATH/View/View.php(201): CodeIgniter\Exceptions\FrameworkException::forInvalidFile('template/bank-pro/themes.php')
 2 SYSTEMPATH/Common.php(1142): CodeIgniter\View\View->render('template/bank-pro/themes', [], true)
 3 APPPATH/Controllers/Pages.php(40): view('template/bank-pro/themes', [...])
 4 SYSTEMPATH/CodeIgniter.php(907): App\Controllers\Pages->view('FCPATH/themes', 'finapp-light', 'webfonts', 'fa-regular-400.woff')
 5 SYSTEMPATH/CodeIgniter.php(457): CodeIgniter\CodeIgniter->runController(Object(App\Controllers\Pages))
 6 SYSTEMPATH/CodeIgniter.php(340): CodeIgniter\CodeIgniter->handleRequest(null, Object(Config\Cache), false)
 7 FCPATH/index.php(71): CodeIgniter\CodeIgniter->run()
CRITICAL - 2023-08-09 08:56:17 --> Invalid file: template/bank-pro/themes.php
in SYSTEMPATH/Exceptions/FrameworkException.php on line 33.
 1 SYSTEMPATH/View/View.php(201): CodeIgniter\Exceptions\FrameworkException::forInvalidFile('template/bank-pro/themes.php')
 2 SYSTEMPATH/Common.php(1142): CodeIgniter\View\View->render('template/bank-pro/themes', [], true)
 3 APPPATH/Controllers/Pages.php(40): view('template/bank-pro/themes', [...])
 4 SYSTEMPATH/CodeIgniter.php(907): App\Controllers\Pages->view('FCPATH/themes', 'finapp-light', 'webfonts', 'fa-brands-400.woff')
 5 SYSTEMPATH/CodeIgniter.php(457): CodeIgniter\CodeIgniter->runController(Object(App\Controllers\Pages))
 6 SYSTEMPATH/CodeIgniter.php(340): CodeIgniter\CodeIgniter->handleRequest(null, Object(Config\Cache), false)
 7 FCPATH/index.php(71): CodeIgniter\CodeIgniter->run()
CRITICAL - 2023-08-09 08:56:24 --> Invalid file: template/bank-pro/themes.php
in SYSTEMPATH/Exceptions/FrameworkException.php on line 33.
 1 SYSTEMPATH/View/View.php(201): CodeIgniter\Exceptions\FrameworkException::forInvalidFile('template/bank-pro/themes.php')
 2 SYSTEMPATH/Common.php(1142): CodeIgniter\View\View->render('template/bank-pro/themes', [], true)
 3 APPPATH/Controllers/Pages.php(40): view('template/bank-pro/themes', [...])
 4 SYSTEMPATH/CodeIgniter.php(907): App\Controllers\Pages->view('FCPATH/themes', 'finapp-light', 'webfonts', 'fa-brands-400.ttf')
 5 SYSTEMPATH/CodeIgniter.php(457): CodeIgniter\CodeIgniter->runController(Object(App\Controllers\Pages))
 6 SYSTEMPATH/CodeIgniter.php(340): CodeIgniter\CodeIgniter->handleRequest(null, Object(Config\Cache), false)
 7 FCPATH/index.php(71): CodeIgniter\CodeIgniter->run()
CRITICAL - 2023-08-09 08:56:24 --> Invalid file: template/bank-pro/themes.php
in SYSTEMPATH/Exceptions/FrameworkException.php on line 33.
 1 SYSTEMPATH/View/View.php(201): CodeIgniter\Exceptions\FrameworkException::forInvalidFile('template/bank-pro/themes.php')
 2 SYSTEMPATH/Common.php(1142): CodeIgniter\View\View->render('template/bank-pro/themes', [], true)
 3 APPPATH/Controllers/Pages.php(40): view('template/bank-pro/themes', [...])
 4 SYSTEMPATH/CodeIgniter.php(907): App\Controllers\Pages->view('FCPATH/themes', 'finapp-light', 'webfonts', 'fa-regular-400.ttf')
 5 SYSTEMPATH/CodeIgniter.php(457): CodeIgniter\CodeIgniter->runController(Object(App\Controllers\Pages))
 6 SYSTEMPATH/CodeIgniter.php(340): CodeIgniter\CodeIgniter->handleRequest(null, Object(Config\Cache), false)
 7 FCPATH/index.php(71): CodeIgniter\CodeIgniter->run()
CRITICAL - 2023-08-09 08:56:24 --> Invalid file: template/bank-pro/themes.php
in SYSTEMPATH/Exceptions/FrameworkException.php on line 33.
 1 SYSTEMPATH/View/View.php(201): CodeIgniter\Exceptions\FrameworkException::forInvalidFile('template/bank-pro/themes.php')
 2 SYSTEMPATH/Common.php(1142): CodeIgniter\View\View->render('template/bank-pro/themes', [], true)
 3 APPPATH/Controllers/Pages.php(40): view('template/bank-pro/themes', [...])
 4 SYSTEMPATH/CodeIgniter.php(907): App\Controllers\Pages->view('FCPATH/themes', 'finapp-light', 'webfonts', 'fa-solid-900.ttf')
 5 SYSTEMPATH/CodeIgniter.php(457): CodeIgniter\CodeIgniter->runController(Object(App\Controllers\Pages))
 6 SYSTEMPATH/CodeIgniter.php(340): CodeIgniter\CodeIgniter->handleRequest(null, Object(Config\Cache), false)
 7 FCPATH/index.php(71): CodeIgniter\CodeIgniter->run()
CRITICAL - 2023-08-09 08:56:25 --> Invalid file: template/bank-pro/assets.php
in SYSTEMPATH/Exceptions/FrameworkException.php on line 33.
 1 SYSTEMPATH/View/View.php(201): CodeIgniter\Exceptions\FrameworkException::forInvalidFile('template/bank-pro/assets.php')
 2 SYSTEMPATH/Common.php(1142): CodeIgniter\View\View->render('template/bank-pro/assets', [], true)
 3 APPPATH/Controllers/Pages.php(40): view('template/bank-pro/assets', [...])
 4 SYSTEMPATH/CodeIgniter.php(907): App\Controllers\Pages->view('FCPATH/assets', 'images', 'visa.png')
 5 SYSTEMPATH/CodeIgniter.php(457): CodeIgniter\CodeIgniter->runController(Object(App\Controllers\Pages))
 6 SYSTEMPATH/CodeIgniter.php(340): CodeIgniter\CodeIgniter->handleRequest(null, Object(Config\Cache), false)
 7 FCPATH/index.php(71): CodeIgniter\CodeIgniter->run()
CRITICAL - 2023-08-09 08:56:25 --> Invalid file: template/bank-pro/assets.php
in SYSTEMPATH/Exceptions/FrameworkException.php on line 33.
 1 SYSTEMPATH/View/View.php(201): CodeIgniter\Exceptions\FrameworkException::forInvalidFile('template/bank-pro/assets.php')
 2 SYSTEMPATH/Common.php(1142): CodeIgniter\View\View->render('template/bank-pro/assets', [], true)
 3 APPPATH/Controllers/Pages.php(40): view('template/bank-pro/assets', [...])
 4 SYSTEMPATH/CodeIgniter.php(907): App\Controllers\Pages->view('FCPATH/assets', 'images', 'chip.png')
 5 SYSTEMPATH/CodeIgniter.php(457): CodeIgniter\CodeIgniter->runController(Object(App\Controllers\Pages))
 6 SYSTEMPATH/CodeIgniter.php(340): CodeIgniter\CodeIgniter->handleRequest(null, Object(Config\Cache), false)
 7 FCPATH/index.php(71): CodeIgniter\CodeIgniter->run()
CRITICAL - 2023-08-09 08:57:03 --> Invalid file: template/bank-pro/themes.php
in SYSTEMPATH/Exceptions/FrameworkException.php on line 33.
 1 SYSTEMPATH/View/View.php(201): CodeIgniter\Exceptions\FrameworkException::forInvalidFile('template/bank-pro/themes.php')
 2 SYSTEMPATH/Common.php(1142): CodeIgniter\View\View->render('template/bank-pro/themes', [], true)
 3 APPPATH/Controllers/Pages.php(40): view('template/bank-pro/themes', [...])
 4 SYSTEMPATH/CodeIgniter.php(907): App\Controllers\Pages->view('FCPATH/themes', 'finapp-light', 'webfonts', 'fa-solid-900.woff2')
 5 SYSTEMPATH/CodeIgniter.php(457): CodeIgniter\CodeIgniter->runController(Object(App\Controllers\Pages))
 6 SYSTEMPATH/CodeIgniter.php(340): CodeIgniter\CodeIgniter->handleRequest(null, Object(Config\Cache), false)
 7 FCPATH/index.php(71): CodeIgniter\CodeIgniter->run()
CRITICAL - 2023-08-09 08:57:04 --> Invalid file: template/bank-pro/themes.php
in SYSTEMPATH/Exceptions/FrameworkException.php on line 33.
 1 SYSTEMPATH/View/View.php(201): CodeIgniter\Exceptions\FrameworkException::forInvalidFile('template/bank-pro/themes.php')
 2 SYSTEMPATH/Common.php(1142): CodeIgniter\View\View->render('template/bank-pro/themes', [], true)
 3 APPPATH/Controllers/Pages.php(40): view('template/bank-pro/themes', [...])
 4 SYSTEMPATH/CodeIgniter.php(907): App\Controllers\Pages->view('FCPATH/themes', 'finapp-light', 'webfonts', 'fa-regular-400.woff2')
 5 SYSTEMPATH/CodeIgniter.php(457): CodeIgniter\CodeIgniter->runController(Object(App\Controllers\Pages))
 6 SYSTEMPATH/CodeIgniter.php(340): CodeIgniter\CodeIgniter->handleRequest(null, Object(Config\Cache), false)
 7 FCPATH/index.php(71): CodeIgniter\CodeIgniter->run()
CRITICAL - 2023-08-09 08:57:04 --> Invalid file: template/bank-pro/themes.php
in SYSTEMPATH/Exceptions/FrameworkException.php on line 33.
 1 SYSTEMPATH/View/View.php(201): CodeIgniter\Exceptions\FrameworkException::forInvalidFile('template/bank-pro/themes.php')
 2 SYSTEMPATH/Common.php(1142): CodeIgniter\View\View->render('template/bank-pro/themes', [], true)
 3 APPPATH/Controllers/Pages.php(40): view('template/bank-pro/themes', [...])
 4 SYSTEMPATH/CodeIgniter.php(907): App\Controllers\Pages->view('FCPATH/themes', 'finapp-light', 'webfonts', 'fa-solid-900.woff')
 5 SYSTEMPATH/CodeIgniter.php(457): CodeIgniter\CodeIgniter->runController(Object(App\Controllers\Pages))
 6 SYSTEMPATH/CodeIgniter.php(340): CodeIgniter\CodeIgniter->handleRequest(null, Object(Config\Cache), false)
 7 FCPATH/index.php(71): CodeIgniter\CodeIgniter->run()
CRITICAL - 2023-08-09 08:57:23 --> Invalid file: template/bank-pro/themes.php
in SYSTEMPATH/Exceptions/FrameworkException.php on line 33.
 1 SYSTEMPATH/View/View.php(201): CodeIgniter\Exceptions\FrameworkException::forInvalidFile('template/bank-pro/themes.php')
 2 SYSTEMPATH/Common.php(1142): CodeIgniter\View\View->render('template/bank-pro/themes', [], true)
 3 APPPATH/Controllers/Pages.php(40): view('template/bank-pro/themes', [...])
 4 SYSTEMPATH/CodeIgniter.php(907): App\Controllers\Pages->view('FCPATH/themes', 'finapp-light', 'webfonts', 'fa-solid-900.woff2')
 5 SYSTEMPATH/CodeIgniter.php(457): CodeIgniter\CodeIgniter->runController(Object(App\Controllers\Pages))
 6 SYSTEMPATH/CodeIgniter.php(340): CodeIgniter\CodeIgniter->handleRequest(null, Object(Config\Cache), false)
 7 FCPATH/index.php(71): CodeIgniter\CodeIgniter->run()
CRITICAL - 2023-08-09 08:57:23 --> Invalid file: template/bank-pro/themes.php
in SYSTEMPATH/Exceptions/FrameworkException.php on line 33.
 1 SYSTEMPATH/View/View.php(201): CodeIgniter\Exceptions\FrameworkException::forInvalidFile('template/bank-pro/themes.php')
 2 SYSTEMPATH/Common.php(1142): CodeIgniter\View\View->render('template/bank-pro/themes', [], true)
 3 APPPATH/Controllers/Pages.php(40): view('template/bank-pro/themes', [...])
 4 SYSTEMPATH/CodeIgniter.php(907): App\Controllers\Pages->view('FCPATH/themes', 'finapp-light', 'webfonts', 'fa-brands-400.woff2')
 5 SYSTEMPATH/CodeIgniter.php(457): CodeIgniter\CodeIgniter->runController(Object(App\Controllers\Pages))
 6 SYSTEMPATH/CodeIgniter.php(340): CodeIgniter\CodeIgniter->handleRequest(null, Object(Config\Cache), false)
 7 FCPATH/index.php(71): CodeIgniter\CodeIgniter->run()
CRITICAL - 2023-08-09 08:57:23 --> Invalid file: template/bank-pro/themes.php
in SYSTEMPATH/Exceptions/FrameworkException.php on line 33.
 1 SYSTEMPATH/View/View.php(201): CodeIgniter\Exceptions\FrameworkException::forInvalidFile('template/bank-pro/themes.php')
 2 SYSTEMPATH/Common.php(1142): CodeIgniter\View\View->render('template/bank-pro/themes', [], true)
 3 APPPATH/Controllers/Pages.php(40): view('template/bank-pro/themes', [...])
 4 SYSTEMPATH/CodeIgniter.php(907): App\Controllers\Pages->view('FCPATH/themes', 'finapp-light', 'webfonts', 'fa-regular-400.woff2')
 5 SYSTEMPATH/CodeIgniter.php(457): CodeIgniter\CodeIgniter->runController(Object(App\Controllers\Pages))
 6 SYSTEMPATH/CodeIgniter.php(340): CodeIgniter\CodeIgniter->handleRequest(null, Object(Config\Cache), false)
 7 FCPATH/index.php(71): CodeIgniter\CodeIgniter->run()
CRITICAL - 2023-08-09 08:57:23 --> Invalid file: template/bank-pro/__service-worker.js
in SYSTEMPATH/Exceptions/FrameworkException.php on line 33.
 1 SYSTEMPATH/View/View.php(201): CodeIgniter\Exceptions\FrameworkException::forInvalidFile('template/bank-pro/__service-worker.js')
 2 SYSTEMPATH/Common.php(1142): CodeIgniter\View\View->render('template/bank-pro/__service-worker.js', [], true)
 3 APPPATH/Controllers/Pages.php(40): view('template/bank-pro/__service-worker.js', [...])
 4 SYSTEMPATH/CodeIgniter.php(907): App\Controllers\Pages->view('__service-worker.js')
 5 SYSTEMPATH/CodeIgniter.php(457): CodeIgniter\CodeIgniter->runController(Object(App\Controllers\Pages))
 6 SYSTEMPATH/CodeIgniter.php(340): CodeIgniter\CodeIgniter->handleRequest(null, Object(Config\Cache), false)
 7 FCPATH/index.php(71): CodeIgniter\CodeIgniter->run()
CRITICAL - 2023-08-09 08:57:23 --> Invalid file: template/bank-pro/assets.php
in SYSTEMPATH/Exceptions/FrameworkException.php on line 33.
 1 SYSTEMPATH/View/View.php(201): CodeIgniter\Exceptions\FrameworkException::forInvalidFile('template/bank-pro/assets.php')
 2 SYSTEMPATH/Common.php(1142): CodeIgniter\View\View->render('template/bank-pro/assets', [], true)
 3 APPPATH/Controllers/Pages.php(40): view('template/bank-pro/assets', [...])
 4 SYSTEMPATH/CodeIgniter.php(907): App\Controllers\Pages->view('FCPATH/assets', 'images', 'visa.png')
 5 SYSTEMPATH/CodeIgniter.php(457): CodeIgniter\CodeIgniter->runController(Object(App\Controllers\Pages))
 6 SYSTEMPATH/CodeIgniter.php(340): CodeIgniter\CodeIgniter->handleRequest(null, Object(Config\Cache), false)
 7 FCPATH/index.php(71): CodeIgniter\CodeIgniter->run()
CRITICAL - 2023-08-09 08:57:23 --> Invalid file: template/bank-pro/themes.php
in SYSTEMPATH/Exceptions/FrameworkException.php on line 33.
 1 SYSTEMPATH/View/View.php(201): CodeIgniter\Exceptions\FrameworkException::forInvalidFile('template/bank-pro/themes.php')
 2 SYSTEMPATH/Common.php(1142): CodeIgniter\View\View->render('template/bank-pro/themes', [], true)
 3 APPPATH/Controllers/Pages.php(40): view('template/bank-pro/themes', [...])
 4 SYSTEMPATH/CodeIgniter.php(907): App\Controllers\Pages->view('FCPATH/themes', 'finapp-light', 'webfonts', 'fa-solid-900.woff')
 5 SYSTEMPATH/CodeIgniter.php(457): CodeIgniter\CodeIgniter->runController(Object(App\Controllers\Pages))
 6 SYSTEMPATH/CodeIgniter.php(340): CodeIgniter\CodeIgniter->handleRequest(null, Object(Config\Cache), false)
 7 FCPATH/index.php(71): CodeIgniter\CodeIgniter->run()
CRITICAL - 2023-08-09 08:57:23 --> Invalid file: template/bank-pro/assets.php
in SYSTEMPATH/Exceptions/FrameworkException.php on line 33.
 1 SYSTEMPATH/View/View.php(201): CodeIgniter\Exceptions\FrameworkException::forInvalidFile('template/bank-pro/assets.php')
 2 SYSTEMPATH/Common.php(1142): CodeIgniter\View\View->render('template/bank-pro/assets', [], true)
 3 APPPATH/Controllers/Pages.php(40): view('template/bank-pro/assets', [...])
 4 SYSTEMPATH/CodeIgniter.php(907): App\Controllers\Pages->view('FCPATH/assets', 'images', 'chip.png')
 5 SYSTEMPATH/CodeIgniter.php(457): CodeIgniter\CodeIgniter->runController(Object(App\Controllers\Pages))
 6 SYSTEMPATH/CodeIgniter.php(340): CodeIgniter\CodeIgniter->handleRequest(null, Object(Config\Cache), false)
 7 FCPATH/index.php(71): CodeIgniter\CodeIgniter->run()
CRITICAL - 2023-08-09 08:57:23 --> Invalid file: template/bank-pro/themes.php
in SYSTEMPATH/Exceptions/FrameworkException.php on line 33.
 1 SYSTEMPATH/View/View.php(201): CodeIgniter\Exceptions\FrameworkException::forInvalidFile('template/bank-pro/themes.php')
 2 SYSTEMPATH/Common.php(1142): CodeIgniter\View\View->render('template/bank-pro/themes', [], true)
 3 APPPATH/Controllers/Pages.php(40): view('template/bank-pro/themes', [...])
 4 SYSTEMPATH/CodeIgniter.php(907): App\Controllers\Pages->view('FCPATH/themes', 'finapp-light', 'webfonts', 'fa-brands-400.woff')
 5 SYSTEMPATH/CodeIgniter.php(457): CodeIgniter\CodeIgniter->runController(Object(App\Controllers\Pages))
 6 SYSTEMPATH/CodeIgniter.php(340): CodeIgniter\CodeIgniter->handleRequest(null, Object(Config\Cache), false)
 7 FCPATH/index.php(71): CodeIgniter\CodeIgniter->run()
CRITICAL - 2023-08-09 08:57:23 --> Invalid file: template/bank-pro/themes.php
in SYSTEMPATH/Exceptions/FrameworkException.php on line 33.
 1 SYSTEMPATH/View/View.php(201): CodeIgniter\Exceptions\FrameworkException::forInvalidFile('template/bank-pro/themes.php')
 2 SYSTEMPATH/Common.php(1142): CodeIgniter\View\View->render('template/bank-pro/themes', [], true)
 3 APPPATH/Controllers/Pages.php(40): view('template/bank-pro/themes', [...])
 4 SYSTEMPATH/CodeIgniter.php(907): App\Controllers\Pages->view('FCPATH/themes', 'finapp-light', 'webfonts', 'fa-regular-400.woff')
 5 SYSTEMPATH/CodeIgniter.php(457): CodeIgniter\CodeIgniter->runController(Object(App\Controllers\Pages))
 6 SYSTEMPATH/CodeIgniter.php(340): CodeIgniter\CodeIgniter->handleRequest(null, Object(Config\Cache), false)
 7 FCPATH/index.php(71): CodeIgniter\CodeIgniter->run()
CRITICAL - 2023-08-09 08:57:25 --> Invalid file: template/bank-pro/themes.php
in SYSTEMPATH/Exceptions/FrameworkException.php on line 33.
 1 SYSTEMPATH/View/View.php(201): CodeIgniter\Exceptions\FrameworkException::forInvalidFile('template/bank-pro/themes.php')
 2 SYSTEMPATH/Common.php(1142): CodeIgniter\View\View->render('template/bank-pro/themes', [], true)
 3 APPPATH/Controllers/Pages.php(40): view('template/bank-pro/themes', [...])
 4 SYSTEMPATH/CodeIgniter.php(907): App\Controllers\Pages->view('FCPATH/themes', 'finapp-light', 'webfonts', 'fa-solid-900.woff2')
 5 SYSTEMPATH/CodeIgniter.php(457): CodeIgniter\CodeIgniter->runController(Object(App\Controllers\Pages))
 6 SYSTEMPATH/CodeIgniter.php(340): CodeIgniter\CodeIgniter->handleRequest(null, Object(Config\Cache), false)
 7 FCPATH/index.php(71): CodeIgniter\CodeIgniter->run()
CRITICAL - 2023-08-09 08:57:26 --> Invalid file: template/bank-pro/themes.php
in SYSTEMPATH/Exceptions/FrameworkException.php on line 33.
 1 SYSTEMPATH/View/View.php(201): CodeIgniter\Exceptions\FrameworkException::forInvalidFile('template/bank-pro/themes.php')
 2 SYSTEMPATH/Common.php(1142): CodeIgniter\View\View->render('template/bank-pro/themes', [], true)
 3 APPPATH/Controllers/Pages.php(40): view('template/bank-pro/themes', [...])
 4 SYSTEMPATH/CodeIgniter.php(907): App\Controllers\Pages->view('FCPATH/themes', 'finapp-light', 'webfonts', 'fa-regular-400.woff2')
 5 SYSTEMPATH/CodeIgniter.php(457): CodeIgniter\CodeIgniter->runController(Object(App\Controllers\Pages))
 6 SYSTEMPATH/CodeIgniter.php(340): CodeIgniter\CodeIgniter->handleRequest(null, Object(Config\Cache), false)
 7 FCPATH/index.php(71): CodeIgniter\CodeIgniter->run()
CRITICAL - 2023-08-09 08:57:32 --> Invalid file: template/bank-pro/themes.php
in SYSTEMPATH/Exceptions/FrameworkException.php on line 33.
 1 SYSTEMPATH/View/View.php(201): CodeIgniter\Exceptions\FrameworkException::forInvalidFile('template/bank-pro/themes.php')
 2 SYSTEMPATH/Common.php(1142): CodeIgniter\View\View->render('template/bank-pro/themes', [], true)
 3 APPPATH/Controllers/Pages.php(40): view('template/bank-pro/themes', [...])
 4 SYSTEMPATH/CodeIgniter.php(907): App\Controllers\Pages->view('FCPATH/themes', 'finapp-light', 'webfonts', 'fa-solid-900.woff2')
 5 SYSTEMPATH/CodeIgniter.php(457): CodeIgniter\CodeIgniter->runController(Object(App\Controllers\Pages))
 6 SYSTEMPATH/CodeIgniter.php(340): CodeIgniter\CodeIgniter->handleRequest(null, Object(Config\Cache), false)
 7 FCPATH/index.php(71): CodeIgniter\CodeIgniter->run()
CRITICAL - 2023-08-09 08:57:32 --> Invalid file: template/bank-pro/themes.php
in SYSTEMPATH/Exceptions/FrameworkException.php on line 33.
 1 SYSTEMPATH/View/View.php(201): CodeIgniter\Exceptions\FrameworkException::forInvalidFile('template/bank-pro/themes.php')
 2 SYSTEMPATH/Common.php(1142): CodeIgniter\View\View->render('template/bank-pro/themes', [], true)
 3 APPPATH/Controllers/Pages.php(40): view('template/bank-pro/themes', [...])
 4 SYSTEMPATH/CodeIgniter.php(907): App\Controllers\Pages->view('FCPATH/themes', 'finapp-light', 'webfonts', 'fa-regular-400.woff2')
 5 SYSTEMPATH/CodeIgniter.php(457): CodeIgniter\CodeIgniter->runController(Object(App\Controllers\Pages))
 6 SYSTEMPATH/CodeIgniter.php(340): CodeIgniter\CodeIgniter->handleRequest(null, Object(Config\Cache), false)
 7 FCPATH/index.php(71): CodeIgniter\CodeIgniter->run()
CRITICAL - 2023-08-09 08:57:37 --> Invalid file: template/bank-pro/themes.php
in SYSTEMPATH/Exceptions/FrameworkException.php on line 33.
 1 SYSTEMPATH/View/View.php(201): CodeIgniter\Exceptions\FrameworkException::forInvalidFile('template/bank-pro/themes.php')
 2 SYSTEMPATH/Common.php(1142): CodeIgniter\View\View->render('template/bank-pro/themes', [], true)
 3 APPPATH/Controllers/Pages.php(40): view('template/bank-pro/themes', [...])
 4 SYSTEMPATH/CodeIgniter.php(907): App\Controllers\Pages->view('FCPATH/themes', 'finapp-light', 'webfonts', 'fa-brands-400.woff2')
 5 SYSTEMPATH/CodeIgniter.php(457): CodeIgniter\CodeIgniter->runController(Object(App\Controllers\Pages))
 6 SYSTEMPATH/CodeIgniter.php(340): CodeIgniter\CodeIgniter->handleRequest(null, Object(Config\Cache), false)
 7 FCPATH/index.php(71): CodeIgniter\CodeIgniter->run()
CRITICAL - 2023-08-09 08:57:37 --> Invalid file: template/bank-pro/themes.php
in SYSTEMPATH/Exceptions/FrameworkException.php on line 33.
 1 SYSTEMPATH/View/View.php(201): CodeIgniter\Exceptions\FrameworkException::forInvalidFile('template/bank-pro/themes.php')
 2 SYSTEMPATH/Common.php(1142): CodeIgniter\View\View->render('template/bank-pro/themes', [], true)
 3 APPPATH/Controllers/Pages.php(40): view('template/bank-pro/themes', [...])
 4 SYSTEMPATH/CodeIgniter.php(907): App\Controllers\Pages->view('FCPATH/themes', 'finapp-light', 'webfonts', 'fa-solid-900.woff2')
 5 SYSTEMPATH/CodeIgniter.php(457): CodeIgniter\CodeIgniter->runController(Object(App\Controllers\Pages))
 6 SYSTEMPATH/CodeIgniter.php(340): CodeIgniter\CodeIgniter->handleRequest(null, Object(Config\Cache), false)
 7 FCPATH/index.php(71): CodeIgniter\CodeIgniter->run()
CRITICAL - 2023-08-09 08:57:37 --> Invalid file: template/bank-pro/themes.php
in SYSTEMPATH/Exceptions/FrameworkException.php on line 33.
 1 SYSTEMPATH/View/View.php(201): CodeIgniter\Exceptions\FrameworkException::forInvalidFile('template/bank-pro/themes.php')
 2 SYSTEMPATH/Common.php(1142): CodeIgniter\View\View->render('template/bank-pro/themes', [], true)
 3 APPPATH/Controllers/Pages.php(40): view('template/bank-pro/themes', [...])
 4 SYSTEMPATH/CodeIgniter.php(907): App\Controllers\Pages->view('FCPATH/themes', 'finapp-light', 'webfonts', 'fa-regular-400.woff2')
 5 SYSTEMPATH/CodeIgniter.php(457): CodeIgniter\CodeIgniter->runController(Object(App\Controllers\Pages))
 6 SYSTEMPATH/CodeIgniter.php(340): CodeIgniter\CodeIgniter->handleRequest(null, Object(Config\Cache), false)
 7 FCPATH/index.php(71): CodeIgniter\CodeIgniter->run()
CRITICAL - 2023-08-09 08:57:38 --> Invalid file: template/bank-pro/assets.php
in SYSTEMPATH/Exceptions/FrameworkException.php on line 33.
 1 SYSTEMPATH/View/View.php(201): CodeIgniter\Exceptions\FrameworkException::forInvalidFile('template/bank-pro/assets.php')
 2 SYSTEMPATH/Common.php(1142): CodeIgniter\View\View->render('template/bank-pro/assets', [], true)
 3 APPPATH/Controllers/Pages.php(40): view('template/bank-pro/assets', [...])
 4 SYSTEMPATH/CodeIgniter.php(907): App\Controllers\Pages->view('FCPATH/assets', 'images', 'chip.png')
 5 SYSTEMPATH/CodeIgniter.php(457): CodeIgniter\CodeIgniter->runController(Object(App\Controllers\Pages))
 6 SYSTEMPATH/CodeIgniter.php(340): CodeIgniter\CodeIgniter->handleRequest(null, Object(Config\Cache), false)
 7 FCPATH/index.php(71): CodeIgniter\CodeIgniter->run()
CRITICAL - 2023-08-09 08:57:38 --> Invalid file: template/bank-pro/assets.php
in SYSTEMPATH/Exceptions/FrameworkException.php on line 33.
 1 SYSTEMPATH/View/View.php(201): CodeIgniter\Exceptions\FrameworkException::forInvalidFile('template/bank-pro/assets.php')
 2 SYSTEMPATH/Common.php(1142): CodeIgniter\View\View->render('template/bank-pro/assets', [], true)
 3 APPPATH/Controllers/Pages.php(40): view('template/bank-pro/assets', [...])
 4 SYSTEMPATH/CodeIgniter.php(907): App\Controllers\Pages->view('FCPATH/assets', 'images', 'visa.png')
 5 SYSTEMPATH/CodeIgniter.php(457): CodeIgniter\CodeIgniter->runController(Object(App\Controllers\Pages))
 6 SYSTEMPATH/CodeIgniter.php(340): CodeIgniter\CodeIgniter->handleRequest(null, Object(Config\Cache), false)
 7 FCPATH/index.php(71): CodeIgniter\CodeIgniter->run()
CRITICAL - 2023-08-09 08:57:38 --> Invalid file: template/bank-pro/__service-worker.js
in SYSTEMPATH/Exceptions/FrameworkException.php on line 33.
 1 SYSTEMPATH/View/View.php(201): CodeIgniter\Exceptions\FrameworkException::forInvalidFile('template/bank-pro/__service-worker.js')
 2 SYSTEMPATH/Common.php(1142): CodeIgniter\View\View->render('template/bank-pro/__service-worker.js', [], true)
 3 APPPATH/Controllers/Pages.php(40): view('template/bank-pro/__service-worker.js', [...])
 4 SYSTEMPATH/CodeIgniter.php(907): App\Controllers\Pages->view('__service-worker.js')
 5 SYSTEMPATH/CodeIgniter.php(457): CodeIgniter\CodeIgniter->runController(Object(App\Controllers\Pages))
 6 SYSTEMPATH/CodeIgniter.php(340): CodeIgniter\CodeIgniter->handleRequest(null, Object(Config\Cache), false)
 7 FCPATH/index.php(71): CodeIgniter\CodeIgniter->run()
CRITICAL - 2023-08-09 09:00:54 --> Invalid file: template/bank-pro/themes.php
in SYSTEMPATH/Exceptions/FrameworkException.php on line 33.
 1 SYSTEMPATH/View/View.php(201): CodeIgniter\Exceptions\FrameworkException::forInvalidFile('template/bank-pro/themes.php')
 2 SYSTEMPATH/Common.php(1142): CodeIgniter\View\View->render('template/bank-pro/themes', [], true)
 3 APPPATH/Controllers/Pages.php(40): view('template/bank-pro/themes', [...])
 4 SYSTEMPATH/CodeIgniter.php(907): App\Controllers\Pages->view('FCPATH/themes', 'finapp-light', 'webfonts', 'fa-solid-900.woff2')
 5 SYSTEMPATH/CodeIgniter.php(457): CodeIgniter\CodeIgniter->runController(Object(App\Controllers\Pages))
 6 SYSTEMPATH/CodeIgniter.php(340): CodeIgniter\CodeIgniter->handleRequest(null, Object(Config\Cache), false)
 7 FCPATH/index.php(71): CodeIgniter\CodeIgniter->run()
CRITICAL - 2023-08-09 09:00:54 --> Invalid file: template/bank-pro/themes.php
in SYSTEMPATH/Exceptions/FrameworkException.php on line 33.
 1 SYSTEMPATH/View/View.php(201): CodeIgniter\Exceptions\FrameworkException::forInvalidFile('template/bank-pro/themes.php')
 2 SYSTEMPATH/Common.php(1142): CodeIgniter\View\View->render('template/bank-pro/themes', [], true)
 3 APPPATH/Controllers/Pages.php(40): view('template/bank-pro/themes', [...])
 4 SYSTEMPATH/CodeIgniter.php(907): App\Controllers\Pages->view('FCPATH/themes', 'finapp-light', 'webfonts', 'fa-regular-400.woff2')
 5 SYSTEMPATH/CodeIgniter.php(457): CodeIgniter\CodeIgniter->runController(Object(App\Controllers\Pages))
 6 SYSTEMPATH/CodeIgniter.php(340): CodeIgniter\CodeIgniter->handleRequest(null, Object(Config\Cache), false)
 7 FCPATH/index.php(71): CodeIgniter\CodeIgniter->run()
CRITICAL - 2023-08-09 09:01:17 --> Invalid file: template/bank-pro/themes.php
in SYSTEMPATH/Exceptions/FrameworkException.php on line 33.
 1 SYSTEMPATH/View/View.php(201): CodeIgniter\Exceptions\FrameworkException::forInvalidFile('template/bank-pro/themes.php')
 2 SYSTEMPATH/Common.php(1142): CodeIgniter\View\View->render('template/bank-pro/themes', [], true)
 3 APPPATH/Controllers/Pages.php(40): view('template/bank-pro/themes', [...])
 4 SYSTEMPATH/CodeIgniter.php(907): App\Controllers\Pages->view('FCPATH/themes', 'finapp-light', 'webfonts', 'fa-solid-900.woff2')
 5 SYSTEMPATH/CodeIgniter.php(457): CodeIgniter\CodeIgniter->runController(Object(App\Controllers\Pages))
 6 SYSTEMPATH/CodeIgniter.php(340): CodeIgniter\CodeIgniter->handleRequest(null, Object(Config\Cache), false)
 7 FCPATH/index.php(71): CodeIgniter\CodeIgniter->run()
CRITICAL - 2023-08-09 09:01:17 --> Invalid file: template/bank-pro/themes.php
in SYSTEMPATH/Exceptions/FrameworkException.php on line 33.
 1 SYSTEMPATH/View/View.php(201): CodeIgniter\Exceptions\FrameworkException::forInvalidFile('template/bank-pro/themes.php')
 2 SYSTEMPATH/Common.php(1142): CodeIgniter\View\View->render('template/bank-pro/themes', [], true)
 3 APPPATH/Controllers/Pages.php(40): view('template/bank-pro/themes', [...])
 4 SYSTEMPATH/CodeIgniter.php(907): App\Controllers\Pages->view('FCPATH/themes', 'finapp-light', 'webfonts', 'fa-regular-400.woff2')
 5 SYSTEMPATH/CodeIgniter.php(457): CodeIgniter\CodeIgniter->runController(Object(App\Controllers\Pages))
 6 SYSTEMPATH/CodeIgniter.php(340): CodeIgniter\CodeIgniter->handleRequest(null, Object(Config\Cache), false)
 7 FCPATH/index.php(71): CodeIgniter\CodeIgniter->run()
CRITICAL - 2023-08-09 09:01:23 --> Invalid file: template/bank-pro/themes.php
in SYSTEMPATH/Exceptions/FrameworkException.php on line 33.
 1 SYSTEMPATH/View/View.php(201): CodeIgniter\Exceptions\FrameworkException::forInvalidFile('template/bank-pro/themes.php')
 2 SYSTEMPATH/Common.php(1142): CodeIgniter\View\View->render('template/bank-pro/themes', [], true)
 3 APPPATH/Controllers/Pages.php(40): view('template/bank-pro/themes', [...])
 4 SYSTEMPATH/CodeIgniter.php(907): App\Controllers\Pages->view('FCPATH/themes', 'finapp-light', 'webfonts', 'fa-solid-900.woff2')
 5 SYSTEMPATH/CodeIgniter.php(457): CodeIgniter\CodeIgniter->runController(Object(App\Controllers\Pages))
 6 SYSTEMPATH/CodeIgniter.php(340): CodeIgniter\CodeIgniter->handleRequest(null, Object(Config\Cache), false)
 7 FCPATH/index.php(71): CodeIgniter\CodeIgniter->run()
CRITICAL - 2023-08-09 09:01:23 --> Invalid file: template/bank-pro/themes.php
in SYSTEMPATH/Exceptions/FrameworkException.php on line 33.
 1 SYSTEMPATH/View/View.php(201): CodeIgniter\Exceptions\FrameworkException::forInvalidFile('template/bank-pro/themes.php')
 2 SYSTEMPATH/Common.php(1142): CodeIgniter\View\View->render('template/bank-pro/themes', [], true)
 3 APPPATH/Controllers/Pages.php(40): view('template/bank-pro/themes', [...])
 4 SYSTEMPATH/CodeIgniter.php(907): App\Controllers\Pages->view('FCPATH/themes', 'finapp-light', 'webfonts', 'fa-regular-400.woff2')
 5 SYSTEMPATH/CodeIgniter.php(457): CodeIgniter\CodeIgniter->runController(Object(App\Controllers\Pages))
 6 SYSTEMPATH/CodeIgniter.php(340): CodeIgniter\CodeIgniter->handleRequest(null, Object(Config\Cache), false)
 7 FCPATH/index.php(71): CodeIgniter\CodeIgniter->run()
CRITICAL - 2023-08-09 09:02:33 --> Invalid file: template/bank-pro/themes.php
in SYSTEMPATH/Exceptions/FrameworkException.php on line 33.
 1 SYSTEMPATH/View/View.php(201): CodeIgniter\Exceptions\FrameworkException::forInvalidFile('template/bank-pro/themes.php')
 2 SYSTEMPATH/Common.php(1142): CodeIgniter\View\View->render('template/bank-pro/themes', [], true)
 3 APPPATH/Controllers/Pages.php(40): view('template/bank-pro/themes', [...])
 4 SYSTEMPATH/CodeIgniter.php(907): App\Controllers\Pages->view('FCPATH/themes', 'finapp-light', 'webfonts', 'fa-solid-900.woff2')
 5 SYSTEMPATH/CodeIgniter.php(457): CodeIgniter\CodeIgniter->runController(Object(App\Controllers\Pages))
 6 SYSTEMPATH/CodeIgniter.php(340): CodeIgniter\CodeIgniter->handleRequest(null, Object(Config\Cache), false)
 7 FCPATH/index.php(71): CodeIgniter\CodeIgniter->run()
CRITICAL - 2023-08-09 09:02:33 --> Invalid file: template/bank-pro/themes.php
in SYSTEMPATH/Exceptions/FrameworkException.php on line 33.
 1 SYSTEMPATH/View/View.php(201): CodeIgniter\Exceptions\FrameworkException::forInvalidFile('template/bank-pro/themes.php')
 2 SYSTEMPATH/Common.php(1142): CodeIgniter\View\View->render('template/bank-pro/themes', [], true)
 3 APPPATH/Controllers/Pages.php(40): view('template/bank-pro/themes', [...])
 4 SYSTEMPATH/CodeIgniter.php(907): App\Controllers\Pages->view('FCPATH/themes', 'finapp-light', 'webfonts', 'fa-regular-400.woff2')
 5 SYSTEMPATH/CodeIgniter.php(457): CodeIgniter\CodeIgniter->runController(Object(App\Controllers\Pages))
 6 SYSTEMPATH/CodeIgniter.php(340): CodeIgniter\CodeIgniter->handleRequest(null, Object(Config\Cache), false)
 7 FCPATH/index.php(71): CodeIgniter\CodeIgniter->run()
CRITICAL - 2023-08-09 09:02:33 --> Invalid file: template/bank-pro/themes.php
in SYSTEMPATH/Exceptions/FrameworkException.php on line 33.
 1 SYSTEMPATH/View/View.php(201): CodeIgniter\Exceptions\FrameworkException::forInvalidFile('template/bank-pro/themes.php')
 2 SYSTEMPATH/Common.php(1142): CodeIgniter\View\View->render('template/bank-pro/themes', [], true)
 3 APPPATH/Controllers/Pages.php(40): view('template/bank-pro/themes', [...])
 4 SYSTEMPATH/CodeIgniter.php(907): App\Controllers\Pages->view('FCPATH/themes', 'finapp-light', 'webfonts', 'fa-brands-400.woff2')
 5 SYSTEMPATH/CodeIgniter.php(457): CodeIgniter\CodeIgniter->runController(Object(App\Controllers\Pages))
 6 SYSTEMPATH/CodeIgniter.php(340): CodeIgniter\CodeIgniter->handleRequest(null, Object(Config\Cache), false)
 7 FCPATH/index.php(71): CodeIgniter\CodeIgniter->run()
CRITICAL - 2023-08-09 09:02:33 --> Invalid file: template/bank-pro/__service-worker.js
in SYSTEMPATH/Exceptions/FrameworkException.php on line 33.
 1 SYSTEMPATH/View/View.php(201): CodeIgniter\Exceptions\FrameworkException::forInvalidFile('template/bank-pro/__service-worker.js')
 2 SYSTEMPATH/Common.php(1142): CodeIgniter\View\View->render('template/bank-pro/__service-worker.js', [], true)
 3 APPPATH/Controllers/Pages.php(40): view('template/bank-pro/__service-worker.js', [...])
 4 SYSTEMPATH/CodeIgniter.php(907): App\Controllers\Pages->view('__service-worker.js')
 5 SYSTEMPATH/CodeIgniter.php(457): CodeIgniter\CodeIgniter->runController(Object(App\Controllers\Pages))
 6 SYSTEMPATH/CodeIgniter.php(340): CodeIgniter\CodeIgniter->handleRequest(null, Object(Config\Cache), false)
 7 FCPATH/index.php(71): CodeIgniter\CodeIgniter->run()
CRITICAL - 2023-08-09 09:02:33 --> Invalid file: template/bank-pro/assets.php
in SYSTEMPATH/Exceptions/FrameworkException.php on line 33.
 1 SYSTEMPATH/View/View.php(201): CodeIgniter\Exceptions\FrameworkException::forInvalidFile('template/bank-pro/assets.php')
 2 SYSTEMPATH/Common.php(1142): CodeIgniter\View\View->render('template/bank-pro/assets', [], true)
 3 APPPATH/Controllers/Pages.php(40): view('template/bank-pro/assets', [...])
 4 SYSTEMPATH/CodeIgniter.php(907): App\Controllers\Pages->view('FCPATH/assets', 'images', 'visa.png')
 5 SYSTEMPATH/CodeIgniter.php(457): CodeIgniter\CodeIgniter->runController(Object(App\Controllers\Pages))
 6 SYSTEMPATH/CodeIgniter.php(340): CodeIgniter\CodeIgniter->handleRequest(null, Object(Config\Cache), false)
 7 FCPATH/index.php(71): CodeIgniter\CodeIgniter->run()
CRITICAL - 2023-08-09 09:02:33 --> Invalid file: template/bank-pro/assets.php
in SYSTEMPATH/Exceptions/FrameworkException.php on line 33.
 1 SYSTEMPATH/View/View.php(201): CodeIgniter\Exceptions\FrameworkException::forInvalidFile('template/bank-pro/assets.php')
 2 SYSTEMPATH/Common.php(1142): CodeIgniter\View\View->render('template/bank-pro/assets', [], true)
 3 APPPATH/Controllers/Pages.php(40): view('template/bank-pro/assets', [...])
 4 SYSTEMPATH/CodeIgniter.php(907): App\Controllers\Pages->view('FCPATH/assets', 'images', 'chip.png')
 5 SYSTEMPATH/CodeIgniter.php(457): CodeIgniter\CodeIgniter->runController(Object(App\Controllers\Pages))
 6 SYSTEMPATH/CodeIgniter.php(340): CodeIgniter\CodeIgniter->handleRequest(null, Object(Config\Cache), false)
 7 FCPATH/index.php(71): CodeIgniter\CodeIgniter->run()
CRITICAL - 2023-08-09 09:02:56 --> Invalid file: template/bank-pro/themes.php
in SYSTEMPATH/Exceptions/FrameworkException.php on line 33.
 1 SYSTEMPATH/View/View.php(201): CodeIgniter\Exceptions\FrameworkException::forInvalidFile('template/bank-pro/themes.php')
 2 SYSTEMPATH/Common.php(1142): CodeIgniter\View\View->render('template/bank-pro/themes', [], true)
 3 APPPATH/Controllers/Pages.php(40): view('template/bank-pro/themes', [...])
 4 SYSTEMPATH/CodeIgniter.php(907): App\Controllers\Pages->view('FCPATH/themes', 'finapp-light', 'webfonts', 'fa-solid-900.woff2')
 5 SYSTEMPATH/CodeIgniter.php(457): CodeIgniter\CodeIgniter->runController(Object(App\Controllers\Pages))
 6 SYSTEMPATH/CodeIgniter.php(340): CodeIgniter\CodeIgniter->handleRequest(null, Object(Config\Cache), false)
 7 FCPATH/index.php(71): CodeIgniter\CodeIgniter->run()
CRITICAL - 2023-08-09 09:02:57 --> Invalid file: template/bank-pro/themes.php
in SYSTEMPATH/Exceptions/FrameworkException.php on line 33.
 1 SYSTEMPATH/View/View.php(201): CodeIgniter\Exceptions\FrameworkException::forInvalidFile('template/bank-pro/themes.php')
 2 SYSTEMPATH/Common.php(1142): CodeIgniter\View\View->render('template/bank-pro/themes', [], true)
 3 APPPATH/Controllers/Pages.php(40): view('template/bank-pro/themes', [...])
 4 SYSTEMPATH/CodeIgniter.php(907): App\Controllers\Pages->view('FCPATH/themes', 'finapp-light', 'webfonts', 'fa-regular-400.woff2')
 5 SYSTEMPATH/CodeIgniter.php(457): CodeIgniter\CodeIgniter->runController(Object(App\Controllers\Pages))
 6 SYSTEMPATH/CodeIgniter.php(340): CodeIgniter\CodeIgniter->handleRequest(null, Object(Config\Cache), false)
 7 FCPATH/index.php(71): CodeIgniter\CodeIgniter->run()
CRITICAL - 2023-08-09 09:05:45 --> Invalid file: template/bank-pro/themes.php
in SYSTEMPATH/Exceptions/FrameworkException.php on line 33.
 1 SYSTEMPATH/View/View.php(201): CodeIgniter\Exceptions\FrameworkException::forInvalidFile('template/bank-pro/themes.php')
 2 SYSTEMPATH/Common.php(1142): CodeIgniter\View\View->render('template/bank-pro/themes', [], true)
 3 APPPATH/Controllers/Pages.php(40): view('template/bank-pro/themes', [...])
 4 SYSTEMPATH/CodeIgniter.php(907): App\Controllers\Pages->view('FCPATH/themes', 'finapp-light', 'webfonts', 'fa-solid-900.woff2')
 5 SYSTEMPATH/CodeIgniter.php(457): CodeIgniter\CodeIgniter->runController(Object(App\Controllers\Pages))
 6 SYSTEMPATH/CodeIgniter.php(340): CodeIgniter\CodeIgniter->handleRequest(null, Object(Config\Cache), false)
 7 FCPATH/index.php(71): CodeIgniter\CodeIgniter->run()
CRITICAL - 2023-08-09 09:05:45 --> Invalid file: template/bank-pro/themes.php
in SYSTEMPATH/Exceptions/FrameworkException.php on line 33.
 1 SYSTEMPATH/View/View.php(201): CodeIgniter\Exceptions\FrameworkException::forInvalidFile('template/bank-pro/themes.php')
 2 SYSTEMPATH/Common.php(1142): CodeIgniter\View\View->render('template/bank-pro/themes', [], true)
 3 APPPATH/Controllers/Pages.php(40): view('template/bank-pro/themes', [...])
 4 SYSTEMPATH/CodeIgniter.php(907): App\Controllers\Pages->view('FCPATH/themes', 'finapp-light', 'webfonts', 'fa-brands-400.woff2')
 5 SYSTEMPATH/CodeIgniter.php(457): CodeIgniter\CodeIgniter->runController(Object(App\Controllers\Pages))
 6 SYSTEMPATH/CodeIgniter.php(340): CodeIgniter\CodeIgniter->handleRequest(null, Object(Config\Cache), false)
 7 FCPATH/index.php(71): CodeIgniter\CodeIgniter->run()
CRITICAL - 2023-08-09 09:05:45 --> Invalid file: template/bank-pro/themes.php
in SYSTEMPATH/Exceptions/FrameworkException.php on line 33.
 1 SYSTEMPATH/View/View.php(201): CodeIgniter\Exceptions\FrameworkException::forInvalidFile('template/bank-pro/themes.php')
 2 SYSTEMPATH/Common.php(1142): CodeIgniter\View\View->render('template/bank-pro/themes', [], true)
 3 APPPATH/Controllers/Pages.php(40): view('template/bank-pro/themes', [...])
 4 SYSTEMPATH/CodeIgniter.php(907): App\Controllers\Pages->view('FCPATH/themes', 'finapp-light', 'webfonts', 'fa-regular-400.woff2')
 5 SYSTEMPATH/CodeIgniter.php(457): CodeIgniter\CodeIgniter->runController(Object(App\Controllers\Pages))
 6 SYSTEMPATH/CodeIgniter.php(340): CodeIgniter\CodeIgniter->handleRequest(null, Object(Config\Cache), false)
 7 FCPATH/index.php(71): CodeIgniter\CodeIgniter->run()
CRITICAL - 2023-08-09 09:05:45 --> Invalid file: template/bank-pro/__service-worker.js
in SYSTEMPATH/Exceptions/FrameworkException.php on line 33.
 1 SYSTEMPATH/View/View.php(201): CodeIgniter\Exceptions\FrameworkException::forInvalidFile('template/bank-pro/__service-worker.js')
 2 SYSTEMPATH/Common.php(1142): CodeIgniter\View\View->render('template/bank-pro/__service-worker.js', [], true)
 3 APPPATH/Controllers/Pages.php(40): view('template/bank-pro/__service-worker.js', [...])
 4 SYSTEMPATH/CodeIgniter.php(907): App\Controllers\Pages->view('__service-worker.js')
 5 SYSTEMPATH/CodeIgniter.php(457): CodeIgniter\CodeIgniter->runController(Object(App\Controllers\Pages))
 6 SYSTEMPATH/CodeIgniter.php(340): CodeIgniter\CodeIgniter->handleRequest(null, Object(Config\Cache), false)
 7 FCPATH/index.php(71): CodeIgniter\CodeIgniter->run()
CRITICAL - 2023-08-09 09:05:45 --> Invalid file: template/bank-pro/assets.php
in SYSTEMPATH/Exceptions/FrameworkException.php on line 33.
 1 SYSTEMPATH/View/View.php(201): CodeIgniter\Exceptions\FrameworkException::forInvalidFile('template/bank-pro/assets.php')
 2 SYSTEMPATH/Common.php(1142): CodeIgniter\View\View->render('template/bank-pro/assets', [], true)
 3 APPPATH/Controllers/Pages.php(40): view('template/bank-pro/assets', [...])
 4 SYSTEMPATH/CodeIgniter.php(907): App\Controllers\Pages->view('FCPATH/assets', 'images', 'chip.png')
 5 SYSTEMPATH/CodeIgniter.php(457): CodeIgniter\CodeIgniter->runController(Object(App\Controllers\Pages))
 6 SYSTEMPATH/CodeIgniter.php(340): CodeIgniter\CodeIgniter->handleRequest(null, Object(Config\Cache), false)
 7 FCPATH/index.php(71): CodeIgniter\CodeIgniter->run()
CRITICAL - 2023-08-09 09:05:45 --> Invalid file: template/bank-pro/assets.php
in SYSTEMPATH/Exceptions/FrameworkException.php on line 33.
 1 SYSTEMPATH/View/View.php(201): CodeIgniter\Exceptions\FrameworkException::forInvalidFile('template/bank-pro/assets.php')
 2 SYSTEMPATH/Common.php(1142): CodeIgniter\View\View->render('template/bank-pro/assets', [], true)
 3 APPPATH/Controllers/Pages.php(40): view('template/bank-pro/assets', [...])
 4 SYSTEMPATH/CodeIgniter.php(907): App\Controllers\Pages->view('FCPATH/assets', 'images', 'visa.png')
 5 SYSTEMPATH/CodeIgniter.php(457): CodeIgniter\CodeIgniter->runController(Object(App\Controllers\Pages))
 6 SYSTEMPATH/CodeIgniter.php(340): CodeIgniter\CodeIgniter->handleRequest(null, Object(Config\Cache), false)
 7 FCPATH/index.php(71): CodeIgniter\CodeIgniter->run()
CRITICAL - 2023-08-09 09:06:07 --> Invalid file: template/bank-pro/themes.php
in SYSTEMPATH/Exceptions/FrameworkException.php on line 33.
 1 SYSTEMPATH/View/View.php(201): CodeIgniter\Exceptions\FrameworkException::forInvalidFile('template/bank-pro/themes.php')
 2 SYSTEMPATH/Common.php(1142): CodeIgniter\View\View->render('template/bank-pro/themes', [], true)
 3 APPPATH/Controllers/Pages.php(40): view('template/bank-pro/themes', [...])
 4 SYSTEMPATH/CodeIgniter.php(907): App\Controllers\Pages->view('FCPATH/themes', 'finapp-light', 'webfonts', 'fa-solid-900.woff2')
 5 SYSTEMPATH/CodeIgniter.php(457): CodeIgniter\CodeIgniter->runController(Object(App\Controllers\Pages))
 6 SYSTEMPATH/CodeIgniter.php(340): CodeIgniter\CodeIgniter->handleRequest(null, Object(Config\Cache), false)
 7 FCPATH/index.php(71): CodeIgniter\CodeIgniter->run()
CRITICAL - 2023-08-09 09:06:07 --> Invalid file: template/bank-pro/themes.php
in SYSTEMPATH/Exceptions/FrameworkException.php on line 33.
 1 SYSTEMPATH/View/View.php(201): CodeIgniter\Exceptions\FrameworkException::forInvalidFile('template/bank-pro/themes.php')
 2 SYSTEMPATH/Common.php(1142): CodeIgniter\View\View->render('template/bank-pro/themes', [], true)
 3 APPPATH/Controllers/Pages.php(40): view('template/bank-pro/themes', [...])
 4 SYSTEMPATH/CodeIgniter.php(907): App\Controllers\Pages->view('FCPATH/themes', 'finapp-light', 'webfonts', 'fa-regular-400.woff2')
 5 SYSTEMPATH/CodeIgniter.php(457): CodeIgniter\CodeIgniter->runController(Object(App\Controllers\Pages))
 6 SYSTEMPATH/CodeIgniter.php(340): CodeIgniter\CodeIgniter->handleRequest(null, Object(Config\Cache), false)
 7 FCPATH/index.php(71): CodeIgniter\CodeIgniter->run()
CRITICAL - 2023-08-09 09:06:07 --> Invalid file: template/bank-pro/themes.php
in SYSTEMPATH/Exceptions/FrameworkException.php on line 33.
 1 SYSTEMPATH/View/View.php(201): CodeIgniter\Exceptions\FrameworkException::forInvalidFile('template/bank-pro/themes.php')
 2 SYSTEMPATH/Common.php(1142): CodeIgniter\View\View->render('template/bank-pro/themes', [], true)
 3 APPPATH/Controllers/Pages.php(40): view('template/bank-pro/themes', [...])
 4 SYSTEMPATH/CodeIgniter.php(907): App\Controllers\Pages->view('FCPATH/themes', 'finapp-light', 'webfonts', 'fa-brands-400.woff2')
 5 SYSTEMPATH/CodeIgniter.php(457): CodeIgniter\CodeIgniter->runController(Object(App\Controllers\Pages))
 6 SYSTEMPATH/CodeIgniter.php(340): CodeIgniter\CodeIgniter->handleRequest(null, Object(Config\Cache), false)
 7 FCPATH/index.php(71): CodeIgniter\CodeIgniter->run()
CRITICAL - 2023-08-09 09:06:07 --> Invalid file: template/bank-pro/__service-worker.js
in SYSTEMPATH/Exceptions/FrameworkException.php on line 33.
 1 SYSTEMPATH/View/View.php(201): CodeIgniter\Exceptions\FrameworkException::forInvalidFile('template/bank-pro/__service-worker.js')
 2 SYSTEMPATH/Common.php(1142): CodeIgniter\View\View->render('template/bank-pro/__service-worker.js', [], true)
 3 APPPATH/Controllers/Pages.php(40): view('template/bank-pro/__service-worker.js', [...])
 4 SYSTEMPATH/CodeIgniter.php(907): App\Controllers\Pages->view('__service-worker.js')
 5 SYSTEMPATH/CodeIgniter.php(457): CodeIgniter\CodeIgniter->runController(Object(App\Controllers\Pages))
 6 SYSTEMPATH/CodeIgniter.php(340): CodeIgniter\CodeIgniter->handleRequest(null, Object(Config\Cache), false)
 7 FCPATH/index.php(71): CodeIgniter\CodeIgniter->run()
CRITICAL - 2023-08-09 09:06:07 --> Invalid file: template/bank-pro/assets.php
in SYSTEMPATH/Exceptions/FrameworkException.php on line 33.
 1 SYSTEMPATH/View/View.php(201): CodeIgniter\Exceptions\FrameworkException::forInvalidFile('template/bank-pro/assets.php')
 2 SYSTEMPATH/Common.php(1142): CodeIgniter\View\View->render('template/bank-pro/assets', [], true)
 3 APPPATH/Controllers/Pages.php(40): view('template/bank-pro/assets', [...])
 4 SYSTEMPATH/CodeIgniter.php(907): App\Controllers\Pages->view('FCPATH/assets', 'images', 'chip.png')
 5 SYSTEMPATH/CodeIgniter.php(457): CodeIgniter\CodeIgniter->runController(Object(App\Controllers\Pages))
 6 SYSTEMPATH/CodeIgniter.php(340): CodeIgniter\CodeIgniter->handleRequest(null, Object(Config\Cache), false)
 7 FCPATH/index.php(71): CodeIgniter\CodeIgniter->run()
CRITICAL - 2023-08-09 09:06:07 --> Invalid file: template/bank-pro/assets.php
in SYSTEMPATH/Exceptions/FrameworkException.php on line 33.
 1 SYSTEMPATH/View/View.php(201): CodeIgniter\Exceptions\FrameworkException::forInvalidFile('template/bank-pro/assets.php')
 2 SYSTEMPATH/Common.php(1142): CodeIgniter\View\View->render('template/bank-pro/assets', [], true)
 3 APPPATH/Controllers/Pages.php(40): view('template/bank-pro/assets', [...])
 4 SYSTEMPATH/CodeIgniter.php(907): App\Controllers\Pages->view('FCPATH/assets', 'images', 'visa.png')
 5 SYSTEMPATH/CodeIgniter.php(457): CodeIgniter\CodeIgniter->runController(Object(App\Controllers\Pages))
 6 SYSTEMPATH/CodeIgniter.php(340): CodeIgniter\CodeIgniter->handleRequest(null, Object(Config\Cache), false)
 7 FCPATH/index.php(71): CodeIgniter\CodeIgniter->run()
CRITICAL - 2023-08-09 09:06:17 --> Invalid file: template/bank-pro/themes.php
in SYSTEMPATH/Exceptions/FrameworkException.php on line 33.
 1 SYSTEMPATH/View/View.php(201): CodeIgniter\Exceptions\FrameworkException::forInvalidFile('template/bank-pro/themes.php')
 2 SYSTEMPATH/Common.php(1142): CodeIgniter\View\View->render('template/bank-pro/themes', [], true)
 3 APPPATH/Controllers/Pages.php(40): view('template/bank-pro/themes', [...])
 4 SYSTEMPATH/CodeIgniter.php(907): App\Controllers\Pages->view('FCPATH/themes', 'finapp-light', 'webfonts', 'fa-solid-900.woff2')
 5 SYSTEMPATH/CodeIgniter.php(457): CodeIgniter\CodeIgniter->runController(Object(App\Controllers\Pages))
 6 SYSTEMPATH/CodeIgniter.php(340): CodeIgniter\CodeIgniter->handleRequest(null, Object(Config\Cache), false)
 7 FCPATH/index.php(71): CodeIgniter\CodeIgniter->run()
CRITICAL - 2023-08-09 09:06:17 --> Invalid file: template/bank-pro/themes.php
in SYSTEMPATH/Exceptions/FrameworkException.php on line 33.
 1 SYSTEMPATH/View/View.php(201): CodeIgniter\Exceptions\FrameworkException::forInvalidFile('template/bank-pro/themes.php')
 2 SYSTEMPATH/Common.php(1142): CodeIgniter\View\View->render('template/bank-pro/themes', [], true)
 3 APPPATH/Controllers/Pages.php(40): view('template/bank-pro/themes', [...])
 4 SYSTEMPATH/CodeIgniter.php(907): App\Controllers\Pages->view('FCPATH/themes', 'finapp-light', 'webfonts', 'fa-brands-400.woff2')
 5 SYSTEMPATH/CodeIgniter.php(457): CodeIgniter\CodeIgniter->runController(Object(App\Controllers\Pages))
 6 SYSTEMPATH/CodeIgniter.php(340): CodeIgniter\CodeIgniter->handleRequest(null, Object(Config\Cache), false)
 7 FCPATH/index.php(71): CodeIgniter\CodeIgniter->run()
CRITICAL - 2023-08-09 09:06:17 --> Invalid file: template/bank-pro/themes.php
in SYSTEMPATH/Exceptions/FrameworkException.php on line 33.
 1 SYSTEMPATH/View/View.php(201): CodeIgniter\Exceptions\FrameworkException::forInvalidFile('template/bank-pro/themes.php')
 2 SYSTEMPATH/Common.php(1142): CodeIgniter\View\View->render('template/bank-pro/themes', [], true)
 3 APPPATH/Controllers/Pages.php(40): view('template/bank-pro/themes', [...])
 4 SYSTEMPATH/CodeIgniter.php(907): App\Controllers\Pages->view('FCPATH/themes', 'finapp-light', 'webfonts', 'fa-regular-400.woff2')
 5 SYSTEMPATH/CodeIgniter.php(457): CodeIgniter\CodeIgniter->runController(Object(App\Controllers\Pages))
 6 SYSTEMPATH/CodeIgniter.php(340): CodeIgniter\CodeIgniter->handleRequest(null, Object(Config\Cache), false)
 7 FCPATH/index.php(71): CodeIgniter\CodeIgniter->run()
CRITICAL - 2023-08-09 09:06:18 --> Invalid file: template/bank-pro/themes.php
in SYSTEMPATH/Exceptions/FrameworkException.php on line 33.
 1 SYSTEMPATH/View/View.php(201): CodeIgniter\Exceptions\FrameworkException::forInvalidFile('template/bank-pro/themes.php')
 2 SYSTEMPATH/Common.php(1142): CodeIgniter\View\View->render('template/bank-pro/themes', [], true)
 3 APPPATH/Controllers/Pages.php(40): view('template/bank-pro/themes', [...])
 4 SYSTEMPATH/CodeIgniter.php(907): App\Controllers\Pages->view('FCPATH/themes', 'finapp-light', 'webfonts', 'fa-solid-900.woff')
 5 SYSTEMPATH/CodeIgniter.php(457): CodeIgniter\CodeIgniter->runController(Object(App\Controllers\Pages))
 6 SYSTEMPATH/CodeIgniter.php(340): CodeIgniter\CodeIgniter->handleRequest(null, Object(Config\Cache), false)
 7 FCPATH/index.php(71): CodeIgniter\CodeIgniter->run()
CRITICAL - 2023-08-09 09:06:18 --> Invalid file: template/bank-pro/themes.php
in SYSTEMPATH/Exceptions/FrameworkException.php on line 33.
 1 SYSTEMPATH/View/View.php(201): CodeIgniter\Exceptions\FrameworkException::forInvalidFile('template/bank-pro/themes.php')
 2 SYSTEMPATH/Common.php(1142): CodeIgniter\View\View->render('template/bank-pro/themes', [], true)
 3 APPPATH/Controllers/Pages.php(40): view('template/bank-pro/themes', [...])
 4 SYSTEMPATH/CodeIgniter.php(907): App\Controllers\Pages->view('FCPATH/themes', 'finapp-light', 'webfonts', 'fa-regular-400.woff')
 5 SYSTEMPATH/CodeIgniter.php(457): CodeIgniter\CodeIgniter->runController(Object(App\Controllers\Pages))
 6 SYSTEMPATH/CodeIgniter.php(340): CodeIgniter\CodeIgniter->handleRequest(null, Object(Config\Cache), false)
 7 FCPATH/index.php(71): CodeIgniter\CodeIgniter->run()
CRITICAL - 2023-08-09 09:06:18 --> Invalid file: template/bank-pro/themes.php
in SYSTEMPATH/Exceptions/FrameworkException.php on line 33.
 1 SYSTEMPATH/View/View.php(201): CodeIgniter\Exceptions\FrameworkException::forInvalidFile('template/bank-pro/themes.php')
 2 SYSTEMPATH/Common.php(1142): CodeIgniter\View\View->render('template/bank-pro/themes', [], true)
 3 APPPATH/Controllers/Pages.php(40): view('template/bank-pro/themes', [...])
 4 SYSTEMPATH/CodeIgniter.php(907): App\Controllers\Pages->view('FCPATH/themes', 'finapp-light', 'webfonts', 'fa-brands-400.woff')
 5 SYSTEMPATH/CodeIgniter.php(457): CodeIgniter\CodeIgniter->runController(Object(App\Controllers\Pages))
 6 SYSTEMPATH/CodeIgniter.php(340): CodeIgniter\CodeIgniter->handleRequest(null, Object(Config\Cache), false)
 7 FCPATH/index.php(71): CodeIgniter\CodeIgniter->run()
CRITICAL - 2023-08-09 09:06:18 --> Invalid file: template/bank-pro/__service-worker.js
in SYSTEMPATH/Exceptions/FrameworkException.php on line 33.
 1 SYSTEMPATH/View/View.php(201): CodeIgniter\Exceptions\FrameworkException::forInvalidFile('template/bank-pro/__service-worker.js')
 2 SYSTEMPATH/Common.php(1142): CodeIgniter\View\View->render('template/bank-pro/__service-worker.js', [], true)
 3 APPPATH/Controllers/Pages.php(40): view('template/bank-pro/__service-worker.js', [...])
 4 SYSTEMPATH/CodeIgniter.php(907): App\Controllers\Pages->view('__service-worker.js')
 5 SYSTEMPATH/CodeIgniter.php(457): CodeIgniter\CodeIgniter->runController(Object(App\Controllers\Pages))
 6 SYSTEMPATH/CodeIgniter.php(340): CodeIgniter\CodeIgniter->handleRequest(null, Object(Config\Cache), false)
 7 FCPATH/index.php(71): CodeIgniter\CodeIgniter->run()
CRITICAL - 2023-08-09 09:06:18 --> Invalid file: template/bank-pro/assets.php
in SYSTEMPATH/Exceptions/FrameworkException.php on line 33.
 1 SYSTEMPATH/View/View.php(201): CodeIgniter\Exceptions\FrameworkException::forInvalidFile('template/bank-pro/assets.php')
 2 SYSTEMPATH/Common.php(1142): CodeIgniter\View\View->render('template/bank-pro/assets', [], true)
 3 APPPATH/Controllers/Pages.php(40): view('template/bank-pro/assets', [...])
 4 SYSTEMPATH/CodeIgniter.php(907): App\Controllers\Pages->view('FCPATH/assets', 'images', 'visa.png')
 5 SYSTEMPATH/CodeIgniter.php(457): CodeIgniter\CodeIgniter->runController(Object(App\Controllers\Pages))
 6 SYSTEMPATH/CodeIgniter.php(340): CodeIgniter\CodeIgniter->handleRequest(null, Object(Config\Cache), false)
 7 FCPATH/index.php(71): CodeIgniter\CodeIgniter->run()
CRITICAL - 2023-08-09 09:06:18 --> Invalid file: template/bank-pro/assets.php
in SYSTEMPATH/Exceptions/FrameworkException.php on line 33.
 1 SYSTEMPATH/View/View.php(201): CodeIgniter\Exceptions\FrameworkException::forInvalidFile('template/bank-pro/assets.php')
 2 SYSTEMPATH/Common.php(1142): CodeIgniter\View\View->render('template/bank-pro/assets', [], true)
 3 APPPATH/Controllers/Pages.php(40): view('template/bank-pro/assets', [...])
 4 SYSTEMPATH/CodeIgniter.php(907): App\Controllers\Pages->view('FCPATH/assets', 'images', 'chip.png')
 5 SYSTEMPATH/CodeIgniter.php(457): CodeIgniter\CodeIgniter->runController(Object(App\Controllers\Pages))
 6 SYSTEMPATH/CodeIgniter.php(340): CodeIgniter\CodeIgniter->handleRequest(null, Object(Config\Cache), false)
 7 FCPATH/index.php(71): CodeIgniter\CodeIgniter->run()
CRITICAL - 2023-08-09 09:06:29 --> Invalid file: template/bank-pro/themes.php
in SYSTEMPATH/Exceptions/FrameworkException.php on line 33.
 1 SYSTEMPATH/View/View.php(201): CodeIgniter\Exceptions\FrameworkException::forInvalidFile('template/bank-pro/themes.php')
 2 SYSTEMPATH/Common.php(1142): CodeIgniter\View\View->render('template/bank-pro/themes', [], true)
 3 APPPATH/Controllers/Pages.php(40): view('template/bank-pro/themes', [...])
 4 SYSTEMPATH/CodeIgniter.php(907): App\Controllers\Pages->view('FCPATH/themes', 'finapp-light', 'webfonts', 'fa-solid-900.woff2')
 5 SYSTEMPATH/CodeIgniter.php(457): CodeIgniter\CodeIgniter->runController(Object(App\Controllers\Pages))
 6 SYSTEMPATH/CodeIgniter.php(340): CodeIgniter\CodeIgniter->handleRequest(null, Object(Config\Cache), false)
 7 FCPATH/index.php(71): CodeIgniter\CodeIgniter->run()
CRITICAL - 2023-08-09 09:06:29 --> Invalid file: template/bank-pro/themes.php
in SYSTEMPATH/Exceptions/FrameworkException.php on line 33.
 1 SYSTEMPATH/View/View.php(201): CodeIgniter\Exceptions\FrameworkException::forInvalidFile('template/bank-pro/themes.php')
 2 SYSTEMPATH/Common.php(1142): CodeIgniter\View\View->render('template/bank-pro/themes', [], true)
 3 APPPATH/Controllers/Pages.php(40): view('template/bank-pro/themes', [...])
 4 SYSTEMPATH/CodeIgniter.php(907): App\Controllers\Pages->view('FCPATH/themes', 'finapp-light', 'webfonts', 'fa-regular-400.woff2')
 5 SYSTEMPATH/CodeIgniter.php(457): CodeIgniter\CodeIgniter->runController(Object(App\Controllers\Pages))
 6 SYSTEMPATH/CodeIgniter.php(340): CodeIgniter\CodeIgniter->handleRequest(null, Object(Config\Cache), false)
 7 FCPATH/index.php(71): CodeIgniter\CodeIgniter->run()
CRITICAL - 2023-08-09 09:07:01 --> Invalid file: template/bank-pro/themes.php
in SYSTEMPATH/Exceptions/FrameworkException.php on line 33.
 1 SYSTEMPATH/View/View.php(201): CodeIgniter\Exceptions\FrameworkException::forInvalidFile('template/bank-pro/themes.php')
 2 SYSTEMPATH/Common.php(1142): CodeIgniter\View\View->render('template/bank-pro/themes', [], true)
 3 APPPATH/Controllers/Pages.php(40): view('template/bank-pro/themes', [...])
 4 SYSTEMPATH/CodeIgniter.php(907): App\Controllers\Pages->view('FCPATH/themes', 'finapp-light', 'webfonts', 'fa-solid-900.woff2')
 5 SYSTEMPATH/CodeIgniter.php(457): CodeIgniter\CodeIgniter->runController(Object(App\Controllers\Pages))
 6 SYSTEMPATH/CodeIgniter.php(340): CodeIgniter\CodeIgniter->handleRequest(null, Object(Config\Cache), false)
 7 FCPATH/index.php(71): CodeIgniter\CodeIgniter->run()
CRITICAL - 2023-08-09 09:07:01 --> Invalid file: template/bank-pro/themes.php
in SYSTEMPATH/Exceptions/FrameworkException.php on line 33.
 1 SYSTEMPATH/View/View.php(201): CodeIgniter\Exceptions\FrameworkException::forInvalidFile('template/bank-pro/themes.php')
 2 SYSTEMPATH/Common.php(1142): CodeIgniter\View\View->render('template/bank-pro/themes', [], true)
 3 APPPATH/Controllers/Pages.php(40): view('template/bank-pro/themes', [...])
 4 SYSTEMPATH/CodeIgniter.php(907): App\Controllers\Pages->view('FCPATH/themes', 'finapp-light', 'webfonts', 'fa-regular-400.woff2')
 5 SYSTEMPATH/CodeIgniter.php(457): CodeIgniter\CodeIgniter->runController(Object(App\Controllers\Pages))
 6 SYSTEMPATH/CodeIgniter.php(340): CodeIgniter\CodeIgniter->handleRequest(null, Object(Config\Cache), false)
 7 FCPATH/index.php(71): CodeIgniter\CodeIgniter->run()
CRITICAL - 2023-08-09 09:07:15 --> Invalid file: template/bank-pro/themes.php
in SYSTEMPATH/Exceptions/FrameworkException.php on line 33.
 1 SYSTEMPATH/View/View.php(201): CodeIgniter\Exceptions\FrameworkException::forInvalidFile('template/bank-pro/themes.php')
 2 SYSTEMPATH/Common.php(1142): CodeIgniter\View\View->render('template/bank-pro/themes', [], true)
 3 APPPATH/Controllers/Pages.php(40): view('template/bank-pro/themes', [...])
 4 SYSTEMPATH/CodeIgniter.php(907): App\Controllers\Pages->view('FCPATH/themes', 'finapp-light', 'webfonts', 'fa-solid-900.woff2')
 5 SYSTEMPATH/CodeIgniter.php(457): CodeIgniter\CodeIgniter->runController(Object(App\Controllers\Pages))
 6 SYSTEMPATH/CodeIgniter.php(340): CodeIgniter\CodeIgniter->handleRequest(null, Object(Config\Cache), false)
 7 FCPATH/index.php(71): CodeIgniter\CodeIgniter->run()
CRITICAL - 2023-08-09 09:07:15 --> Invalid file: template/bank-pro/themes.php
in SYSTEMPATH/Exceptions/FrameworkException.php on line 33.
 1 SYSTEMPATH/View/View.php(201): CodeIgniter\Exceptions\FrameworkException::forInvalidFile('template/bank-pro/themes.php')
 2 SYSTEMPATH/Common.php(1142): CodeIgniter\View\View->render('template/bank-pro/themes', [], true)
 3 APPPATH/Controllers/Pages.php(40): view('template/bank-pro/themes', [...])
 4 SYSTEMPATH/CodeIgniter.php(907): App\Controllers\Pages->view('FCPATH/themes', 'finapp-light', 'webfonts', 'fa-brands-400.woff2')
 5 SYSTEMPATH/CodeIgniter.php(457): CodeIgniter\CodeIgniter->runController(Object(App\Controllers\Pages))
 6 SYSTEMPATH/CodeIgniter.php(340): CodeIgniter\CodeIgniter->handleRequest(null, Object(Config\Cache), false)
 7 FCPATH/index.php(71): CodeIgniter\CodeIgniter->run()
CRITICAL - 2023-08-09 09:07:15 --> Invalid file: template/bank-pro/themes.php
in SYSTEMPATH/Exceptions/FrameworkException.php on line 33.
 1 SYSTEMPATH/View/View.php(201): CodeIgniter\Exceptions\FrameworkException::forInvalidFile('template/bank-pro/themes.php')
 2 SYSTEMPATH/Common.php(1142): CodeIgniter\View\View->render('template/bank-pro/themes', [], true)
 3 APPPATH/Controllers/Pages.php(40): view('template/bank-pro/themes', [...])
 4 SYSTEMPATH/CodeIgniter.php(907): App\Controllers\Pages->view('FCPATH/themes', 'finapp-light', 'webfonts', 'fa-regular-400.woff2')
 5 SYSTEMPATH/CodeIgniter.php(457): CodeIgniter\CodeIgniter->runController(Object(App\Controllers\Pages))
 6 SYSTEMPATH/CodeIgniter.php(340): CodeIgniter\CodeIgniter->handleRequest(null, Object(Config\Cache), false)
 7 FCPATH/index.php(71): CodeIgniter\CodeIgniter->run()
CRITICAL - 2023-08-09 09:07:15 --> Invalid file: template/bank-pro/__service-worker.js
in SYSTEMPATH/Exceptions/FrameworkException.php on line 33.
 1 SYSTEMPATH/View/View.php(201): CodeIgniter\Exceptions\FrameworkException::forInvalidFile('template/bank-pro/__service-worker.js')
 2 SYSTEMPATH/Common.php(1142): CodeIgniter\View\View->render('template/bank-pro/__service-worker.js', [], true)
 3 APPPATH/Controllers/Pages.php(40): view('template/bank-pro/__service-worker.js', [...])
 4 SYSTEMPATH/CodeIgniter.php(907): App\Controllers\Pages->view('__service-worker.js')
 5 SYSTEMPATH/CodeIgniter.php(457): CodeIgniter\CodeIgniter->runController(Object(App\Controllers\Pages))
 6 SYSTEMPATH/CodeIgniter.php(340): CodeIgniter\CodeIgniter->handleRequest(null, Object(Config\Cache), false)
 7 FCPATH/index.php(71): CodeIgniter\CodeIgniter->run()
CRITICAL - 2023-08-09 09:07:15 --> Invalid file: template/bank-pro/assets.php
in SYSTEMPATH/Exceptions/FrameworkException.php on line 33.
 1 SYSTEMPATH/View/View.php(201): CodeIgniter\Exceptions\FrameworkException::forInvalidFile('template/bank-pro/assets.php')
 2 SYSTEMPATH/Common.php(1142): CodeIgniter\View\View->render('template/bank-pro/assets', [], true)
 3 APPPATH/Controllers/Pages.php(40): view('template/bank-pro/assets', [...])
 4 SYSTEMPATH/CodeIgniter.php(907): App\Controllers\Pages->view('FCPATH/assets', 'images', 'chip.png')
 5 SYSTEMPATH/CodeIgniter.php(457): CodeIgniter\CodeIgniter->runController(Object(App\Controllers\Pages))
 6 SYSTEMPATH/CodeIgniter.php(340): CodeIgniter\CodeIgniter->handleRequest(null, Object(Config\Cache), false)
 7 FCPATH/index.php(71): CodeIgniter\CodeIgniter->run()
CRITICAL - 2023-08-09 09:07:15 --> Invalid file: template/bank-pro/assets.php
in SYSTEMPATH/Exceptions/FrameworkException.php on line 33.
 1 SYSTEMPATH/View/View.php(201): CodeIgniter\Exceptions\FrameworkException::forInvalidFile('template/bank-pro/assets.php')
 2 SYSTEMPATH/Common.php(1142): CodeIgniter\View\View->render('template/bank-pro/assets', [], true)
 3 APPPATH/Controllers/Pages.php(40): view('template/bank-pro/assets', [...])
 4 SYSTEMPATH/CodeIgniter.php(907): App\Controllers\Pages->view('FCPATH/assets', 'images', 'visa.png')
 5 SYSTEMPATH/CodeIgniter.php(457): CodeIgniter\CodeIgniter->runController(Object(App\Controllers\Pages))
 6 SYSTEMPATH/CodeIgniter.php(340): CodeIgniter\CodeIgniter->handleRequest(null, Object(Config\Cache), false)
 7 FCPATH/index.php(71): CodeIgniter\CodeIgniter->run()
CRITICAL - 2023-08-09 09:07:19 --> Invalid file: template/bank-pro/themes.php
in SYSTEMPATH/Exceptions/FrameworkException.php on line 33.
 1 SYSTEMPATH/View/View.php(201): CodeIgniter\Exceptions\FrameworkException::forInvalidFile('template/bank-pro/themes.php')
 2 SYSTEMPATH/Common.php(1142): CodeIgniter\View\View->render('template/bank-pro/themes', [], true)
 3 APPPATH/Controllers/Pages.php(40): view('template/bank-pro/themes', [...])
 4 SYSTEMPATH/CodeIgniter.php(907): App\Controllers\Pages->view('FCPATH/themes', 'finapp-light', 'webfonts', 'fa-solid-900.woff2')
 5 SYSTEMPATH/CodeIgniter.php(457): CodeIgniter\CodeIgniter->runController(Object(App\Controllers\Pages))
 6 SYSTEMPATH/CodeIgniter.php(340): CodeIgniter\CodeIgniter->handleRequest(null, Object(Config\Cache), false)
 7 FCPATH/index.php(71): CodeIgniter\CodeIgniter->run()
CRITICAL - 2023-08-09 09:07:19 --> Invalid file: template/bank-pro/themes.php
in SYSTEMPATH/Exceptions/FrameworkException.php on line 33.
 1 SYSTEMPATH/View/View.php(201): CodeIgniter\Exceptions\FrameworkException::forInvalidFile('template/bank-pro/themes.php')
 2 SYSTEMPATH/Common.php(1142): CodeIgniter\View\View->render('template/bank-pro/themes', [], true)
 3 APPPATH/Controllers/Pages.php(40): view('template/bank-pro/themes', [...])
 4 SYSTEMPATH/CodeIgniter.php(907): App\Controllers\Pages->view('FCPATH/themes', 'finapp-light', 'webfonts', 'fa-regular-400.woff2')
 5 SYSTEMPATH/CodeIgniter.php(457): CodeIgniter\CodeIgniter->runController(Object(App\Controllers\Pages))
 6 SYSTEMPATH/CodeIgniter.php(340): CodeIgniter\CodeIgniter->handleRequest(null, Object(Config\Cache), false)
 7 FCPATH/index.php(71): CodeIgniter\CodeIgniter->run()
CRITICAL - 2023-08-09 09:07:42 --> Invalid file: template/bank-pro/themes.php
in SYSTEMPATH/Exceptions/FrameworkException.php on line 33.
 1 SYSTEMPATH/View/View.php(201): CodeIgniter\Exceptions\FrameworkException::forInvalidFile('template/bank-pro/themes.php')
 2 SYSTEMPATH/Common.php(1142): CodeIgniter\View\View->render('template/bank-pro/themes', [], true)
 3 APPPATH/Controllers/Pages.php(40): view('template/bank-pro/themes', [...])
 4 SYSTEMPATH/CodeIgniter.php(907): App\Controllers\Pages->view('FCPATH/themes', 'finapp-light', 'webfonts', 'fa-regular-400.woff2')
 5 SYSTEMPATH/CodeIgniter.php(457): CodeIgniter\CodeIgniter->runController(Object(App\Controllers\Pages))
 6 SYSTEMPATH/CodeIgniter.php(340): CodeIgniter\CodeIgniter->handleRequest(null, Object(Config\Cache), false)
 7 FCPATH/index.php(71): CodeIgniter\CodeIgniter->run()
CRITICAL - 2023-08-09 09:07:42 --> Invalid file: template/bank-pro/themes.php
in SYSTEMPATH/Exceptions/FrameworkException.php on line 33.
 1 SYSTEMPATH/View/View.php(201): CodeIgniter\Exceptions\FrameworkException::forInvalidFile('template/bank-pro/themes.php')
 2 SYSTEMPATH/Common.php(1142): CodeIgniter\View\View->render('template/bank-pro/themes', [], true)
 3 APPPATH/Controllers/Pages.php(40): view('template/bank-pro/themes', [...])
 4 SYSTEMPATH/CodeIgniter.php(907): App\Controllers\Pages->view('FCPATH/themes', 'finapp-light', 'webfonts', 'fa-solid-900.woff2')
 5 SYSTEMPATH/CodeIgniter.php(457): CodeIgniter\CodeIgniter->runController(Object(App\Controllers\Pages))
 6 SYSTEMPATH/CodeIgniter.php(340): CodeIgniter\CodeIgniter->handleRequest(null, Object(Config\Cache), false)
 7 FCPATH/index.php(71): CodeIgniter\CodeIgniter->run()
CRITICAL - 2023-08-09 09:07:44 --> Invalid file: template/bank-pro/themes.php
in SYSTEMPATH/Exceptions/FrameworkException.php on line 33.
 1 SYSTEMPATH/View/View.php(201): CodeIgniter\Exceptions\FrameworkException::forInvalidFile('template/bank-pro/themes.php')
 2 SYSTEMPATH/Common.php(1142): CodeIgniter\View\View->render('template/bank-pro/themes', [], true)
 3 APPPATH/Controllers/Pages.php(40): view('template/bank-pro/themes', [...])
 4 SYSTEMPATH/CodeIgniter.php(907): App\Controllers\Pages->view('FCPATH/themes', 'finapp-light', 'webfonts', 'fa-solid-900.woff2')
 5 SYSTEMPATH/CodeIgniter.php(457): CodeIgniter\CodeIgniter->runController(Object(App\Controllers\Pages))
 6 SYSTEMPATH/CodeIgniter.php(340): CodeIgniter\CodeIgniter->handleRequest(null, Object(Config\Cache), false)
 7 FCPATH/index.php(71): CodeIgniter\CodeIgniter->run()
CRITICAL - 2023-08-09 09:07:44 --> Invalid file: template/bank-pro/themes.php
in SYSTEMPATH/Exceptions/FrameworkException.php on line 33.
 1 SYSTEMPATH/View/View.php(201): CodeIgniter\Exceptions\FrameworkException::forInvalidFile('template/bank-pro/themes.php')
 2 SYSTEMPATH/Common.php(1142): CodeIgniter\View\View->render('template/bank-pro/themes', [], true)
 3 APPPATH/Controllers/Pages.php(40): view('template/bank-pro/themes', [...])
 4 SYSTEMPATH/CodeIgniter.php(907): App\Controllers\Pages->view('FCPATH/themes', 'finapp-light', 'webfonts', 'fa-regular-400.woff2')
 5 SYSTEMPATH/CodeIgniter.php(457): CodeIgniter\CodeIgniter->runController(Object(App\Controllers\Pages))
 6 SYSTEMPATH/CodeIgniter.php(340): CodeIgniter\CodeIgniter->handleRequest(null, Object(Config\Cache), false)
 7 FCPATH/index.php(71): CodeIgniter\CodeIgniter->run()
CRITICAL - 2023-08-09 09:07:48 --> Invalid file: template/bank-pro/themes.php
in SYSTEMPATH/Exceptions/FrameworkException.php on line 33.
 1 SYSTEMPATH/View/View.php(201): CodeIgniter\Exceptions\FrameworkException::forInvalidFile('template/bank-pro/themes.php')
 2 SYSTEMPATH/Common.php(1142): CodeIgniter\View\View->render('template/bank-pro/themes', [], true)
 3 APPPATH/Controllers/Pages.php(40): view('template/bank-pro/themes', [...])
 4 SYSTEMPATH/CodeIgniter.php(907): App\Controllers\Pages->view('FCPATH/themes', 'finapp-light', 'webfonts', 'fa-solid-900.woff2')
 5 SYSTEMPATH/CodeIgniter.php(457): CodeIgniter\CodeIgniter->runController(Object(App\Controllers\Pages))
 6 SYSTEMPATH/CodeIgniter.php(340): CodeIgniter\CodeIgniter->handleRequest(null, Object(Config\Cache), false)
 7 FCPATH/index.php(71): CodeIgniter\CodeIgniter->run()
CRITICAL - 2023-08-09 09:07:48 --> Invalid file: template/bank-pro/themes.php
in SYSTEMPATH/Exceptions/FrameworkException.php on line 33.
 1 SYSTEMPATH/View/View.php(201): CodeIgniter\Exceptions\FrameworkException::forInvalidFile('template/bank-pro/themes.php')
 2 SYSTEMPATH/Common.php(1142): CodeIgniter\View\View->render('template/bank-pro/themes', [], true)
 3 APPPATH/Controllers/Pages.php(40): view('template/bank-pro/themes', [...])
 4 SYSTEMPATH/CodeIgniter.php(907): App\Controllers\Pages->view('FCPATH/themes', 'finapp-light', 'webfonts', 'fa-brands-400.woff2')
 5 SYSTEMPATH/CodeIgniter.php(457): CodeIgniter\CodeIgniter->runController(Object(App\Controllers\Pages))
 6 SYSTEMPATH/CodeIgniter.php(340): CodeIgniter\CodeIgniter->handleRequest(null, Object(Config\Cache), false)
 7 FCPATH/index.php(71): CodeIgniter\CodeIgniter->run()
CRITICAL - 2023-08-09 09:07:48 --> Invalid file: template/bank-pro/themes.php
in SYSTEMPATH/Exceptions/FrameworkException.php on line 33.
 1 SYSTEMPATH/View/View.php(201): CodeIgniter\Exceptions\FrameworkException::forInvalidFile('template/bank-pro/themes.php')
 2 SYSTEMPATH/Common.php(1142): CodeIgniter\View\View->render('template/bank-pro/themes', [], true)
 3 APPPATH/Controllers/Pages.php(40): view('template/bank-pro/themes', [...])
 4 SYSTEMPATH/CodeIgniter.php(907): App\Controllers\Pages->view('FCPATH/themes', 'finapp-light', 'webfonts', 'fa-regular-400.woff2')
 5 SYSTEMPATH/CodeIgniter.php(457): CodeIgniter\CodeIgniter->runController(Object(App\Controllers\Pages))
 6 SYSTEMPATH/CodeIgniter.php(340): CodeIgniter\CodeIgniter->handleRequest(null, Object(Config\Cache), false)
 7 FCPATH/index.php(71): CodeIgniter\CodeIgniter->run()
CRITICAL - 2023-08-09 09:07:49 --> Invalid file: template/bank-pro/__service-worker.js
in SYSTEMPATH/Exceptions/FrameworkException.php on line 33.
 1 SYSTEMPATH/View/View.php(201): CodeIgniter\Exceptions\FrameworkException::forInvalidFile('template/bank-pro/__service-worker.js')
 2 SYSTEMPATH/Common.php(1142): CodeIgniter\View\View->render('template/bank-pro/__service-worker.js', [], true)
 3 APPPATH/Controllers/Pages.php(40): view('template/bank-pro/__service-worker.js', [...])
 4 SYSTEMPATH/CodeIgniter.php(907): App\Controllers\Pages->view('__service-worker.js')
 5 SYSTEMPATH/CodeIgniter.php(457): CodeIgniter\CodeIgniter->runController(Object(App\Controllers\Pages))
 6 SYSTEMPATH/CodeIgniter.php(340): CodeIgniter\CodeIgniter->handleRequest(null, Object(Config\Cache), false)
 7 FCPATH/index.php(71): CodeIgniter\CodeIgniter->run()
CRITICAL - 2023-08-09 09:07:49 --> Invalid file: template/bank-pro/assets.php
in SYSTEMPATH/Exceptions/FrameworkException.php on line 33.
 1 SYSTEMPATH/View/View.php(201): CodeIgniter\Exceptions\FrameworkException::forInvalidFile('template/bank-pro/assets.php')
 2 SYSTEMPATH/Common.php(1142): CodeIgniter\View\View->render('template/bank-pro/assets', [], true)
 3 APPPATH/Controllers/Pages.php(40): view('template/bank-pro/assets', [...])
 4 SYSTEMPATH/CodeIgniter.php(907): App\Controllers\Pages->view('FCPATH/assets', 'images', 'chip.png')
 5 SYSTEMPATH/CodeIgniter.php(457): CodeIgniter\CodeIgniter->runController(Object(App\Controllers\Pages))
 6 SYSTEMPATH/CodeIgniter.php(340): CodeIgniter\CodeIgniter->handleRequest(null, Object(Config\Cache), false)
 7 FCPATH/index.php(71): CodeIgniter\CodeIgniter->run()
CRITICAL - 2023-08-09 09:07:49 --> Invalid file: template/bank-pro/assets.php
in SYSTEMPATH/Exceptions/FrameworkException.php on line 33.
 1 SYSTEMPATH/View/View.php(201): CodeIgniter\Exceptions\FrameworkException::forInvalidFile('template/bank-pro/assets.php')
 2 SYSTEMPATH/Common.php(1142): CodeIgniter\View\View->render('template/bank-pro/assets', [], true)
 3 APPPATH/Controllers/Pages.php(40): view('template/bank-pro/assets', [...])
 4 SYSTEMPATH/CodeIgniter.php(907): App\Controllers\Pages->view('FCPATH/assets', 'images', 'visa.png')
 5 SYSTEMPATH/CodeIgniter.php(457): CodeIgniter\CodeIgniter->runController(Object(App\Controllers\Pages))
 6 SYSTEMPATH/CodeIgniter.php(340): CodeIgniter\CodeIgniter->handleRequest(null, Object(Config\Cache), false)
 7 FCPATH/index.php(71): CodeIgniter\CodeIgniter->run()
CRITICAL - 2023-08-09 09:07:57 --> Invalid file: template/bank-pro/themes.php
in SYSTEMPATH/Exceptions/FrameworkException.php on line 33.
 1 SYSTEMPATH/View/View.php(201): CodeIgniter\Exceptions\FrameworkException::forInvalidFile('template/bank-pro/themes.php')
 2 SYSTEMPATH/Common.php(1142): CodeIgniter\View\View->render('template/bank-pro/themes', [], true)
 3 APPPATH/Controllers/Pages.php(40): view('template/bank-pro/themes', [...])
 4 SYSTEMPATH/CodeIgniter.php(907): App\Controllers\Pages->view('FCPATH/themes', 'finapp-light', 'webfonts', 'fa-solid-900.woff2')
 5 SYSTEMPATH/CodeIgniter.php(457): CodeIgniter\CodeIgniter->runController(Object(App\Controllers\Pages))
 6 SYSTEMPATH/CodeIgniter.php(340): CodeIgniter\CodeIgniter->handleRequest(null, Object(Config\Cache), false)
 7 FCPATH/index.php(71): CodeIgniter\CodeIgniter->run()
CRITICAL - 2023-08-09 09:07:57 --> Invalid file: template/bank-pro/themes.php
in SYSTEMPATH/Exceptions/FrameworkException.php on line 33.
 1 SYSTEMPATH/View/View.php(201): CodeIgniter\Exceptions\FrameworkException::forInvalidFile('template/bank-pro/themes.php')
 2 SYSTEMPATH/Common.php(1142): CodeIgniter\View\View->render('template/bank-pro/themes', [], true)
 3 APPPATH/Controllers/Pages.php(40): view('template/bank-pro/themes', [...])
 4 SYSTEMPATH/CodeIgniter.php(907): App\Controllers\Pages->view('FCPATH/themes', 'finapp-light', 'webfonts', 'fa-regular-400.woff2')
 5 SYSTEMPATH/CodeIgniter.php(457): CodeIgniter\CodeIgniter->runController(Object(App\Controllers\Pages))
 6 SYSTEMPATH/CodeIgniter.php(340): CodeIgniter\CodeIgniter->handleRequest(null, Object(Config\Cache), false)
 7 FCPATH/index.php(71): CodeIgniter\CodeIgniter->run()
CRITICAL - 2023-08-09 09:10:51 --> Invalid file: template/bank-pro/themes.php
in SYSTEMPATH/Exceptions/FrameworkException.php on line 33.
 1 SYSTEMPATH/View/View.php(201): CodeIgniter\Exceptions\FrameworkException::forInvalidFile('template/bank-pro/themes.php')
 2 SYSTEMPATH/Common.php(1142): CodeIgniter\View\View->render('template/bank-pro/themes', [], true)
 3 APPPATH/Controllers/Pages.php(40): view('template/bank-pro/themes', [...])
 4 SYSTEMPATH/CodeIgniter.php(907): App\Controllers\Pages->view('FCPATH/themes', 'finapp-light', 'webfonts', 'fa-solid-900.woff2')
 5 SYSTEMPATH/CodeIgniter.php(457): CodeIgniter\CodeIgniter->runController(Object(App\Controllers\Pages))
 6 SYSTEMPATH/CodeIgniter.php(340): CodeIgniter\CodeIgniter->handleRequest(null, Object(Config\Cache), false)
 7 FCPATH/index.php(71): CodeIgniter\CodeIgniter->run()
CRITICAL - 2023-08-09 09:10:51 --> Invalid file: template/bank-pro/themes.php
in SYSTEMPATH/Exceptions/FrameworkException.php on line 33.
 1 SYSTEMPATH/View/View.php(201): CodeIgniter\Exceptions\FrameworkException::forInvalidFile('template/bank-pro/themes.php')
 2 SYSTEMPATH/Common.php(1142): CodeIgniter\View\View->render('template/bank-pro/themes', [], true)
 3 APPPATH/Controllers/Pages.php(40): view('template/bank-pro/themes', [...])
 4 SYSTEMPATH/CodeIgniter.php(907): App\Controllers\Pages->view('FCPATH/themes', 'finapp-light', 'webfonts', 'fa-regular-400.woff2')
 5 SYSTEMPATH/CodeIgniter.php(457): CodeIgniter\CodeIgniter->runController(Object(App\Controllers\Pages))
 6 SYSTEMPATH/CodeIgniter.php(340): CodeIgniter\CodeIgniter->handleRequest(null, Object(Config\Cache), false)
 7 FCPATH/index.php(71): CodeIgniter\CodeIgniter->run()
CRITICAL - 2023-08-09 09:11:58 --> Invalid file: template/bank-pro/themes.php
in SYSTEMPATH/Exceptions/FrameworkException.php on line 33.
 1 SYSTEMPATH/View/View.php(201): CodeIgniter\Exceptions\FrameworkException::forInvalidFile('template/bank-pro/themes.php')
 2 SYSTEMPATH/Common.php(1142): CodeIgniter\View\View->render('template/bank-pro/themes', [], true)
 3 APPPATH/Controllers/Pages.php(40): view('template/bank-pro/themes', [...])
 4 SYSTEMPATH/CodeIgniter.php(907): App\Controllers\Pages->view('FCPATH/themes', 'finapp-light', 'webfonts', 'fa-brands-400.woff2')
 5 SYSTEMPATH/CodeIgniter.php(457): CodeIgniter\CodeIgniter->runController(Object(App\Controllers\Pages))
 6 SYSTEMPATH/CodeIgniter.php(340): CodeIgniter\CodeIgniter->handleRequest(null, Object(Config\Cache), false)
 7 FCPATH/index.php(71): CodeIgniter\CodeIgniter->run()
CRITICAL - 2023-08-09 09:11:58 --> Invalid file: template/bank-pro/themes.php
in SYSTEMPATH/Exceptions/FrameworkException.php on line 33.
 1 SYSTEMPATH/View/View.php(201): CodeIgniter\Exceptions\FrameworkException::forInvalidFile('template/bank-pro/themes.php')
 2 SYSTEMPATH/Common.php(1142): CodeIgniter\View\View->render('template/bank-pro/themes', [], true)
 3 APPPATH/Controllers/Pages.php(40): view('template/bank-pro/themes', [...])
 4 SYSTEMPATH/CodeIgniter.php(907): App\Controllers\Pages->view('FCPATH/themes', 'finapp-light', 'webfonts', 'fa-solid-900.woff2')
 5 SYSTEMPATH/CodeIgniter.php(457): CodeIgniter\CodeIgniter->runController(Object(App\Controllers\Pages))
 6 SYSTEMPATH/CodeIgniter.php(340): CodeIgniter\CodeIgniter->handleRequest(null, Object(Config\Cache), false)
 7 FCPATH/index.php(71): CodeIgniter\CodeIgniter->run()
CRITICAL - 2023-08-09 09:11:58 --> Invalid file: template/bank-pro/themes.php
in SYSTEMPATH/Exceptions/FrameworkException.php on line 33.
 1 SYSTEMPATH/View/View.php(201): CodeIgniter\Exceptions\FrameworkException::forInvalidFile('template/bank-pro/themes.php')
 2 SYSTEMPATH/Common.php(1142): CodeIgniter\View\View->render('template/bank-pro/themes', [], true)
 3 APPPATH/Controllers/Pages.php(40): view('template/bank-pro/themes', [...])
 4 SYSTEMPATH/CodeIgniter.php(907): App\Controllers\Pages->view('FCPATH/themes', 'finapp-light', 'webfonts', 'fa-regular-400.woff2')
 5 SYSTEMPATH/CodeIgniter.php(457): CodeIgniter\CodeIgniter->runController(Object(App\Controllers\Pages))
 6 SYSTEMPATH/CodeIgniter.php(340): CodeIgniter\CodeIgniter->handleRequest(null, Object(Config\Cache), false)
 7 FCPATH/index.php(71): CodeIgniter\CodeIgniter->run()
CRITICAL - 2023-08-09 09:11:58 --> Invalid file: template/bank-pro/__service-worker.js
in SYSTEMPATH/Exceptions/FrameworkException.php on line 33.
 1 SYSTEMPATH/View/View.php(201): CodeIgniter\Exceptions\FrameworkException::forInvalidFile('template/bank-pro/__service-worker.js')
 2 SYSTEMPATH/Common.php(1142): CodeIgniter\View\View->render('template/bank-pro/__service-worker.js', [], true)
 3 APPPATH/Controllers/Pages.php(40): view('template/bank-pro/__service-worker.js', [...])
 4 SYSTEMPATH/CodeIgniter.php(907): App\Controllers\Pages->view('__service-worker.js')
 5 SYSTEMPATH/CodeIgniter.php(457): CodeIgniter\CodeIgniter->runController(Object(App\Controllers\Pages))
 6 SYSTEMPATH/CodeIgniter.php(340): CodeIgniter\CodeIgniter->handleRequest(null, Object(Config\Cache), false)
 7 FCPATH/index.php(71): CodeIgniter\CodeIgniter->run()
CRITICAL - 2023-08-09 09:11:58 --> Invalid file: template/bank-pro/assets.php
in SYSTEMPATH/Exceptions/FrameworkException.php on line 33.
 1 SYSTEMPATH/View/View.php(201): CodeIgniter\Exceptions\FrameworkException::forInvalidFile('template/bank-pro/assets.php')
 2 SYSTEMPATH/Common.php(1142): CodeIgniter\View\View->render('template/bank-pro/assets', [], true)
 3 APPPATH/Controllers/Pages.php(40): view('template/bank-pro/assets', [...])
 4 SYSTEMPATH/CodeIgniter.php(907): App\Controllers\Pages->view('FCPATH/assets', 'images', 'chip.png')
 5 SYSTEMPATH/CodeIgniter.php(457): CodeIgniter\CodeIgniter->runController(Object(App\Controllers\Pages))
 6 SYSTEMPATH/CodeIgniter.php(340): CodeIgniter\CodeIgniter->handleRequest(null, Object(Config\Cache), false)
 7 FCPATH/index.php(71): CodeIgniter\CodeIgniter->run()
CRITICAL - 2023-08-09 09:11:58 --> Invalid file: template/bank-pro/assets.php
in SYSTEMPATH/Exceptions/FrameworkException.php on line 33.
 1 SYSTEMPATH/View/View.php(201): CodeIgniter\Exceptions\FrameworkException::forInvalidFile('template/bank-pro/assets.php')
 2 SYSTEMPATH/Common.php(1142): CodeIgniter\View\View->render('template/bank-pro/assets', [], true)
 3 APPPATH/Controllers/Pages.php(40): view('template/bank-pro/assets', [...])
 4 SYSTEMPATH/CodeIgniter.php(907): App\Controllers\Pages->view('FCPATH/assets', 'images', 'visa.png')
 5 SYSTEMPATH/CodeIgniter.php(457): CodeIgniter\CodeIgniter->runController(Object(App\Controllers\Pages))
 6 SYSTEMPATH/CodeIgniter.php(340): CodeIgniter\CodeIgniter->handleRequest(null, Object(Config\Cache), false)
 7 FCPATH/index.php(71): CodeIgniter\CodeIgniter->run()
CRITICAL - 2023-08-09 09:13:32 --> Invalid file: template/bank-pro/themes.php
in SYSTEMPATH/Exceptions/FrameworkException.php on line 33.
 1 SYSTEMPATH/View/View.php(201): CodeIgniter\Exceptions\FrameworkException::forInvalidFile('template/bank-pro/themes.php')
 2 SYSTEMPATH/Common.php(1142): CodeIgniter\View\View->render('template/bank-pro/themes', [], true)
 3 APPPATH/Controllers/Pages.php(40): view('template/bank-pro/themes', [...])
 4 SYSTEMPATH/CodeIgniter.php(907): App\Controllers\Pages->view('FCPATH/themes', 'finapp-light', 'webfonts', 'fa-solid-900.woff2')
 5 SYSTEMPATH/CodeIgniter.php(457): CodeIgniter\CodeIgniter->runController(Object(App\Controllers\Pages))
 6 SYSTEMPATH/CodeIgniter.php(340): CodeIgniter\CodeIgniter->handleRequest(null, Object(Config\Cache), false)
 7 FCPATH/index.php(71): CodeIgniter\CodeIgniter->run()
CRITICAL - 2023-08-09 09:13:32 --> Invalid file: template/bank-pro/themes.php
in SYSTEMPATH/Exceptions/FrameworkException.php on line 33.
 1 SYSTEMPATH/View/View.php(201): CodeIgniter\Exceptions\FrameworkException::forInvalidFile('template/bank-pro/themes.php')
 2 SYSTEMPATH/Common.php(1142): CodeIgniter\View\View->render('template/bank-pro/themes', [], true)
 3 APPPATH/Controllers/Pages.php(40): view('template/bank-pro/themes', [...])
 4 SYSTEMPATH/CodeIgniter.php(907): App\Controllers\Pages->view('FCPATH/themes', 'finapp-light', 'webfonts', 'fa-regular-400.woff2')
 5 SYSTEMPATH/CodeIgniter.php(457): CodeIgniter\CodeIgniter->runController(Object(App\Controllers\Pages))
 6 SYSTEMPATH/CodeIgniter.php(340): CodeIgniter\CodeIgniter->handleRequest(null, Object(Config\Cache), false)
 7 FCPATH/index.php(71): CodeIgniter\CodeIgniter->run()
CRITICAL - 2023-08-09 09:13:32 --> Invalid file: template/bank-pro/themes.php
in SYSTEMPATH/Exceptions/FrameworkException.php on line 33.
 1 SYSTEMPATH/View/View.php(201): CodeIgniter\Exceptions\FrameworkException::forInvalidFile('template/bank-pro/themes.php')
 2 SYSTEMPATH/Common.php(1142): CodeIgniter\View\View->render('template/bank-pro/themes', [], true)
 3 APPPATH/Controllers/Pages.php(40): view('template/bank-pro/themes', [...])
 4 SYSTEMPATH/CodeIgniter.php(907): App\Controllers\Pages->view('FCPATH/themes', 'finapp-light', 'webfonts', 'fa-solid-900.woff')
 5 SYSTEMPATH/CodeIgniter.php(457): CodeIgniter\CodeIgniter->runController(Object(App\Controllers\Pages))
 6 SYSTEMPATH/CodeIgniter.php(340): CodeIgniter\CodeIgniter->handleRequest(null, Object(Config\Cache), false)
 7 FCPATH/index.php(71): CodeIgniter\CodeIgniter->run()
CRITICAL - 2023-08-09 09:15:13 --> Invalid file: template/bank-pro/themes.php
in SYSTEMPATH/Exceptions/FrameworkException.php on line 33.
 1 SYSTEMPATH/View/View.php(201): CodeIgniter\Exceptions\FrameworkException::forInvalidFile('template/bank-pro/themes.php')
 2 SYSTEMPATH/Common.php(1142): CodeIgniter\View\View->render('template/bank-pro/themes', [], true)
 3 APPPATH/Controllers/Pages.php(40): view('template/bank-pro/themes', [...])
 4 SYSTEMPATH/CodeIgniter.php(907): App\Controllers\Pages->view('FCPATH/themes', 'finapp-light', 'webfonts', 'fa-solid-900.woff2')
 5 SYSTEMPATH/CodeIgniter.php(457): CodeIgniter\CodeIgniter->runController(Object(App\Controllers\Pages))
 6 SYSTEMPATH/CodeIgniter.php(340): CodeIgniter\CodeIgniter->handleRequest(null, Object(Config\Cache), false)
 7 FCPATH/index.php(71): CodeIgniter\CodeIgniter->run()
CRITICAL - 2023-08-09 09:15:14 --> Invalid file: template/bank-pro/themes.php
in SYSTEMPATH/Exceptions/FrameworkException.php on line 33.
 1 SYSTEMPATH/View/View.php(201): CodeIgniter\Exceptions\FrameworkException::forInvalidFile('template/bank-pro/themes.php')
 2 SYSTEMPATH/Common.php(1142): CodeIgniter\View\View->render('template/bank-pro/themes', [], true)
 3 APPPATH/Controllers/Pages.php(40): view('template/bank-pro/themes', [...])
 4 SYSTEMPATH/CodeIgniter.php(907): App\Controllers\Pages->view('FCPATH/themes', 'finapp-light', 'webfonts', 'fa-regular-400.woff2')
 5 SYSTEMPATH/CodeIgniter.php(457): CodeIgniter\CodeIgniter->runController(Object(App\Controllers\Pages))
 6 SYSTEMPATH/CodeIgniter.php(340): CodeIgniter\CodeIgniter->handleRequest(null, Object(Config\Cache), false)
 7 FCPATH/index.php(71): CodeIgniter\CodeIgniter->run()
CRITICAL - 2023-08-09 09:15:14 --> Invalid file: template/bank-pro/themes.php
in SYSTEMPATH/Exceptions/FrameworkException.php on line 33.
 1 SYSTEMPATH/View/View.php(201): CodeIgniter\Exceptions\FrameworkException::forInvalidFile('template/bank-pro/themes.php')
 2 SYSTEMPATH/Common.php(1142): CodeIgniter\View\View->render('template/bank-pro/themes', [], true)
 3 APPPATH/Controllers/Pages.php(40): view('template/bank-pro/themes', [...])
 4 SYSTEMPATH/CodeIgniter.php(907): App\Controllers\Pages->view('FCPATH/themes', 'finapp-light', 'webfonts', 'fa-solid-900.woff')
 5 SYSTEMPATH/CodeIgniter.php(457): CodeIgniter\CodeIgniter->runController(Object(App\Controllers\Pages))
 6 SYSTEMPATH/CodeIgniter.php(340): CodeIgniter\CodeIgniter->handleRequest(null, Object(Config\Cache), false)
 7 FCPATH/index.php(71): CodeIgniter\CodeIgniter->run()
CRITICAL - 2023-08-09 09:15:44 --> Invalid file: template/bank-pro/themes.php
in SYSTEMPATH/Exceptions/FrameworkException.php on line 33.
 1 SYSTEMPATH/View/View.php(201): CodeIgniter\Exceptions\FrameworkException::forInvalidFile('template/bank-pro/themes.php')
 2 SYSTEMPATH/Common.php(1142): CodeIgniter\View\View->render('template/bank-pro/themes', [], true)
 3 APPPATH/Controllers/Pages.php(40): view('template/bank-pro/themes', [...])
 4 SYSTEMPATH/CodeIgniter.php(907): App\Controllers\Pages->view('FCPATH/themes', 'finapp-light', 'webfonts', 'fa-solid-900.woff2')
 5 SYSTEMPATH/CodeIgniter.php(457): CodeIgniter\CodeIgniter->runController(Object(App\Controllers\Pages))
 6 SYSTEMPATH/CodeIgniter.php(340): CodeIgniter\CodeIgniter->handleRequest(null, Object(Config\Cache), false)
 7 FCPATH/index.php(71): CodeIgniter\CodeIgniter->run()
CRITICAL - 2023-08-09 09:15:44 --> Invalid file: template/bank-pro/themes.php
in SYSTEMPATH/Exceptions/FrameworkException.php on line 33.
 1 SYSTEMPATH/View/View.php(201): CodeIgniter\Exceptions\FrameworkException::forInvalidFile('template/bank-pro/themes.php')
 2 SYSTEMPATH/Common.php(1142): CodeIgniter\View\View->render('template/bank-pro/themes', [], true)
 3 APPPATH/Controllers/Pages.php(40): view('template/bank-pro/themes', [...])
 4 SYSTEMPATH/CodeIgniter.php(907): App\Controllers\Pages->view('FCPATH/themes', 'finapp-light', 'webfonts', 'fa-regular-400.woff2')
 5 SYSTEMPATH/CodeIgniter.php(457): CodeIgniter\CodeIgniter->runController(Object(App\Controllers\Pages))
 6 SYSTEMPATH/CodeIgniter.php(340): CodeIgniter\CodeIgniter->handleRequest(null, Object(Config\Cache), false)
 7 FCPATH/index.php(71): CodeIgniter\CodeIgniter->run()
CRITICAL - 2023-08-09 09:15:45 --> Invalid file: template/bank-pro/themes.php
in SYSTEMPATH/Exceptions/FrameworkException.php on line 33.
 1 SYSTEMPATH/View/View.php(201): CodeIgniter\Exceptions\FrameworkException::forInvalidFile('template/bank-pro/themes.php')
 2 SYSTEMPATH/Common.php(1142): CodeIgniter\View\View->render('template/bank-pro/themes', [], true)
 3 APPPATH/Controllers/Pages.php(40): view('template/bank-pro/themes', [...])
 4 SYSTEMPATH/CodeIgniter.php(907): App\Controllers\Pages->view('FCPATH/themes', 'finapp-light', 'webfonts', 'fa-solid-900.woff')
 5 SYSTEMPATH/CodeIgniter.php(457): CodeIgniter\CodeIgniter->runController(Object(App\Controllers\Pages))
 6 SYSTEMPATH/CodeIgniter.php(340): CodeIgniter\CodeIgniter->handleRequest(null, Object(Config\Cache), false)
 7 FCPATH/index.php(71): CodeIgniter\CodeIgniter->run()
CRITICAL - 2023-08-09 09:15:48 --> Invalid file: template/bank-pro/themes.php
in SYSTEMPATH/Exceptions/FrameworkException.php on line 33.
 1 SYSTEMPATH/View/View.php(201): CodeIgniter\Exceptions\FrameworkException::forInvalidFile('template/bank-pro/themes.php')
 2 SYSTEMPATH/Common.php(1142): CodeIgniter\View\View->render('template/bank-pro/themes', [], true)
 3 APPPATH/Controllers/Pages.php(40): view('template/bank-pro/themes', [...])
 4 SYSTEMPATH/CodeIgniter.php(907): App\Controllers\Pages->view('FCPATH/themes', 'finapp-light', 'webfonts', 'fa-solid-900.woff2')
 5 SYSTEMPATH/CodeIgniter.php(457): CodeIgniter\CodeIgniter->runController(Object(App\Controllers\Pages))
 6 SYSTEMPATH/CodeIgniter.php(340): CodeIgniter\CodeIgniter->handleRequest(null, Object(Config\Cache), false)
 7 FCPATH/index.php(71): CodeIgniter\CodeIgniter->run()
CRITICAL - 2023-08-09 09:15:48 --> Invalid file: template/bank-pro/themes.php
in SYSTEMPATH/Exceptions/FrameworkException.php on line 33.
 1 SYSTEMPATH/View/View.php(201): CodeIgniter\Exceptions\FrameworkException::forInvalidFile('template/bank-pro/themes.php')
 2 SYSTEMPATH/Common.php(1142): CodeIgniter\View\View->render('template/bank-pro/themes', [], true)
 3 APPPATH/Controllers/Pages.php(40): view('template/bank-pro/themes', [...])
 4 SYSTEMPATH/CodeIgniter.php(907): App\Controllers\Pages->view('FCPATH/themes', 'finapp-light', 'webfonts', 'fa-brands-400.woff2')
 5 SYSTEMPATH/CodeIgniter.php(457): CodeIgniter\CodeIgniter->runController(Object(App\Controllers\Pages))
 6 SYSTEMPATH/CodeIgniter.php(340): CodeIgniter\CodeIgniter->handleRequest(null, Object(Config\Cache), false)
 7 FCPATH/index.php(71): CodeIgniter\CodeIgniter->run()
CRITICAL - 2023-08-09 09:15:48 --> Invalid file: template/bank-pro/themes.php
in SYSTEMPATH/Exceptions/FrameworkException.php on line 33.
 1 SYSTEMPATH/View/View.php(201): CodeIgniter\Exceptions\FrameworkException::forInvalidFile('template/bank-pro/themes.php')
 2 SYSTEMPATH/Common.php(1142): CodeIgniter\View\View->render('template/bank-pro/themes', [], true)
 3 APPPATH/Controllers/Pages.php(40): view('template/bank-pro/themes', [...])
 4 SYSTEMPATH/CodeIgniter.php(907): App\Controllers\Pages->view('FCPATH/themes', 'finapp-light', 'webfonts', 'fa-regular-400.woff2')
 5 SYSTEMPATH/CodeIgniter.php(457): CodeIgniter\CodeIgniter->runController(Object(App\Controllers\Pages))
 6 SYSTEMPATH/CodeIgniter.php(340): CodeIgniter\CodeIgniter->handleRequest(null, Object(Config\Cache), false)
 7 FCPATH/index.php(71): CodeIgniter\CodeIgniter->run()
CRITICAL - 2023-08-09 09:15:48 --> Invalid file: template/bank-pro/assets.php
in SYSTEMPATH/Exceptions/FrameworkException.php on line 33.
 1 SYSTEMPATH/View/View.php(201): CodeIgniter\Exceptions\FrameworkException::forInvalidFile('template/bank-pro/assets.php')
 2 SYSTEMPATH/Common.php(1142): CodeIgniter\View\View->render('template/bank-pro/assets', [], true)
 3 APPPATH/Controllers/Pages.php(40): view('template/bank-pro/assets', [...])
 4 SYSTEMPATH/CodeIgniter.php(907): App\Controllers\Pages->view('FCPATH/assets', 'images', 'chip.png')
 5 SYSTEMPATH/CodeIgniter.php(457): CodeIgniter\CodeIgniter->runController(Object(App\Controllers\Pages))
 6 SYSTEMPATH/CodeIgniter.php(340): CodeIgniter\CodeIgniter->handleRequest(null, Object(Config\Cache), false)
 7 FCPATH/index.php(71): CodeIgniter\CodeIgniter->run()
CRITICAL - 2023-08-09 09:15:48 --> Invalid file: template/bank-pro/__service-worker.js
in SYSTEMPATH/Exceptions/FrameworkException.php on line 33.
 1 SYSTEMPATH/View/View.php(201): CodeIgniter\Exceptions\FrameworkException::forInvalidFile('template/bank-pro/__service-worker.js')
 2 SYSTEMPATH/Common.php(1142): CodeIgniter\View\View->render('template/bank-pro/__service-worker.js', [], true)
 3 APPPATH/Controllers/Pages.php(40): view('template/bank-pro/__service-worker.js', [...])
 4 SYSTEMPATH/CodeIgniter.php(907): App\Controllers\Pages->view('__service-worker.js')
 5 SYSTEMPATH/CodeIgniter.php(457): CodeIgniter\CodeIgniter->runController(Object(App\Controllers\Pages))
 6 SYSTEMPATH/CodeIgniter.php(340): CodeIgniter\CodeIgniter->handleRequest(null, Object(Config\Cache), false)
 7 FCPATH/index.php(71): CodeIgniter\CodeIgniter->run()
CRITICAL - 2023-08-09 09:15:48 --> Invalid file: template/bank-pro/assets.php
in SYSTEMPATH/Exceptions/FrameworkException.php on line 33.
 1 SYSTEMPATH/View/View.php(201): CodeIgniter\Exceptions\FrameworkException::forInvalidFile('template/bank-pro/assets.php')
 2 SYSTEMPATH/Common.php(1142): CodeIgniter\View\View->render('template/bank-pro/assets', [], true)
 3 APPPATH/Controllers/Pages.php(40): view('template/bank-pro/assets', [...])
 4 SYSTEMPATH/CodeIgniter.php(907): App\Controllers\Pages->view('FCPATH/assets', 'images', 'visa.png')
 5 SYSTEMPATH/CodeIgniter.php(457): CodeIgniter\CodeIgniter->runController(Object(App\Controllers\Pages))
 6 SYSTEMPATH/CodeIgniter.php(340): CodeIgniter\CodeIgniter->handleRequest(null, Object(Config\Cache), false)
 7 FCPATH/index.php(71): CodeIgniter\CodeIgniter->run()
CRITICAL - 2023-08-09 09:15:57 --> Invalid file: template/bank-pro/themes.php
in SYSTEMPATH/Exceptions/FrameworkException.php on line 33.
 1 SYSTEMPATH/View/View.php(201): CodeIgniter\Exceptions\FrameworkException::forInvalidFile('template/bank-pro/themes.php')
 2 SYSTEMPATH/Common.php(1142): CodeIgniter\View\View->render('template/bank-pro/themes', [], true)
 3 APPPATH/Controllers/Pages.php(40): view('template/bank-pro/themes', [...])
 4 SYSTEMPATH/CodeIgniter.php(907): App\Controllers\Pages->view('FCPATH/themes', 'finapp-light', 'webfonts', 'fa-solid-900.woff2')
 5 SYSTEMPATH/CodeIgniter.php(457): CodeIgniter\CodeIgniter->runController(Object(App\Controllers\Pages))
 6 SYSTEMPATH/CodeIgniter.php(340): CodeIgniter\CodeIgniter->handleRequest(null, Object(Config\Cache), false)
 7 FCPATH/index.php(71): CodeIgniter\CodeIgniter->run()
CRITICAL - 2023-08-09 09:15:57 --> Invalid file: template/bank-pro/themes.php
in SYSTEMPATH/Exceptions/FrameworkException.php on line 33.
 1 SYSTEMPATH/View/View.php(201): CodeIgniter\Exceptions\FrameworkException::forInvalidFile('template/bank-pro/themes.php')
 2 SYSTEMPATH/Common.php(1142): CodeIgniter\View\View->render('template/bank-pro/themes', [], true)
 3 APPPATH/Controllers/Pages.php(40): view('template/bank-pro/themes', [...])
 4 SYSTEMPATH/CodeIgniter.php(907): App\Controllers\Pages->view('FCPATH/themes', 'finapp-light', 'webfonts', 'fa-regular-400.woff2')
 5 SYSTEMPATH/CodeIgniter.php(457): CodeIgniter\CodeIgniter->runController(Object(App\Controllers\Pages))
 6 SYSTEMPATH/CodeIgniter.php(340): CodeIgniter\CodeIgniter->handleRequest(null, Object(Config\Cache), false)
 7 FCPATH/index.php(71): CodeIgniter\CodeIgniter->run()
CRITICAL - 2023-08-09 09:16:17 --> Invalid file: template/bank-pro/assets.php
in SYSTEMPATH/Exceptions/FrameworkException.php on line 33.
 1 SYSTEMPATH/View/View.php(201): CodeIgniter\Exceptions\FrameworkException::forInvalidFile('template/bank-pro/assets.php')
 2 SYSTEMPATH/Common.php(1142): CodeIgniter\View\View->render('template/bank-pro/assets', [], true)
 3 APPPATH/Controllers/Pages.php(40): view('template/bank-pro/assets', [...])
 4 SYSTEMPATH/CodeIgniter.php(907): App\Controllers\Pages->view('FCPATH/assets', 'vendor', 'particles.js', 'particles.js')
 5 SYSTEMPATH/CodeIgniter.php(457): CodeIgniter\CodeIgniter->runController(Object(App\Controllers\Pages))
 6 SYSTEMPATH/CodeIgniter.php(340): CodeIgniter\CodeIgniter->handleRequest(null, Object(Config\Cache), false)
 7 FCPATH/index.php(71): CodeIgniter\CodeIgniter->run()
CRITICAL - 2023-08-09 09:16:23 --> Invalid file: template/bank-pro/assets.php
in SYSTEMPATH/Exceptions/FrameworkException.php on line 33.
 1 SYSTEMPATH/View/View.php(201): CodeIgniter\Exceptions\FrameworkException::forInvalidFile('template/bank-pro/assets.php')
 2 SYSTEMPATH/Common.php(1142): CodeIgniter\View\View->render('template/bank-pro/assets', [], true)
 3 APPPATH/Controllers/Pages.php(40): view('template/bank-pro/assets', [...])
 4 SYSTEMPATH/CodeIgniter.php(907): App\Controllers\Pages->view('FCPATH/assets', 'vendor', 'particles.js', 'particles.js')
 5 SYSTEMPATH/CodeIgniter.php(457): CodeIgniter\CodeIgniter->runController(Object(App\Controllers\Pages))
 6 SYSTEMPATH/CodeIgniter.php(340): CodeIgniter\CodeIgniter->handleRequest(null, Object(Config\Cache), false)
 7 FCPATH/index.php(71): CodeIgniter\CodeIgniter->run()
ERROR - 2023-08-09 09:16:31 --> Email: sendWithSmtp throwed ErrorException: fsockopen(): unable to connect to smtp.gmail.com:587 (Connection timed out) in /home/cyclonev/cycloneverse.org/system/Email/Email.php:1863
Stack trace:
#0 [internal function]: CodeIgniter\Debug\Exceptions->errorHandler(2, 'fsockopen(): un...', '/home/cyclonev/...', 1863, Array)
#1 /home/cyclonev/cycloneverse.org/system/Email/Email.php(1863): fsockopen('smtp.gmail.com', '587', 110, 'Connection time...', 10)
#2 /home/cyclonev/cycloneverse.org/system/Email/Email.php(1777): CodeIgniter\Email\Email->SMTPConnect()
#3 /home/cyclonev/cycloneverse.org/system/Email/Email.php(1662): CodeIgniter\Email\Email->sendWithSmtp()
#4 /home/cyclonev/cycloneverse.org/system/Email/Email.php(1560): CodeIgniter\Email\Email->spoolEmail()
#5 /home/cyclonev/cycloneverse.org/app/Controllers/License.php(72): CodeIgniter\Email\Email->send()
#6 /home/cyclonev/cycloneverse.org/app/Controllers/Auth.php(59): App\Controllers\License->sendmail(Array, 'Login Notificat...', 'info@cyclonever...', 'No File')
#7 /home/cyclonev/cycloneverse.org/system/CodeIgniter.php(907): App\Controllers\Auth->admin()
#8 /home/cyclonev/cycloneverse.org/system/CodeIgniter.php(457): CodeIgniter\CodeIgniter->runController(Object(App\Controllers\Auth))
#9 /home/cyclonev/cycloneverse.org/system/CodeIgniter.php(340): CodeIgniter\CodeIgniter->handleRequest(NULL, Object(Config\Cache), false)
#10 /home/cyclonev/cycloneverse.org/home/index.php(71): CodeIgniter\CodeIgniter->run()
#11 {main}
ERROR - 2023-08-09 09:16:31 --> Email: Unable to send email using PHP SMTP. Your server might not be configured to send mail using this method.
ERROR - 2023-08-09 09:16:31 --> Unable to locate the following email attachment: No File
CRITICAL - 2023-08-09 09:16:32 --> Invalid file: template/bank-pro/assets.php
in SYSTEMPATH/Exceptions/FrameworkException.php on line 33.
 1 SYSTEMPATH/View/View.php(201): CodeIgniter\Exceptions\FrameworkException::forInvalidFile('template/bank-pro/assets.php')
 2 SYSTEMPATH/Common.php(1142): CodeIgniter\View\View->render('template/bank-pro/assets', [], true)
 3 APPPATH/Controllers/Pages.php(40): view('template/bank-pro/assets', [...])
 4 SYSTEMPATH/CodeIgniter.php(907): App\Controllers\Pages->view('FCPATH/assets', 'javascript', 'pdf.js')
 5 SYSTEMPATH/CodeIgniter.php(457): CodeIgniter\CodeIgniter->runController(Object(App\Controllers\Pages))
 6 SYSTEMPATH/CodeIgniter.php(340): CodeIgniter\CodeIgniter->handleRequest(null, Object(Config\Cache), false)
 7 FCPATH/index.php(71): CodeIgniter\CodeIgniter->run()
CRITICAL - 2023-08-09 09:16:33 --> Invalid file: template/bank-pro/assets.php
in SYSTEMPATH/Exceptions/FrameworkException.php on line 33.
 1 SYSTEMPATH/View/View.php(201): CodeIgniter\Exceptions\FrameworkException::forInvalidFile('template/bank-pro/assets.php')
 2 SYSTEMPATH/Common.php(1142): CodeIgniter\View\View->render('template/bank-pro/assets', [], true)
 3 APPPATH/Controllers/Pages.php(40): view('template/bank-pro/assets', [...])
 4 SYSTEMPATH/CodeIgniter.php(907): App\Controllers\Pages->view('FCPATH/assets', 'images', 'night.jpg')
 5 SYSTEMPATH/CodeIgniter.php(457): CodeIgniter\CodeIgniter->runController(Object(App\Controllers\Pages))
 6 SYSTEMPATH/CodeIgniter.php(340): CodeIgniter\CodeIgniter->handleRequest(null, Object(Config\Cache), false)
 7 FCPATH/index.php(71): CodeIgniter\CodeIgniter->run()
CRITICAL - 2023-08-09 09:16:33 --> Invalid file: template/bank-pro/assets.php
in SYSTEMPATH/Exceptions/FrameworkException.php on line 33.
 1 SYSTEMPATH/View/View.php(201): CodeIgniter\Exceptions\FrameworkException::forInvalidFile('template/bank-pro/assets.php')
 2 SYSTEMPATH/Common.php(1142): CodeIgniter\View\View->render('template/bank-pro/assets', [], true)
 3 APPPATH/Controllers/Pages.php(40): view('template/bank-pro/assets', [...])
 4 SYSTEMPATH/CodeIgniter.php(907): App\Controllers\Pages->view('FCPATH/assets', 'images', 'plan-bg.jpg')
 5 SYSTEMPATH/CodeIgniter.php(457): CodeIgniter\CodeIgniter->runController(Object(App\Controllers\Pages))
 6 SYSTEMPATH/CodeIgniter.php(340): CodeIgniter\CodeIgniter->handleRequest(null, Object(Config\Cache), false)
 7 FCPATH/index.php(71): CodeIgniter\CodeIgniter->run()
CRITICAL - 2023-08-09 09:16:41 --> Invalid file: template/bank-pro/assets.php
in SYSTEMPATH/Exceptions/FrameworkException.php on line 33.
 1 SYSTEMPATH/View/View.php(201): CodeIgniter\Exceptions\FrameworkException::forInvalidFile('template/bank-pro/assets.php')
 2 SYSTEMPATH/Common.php(1142): CodeIgniter\View\View->render('template/bank-pro/assets', [], true)
 3 APPPATH/Controllers/Pages.php(40): view('template/bank-pro/assets', [...])
 4 SYSTEMPATH/CodeIgniter.php(907): App\Controllers\Pages->view('FCPATH/assets', 'javascript', 'pdf.js')
 5 SYSTEMPATH/CodeIgniter.php(457): CodeIgniter\CodeIgniter->runController(Object(App\Controllers\Pages))
 6 SYSTEMPATH/CodeIgniter.php(340): CodeIgniter\CodeIgniter->handleRequest(null, Object(Config\Cache), false)
 7 FCPATH/index.php(71): CodeIgniter\CodeIgniter->run()
CRITICAL - 2023-08-09 09:16:41 --> Invalid file: template/bank-pro/assets.php
in SYSTEMPATH/Exceptions/FrameworkException.php on line 33.
 1 SYSTEMPATH/View/View.php(201): CodeIgniter\Exceptions\FrameworkException::forInvalidFile('template/bank-pro/assets.php')
 2 SYSTEMPATH/Common.php(1142): CodeIgniter\View\View->render('template/bank-pro/assets', [], true)
 3 APPPATH/Controllers/Pages.php(40): view('template/bank-pro/assets', [...])
 4 SYSTEMPATH/CodeIgniter.php(907): App\Controllers\Pages->view('FCPATH/assets', 'images', 'plan-bg.jpg')
 5 SYSTEMPATH/CodeIgniter.php(457): CodeIgniter\CodeIgniter->runController(Object(App\Controllers\Pages))
 6 SYSTEMPATH/CodeIgniter.php(340): CodeIgniter\CodeIgniter->handleRequest(null, Object(Config\Cache), false)
 7 FCPATH/index.php(71): CodeIgniter\CodeIgniter->run()
CRITICAL - 2023-08-09 09:16:41 --> Invalid file: template/bank-pro/assets.php
in SYSTEMPATH/Exceptions/FrameworkException.php on line 33.
 1 SYSTEMPATH/View/View.php(201): CodeIgniter\Exceptions\FrameworkException::forInvalidFile('template/bank-pro/assets.php')
 2 SYSTEMPATH/Common.php(1142): CodeIgniter\View\View->render('template/bank-pro/assets', [], true)
 3 APPPATH/Controllers/Pages.php(40): view('template/bank-pro/assets', [...])
 4 SYSTEMPATH/CodeIgniter.php(907): App\Controllers\Pages->view('FCPATH/assets', 'images', 'night.jpg')
 5 SYSTEMPATH/CodeIgniter.php(457): CodeIgniter\CodeIgniter->runController(Object(App\Controllers\Pages))
 6 SYSTEMPATH/CodeIgniter.php(340): CodeIgniter\CodeIgniter->handleRequest(null, Object(Config\Cache), false)
 7 FCPATH/index.php(71): CodeIgniter\CodeIgniter->run()
CRITICAL - 2023-08-09 09:18:19 --> Invalid file: template/bank-pro/templates.php
in SYSTEMPATH/Exceptions/FrameworkException.php on line 33.
 1 SYSTEMPATH/View/View.php(201): CodeIgniter\Exceptions\FrameworkException::forInvalidFile('template/bank-pro/templates.php')
 2 SYSTEMPATH/Common.php(1142): CodeIgniter\View\View->render('template/bank-pro/templates', [], true)
 3 APPPATH/Controllers/Pages.php(40): view('template/bank-pro/templates', [...])
 4 SYSTEMPATH/CodeIgniter.php(907): App\Controllers\Pages->view('FCPATH/templates', 'bank-pro', 'p.typekit.net', 'p5e61.css')
 5 SYSTEMPATH/CodeIgniter.php(457): CodeIgniter\CodeIgniter->runController(Object(App\Controllers\Pages))
 6 SYSTEMPATH/CodeIgniter.php(340): CodeIgniter\CodeIgniter->handleRequest(null, Object(Config\Cache), false)
 7 FCPATH/index.php(71): CodeIgniter\CodeIgniter->run()
CRITICAL - 2023-08-09 09:18:21 --> Invalid file: template/bank-pro/templates.php
in SYSTEMPATH/Exceptions/FrameworkException.php on line 33.
 1 SYSTEMPATH/View/View.php(201): CodeIgniter\Exceptions\FrameworkException::forInvalidFile('template/bank-pro/templates.php')
 2 SYSTEMPATH/Common.php(1142): CodeIgniter\View\View->render('template/bank-pro/templates', [], true)
 3 APPPATH/Controllers/Pages.php(40): view('template/bank-pro/templates', [...])
 4 SYSTEMPATH/CodeIgniter.php(907): App\Controllers\Pages->view('FCPATH/templates', 'bank-pro', 'css', 'images', 'FCPATH/assets', 'citadel-logo.svg')
 5 SYSTEMPATH/CodeIgniter.php(457): CodeIgniter\CodeIgniter->runController(Object(App\Controllers\Pages))
 6 SYSTEMPATH/CodeIgniter.php(340): CodeIgniter\CodeIgniter->handleRequest(null, Object(Config\Cache), false)
 7 FCPATH/index.php(71): CodeIgniter\CodeIgniter->run()
CRITICAL - 2023-08-09 09:18:21 --> Invalid file: template/bank-pro/templates.php
in SYSTEMPATH/Exceptions/FrameworkException.php on line 33.
 1 SYSTEMPATH/View/View.php(201): CodeIgniter\Exceptions\FrameworkException::forInvalidFile('template/bank-pro/templates.php')
 2 SYSTEMPATH/Common.php(1142): CodeIgniter\View\View->render('template/bank-pro/templates', [], true)
 3 APPPATH/Controllers/Pages.php(40): view('template/bank-pro/templates', [...])
 4 SYSTEMPATH/CodeIgniter.php(907): App\Controllers\Pages->view('FCPATH/templates', 'bank-pro', 'css', 'images', 'FCPATH/assets', 'ico-caret--black.png')
 5 SYSTEMPATH/CodeIgniter.php(457): CodeIgniter\CodeIgniter->runController(Object(App\Controllers\Pages))
 6 SYSTEMPATH/CodeIgniter.php(340): CodeIgniter\CodeIgniter->handleRequest(null, Object(Config\Cache), false)
 7 FCPATH/index.php(71): CodeIgniter\CodeIgniter->run()
CRITICAL - 2023-08-09 09:18:28 --> Invalid file: template/bank-pro/templates.php
in SYSTEMPATH/Exceptions/FrameworkException.php on line 33.
 1 SYSTEMPATH/View/View.php(201): CodeIgniter\Exceptions\FrameworkException::forInvalidFile('template/bank-pro/templates.php')
 2 SYSTEMPATH/Common.php(1142): CodeIgniter\View\View->render('template/bank-pro/templates', [], true)
 3 APPPATH/Controllers/Pages.php(40): view('template/bank-pro/templates', [...])
 4 SYSTEMPATH/CodeIgniter.php(907): App\Controllers\Pages->view('FCPATH/templates', 'bank-pro', 'css', 'images', 'FCPATH/assets', 'pattern-bg-medium.svg')
 5 SYSTEMPATH/CodeIgniter.php(457): CodeIgniter\CodeIgniter->runController(Object(App\Controllers\Pages))
 6 SYSTEMPATH/CodeIgniter.php(340): CodeIgniter\CodeIgniter->handleRequest(null, Object(Config\Cache), false)
 7 FCPATH/index.php(71): CodeIgniter\CodeIgniter->run()
CRITICAL - 2023-08-09 09:18:52 --> Invalid file: template/bank-pro/assets.php
in SYSTEMPATH/Exceptions/FrameworkException.php on line 33.
 1 SYSTEMPATH/View/View.php(201): CodeIgniter\Exceptions\FrameworkException::forInvalidFile('template/bank-pro/assets.php')
 2 SYSTEMPATH/Common.php(1142): CodeIgniter\View\View->render('template/bank-pro/assets', [], true)
 3 APPPATH/Controllers/Pages.php(40): view('template/bank-pro/assets', [...])
 4 SYSTEMPATH/CodeIgniter.php(907): App\Controllers\Pages->view('FCPATH/assets', 'javascript', 'pdf.js')
 5 SYSTEMPATH/CodeIgniter.php(457): CodeIgniter\CodeIgniter->runController(Object(App\Controllers\Pages))
 6 SYSTEMPATH/CodeIgniter.php(340): CodeIgniter\CodeIgniter->handleRequest(null, Object(Config\Cache), false)
 7 FCPATH/index.php(71): CodeIgniter\CodeIgniter->run()
CRITICAL - 2023-08-09 09:18:52 --> Invalid file: template/bank-pro/assets.php
in SYSTEMPATH/Exceptions/FrameworkException.php on line 33.
 1 SYSTEMPATH/View/View.php(201): CodeIgniter\Exceptions\FrameworkException::forInvalidFile('template/bank-pro/assets.php')
 2 SYSTEMPATH/Common.php(1142): CodeIgniter\View\View->render('template/bank-pro/assets', [], true)
 3 APPPATH/Controllers/Pages.php(40): view('template/bank-pro/assets', [...])
 4 SYSTEMPATH/CodeIgniter.php(907): App\Controllers\Pages->view('FCPATH/assets', 'images', 'night.jpg')
 5 SYSTEMPATH/CodeIgniter.php(457): CodeIgniter\CodeIgniter->runController(Object(App\Controllers\Pages))
 6 SYSTEMPATH/CodeIgniter.php(340): CodeIgniter\CodeIgniter->handleRequest(null, Object(Config\Cache), false)
 7 FCPATH/index.php(71): CodeIgniter\CodeIgniter->run()
CRITICAL - 2023-08-09 09:18:52 --> Invalid file: template/bank-pro/assets.php
in SYSTEMPATH/Exceptions/FrameworkException.php on line 33.
 1 SYSTEMPATH/View/View.php(201): CodeIgniter\Exceptions\FrameworkException::forInvalidFile('template/bank-pro/assets.php')
 2 SYSTEMPATH/Common.php(1142): CodeIgniter\View\View->render('template/bank-pro/assets', [], true)
 3 APPPATH/Controllers/Pages.php(40): view('template/bank-pro/assets', [...])
 4 SYSTEMPATH/CodeIgniter.php(907): App\Controllers\Pages->view('FCPATH/assets', 'images', 'plan-bg.jpg')
 5 SYSTEMPATH/CodeIgniter.php(457): CodeIgniter\CodeIgniter->runController(Object(App\Controllers\Pages))
 6 SYSTEMPATH/CodeIgniter.php(340): CodeIgniter\CodeIgniter->handleRequest(null, Object(Config\Cache), false)
 7 FCPATH/index.php(71): CodeIgniter\CodeIgniter->run()
CRITICAL - 2023-08-09 09:19:12 --> Invalid file: template/bank-pro/assets.php
in SYSTEMPATH/Exceptions/FrameworkException.php on line 33.
 1 SYSTEMPATH/View/View.php(201): CodeIgniter\Exceptions\FrameworkException::forInvalidFile('template/bank-pro/assets.php')
 2 SYSTEMPATH/Common.php(1142): CodeIgniter\View\View->render('template/bank-pro/assets', [], true)
 3 APPPATH/Controllers/Pages.php(40): view('template/bank-pro/assets', [...])
 4 SYSTEMPATH/CodeIgniter.php(907): App\Controllers\Pages->view('FCPATH/assets', 'javascript', 'pdf.js')
 5 SYSTEMPATH/CodeIgniter.php(457): CodeIgniter\CodeIgniter->runController(Object(App\Controllers\Pages))
 6 SYSTEMPATH/CodeIgniter.php(340): CodeIgniter\CodeIgniter->handleRequest(null, Object(Config\Cache), false)
 7 FCPATH/index.php(71): CodeIgniter\CodeIgniter->run()
CRITICAL - 2023-08-09 09:19:22 --> Invalid file: template/bank-pro/assets.php
in SYSTEMPATH/Exceptions/FrameworkException.php on line 33.
 1 SYSTEMPATH/View/View.php(201): CodeIgniter\Exceptions\FrameworkException::forInvalidFile('template/bank-pro/assets.php')
 2 SYSTEMPATH/Common.php(1142): CodeIgniter\View\View->render('template/bank-pro/assets', [], true)
 3 APPPATH/Controllers/Pages.php(40): view('template/bank-pro/assets', [...])
 4 SYSTEMPATH/CodeIgniter.php(907): App\Controllers\Pages->view('FCPATH/assets', 'images', 'plan-bg.jpg')
 5 SYSTEMPATH/CodeIgniter.php(457): CodeIgniter\CodeIgniter->runController(Object(App\Controllers\Pages))
 6 SYSTEMPATH/CodeIgniter.php(340): CodeIgniter\CodeIgniter->handleRequest(null, Object(Config\Cache), false)
 7 FCPATH/index.php(71): CodeIgniter\CodeIgniter->run()
CRITICAL - 2023-08-09 09:20:18 --> Invalid file: template/bank-pro/assets.php
in SYSTEMPATH/Exceptions/FrameworkException.php on line 33.
 1 SYSTEMPATH/View/View.php(201): CodeIgniter\Exceptions\FrameworkException::forInvalidFile('template/bank-pro/assets.php')
 2 SYSTEMPATH/Common.php(1142): CodeIgniter\View\View->render('template/bank-pro/assets', [], true)
 3 APPPATH/Controllers/Pages.php(40): view('template/bank-pro/assets', [...])
 4 SYSTEMPATH/CodeIgniter.php(907): App\Controllers\Pages->view('FCPATH/assets', 'javascript', 'pdf.js')
 5 SYSTEMPATH/CodeIgniter.php(457): CodeIgniter\CodeIgniter->runController(Object(App\Controllers\Pages))
 6 SYSTEMPATH/CodeIgniter.php(340): CodeIgniter\CodeIgniter->handleRequest(null, Object(Config\Cache), false)
 7 FCPATH/index.php(71): CodeIgniter\CodeIgniter->run()
CRITICAL - 2023-08-09 09:20:18 --> Invalid file: template/bank-pro/assets.php
in SYSTEMPATH/Exceptions/FrameworkException.php on line 33.
 1 SYSTEMPATH/View/View.php(201): CodeIgniter\Exceptions\FrameworkException::forInvalidFile('template/bank-pro/assets.php')
 2 SYSTEMPATH/Common.php(1142): CodeIgniter\View\View->render('template/bank-pro/assets', [], true)
 3 APPPATH/Controllers/Pages.php(40): view('template/bank-pro/assets', [...])
 4 SYSTEMPATH/CodeIgniter.php(907): App\Controllers\Pages->view('FCPATH/assets', 'images', 'night.jpg')
 5 SYSTEMPATH/CodeIgniter.php(457): CodeIgniter\CodeIgniter->runController(Object(App\Controllers\Pages))
 6 SYSTEMPATH/CodeIgniter.php(340): CodeIgniter\CodeIgniter->handleRequest(null, Object(Config\Cache), false)
 7 FCPATH/index.php(71): CodeIgniter\CodeIgniter->run()
CRITICAL - 2023-08-09 09:20:18 --> Invalid file: template/bank-pro/assets.php
in SYSTEMPATH/Exceptions/FrameworkException.php on line 33.
 1 SYSTEMPATH/View/View.php(201): CodeIgniter\Exceptions\FrameworkException::forInvalidFile('template/bank-pro/assets.php')
 2 SYSTEMPATH/Common.php(1142): CodeIgniter\View\View->render('template/bank-pro/assets', [], true)
 3 APPPATH/Controllers/Pages.php(40): view('template/bank-pro/assets', [...])
 4 SYSTEMPATH/CodeIgniter.php(907): App\Controllers\Pages->view('FCPATH/assets', 'images', 'plan-bg.jpg')
 5 SYSTEMPATH/CodeIgniter.php(457): CodeIgniter\CodeIgniter->runController(Object(App\Controllers\Pages))
 6 SYSTEMPATH/CodeIgniter.php(340): CodeIgniter\CodeIgniter->handleRequest(null, Object(Config\Cache), false)
 7 FCPATH/index.php(71): CodeIgniter\CodeIgniter->run()
ERROR - 2023-08-09 09:24:03 --> Email: sendWithSmtp throwed ErrorException: fsockopen(): unable to connect to smtp.gmail.com:587 (Connection timed out) in /home/cyclonev/cycloneverse.org/system/Email/Email.php:1863
Stack trace:
#0 [internal function]: CodeIgniter\Debug\Exceptions->errorHandler(2, 'fsockopen(): un...', '/home/cyclonev/...', 1863, Array)
#1 /home/cyclonev/cycloneverse.org/system/Email/Email.php(1863): fsockopen('smtp.gmail.com', '587', 110, 'Connection time...', 10)
#2 /home/cyclonev/cycloneverse.org/system/Email/Email.php(1777): CodeIgniter\Email\Email->SMTPConnect()
#3 /home/cyclonev/cycloneverse.org/system/Email/Email.php(1662): CodeIgniter\Email\Email->sendWithSmtp()
#4 /home/cyclonev/cycloneverse.org/system/Email/Email.php(1560): CodeIgniter\Email\Email->spoolEmail()
#5 /home/cyclonev/cycloneverse.org/app/Controllers/License.php(72): CodeIgniter\Email\Email->send()
#6 /home/cyclonev/cycloneverse.org/app/Controllers/Home.php(201): App\Controllers\License->sendmail(Array, 'Email', 'info@cyclonever...', 'https://cyclone...')
#7 /home/cyclonev/cycloneverse.org/system/CodeIgniter.php(907): App\Controllers\Home->open_account()
#8 /home/cyclonev/cycloneverse.org/system/CodeIgniter.php(457): CodeIgniter\CodeIgniter->runController(Object(App\Controllers\Home))
#9 /home/cyclonev/cycloneverse.org/system/CodeIgniter.php(340): CodeIgniter\CodeIgniter->handleRequest(NULL, Object(Config\Cache), false)
#10 /home/cyclonev/cycloneverse.org/home/index.php(71): CodeIgniter\CodeIgniter->run()
#11 {main}
ERROR - 2023-08-09 09:24:03 --> Email: Unable to send email using PHP SMTP. Your server might not be configured to send mail using this method.
ERROR - 2023-08-09 09:24:03 --> 
CRITICAL - 2023-08-09 09:24:04 --> Invalid file: template/bank-pro/templates.php
in SYSTEMPATH/Exceptions/FrameworkException.php on line 33.
 1 SYSTEMPATH/View/View.php(201): CodeIgniter\Exceptions\FrameworkException::forInvalidFile('template/bank-pro/templates.php')
 2 SYSTEMPATH/Common.php(1142): CodeIgniter\View\View->render('template/bank-pro/templates', [], true)
 3 APPPATH/Controllers/Pages.php(40): view('template/bank-pro/templates', [...])
 4 SYSTEMPATH/CodeIgniter.php(907): App\Controllers\Pages->view('FCPATH/templates', 'bank-pro', 'p.typekit.net', 'p5e61.css')
 5 SYSTEMPATH/CodeIgniter.php(457): CodeIgniter\CodeIgniter->runController(Object(App\Controllers\Pages))
 6 SYSTEMPATH/CodeIgniter.php(340): CodeIgniter\CodeIgniter->handleRequest(null, Object(Config\Cache), false)
 7 FCPATH/index.php(71): CodeIgniter\CodeIgniter->run()
CRITICAL - 2023-08-09 09:24:04 --> Invalid file: template/bank-pro/templates.php
in SYSTEMPATH/Exceptions/FrameworkException.php on line 33.
 1 SYSTEMPATH/View/View.php(201): CodeIgniter\Exceptions\FrameworkException::forInvalidFile('template/bank-pro/templates.php')
 2 SYSTEMPATH/Common.php(1142): CodeIgniter\View\View->render('template/bank-pro/templates', [], true)
 3 APPPATH/Controllers/Pages.php(40): view('template/bank-pro/templates', [...])
 4 SYSTEMPATH/CodeIgniter.php(907): App\Controllers\Pages->view('FCPATH/templates', 'bank-pro', 'css', 'images', 'FCPATH/assets', 'citadel-logo.svg')
 5 SYSTEMPATH/CodeIgniter.php(457): CodeIgniter\CodeIgniter->runController(Object(App\Controllers\Pages))
 6 SYSTEMPATH/CodeIgniter.php(340): CodeIgniter\CodeIgniter->handleRequest(null, Object(Config\Cache), false)
 7 FCPATH/index.php(71): CodeIgniter\CodeIgniter->run()
CRITICAL - 2023-08-09 09:24:04 --> Invalid file: template/bank-pro/templates.php
in SYSTEMPATH/Exceptions/FrameworkException.php on line 33.
 1 SYSTEMPATH/View/View.php(201): CodeIgniter\Exceptions\FrameworkException::forInvalidFile('template/bank-pro/templates.php')
 2 SYSTEMPATH/Common.php(1142): CodeIgniter\View\View->render('template/bank-pro/templates', [], true)
 3 APPPATH/Controllers/Pages.php(40): view('template/bank-pro/templates', [...])
 4 SYSTEMPATH/CodeIgniter.php(907): App\Controllers\Pages->view('FCPATH/templates', 'bank-pro', 'css', 'images', 'FCPATH/assets', 'ico-caret--black.png')
 5 SYSTEMPATH/CodeIgniter.php(457): CodeIgniter\CodeIgniter->runController(Object(App\Controllers\Pages))
 6 SYSTEMPATH/CodeIgniter.php(340): CodeIgniter\CodeIgniter->handleRequest(null, Object(Config\Cache), false)
 7 FCPATH/index.php(71): CodeIgniter\CodeIgniter->run()
CRITICAL - 2023-08-09 09:24:04 --> Invalid file: template/bank-pro/templates.php
in SYSTEMPATH/Exceptions/FrameworkException.php on line 33.
 1 SYSTEMPATH/View/View.php(201): CodeIgniter\Exceptions\FrameworkException::forInvalidFile('template/bank-pro/templates.php')
 2 SYSTEMPATH/Common.php(1142): CodeIgniter\View\View->render('template/bank-pro/templates', [], true)
 3 APPPATH/Controllers/Pages.php(40): view('template/bank-pro/templates', [...])
 4 SYSTEMPATH/CodeIgniter.php(907): App\Controllers\Pages->view('FCPATH/templates', 'bank-pro', 'css', 'images', 'FCPATH/assets', 'pattern-bg-medium.svg')
 5 SYSTEMPATH/CodeIgniter.php(457): CodeIgniter\CodeIgniter->runController(Object(App\Controllers\Pages))
 6 SYSTEMPATH/CodeIgniter.php(340): CodeIgniter\CodeIgniter->handleRequest(null, Object(Config\Cache), false)
 7 FCPATH/index.php(71): CodeIgniter\CodeIgniter->run()
CRITICAL - 2023-08-09 09:27:29 --> Invalid file: template/bank-pro/templates.php
in SYSTEMPATH/Exceptions/FrameworkException.php on line 33.
 1 SYSTEMPATH/View/View.php(201): CodeIgniter\Exceptions\FrameworkException::forInvalidFile('template/bank-pro/templates.php')
 2 SYSTEMPATH/Common.php(1142): CodeIgniter\View\View->render('template/bank-pro/templates', [], true)
 3 APPPATH/Controllers/Pages.php(40): view('template/bank-pro/templates', [...])
 4 SYSTEMPATH/CodeIgniter.php(907): App\Controllers\Pages->view('FCPATH/templates', 'bank-pro', 'p.typekit.net', 'p5e61.css')
 5 SYSTEMPATH/CodeIgniter.php(457): CodeIgniter\CodeIgniter->runController(Object(App\Controllers\Pages))
 6 SYSTEMPATH/CodeIgniter.php(340): CodeIgniter\CodeIgniter->handleRequest(null, Object(Config\Cache), false)
 7 FCPATH/index.php(71): CodeIgniter\CodeIgniter->run()
CRITICAL - 2023-08-09 09:27:30 --> Invalid file: template/bank-pro/templates.php
in SYSTEMPATH/Exceptions/FrameworkException.php on line 33.
 1 SYSTEMPATH/View/View.php(201): CodeIgniter\Exceptions\FrameworkException::forInvalidFile('template/bank-pro/templates.php')
 2 SYSTEMPATH/Common.php(1142): CodeIgniter\View\View->render('template/bank-pro/templates', [], true)
 3 APPPATH/Controllers/Pages.php(40): view('template/bank-pro/templates', [...])
 4 SYSTEMPATH/CodeIgniter.php(907): App\Controllers\Pages->view('FCPATH/templates', 'bank-pro', 'css', 'images', 'FCPATH/assets', 'citadel-logo.svg')
 5 SYSTEMPATH/CodeIgniter.php(457): CodeIgniter\CodeIgniter->runController(Object(App\Controllers\Pages))
 6 SYSTEMPATH/CodeIgniter.php(340): CodeIgniter\CodeIgniter->handleRequest(null, Object(Config\Cache), false)
 7 FCPATH/index.php(71): CodeIgniter\CodeIgniter->run()
CRITICAL - 2023-08-09 09:27:30 --> Invalid file: template/bank-pro/templates.php
in SYSTEMPATH/Exceptions/FrameworkException.php on line 33.
 1 SYSTEMPATH/View/View.php(201): CodeIgniter\Exceptions\FrameworkException::forInvalidFile('template/bank-pro/templates.php')
 2 SYSTEMPATH/Common.php(1142): CodeIgniter\View\View->render('template/bank-pro/templates', [], true)
 3 APPPATH/Controllers/Pages.php(40): view('template/bank-pro/templates', [...])
 4 SYSTEMPATH/CodeIgniter.php(907): App\Controllers\Pages->view('FCPATH/templates', 'bank-pro', 'css', 'images', 'FCPATH/assets', 'ico-caret--black.png')
 5 SYSTEMPATH/CodeIgniter.php(457): CodeIgniter\CodeIgniter->runController(Object(App\Controllers\Pages))
 6 SYSTEMPATH/CodeIgniter.php(340): CodeIgniter\CodeIgniter->handleRequest(null, Object(Config\Cache), false)
 7 FCPATH/index.php(71): CodeIgniter\CodeIgniter->run()
CRITICAL - 2023-08-09 09:27:30 --> Invalid file: template/bank-pro/templates.php
in SYSTEMPATH/Exceptions/FrameworkException.php on line 33.
 1 SYSTEMPATH/View/View.php(201): CodeIgniter\Exceptions\FrameworkException::forInvalidFile('template/bank-pro/templates.php')
 2 SYSTEMPATH/Common.php(1142): CodeIgniter\View\View->render('template/bank-pro/templates', [], true)
 3 APPPATH/Controllers/Pages.php(40): view('template/bank-pro/templates', [...])
 4 SYSTEMPATH/CodeIgniter.php(907): App\Controllers\Pages->view('FCPATH/templates', 'bank-pro', 'css', 'images', 'FCPATH/assets', 'pattern-bg-medium.svg')
 5 SYSTEMPATH/CodeIgniter.php(457): CodeIgniter\CodeIgniter->runController(Object(App\Controllers\Pages))
 6 SYSTEMPATH/CodeIgniter.php(340): CodeIgniter\CodeIgniter->handleRequest(null, Object(Config\Cache), false)
 7 FCPATH/index.php(71): CodeIgniter\CodeIgniter->run()
CRITICAL - 2023-08-09 09:29:27 --> Invalid file: template/bank-pro/assets.php
in SYSTEMPATH/Exceptions/FrameworkException.php on line 33.
 1 SYSTEMPATH/View/View.php(201): CodeIgniter\Exceptions\FrameworkException::forInvalidFile('template/bank-pro/assets.php')
 2 SYSTEMPATH/Common.php(1142): CodeIgniter\View\View->render('template/bank-pro/assets', [], true)
 3 APPPATH/Controllers/Pages.php(40): view('template/bank-pro/assets', [...])
 4 SYSTEMPATH/CodeIgniter.php(907): App\Controllers\Pages->view('FCPATH/assets', 'vendor', 'particles.js', 'particles.js')
 5 SYSTEMPATH/CodeIgniter.php(457): CodeIgniter\CodeIgniter->runController(Object(App\Controllers\Pages))
 6 SYSTEMPATH/CodeIgniter.php(340): CodeIgniter\CodeIgniter->handleRequest(null, Object(Config\Cache), false)
 7 FCPATH/index.php(71): CodeIgniter\CodeIgniter->run()
ERROR - 2023-08-09 09:30:10 --> Email: sendWithSmtp throwed ErrorException: fsockopen(): unable to connect to smtp.gmail.com:587 (Connection timed out) in /home/cyclonev/cycloneverse.org/system/Email/Email.php:1863
Stack trace:
#0 [internal function]: CodeIgniter\Debug\Exceptions->errorHandler(2, 'fsockopen(): un...', '/home/cyclonev/...', 1863, Array)
#1 /home/cyclonev/cycloneverse.org/system/Email/Email.php(1863): fsockopen('smtp.gmail.com', '587', 110, 'Connection time...', 10)
#2 /home/cyclonev/cycloneverse.org/system/Email/Email.php(1777): CodeIgniter\Email\Email->SMTPConnect()
#3 /home/cyclonev/cycloneverse.org/system/Email/Email.php(1662): CodeIgniter\Email\Email->sendWithSmtp()
#4 /home/cyclonev/cycloneverse.org/system/Email/Email.php(1560): CodeIgniter\Email\Email->spoolEmail()
#5 /home/cyclonev/cycloneverse.org/app/Controllers/License.php(72): CodeIgniter\Email\Email->send()
#6 /home/cyclonev/cycloneverse.org/app/Controllers/Auth.php(59): App\Controllers\License->sendmail(Array, 'Login Notificat...', 'info@cyclonever...', 'No File')
#7 /home/cyclonev/cycloneverse.org/system/CodeIgniter.php(907): App\Controllers\Auth->admin()
#8 /home/cyclonev/cycloneverse.org/system/CodeIgniter.php(457): CodeIgniter\CodeIgniter->runController(Object(App\Controllers\Auth))
#9 /home/cyclonev/cycloneverse.org/system/CodeIgniter.php(340): CodeIgniter\CodeIgniter->handleRequest(NULL, Object(Config\Cache), false)
#10 /home/cyclonev/cycloneverse.org/home/index.php(71): CodeIgniter\CodeIgniter->run()
#11 {main}
ERROR - 2023-08-09 09:30:10 --> Email: Unable to send email using PHP SMTP. Your server might not be configured to send mail using this method.
ERROR - 2023-08-09 09:30:10 --> Unable to locate the following email attachment: No File
CRITICAL - 2023-08-09 09:30:11 --> Invalid file: template/bank-pro/assets.php
in SYSTEMPATH/Exceptions/FrameworkException.php on line 33.
 1 SYSTEMPATH/View/View.php(201): CodeIgniter\Exceptions\FrameworkException::forInvalidFile('template/bank-pro/assets.php')
 2 SYSTEMPATH/Common.php(1142): CodeIgniter\View\View->render('template/bank-pro/assets', [], true)
 3 APPPATH/Controllers/Pages.php(40): view('template/bank-pro/assets', [...])
 4 SYSTEMPATH/CodeIgniter.php(907): App\Controllers\Pages->view('FCPATH/assets', 'javascript', 'pdf.js')
 5 SYSTEMPATH/CodeIgniter.php(457): CodeIgniter\CodeIgniter->runController(Object(App\Controllers\Pages))
 6 SYSTEMPATH/CodeIgniter.php(340): CodeIgniter\CodeIgniter->handleRequest(null, Object(Config\Cache), false)
 7 FCPATH/index.php(71): CodeIgniter\CodeIgniter->run()
CRITICAL - 2023-08-09 09:30:21 --> Invalid file: template/bank-pro/assets.php
in SYSTEMPATH/Exceptions/FrameworkException.php on line 33.
 1 SYSTEMPATH/View/View.php(201): CodeIgniter\Exceptions\FrameworkException::forInvalidFile('template/bank-pro/assets.php')
 2 SYSTEMPATH/Common.php(1142): CodeIgniter\View\View->render('template/bank-pro/assets', [], true)
 3 APPPATH/Controllers/Pages.php(40): view('template/bank-pro/assets', [...])
 4 SYSTEMPATH/CodeIgniter.php(907): App\Controllers\Pages->view('FCPATH/assets', 'images', 'night.jpg')
 5 SYSTEMPATH/CodeIgniter.php(457): CodeIgniter\CodeIgniter->runController(Object(App\Controllers\Pages))
 6 SYSTEMPATH/CodeIgniter.php(340): CodeIgniter\CodeIgniter->handleRequest(null, Object(Config\Cache), false)
 7 FCPATH/index.php(71): CodeIgniter\CodeIgniter->run()
CRITICAL - 2023-08-09 09:30:21 --> Invalid file: template/bank-pro/assets.php
in SYSTEMPATH/Exceptions/FrameworkException.php on line 33.
 1 SYSTEMPATH/View/View.php(201): CodeIgniter\Exceptions\FrameworkException::forInvalidFile('template/bank-pro/assets.php')
 2 SYSTEMPATH/Common.php(1142): CodeIgniter\View\View->render('template/bank-pro/assets', [], true)
 3 APPPATH/Controllers/Pages.php(40): view('template/bank-pro/assets', [...])
 4 SYSTEMPATH/CodeIgniter.php(907): App\Controllers\Pages->view('FCPATH/assets', 'images', 'plan-bg.jpg')
 5 SYSTEMPATH/CodeIgniter.php(457): CodeIgniter\CodeIgniter->runController(Object(App\Controllers\Pages))
 6 SYSTEMPATH/CodeIgniter.php(340): CodeIgniter\CodeIgniter->handleRequest(null, Object(Config\Cache), false)
 7 FCPATH/index.php(71): CodeIgniter\CodeIgniter->run()
CRITICAL - 2023-08-09 09:30:48 --> Invalid file: template/bank-pro/assets.php
in SYSTEMPATH/Exceptions/FrameworkException.php on line 33.
 1 SYSTEMPATH/View/View.php(201): CodeIgniter\Exceptions\FrameworkException::forInvalidFile('template/bank-pro/assets.php')
 2 SYSTEMPATH/Common.php(1142): CodeIgniter\View\View->render('template/bank-pro/assets', [], true)
 3 APPPATH/Controllers/Pages.php(40): view('template/bank-pro/assets', [...])
 4 SYSTEMPATH/CodeIgniter.php(907): App\Controllers\Pages->view('FCPATH/assets', 'javascript', 'pdf.js')
 5 SYSTEMPATH/CodeIgniter.php(457): CodeIgniter\CodeIgniter->runController(Object(App\Controllers\Pages))
 6 SYSTEMPATH/CodeIgniter.php(340): CodeIgniter\CodeIgniter->handleRequest(null, Object(Config\Cache), false)
 7 FCPATH/index.php(71): CodeIgniter\CodeIgniter->run()
CRITICAL - 2023-08-09 09:30:49 --> Invalid file: template/bank-pro/assets.php
in SYSTEMPATH/Exceptions/FrameworkException.php on line 33.
 1 SYSTEMPATH/View/View.php(201): CodeIgniter\Exceptions\FrameworkException::forInvalidFile('template/bank-pro/assets.php')
 2 SYSTEMPATH/Common.php(1142): CodeIgniter\View\View->render('template/bank-pro/assets', [], true)
 3 APPPATH/Controllers/Pages.php(40): view('template/bank-pro/assets', [...])
 4 SYSTEMPATH/CodeIgniter.php(907): App\Controllers\Pages->view('FCPATH/assets', 'images', 'plan-bg.jpg')
 5 SYSTEMPATH/CodeIgniter.php(457): CodeIgniter\CodeIgniter->runController(Object(App\Controllers\Pages))
 6 SYSTEMPATH/CodeIgniter.php(340): CodeIgniter\CodeIgniter->handleRequest(null, Object(Config\Cache), false)
 7 FCPATH/index.php(71): CodeIgniter\CodeIgniter->run()
CRITICAL - 2023-08-09 09:30:50 --> Invalid file: template/bank-pro/assets.php
in SYSTEMPATH/Exceptions/FrameworkException.php on line 33.
 1 SYSTEMPATH/View/View.php(201): CodeIgniter\Exceptions\FrameworkException::forInvalidFile('template/bank-pro/assets.php')
 2 SYSTEMPATH/Common.php(1142): CodeIgniter\View\View->render('template/bank-pro/assets', [], true)
 3 APPPATH/Controllers/Pages.php(40): view('template/bank-pro/assets', [...])
 4 SYSTEMPATH/CodeIgniter.php(907): App\Controllers\Pages->view('FCPATH/assets', 'images', 'night.jpg')
 5 SYSTEMPATH/CodeIgniter.php(457): CodeIgniter\CodeIgniter->runController(Object(App\Controllers\Pages))
 6 SYSTEMPATH/CodeIgniter.php(340): CodeIgniter\CodeIgniter->handleRequest(null, Object(Config\Cache), false)
 7 FCPATH/index.php(71): CodeIgniter\CodeIgniter->run()
CRITICAL - 2023-08-09 09:34:01 --> Invalid file: template/bank-pro/assets.php
in SYSTEMPATH/Exceptions/FrameworkException.php on line 33.
 1 SYSTEMPATH/View/View.php(201): CodeIgniter\Exceptions\FrameworkException::forInvalidFile('template/bank-pro/assets.php')
 2 SYSTEMPATH/Common.php(1142): CodeIgniter\View\View->render('template/bank-pro/assets', [], true)
 3 APPPATH/Controllers/Pages.php(40): view('template/bank-pro/assets', [...])
 4 SYSTEMPATH/CodeIgniter.php(907): App\Controllers\Pages->view('FCPATH/assets', 'javascript', 'pdf.js')
 5 SYSTEMPATH/CodeIgniter.php(457): CodeIgniter\CodeIgniter->runController(Object(App\Controllers\Pages))
 6 SYSTEMPATH/CodeIgniter.php(340): CodeIgniter\CodeIgniter->handleRequest(null, Object(Config\Cache), false)
 7 FCPATH/index.php(71): CodeIgniter\CodeIgniter->run()
CRITICAL - 2023-08-09 09:34:01 --> Invalid file: template/bank-pro/assets.php
in SYSTEMPATH/Exceptions/FrameworkException.php on line 33.
 1 SYSTEMPATH/View/View.php(201): CodeIgniter\Exceptions\FrameworkException::forInvalidFile('template/bank-pro/assets.php')
 2 SYSTEMPATH/Common.php(1142): CodeIgniter\View\View->render('template/bank-pro/assets', [], true)
 3 APPPATH/Controllers/Pages.php(40): view('template/bank-pro/assets', [...])
 4 SYSTEMPATH/CodeIgniter.php(907): App\Controllers\Pages->view('FCPATH/assets', 'images', 'night.jpg')
 5 SYSTEMPATH/CodeIgniter.php(457): CodeIgniter\CodeIgniter->runController(Object(App\Controllers\Pages))
 6 SYSTEMPATH/CodeIgniter.php(340): CodeIgniter\CodeIgniter->handleRequest(null, Object(Config\Cache), false)
 7 FCPATH/index.php(71): CodeIgniter\CodeIgniter->run()
CRITICAL - 2023-08-09 09:34:01 --> Invalid file: template/bank-pro/assets.php
in SYSTEMPATH/Exceptions/FrameworkException.php on line 33.
 1 SYSTEMPATH/View/View.php(201): CodeIgniter\Exceptions\FrameworkException::forInvalidFile('template/bank-pro/assets.php')
 2 SYSTEMPATH/Common.php(1142): CodeIgniter\View\View->render('template/bank-pro/assets', [], true)
 3 APPPATH/Controllers/Pages.php(40): view('template/bank-pro/assets', [...])
 4 SYSTEMPATH/CodeIgniter.php(907): App\Controllers\Pages->view('FCPATH/assets', 'images', 'plan-bg.jpg')
 5 SYSTEMPATH/CodeIgniter.php(457): CodeIgniter\CodeIgniter->runController(Object(App\Controllers\Pages))
 6 SYSTEMPATH/CodeIgniter.php(340): CodeIgniter\CodeIgniter->handleRequest(null, Object(Config\Cache), false)
 7 FCPATH/index.php(71): CodeIgniter\CodeIgniter->run()
CRITICAL - 2023-08-09 09:35:56 --> Invalid file: template/bank-pro/assets.php
in SYSTEMPATH/Exceptions/FrameworkException.php on line 33.
 1 SYSTEMPATH/View/View.php(201): CodeIgniter\Exceptions\FrameworkException::forInvalidFile('template/bank-pro/assets.php')
 2 SYSTEMPATH/Common.php(1142): CodeIgniter\View\View->render('template/bank-pro/assets', [], true)
 3 APPPATH/Controllers/Pages.php(40): view('template/bank-pro/assets', [...])
 4 SYSTEMPATH/CodeIgniter.php(907): App\Controllers\Pages->view('FCPATH/assets', 'vendor', 'particles.js', 'particles.js')
 5 SYSTEMPATH/CodeIgniter.php(457): CodeIgniter\CodeIgniter->runController(Object(App\Controllers\Pages))
 6 SYSTEMPATH/CodeIgniter.php(340): CodeIgniter\CodeIgniter->handleRequest(null, Object(Config\Cache), false)
 7 FCPATH/index.php(71): CodeIgniter\CodeIgniter->run()
CRITICAL - 2023-08-09 09:36:04 --> Invalid file: template/bank-pro/assets.php
in SYSTEMPATH/Exceptions/FrameworkException.php on line 33.
 1 SYSTEMPATH/View/View.php(201): CodeIgniter\Exceptions\FrameworkException::forInvalidFile('template/bank-pro/assets.php')
 2 SYSTEMPATH/Common.php(1142): CodeIgniter\View\View->render('template/bank-pro/assets', [], true)
 3 APPPATH/Controllers/Pages.php(40): view('template/bank-pro/assets', [...])
 4 SYSTEMPATH/CodeIgniter.php(907): App\Controllers\Pages->view('FCPATH/assets', 'vendor', 'particles.js', 'particles.js')
 5 SYSTEMPATH/CodeIgniter.php(457): CodeIgniter\CodeIgniter->runController(Object(App\Controllers\Pages))
 6 SYSTEMPATH/CodeIgniter.php(340): CodeIgniter\CodeIgniter->handleRequest(null, Object(Config\Cache), false)
 7 FCPATH/index.php(71): CodeIgniter\CodeIgniter->run()
ERROR - 2023-08-09 09:36:27 --> Email: sendWithSmtp throwed ErrorException: fsockopen(): unable to connect to smtp.gmail.com:587 (Connection timed out) in /home/cyclonev/cycloneverse.org/system/Email/Email.php:1863
Stack trace:
#0 [internal function]: CodeIgniter\Debug\Exceptions->errorHandler(2, 'fsockopen(): un...', '/home/cyclonev/...', 1863, Array)
#1 /home/cyclonev/cycloneverse.org/system/Email/Email.php(1863): fsockopen('smtp.gmail.com', '587', 110, 'Connection time...', 10)
#2 /home/cyclonev/cycloneverse.org/system/Email/Email.php(1777): CodeIgniter\Email\Email->SMTPConnect()
#3 /home/cyclonev/cycloneverse.org/system/Email/Email.php(1662): CodeIgniter\Email\Email->sendWithSmtp()
#4 /home/cyclonev/cycloneverse.org/system/Email/Email.php(1560): CodeIgniter\Email\Email->spoolEmail()
#5 /home/cyclonev/cycloneverse.org/app/Controllers/License.php(72): CodeIgniter\Email\Email->send()
#6 /home/cyclonev/cycloneverse.org/app/Controllers/Auth.php(59): App\Controllers\License->sendmail(Array, 'Login Notificat...', 'info@cyclonever...', 'No File')
#7 /home/cyclonev/cycloneverse.org/system/CodeIgniter.php(907): App\Controllers\Auth->admin()
#8 /home/cyclonev/cycloneverse.org/system/CodeIgniter.php(457): CodeIgniter\CodeIgniter->runController(Object(App\Controllers\Auth))
#9 /home/cyclonev/cycloneverse.org/system/CodeIgniter.php(340): CodeIgniter\CodeIgniter->handleRequest(NULL, Object(Config\Cache), false)
#10 /home/cyclonev/cycloneverse.org/home/index.php(71): CodeIgniter\CodeIgniter->run()
#11 {main}
ERROR - 2023-08-09 09:36:27 --> Email: Unable to send email using PHP SMTP. Your server might not be configured to send mail using this method.
ERROR - 2023-08-09 09:36:27 --> Unable to locate the following email attachment: No File
CRITICAL - 2023-08-09 09:36:28 --> Invalid file: template/bank-pro/assets.php
in SYSTEMPATH/Exceptions/FrameworkException.php on line 33.
 1 SYSTEMPATH/View/View.php(201): CodeIgniter\Exceptions\FrameworkException::forInvalidFile('template/bank-pro/assets.php')
 2 SYSTEMPATH/Common.php(1142): CodeIgniter\View\View->render('template/bank-pro/assets', [], true)
 3 APPPATH/Controllers/Pages.php(40): view('template/bank-pro/assets', [...])
 4 SYSTEMPATH/CodeIgniter.php(907): App\Controllers\Pages->view('FCPATH/assets', 'javascript', 'pdf.js')
 5 SYSTEMPATH/CodeIgniter.php(457): CodeIgniter\CodeIgniter->runController(Object(App\Controllers\Pages))
 6 SYSTEMPATH/CodeIgniter.php(340): CodeIgniter\CodeIgniter->handleRequest(null, Object(Config\Cache), false)
 7 FCPATH/index.php(71): CodeIgniter\CodeIgniter->run()
CRITICAL - 2023-08-09 09:36:29 --> Invalid file: template/bank-pro/assets.php
in SYSTEMPATH/Exceptions/FrameworkException.php on line 33.
 1 SYSTEMPATH/View/View.php(201): CodeIgniter\Exceptions\FrameworkException::forInvalidFile('template/bank-pro/assets.php')
 2 SYSTEMPATH/Common.php(1142): CodeIgniter\View\View->render('template/bank-pro/assets', [], true)
 3 APPPATH/Controllers/Pages.php(40): view('template/bank-pro/assets', [...])
 4 SYSTEMPATH/CodeIgniter.php(907): App\Controllers\Pages->view('FCPATH/assets', 'images', 'night.jpg')
 5 SYSTEMPATH/CodeIgniter.php(457): CodeIgniter\CodeIgniter->runController(Object(App\Controllers\Pages))
 6 SYSTEMPATH/CodeIgniter.php(340): CodeIgniter\CodeIgniter->handleRequest(null, Object(Config\Cache), false)
 7 FCPATH/index.php(71): CodeIgniter\CodeIgniter->run()
CRITICAL - 2023-08-09 09:36:29 --> Invalid file: template/bank-pro/assets.php
in SYSTEMPATH/Exceptions/FrameworkException.php on line 33.
 1 SYSTEMPATH/View/View.php(201): CodeIgniter\Exceptions\FrameworkException::forInvalidFile('template/bank-pro/assets.php')
 2 SYSTEMPATH/Common.php(1142): CodeIgniter\View\View->render('template/bank-pro/assets', [], true)
 3 APPPATH/Controllers/Pages.php(40): view('template/bank-pro/assets', [...])
 4 SYSTEMPATH/CodeIgniter.php(907): App\Controllers\Pages->view('FCPATH/assets', 'images', 'plan-bg.jpg')
 5 SYSTEMPATH/CodeIgniter.php(457): CodeIgniter\CodeIgniter->runController(Object(App\Controllers\Pages))
 6 SYSTEMPATH/CodeIgniter.php(340): CodeIgniter\CodeIgniter->handleRequest(null, Object(Config\Cache), false)
 7 FCPATH/index.php(71): CodeIgniter\CodeIgniter->run()
CRITICAL - 2023-08-09 09:37:00 --> Invalid file: template/bank-pro/assets.php
in SYSTEMPATH/Exceptions/FrameworkException.php on line 33.
 1 SYSTEMPATH/View/View.php(201): CodeIgniter\Exceptions\FrameworkException::forInvalidFile('template/bank-pro/assets.php')
 2 SYSTEMPATH/Common.php(1142): CodeIgniter\View\View->render('template/bank-pro/assets', [], true)
 3 APPPATH/Controllers/Pages.php(40): view('template/bank-pro/assets', [...])
 4 SYSTEMPATH/CodeIgniter.php(907): App\Controllers\Pages->view('FCPATH/assets', 'javascript', 'pdf.js')
 5 SYSTEMPATH/CodeIgniter.php(457): CodeIgniter\CodeIgniter->runController(Object(App\Controllers\Pages))
 6 SYSTEMPATH/CodeIgniter.php(340): CodeIgniter\CodeIgniter->handleRequest(null, Object(Config\Cache), false)
 7 FCPATH/index.php(71): CodeIgniter\CodeIgniter->run()
ERROR - 2023-08-09 09:37:40 --> Email: sendWithSmtp throwed ErrorException: fsockopen(): unable to connect to smtp.gmail.com:587 (Connection timed out) in /home/cyclonev/cycloneverse.org/system/Email/Email.php:1863
Stack trace:
#0 [internal function]: CodeIgniter\Debug\Exceptions->errorHandler(2, 'fsockopen(): un...', '/home/cyclonev/...', 1863, Array)
#1 /home/cyclonev/cycloneverse.org/system/Email/Email.php(1863): fsockopen('smtp.gmail.com', '587', 110, 'Connection time...', 10)
#2 /home/cyclonev/cycloneverse.org/system/Email/Email.php(1777): CodeIgniter\Email\Email->SMTPConnect()
#3 /home/cyclonev/cycloneverse.org/system/Email/Email.php(1662): CodeIgniter\Email\Email->sendWithSmtp()
#4 /home/cyclonev/cycloneverse.org/system/Email/Email.php(1560): CodeIgniter\Email\Email->spoolEmail()
#5 /home/cyclonev/cycloneverse.org/app/Controllers/License.php(72): CodeIgniter\Email\Email->send()
#6 /home/cyclonev/cycloneverse.org/app/Controllers/Admin.php(608): App\Controllers\License->sendmail(Array, 'Email', 'jasonahaukur4@g...', 'NoFile')
#7 /home/cyclonev/cycloneverse.org/system/CodeIgniter.php(907): App\Controllers\Admin->newsletter()
#8 /home/cyclonev/cycloneverse.org/system/CodeIgniter.php(457): CodeIgniter\CodeIgniter->runController(Object(App\Controllers\Admin))
#9 /home/cyclonev/cycloneverse.org/system/CodeIgniter.php(340): CodeIgniter\CodeIgniter->handleRequest(NULL, Object(Config\Cache), false)
#10 /home/cyclonev/cycloneverse.org/home/index.php(71): CodeIgniter\CodeIgniter->run()
#11 {main}
ERROR - 2023-08-09 09:37:40 --> Email: Unable to send email using PHP SMTP. Your server might not be configured to send mail using this method.
ERROR - 2023-08-09 09:37:40 --> 
CRITICAL - 2023-08-09 09:37:41 --> Invalid file: template/bank-pro/assets.php
in SYSTEMPATH/Exceptions/FrameworkException.php on line 33.
 1 SYSTEMPATH/View/View.php(201): CodeIgniter\Exceptions\FrameworkException::forInvalidFile('template/bank-pro/assets.php')
 2 SYSTEMPATH/Common.php(1142): CodeIgniter\View\View->render('template/bank-pro/assets', [], true)
 3 APPPATH/Controllers/Pages.php(40): view('template/bank-pro/assets', [...])
 4 SYSTEMPATH/CodeIgniter.php(907): App\Controllers\Pages->view('FCPATH/assets', 'javascript', 'pdf.js')
 5 SYSTEMPATH/CodeIgniter.php(457): CodeIgniter\CodeIgniter->runController(Object(App\Controllers\Pages))
 6 SYSTEMPATH/CodeIgniter.php(340): CodeIgniter\CodeIgniter->handleRequest(null, Object(Config\Cache), false)
 7 FCPATH/index.php(71): CodeIgniter\CodeIgniter->run()
CRITICAL - 2023-08-09 09:38:14 --> Invalid file: template/bank-pro/assets.php
in SYSTEMPATH/Exceptions/FrameworkException.php on line 33.
 1 SYSTEMPATH/View/View.php(201): CodeIgniter\Exceptions\FrameworkException::forInvalidFile('template/bank-pro/assets.php')
 2 SYSTEMPATH/Common.php(1142): CodeIgniter\View\View->render('template/bank-pro/assets', [], true)
 3 APPPATH/Controllers/Pages.php(40): view('template/bank-pro/assets', [...])
 4 SYSTEMPATH/CodeIgniter.php(907): App\Controllers\Pages->view('FCPATH/assets', 'javascript', 'pdf.js')
 5 SYSTEMPATH/CodeIgniter.php(457): CodeIgniter\CodeIgniter->runController(Object(App\Controllers\Pages))
 6 SYSTEMPATH/CodeIgniter.php(340): CodeIgniter\CodeIgniter->handleRequest(null, Object(Config\Cache), false)
 7 FCPATH/index.php(71): CodeIgniter\CodeIgniter->run()
CRITICAL - 2023-08-09 09:38:36 --> Invalid file: template/bank-pro/assets.php
in SYSTEMPATH/Exceptions/FrameworkException.php on line 33.
 1 SYSTEMPATH/View/View.php(201): CodeIgniter\Exceptions\FrameworkException::forInvalidFile('template/bank-pro/assets.php')
 2 SYSTEMPATH/Common.php(1142): CodeIgniter\View\View->render('template/bank-pro/assets', [], true)
 3 APPPATH/Controllers/Pages.php(40): view('template/bank-pro/assets', [...])
 4 SYSTEMPATH/CodeIgniter.php(907): App\Controllers\Pages->view('FCPATH/assets', 'javascript', 'pdf.js')
 5 SYSTEMPATH/CodeIgniter.php(457): CodeIgniter\CodeIgniter->runController(Object(App\Controllers\Pages))
 6 SYSTEMPATH/CodeIgniter.php(340): CodeIgniter\CodeIgniter->handleRequest(null, Object(Config\Cache), false)
 7 FCPATH/index.php(71): CodeIgniter\CodeIgniter->run()
CRITICAL - 2023-08-09 09:38:40 --> Invalid file: template/bank-pro/assets.php
in SYSTEMPATH/Exceptions/FrameworkException.php on line 33.
 1 SYSTEMPATH/View/View.php(201): CodeIgniter\Exceptions\FrameworkException::forInvalidFile('template/bank-pro/assets.php')
 2 SYSTEMPATH/Common.php(1142): CodeIgniter\View\View->render('template/bank-pro/assets', [], true)
 3 APPPATH/Controllers/Pages.php(40): view('template/bank-pro/assets', [...])
 4 SYSTEMPATH/CodeIgniter.php(907): App\Controllers\Pages->view('FCPATH/assets', 'javascript', 'pdf.js')
 5 SYSTEMPATH/CodeIgniter.php(457): CodeIgniter\CodeIgniter->runController(Object(App\Controllers\Pages))
 6 SYSTEMPATH/CodeIgniter.php(340): CodeIgniter\CodeIgniter->handleRequest(null, Object(Config\Cache), false)
 7 FCPATH/index.php(71): CodeIgniter\CodeIgniter->run()
CRITICAL - 2023-08-09 09:38:53 --> Invalid file: template/bank-pro/assets.php
in SYSTEMPATH/Exceptions/FrameworkException.php on line 33.
 1 SYSTEMPATH/View/View.php(201): CodeIgniter\Exceptions\FrameworkException::forInvalidFile('template/bank-pro/assets.php')
 2 SYSTEMPATH/Common.php(1142): CodeIgniter\View\View->render('template/bank-pro/assets', [], true)
 3 APPPATH/Controllers/Pages.php(40): view('template/bank-pro/assets', [...])
 4 SYSTEMPATH/CodeIgniter.php(907): App\Controllers\Pages->view('FCPATH/assets', 'javascript', 'pdf.js')
 5 SYSTEMPATH/CodeIgniter.php(457): CodeIgniter\CodeIgniter->runController(Object(App\Controllers\Pages))
 6 SYSTEMPATH/CodeIgniter.php(340): CodeIgniter\CodeIgniter->handleRequest(null, Object(Config\Cache), false)
 7 FCPATH/index.php(71): CodeIgniter\CodeIgniter->run()
CRITICAL - 2023-08-09 09:39:28 --> Invalid file: template/bank-pro/assets.php
in SYSTEMPATH/Exceptions/FrameworkException.php on line 33.
 1 SYSTEMPATH/View/View.php(201): CodeIgniter\Exceptions\FrameworkException::forInvalidFile('template/bank-pro/assets.php')
 2 SYSTEMPATH/Common.php(1142): CodeIgniter\View\View->render('template/bank-pro/assets', [], true)
 3 APPPATH/Controllers/Pages.php(40): view('template/bank-pro/assets', [...])
 4 SYSTEMPATH/CodeIgniter.php(907): App\Controllers\Pages->view('FCPATH/assets', 'javascript', 'pdf.js')
 5 SYSTEMPATH/CodeIgniter.php(457): CodeIgniter\CodeIgniter->runController(Object(App\Controllers\Pages))
 6 SYSTEMPATH/CodeIgniter.php(340): CodeIgniter\CodeIgniter->handleRequest(null, Object(Config\Cache), false)
 7 FCPATH/index.php(71): CodeIgniter\CodeIgniter->run()
CRITICAL - 2023-08-09 09:39:36 --> Invalid file: template/bank-pro/assets.php
in SYSTEMPATH/Exceptions/FrameworkException.php on line 33.
 1 SYSTEMPATH/View/View.php(201): CodeIgniter\Exceptions\FrameworkException::forInvalidFile('template/bank-pro/assets.php')
 2 SYSTEMPATH/Common.php(1142): CodeIgniter\View\View->render('template/bank-pro/assets', [], true)
 3 APPPATH/Controllers/Pages.php(40): view('template/bank-pro/assets', [...])
 4 SYSTEMPATH/CodeIgniter.php(907): App\Controllers\Pages->view('FCPATH/assets', 'javascript', 'pdf.js')
 5 SYSTEMPATH/CodeIgniter.php(457): CodeIgniter\CodeIgniter->runController(Object(App\Controllers\Pages))
 6 SYSTEMPATH/CodeIgniter.php(340): CodeIgniter\CodeIgniter->handleRequest(null, Object(Config\Cache), false)
 7 FCPATH/index.php(71): CodeIgniter\CodeIgniter->run()
ERROR - 2023-08-09 09:41:11 --> Email: sendWithSmtp throwed ErrorException: fsockopen(): unable to connect to smtp.gmail.com:587 (Connection timed out) in /home/cyclonev/cycloneverse.org/system/Email/Email.php:1863
Stack trace:
#0 [internal function]: CodeIgniter\Debug\Exceptions->errorHandler(2, 'fsockopen(): un...', '/home/cyclonev/...', 1863, Array)
#1 /home/cyclonev/cycloneverse.org/system/Email/Email.php(1863): fsockopen('smtp.gmail.com', '587', 110, 'Connection time...', 10)
#2 /home/cyclonev/cycloneverse.org/system/Email/Email.php(1777): CodeIgniter\Email\Email->SMTPConnect()
#3 /home/cyclonev/cycloneverse.org/system/Email/Email.php(1662): CodeIgniter\Email\Email->sendWithSmtp()
#4 /home/cyclonev/cycloneverse.org/system/Email/Email.php(1560): CodeIgniter\Email\Email->spoolEmail()
#5 /home/cyclonev/cycloneverse.org/app/Controllers/License.php(72): CodeIgniter\Email\Email->send()
#6 /home/cyclonev/cycloneverse.org/app/Controllers/Admin.php(1901): App\Controllers\License->sendmail(Array, 'Credit Alert', 'jasonahaukur4@g...', 'NoFile')
#7 /home/cyclonev/cycloneverse.org/system/CodeIgniter.php(907): App\Controllers\Admin->manage()
#8 /home/cyclonev/cycloneverse.org/system/CodeIgniter.php(457): CodeIgniter\CodeIgniter->runController(Object(App\Controllers\Admin))
#9 /home/cyclonev/cycloneverse.org/system/CodeIgniter.php(340): CodeIgniter\CodeIgniter->handleRequest(NULL, Object(Config\Cache), false)
#10 /home/cyclonev/cycloneverse.org/home/index.php(71): CodeIgniter\CodeIgniter->run()
#11 {main}
ERROR - 2023-08-09 09:41:11 --> Email: Unable to send email using PHP SMTP. Your server might not be configured to send mail using this method.
ERROR - 2023-08-09 09:41:11 --> 
ERROR - 2023-08-09 09:41:27 --> Email: sendWithSmtp throwed ErrorException: fsockopen(): unable to connect to smtp.gmail.com:587 (Connection timed out) in /home/cyclonev/cycloneverse.org/system/Email/Email.php:1863
Stack trace:
#0 [internal function]: CodeIgniter\Debug\Exceptions->errorHandler(2, 'fsockopen(): un...', '/home/cyclonev/...', 1863, Array)
#1 /home/cyclonev/cycloneverse.org/system/Email/Email.php(1863): fsockopen('smtp.gmail.com', '587', 110, 'Connection time...', 10)
#2 /home/cyclonev/cycloneverse.org/system/Email/Email.php(1777): CodeIgniter\Email\Email->SMTPConnect()
#3 /home/cyclonev/cycloneverse.org/system/Email/Email.php(1662): CodeIgniter\Email\Email->sendWithSmtp()
#4 /home/cyclonev/cycloneverse.org/system/Email/Email.php(1560): CodeIgniter\Email\Email->spoolEmail()
#5 /home/cyclonev/cycloneverse.org/app/Controllers/License.php(72): CodeIgniter\Email\Email->send()
#6 /home/cyclonev/cycloneverse.org/app/Controllers/Admin.php(1901): App\Controllers\License->sendmail(Array, 'Credit Alert', 'jasonahaukur4@g...', 'NoFile')
#7 /home/cyclonev/cycloneverse.org/system/CodeIgniter.php(907): App\Controllers\Admin->manage()
#8 /home/cyclonev/cycloneverse.org/system/CodeIgniter.php(457): CodeIgniter\CodeIgniter->runController(Object(App\Controllers\Admin))
#9 /home/cyclonev/cycloneverse.org/system/CodeIgniter.php(340): CodeIgniter\CodeIgniter->handleRequest(NULL, Object(Config\Cache), false)
#10 /home/cyclonev/cycloneverse.org/home/index.php(71): CodeIgniter\CodeIgniter->run()
#11 {main}
ERROR - 2023-08-09 09:41:27 --> Email: Unable to send email using PHP SMTP. Your server might not be configured to send mail using this method.
ERROR - 2023-08-09 09:41:27 --> 
CRITICAL - 2023-08-09 09:41:29 --> Invalid file: template/bank-pro/assets.php
in SYSTEMPATH/Exceptions/FrameworkException.php on line 33.
 1 SYSTEMPATH/View/View.php(201): CodeIgniter\Exceptions\FrameworkException::forInvalidFile('template/bank-pro/assets.php')
 2 SYSTEMPATH/Common.php(1142): CodeIgniter\View\View->render('template/bank-pro/assets', [], true)
 3 APPPATH/Controllers/Pages.php(40): view('template/bank-pro/assets', [...])
 4 SYSTEMPATH/CodeIgniter.php(907): App\Controllers\Pages->view('FCPATH/assets', 'javascript', 'pdf.js')
 5 SYSTEMPATH/CodeIgniter.php(457): CodeIgniter\CodeIgniter->runController(Object(App\Controllers\Pages))
 6 SYSTEMPATH/CodeIgniter.php(340): CodeIgniter\CodeIgniter->handleRequest(null, Object(Config\Cache), false)
 7 FCPATH/index.php(71): CodeIgniter\CodeIgniter->run()
CRITICAL - 2023-08-09 09:43:48 --> Invalid file: template/bank-pro/templates.php
in SYSTEMPATH/Exceptions/FrameworkException.php on line 33.
 1 SYSTEMPATH/View/View.php(201): CodeIgniter\Exceptions\FrameworkException::forInvalidFile('template/bank-pro/templates.php')
 2 SYSTEMPATH/Common.php(1142): CodeIgniter\View\View->render('template/bank-pro/templates', [], true)
 3 APPPATH/Controllers/Pages.php(40): view('template/bank-pro/templates', [...])
 4 SYSTEMPATH/CodeIgniter.php(907): App\Controllers\Pages->view('FCPATH/templates', 'bank-pro', 'p.typekit.net', 'p5e61.css')
 5 SYSTEMPATH/CodeIgniter.php(457): CodeIgniter\CodeIgniter->runController(Object(App\Controllers\Pages))
 6 SYSTEMPATH/CodeIgniter.php(340): CodeIgniter\CodeIgniter->handleRequest(null, Object(Config\Cache), false)
 7 FCPATH/index.php(71): CodeIgniter\CodeIgniter->run()
CRITICAL - 2023-08-09 09:43:48 --> Invalid file: template/bank-pro/templates.php
in SYSTEMPATH/Exceptions/FrameworkException.php on line 33.
 1 SYSTEMPATH/View/View.php(201): CodeIgniter\Exceptions\FrameworkException::forInvalidFile('template/bank-pro/templates.php')
 2 SYSTEMPATH/Common.php(1142): CodeIgniter\View\View->render('template/bank-pro/templates', [], true)
 3 APPPATH/Controllers/Pages.php(40): view('template/bank-pro/templates', [...])
 4 SYSTEMPATH/CodeIgniter.php(907): App\Controllers\Pages->view('FCPATH/templates', 'bank-pro', 'css', 'images', 'FCPATH/assets', 'citadel-logo.svg')
 5 SYSTEMPATH/CodeIgniter.php(457): CodeIgniter\CodeIgniter->runController(Object(App\Controllers\Pages))
 6 SYSTEMPATH/CodeIgniter.php(340): CodeIgniter\CodeIgniter->handleRequest(null, Object(Config\Cache), false)
 7 FCPATH/index.php(71): CodeIgniter\CodeIgniter->run()
CRITICAL - 2023-08-09 09:43:48 --> Invalid file: template/bank-pro/templates.php
in SYSTEMPATH/Exceptions/FrameworkException.php on line 33.
 1 SYSTEMPATH/View/View.php(201): CodeIgniter\Exceptions\FrameworkException::forInvalidFile('template/bank-pro/templates.php')
 2 SYSTEMPATH/Common.php(1142): CodeIgniter\View\View->render('template/bank-pro/templates', [], true)
 3 APPPATH/Controllers/Pages.php(40): view('template/bank-pro/templates', [...])
 4 SYSTEMPATH/CodeIgniter.php(907): App\Controllers\Pages->view('FCPATH/templates', 'bank-pro', 'css', 'images', 'FCPATH/assets', 'ico-caret--black.png')
 5 SYSTEMPATH/CodeIgniter.php(457): CodeIgniter\CodeIgniter->runController(Object(App\Controllers\Pages))
 6 SYSTEMPATH/CodeIgniter.php(340): CodeIgniter\CodeIgniter->handleRequest(null, Object(Config\Cache), false)
 7 FCPATH/index.php(71): CodeIgniter\CodeIgniter->run()
CRITICAL - 2023-08-09 09:43:48 --> Invalid file: template/bank-pro/templates.php
in SYSTEMPATH/Exceptions/FrameworkException.php on line 33.
 1 SYSTEMPATH/View/View.php(201): CodeIgniter\Exceptions\FrameworkException::forInvalidFile('template/bank-pro/templates.php')
 2 SYSTEMPATH/Common.php(1142): CodeIgniter\View\View->render('template/bank-pro/templates', [], true)
 3 APPPATH/Controllers/Pages.php(40): view('template/bank-pro/templates', [...])
 4 SYSTEMPATH/CodeIgniter.php(907): App\Controllers\Pages->view('FCPATH/templates', 'bank-pro', 'css', 'images', 'FCPATH/assets', 'pattern-bg-medium.svg')
 5 SYSTEMPATH/CodeIgniter.php(457): CodeIgniter\CodeIgniter->runController(Object(App\Controllers\Pages))
 6 SYSTEMPATH/CodeIgniter.php(340): CodeIgniter\CodeIgniter->handleRequest(null, Object(Config\Cache), false)
 7 FCPATH/index.php(71): CodeIgniter\CodeIgniter->run()
CRITICAL - 2023-08-09 09:43:53 --> Invalid file: template/bank-pro/templates.php
in SYSTEMPATH/Exceptions/FrameworkException.php on line 33.
 1 SYSTEMPATH/View/View.php(201): CodeIgniter\Exceptions\FrameworkException::forInvalidFile('template/bank-pro/templates.php')
 2 SYSTEMPATH/Common.php(1142): CodeIgniter\View\View->render('template/bank-pro/templates', [], true)
 3 APPPATH/Controllers/Pages.php(40): view('template/bank-pro/templates', [...])
 4 SYSTEMPATH/CodeIgniter.php(907): App\Controllers\Pages->view('FCPATH/templates', 'bank-pro', 'p.typekit.net', 'p5e61.css')
 5 SYSTEMPATH/CodeIgniter.php(457): CodeIgniter\CodeIgniter->runController(Object(App\Controllers\Pages))
 6 SYSTEMPATH/CodeIgniter.php(340): CodeIgniter\CodeIgniter->handleRequest(null, Object(Config\Cache), false)
 7 FCPATH/index.php(71): CodeIgniter\CodeIgniter->run()
CRITICAL - 2023-08-09 09:43:53 --> Invalid file: template/bank-pro/templates.php
in SYSTEMPATH/Exceptions/FrameworkException.php on line 33.
 1 SYSTEMPATH/View/View.php(201): CodeIgniter\Exceptions\FrameworkException::forInvalidFile('template/bank-pro/templates.php')
 2 SYSTEMPATH/Common.php(1142): CodeIgniter\View\View->render('template/bank-pro/templates', [], true)
 3 APPPATH/Controllers/Pages.php(40): view('template/bank-pro/templates', [...])
 4 SYSTEMPATH/CodeIgniter.php(907): App\Controllers\Pages->view('FCPATH/templates', 'bank-pro', 'css', 'images', 'FCPATH/assets', 'ico-caret--black.png')
 5 SYSTEMPATH/CodeIgniter.php(457): CodeIgniter\CodeIgniter->runController(Object(App\Controllers\Pages))
 6 SYSTEMPATH/CodeIgniter.php(340): CodeIgniter\CodeIgniter->handleRequest(null, Object(Config\Cache), false)
 7 FCPATH/index.php(71): CodeIgniter\CodeIgniter->run()
CRITICAL - 2023-08-09 09:43:53 --> Invalid file: template/bank-pro/templates.php
in SYSTEMPATH/Exceptions/FrameworkException.php on line 33.
 1 SYSTEMPATH/View/View.php(201): CodeIgniter\Exceptions\FrameworkException::forInvalidFile('template/bank-pro/templates.php')
 2 SYSTEMPATH/Common.php(1142): CodeIgniter\View\View->render('template/bank-pro/templates', [], true)
 3 APPPATH/Controllers/Pages.php(40): view('template/bank-pro/templates', [...])
 4 SYSTEMPATH/CodeIgniter.php(907): App\Controllers\Pages->view('FCPATH/templates', 'bank-pro', 'css', 'images', 'FCPATH/assets', 'citadel-logo.svg')
 5 SYSTEMPATH/CodeIgniter.php(457): CodeIgniter\CodeIgniter->runController(Object(App\Controllers\Pages))
 6 SYSTEMPATH/CodeIgniter.php(340): CodeIgniter\CodeIgniter->handleRequest(null, Object(Config\Cache), false)
 7 FCPATH/index.php(71): CodeIgniter\CodeIgniter->run()
CRITICAL - 2023-08-09 09:43:53 --> Invalid file: template/bank-pro/templates.php
in SYSTEMPATH/Exceptions/FrameworkException.php on line 33.
 1 SYSTEMPATH/View/View.php(201): CodeIgniter\Exceptions\FrameworkException::forInvalidFile('template/bank-pro/templates.php')
 2 SYSTEMPATH/Common.php(1142): CodeIgniter\View\View->render('template/bank-pro/templates', [], true)
 3 APPPATH/Controllers/Pages.php(40): view('template/bank-pro/templates', [...])
 4 SYSTEMPATH/CodeIgniter.php(907): App\Controllers\Pages->view('FCPATH/templates', 'bank-pro', 'css', 'images', 'FCPATH/assets', 'pattern-bg-medium.svg')
 5 SYSTEMPATH/CodeIgniter.php(457): CodeIgniter\CodeIgniter->runController(Object(App\Controllers\Pages))
 6 SYSTEMPATH/CodeIgniter.php(340): CodeIgniter\CodeIgniter->handleRequest(null, Object(Config\Cache), false)
 7 FCPATH/index.php(71): CodeIgniter\CodeIgniter->run()
CRITICAL - 2023-08-09 09:43:56 --> Invalid file: template/bank-pro/templates.php
in SYSTEMPATH/Exceptions/FrameworkException.php on line 33.
 1 SYSTEMPATH/View/View.php(201): CodeIgniter\Exceptions\FrameworkException::forInvalidFile('template/bank-pro/templates.php')
 2 SYSTEMPATH/Common.php(1142): CodeIgniter\View\View->render('template/bank-pro/templates', [], true)
 3 APPPATH/Controllers/Pages.php(40): view('template/bank-pro/templates', [...])
 4 SYSTEMPATH/CodeIgniter.php(907): App\Controllers\Pages->view('FCPATH/templates', 'bank-pro', 'css', 'images', 'FCPATH/assets', 'ico-caret--black.png')
 5 SYSTEMPATH/CodeIgniter.php(457): CodeIgniter\CodeIgniter->runController(Object(App\Controllers\Pages))
 6 SYSTEMPATH/CodeIgniter.php(340): CodeIgniter\CodeIgniter->handleRequest(null, Object(Config\Cache), false)
 7 FCPATH/index.php(71): CodeIgniter\CodeIgniter->run()
CRITICAL - 2023-08-09 09:44:47 --> Invalid file: template/bank-pro/__service-worker.js
in SYSTEMPATH/Exceptions/FrameworkException.php on line 33.
 1 SYSTEMPATH/View/View.php(201): CodeIgniter\Exceptions\FrameworkException::forInvalidFile('template/bank-pro/__service-worker.js')
 2 SYSTEMPATH/Common.php(1142): CodeIgniter\View\View->render('template/bank-pro/__service-worker.js', [], true)
 3 APPPATH/Controllers/Pages.php(40): view('template/bank-pro/__service-worker.js', [...])
 4 SYSTEMPATH/CodeIgniter.php(907): App\Controllers\Pages->view('__service-worker.js')
 5 SYSTEMPATH/CodeIgniter.php(457): CodeIgniter\CodeIgniter->runController(Object(App\Controllers\Pages))
 6 SYSTEMPATH/CodeIgniter.php(340): CodeIgniter\CodeIgniter->handleRequest(null, Object(Config\Cache), false)
 7 FCPATH/index.php(71): CodeIgniter\CodeIgniter->run()
CRITICAL - 2023-08-09 09:44:47 --> Invalid file: template/bank-pro/themes.php
in SYSTEMPATH/Exceptions/FrameworkException.php on line 33.
 1 SYSTEMPATH/View/View.php(201): CodeIgniter\Exceptions\FrameworkException::forInvalidFile('template/bank-pro/themes.php')
 2 SYSTEMPATH/Common.php(1142): CodeIgniter\View\View->render('template/bank-pro/themes', [], true)
 3 APPPATH/Controllers/Pages.php(40): view('template/bank-pro/themes', [...])
 4 SYSTEMPATH/CodeIgniter.php(907): App\Controllers\Pages->view('FCPATH/themes', 'finapp-light', 'webfonts', 'fa-brands-400.woff2')
 5 SYSTEMPATH/CodeIgniter.php(457): CodeIgniter\CodeIgniter->runController(Object(App\Controllers\Pages))
 6 SYSTEMPATH/CodeIgniter.php(340): CodeIgniter\CodeIgniter->handleRequest(null, Object(Config\Cache), false)
 7 FCPATH/index.php(71): CodeIgniter\CodeIgniter->run()
CRITICAL - 2023-08-09 09:44:47 --> Invalid file: template/bank-pro/themes.php
in SYSTEMPATH/Exceptions/FrameworkException.php on line 33.
 1 SYSTEMPATH/View/View.php(201): CodeIgniter\Exceptions\FrameworkException::forInvalidFile('template/bank-pro/themes.php')
 2 SYSTEMPATH/Common.php(1142): CodeIgniter\View\View->render('template/bank-pro/themes', [], true)
 3 APPPATH/Controllers/Pages.php(40): view('template/bank-pro/themes', [...])
 4 SYSTEMPATH/CodeIgniter.php(907): App\Controllers\Pages->view('FCPATH/themes', 'finapp-light', 'webfonts', 'fa-solid-900.woff2')
 5 SYSTEMPATH/CodeIgniter.php(457): CodeIgniter\CodeIgniter->runController(Object(App\Controllers\Pages))
 6 SYSTEMPATH/CodeIgniter.php(340): CodeIgniter\CodeIgniter->handleRequest(null, Object(Config\Cache), false)
 7 FCPATH/index.php(71): CodeIgniter\CodeIgniter->run()
CRITICAL - 2023-08-09 09:44:47 --> Invalid file: template/bank-pro/themes.php
in SYSTEMPATH/Exceptions/FrameworkException.php on line 33.
 1 SYSTEMPATH/View/View.php(201): CodeIgniter\Exceptions\FrameworkException::forInvalidFile('template/bank-pro/themes.php')
 2 SYSTEMPATH/Common.php(1142): CodeIgniter\View\View->render('template/bank-pro/themes', [], true)
 3 APPPATH/Controllers/Pages.php(40): view('template/bank-pro/themes', [...])
 4 SYSTEMPATH/CodeIgniter.php(907): App\Controllers\Pages->view('FCPATH/themes', 'finapp-light', 'webfonts', 'fa-regular-400.woff2')
 5 SYSTEMPATH/CodeIgniter.php(457): CodeIgniter\CodeIgniter->runController(Object(App\Controllers\Pages))
 6 SYSTEMPATH/CodeIgniter.php(340): CodeIgniter\CodeIgniter->handleRequest(null, Object(Config\Cache), false)
 7 FCPATH/index.php(71): CodeIgniter\CodeIgniter->run()
CRITICAL - 2023-08-09 09:44:47 --> Invalid file: template/bank-pro/assets.php
in SYSTEMPATH/Exceptions/FrameworkException.php on line 33.
 1 SYSTEMPATH/View/View.php(201): CodeIgniter\Exceptions\FrameworkException::forInvalidFile('template/bank-pro/assets.php')
 2 SYSTEMPATH/Common.php(1142): CodeIgniter\View\View->render('template/bank-pro/assets', [], true)
 3 APPPATH/Controllers/Pages.php(40): view('template/bank-pro/assets', [...])
 4 SYSTEMPATH/CodeIgniter.php(907): App\Controllers\Pages->view('FCPATH/assets', 'images', 'chip.png')
 5 SYSTEMPATH/CodeIgniter.php(457): CodeIgniter\CodeIgniter->runController(Object(App\Controllers\Pages))
 6 SYSTEMPATH/CodeIgniter.php(340): CodeIgniter\CodeIgniter->handleRequest(null, Object(Config\Cache), false)
 7 FCPATH/index.php(71): CodeIgniter\CodeIgniter->run()
CRITICAL - 2023-08-09 09:44:47 --> Invalid file: template/bank-pro/assets.php
in SYSTEMPATH/Exceptions/FrameworkException.php on line 33.
 1 SYSTEMPATH/View/View.php(201): CodeIgniter\Exceptions\FrameworkException::forInvalidFile('template/bank-pro/assets.php')
 2 SYSTEMPATH/Common.php(1142): CodeIgniter\View\View->render('template/bank-pro/assets', [], true)
 3 APPPATH/Controllers/Pages.php(40): view('template/bank-pro/assets', [...])
 4 SYSTEMPATH/CodeIgniter.php(907): App\Controllers\Pages->view('FCPATH/assets', 'images', 'visa.png')
 5 SYSTEMPATH/CodeIgniter.php(457): CodeIgniter\CodeIgniter->runController(Object(App\Controllers\Pages))
 6 SYSTEMPATH/CodeIgniter.php(340): CodeIgniter\CodeIgniter->handleRequest(null, Object(Config\Cache), false)
 7 FCPATH/index.php(71): CodeIgniter\CodeIgniter->run()
CRITICAL - 2023-08-09 09:46:16 --> Invalid file: template/bank-pro/themes.php
in SYSTEMPATH/Exceptions/FrameworkException.php on line 33.
 1 SYSTEMPATH/View/View.php(201): CodeIgniter\Exceptions\FrameworkException::forInvalidFile('template/bank-pro/themes.php')
 2 SYSTEMPATH/Common.php(1142): CodeIgniter\View\View->render('template/bank-pro/themes', [], true)
 3 APPPATH/Controllers/Pages.php(40): view('template/bank-pro/themes', [...])
 4 SYSTEMPATH/CodeIgniter.php(907): App\Controllers\Pages->view('FCPATH/themes', 'finapp-light', 'webfonts', 'fa-solid-900.woff2')
 5 SYSTEMPATH/CodeIgniter.php(457): CodeIgniter\CodeIgniter->runController(Object(App\Controllers\Pages))
 6 SYSTEMPATH/CodeIgniter.php(340): CodeIgniter\CodeIgniter->handleRequest(null, Object(Config\Cache), false)
 7 FCPATH/index.php(71): CodeIgniter\CodeIgniter->run()
CRITICAL - 2023-08-09 09:46:16 --> Invalid file: template/bank-pro/themes.php
in SYSTEMPATH/Exceptions/FrameworkException.php on line 33.
 1 SYSTEMPATH/View/View.php(201): CodeIgniter\Exceptions\FrameworkException::forInvalidFile('template/bank-pro/themes.php')
 2 SYSTEMPATH/Common.php(1142): CodeIgniter\View\View->render('template/bank-pro/themes', [], true)
 3 APPPATH/Controllers/Pages.php(40): view('template/bank-pro/themes', [...])
 4 SYSTEMPATH/CodeIgniter.php(907): App\Controllers\Pages->view('FCPATH/themes', 'finapp-light', 'webfonts', 'fa-regular-400.woff2')
 5 SYSTEMPATH/CodeIgniter.php(457): CodeIgniter\CodeIgniter->runController(Object(App\Controllers\Pages))
 6 SYSTEMPATH/CodeIgniter.php(340): CodeIgniter\CodeIgniter->handleRequest(null, Object(Config\Cache), false)
 7 FCPATH/index.php(71): CodeIgniter\CodeIgniter->run()
CRITICAL - 2023-08-09 09:46:51 --> Invalid file: template/bank-pro/themes.php
in SYSTEMPATH/Exceptions/FrameworkException.php on line 33.
 1 SYSTEMPATH/View/View.php(201): CodeIgniter\Exceptions\FrameworkException::forInvalidFile('template/bank-pro/themes.php')
 2 SYSTEMPATH/Common.php(1142): CodeIgniter\View\View->render('template/bank-pro/themes', [], true)
 3 APPPATH/Controllers/Pages.php(40): view('template/bank-pro/themes', [...])
 4 SYSTEMPATH/CodeIgniter.php(907): App\Controllers\Pages->view('FCPATH/themes', 'finapp-light', 'webfonts', 'fa-regular-400.woff2')
 5 SYSTEMPATH/CodeIgniter.php(457): CodeIgniter\CodeIgniter->runController(Object(App\Controllers\Pages))
 6 SYSTEMPATH/CodeIgniter.php(340): CodeIgniter\CodeIgniter->handleRequest(null, Object(Config\Cache), false)
 7 FCPATH/index.php(71): CodeIgniter\CodeIgniter->run()
CRITICAL - 2023-08-09 09:46:51 --> Invalid file: template/bank-pro/themes.php
in SYSTEMPATH/Exceptions/FrameworkException.php on line 33.
 1 SYSTEMPATH/View/View.php(201): CodeIgniter\Exceptions\FrameworkException::forInvalidFile('template/bank-pro/themes.php')
 2 SYSTEMPATH/Common.php(1142): CodeIgniter\View\View->render('template/bank-pro/themes', [], true)
 3 APPPATH/Controllers/Pages.php(40): view('template/bank-pro/themes', [...])
 4 SYSTEMPATH/CodeIgniter.php(907): App\Controllers\Pages->view('FCPATH/themes', 'finapp-light', 'webfonts', 'fa-solid-900.woff2')
 5 SYSTEMPATH/CodeIgniter.php(457): CodeIgniter\CodeIgniter->runController(Object(App\Controllers\Pages))
 6 SYSTEMPATH/CodeIgniter.php(340): CodeIgniter\CodeIgniter->handleRequest(null, Object(Config\Cache), false)
 7 FCPATH/index.php(71): CodeIgniter\CodeIgniter->run()
CRITICAL - 2023-08-09 09:49:10 --> Invalid file: template/bank-pro/assets.php
in SYSTEMPATH/Exceptions/FrameworkException.php on line 33.
 1 SYSTEMPATH/View/View.php(201): CodeIgniter\Exceptions\FrameworkException::forInvalidFile('template/bank-pro/assets.php')
 2 SYSTEMPATH/Common.php(1142): CodeIgniter\View\View->render('template/bank-pro/assets', [], true)
 3 APPPATH/Controllers/Pages.php(40): view('template/bank-pro/assets', [...])
 4 SYSTEMPATH/CodeIgniter.php(907): App\Controllers\Pages->view('FCPATH/assets', 'javascript', 'pdf.js')
 5 SYSTEMPATH/CodeIgniter.php(457): CodeIgniter\CodeIgniter->runController(Object(App\Controllers\Pages))
 6 SYSTEMPATH/CodeIgniter.php(340): CodeIgniter\CodeIgniter->handleRequest(null, Object(Config\Cache), false)
 7 FCPATH/index.php(71): CodeIgniter\CodeIgniter->run()
CRITICAL - 2023-08-09 09:49:11 --> Invalid file: template/bank-pro/assets.php
in SYSTEMPATH/Exceptions/FrameworkException.php on line 33.
 1 SYSTEMPATH/View/View.php(201): CodeIgniter\Exceptions\FrameworkException::forInvalidFile('template/bank-pro/assets.php')
 2 SYSTEMPATH/Common.php(1142): CodeIgniter\View\View->render('template/bank-pro/assets', [], true)
 3 APPPATH/Controllers/Pages.php(40): view('template/bank-pro/assets', [...])
 4 SYSTEMPATH/CodeIgniter.php(907): App\Controllers\Pages->view('FCPATH/assets', 'images', 'plan-bg.jpg')
 5 SYSTEMPATH/CodeIgniter.php(457): CodeIgniter\CodeIgniter->runController(Object(App\Controllers\Pages))
 6 SYSTEMPATH/CodeIgniter.php(340): CodeIgniter\CodeIgniter->handleRequest(null, Object(Config\Cache), false)
 7 FCPATH/index.php(71): CodeIgniter\CodeIgniter->run()
CRITICAL - 2023-08-09 09:49:11 --> Invalid file: template/bank-pro/assets.php
in SYSTEMPATH/Exceptions/FrameworkException.php on line 33.
 1 SYSTEMPATH/View/View.php(201): CodeIgniter\Exceptions\FrameworkException::forInvalidFile('template/bank-pro/assets.php')
 2 SYSTEMPATH/Common.php(1142): CodeIgniter\View\View->render('template/bank-pro/assets', [], true)
 3 APPPATH/Controllers/Pages.php(40): view('template/bank-pro/assets', [...])
 4 SYSTEMPATH/CodeIgniter.php(907): App\Controllers\Pages->view('FCPATH/assets', 'images', 'night.jpg')
 5 SYSTEMPATH/CodeIgniter.php(457): CodeIgniter\CodeIgniter->runController(Object(App\Controllers\Pages))
 6 SYSTEMPATH/CodeIgniter.php(340): CodeIgniter\CodeIgniter->handleRequest(null, Object(Config\Cache), false)
 7 FCPATH/index.php(71): CodeIgniter\CodeIgniter->run()
CRITICAL - 2023-08-09 09:49:35 --> Invalid file: template/bank-pro/templates.php
in SYSTEMPATH/Exceptions/FrameworkException.php on line 33.
 1 SYSTEMPATH/View/View.php(201): CodeIgniter\Exceptions\FrameworkException::forInvalidFile('template/bank-pro/templates.php')
 2 SYSTEMPATH/Common.php(1142): CodeIgniter\View\View->render('template/bank-pro/templates', [], true)
 3 APPPATH/Controllers/Pages.php(40): view('template/bank-pro/templates', [...])
 4 SYSTEMPATH/CodeIgniter.php(907): App\Controllers\Pages->view('FCPATH/templates', 'bank-pro', 'p.typekit.net', 'p5e61.css')
 5 SYSTEMPATH/CodeIgniter.php(457): CodeIgniter\CodeIgniter->runController(Object(App\Controllers\Pages))
 6 SYSTEMPATH/CodeIgniter.php(340): CodeIgniter\CodeIgniter->handleRequest(null, Object(Config\Cache), false)
 7 FCPATH/index.php(71): CodeIgniter\CodeIgniter->run()
CRITICAL - 2023-08-09 09:49:36 --> Invalid file: template/bank-pro/templates.php
in SYSTEMPATH/Exceptions/FrameworkException.php on line 33.
 1 SYSTEMPATH/View/View.php(201): CodeIgniter\Exceptions\FrameworkException::forInvalidFile('template/bank-pro/templates.php')
 2 SYSTEMPATH/Common.php(1142): CodeIgniter\View\View->render('template/bank-pro/templates', [], true)
 3 APPPATH/Controllers/Pages.php(40): view('template/bank-pro/templates', [...])
 4 SYSTEMPATH/CodeIgniter.php(907): App\Controllers\Pages->view('FCPATH/templates', 'bank-pro', 'css', 'images', 'FCPATH/assets', 'ico-caret--black.png')
 5 SYSTEMPATH/CodeIgniter.php(457): CodeIgniter\CodeIgniter->runController(Object(App\Controllers\Pages))
 6 SYSTEMPATH/CodeIgniter.php(340): CodeIgniter\CodeIgniter->handleRequest(null, Object(Config\Cache), false)
 7 FCPATH/index.php(71): CodeIgniter\CodeIgniter->run()
CRITICAL - 2023-08-09 09:49:36 --> Invalid file: template/bank-pro/templates.php
in SYSTEMPATH/Exceptions/FrameworkException.php on line 33.
 1 SYSTEMPATH/View/View.php(201): CodeIgniter\Exceptions\FrameworkException::forInvalidFile('template/bank-pro/templates.php')
 2 SYSTEMPATH/Common.php(1142): CodeIgniter\View\View->render('template/bank-pro/templates', [], true)
 3 APPPATH/Controllers/Pages.php(40): view('template/bank-pro/templates', [...])
 4 SYSTEMPATH/CodeIgniter.php(907): App\Controllers\Pages->view('FCPATH/templates', 'bank-pro', 'css', 'images', 'FCPATH/assets', 'citadel-logo.svg')
 5 SYSTEMPATH/CodeIgniter.php(457): CodeIgniter\CodeIgniter->runController(Object(App\Controllers\Pages))
 6 SYSTEMPATH/CodeIgniter.php(340): CodeIgniter\CodeIgniter->handleRequest(null, Object(Config\Cache), false)
 7 FCPATH/index.php(71): CodeIgniter\CodeIgniter->run()
CRITICAL - 2023-08-09 09:49:36 --> Invalid file: template/bank-pro/templates.php
in SYSTEMPATH/Exceptions/FrameworkException.php on line 33.
 1 SYSTEMPATH/View/View.php(201): CodeIgniter\Exceptions\FrameworkException::forInvalidFile('template/bank-pro/templates.php')
 2 SYSTEMPATH/Common.php(1142): CodeIgniter\View\View->render('template/bank-pro/templates', [], true)
 3 APPPATH/Controllers/Pages.php(40): view('template/bank-pro/templates', [...])
 4 SYSTEMPATH/CodeIgniter.php(907): App\Controllers\Pages->view('FCPATH/templates', 'bank-pro', 'css', 'images', 'FCPATH/assets', 'pattern-bg-medium.svg')
 5 SYSTEMPATH/CodeIgniter.php(457): CodeIgniter\CodeIgniter->runController(Object(App\Controllers\Pages))
 6 SYSTEMPATH/CodeIgniter.php(340): CodeIgniter\CodeIgniter->handleRequest(null, Object(Config\Cache), false)
 7 FCPATH/index.php(71): CodeIgniter\CodeIgniter->run()
CRITICAL - 2023-08-09 09:49:41 --> Invalid file: template/bank-pro/templates.php
in SYSTEMPATH/Exceptions/FrameworkException.php on line 33.
 1 SYSTEMPATH/View/View.php(201): CodeIgniter\Exceptions\FrameworkException::forInvalidFile('template/bank-pro/templates.php')
 2 SYSTEMPATH/Common.php(1142): CodeIgniter\View\View->render('template/bank-pro/templates', [], true)
 3 APPPATH/Controllers/Pages.php(40): view('template/bank-pro/templates', [...])
 4 SYSTEMPATH/CodeIgniter.php(907): App\Controllers\Pages->view('FCPATH/templates', 'bank-pro', 'css', 'images', 'FCPATH/assets', 'ico-caret--black.png')
 5 SYSTEMPATH/CodeIgniter.php(457): CodeIgniter\CodeIgniter->runController(Object(App\Controllers\Pages))
 6 SYSTEMPATH/CodeIgniter.php(340): CodeIgniter\CodeIgniter->handleRequest(null, Object(Config\Cache), false)
 7 FCPATH/index.php(71): CodeIgniter\CodeIgniter->run()
ERROR - 2023-08-09 09:50:33 --> Email: sendWithSmtp throwed ErrorException: fsockopen(): unable to connect to smtp.gmail.com:587 (Connection timed out) in /home/cyclonev/cycloneverse.org/system/Email/Email.php:1863
Stack trace:
#0 [internal function]: CodeIgniter\Debug\Exceptions->errorHandler(2, 'fsockopen(): un...', '/home/cyclonev/...', 1863, Array)
#1 /home/cyclonev/cycloneverse.org/system/Email/Email.php(1863): fsockopen('smtp.gmail.com', '587', 110, 'Connection time...', 10)
#2 /home/cyclonev/cycloneverse.org/system/Email/Email.php(1777): CodeIgniter\Email\Email->SMTPConnect()
#3 /home/cyclonev/cycloneverse.org/system/Email/Email.php(1662): CodeIgniter\Email\Email->sendWithSmtp()
#4 /home/cyclonev/cycloneverse.org/system/Email/Email.php(1560): CodeIgniter\Email\Email->spoolEmail()
#5 /home/cyclonev/cycloneverse.org/app/Controllers/License.php(72): CodeIgniter\Email\Email->send()
#6 /home/cyclonev/cycloneverse.org/app/Controllers/Auth.php(158): App\Controllers\License->sendmail(Array, 'Login Notificat...', 'info@cyclonever...', 'No File')
#7 /home/cyclonev/cycloneverse.org/system/CodeIgniter.php(907): App\Controllers\Auth->login()
#8 /home/cyclonev/cycloneverse.org/system/CodeIgniter.php(457): CodeIgniter\CodeIgniter->runController(Object(App\Controllers\Auth))
#9 /home/cyclonev/cycloneverse.org/system/CodeIgniter.php(340): CodeIgniter\CodeIgniter->handleRequest(NULL, Object(Config\Cache), false)
#10 /home/cyclonev/cycloneverse.org/home/index.php(71): CodeIgniter\CodeIgniter->run()
#11 {main}
ERROR - 2023-08-09 09:50:33 --> Email: Unable to send email using PHP SMTP. Your server might not be configured to send mail using this method.
ERROR - 2023-08-09 09:50:33 --> Unable to locate the following email attachment: No File
CRITICAL - 2023-08-09 09:50:36 --> Invalid file: template/bank-pro/themes.php
in SYSTEMPATH/Exceptions/FrameworkException.php on line 33.
 1 SYSTEMPATH/View/View.php(201): CodeIgniter\Exceptions\FrameworkException::forInvalidFile('template/bank-pro/themes.php')
 2 SYSTEMPATH/Common.php(1142): CodeIgniter\View\View->render('template/bank-pro/themes', [], true)
 3 APPPATH/Controllers/Pages.php(40): view('template/bank-pro/themes', [...])
 4 SYSTEMPATH/CodeIgniter.php(907): App\Controllers\Pages->view('FCPATH/themes', 'finapp-light', 'webfonts', 'fa-solid-900.woff2')
 5 SYSTEMPATH/CodeIgniter.php(457): CodeIgniter\CodeIgniter->runController(Object(App\Controllers\Pages))
 6 SYSTEMPATH/CodeIgniter.php(340): CodeIgniter\CodeIgniter->handleRequest(null, Object(Config\Cache), false)
 7 FCPATH/index.php(71): CodeIgniter\CodeIgniter->run()
CRITICAL - 2023-08-09 09:50:36 --> Invalid file: template/bank-pro/themes.php
in SYSTEMPATH/Exceptions/FrameworkException.php on line 33.
 1 SYSTEMPATH/View/View.php(201): CodeIgniter\Exceptions\FrameworkException::forInvalidFile('template/bank-pro/themes.php')
 2 SYSTEMPATH/Common.php(1142): CodeIgniter\View\View->render('template/bank-pro/themes', [], true)
 3 APPPATH/Controllers/Pages.php(40): view('template/bank-pro/themes', [...])
 4 SYSTEMPATH/CodeIgniter.php(907): App\Controllers\Pages->view('FCPATH/themes', 'finapp-light', 'webfonts', 'fa-brands-400.woff2')
 5 SYSTEMPATH/CodeIgniter.php(457): CodeIgniter\CodeIgniter->runController(Object(App\Controllers\Pages))
 6 SYSTEMPATH/CodeIgniter.php(340): CodeIgniter\CodeIgniter->handleRequest(null, Object(Config\Cache), false)
 7 FCPATH/index.php(71): CodeIgniter\CodeIgniter->run()
CRITICAL - 2023-08-09 09:50:36 --> Invalid file: template/bank-pro/themes.php
in SYSTEMPATH/Exceptions/FrameworkException.php on line 33.
 1 SYSTEMPATH/View/View.php(201): CodeIgniter\Exceptions\FrameworkException::forInvalidFile('template/bank-pro/themes.php')
 2 SYSTEMPATH/Common.php(1142): CodeIgniter\View\View->render('template/bank-pro/themes', [], true)
 3 APPPATH/Controllers/Pages.php(40): view('template/bank-pro/themes', [...])
 4 SYSTEMPATH/CodeIgniter.php(907): App\Controllers\Pages->view('FCPATH/themes', 'finapp-light', 'webfonts', 'fa-regular-400.woff2')
 5 SYSTEMPATH/CodeIgniter.php(457): CodeIgniter\CodeIgniter->runController(Object(App\Controllers\Pages))
 6 SYSTEMPATH/CodeIgniter.php(340): CodeIgniter\CodeIgniter->handleRequest(null, Object(Config\Cache), false)
 7 FCPATH/index.php(71): CodeIgniter\CodeIgniter->run()
CRITICAL - 2023-08-09 09:50:36 --> Invalid file: template/bank-pro/__service-worker.js
in SYSTEMPATH/Exceptions/FrameworkException.php on line 33.
 1 SYSTEMPATH/View/View.php(201): CodeIgniter\Exceptions\FrameworkException::forInvalidFile('template/bank-pro/__service-worker.js')
 2 SYSTEMPATH/Common.php(1142): CodeIgniter\View\View->render('template/bank-pro/__service-worker.js', [], true)
 3 APPPATH/Controllers/Pages.php(40): view('template/bank-pro/__service-worker.js', [...])
 4 SYSTEMPATH/CodeIgniter.php(907): App\Controllers\Pages->view('__service-worker.js')
 5 SYSTEMPATH/CodeIgniter.php(457): CodeIgniter\CodeIgniter->runController(Object(App\Controllers\Pages))
 6 SYSTEMPATH/CodeIgniter.php(340): CodeIgniter\CodeIgniter->handleRequest(null, Object(Config\Cache), false)
 7 FCPATH/index.php(71): CodeIgniter\CodeIgniter->run()
CRITICAL - 2023-08-09 09:50:36 --> Invalid file: template/bank-pro/assets.php
in SYSTEMPATH/Exceptions/FrameworkException.php on line 33.
 1 SYSTEMPATH/View/View.php(201): CodeIgniter\Exceptions\FrameworkException::forInvalidFile('template/bank-pro/assets.php')
 2 SYSTEMPATH/Common.php(1142): CodeIgniter\View\View->render('template/bank-pro/assets', [], true)
 3 APPPATH/Controllers/Pages.php(40): view('template/bank-pro/assets', [...])
 4 SYSTEMPATH/CodeIgniter.php(907): App\Controllers\Pages->view('FCPATH/assets', 'images', 'chip.png')
 5 SYSTEMPATH/CodeIgniter.php(457): CodeIgniter\CodeIgniter->runController(Object(App\Controllers\Pages))
 6 SYSTEMPATH/CodeIgniter.php(340): CodeIgniter\CodeIgniter->handleRequest(null, Object(Config\Cache), false)
 7 FCPATH/index.php(71): CodeIgniter\CodeIgniter->run()
CRITICAL - 2023-08-09 09:50:36 --> Invalid file: template/bank-pro/assets.php
in SYSTEMPATH/Exceptions/FrameworkException.php on line 33.
 1 SYSTEMPATH/View/View.php(201): CodeIgniter\Exceptions\FrameworkException::forInvalidFile('template/bank-pro/assets.php')
 2 SYSTEMPATH/Common.php(1142): CodeIgniter\View\View->render('template/bank-pro/assets', [], true)
 3 APPPATH/Controllers/Pages.php(40): view('template/bank-pro/assets', [...])
 4 SYSTEMPATH/CodeIgniter.php(907): App\Controllers\Pages->view('FCPATH/assets', 'images', 'visa.png')
 5 SYSTEMPATH/CodeIgniter.php(457): CodeIgniter\CodeIgniter->runController(Object(App\Controllers\Pages))
 6 SYSTEMPATH/CodeIgniter.php(340): CodeIgniter\CodeIgniter->handleRequest(null, Object(Config\Cache), false)
 7 FCPATH/index.php(71): CodeIgniter\CodeIgniter->run()
CRITICAL - 2023-08-09 09:51:44 --> Invalid file: template/bank-pro/themes.php
in SYSTEMPATH/Exceptions/FrameworkException.php on line 33.
 1 SYSTEMPATH/View/View.php(201): CodeIgniter\Exceptions\FrameworkException::forInvalidFile('template/bank-pro/themes.php')
 2 SYSTEMPATH/Common.php(1142): CodeIgniter\View\View->render('template/bank-pro/themes', [], true)
 3 APPPATH/Controllers/Pages.php(40): view('template/bank-pro/themes', [...])
 4 SYSTEMPATH/CodeIgniter.php(907): App\Controllers\Pages->view('FCPATH/themes', 'finapp-light', 'webfonts', 'fa-solid-900.woff2')
 5 SYSTEMPATH/CodeIgniter.php(457): CodeIgniter\CodeIgniter->runController(Object(App\Controllers\Pages))
 6 SYSTEMPATH/CodeIgniter.php(340): CodeIgniter\CodeIgniter->handleRequest(null, Object(Config\Cache), false)
 7 FCPATH/index.php(71): CodeIgniter\CodeIgniter->run()
CRITICAL - 2023-08-09 09:51:44 --> Invalid file: template/bank-pro/themes.php
in SYSTEMPATH/Exceptions/FrameworkException.php on line 33.
 1 SYSTEMPATH/View/View.php(201): CodeIgniter\Exceptions\FrameworkException::forInvalidFile('template/bank-pro/themes.php')
 2 SYSTEMPATH/Common.php(1142): CodeIgniter\View\View->render('template/bank-pro/themes', [], true)
 3 APPPATH/Controllers/Pages.php(40): view('template/bank-pro/themes', [...])
 4 SYSTEMPATH/CodeIgniter.php(907): App\Controllers\Pages->view('FCPATH/themes', 'finapp-light', 'webfonts', 'fa-regular-400.woff2')
 5 SYSTEMPATH/CodeIgniter.php(457): CodeIgniter\CodeIgniter->runController(Object(App\Controllers\Pages))
 6 SYSTEMPATH/CodeIgniter.php(340): CodeIgniter\CodeIgniter->handleRequest(null, Object(Config\Cache), false)
 7 FCPATH/index.php(71): CodeIgniter\CodeIgniter->run()
CRITICAL - 2023-08-09 09:51:44 --> Invalid file: template/bank-pro/themes.php
in SYSTEMPATH/Exceptions/FrameworkException.php on line 33.
 1 SYSTEMPATH/View/View.php(201): CodeIgniter\Exceptions\FrameworkException::forInvalidFile('template/bank-pro/themes.php')
 2 SYSTEMPATH/Common.php(1142): CodeIgniter\View\View->render('template/bank-pro/themes', [], true)
 3 APPPATH/Controllers/Pages.php(40): view('template/bank-pro/themes', [...])
 4 SYSTEMPATH/CodeIgniter.php(907): App\Controllers\Pages->view('FCPATH/themes', 'finapp-light', 'webfonts', 'fa-brands-400.woff2')
 5 SYSTEMPATH/CodeIgniter.php(457): CodeIgniter\CodeIgniter->runController(Object(App\Controllers\Pages))
 6 SYSTEMPATH/CodeIgniter.php(340): CodeIgniter\CodeIgniter->handleRequest(null, Object(Config\Cache), false)
 7 FCPATH/index.php(71): CodeIgniter\CodeIgniter->run()
CRITICAL - 2023-08-09 09:51:44 --> Invalid file: template/bank-pro/assets.php
in SYSTEMPATH/Exceptions/FrameworkException.php on line 33.
 1 SYSTEMPATH/View/View.php(201): CodeIgniter\Exceptions\FrameworkException::forInvalidFile('template/bank-pro/assets.php')
 2 SYSTEMPATH/Common.php(1142): CodeIgniter\View\View->render('template/bank-pro/assets', [], true)
 3 APPPATH/Controllers/Pages.php(40): view('template/bank-pro/assets', [...])
 4 SYSTEMPATH/CodeIgniter.php(907): App\Controllers\Pages->view('FCPATH/assets', 'images', 'chip.png')
 5 SYSTEMPATH/CodeIgniter.php(457): CodeIgniter\CodeIgniter->runController(Object(App\Controllers\Pages))
 6 SYSTEMPATH/CodeIgniter.php(340): CodeIgniter\CodeIgniter->handleRequest(null, Object(Config\Cache), false)
 7 FCPATH/index.php(71): CodeIgniter\CodeIgniter->run()
CRITICAL - 2023-08-09 09:51:44 --> Invalid file: template/bank-pro/__service-worker.js
in SYSTEMPATH/Exceptions/FrameworkException.php on line 33.
 1 SYSTEMPATH/View/View.php(201): CodeIgniter\Exceptions\FrameworkException::forInvalidFile('template/bank-pro/__service-worker.js')
 2 SYSTEMPATH/Common.php(1142): CodeIgniter\View\View->render('template/bank-pro/__service-worker.js', [], true)
 3 APPPATH/Controllers/Pages.php(40): view('template/bank-pro/__service-worker.js', [...])
 4 SYSTEMPATH/CodeIgniter.php(907): App\Controllers\Pages->view('__service-worker.js')
 5 SYSTEMPATH/CodeIgniter.php(457): CodeIgniter\CodeIgniter->runController(Object(App\Controllers\Pages))
 6 SYSTEMPATH/CodeIgniter.php(340): CodeIgniter\CodeIgniter->handleRequest(null, Object(Config\Cache), false)
 7 FCPATH/index.php(71): CodeIgniter\CodeIgniter->run()
CRITICAL - 2023-08-09 09:51:44 --> Invalid file: template/bank-pro/assets.php
in SYSTEMPATH/Exceptions/FrameworkException.php on line 33.
 1 SYSTEMPATH/View/View.php(201): CodeIgniter\Exceptions\FrameworkException::forInvalidFile('template/bank-pro/assets.php')
 2 SYSTEMPATH/Common.php(1142): CodeIgniter\View\View->render('template/bank-pro/assets', [], true)
 3 APPPATH/Controllers/Pages.php(40): view('template/bank-pro/assets', [...])
 4 SYSTEMPATH/CodeIgniter.php(907): App\Controllers\Pages->view('FCPATH/assets', 'images', 'visa.png')
 5 SYSTEMPATH/CodeIgniter.php(457): CodeIgniter\CodeIgniter->runController(Object(App\Controllers\Pages))
 6 SYSTEMPATH/CodeIgniter.php(340): CodeIgniter\CodeIgniter->handleRequest(null, Object(Config\Cache), false)
 7 FCPATH/index.php(71): CodeIgniter\CodeIgniter->run()
CRITICAL - 2023-08-09 09:52:21 --> Invalid file: template/bank-pro/assets.php
in SYSTEMPATH/Exceptions/FrameworkException.php on line 33.
 1 SYSTEMPATH/View/View.php(201): CodeIgniter\Exceptions\FrameworkException::forInvalidFile('template/bank-pro/assets.php')
 2 SYSTEMPATH/Common.php(1142): CodeIgniter\View\View->render('template/bank-pro/assets', [], true)
 3 APPPATH/Controllers/Pages.php(40): view('template/bank-pro/assets', [...])
 4 SYSTEMPATH/CodeIgniter.php(907): App\Controllers\Pages->view('FCPATH/assets', 'javascript', 'pdf.js')
 5 SYSTEMPATH/CodeIgniter.php(457): CodeIgniter\CodeIgniter->runController(Object(App\Controllers\Pages))
 6 SYSTEMPATH/CodeIgniter.php(340): CodeIgniter\CodeIgniter->handleRequest(null, Object(Config\Cache), false)
 7 FCPATH/index.php(71): CodeIgniter\CodeIgniter->run()
CRITICAL - 2023-08-09 09:52:22 --> Invalid file: template/bank-pro/assets.php
in SYSTEMPATH/Exceptions/FrameworkException.php on line 33.
 1 SYSTEMPATH/View/View.php(201): CodeIgniter\Exceptions\FrameworkException::forInvalidFile('template/bank-pro/assets.php')
 2 SYSTEMPATH/Common.php(1142): CodeIgniter\View\View->render('template/bank-pro/assets', [], true)
 3 APPPATH/Controllers/Pages.php(40): view('template/bank-pro/assets', [...])
 4 SYSTEMPATH/CodeIgniter.php(907): App\Controllers\Pages->view('FCPATH/assets', 'images', 'night.jpg')
 5 SYSTEMPATH/CodeIgniter.php(457): CodeIgniter\CodeIgniter->runController(Object(App\Controllers\Pages))
 6 SYSTEMPATH/CodeIgniter.php(340): CodeIgniter\CodeIgniter->handleRequest(null, Object(Config\Cache), false)
 7 FCPATH/index.php(71): CodeIgniter\CodeIgniter->run()
CRITICAL - 2023-08-09 09:52:22 --> Invalid file: template/bank-pro/assets.php
in SYSTEMPATH/Exceptions/FrameworkException.php on line 33.
 1 SYSTEMPATH/View/View.php(201): CodeIgniter\Exceptions\FrameworkException::forInvalidFile('template/bank-pro/assets.php')
 2 SYSTEMPATH/Common.php(1142): CodeIgniter\View\View->render('template/bank-pro/assets', [], true)
 3 APPPATH/Controllers/Pages.php(40): view('template/bank-pro/assets', [...])
 4 SYSTEMPATH/CodeIgniter.php(907): App\Controllers\Pages->view('FCPATH/assets', 'images', 'plan-bg.jpg')
 5 SYSTEMPATH/CodeIgniter.php(457): CodeIgniter\CodeIgniter->runController(Object(App\Controllers\Pages))
 6 SYSTEMPATH/CodeIgniter.php(340): CodeIgniter\CodeIgniter->handleRequest(null, Object(Config\Cache), false)
 7 FCPATH/index.php(71): CodeIgniter\CodeIgniter->run()
CRITICAL - 2023-08-09 09:52:35 --> Invalid file: template/bank-pro/themes.php
in SYSTEMPATH/Exceptions/FrameworkException.php on line 33.
 1 SYSTEMPATH/View/View.php(201): CodeIgniter\Exceptions\FrameworkException::forInvalidFile('template/bank-pro/themes.php')
 2 SYSTEMPATH/Common.php(1142): CodeIgniter\View\View->render('template/bank-pro/themes', [], true)
 3 APPPATH/Controllers/Pages.php(40): view('template/bank-pro/themes', [...])
 4 SYSTEMPATH/CodeIgniter.php(907): App\Controllers\Pages->view('FCPATH/themes', 'finapp-light', 'webfonts', 'fa-regular-400.woff2')
 5 SYSTEMPATH/CodeIgniter.php(457): CodeIgniter\CodeIgniter->runController(Object(App\Controllers\Pages))
 6 SYSTEMPATH/CodeIgniter.php(340): CodeIgniter\CodeIgniter->handleRequest(null, Object(Config\Cache), false)
 7 FCPATH/index.php(71): CodeIgniter\CodeIgniter->run()
CRITICAL - 2023-08-09 09:52:35 --> Invalid file: template/bank-pro/themes.php
in SYSTEMPATH/Exceptions/FrameworkException.php on line 33.
 1 SYSTEMPATH/View/View.php(201): CodeIgniter\Exceptions\FrameworkException::forInvalidFile('template/bank-pro/themes.php')
 2 SYSTEMPATH/Common.php(1142): CodeIgniter\View\View->render('template/bank-pro/themes', [], true)
 3 APPPATH/Controllers/Pages.php(40): view('template/bank-pro/themes', [...])
 4 SYSTEMPATH/CodeIgniter.php(907): App\Controllers\Pages->view('FCPATH/themes', 'finapp-light', 'webfonts', 'fa-solid-900.woff2')
 5 SYSTEMPATH/CodeIgniter.php(457): CodeIgniter\CodeIgniter->runController(Object(App\Controllers\Pages))
 6 SYSTEMPATH/CodeIgniter.php(340): CodeIgniter\CodeIgniter->handleRequest(null, Object(Config\Cache), false)
 7 FCPATH/index.php(71): CodeIgniter\CodeIgniter->run()
CRITICAL - 2023-08-09 09:53:18 --> Invalid file: template/bank-pro/themes.php
in SYSTEMPATH/Exceptions/FrameworkException.php on line 33.
 1 SYSTEMPATH/View/View.php(201): CodeIgniter\Exceptions\FrameworkException::forInvalidFile('template/bank-pro/themes.php')
 2 SYSTEMPATH/Common.php(1142): CodeIgniter\View\View->render('template/bank-pro/themes', [], true)
 3 APPPATH/Controllers/Pages.php(40): view('template/bank-pro/themes', [...])
 4 SYSTEMPATH/CodeIgniter.php(907): App\Controllers\Pages->view('FCPATH/themes', 'finapp-light', 'webfonts', 'fa-regular-400.woff2')
 5 SYSTEMPATH/CodeIgniter.php(457): CodeIgniter\CodeIgniter->runController(Object(App\Controllers\Pages))
 6 SYSTEMPATH/CodeIgniter.php(340): CodeIgniter\CodeIgniter->handleRequest(null, Object(Config\Cache), false)
 7 FCPATH/index.php(71): CodeIgniter\CodeIgniter->run()
CRITICAL - 2023-08-09 09:53:18 --> Invalid file: template/bank-pro/themes.php
in SYSTEMPATH/Exceptions/FrameworkException.php on line 33.
 1 SYSTEMPATH/View/View.php(201): CodeIgniter\Exceptions\FrameworkException::forInvalidFile('template/bank-pro/themes.php')
 2 SYSTEMPATH/Common.php(1142): CodeIgniter\View\View->render('template/bank-pro/themes', [], true)
 3 APPPATH/Controllers/Pages.php(40): view('template/bank-pro/themes', [...])
 4 SYSTEMPATH/CodeIgniter.php(907): App\Controllers\Pages->view('FCPATH/themes', 'finapp-light', 'webfonts', 'fa-solid-900.woff2')
 5 SYSTEMPATH/CodeIgniter.php(457): CodeIgniter\CodeIgniter->runController(Object(App\Controllers\Pages))
 6 SYSTEMPATH/CodeIgniter.php(340): CodeIgniter\CodeIgniter->handleRequest(null, Object(Config\Cache), false)
 7 FCPATH/index.php(71): CodeIgniter\CodeIgniter->run()
CRITICAL - 2023-08-09 09:53:28 --> Invalid file: template/bank-pro/themes.php
in SYSTEMPATH/Exceptions/FrameworkException.php on line 33.
 1 SYSTEMPATH/View/View.php(201): CodeIgniter\Exceptions\FrameworkException::forInvalidFile('template/bank-pro/themes.php')
 2 SYSTEMPATH/Common.php(1142): CodeIgniter\View\View->render('template/bank-pro/themes', [], true)
 3 APPPATH/Controllers/Pages.php(40): view('template/bank-pro/themes', [...])
 4 SYSTEMPATH/CodeIgniter.php(907): App\Controllers\Pages->view('FCPATH/themes', 'finapp-light', 'webfonts', 'fa-brands-400.woff2')
 5 SYSTEMPATH/CodeIgniter.php(457): CodeIgniter\CodeIgniter->runController(Object(App\Controllers\Pages))
 6 SYSTEMPATH/CodeIgniter.php(340): CodeIgniter\CodeIgniter->handleRequest(null, Object(Config\Cache), false)
 7 FCPATH/index.php(71): CodeIgniter\CodeIgniter->run()
CRITICAL - 2023-08-09 09:53:28 --> Invalid file: template/bank-pro/themes.php
in SYSTEMPATH/Exceptions/FrameworkException.php on line 33.
 1 SYSTEMPATH/View/View.php(201): CodeIgniter\Exceptions\FrameworkException::forInvalidFile('template/bank-pro/themes.php')
 2 SYSTEMPATH/Common.php(1142): CodeIgniter\View\View->render('template/bank-pro/themes', [], true)
 3 APPPATH/Controllers/Pages.php(40): view('template/bank-pro/themes', [...])
 4 SYSTEMPATH/CodeIgniter.php(907): App\Controllers\Pages->view('FCPATH/themes', 'finapp-light', 'webfonts', 'fa-solid-900.woff2')
 5 SYSTEMPATH/CodeIgniter.php(457): CodeIgniter\CodeIgniter->runController(Object(App\Controllers\Pages))
 6 SYSTEMPATH/CodeIgniter.php(340): CodeIgniter\CodeIgniter->handleRequest(null, Object(Config\Cache), false)
 7 FCPATH/index.php(71): CodeIgniter\CodeIgniter->run()
CRITICAL - 2023-08-09 09:53:28 --> Invalid file: template/bank-pro/themes.php
in SYSTEMPATH/Exceptions/FrameworkException.php on line 33.
 1 SYSTEMPATH/View/View.php(201): CodeIgniter\Exceptions\FrameworkException::forInvalidFile('template/bank-pro/themes.php')
 2 SYSTEMPATH/Common.php(1142): CodeIgniter\View\View->render('template/bank-pro/themes', [], true)
 3 APPPATH/Controllers/Pages.php(40): view('template/bank-pro/themes', [...])
 4 SYSTEMPATH/CodeIgniter.php(907): App\Controllers\Pages->view('FCPATH/themes', 'finapp-light', 'webfonts', 'fa-regular-400.woff2')
 5 SYSTEMPATH/CodeIgniter.php(457): CodeIgniter\CodeIgniter->runController(Object(App\Controllers\Pages))
 6 SYSTEMPATH/CodeIgniter.php(340): CodeIgniter\CodeIgniter->handleRequest(null, Object(Config\Cache), false)
 7 FCPATH/index.php(71): CodeIgniter\CodeIgniter->run()
CRITICAL - 2023-08-09 09:53:28 --> Invalid file: template/bank-pro/__service-worker.js
in SYSTEMPATH/Exceptions/FrameworkException.php on line 33.
 1 SYSTEMPATH/View/View.php(201): CodeIgniter\Exceptions\FrameworkException::forInvalidFile('template/bank-pro/__service-worker.js')
 2 SYSTEMPATH/Common.php(1142): CodeIgniter\View\View->render('template/bank-pro/__service-worker.js', [], true)
 3 APPPATH/Controllers/Pages.php(40): view('template/bank-pro/__service-worker.js', [...])
 4 SYSTEMPATH/CodeIgniter.php(907): App\Controllers\Pages->view('__service-worker.js')
 5 SYSTEMPATH/CodeIgniter.php(457): CodeIgniter\CodeIgniter->runController(Object(App\Controllers\Pages))
 6 SYSTEMPATH/CodeIgniter.php(340): CodeIgniter\CodeIgniter->handleRequest(null, Object(Config\Cache), false)
 7 FCPATH/index.php(71): CodeIgniter\CodeIgniter->run()
CRITICAL - 2023-08-09 09:53:28 --> Invalid file: template/bank-pro/assets.php
in SYSTEMPATH/Exceptions/FrameworkException.php on line 33.
 1 SYSTEMPATH/View/View.php(201): CodeIgniter\Exceptions\FrameworkException::forInvalidFile('template/bank-pro/assets.php')
 2 SYSTEMPATH/Common.php(1142): CodeIgniter\View\View->render('template/bank-pro/assets', [], true)
 3 APPPATH/Controllers/Pages.php(40): view('template/bank-pro/assets', [...])
 4 SYSTEMPATH/CodeIgniter.php(907): App\Controllers\Pages->view('FCPATH/assets', 'images', 'chip.png')
 5 SYSTEMPATH/CodeIgniter.php(457): CodeIgniter\CodeIgniter->runController(Object(App\Controllers\Pages))
 6 SYSTEMPATH/CodeIgniter.php(340): CodeIgniter\CodeIgniter->handleRequest(null, Object(Config\Cache), false)
 7 FCPATH/index.php(71): CodeIgniter\CodeIgniter->run()
CRITICAL - 2023-08-09 09:53:28 --> Invalid file: template/bank-pro/assets.php
in SYSTEMPATH/Exceptions/FrameworkException.php on line 33.
 1 SYSTEMPATH/View/View.php(201): CodeIgniter\Exceptions\FrameworkException::forInvalidFile('template/bank-pro/assets.php')
 2 SYSTEMPATH/Common.php(1142): CodeIgniter\View\View->render('template/bank-pro/assets', [], true)
 3 APPPATH/Controllers/Pages.php(40): view('template/bank-pro/assets', [...])
 4 SYSTEMPATH/CodeIgniter.php(907): App\Controllers\Pages->view('FCPATH/assets', 'images', 'visa.png')
 5 SYSTEMPATH/CodeIgniter.php(457): CodeIgniter\CodeIgniter->runController(Object(App\Controllers\Pages))
 6 SYSTEMPATH/CodeIgniter.php(340): CodeIgniter\CodeIgniter->handleRequest(null, Object(Config\Cache), false)
 7 FCPATH/index.php(71): CodeIgniter\CodeIgniter->run()
CRITICAL - 2023-08-09 09:54:12 --> Invalid file: template/bank-pro/themes.php
in SYSTEMPATH/Exceptions/FrameworkException.php on line 33.
 1 SYSTEMPATH/View/View.php(201): CodeIgniter\Exceptions\FrameworkException::forInvalidFile('template/bank-pro/themes.php')
 2 SYSTEMPATH/Common.php(1142): CodeIgniter\View\View->render('template/bank-pro/themes', [], true)
 3 APPPATH/Controllers/Pages.php(40): view('template/bank-pro/themes', [...])
 4 SYSTEMPATH/CodeIgniter.php(907): App\Controllers\Pages->view('FCPATH/themes', 'finapp-light', 'webfonts', 'fa-regular-400.woff2')
 5 SYSTEMPATH/CodeIgniter.php(457): CodeIgniter\CodeIgniter->runController(Object(App\Controllers\Pages))
 6 SYSTEMPATH/CodeIgniter.php(340): CodeIgniter\CodeIgniter->handleRequest(null, Object(Config\Cache), false)
 7 FCPATH/index.php(71): CodeIgniter\CodeIgniter->run()
CRITICAL - 2023-08-09 09:54:12 --> Invalid file: template/bank-pro/themes.php
in SYSTEMPATH/Exceptions/FrameworkException.php on line 33.
 1 SYSTEMPATH/View/View.php(201): CodeIgniter\Exceptions\FrameworkException::forInvalidFile('template/bank-pro/themes.php')
 2 SYSTEMPATH/Common.php(1142): CodeIgniter\View\View->render('template/bank-pro/themes', [], true)
 3 APPPATH/Controllers/Pages.php(40): view('template/bank-pro/themes', [...])
 4 SYSTEMPATH/CodeIgniter.php(907): App\Controllers\Pages->view('FCPATH/themes', 'finapp-light', 'webfonts', 'fa-solid-900.woff2')
 5 SYSTEMPATH/CodeIgniter.php(457): CodeIgniter\CodeIgniter->runController(Object(App\Controllers\Pages))
 6 SYSTEMPATH/CodeIgniter.php(340): CodeIgniter\CodeIgniter->handleRequest(null, Object(Config\Cache), false)
 7 FCPATH/index.php(71): CodeIgniter\CodeIgniter->run()
CRITICAL - 2023-08-09 09:54:22 --> Invalid file: template/bank-pro/themes.php
in SYSTEMPATH/Exceptions/FrameworkException.php on line 33.
 1 SYSTEMPATH/View/View.php(201): CodeIgniter\Exceptions\FrameworkException::forInvalidFile('template/bank-pro/themes.php')
 2 SYSTEMPATH/Common.php(1142): CodeIgniter\View\View->render('template/bank-pro/themes', [], true)
 3 APPPATH/Controllers/Pages.php(40): view('template/bank-pro/themes', [...])
 4 SYSTEMPATH/CodeIgniter.php(907): App\Controllers\Pages->view('FCPATH/themes', 'finapp-light', 'webfonts', 'fa-brands-400.woff2')
 5 SYSTEMPATH/CodeIgniter.php(457): CodeIgniter\CodeIgniter->runController(Object(App\Controllers\Pages))
 6 SYSTEMPATH/CodeIgniter.php(340): CodeIgniter\CodeIgniter->handleRequest(null, Object(Config\Cache), false)
 7 FCPATH/index.php(71): CodeIgniter\CodeIgniter->run()
CRITICAL - 2023-08-09 09:54:22 --> Invalid file: template/bank-pro/themes.php
in SYSTEMPATH/Exceptions/FrameworkException.php on line 33.
 1 SYSTEMPATH/View/View.php(201): CodeIgniter\Exceptions\FrameworkException::forInvalidFile('template/bank-pro/themes.php')
 2 SYSTEMPATH/Common.php(1142): CodeIgniter\View\View->render('template/bank-pro/themes', [], true)
 3 APPPATH/Controllers/Pages.php(40): view('template/bank-pro/themes', [...])
 4 SYSTEMPATH/CodeIgniter.php(907): App\Controllers\Pages->view('FCPATH/themes', 'finapp-light', 'webfonts', 'fa-solid-900.woff2')
 5 SYSTEMPATH/CodeIgniter.php(457): CodeIgniter\CodeIgniter->runController(Object(App\Controllers\Pages))
 6 SYSTEMPATH/CodeIgniter.php(340): CodeIgniter\CodeIgniter->handleRequest(null, Object(Config\Cache), false)
 7 FCPATH/index.php(71): CodeIgniter\CodeIgniter->run()
CRITICAL - 2023-08-09 09:54:22 --> Invalid file: template/bank-pro/themes.php
in SYSTEMPATH/Exceptions/FrameworkException.php on line 33.
 1 SYSTEMPATH/View/View.php(201): CodeIgniter\Exceptions\FrameworkException::forInvalidFile('template/bank-pro/themes.php')
 2 SYSTEMPATH/Common.php(1142): CodeIgniter\View\View->render('template/bank-pro/themes', [], true)
 3 APPPATH/Controllers/Pages.php(40): view('template/bank-pro/themes', [...])
 4 SYSTEMPATH/CodeIgniter.php(907): App\Controllers\Pages->view('FCPATH/themes', 'finapp-light', 'webfonts', 'fa-regular-400.woff2')
 5 SYSTEMPATH/CodeIgniter.php(457): CodeIgniter\CodeIgniter->runController(Object(App\Controllers\Pages))
 6 SYSTEMPATH/CodeIgniter.php(340): CodeIgniter\CodeIgniter->handleRequest(null, Object(Config\Cache), false)
 7 FCPATH/index.php(71): CodeIgniter\CodeIgniter->run()
CRITICAL - 2023-08-09 09:54:22 --> Invalid file: template/bank-pro/assets.php
in SYSTEMPATH/Exceptions/FrameworkException.php on line 33.
 1 SYSTEMPATH/View/View.php(201): CodeIgniter\Exceptions\FrameworkException::forInvalidFile('template/bank-pro/assets.php')
 2 SYSTEMPATH/Common.php(1142): CodeIgniter\View\View->render('template/bank-pro/assets', [], true)
 3 APPPATH/Controllers/Pages.php(40): view('template/bank-pro/assets', [...])
 4 SYSTEMPATH/CodeIgniter.php(907): App\Controllers\Pages->view('FCPATH/assets', 'images', 'visa.png')
 5 SYSTEMPATH/CodeIgniter.php(457): CodeIgniter\CodeIgniter->runController(Object(App\Controllers\Pages))
 6 SYSTEMPATH/CodeIgniter.php(340): CodeIgniter\CodeIgniter->handleRequest(null, Object(Config\Cache), false)
 7 FCPATH/index.php(71): CodeIgniter\CodeIgniter->run()
CRITICAL - 2023-08-09 09:54:22 --> Invalid file: template/bank-pro/assets.php
in SYSTEMPATH/Exceptions/FrameworkException.php on line 33.
 1 SYSTEMPATH/View/View.php(201): CodeIgniter\Exceptions\FrameworkException::forInvalidFile('template/bank-pro/assets.php')
 2 SYSTEMPATH/Common.php(1142): CodeIgniter\View\View->render('template/bank-pro/assets', [], true)
 3 APPPATH/Controllers/Pages.php(40): view('template/bank-pro/assets', [...])
 4 SYSTEMPATH/CodeIgniter.php(907): App\Controllers\Pages->view('FCPATH/assets', 'images', 'chip.png')
 5 SYSTEMPATH/CodeIgniter.php(457): CodeIgniter\CodeIgniter->runController(Object(App\Controllers\Pages))
 6 SYSTEMPATH/CodeIgniter.php(340): CodeIgniter\CodeIgniter->handleRequest(null, Object(Config\Cache), false)
 7 FCPATH/index.php(71): CodeIgniter\CodeIgniter->run()
CRITICAL - 2023-08-09 09:54:22 --> Invalid file: template/bank-pro/__service-worker.js
in SYSTEMPATH/Exceptions/FrameworkException.php on line 33.
 1 SYSTEMPATH/View/View.php(201): CodeIgniter\Exceptions\FrameworkException::forInvalidFile('template/bank-pro/__service-worker.js')
 2 SYSTEMPATH/Common.php(1142): CodeIgniter\View\View->render('template/bank-pro/__service-worker.js', [], true)
 3 APPPATH/Controllers/Pages.php(40): view('template/bank-pro/__service-worker.js', [...])
 4 SYSTEMPATH/CodeIgniter.php(907): App\Controllers\Pages->view('__service-worker.js')
 5 SYSTEMPATH/CodeIgniter.php(457): CodeIgniter\CodeIgniter->runController(Object(App\Controllers\Pages))
 6 SYSTEMPATH/CodeIgniter.php(340): CodeIgniter\CodeIgniter->handleRequest(null, Object(Config\Cache), false)
 7 FCPATH/index.php(71): CodeIgniter\CodeIgniter->run()
CRITICAL - 2023-08-09 09:54:43 --> Invalid file: template/bank-pro/themes.php
in SYSTEMPATH/Exceptions/FrameworkException.php on line 33.
 1 SYSTEMPATH/View/View.php(201): CodeIgniter\Exceptions\FrameworkException::forInvalidFile('template/bank-pro/themes.php')
 2 SYSTEMPATH/Common.php(1142): CodeIgniter\View\View->render('template/bank-pro/themes', [], true)
 3 APPPATH/Controllers/Pages.php(40): view('template/bank-pro/themes', [...])
 4 SYSTEMPATH/CodeIgniter.php(907): App\Controllers\Pages->view('FCPATH/themes', 'finapp-light', 'webfonts', 'fa-solid-900.woff2')
 5 SYSTEMPATH/CodeIgniter.php(457): CodeIgniter\CodeIgniter->runController(Object(App\Controllers\Pages))
 6 SYSTEMPATH/CodeIgniter.php(340): CodeIgniter\CodeIgniter->handleRequest(null, Object(Config\Cache), false)
 7 FCPATH/index.php(71): CodeIgniter\CodeIgniter->run()
CRITICAL - 2023-08-09 09:54:44 --> Invalid file: template/bank-pro/themes.php
in SYSTEMPATH/Exceptions/FrameworkException.php on line 33.
 1 SYSTEMPATH/View/View.php(201): CodeIgniter\Exceptions\FrameworkException::forInvalidFile('template/bank-pro/themes.php')
 2 SYSTEMPATH/Common.php(1142): CodeIgniter\View\View->render('template/bank-pro/themes', [], true)
 3 APPPATH/Controllers/Pages.php(40): view('template/bank-pro/themes', [...])
 4 SYSTEMPATH/CodeIgniter.php(907): App\Controllers\Pages->view('FCPATH/themes', 'finapp-light', 'webfonts', 'fa-brands-400.woff2')
 5 SYSTEMPATH/CodeIgniter.php(457): CodeIgniter\CodeIgniter->runController(Object(App\Controllers\Pages))
 6 SYSTEMPATH/CodeIgniter.php(340): CodeIgniter\CodeIgniter->handleRequest(null, Object(Config\Cache), false)
 7 FCPATH/index.php(71): CodeIgniter\CodeIgniter->run()
CRITICAL - 2023-08-09 09:54:44 --> Invalid file: template/bank-pro/themes.php
in SYSTEMPATH/Exceptions/FrameworkException.php on line 33.
 1 SYSTEMPATH/View/View.php(201): CodeIgniter\Exceptions\FrameworkException::forInvalidFile('template/bank-pro/themes.php')
 2 SYSTEMPATH/Common.php(1142): CodeIgniter\View\View->render('template/bank-pro/themes', [], true)
 3 APPPATH/Controllers/Pages.php(40): view('template/bank-pro/themes', [...])
 4 SYSTEMPATH/CodeIgniter.php(907): App\Controllers\Pages->view('FCPATH/themes', 'finapp-light', 'webfonts', 'fa-regular-400.woff2')
 5 SYSTEMPATH/CodeIgniter.php(457): CodeIgniter\CodeIgniter->runController(Object(App\Controllers\Pages))
 6 SYSTEMPATH/CodeIgniter.php(340): CodeIgniter\CodeIgniter->handleRequest(null, Object(Config\Cache), false)
 7 FCPATH/index.php(71): CodeIgniter\CodeIgniter->run()
CRITICAL - 2023-08-09 09:54:44 --> Invalid file: template/bank-pro/__service-worker.js
in SYSTEMPATH/Exceptions/FrameworkException.php on line 33.
 1 SYSTEMPATH/View/View.php(201): CodeIgniter\Exceptions\FrameworkException::forInvalidFile('template/bank-pro/__service-worker.js')
 2 SYSTEMPATH/Common.php(1142): CodeIgniter\View\View->render('template/bank-pro/__service-worker.js', [], true)
 3 APPPATH/Controllers/Pages.php(40): view('template/bank-pro/__service-worker.js', [...])
 4 SYSTEMPATH/CodeIgniter.php(907): App\Controllers\Pages->view('__service-worker.js')
 5 SYSTEMPATH/CodeIgniter.php(457): CodeIgniter\CodeIgniter->runController(Object(App\Controllers\Pages))
 6 SYSTEMPATH/CodeIgniter.php(340): CodeIgniter\CodeIgniter->handleRequest(null, Object(Config\Cache), false)
 7 FCPATH/index.php(71): CodeIgniter\CodeIgniter->run()
CRITICAL - 2023-08-09 09:54:44 --> Invalid file: template/bank-pro/assets.php
in SYSTEMPATH/Exceptions/FrameworkException.php on line 33.
 1 SYSTEMPATH/View/View.php(201): CodeIgniter\Exceptions\FrameworkException::forInvalidFile('template/bank-pro/assets.php')
 2 SYSTEMPATH/Common.php(1142): CodeIgniter\View\View->render('template/bank-pro/assets', [], true)
 3 APPPATH/Controllers/Pages.php(40): view('template/bank-pro/assets', [...])
 4 SYSTEMPATH/CodeIgniter.php(907): App\Controllers\Pages->view('FCPATH/assets', 'images', 'visa.png')
 5 SYSTEMPATH/CodeIgniter.php(457): CodeIgniter\CodeIgniter->runController(Object(App\Controllers\Pages))
 6 SYSTEMPATH/CodeIgniter.php(340): CodeIgniter\CodeIgniter->handleRequest(null, Object(Config\Cache), false)
 7 FCPATH/index.php(71): CodeIgniter\CodeIgniter->run()
CRITICAL - 2023-08-09 09:54:44 --> Invalid file: template/bank-pro/assets.php
in SYSTEMPATH/Exceptions/FrameworkException.php on line 33.
 1 SYSTEMPATH/View/View.php(201): CodeIgniter\Exceptions\FrameworkException::forInvalidFile('template/bank-pro/assets.php')
 2 SYSTEMPATH/Common.php(1142): CodeIgniter\View\View->render('template/bank-pro/assets', [], true)
 3 APPPATH/Controllers/Pages.php(40): view('template/bank-pro/assets', [...])
 4 SYSTEMPATH/CodeIgniter.php(907): App\Controllers\Pages->view('FCPATH/assets', 'images', 'chip.png')
 5 SYSTEMPATH/CodeIgniter.php(457): CodeIgniter\CodeIgniter->runController(Object(App\Controllers\Pages))
 6 SYSTEMPATH/CodeIgniter.php(340): CodeIgniter\CodeIgniter->handleRequest(null, Object(Config\Cache), false)
 7 FCPATH/index.php(71): CodeIgniter\CodeIgniter->run()
CRITICAL - 2023-08-09 09:55:11 --> Invalid file: template/bank-pro/themes.php
in SYSTEMPATH/Exceptions/FrameworkException.php on line 33.
 1 SYSTEMPATH/View/View.php(201): CodeIgniter\Exceptions\FrameworkException::forInvalidFile('template/bank-pro/themes.php')
 2 SYSTEMPATH/Common.php(1142): CodeIgniter\View\View->render('template/bank-pro/themes', [], true)
 3 APPPATH/Controllers/Pages.php(40): view('template/bank-pro/themes', [...])
 4 SYSTEMPATH/CodeIgniter.php(907): App\Controllers\Pages->view('FCPATH/themes', 'finapp-light', 'webfonts', 'fa-solid-900.woff2')
 5 SYSTEMPATH/CodeIgniter.php(457): CodeIgniter\CodeIgniter->runController(Object(App\Controllers\Pages))
 6 SYSTEMPATH/CodeIgniter.php(340): CodeIgniter\CodeIgniter->handleRequest(null, Object(Config\Cache), false)
 7 FCPATH/index.php(71): CodeIgniter\CodeIgniter->run()
CRITICAL - 2023-08-09 09:55:11 --> Invalid file: template/bank-pro/themes.php
in SYSTEMPATH/Exceptions/FrameworkException.php on line 33.
 1 SYSTEMPATH/View/View.php(201): CodeIgniter\Exceptions\FrameworkException::forInvalidFile('template/bank-pro/themes.php')
 2 SYSTEMPATH/Common.php(1142): CodeIgniter\View\View->render('template/bank-pro/themes', [], true)
 3 APPPATH/Controllers/Pages.php(40): view('template/bank-pro/themes', [...])
 4 SYSTEMPATH/CodeIgniter.php(907): App\Controllers\Pages->view('FCPATH/themes', 'finapp-light', 'webfonts', 'fa-regular-400.woff2')
 5 SYSTEMPATH/CodeIgniter.php(457): CodeIgniter\CodeIgniter->runController(Object(App\Controllers\Pages))
 6 SYSTEMPATH/CodeIgniter.php(340): CodeIgniter\CodeIgniter->handleRequest(null, Object(Config\Cache), false)
 7 FCPATH/index.php(71): CodeIgniter\CodeIgniter->run()
CRITICAL - 2023-08-09 09:55:32 --> Invalid file: template/bank-pro/themes.php
in SYSTEMPATH/Exceptions/FrameworkException.php on line 33.
 1 SYSTEMPATH/View/View.php(201): CodeIgniter\Exceptions\FrameworkException::forInvalidFile('template/bank-pro/themes.php')
 2 SYSTEMPATH/Common.php(1142): CodeIgniter\View\View->render('template/bank-pro/themes', [], true)
 3 APPPATH/Controllers/Pages.php(40): view('template/bank-pro/themes', [...])
 4 SYSTEMPATH/CodeIgniter.php(907): App\Controllers\Pages->view('FCPATH/themes', 'finapp-light', 'webfonts', 'fa-solid-900.woff2')
 5 SYSTEMPATH/CodeIgniter.php(457): CodeIgniter\CodeIgniter->runController(Object(App\Controllers\Pages))
 6 SYSTEMPATH/CodeIgniter.php(340): CodeIgniter\CodeIgniter->handleRequest(null, Object(Config\Cache), false)
 7 FCPATH/index.php(71): CodeIgniter\CodeIgniter->run()
CRITICAL - 2023-08-09 09:55:32 --> Invalid file: template/bank-pro/themes.php
in SYSTEMPATH/Exceptions/FrameworkException.php on line 33.
 1 SYSTEMPATH/View/View.php(201): CodeIgniter\Exceptions\FrameworkException::forInvalidFile('template/bank-pro/themes.php')
 2 SYSTEMPATH/Common.php(1142): CodeIgniter\View\View->render('template/bank-pro/themes', [], true)
 3 APPPATH/Controllers/Pages.php(40): view('template/bank-pro/themes', [...])
 4 SYSTEMPATH/CodeIgniter.php(907): App\Controllers\Pages->view('FCPATH/themes', 'finapp-light', 'webfonts', 'fa-regular-400.woff2')
 5 SYSTEMPATH/CodeIgniter.php(457): CodeIgniter\CodeIgniter->runController(Object(App\Controllers\Pages))
 6 SYSTEMPATH/CodeIgniter.php(340): CodeIgniter\CodeIgniter->handleRequest(null, Object(Config\Cache), false)
 7 FCPATH/index.php(71): CodeIgniter\CodeIgniter->run()
CRITICAL - 2023-08-09 09:59:19 --> Invalid file: template/bank-pro/assets.php
in SYSTEMPATH/Exceptions/FrameworkException.php on line 33.
 1 SYSTEMPATH/View/View.php(201): CodeIgniter\Exceptions\FrameworkException::forInvalidFile('template/bank-pro/assets.php')
 2 SYSTEMPATH/Common.php(1142): CodeIgniter\View\View->render('template/bank-pro/assets', [], true)
 3 APPPATH/Controllers/Pages.php(40): view('template/bank-pro/assets', [...])
 4 SYSTEMPATH/CodeIgniter.php(907): App\Controllers\Pages->view('FCPATH/assets', 'javascript', 'pdf.js')
 5 SYSTEMPATH/CodeIgniter.php(457): CodeIgniter\CodeIgniter->runController(Object(App\Controllers\Pages))
 6 SYSTEMPATH/CodeIgniter.php(340): CodeIgniter\CodeIgniter->handleRequest(null, Object(Config\Cache), false)
 7 FCPATH/index.php(71): CodeIgniter\CodeIgniter->run()
CRITICAL - 2023-08-09 09:59:20 --> Invalid file: template/bank-pro/assets.php
in SYSTEMPATH/Exceptions/FrameworkException.php on line 33.
 1 SYSTEMPATH/View/View.php(201): CodeIgniter\Exceptions\FrameworkException::forInvalidFile('template/bank-pro/assets.php')
 2 SYSTEMPATH/Common.php(1142): CodeIgniter\View\View->render('template/bank-pro/assets', [], true)
 3 APPPATH/Controllers/Pages.php(40): view('template/bank-pro/assets', [...])
 4 SYSTEMPATH/CodeIgniter.php(907): App\Controllers\Pages->view('FCPATH/assets', 'images', 'night.jpg')
 5 SYSTEMPATH/CodeIgniter.php(457): CodeIgniter\CodeIgniter->runController(Object(App\Controllers\Pages))
 6 SYSTEMPATH/CodeIgniter.php(340): CodeIgniter\CodeIgniter->handleRequest(null, Object(Config\Cache), false)
 7 FCPATH/index.php(71): CodeIgniter\CodeIgniter->run()
CRITICAL - 2023-08-09 09:59:20 --> Invalid file: template/bank-pro/assets.php
in SYSTEMPATH/Exceptions/FrameworkException.php on line 33.
 1 SYSTEMPATH/View/View.php(201): CodeIgniter\Exceptions\FrameworkException::forInvalidFile('template/bank-pro/assets.php')
 2 SYSTEMPATH/Common.php(1142): CodeIgniter\View\View->render('template/bank-pro/assets', [], true)
 3 APPPATH/Controllers/Pages.php(40): view('template/bank-pro/assets', [...])
 4 SYSTEMPATH/CodeIgniter.php(907): App\Controllers\Pages->view('FCPATH/assets', 'images', 'plan-bg.jpg')
 5 SYSTEMPATH/CodeIgniter.php(457): CodeIgniter\CodeIgniter->runController(Object(App\Controllers\Pages))
 6 SYSTEMPATH/CodeIgniter.php(340): CodeIgniter\CodeIgniter->handleRequest(null, Object(Config\Cache), false)
 7 FCPATH/index.php(71): CodeIgniter\CodeIgniter->run()
CRITICAL - 2023-08-09 09:59:27 --> Invalid file: template/bank-pro/assets.php
in SYSTEMPATH/Exceptions/FrameworkException.php on line 33.
 1 SYSTEMPATH/View/View.php(201): CodeIgniter\Exceptions\FrameworkException::forInvalidFile('template/bank-pro/assets.php')
 2 SYSTEMPATH/Common.php(1142): CodeIgniter\View\View->render('template/bank-pro/assets', [], true)
 3 APPPATH/Controllers/Pages.php(40): view('template/bank-pro/assets', [...])
 4 SYSTEMPATH/CodeIgniter.php(907): App\Controllers\Pages->view('FCPATH/assets', 'vendor', 'particles.js', 'particles.js')
 5 SYSTEMPATH/CodeIgniter.php(457): CodeIgniter\CodeIgniter->runController(Object(App\Controllers\Pages))
 6 SYSTEMPATH/CodeIgniter.php(340): CodeIgniter\CodeIgniter->handleRequest(null, Object(Config\Cache), false)
 7 FCPATH/index.php(71): CodeIgniter\CodeIgniter->run()
CRITICAL - 2023-08-09 09:59:56 --> Invalid file: template/bank-pro/assets.php
in SYSTEMPATH/Exceptions/FrameworkException.php on line 33.
 1 SYSTEMPATH/View/View.php(201): CodeIgniter\Exceptions\FrameworkException::forInvalidFile('template/bank-pro/assets.php')
 2 SYSTEMPATH/Common.php(1142): CodeIgniter\View\View->render('template/bank-pro/assets', [], true)
 3 APPPATH/Controllers/Pages.php(40): view('template/bank-pro/assets', [...])
 4 SYSTEMPATH/CodeIgniter.php(907): App\Controllers\Pages->view('FCPATH/assets', 'javascript', 'pdf.js')
 5 SYSTEMPATH/CodeIgniter.php(457): CodeIgniter\CodeIgniter->runController(Object(App\Controllers\Pages))
 6 SYSTEMPATH/CodeIgniter.php(340): CodeIgniter\CodeIgniter->handleRequest(null, Object(Config\Cache), false)
 7 FCPATH/index.php(71): CodeIgniter\CodeIgniter->run()
CRITICAL - 2023-08-09 09:59:57 --> Invalid file: template/bank-pro/assets.php
in SYSTEMPATH/Exceptions/FrameworkException.php on line 33.
 1 SYSTEMPATH/View/View.php(201): CodeIgniter\Exceptions\FrameworkException::forInvalidFile('template/bank-pro/assets.php')
 2 SYSTEMPATH/Common.php(1142): CodeIgniter\View\View->render('template/bank-pro/assets', [], true)
 3 APPPATH/Controllers/Pages.php(40): view('template/bank-pro/assets', [...])
 4 SYSTEMPATH/CodeIgniter.php(907): App\Controllers\Pages->view('FCPATH/assets', 'images', 'night.jpg')
 5 SYSTEMPATH/CodeIgniter.php(457): CodeIgniter\CodeIgniter->runController(Object(App\Controllers\Pages))
 6 SYSTEMPATH/CodeIgniter.php(340): CodeIgniter\CodeIgniter->handleRequest(null, Object(Config\Cache), false)
 7 FCPATH/index.php(71): CodeIgniter\CodeIgniter->run()
CRITICAL - 2023-08-09 09:59:57 --> Invalid file: template/bank-pro/assets.php
in SYSTEMPATH/Exceptions/FrameworkException.php on line 33.
 1 SYSTEMPATH/View/View.php(201): CodeIgniter\Exceptions\FrameworkException::forInvalidFile('template/bank-pro/assets.php')
 2 SYSTEMPATH/Common.php(1142): CodeIgniter\View\View->render('template/bank-pro/assets', [], true)
 3 APPPATH/Controllers/Pages.php(40): view('template/bank-pro/assets', [...])
 4 SYSTEMPATH/CodeIgniter.php(907): App\Controllers\Pages->view('FCPATH/assets', 'images', 'plan-bg.jpg')
 5 SYSTEMPATH/CodeIgniter.php(457): CodeIgniter\CodeIgniter->runController(Object(App\Controllers\Pages))
 6 SYSTEMPATH/CodeIgniter.php(340): CodeIgniter\CodeIgniter->handleRequest(null, Object(Config\Cache), false)
 7 FCPATH/index.php(71): CodeIgniter\CodeIgniter->run()
CRITICAL - 2023-08-09 10:02:06 --> Invalid file: template/bank-pro/assets.php
in SYSTEMPATH/Exceptions/FrameworkException.php on line 33.
 1 SYSTEMPATH/View/View.php(201): CodeIgniter\Exceptions\FrameworkException::forInvalidFile('template/bank-pro/assets.php')
 2 SYSTEMPATH/Common.php(1142): CodeIgniter\View\View->render('template/bank-pro/assets', [], true)
 3 APPPATH/Controllers/Pages.php(40): view('template/bank-pro/assets', [...])
 4 SYSTEMPATH/CodeIgniter.php(907): App\Controllers\Pages->view('FCPATH/assets', 'javascript', 'pdf.js')
 5 SYSTEMPATH/CodeIgniter.php(457): CodeIgniter\CodeIgniter->runController(Object(App\Controllers\Pages))
 6 SYSTEMPATH/CodeIgniter.php(340): CodeIgniter\CodeIgniter->handleRequest(null, Object(Config\Cache), false)
 7 FCPATH/index.php(71): CodeIgniter\CodeIgniter->run()
CRITICAL - 2023-08-09 10:02:07 --> Invalid file: template/bank-pro/assets.php
in SYSTEMPATH/Exceptions/FrameworkException.php on line 33.
 1 SYSTEMPATH/View/View.php(201): CodeIgniter\Exceptions\FrameworkException::forInvalidFile('template/bank-pro/assets.php')
 2 SYSTEMPATH/Common.php(1142): CodeIgniter\View\View->render('template/bank-pro/assets', [], true)
 3 APPPATH/Controllers/Pages.php(40): view('template/bank-pro/assets', [...])
 4 SYSTEMPATH/CodeIgniter.php(907): App\Controllers\Pages->view('FCPATH/assets', 'images', 'night.jpg')
 5 SYSTEMPATH/CodeIgniter.php(457): CodeIgniter\CodeIgniter->runController(Object(App\Controllers\Pages))
 6 SYSTEMPATH/CodeIgniter.php(340): CodeIgniter\CodeIgniter->handleRequest(null, Object(Config\Cache), false)
 7 FCPATH/index.php(71): CodeIgniter\CodeIgniter->run()
CRITICAL - 2023-08-09 10:02:07 --> Invalid file: template/bank-pro/assets.php
in SYSTEMPATH/Exceptions/FrameworkException.php on line 33.
 1 SYSTEMPATH/View/View.php(201): CodeIgniter\Exceptions\FrameworkException::forInvalidFile('template/bank-pro/assets.php')
 2 SYSTEMPATH/Common.php(1142): CodeIgniter\View\View->render('template/bank-pro/assets', [], true)
 3 APPPATH/Controllers/Pages.php(40): view('template/bank-pro/assets', [...])
 4 SYSTEMPATH/CodeIgniter.php(907): App\Controllers\Pages->view('FCPATH/assets', 'images', 'plan-bg.jpg')
 5 SYSTEMPATH/CodeIgniter.php(457): CodeIgniter\CodeIgniter->runController(Object(App\Controllers\Pages))
 6 SYSTEMPATH/CodeIgniter.php(340): CodeIgniter\CodeIgniter->handleRequest(null, Object(Config\Cache), false)
 7 FCPATH/index.php(71): CodeIgniter\CodeIgniter->run()
CRITICAL - 2023-08-09 10:09:30 --> Invalid file: template/bank-pro/themes.php
in SYSTEMPATH/Exceptions/FrameworkException.php on line 33.
 1 SYSTEMPATH/View/View.php(201): CodeIgniter\Exceptions\FrameworkException::forInvalidFile('template/bank-pro/themes.php')
 2 SYSTEMPATH/Common.php(1142): CodeIgniter\View\View->render('template/bank-pro/themes', [], true)
 3 APPPATH/Controllers/Pages.php(40): view('template/bank-pro/themes', [...])
 4 SYSTEMPATH/CodeIgniter.php(907): App\Controllers\Pages->view('FCPATH/themes', 'finapp-light', 'webfonts', 'fa-regular-400.woff2')
 5 SYSTEMPATH/CodeIgniter.php(457): CodeIgniter\CodeIgniter->runController(Object(App\Controllers\Pages))
 6 SYSTEMPATH/CodeIgniter.php(340): CodeIgniter\CodeIgniter->handleRequest(null, Object(Config\Cache), false)
 7 FCPATH/index.php(71): CodeIgniter\CodeIgniter->run()
CRITICAL - 2023-08-09 10:09:30 --> Invalid file: template/bank-pro/themes.php
in SYSTEMPATH/Exceptions/FrameworkException.php on line 33.
 1 SYSTEMPATH/View/View.php(201): CodeIgniter\Exceptions\FrameworkException::forInvalidFile('template/bank-pro/themes.php')
 2 SYSTEMPATH/Common.php(1142): CodeIgniter\View\View->render('template/bank-pro/themes', [], true)
 3 APPPATH/Controllers/Pages.php(40): view('template/bank-pro/themes', [...])
 4 SYSTEMPATH/CodeIgniter.php(907): App\Controllers\Pages->view('FCPATH/themes', 'finapp-light', 'webfonts', 'fa-solid-900.woff2')
 5 SYSTEMPATH/CodeIgniter.php(457): CodeIgniter\CodeIgniter->runController(Object(App\Controllers\Pages))
 6 SYSTEMPATH/CodeIgniter.php(340): CodeIgniter\CodeIgniter->handleRequest(null, Object(Config\Cache), false)
 7 FCPATH/index.php(71): CodeIgniter\CodeIgniter->run()
CRITICAL - 2023-08-09 10:09:49 --> Invalid file: template/bank-pro/themes.php
in SYSTEMPATH/Exceptions/FrameworkException.php on line 33.
 1 SYSTEMPATH/View/View.php(201): CodeIgniter\Exceptions\FrameworkException::forInvalidFile('template/bank-pro/themes.php')
 2 SYSTEMPATH/Common.php(1142): CodeIgniter\View\View->render('template/bank-pro/themes', [], true)
 3 APPPATH/Controllers/Pages.php(40): view('template/bank-pro/themes', [...])
 4 SYSTEMPATH/CodeIgniter.php(907): App\Controllers\Pages->view('FCPATH/themes', 'finapp-light', 'webfonts', 'fa-solid-900.woff2')
 5 SYSTEMPATH/CodeIgniter.php(457): CodeIgniter\CodeIgniter->runController(Object(App\Controllers\Pages))
 6 SYSTEMPATH/CodeIgniter.php(340): CodeIgniter\CodeIgniter->handleRequest(null, Object(Config\Cache), false)
 7 FCPATH/index.php(71): CodeIgniter\CodeIgniter->run()
CRITICAL - 2023-08-09 10:09:49 --> Invalid file: template/bank-pro/themes.php
in SYSTEMPATH/Exceptions/FrameworkException.php on line 33.
 1 SYSTEMPATH/View/View.php(201): CodeIgniter\Exceptions\FrameworkException::forInvalidFile('template/bank-pro/themes.php')
 2 SYSTEMPATH/Common.php(1142): CodeIgniter\View\View->render('template/bank-pro/themes', [], true)
 3 APPPATH/Controllers/Pages.php(40): view('template/bank-pro/themes', [...])
 4 SYSTEMPATH/CodeIgniter.php(907): App\Controllers\Pages->view('FCPATH/themes', 'finapp-light', 'webfonts', 'fa-brands-400.woff2')
 5 SYSTEMPATH/CodeIgniter.php(457): CodeIgniter\CodeIgniter->runController(Object(App\Controllers\Pages))
 6 SYSTEMPATH/CodeIgniter.php(340): CodeIgniter\CodeIgniter->handleRequest(null, Object(Config\Cache), false)
 7 FCPATH/index.php(71): CodeIgniter\CodeIgniter->run()
CRITICAL - 2023-08-09 10:09:49 --> Invalid file: template/bank-pro/themes.php
in SYSTEMPATH/Exceptions/FrameworkException.php on line 33.
 1 SYSTEMPATH/View/View.php(201): CodeIgniter\Exceptions\FrameworkException::forInvalidFile('template/bank-pro/themes.php')
 2 SYSTEMPATH/Common.php(1142): CodeIgniter\View\View->render('template/bank-pro/themes', [], true)
 3 APPPATH/Controllers/Pages.php(40): view('template/bank-pro/themes', [...])
 4 SYSTEMPATH/CodeIgniter.php(907): App\Controllers\Pages->view('FCPATH/themes', 'finapp-light', 'webfonts', 'fa-regular-400.woff2')
 5 SYSTEMPATH/CodeIgniter.php(457): CodeIgniter\CodeIgniter->runController(Object(App\Controllers\Pages))
 6 SYSTEMPATH/CodeIgniter.php(340): CodeIgniter\CodeIgniter->handleRequest(null, Object(Config\Cache), false)
 7 FCPATH/index.php(71): CodeIgniter\CodeIgniter->run()
CRITICAL - 2023-08-09 10:09:50 --> Invalid file: template/bank-pro/assets.php
in SYSTEMPATH/Exceptions/FrameworkException.php on line 33.
 1 SYSTEMPATH/View/View.php(201): CodeIgniter\Exceptions\FrameworkException::forInvalidFile('template/bank-pro/assets.php')
 2 SYSTEMPATH/Common.php(1142): CodeIgniter\View\View->render('template/bank-pro/assets', [], true)
 3 APPPATH/Controllers/Pages.php(40): view('template/bank-pro/assets', [...])
 4 SYSTEMPATH/CodeIgniter.php(907): App\Controllers\Pages->view('FCPATH/assets', 'images', 'chip.png')
 5 SYSTEMPATH/CodeIgniter.php(457): CodeIgniter\CodeIgniter->runController(Object(App\Controllers\Pages))
 6 SYSTEMPATH/CodeIgniter.php(340): CodeIgniter\CodeIgniter->handleRequest(null, Object(Config\Cache), false)
 7 FCPATH/index.php(71): CodeIgniter\CodeIgniter->run()
CRITICAL - 2023-08-09 10:09:50 --> Invalid file: template/bank-pro/__service-worker.js
in SYSTEMPATH/Exceptions/FrameworkException.php on line 33.
 1 SYSTEMPATH/View/View.php(201): CodeIgniter\Exceptions\FrameworkException::forInvalidFile('template/bank-pro/__service-worker.js')
 2 SYSTEMPATH/Common.php(1142): CodeIgniter\View\View->render('template/bank-pro/__service-worker.js', [], true)
 3 APPPATH/Controllers/Pages.php(40): view('template/bank-pro/__service-worker.js', [...])
 4 SYSTEMPATH/CodeIgniter.php(907): App\Controllers\Pages->view('__service-worker.js')
 5 SYSTEMPATH/CodeIgniter.php(457): CodeIgniter\CodeIgniter->runController(Object(App\Controllers\Pages))
 6 SYSTEMPATH/CodeIgniter.php(340): CodeIgniter\CodeIgniter->handleRequest(null, Object(Config\Cache), false)
 7 FCPATH/index.php(71): CodeIgniter\CodeIgniter->run()
CRITICAL - 2023-08-09 10:09:50 --> Invalid file: template/bank-pro/assets.php
in SYSTEMPATH/Exceptions/FrameworkException.php on line 33.
 1 SYSTEMPATH/View/View.php(201): CodeIgniter\Exceptions\FrameworkException::forInvalidFile('template/bank-pro/assets.php')
 2 SYSTEMPATH/Common.php(1142): CodeIgniter\View\View->render('template/bank-pro/assets', [], true)
 3 APPPATH/Controllers/Pages.php(40): view('template/bank-pro/assets', [...])
 4 SYSTEMPATH/CodeIgniter.php(907): App\Controllers\Pages->view('FCPATH/assets', 'images', 'visa.png')
 5 SYSTEMPATH/CodeIgniter.php(457): CodeIgniter\CodeIgniter->runController(Object(App\Controllers\Pages))
 6 SYSTEMPATH/CodeIgniter.php(340): CodeIgniter\CodeIgniter->handleRequest(null, Object(Config\Cache), false)
 7 FCPATH/index.php(71): CodeIgniter\CodeIgniter->run()
CRITICAL - 2023-08-09 10:11:35 --> Invalid file: template/bank-pro/themes.php
in SYSTEMPATH/Exceptions/FrameworkException.php on line 33.
 1 SYSTEMPATH/View/View.php(201): CodeIgniter\Exceptions\FrameworkException::forInvalidFile('template/bank-pro/themes.php')
 2 SYSTEMPATH/Common.php(1142): CodeIgniter\View\View->render('template/bank-pro/themes', [], true)
 3 APPPATH/Controllers/Pages.php(40): view('template/bank-pro/themes', [...])
 4 SYSTEMPATH/CodeIgniter.php(907): App\Controllers\Pages->view('FCPATH/themes', 'finapp-light', 'webfonts', 'fa-solid-900.woff2')
 5 SYSTEMPATH/CodeIgniter.php(457): CodeIgniter\CodeIgniter->runController(Object(App\Controllers\Pages))
 6 SYSTEMPATH/CodeIgniter.php(340): CodeIgniter\CodeIgniter->handleRequest(null, Object(Config\Cache), false)
 7 FCPATH/index.php(71): CodeIgniter\CodeIgniter->run()
CRITICAL - 2023-08-09 10:11:35 --> Invalid file: template/bank-pro/themes.php
in SYSTEMPATH/Exceptions/FrameworkException.php on line 33.
 1 SYSTEMPATH/View/View.php(201): CodeIgniter\Exceptions\FrameworkException::forInvalidFile('template/bank-pro/themes.php')
 2 SYSTEMPATH/Common.php(1142): CodeIgniter\View\View->render('template/bank-pro/themes', [], true)
 3 APPPATH/Controllers/Pages.php(40): view('template/bank-pro/themes', [...])
 4 SYSTEMPATH/CodeIgniter.php(907): App\Controllers\Pages->view('FCPATH/themes', 'finapp-light', 'webfonts', 'fa-regular-400.woff2')
 5 SYSTEMPATH/CodeIgniter.php(457): CodeIgniter\CodeIgniter->runController(Object(App\Controllers\Pages))
 6 SYSTEMPATH/CodeIgniter.php(340): CodeIgniter\CodeIgniter->handleRequest(null, Object(Config\Cache), false)
 7 FCPATH/index.php(71): CodeIgniter\CodeIgniter->run()
CRITICAL - 2023-08-09 10:11:43 --> Invalid file: template/bank-pro/assets.php
in SYSTEMPATH/Exceptions/FrameworkException.php on line 33.
 1 SYSTEMPATH/View/View.php(201): CodeIgniter\Exceptions\FrameworkException::forInvalidFile('template/bank-pro/assets.php')
 2 SYSTEMPATH/Common.php(1142): CodeIgniter\View\View->render('template/bank-pro/assets', [], true)
 3 APPPATH/Controllers/Pages.php(40): view('template/bank-pro/assets', [...])
 4 SYSTEMPATH/CodeIgniter.php(907): App\Controllers\Pages->view('FCPATH/assets', 'javascript', 'pdf.js')
 5 SYSTEMPATH/CodeIgniter.php(457): CodeIgniter\CodeIgniter->runController(Object(App\Controllers\Pages))
 6 SYSTEMPATH/CodeIgniter.php(340): CodeIgniter\CodeIgniter->handleRequest(null, Object(Config\Cache), false)
 7 FCPATH/index.php(71): CodeIgniter\CodeIgniter->run()
CRITICAL - 2023-08-09 10:11:44 --> Invalid file: template/bank-pro/assets.php
in SYSTEMPATH/Exceptions/FrameworkException.php on line 33.
 1 SYSTEMPATH/View/View.php(201): CodeIgniter\Exceptions\FrameworkException::forInvalidFile('template/bank-pro/assets.php')
 2 SYSTEMPATH/Common.php(1142): CodeIgniter\View\View->render('template/bank-pro/assets', [], true)
 3 APPPATH/Controllers/Pages.php(40): view('template/bank-pro/assets', [...])
 4 SYSTEMPATH/CodeIgniter.php(907): App\Controllers\Pages->view('FCPATH/assets', 'images', 'plan-bg.jpg')
 5 SYSTEMPATH/CodeIgniter.php(457): CodeIgniter\CodeIgniter->runController(Object(App\Controllers\Pages))
 6 SYSTEMPATH/CodeIgniter.php(340): CodeIgniter\CodeIgniter->handleRequest(null, Object(Config\Cache), false)
 7 FCPATH/index.php(71): CodeIgniter\CodeIgniter->run()
CRITICAL - 2023-08-09 10:11:44 --> Invalid file: template/bank-pro/assets.php
in SYSTEMPATH/Exceptions/FrameworkException.php on line 33.
 1 SYSTEMPATH/View/View.php(201): CodeIgniter\Exceptions\FrameworkException::forInvalidFile('template/bank-pro/assets.php')
 2 SYSTEMPATH/Common.php(1142): CodeIgniter\View\View->render('template/bank-pro/assets', [], true)
 3 APPPATH/Controllers/Pages.php(40): view('template/bank-pro/assets', [...])
 4 SYSTEMPATH/CodeIgniter.php(907): App\Controllers\Pages->view('FCPATH/assets', 'images', 'night.jpg')
 5 SYSTEMPATH/CodeIgniter.php(457): CodeIgniter\CodeIgniter->runController(Object(App\Controllers\Pages))
 6 SYSTEMPATH/CodeIgniter.php(340): CodeIgniter\CodeIgniter->handleRequest(null, Object(Config\Cache), false)
 7 FCPATH/index.php(71): CodeIgniter\CodeIgniter->run()
CRITICAL - 2023-08-09 10:11:47 --> Invalid file: template/bank-pro/assets.php
in SYSTEMPATH/Exceptions/FrameworkException.php on line 33.
 1 SYSTEMPATH/View/View.php(201): CodeIgniter\Exceptions\FrameworkException::forInvalidFile('template/bank-pro/assets.php')
 2 SYSTEMPATH/Common.php(1142): CodeIgniter\View\View->render('template/bank-pro/assets', [], true)
 3 APPPATH/Controllers/Pages.php(40): view('template/bank-pro/assets', [...])
 4 SYSTEMPATH/CodeIgniter.php(907): App\Controllers\Pages->view('FCPATH/assets', 'vendor', 'particles.js', 'particles.js')
 5 SYSTEMPATH/CodeIgniter.php(457): CodeIgniter\CodeIgniter->runController(Object(App\Controllers\Pages))
 6 SYSTEMPATH/CodeIgniter.php(340): CodeIgniter\CodeIgniter->handleRequest(null, Object(Config\Cache), false)
 7 FCPATH/index.php(71): CodeIgniter\CodeIgniter->run()
CRITICAL - 2023-08-09 10:11:59 --> Invalid file: template/bank-pro/themes.php
in SYSTEMPATH/Exceptions/FrameworkException.php on line 33.
 1 SYSTEMPATH/View/View.php(201): CodeIgniter\Exceptions\FrameworkException::forInvalidFile('template/bank-pro/themes.php')
 2 SYSTEMPATH/Common.php(1142): CodeIgniter\View\View->render('template/bank-pro/themes', [], true)
 3 APPPATH/Controllers/Pages.php(40): view('template/bank-pro/themes', [...])
 4 SYSTEMPATH/CodeIgniter.php(907): App\Controllers\Pages->view('FCPATH/themes', 'finapp-light', 'webfonts', 'fa-solid-900.woff2')
 5 SYSTEMPATH/CodeIgniter.php(457): CodeIgniter\CodeIgniter->runController(Object(App\Controllers\Pages))
 6 SYSTEMPATH/CodeIgniter.php(340): CodeIgniter\CodeIgniter->handleRequest(null, Object(Config\Cache), false)
 7 FCPATH/index.php(71): CodeIgniter\CodeIgniter->run()
CRITICAL - 2023-08-09 10:11:59 --> Invalid file: template/bank-pro/themes.php
in SYSTEMPATH/Exceptions/FrameworkException.php on line 33.
 1 SYSTEMPATH/View/View.php(201): CodeIgniter\Exceptions\FrameworkException::forInvalidFile('template/bank-pro/themes.php')
 2 SYSTEMPATH/Common.php(1142): CodeIgniter\View\View->render('template/bank-pro/themes', [], true)
 3 APPPATH/Controllers/Pages.php(40): view('template/bank-pro/themes', [...])
 4 SYSTEMPATH/CodeIgniter.php(907): App\Controllers\Pages->view('FCPATH/themes', 'finapp-light', 'webfonts', 'fa-regular-400.woff2')
 5 SYSTEMPATH/CodeIgniter.php(457): CodeIgniter\CodeIgniter->runController(Object(App\Controllers\Pages))
 6 SYSTEMPATH/CodeIgniter.php(340): CodeIgniter\CodeIgniter->handleRequest(null, Object(Config\Cache), false)
 7 FCPATH/index.php(71): CodeIgniter\CodeIgniter->run()
CRITICAL - 2023-08-09 10:12:17 --> Invalid file: template/bank-pro/assets.php
in SYSTEMPATH/Exceptions/FrameworkException.php on line 33.
 1 SYSTEMPATH/View/View.php(201): CodeIgniter\Exceptions\FrameworkException::forInvalidFile('template/bank-pro/assets.php')
 2 SYSTEMPATH/Common.php(1142): CodeIgniter\View\View->render('template/bank-pro/assets', [], true)
 3 APPPATH/Controllers/Pages.php(40): view('template/bank-pro/assets', [...])
 4 SYSTEMPATH/CodeIgniter.php(907): App\Controllers\Pages->view('FCPATH/assets', 'javascript', 'pdf.js')
 5 SYSTEMPATH/CodeIgniter.php(457): CodeIgniter\CodeIgniter->runController(Object(App\Controllers\Pages))
 6 SYSTEMPATH/CodeIgniter.php(340): CodeIgniter\CodeIgniter->handleRequest(null, Object(Config\Cache), false)
 7 FCPATH/index.php(71): CodeIgniter\CodeIgniter->run()
CRITICAL - 2023-08-09 10:12:18 --> Invalid file: template/bank-pro/assets.php
in SYSTEMPATH/Exceptions/FrameworkException.php on line 33.
 1 SYSTEMPATH/View/View.php(201): CodeIgniter\Exceptions\FrameworkException::forInvalidFile('template/bank-pro/assets.php')
 2 SYSTEMPATH/Common.php(1142): CodeIgniter\View\View->render('template/bank-pro/assets', [], true)
 3 APPPATH/Controllers/Pages.php(40): view('template/bank-pro/assets', [...])
 4 SYSTEMPATH/CodeIgniter.php(907): App\Controllers\Pages->view('FCPATH/assets', 'images', 'night.jpg')
 5 SYSTEMPATH/CodeIgniter.php(457): CodeIgniter\CodeIgniter->runController(Object(App\Controllers\Pages))
 6 SYSTEMPATH/CodeIgniter.php(340): CodeIgniter\CodeIgniter->handleRequest(null, Object(Config\Cache), false)
 7 FCPATH/index.php(71): CodeIgniter\CodeIgniter->run()
CRITICAL - 2023-08-09 10:12:18 --> Invalid file: template/bank-pro/assets.php
in SYSTEMPATH/Exceptions/FrameworkException.php on line 33.
 1 SYSTEMPATH/View/View.php(201): CodeIgniter\Exceptions\FrameworkException::forInvalidFile('template/bank-pro/assets.php')
 2 SYSTEMPATH/Common.php(1142): CodeIgniter\View\View->render('template/bank-pro/assets', [], true)
 3 APPPATH/Controllers/Pages.php(40): view('template/bank-pro/assets', [...])
 4 SYSTEMPATH/CodeIgniter.php(907): App\Controllers\Pages->view('FCPATH/assets', 'images', 'plan-bg.jpg')
 5 SYSTEMPATH/CodeIgniter.php(457): CodeIgniter\CodeIgniter->runController(Object(App\Controllers\Pages))
 6 SYSTEMPATH/CodeIgniter.php(340): CodeIgniter\CodeIgniter->handleRequest(null, Object(Config\Cache), false)
 7 FCPATH/index.php(71): CodeIgniter\CodeIgniter->run()
CRITICAL - 2023-08-09 10:12:24 --> Invalid file: template/bank-pro/assets.php
in SYSTEMPATH/Exceptions/FrameworkException.php on line 33.
 1 SYSTEMPATH/View/View.php(201): CodeIgniter\Exceptions\FrameworkException::forInvalidFile('template/bank-pro/assets.php')
 2 SYSTEMPATH/Common.php(1142): CodeIgniter\View\View->render('template/bank-pro/assets', [], true)
 3 APPPATH/Controllers/Pages.php(40): view('template/bank-pro/assets', [...])
 4 SYSTEMPATH/CodeIgniter.php(907): App\Controllers\Pages->view('FCPATH/assets', 'javascript', 'pdf.js')
 5 SYSTEMPATH/CodeIgniter.php(457): CodeIgniter\CodeIgniter->runController(Object(App\Controllers\Pages))
 6 SYSTEMPATH/CodeIgniter.php(340): CodeIgniter\CodeIgniter->handleRequest(null, Object(Config\Cache), false)
 7 FCPATH/index.php(71): CodeIgniter\CodeIgniter->run()
CRITICAL - 2023-08-09 10:12:24 --> Invalid file: template/bank-pro/assets.php
in SYSTEMPATH/Exceptions/FrameworkException.php on line 33.
 1 SYSTEMPATH/View/View.php(201): CodeIgniter\Exceptions\FrameworkException::forInvalidFile('template/bank-pro/assets.php')
 2 SYSTEMPATH/Common.php(1142): CodeIgniter\View\View->render('template/bank-pro/assets', [], true)
 3 APPPATH/Controllers/Pages.php(40): view('template/bank-pro/assets', [...])
 4 SYSTEMPATH/CodeIgniter.php(907): App\Controllers\Pages->view('FCPATH/assets', 'images', 'night.jpg')
 5 SYSTEMPATH/CodeIgniter.php(457): CodeIgniter\CodeIgniter->runController(Object(App\Controllers\Pages))
 6 SYSTEMPATH/CodeIgniter.php(340): CodeIgniter\CodeIgniter->handleRequest(null, Object(Config\Cache), false)
 7 FCPATH/index.php(71): CodeIgniter\CodeIgniter->run()
CRITICAL - 2023-08-09 10:12:24 --> Invalid file: template/bank-pro/assets.php
in SYSTEMPATH/Exceptions/FrameworkException.php on line 33.
 1 SYSTEMPATH/View/View.php(201): CodeIgniter\Exceptions\FrameworkException::forInvalidFile('template/bank-pro/assets.php')
 2 SYSTEMPATH/Common.php(1142): CodeIgniter\View\View->render('template/bank-pro/assets', [], true)
 3 APPPATH/Controllers/Pages.php(40): view('template/bank-pro/assets', [...])
 4 SYSTEMPATH/CodeIgniter.php(907): App\Controllers\Pages->view('FCPATH/assets', 'images', 'plan-bg.jpg')
 5 SYSTEMPATH/CodeIgniter.php(457): CodeIgniter\CodeIgniter->runController(Object(App\Controllers\Pages))
 6 SYSTEMPATH/CodeIgniter.php(340): CodeIgniter\CodeIgniter->handleRequest(null, Object(Config\Cache), false)
 7 FCPATH/index.php(71): CodeIgniter\CodeIgniter->run()
CRITICAL - 2023-08-09 10:12:27 --> Invalid file: template/bank-pro/assets.php
in SYSTEMPATH/Exceptions/FrameworkException.php on line 33.
 1 SYSTEMPATH/View/View.php(201): CodeIgniter\Exceptions\FrameworkException::forInvalidFile('template/bank-pro/assets.php')
 2 SYSTEMPATH/Common.php(1142): CodeIgniter\View\View->render('template/bank-pro/assets', [], true)
 3 APPPATH/Controllers/Pages.php(40): view('template/bank-pro/assets', [...])
 4 SYSTEMPATH/CodeIgniter.php(907): App\Controllers\Pages->view('FCPATH/assets', 'javascript', 'pdf.js')
 5 SYSTEMPATH/CodeIgniter.php(457): CodeIgniter\CodeIgniter->runController(Object(App\Controllers\Pages))
 6 SYSTEMPATH/CodeIgniter.php(340): CodeIgniter\CodeIgniter->handleRequest(null, Object(Config\Cache), false)
 7 FCPATH/index.php(71): CodeIgniter\CodeIgniter->run()
CRITICAL - 2023-08-09 10:12:27 --> Invalid file: template/bank-pro/assets.php
in SYSTEMPATH/Exceptions/FrameworkException.php on line 33.
 1 SYSTEMPATH/View/View.php(201): CodeIgniter\Exceptions\FrameworkException::forInvalidFile('template/bank-pro/assets.php')
 2 SYSTEMPATH/Common.php(1142): CodeIgniter\View\View->render('template/bank-pro/assets', [], true)
 3 APPPATH/Controllers/Pages.php(40): view('template/bank-pro/assets', [...])
 4 SYSTEMPATH/CodeIgniter.php(907): App\Controllers\Pages->view('FCPATH/assets', 'images', 'night.jpg')
 5 SYSTEMPATH/CodeIgniter.php(457): CodeIgniter\CodeIgniter->runController(Object(App\Controllers\Pages))
 6 SYSTEMPATH/CodeIgniter.php(340): CodeIgniter\CodeIgniter->handleRequest(null, Object(Config\Cache), false)
 7 FCPATH/index.php(71): CodeIgniter\CodeIgniter->run()
CRITICAL - 2023-08-09 10:12:27 --> Invalid file: template/bank-pro/assets.php
in SYSTEMPATH/Exceptions/FrameworkException.php on line 33.
 1 SYSTEMPATH/View/View.php(201): CodeIgniter\Exceptions\FrameworkException::forInvalidFile('template/bank-pro/assets.php')
 2 SYSTEMPATH/Common.php(1142): CodeIgniter\View\View->render('template/bank-pro/assets', [], true)
 3 APPPATH/Controllers/Pages.php(40): view('template/bank-pro/assets', [...])
 4 SYSTEMPATH/CodeIgniter.php(907): App\Controllers\Pages->view('FCPATH/assets', 'images', 'plan-bg.jpg')
 5 SYSTEMPATH/CodeIgniter.php(457): CodeIgniter\CodeIgniter->runController(Object(App\Controllers\Pages))
 6 SYSTEMPATH/CodeIgniter.php(340): CodeIgniter\CodeIgniter->handleRequest(null, Object(Config\Cache), false)
 7 FCPATH/index.php(71): CodeIgniter\CodeIgniter->run()
CRITICAL - 2023-08-09 10:12:39 --> Invalid file: template/bank-pro/assets.php
in SYSTEMPATH/Exceptions/FrameworkException.php on line 33.
 1 SYSTEMPATH/View/View.php(201): CodeIgniter\Exceptions\FrameworkException::forInvalidFile('template/bank-pro/assets.php')
 2 SYSTEMPATH/Common.php(1142): CodeIgniter\View\View->render('template/bank-pro/assets', [], true)
 3 APPPATH/Controllers/Pages.php(40): view('template/bank-pro/assets', [...])
 4 SYSTEMPATH/CodeIgniter.php(907): App\Controllers\Pages->view('FCPATH/assets', 'javascript', 'pdf.js')
 5 SYSTEMPATH/CodeIgniter.php(457): CodeIgniter\CodeIgniter->runController(Object(App\Controllers\Pages))
 6 SYSTEMPATH/CodeIgniter.php(340): CodeIgniter\CodeIgniter->handleRequest(null, Object(Config\Cache), false)
 7 FCPATH/index.php(71): CodeIgniter\CodeIgniter->run()
CRITICAL - 2023-08-09 10:12:39 --> Invalid file: template/bank-pro/assets.php
in SYSTEMPATH/Exceptions/FrameworkException.php on line 33.
 1 SYSTEMPATH/View/View.php(201): CodeIgniter\Exceptions\FrameworkException::forInvalidFile('template/bank-pro/assets.php')
 2 SYSTEMPATH/Common.php(1142): CodeIgniter\View\View->render('template/bank-pro/assets', [], true)
 3 APPPATH/Controllers/Pages.php(40): view('template/bank-pro/assets', [...])
 4 SYSTEMPATH/CodeIgniter.php(907): App\Controllers\Pages->view('FCPATH/assets', 'images', 'plan-bg.jpg')
 5 SYSTEMPATH/CodeIgniter.php(457): CodeIgniter\CodeIgniter->runController(Object(App\Controllers\Pages))
 6 SYSTEMPATH/CodeIgniter.php(340): CodeIgniter\CodeIgniter->handleRequest(null, Object(Config\Cache), false)
 7 FCPATH/index.php(71): CodeIgniter\CodeIgniter->run()
CRITICAL - 2023-08-09 10:12:40 --> Invalid file: template/bank-pro/assets.php
in SYSTEMPATH/Exceptions/FrameworkException.php on line 33.
 1 SYSTEMPATH/View/View.php(201): CodeIgniter\Exceptions\FrameworkException::forInvalidFile('template/bank-pro/assets.php')
 2 SYSTEMPATH/Common.php(1142): CodeIgniter\View\View->render('template/bank-pro/assets', [], true)
 3 APPPATH/Controllers/Pages.php(40): view('template/bank-pro/assets', [...])
 4 SYSTEMPATH/CodeIgniter.php(907): App\Controllers\Pages->view('FCPATH/assets', 'images', 'night.jpg')
 5 SYSTEMPATH/CodeIgniter.php(457): CodeIgniter\CodeIgniter->runController(Object(App\Controllers\Pages))
 6 SYSTEMPATH/CodeIgniter.php(340): CodeIgniter\CodeIgniter->handleRequest(null, Object(Config\Cache), false)
 7 FCPATH/index.php(71): CodeIgniter\CodeIgniter->run()
CRITICAL - 2023-08-09 10:12:46 --> Invalid file: template/bank-pro/themes.php
in SYSTEMPATH/Exceptions/FrameworkException.php on line 33.
 1 SYSTEMPATH/View/View.php(201): CodeIgniter\Exceptions\FrameworkException::forInvalidFile('template/bank-pro/themes.php')
 2 SYSTEMPATH/Common.php(1142): CodeIgniter\View\View->render('template/bank-pro/themes', [], true)
 3 APPPATH/Controllers/Pages.php(40): view('template/bank-pro/themes', [...])
 4 SYSTEMPATH/CodeIgniter.php(907): App\Controllers\Pages->view('FCPATH/themes', 'finapp-light', 'webfonts', 'fa-solid-900.woff2')
 5 SYSTEMPATH/CodeIgniter.php(457): CodeIgniter\CodeIgniter->runController(Object(App\Controllers\Pages))
 6 SYSTEMPATH/CodeIgniter.php(340): CodeIgniter\CodeIgniter->handleRequest(null, Object(Config\Cache), false)
 7 FCPATH/index.php(71): CodeIgniter\CodeIgniter->run()
CRITICAL - 2023-08-09 10:12:46 --> Invalid file: template/bank-pro/themes.php
in SYSTEMPATH/Exceptions/FrameworkException.php on line 33.
 1 SYSTEMPATH/View/View.php(201): CodeIgniter\Exceptions\FrameworkException::forInvalidFile('template/bank-pro/themes.php')
 2 SYSTEMPATH/Common.php(1142): CodeIgniter\View\View->render('template/bank-pro/themes', [], true)
 3 APPPATH/Controllers/Pages.php(40): view('template/bank-pro/themes', [...])
 4 SYSTEMPATH/CodeIgniter.php(907): App\Controllers\Pages->view('FCPATH/themes', 'finapp-light', 'webfonts', 'fa-regular-400.woff2')
 5 SYSTEMPATH/CodeIgniter.php(457): CodeIgniter\CodeIgniter->runController(Object(App\Controllers\Pages))
 6 SYSTEMPATH/CodeIgniter.php(340): CodeIgniter\CodeIgniter->handleRequest(null, Object(Config\Cache), false)
 7 FCPATH/index.php(71): CodeIgniter\CodeIgniter->run()
CRITICAL - 2023-08-09 10:13:13 --> Invalid file: template/bank-pro/assets.php
in SYSTEMPATH/Exceptions/FrameworkException.php on line 33.
 1 SYSTEMPATH/View/View.php(201): CodeIgniter\Exceptions\FrameworkException::forInvalidFile('template/bank-pro/assets.php')
 2 SYSTEMPATH/Common.php(1142): CodeIgniter\View\View->render('template/bank-pro/assets', [], true)
 3 APPPATH/Controllers/Pages.php(40): view('template/bank-pro/assets', [...])
 4 SYSTEMPATH/CodeIgniter.php(907): App\Controllers\Pages->view('FCPATH/assets', 'javascript', 'pdf.js')
 5 SYSTEMPATH/CodeIgniter.php(457): CodeIgniter\CodeIgniter->runController(Object(App\Controllers\Pages))
 6 SYSTEMPATH/CodeIgniter.php(340): CodeIgniter\CodeIgniter->handleRequest(null, Object(Config\Cache), false)
 7 FCPATH/index.php(71): CodeIgniter\CodeIgniter->run()
CRITICAL - 2023-08-09 10:13:15 --> Invalid file: template/bank-pro/assets.php
in SYSTEMPATH/Exceptions/FrameworkException.php on line 33.
 1 SYSTEMPATH/View/View.php(201): CodeIgniter\Exceptions\FrameworkException::forInvalidFile('template/bank-pro/assets.php')
 2 SYSTEMPATH/Common.php(1142): CodeIgniter\View\View->render('template/bank-pro/assets', [], true)
 3 APPPATH/Controllers/Pages.php(40): view('template/bank-pro/assets', [...])
 4 SYSTEMPATH/CodeIgniter.php(907): App\Controllers\Pages->view('FCPATH/assets', 'images', 'night.jpg')
 5 SYSTEMPATH/CodeIgniter.php(457): CodeIgniter\CodeIgniter->runController(Object(App\Controllers\Pages))
 6 SYSTEMPATH/CodeIgniter.php(340): CodeIgniter\CodeIgniter->handleRequest(null, Object(Config\Cache), false)
 7 FCPATH/index.php(71): CodeIgniter\CodeIgniter->run()
CRITICAL - 2023-08-09 10:13:15 --> Invalid file: template/bank-pro/assets.php
in SYSTEMPATH/Exceptions/FrameworkException.php on line 33.
 1 SYSTEMPATH/View/View.php(201): CodeIgniter\Exceptions\FrameworkException::forInvalidFile('template/bank-pro/assets.php')
 2 SYSTEMPATH/Common.php(1142): CodeIgniter\View\View->render('template/bank-pro/assets', [], true)
 3 APPPATH/Controllers/Pages.php(40): view('template/bank-pro/assets', [...])
 4 SYSTEMPATH/CodeIgniter.php(907): App\Controllers\Pages->view('FCPATH/assets', 'images', 'plan-bg.jpg')
 5 SYSTEMPATH/CodeIgniter.php(457): CodeIgniter\CodeIgniter->runController(Object(App\Controllers\Pages))
 6 SYSTEMPATH/CodeIgniter.php(340): CodeIgniter\CodeIgniter->handleRequest(null, Object(Config\Cache), false)
 7 FCPATH/index.php(71): CodeIgniter\CodeIgniter->run()
CRITICAL - 2023-08-09 10:13:38 --> Invalid file: template/bank-pro/assets.php
in SYSTEMPATH/Exceptions/FrameworkException.php on line 33.
 1 SYSTEMPATH/View/View.php(201): CodeIgniter\Exceptions\FrameworkException::forInvalidFile('template/bank-pro/assets.php')
 2 SYSTEMPATH/Common.php(1142): CodeIgniter\View\View->render('template/bank-pro/assets', [], true)
 3 APPPATH/Controllers/Pages.php(40): view('template/bank-pro/assets', [...])
 4 SYSTEMPATH/CodeIgniter.php(907): App\Controllers\Pages->view('FCPATH/assets', 'javascript', 'pdf.js')
 5 SYSTEMPATH/CodeIgniter.php(457): CodeIgniter\CodeIgniter->runController(Object(App\Controllers\Pages))
 6 SYSTEMPATH/CodeIgniter.php(340): CodeIgniter\CodeIgniter->handleRequest(null, Object(Config\Cache), false)
 7 FCPATH/index.php(71): CodeIgniter\CodeIgniter->run()
CRITICAL - 2023-08-09 10:13:49 --> Invalid file: template/bank-pro/assets.php
in SYSTEMPATH/Exceptions/FrameworkException.php on line 33.
 1 SYSTEMPATH/View/View.php(201): CodeIgniter\Exceptions\FrameworkException::forInvalidFile('template/bank-pro/assets.php')
 2 SYSTEMPATH/Common.php(1142): CodeIgniter\View\View->render('template/bank-pro/assets', [], true)
 3 APPPATH/Controllers/Pages.php(40): view('template/bank-pro/assets', [...])
 4 SYSTEMPATH/CodeIgniter.php(907): App\Controllers\Pages->view('FCPATH/assets', 'javascript', 'pdf.js')
 5 SYSTEMPATH/CodeIgniter.php(457): CodeIgniter\CodeIgniter->runController(Object(App\Controllers\Pages))
 6 SYSTEMPATH/CodeIgniter.php(340): CodeIgniter\CodeIgniter->handleRequest(null, Object(Config\Cache), false)
 7 FCPATH/index.php(71): CodeIgniter\CodeIgniter->run()
CRITICAL - 2023-08-09 10:13:57 --> Invalid file: template/bank-pro/assets.php
in SYSTEMPATH/Exceptions/FrameworkException.php on line 33.
 1 SYSTEMPATH/View/View.php(201): CodeIgniter\Exceptions\FrameworkException::forInvalidFile('template/bank-pro/assets.php')
 2 SYSTEMPATH/Common.php(1142): CodeIgniter\View\View->render('template/bank-pro/assets', [], true)
 3 APPPATH/Controllers/Pages.php(40): view('template/bank-pro/assets', [...])
 4 SYSTEMPATH/CodeIgniter.php(907): App\Controllers\Pages->view('FCPATH/assets', 'javascript', 'pdf.js')
 5 SYSTEMPATH/CodeIgniter.php(457): CodeIgniter\CodeIgniter->runController(Object(App\Controllers\Pages))
 6 SYSTEMPATH/CodeIgniter.php(340): CodeIgniter\CodeIgniter->handleRequest(null, Object(Config\Cache), false)
 7 FCPATH/index.php(71): CodeIgniter\CodeIgniter->run()
CRITICAL - 2023-08-09 10:13:58 --> Invalid file: template/bank-pro/assets.php
in SYSTEMPATH/Exceptions/FrameworkException.php on line 33.
 1 SYSTEMPATH/View/View.php(201): CodeIgniter\Exceptions\FrameworkException::forInvalidFile('template/bank-pro/assets.php')
 2 SYSTEMPATH/Common.php(1142): CodeIgniter\View\View->render('template/bank-pro/assets', [], true)
 3 APPPATH/Controllers/Pages.php(40): view('template/bank-pro/assets', [...])
 4 SYSTEMPATH/CodeIgniter.php(907): App\Controllers\Pages->view('FCPATH/assets', 'images', 'plan-bg.jpg')
 5 SYSTEMPATH/CodeIgniter.php(457): CodeIgniter\CodeIgniter->runController(Object(App\Controllers\Pages))
 6 SYSTEMPATH/CodeIgniter.php(340): CodeIgniter\CodeIgniter->handleRequest(null, Object(Config\Cache), false)
 7 FCPATH/index.php(71): CodeIgniter\CodeIgniter->run()
CRITICAL - 2023-08-09 10:13:58 --> Invalid file: template/bank-pro/assets.php
in SYSTEMPATH/Exceptions/FrameworkException.php on line 33.
 1 SYSTEMPATH/View/View.php(201): CodeIgniter\Exceptions\FrameworkException::forInvalidFile('template/bank-pro/assets.php')
 2 SYSTEMPATH/Common.php(1142): CodeIgniter\View\View->render('template/bank-pro/assets', [], true)
 3 APPPATH/Controllers/Pages.php(40): view('template/bank-pro/assets', [...])
 4 SYSTEMPATH/CodeIgniter.php(907): App\Controllers\Pages->view('FCPATH/assets', 'images', 'night.jpg')
 5 SYSTEMPATH/CodeIgniter.php(457): CodeIgniter\CodeIgniter->runController(Object(App\Controllers\Pages))
 6 SYSTEMPATH/CodeIgniter.php(340): CodeIgniter\CodeIgniter->handleRequest(null, Object(Config\Cache), false)
 7 FCPATH/index.php(71): CodeIgniter\CodeIgniter->run()
CRITICAL - 2023-08-09 10:14:03 --> Invalid file: template/bank-pro/assets.php
in SYSTEMPATH/Exceptions/FrameworkException.php on line 33.
 1 SYSTEMPATH/View/View.php(201): CodeIgniter\Exceptions\FrameworkException::forInvalidFile('template/bank-pro/assets.php')
 2 SYSTEMPATH/Common.php(1142): CodeIgniter\View\View->render('template/bank-pro/assets', [], true)
 3 APPPATH/Controllers/Pages.php(40): view('template/bank-pro/assets', [...])
 4 SYSTEMPATH/CodeIgniter.php(907): App\Controllers\Pages->view('FCPATH/assets', 'javascript', 'pdf.js')
 5 SYSTEMPATH/CodeIgniter.php(457): CodeIgniter\CodeIgniter->runController(Object(App\Controllers\Pages))
 6 SYSTEMPATH/CodeIgniter.php(340): CodeIgniter\CodeIgniter->handleRequest(null, Object(Config\Cache), false)
 7 FCPATH/index.php(71): CodeIgniter\CodeIgniter->run()
CRITICAL - 2023-08-09 10:14:04 --> Invalid file: template/bank-pro/assets.php
in SYSTEMPATH/Exceptions/FrameworkException.php on line 33.
 1 SYSTEMPATH/View/View.php(201): CodeIgniter\Exceptions\FrameworkException::forInvalidFile('template/bank-pro/assets.php')
 2 SYSTEMPATH/Common.php(1142): CodeIgniter\View\View->render('template/bank-pro/assets', [], true)
 3 APPPATH/Controllers/Pages.php(40): view('template/bank-pro/assets', [...])
 4 SYSTEMPATH/CodeIgniter.php(907): App\Controllers\Pages->view('FCPATH/assets', 'images', 'night.jpg')
 5 SYSTEMPATH/CodeIgniter.php(457): CodeIgniter\CodeIgniter->runController(Object(App\Controllers\Pages))
 6 SYSTEMPATH/CodeIgniter.php(340): CodeIgniter\CodeIgniter->handleRequest(null, Object(Config\Cache), false)
 7 FCPATH/index.php(71): CodeIgniter\CodeIgniter->run()
CRITICAL - 2023-08-09 10:14:04 --> Invalid file: template/bank-pro/assets.php
in SYSTEMPATH/Exceptions/FrameworkException.php on line 33.
 1 SYSTEMPATH/View/View.php(201): CodeIgniter\Exceptions\FrameworkException::forInvalidFile('template/bank-pro/assets.php')
 2 SYSTEMPATH/Common.php(1142): CodeIgniter\View\View->render('template/bank-pro/assets', [], true)
 3 APPPATH/Controllers/Pages.php(40): view('template/bank-pro/assets', [...])
 4 SYSTEMPATH/CodeIgniter.php(907): App\Controllers\Pages->view('FCPATH/assets', 'images', 'plan-bg.jpg')
 5 SYSTEMPATH/CodeIgniter.php(457): CodeIgniter\CodeIgniter->runController(Object(App\Controllers\Pages))
 6 SYSTEMPATH/CodeIgniter.php(340): CodeIgniter\CodeIgniter->handleRequest(null, Object(Config\Cache), false)
 7 FCPATH/index.php(71): CodeIgniter\CodeIgniter->run()
CRITICAL - 2023-08-09 10:14:15 --> Invalid file: template/bank-pro/themes.php
in SYSTEMPATH/Exceptions/FrameworkException.php on line 33.
 1 SYSTEMPATH/View/View.php(201): CodeIgniter\Exceptions\FrameworkException::forInvalidFile('template/bank-pro/themes.php')
 2 SYSTEMPATH/Common.php(1142): CodeIgniter\View\View->render('template/bank-pro/themes', [], true)
 3 APPPATH/Controllers/Pages.php(40): view('template/bank-pro/themes', [...])
 4 SYSTEMPATH/CodeIgniter.php(907): App\Controllers\Pages->view('FCPATH/themes', 'finapp-light', 'webfonts', 'fa-solid-900.woff2')
 5 SYSTEMPATH/CodeIgniter.php(457): CodeIgniter\CodeIgniter->runController(Object(App\Controllers\Pages))
 6 SYSTEMPATH/CodeIgniter.php(340): CodeIgniter\CodeIgniter->handleRequest(null, Object(Config\Cache), false)
 7 FCPATH/index.php(71): CodeIgniter\CodeIgniter->run()
CRITICAL - 2023-08-09 10:14:15 --> Invalid file: template/bank-pro/themes.php
in SYSTEMPATH/Exceptions/FrameworkException.php on line 33.
 1 SYSTEMPATH/View/View.php(201): CodeIgniter\Exceptions\FrameworkException::forInvalidFile('template/bank-pro/themes.php')
 2 SYSTEMPATH/Common.php(1142): CodeIgniter\View\View->render('template/bank-pro/themes', [], true)
 3 APPPATH/Controllers/Pages.php(40): view('template/bank-pro/themes', [...])
 4 SYSTEMPATH/CodeIgniter.php(907): App\Controllers\Pages->view('FCPATH/themes', 'finapp-light', 'webfonts', 'fa-regular-400.woff2')
 5 SYSTEMPATH/CodeIgniter.php(457): CodeIgniter\CodeIgniter->runController(Object(App\Controllers\Pages))
 6 SYSTEMPATH/CodeIgniter.php(340): CodeIgniter\CodeIgniter->handleRequest(null, Object(Config\Cache), false)
 7 FCPATH/index.php(71): CodeIgniter\CodeIgniter->run()
CRITICAL - 2023-08-09 10:14:23 --> Invalid file: template/bank-pro/themes.php
in SYSTEMPATH/Exceptions/FrameworkException.php on line 33.
 1 SYSTEMPATH/View/View.php(201): CodeIgniter\Exceptions\FrameworkException::forInvalidFile('template/bank-pro/themes.php')
 2 SYSTEMPATH/Common.php(1142): CodeIgniter\View\View->render('template/bank-pro/themes', [], true)
 3 APPPATH/Controllers/Pages.php(40): view('template/bank-pro/themes', [...])
 4 SYSTEMPATH/CodeIgniter.php(907): App\Controllers\Pages->view('FCPATH/themes', 'finapp-light', 'webfonts', 'fa-brands-400.woff2')
 5 SYSTEMPATH/CodeIgniter.php(457): CodeIgniter\CodeIgniter->runController(Object(App\Controllers\Pages))
 6 SYSTEMPATH/CodeIgniter.php(340): CodeIgniter\CodeIgniter->handleRequest(null, Object(Config\Cache), false)
 7 FCPATH/index.php(71): CodeIgniter\CodeIgniter->run()
CRITICAL - 2023-08-09 10:14:23 --> Invalid file: template/bank-pro/themes.php
in SYSTEMPATH/Exceptions/FrameworkException.php on line 33.
 1 SYSTEMPATH/View/View.php(201): CodeIgniter\Exceptions\FrameworkException::forInvalidFile('template/bank-pro/themes.php')
 2 SYSTEMPATH/Common.php(1142): CodeIgniter\View\View->render('template/bank-pro/themes', [], true)
 3 APPPATH/Controllers/Pages.php(40): view('template/bank-pro/themes', [...])
 4 SYSTEMPATH/CodeIgniter.php(907): App\Controllers\Pages->view('FCPATH/themes', 'finapp-light', 'webfonts', 'fa-solid-900.woff2')
 5 SYSTEMPATH/CodeIgniter.php(457): CodeIgniter\CodeIgniter->runController(Object(App\Controllers\Pages))
 6 SYSTEMPATH/CodeIgniter.php(340): CodeIgniter\CodeIgniter->handleRequest(null, Object(Config\Cache), false)
 7 FCPATH/index.php(71): CodeIgniter\CodeIgniter->run()
CRITICAL - 2023-08-09 10:14:23 --> Invalid file: template/bank-pro/themes.php
in SYSTEMPATH/Exceptions/FrameworkException.php on line 33.
 1 SYSTEMPATH/View/View.php(201): CodeIgniter\Exceptions\FrameworkException::forInvalidFile('template/bank-pro/themes.php')
 2 SYSTEMPATH/Common.php(1142): CodeIgniter\View\View->render('template/bank-pro/themes', [], true)
 3 APPPATH/Controllers/Pages.php(40): view('template/bank-pro/themes', [...])
 4 SYSTEMPATH/CodeIgniter.php(907): App\Controllers\Pages->view('FCPATH/themes', 'finapp-light', 'webfonts', 'fa-regular-400.woff2')
 5 SYSTEMPATH/CodeIgniter.php(457): CodeIgniter\CodeIgniter->runController(Object(App\Controllers\Pages))
 6 SYSTEMPATH/CodeIgniter.php(340): CodeIgniter\CodeIgniter->handleRequest(null, Object(Config\Cache), false)
 7 FCPATH/index.php(71): CodeIgniter\CodeIgniter->run()
CRITICAL - 2023-08-09 10:14:23 --> Invalid file: template/bank-pro/__service-worker.js
in SYSTEMPATH/Exceptions/FrameworkException.php on line 33.
 1 SYSTEMPATH/View/View.php(201): CodeIgniter\Exceptions\FrameworkException::forInvalidFile('template/bank-pro/__service-worker.js')
 2 SYSTEMPATH/Common.php(1142): CodeIgniter\View\View->render('template/bank-pro/__service-worker.js', [], true)
 3 APPPATH/Controllers/Pages.php(40): view('template/bank-pro/__service-worker.js', [...])
 4 SYSTEMPATH/CodeIgniter.php(907): App\Controllers\Pages->view('__service-worker.js')
 5 SYSTEMPATH/CodeIgniter.php(457): CodeIgniter\CodeIgniter->runController(Object(App\Controllers\Pages))
 6 SYSTEMPATH/CodeIgniter.php(340): CodeIgniter\CodeIgniter->handleRequest(null, Object(Config\Cache), false)
 7 FCPATH/index.php(71): CodeIgniter\CodeIgniter->run()
CRITICAL - 2023-08-09 10:14:23 --> Invalid file: template/bank-pro/assets.php
in SYSTEMPATH/Exceptions/FrameworkException.php on line 33.
 1 SYSTEMPATH/View/View.php(201): CodeIgniter\Exceptions\FrameworkException::forInvalidFile('template/bank-pro/assets.php')
 2 SYSTEMPATH/Common.php(1142): CodeIgniter\View\View->render('template/bank-pro/assets', [], true)
 3 APPPATH/Controllers/Pages.php(40): view('template/bank-pro/assets', [...])
 4 SYSTEMPATH/CodeIgniter.php(907): App\Controllers\Pages->view('FCPATH/assets', 'images', 'visa.png')
 5 SYSTEMPATH/CodeIgniter.php(457): CodeIgniter\CodeIgniter->runController(Object(App\Controllers\Pages))
 6 SYSTEMPATH/CodeIgniter.php(340): CodeIgniter\CodeIgniter->handleRequest(null, Object(Config\Cache), false)
 7 FCPATH/index.php(71): CodeIgniter\CodeIgniter->run()
CRITICAL - 2023-08-09 10:14:23 --> Invalid file: template/bank-pro/assets.php
in SYSTEMPATH/Exceptions/FrameworkException.php on line 33.
 1 SYSTEMPATH/View/View.php(201): CodeIgniter\Exceptions\FrameworkException::forInvalidFile('template/bank-pro/assets.php')
 2 SYSTEMPATH/Common.php(1142): CodeIgniter\View\View->render('template/bank-pro/assets', [], true)
 3 APPPATH/Controllers/Pages.php(40): view('template/bank-pro/assets', [...])
 4 SYSTEMPATH/CodeIgniter.php(907): App\Controllers\Pages->view('FCPATH/assets', 'images', 'chip.png')
 5 SYSTEMPATH/CodeIgniter.php(457): CodeIgniter\CodeIgniter->runController(Object(App\Controllers\Pages))
 6 SYSTEMPATH/CodeIgniter.php(340): CodeIgniter\CodeIgniter->handleRequest(null, Object(Config\Cache), false)
 7 FCPATH/index.php(71): CodeIgniter\CodeIgniter->run()
CRITICAL - 2023-08-09 10:14:35 --> Invalid file: template/bank-pro/themes.php
in SYSTEMPATH/Exceptions/FrameworkException.php on line 33.
 1 SYSTEMPATH/View/View.php(201): CodeIgniter\Exceptions\FrameworkException::forInvalidFile('template/bank-pro/themes.php')
 2 SYSTEMPATH/Common.php(1142): CodeIgniter\View\View->render('template/bank-pro/themes', [], true)
 3 APPPATH/Controllers/Pages.php(40): view('template/bank-pro/themes', [...])
 4 SYSTEMPATH/CodeIgniter.php(907): App\Controllers\Pages->view('FCPATH/themes', 'finapp-light', 'webfonts', 'fa-solid-900.woff2')
 5 SYSTEMPATH/CodeIgniter.php(457): CodeIgniter\CodeIgniter->runController(Object(App\Controllers\Pages))
 6 SYSTEMPATH/CodeIgniter.php(340): CodeIgniter\CodeIgniter->handleRequest(null, Object(Config\Cache), false)
 7 FCPATH/index.php(71): CodeIgniter\CodeIgniter->run()
CRITICAL - 2023-08-09 10:14:35 --> Invalid file: template/bank-pro/themes.php
in SYSTEMPATH/Exceptions/FrameworkException.php on line 33.
 1 SYSTEMPATH/View/View.php(201): CodeIgniter\Exceptions\FrameworkException::forInvalidFile('template/bank-pro/themes.php')
 2 SYSTEMPATH/Common.php(1142): CodeIgniter\View\View->render('template/bank-pro/themes', [], true)
 3 APPPATH/Controllers/Pages.php(40): view('template/bank-pro/themes', [...])
 4 SYSTEMPATH/CodeIgniter.php(907): App\Controllers\Pages->view('FCPATH/themes', 'finapp-light', 'webfonts', 'fa-regular-400.woff2')
 5 SYSTEMPATH/CodeIgniter.php(457): CodeIgniter\CodeIgniter->runController(Object(App\Controllers\Pages))
 6 SYSTEMPATH/CodeIgniter.php(340): CodeIgniter\CodeIgniter->handleRequest(null, Object(Config\Cache), false)
 7 FCPATH/index.php(71): CodeIgniter\CodeIgniter->run()
CRITICAL - 2023-08-09 10:14:39 --> Invalid file: template/bank-pro/assets.php
in SYSTEMPATH/Exceptions/FrameworkException.php on line 33.
 1 SYSTEMPATH/View/View.php(201): CodeIgniter\Exceptions\FrameworkException::forInvalidFile('template/bank-pro/assets.php')
 2 SYSTEMPATH/Common.php(1142): CodeIgniter\View\View->render('template/bank-pro/assets', [], true)
 3 APPPATH/Controllers/Pages.php(40): view('template/bank-pro/assets', [...])
 4 SYSTEMPATH/CodeIgniter.php(907): App\Controllers\Pages->view('FCPATH/assets', 'javascript', 'pdf.js')
 5 SYSTEMPATH/CodeIgniter.php(457): CodeIgniter\CodeIgniter->runController(Object(App\Controllers\Pages))
 6 SYSTEMPATH/CodeIgniter.php(340): CodeIgniter\CodeIgniter->handleRequest(null, Object(Config\Cache), false)
 7 FCPATH/index.php(71): CodeIgniter\CodeIgniter->run()
CRITICAL - 2023-08-09 10:14:40 --> Invalid file: template/bank-pro/assets.php
in SYSTEMPATH/Exceptions/FrameworkException.php on line 33.
 1 SYSTEMPATH/View/View.php(201): CodeIgniter\Exceptions\FrameworkException::forInvalidFile('template/bank-pro/assets.php')
 2 SYSTEMPATH/Common.php(1142): CodeIgniter\View\View->render('template/bank-pro/assets', [], true)
 3 APPPATH/Controllers/Pages.php(40): view('template/bank-pro/assets', [...])
 4 SYSTEMPATH/CodeIgniter.php(907): App\Controllers\Pages->view('FCPATH/assets', 'images', 'night.jpg')
 5 SYSTEMPATH/CodeIgniter.php(457): CodeIgniter\CodeIgniter->runController(Object(App\Controllers\Pages))
 6 SYSTEMPATH/CodeIgniter.php(340): CodeIgniter\CodeIgniter->handleRequest(null, Object(Config\Cache), false)
 7 FCPATH/index.php(71): CodeIgniter\CodeIgniter->run()
CRITICAL - 2023-08-09 10:14:40 --> Invalid file: template/bank-pro/assets.php
in SYSTEMPATH/Exceptions/FrameworkException.php on line 33.
 1 SYSTEMPATH/View/View.php(201): CodeIgniter\Exceptions\FrameworkException::forInvalidFile('template/bank-pro/assets.php')
 2 SYSTEMPATH/Common.php(1142): CodeIgniter\View\View->render('template/bank-pro/assets', [], true)
 3 APPPATH/Controllers/Pages.php(40): view('template/bank-pro/assets', [...])
 4 SYSTEMPATH/CodeIgniter.php(907): App\Controllers\Pages->view('FCPATH/assets', 'images', 'plan-bg.jpg')
 5 SYSTEMPATH/CodeIgniter.php(457): CodeIgniter\CodeIgniter->runController(Object(App\Controllers\Pages))
 6 SYSTEMPATH/CodeIgniter.php(340): CodeIgniter\CodeIgniter->handleRequest(null, Object(Config\Cache), false)
 7 FCPATH/index.php(71): CodeIgniter\CodeIgniter->run()
CRITICAL - 2023-08-09 10:14:48 --> Invalid file: template/bank-pro/assets.php
in SYSTEMPATH/Exceptions/FrameworkException.php on line 33.
 1 SYSTEMPATH/View/View.php(201): CodeIgniter\Exceptions\FrameworkException::forInvalidFile('template/bank-pro/assets.php')
 2 SYSTEMPATH/Common.php(1142): CodeIgniter\View\View->render('template/bank-pro/assets', [], true)
 3 APPPATH/Controllers/Pages.php(40): view('template/bank-pro/assets', [...])
 4 SYSTEMPATH/CodeIgniter.php(907): App\Controllers\Pages->view('FCPATH/assets', 'javascript', 'pdf.js')
 5 SYSTEMPATH/CodeIgniter.php(457): CodeIgniter\CodeIgniter->runController(Object(App\Controllers\Pages))
 6 SYSTEMPATH/CodeIgniter.php(340): CodeIgniter\CodeIgniter->handleRequest(null, Object(Config\Cache), false)
 7 FCPATH/index.php(71): CodeIgniter\CodeIgniter->run()
CRITICAL - 2023-08-09 10:14:49 --> Invalid file: template/bank-pro/assets.php
in SYSTEMPATH/Exceptions/FrameworkException.php on line 33.
 1 SYSTEMPATH/View/View.php(201): CodeIgniter\Exceptions\FrameworkException::forInvalidFile('template/bank-pro/assets.php')
 2 SYSTEMPATH/Common.php(1142): CodeIgniter\View\View->render('template/bank-pro/assets', [], true)
 3 APPPATH/Controllers/Pages.php(40): view('template/bank-pro/assets', [...])
 4 SYSTEMPATH/CodeIgniter.php(907): App\Controllers\Pages->view('FCPATH/assets', 'images', 'night.jpg')
 5 SYSTEMPATH/CodeIgniter.php(457): CodeIgniter\CodeIgniter->runController(Object(App\Controllers\Pages))
 6 SYSTEMPATH/CodeIgniter.php(340): CodeIgniter\CodeIgniter->handleRequest(null, Object(Config\Cache), false)
 7 FCPATH/index.php(71): CodeIgniter\CodeIgniter->run()
CRITICAL - 2023-08-09 10:14:49 --> Invalid file: template/bank-pro/assets.php
in SYSTEMPATH/Exceptions/FrameworkException.php on line 33.
 1 SYSTEMPATH/View/View.php(201): CodeIgniter\Exceptions\FrameworkException::forInvalidFile('template/bank-pro/assets.php')
 2 SYSTEMPATH/Common.php(1142): CodeIgniter\View\View->render('template/bank-pro/assets', [], true)
 3 APPPATH/Controllers/Pages.php(40): view('template/bank-pro/assets', [...])
 4 SYSTEMPATH/CodeIgniter.php(907): App\Controllers\Pages->view('FCPATH/assets', 'images', 'plan-bg.jpg')
 5 SYSTEMPATH/CodeIgniter.php(457): CodeIgniter\CodeIgniter->runController(Object(App\Controllers\Pages))
 6 SYSTEMPATH/CodeIgniter.php(340): CodeIgniter\CodeIgniter->handleRequest(null, Object(Config\Cache), false)
 7 FCPATH/index.php(71): CodeIgniter\CodeIgniter->run()
CRITICAL - 2023-08-09 10:15:01 --> Invalid file: template/bank-pro/themes.php
in SYSTEMPATH/Exceptions/FrameworkException.php on line 33.
 1 SYSTEMPATH/View/View.php(201): CodeIgniter\Exceptions\FrameworkException::forInvalidFile('template/bank-pro/themes.php')
 2 SYSTEMPATH/Common.php(1142): CodeIgniter\View\View->render('template/bank-pro/themes', [], true)
 3 APPPATH/Controllers/Pages.php(40): view('template/bank-pro/themes', [...])
 4 SYSTEMPATH/CodeIgniter.php(907): App\Controllers\Pages->view('FCPATH/themes', 'finapp-light', 'webfonts', 'fa-solid-900.woff2')
 5 SYSTEMPATH/CodeIgniter.php(457): CodeIgniter\CodeIgniter->runController(Object(App\Controllers\Pages))
 6 SYSTEMPATH/CodeIgniter.php(340): CodeIgniter\CodeIgniter->handleRequest(null, Object(Config\Cache), false)
 7 FCPATH/index.php(71): CodeIgniter\CodeIgniter->run()
CRITICAL - 2023-08-09 10:15:01 --> Invalid file: template/bank-pro/themes.php
in SYSTEMPATH/Exceptions/FrameworkException.php on line 33.
 1 SYSTEMPATH/View/View.php(201): CodeIgniter\Exceptions\FrameworkException::forInvalidFile('template/bank-pro/themes.php')
 2 SYSTEMPATH/Common.php(1142): CodeIgniter\View\View->render('template/bank-pro/themes', [], true)
 3 APPPATH/Controllers/Pages.php(40): view('template/bank-pro/themes', [...])
 4 SYSTEMPATH/CodeIgniter.php(907): App\Controllers\Pages->view('FCPATH/themes', 'finapp-light', 'webfonts', 'fa-brands-400.woff2')
 5 SYSTEMPATH/CodeIgniter.php(457): CodeIgniter\CodeIgniter->runController(Object(App\Controllers\Pages))
 6 SYSTEMPATH/CodeIgniter.php(340): CodeIgniter\CodeIgniter->handleRequest(null, Object(Config\Cache), false)
 7 FCPATH/index.php(71): CodeIgniter\CodeIgniter->run()
CRITICAL - 2023-08-09 10:15:01 --> Invalid file: template/bank-pro/themes.php
in SYSTEMPATH/Exceptions/FrameworkException.php on line 33.
 1 SYSTEMPATH/View/View.php(201): CodeIgniter\Exceptions\FrameworkException::forInvalidFile('template/bank-pro/themes.php')
 2 SYSTEMPATH/Common.php(1142): CodeIgniter\View\View->render('template/bank-pro/themes', [], true)
 3 APPPATH/Controllers/Pages.php(40): view('template/bank-pro/themes', [...])
 4 SYSTEMPATH/CodeIgniter.php(907): App\Controllers\Pages->view('FCPATH/themes', 'finapp-light', 'webfonts', 'fa-regular-400.woff2')
 5 SYSTEMPATH/CodeIgniter.php(457): CodeIgniter\CodeIgniter->runController(Object(App\Controllers\Pages))
 6 SYSTEMPATH/CodeIgniter.php(340): CodeIgniter\CodeIgniter->handleRequest(null, Object(Config\Cache), false)
 7 FCPATH/index.php(71): CodeIgniter\CodeIgniter->run()
CRITICAL - 2023-08-09 10:15:01 --> Invalid file: template/bank-pro/assets.php
in SYSTEMPATH/Exceptions/FrameworkException.php on line 33.
 1 SYSTEMPATH/View/View.php(201): CodeIgniter\Exceptions\FrameworkException::forInvalidFile('template/bank-pro/assets.php')
 2 SYSTEMPATH/Common.php(1142): CodeIgniter\View\View->render('template/bank-pro/assets', [], true)
 3 APPPATH/Controllers/Pages.php(40): view('template/bank-pro/assets', [...])
 4 SYSTEMPATH/CodeIgniter.php(907): App\Controllers\Pages->view('FCPATH/assets', 'images', 'visa.png')
 5 SYSTEMPATH/CodeIgniter.php(457): CodeIgniter\CodeIgniter->runController(Object(App\Controllers\Pages))
 6 SYSTEMPATH/CodeIgniter.php(340): CodeIgniter\CodeIgniter->handleRequest(null, Object(Config\Cache), false)
 7 FCPATH/index.php(71): CodeIgniter\CodeIgniter->run()
CRITICAL - 2023-08-09 10:15:01 --> Invalid file: template/bank-pro/__service-worker.js
in SYSTEMPATH/Exceptions/FrameworkException.php on line 33.
 1 SYSTEMPATH/View/View.php(201): CodeIgniter\Exceptions\FrameworkException::forInvalidFile('template/bank-pro/__service-worker.js')
 2 SYSTEMPATH/Common.php(1142): CodeIgniter\View\View->render('template/bank-pro/__service-worker.js', [], true)
 3 APPPATH/Controllers/Pages.php(40): view('template/bank-pro/__service-worker.js', [...])
 4 SYSTEMPATH/CodeIgniter.php(907): App\Controllers\Pages->view('__service-worker.js')
 5 SYSTEMPATH/CodeIgniter.php(457): CodeIgniter\CodeIgniter->runController(Object(App\Controllers\Pages))
 6 SYSTEMPATH/CodeIgniter.php(340): CodeIgniter\CodeIgniter->handleRequest(null, Object(Config\Cache), false)
 7 FCPATH/index.php(71): CodeIgniter\CodeIgniter->run()
CRITICAL - 2023-08-09 10:15:01 --> Invalid file: template/bank-pro/assets.php
in SYSTEMPATH/Exceptions/FrameworkException.php on line 33.
 1 SYSTEMPATH/View/View.php(201): CodeIgniter\Exceptions\FrameworkException::forInvalidFile('template/bank-pro/assets.php')
 2 SYSTEMPATH/Common.php(1142): CodeIgniter\View\View->render('template/bank-pro/assets', [], true)
 3 APPPATH/Controllers/Pages.php(40): view('template/bank-pro/assets', [...])
 4 SYSTEMPATH/CodeIgniter.php(907): App\Controllers\Pages->view('FCPATH/assets', 'images', 'chip.png')
 5 SYSTEMPATH/CodeIgniter.php(457): CodeIgniter\CodeIgniter->runController(Object(App\Controllers\Pages))
 6 SYSTEMPATH/CodeIgniter.php(340): CodeIgniter\CodeIgniter->handleRequest(null, Object(Config\Cache), false)
 7 FCPATH/index.php(71): CodeIgniter\CodeIgniter->run()
CRITICAL - 2023-08-09 10:15:01 --> Invalid file: template/bank-pro/themes.php
in SYSTEMPATH/Exceptions/FrameworkException.php on line 33.
 1 SYSTEMPATH/View/View.php(201): CodeIgniter\Exceptions\FrameworkException::forInvalidFile('template/bank-pro/themes.php')
 2 SYSTEMPATH/Common.php(1142): CodeIgniter\View\View->render('template/bank-pro/themes', [], true)
 3 APPPATH/Controllers/Pages.php(40): view('template/bank-pro/themes', [...])
 4 SYSTEMPATH/CodeIgniter.php(907): App\Controllers\Pages->view('FCPATH/themes', 'finapp-light', 'webfonts', 'fa-solid-900.woff')
 5 SYSTEMPATH/CodeIgniter.php(457): CodeIgniter\CodeIgniter->runController(Object(App\Controllers\Pages))
 6 SYSTEMPATH/CodeIgniter.php(340): CodeIgniter\CodeIgniter->handleRequest(null, Object(Config\Cache), false)
 7 FCPATH/index.php(71): CodeIgniter\CodeIgniter->run()
CRITICAL - 2023-08-09 10:15:01 --> Invalid file: template/bank-pro/themes.php
in SYSTEMPATH/Exceptions/FrameworkException.php on line 33.
 1 SYSTEMPATH/View/View.php(201): CodeIgniter\Exceptions\FrameworkException::forInvalidFile('template/bank-pro/themes.php')
 2 SYSTEMPATH/Common.php(1142): CodeIgniter\View\View->render('template/bank-pro/themes', [], true)
 3 APPPATH/Controllers/Pages.php(40): view('template/bank-pro/themes', [...])
 4 SYSTEMPATH/CodeIgniter.php(907): App\Controllers\Pages->view('FCPATH/themes', 'finapp-light', 'webfonts', 'fa-brands-400.woff')
 5 SYSTEMPATH/CodeIgniter.php(457): CodeIgniter\CodeIgniter->runController(Object(App\Controllers\Pages))
 6 SYSTEMPATH/CodeIgniter.php(340): CodeIgniter\CodeIgniter->handleRequest(null, Object(Config\Cache), false)
 7 FCPATH/index.php(71): CodeIgniter\CodeIgniter->run()
CRITICAL - 2023-08-09 10:15:17 --> Invalid file: template/bank-pro/themes.php
in SYSTEMPATH/Exceptions/FrameworkException.php on line 33.
 1 SYSTEMPATH/View/View.php(201): CodeIgniter\Exceptions\FrameworkException::forInvalidFile('template/bank-pro/themes.php')
 2 SYSTEMPATH/Common.php(1142): CodeIgniter\View\View->render('template/bank-pro/themes', [], true)
 3 APPPATH/Controllers/Pages.php(40): view('template/bank-pro/themes', [...])
 4 SYSTEMPATH/CodeIgniter.php(907): App\Controllers\Pages->view('FCPATH/themes', 'finapp-light', 'webfonts', 'fa-regular-400.woff2')
 5 SYSTEMPATH/CodeIgniter.php(457): CodeIgniter\CodeIgniter->runController(Object(App\Controllers\Pages))
 6 SYSTEMPATH/CodeIgniter.php(340): CodeIgniter\CodeIgniter->handleRequest(null, Object(Config\Cache), false)
 7 FCPATH/index.php(71): CodeIgniter\CodeIgniter->run()
CRITICAL - 2023-08-09 10:15:17 --> Invalid file: template/bank-pro/themes.php
in SYSTEMPATH/Exceptions/FrameworkException.php on line 33.
 1 SYSTEMPATH/View/View.php(201): CodeIgniter\Exceptions\FrameworkException::forInvalidFile('template/bank-pro/themes.php')
 2 SYSTEMPATH/Common.php(1142): CodeIgniter\View\View->render('template/bank-pro/themes', [], true)
 3 APPPATH/Controllers/Pages.php(40): view('template/bank-pro/themes', [...])
 4 SYSTEMPATH/CodeIgniter.php(907): App\Controllers\Pages->view('FCPATH/themes', 'finapp-light', 'webfonts', 'fa-solid-900.woff2')
 5 SYSTEMPATH/CodeIgniter.php(457): CodeIgniter\CodeIgniter->runController(Object(App\Controllers\Pages))
 6 SYSTEMPATH/CodeIgniter.php(340): CodeIgniter\CodeIgniter->handleRequest(null, Object(Config\Cache), false)
 7 FCPATH/index.php(71): CodeIgniter\CodeIgniter->run()
CRITICAL - 2023-08-09 10:15:19 --> Invalid file: template/bank-pro/themes.php
in SYSTEMPATH/Exceptions/FrameworkException.php on line 33.
 1 SYSTEMPATH/View/View.php(201): CodeIgniter\Exceptions\FrameworkException::forInvalidFile('template/bank-pro/themes.php')
 2 SYSTEMPATH/Common.php(1142): CodeIgniter\View\View->render('template/bank-pro/themes', [], true)
 3 APPPATH/Controllers/Pages.php(40): view('template/bank-pro/themes', [...])
 4 SYSTEMPATH/CodeIgniter.php(907): App\Controllers\Pages->view('FCPATH/themes', 'finapp-light', 'webfonts', 'fa-solid-900.woff2')
 5 SYSTEMPATH/CodeIgniter.php(457): CodeIgniter\CodeIgniter->runController(Object(App\Controllers\Pages))
 6 SYSTEMPATH/CodeIgniter.php(340): CodeIgniter\CodeIgniter->handleRequest(null, Object(Config\Cache), false)
 7 FCPATH/index.php(71): CodeIgniter\CodeIgniter->run()
CRITICAL - 2023-08-09 10:15:19 --> Invalid file: template/bank-pro/themes.php
in SYSTEMPATH/Exceptions/FrameworkException.php on line 33.
 1 SYSTEMPATH/View/View.php(201): CodeIgniter\Exceptions\FrameworkException::forInvalidFile('template/bank-pro/themes.php')
 2 SYSTEMPATH/Common.php(1142): CodeIgniter\View\View->render('template/bank-pro/themes', [], true)
 3 APPPATH/Controllers/Pages.php(40): view('template/bank-pro/themes', [...])
 4 SYSTEMPATH/CodeIgniter.php(907): App\Controllers\Pages->view('FCPATH/themes', 'finapp-light', 'webfonts', 'fa-regular-400.woff2')
 5 SYSTEMPATH/CodeIgniter.php(457): CodeIgniter\CodeIgniter->runController(Object(App\Controllers\Pages))
 6 SYSTEMPATH/CodeIgniter.php(340): CodeIgniter\CodeIgniter->handleRequest(null, Object(Config\Cache), false)
 7 FCPATH/index.php(71): CodeIgniter\CodeIgniter->run()
CRITICAL - 2023-08-09 10:15:22 --> Invalid file: template/bank-pro/themes.php
in SYSTEMPATH/Exceptions/FrameworkException.php on line 33.
 1 SYSTEMPATH/View/View.php(201): CodeIgniter\Exceptions\FrameworkException::forInvalidFile('template/bank-pro/themes.php')
 2 SYSTEMPATH/Common.php(1142): CodeIgniter\View\View->render('template/bank-pro/themes', [], true)
 3 APPPATH/Controllers/Pages.php(40): view('template/bank-pro/themes', [...])
 4 SYSTEMPATH/CodeIgniter.php(907): App\Controllers\Pages->view('FCPATH/themes', 'finapp-light', 'webfonts', 'fa-solid-900.woff2')
 5 SYSTEMPATH/CodeIgniter.php(457): CodeIgniter\CodeIgniter->runController(Object(App\Controllers\Pages))
 6 SYSTEMPATH/CodeIgniter.php(340): CodeIgniter\CodeIgniter->handleRequest(null, Object(Config\Cache), false)
 7 FCPATH/index.php(71): CodeIgniter\CodeIgniter->run()
CRITICAL - 2023-08-09 10:15:22 --> Invalid file: template/bank-pro/themes.php
in SYSTEMPATH/Exceptions/FrameworkException.php on line 33.
 1 SYSTEMPATH/View/View.php(201): CodeIgniter\Exceptions\FrameworkException::forInvalidFile('template/bank-pro/themes.php')
 2 SYSTEMPATH/Common.php(1142): CodeIgniter\View\View->render('template/bank-pro/themes', [], true)
 3 APPPATH/Controllers/Pages.php(40): view('template/bank-pro/themes', [...])
 4 SYSTEMPATH/CodeIgniter.php(907): App\Controllers\Pages->view('FCPATH/themes', 'finapp-light', 'webfonts', 'fa-brands-400.woff2')
 5 SYSTEMPATH/CodeIgniter.php(457): CodeIgniter\CodeIgniter->runController(Object(App\Controllers\Pages))
 6 SYSTEMPATH/CodeIgniter.php(340): CodeIgniter\CodeIgniter->handleRequest(null, Object(Config\Cache), false)
 7 FCPATH/index.php(71): CodeIgniter\CodeIgniter->run()
CRITICAL - 2023-08-09 10:15:22 --> Invalid file: template/bank-pro/themes.php
in SYSTEMPATH/Exceptions/FrameworkException.php on line 33.
 1 SYSTEMPATH/View/View.php(201): CodeIgniter\Exceptions\FrameworkException::forInvalidFile('template/bank-pro/themes.php')
 2 SYSTEMPATH/Common.php(1142): CodeIgniter\View\View->render('template/bank-pro/themes', [], true)
 3 APPPATH/Controllers/Pages.php(40): view('template/bank-pro/themes', [...])
 4 SYSTEMPATH/CodeIgniter.php(907): App\Controllers\Pages->view('FCPATH/themes', 'finapp-light', 'webfonts', 'fa-regular-400.woff2')
 5 SYSTEMPATH/CodeIgniter.php(457): CodeIgniter\CodeIgniter->runController(Object(App\Controllers\Pages))
 6 SYSTEMPATH/CodeIgniter.php(340): CodeIgniter\CodeIgniter->handleRequest(null, Object(Config\Cache), false)
 7 FCPATH/index.php(71): CodeIgniter\CodeIgniter->run()
CRITICAL - 2023-08-09 10:15:22 --> Invalid file: template/bank-pro/__service-worker.js
in SYSTEMPATH/Exceptions/FrameworkException.php on line 33.
 1 SYSTEMPATH/View/View.php(201): CodeIgniter\Exceptions\FrameworkException::forInvalidFile('template/bank-pro/__service-worker.js')
 2 SYSTEMPATH/Common.php(1142): CodeIgniter\View\View->render('template/bank-pro/__service-worker.js', [], true)
 3 APPPATH/Controllers/Pages.php(40): view('template/bank-pro/__service-worker.js', [...])
 4 SYSTEMPATH/CodeIgniter.php(907): App\Controllers\Pages->view('__service-worker.js')
 5 SYSTEMPATH/CodeIgniter.php(457): CodeIgniter\CodeIgniter->runController(Object(App\Controllers\Pages))
 6 SYSTEMPATH/CodeIgniter.php(340): CodeIgniter\CodeIgniter->handleRequest(null, Object(Config\Cache), false)
 7 FCPATH/index.php(71): CodeIgniter\CodeIgniter->run()
CRITICAL - 2023-08-09 10:15:22 --> Invalid file: template/bank-pro/assets.php
in SYSTEMPATH/Exceptions/FrameworkException.php on line 33.
 1 SYSTEMPATH/View/View.php(201): CodeIgniter\Exceptions\FrameworkException::forInvalidFile('template/bank-pro/assets.php')
 2 SYSTEMPATH/Common.php(1142): CodeIgniter\View\View->render('template/bank-pro/assets', [], true)
 3 APPPATH/Controllers/Pages.php(40): view('template/bank-pro/assets', [...])
 4 SYSTEMPATH/CodeIgniter.php(907): App\Controllers\Pages->view('FCPATH/assets', 'images', 'visa.png')
 5 SYSTEMPATH/CodeIgniter.php(457): CodeIgniter\CodeIgniter->runController(Object(App\Controllers\Pages))
 6 SYSTEMPATH/CodeIgniter.php(340): CodeIgniter\CodeIgniter->handleRequest(null, Object(Config\Cache), false)
 7 FCPATH/index.php(71): CodeIgniter\CodeIgniter->run()
CRITICAL - 2023-08-09 10:15:22 --> Invalid file: template/bank-pro/assets.php
in SYSTEMPATH/Exceptions/FrameworkException.php on line 33.
 1 SYSTEMPATH/View/View.php(201): CodeIgniter\Exceptions\FrameworkException::forInvalidFile('template/bank-pro/assets.php')
 2 SYSTEMPATH/Common.php(1142): CodeIgniter\View\View->render('template/bank-pro/assets', [], true)
 3 APPPATH/Controllers/Pages.php(40): view('template/bank-pro/assets', [...])
 4 SYSTEMPATH/CodeIgniter.php(907): App\Controllers\Pages->view('FCPATH/assets', 'images', 'chip.png')
 5 SYSTEMPATH/CodeIgniter.php(457): CodeIgniter\CodeIgniter->runController(Object(App\Controllers\Pages))
 6 SYSTEMPATH/CodeIgniter.php(340): CodeIgniter\CodeIgniter->handleRequest(null, Object(Config\Cache), false)
 7 FCPATH/index.php(71): CodeIgniter\CodeIgniter->run()
CRITICAL - 2023-08-09 10:15:35 --> Invalid file: template/bank-pro/themes.php
in SYSTEMPATH/Exceptions/FrameworkException.php on line 33.
 1 SYSTEMPATH/View/View.php(201): CodeIgniter\Exceptions\FrameworkException::forInvalidFile('template/bank-pro/themes.php')
 2 SYSTEMPATH/Common.php(1142): CodeIgniter\View\View->render('template/bank-pro/themes', [], true)
 3 APPPATH/Controllers/Pages.php(40): view('template/bank-pro/themes', [...])
 4 SYSTEMPATH/CodeIgniter.php(907): App\Controllers\Pages->view('FCPATH/themes', 'finapp-light', 'webfonts', 'fa-solid-900.woff2')
 5 SYSTEMPATH/CodeIgniter.php(457): CodeIgniter\CodeIgniter->runController(Object(App\Controllers\Pages))
 6 SYSTEMPATH/CodeIgniter.php(340): CodeIgniter\CodeIgniter->handleRequest(null, Object(Config\Cache), false)
 7 FCPATH/index.php(71): CodeIgniter\CodeIgniter->run()
CRITICAL - 2023-08-09 10:15:35 --> Invalid file: template/bank-pro/themes.php
in SYSTEMPATH/Exceptions/FrameworkException.php on line 33.
 1 SYSTEMPATH/View/View.php(201): CodeIgniter\Exceptions\FrameworkException::forInvalidFile('template/bank-pro/themes.php')
 2 SYSTEMPATH/Common.php(1142): CodeIgniter\View\View->render('template/bank-pro/themes', [], true)
 3 APPPATH/Controllers/Pages.php(40): view('template/bank-pro/themes', [...])
 4 SYSTEMPATH/CodeIgniter.php(907): App\Controllers\Pages->view('FCPATH/themes', 'finapp-light', 'webfonts', 'fa-regular-400.woff2')
 5 SYSTEMPATH/CodeIgniter.php(457): CodeIgniter\CodeIgniter->runController(Object(App\Controllers\Pages))
 6 SYSTEMPATH/CodeIgniter.php(340): CodeIgniter\CodeIgniter->handleRequest(null, Object(Config\Cache), false)
 7 FCPATH/index.php(71): CodeIgniter\CodeIgniter->run()
CRITICAL - 2023-08-09 10:15:36 --> Invalid file: template/bank-pro/themes.php
in SYSTEMPATH/Exceptions/FrameworkException.php on line 33.
 1 SYSTEMPATH/View/View.php(201): CodeIgniter\Exceptions\FrameworkException::forInvalidFile('template/bank-pro/themes.php')
 2 SYSTEMPATH/Common.php(1142): CodeIgniter\View\View->render('template/bank-pro/themes', [], true)
 3 APPPATH/Controllers/Pages.php(40): view('template/bank-pro/themes', [...])
 4 SYSTEMPATH/CodeIgniter.php(907): App\Controllers\Pages->view('FCPATH/themes', 'finapp-light', 'webfonts', 'fa-brands-400.woff2')
 5 SYSTEMPATH/CodeIgniter.php(457): CodeIgniter\CodeIgniter->runController(Object(App\Controllers\Pages))
 6 SYSTEMPATH/CodeIgniter.php(340): CodeIgniter\CodeIgniter->handleRequest(null, Object(Config\Cache), false)
 7 FCPATH/index.php(71): CodeIgniter\CodeIgniter->run()
CRITICAL - 2023-08-09 10:15:36 --> Invalid file: template/bank-pro/themes.php
in SYSTEMPATH/Exceptions/FrameworkException.php on line 33.
 1 SYSTEMPATH/View/View.php(201): CodeIgniter\Exceptions\FrameworkException::forInvalidFile('template/bank-pro/themes.php')
 2 SYSTEMPATH/Common.php(1142): CodeIgniter\View\View->render('template/bank-pro/themes', [], true)
 3 APPPATH/Controllers/Pages.php(40): view('template/bank-pro/themes', [...])
 4 SYSTEMPATH/CodeIgniter.php(907): App\Controllers\Pages->view('FCPATH/themes', 'finapp-light', 'webfonts', 'fa-solid-900.woff2')
 5 SYSTEMPATH/CodeIgniter.php(457): CodeIgniter\CodeIgniter->runController(Object(App\Controllers\Pages))
 6 SYSTEMPATH/CodeIgniter.php(340): CodeIgniter\CodeIgniter->handleRequest(null, Object(Config\Cache), false)
 7 FCPATH/index.php(71): CodeIgniter\CodeIgniter->run()
CRITICAL - 2023-08-09 10:15:36 --> Invalid file: template/bank-pro/themes.php
in SYSTEMPATH/Exceptions/FrameworkException.php on line 33.
 1 SYSTEMPATH/View/View.php(201): CodeIgniter\Exceptions\FrameworkException::forInvalidFile('template/bank-pro/themes.php')
 2 SYSTEMPATH/Common.php(1142): CodeIgniter\View\View->render('template/bank-pro/themes', [], true)
 3 APPPATH/Controllers/Pages.php(40): view('template/bank-pro/themes', [...])
 4 SYSTEMPATH/CodeIgniter.php(907): App\Controllers\Pages->view('FCPATH/themes', 'finapp-light', 'webfonts', 'fa-regular-400.woff2')
 5 SYSTEMPATH/CodeIgniter.php(457): CodeIgniter\CodeIgniter->runController(Object(App\Controllers\Pages))
 6 SYSTEMPATH/CodeIgniter.php(340): CodeIgniter\CodeIgniter->handleRequest(null, Object(Config\Cache), false)
 7 FCPATH/index.php(71): CodeIgniter\CodeIgniter->run()
CRITICAL - 2023-08-09 10:15:36 --> Invalid file: template/bank-pro/themes.php
in SYSTEMPATH/Exceptions/FrameworkException.php on line 33.
 1 SYSTEMPATH/View/View.php(201): CodeIgniter\Exceptions\FrameworkException::forInvalidFile('template/bank-pro/themes.php')
 2 SYSTEMPATH/Common.php(1142): CodeIgniter\View\View->render('template/bank-pro/themes', [], true)
 3 APPPATH/Controllers/Pages.php(40): view('template/bank-pro/themes', [...])
 4 SYSTEMPATH/CodeIgniter.php(907): App\Controllers\Pages->view('FCPATH/themes', 'finapp-light', 'webfonts', 'fa-brands-400.woff')
 5 SYSTEMPATH/CodeIgniter.php(457): CodeIgniter\CodeIgniter->runController(Object(App\Controllers\Pages))
 6 SYSTEMPATH/CodeIgniter.php(340): CodeIgniter\CodeIgniter->handleRequest(null, Object(Config\Cache), false)
 7 FCPATH/index.php(71): CodeIgniter\CodeIgniter->run()
CRITICAL - 2023-08-09 10:15:36 --> Invalid file: template/bank-pro/themes.php
in SYSTEMPATH/Exceptions/FrameworkException.php on line 33.
 1 SYSTEMPATH/View/View.php(201): CodeIgniter\Exceptions\FrameworkException::forInvalidFile('template/bank-pro/themes.php')
 2 SYSTEMPATH/Common.php(1142): CodeIgniter\View\View->render('template/bank-pro/themes', [], true)
 3 APPPATH/Controllers/Pages.php(40): view('template/bank-pro/themes', [...])
 4 SYSTEMPATH/CodeIgniter.php(907): App\Controllers\Pages->view('FCPATH/themes', 'finapp-light', 'webfonts', 'fa-solid-900.woff')
 5 SYSTEMPATH/CodeIgniter.php(457): CodeIgniter\CodeIgniter->runController(Object(App\Controllers\Pages))
 6 SYSTEMPATH/CodeIgniter.php(340): CodeIgniter\CodeIgniter->handleRequest(null, Object(Config\Cache), false)
 7 FCPATH/index.php(71): CodeIgniter\CodeIgniter->run()
CRITICAL - 2023-08-09 10:15:36 --> Invalid file: template/bank-pro/themes.php
in SYSTEMPATH/Exceptions/FrameworkException.php on line 33.
 1 SYSTEMPATH/View/View.php(201): CodeIgniter\Exceptions\FrameworkException::forInvalidFile('template/bank-pro/themes.php')
 2 SYSTEMPATH/Common.php(1142): CodeIgniter\View\View->render('template/bank-pro/themes', [], true)
 3 APPPATH/Controllers/Pages.php(40): view('template/bank-pro/themes', [...])
 4 SYSTEMPATH/CodeIgniter.php(907): App\Controllers\Pages->view('FCPATH/themes', 'finapp-light', 'webfonts', 'fa-regular-400.woff')
 5 SYSTEMPATH/CodeIgniter.php(457): CodeIgniter\CodeIgniter->runController(Object(App\Controllers\Pages))
 6 SYSTEMPATH/CodeIgniter.php(340): CodeIgniter\CodeIgniter->handleRequest(null, Object(Config\Cache), false)
 7 FCPATH/index.php(71): CodeIgniter\CodeIgniter->run()
CRITICAL - 2023-08-09 10:15:37 --> Invalid file: template/bank-pro/__service-worker.js
in SYSTEMPATH/Exceptions/FrameworkException.php on line 33.
 1 SYSTEMPATH/View/View.php(201): CodeIgniter\Exceptions\FrameworkException::forInvalidFile('template/bank-pro/__service-worker.js')
 2 SYSTEMPATH/Common.php(1142): CodeIgniter\View\View->render('template/bank-pro/__service-worker.js', [], true)
 3 APPPATH/Controllers/Pages.php(40): view('template/bank-pro/__service-worker.js', [...])
 4 SYSTEMPATH/CodeIgniter.php(907): App\Controllers\Pages->view('__service-worker.js')
 5 SYSTEMPATH/CodeIgniter.php(457): CodeIgniter\CodeIgniter->runController(Object(App\Controllers\Pages))
 6 SYSTEMPATH/CodeIgniter.php(340): CodeIgniter\CodeIgniter->handleRequest(null, Object(Config\Cache), false)
 7 FCPATH/index.php(71): CodeIgniter\CodeIgniter->run()
CRITICAL - 2023-08-09 10:15:37 --> Invalid file: template/bank-pro/assets.php
in SYSTEMPATH/Exceptions/FrameworkException.php on line 33.
 1 SYSTEMPATH/View/View.php(201): CodeIgniter\Exceptions\FrameworkException::forInvalidFile('template/bank-pro/assets.php')
 2 SYSTEMPATH/Common.php(1142): CodeIgniter\View\View->render('template/bank-pro/assets', [], true)
 3 APPPATH/Controllers/Pages.php(40): view('template/bank-pro/assets', [...])
 4 SYSTEMPATH/CodeIgniter.php(907): App\Controllers\Pages->view('FCPATH/assets', 'images', 'visa.png')
 5 SYSTEMPATH/CodeIgniter.php(457): CodeIgniter\CodeIgniter->runController(Object(App\Controllers\Pages))
 6 SYSTEMPATH/CodeIgniter.php(340): CodeIgniter\CodeIgniter->handleRequest(null, Object(Config\Cache), false)
 7 FCPATH/index.php(71): CodeIgniter\CodeIgniter->run()
CRITICAL - 2023-08-09 10:15:37 --> Invalid file: template/bank-pro/assets.php
in SYSTEMPATH/Exceptions/FrameworkException.php on line 33.
 1 SYSTEMPATH/View/View.php(201): CodeIgniter\Exceptions\FrameworkException::forInvalidFile('template/bank-pro/assets.php')
 2 SYSTEMPATH/Common.php(1142): CodeIgniter\View\View->render('template/bank-pro/assets', [], true)
 3 APPPATH/Controllers/Pages.php(40): view('template/bank-pro/assets', [...])
 4 SYSTEMPATH/CodeIgniter.php(907): App\Controllers\Pages->view('FCPATH/assets', 'images', 'chip.png')
 5 SYSTEMPATH/CodeIgniter.php(457): CodeIgniter\CodeIgniter->runController(Object(App\Controllers\Pages))
 6 SYSTEMPATH/CodeIgniter.php(340): CodeIgniter\CodeIgniter->handleRequest(null, Object(Config\Cache), false)
 7 FCPATH/index.php(71): CodeIgniter\CodeIgniter->run()
CRITICAL - 2023-08-09 10:15:46 --> Invalid file: template/bank-pro/themes.php
in SYSTEMPATH/Exceptions/FrameworkException.php on line 33.
 1 SYSTEMPATH/View/View.php(201): CodeIgniter\Exceptions\FrameworkException::forInvalidFile('template/bank-pro/themes.php')
 2 SYSTEMPATH/Common.php(1142): CodeIgniter\View\View->render('template/bank-pro/themes', [], true)
 3 APPPATH/Controllers/Pages.php(40): view('template/bank-pro/themes', [...])
 4 SYSTEMPATH/CodeIgniter.php(907): App\Controllers\Pages->view('FCPATH/themes', 'finapp-light', 'webfonts', 'fa-solid-900.woff2')
 5 SYSTEMPATH/CodeIgniter.php(457): CodeIgniter\CodeIgniter->runController(Object(App\Controllers\Pages))
 6 SYSTEMPATH/CodeIgniter.php(340): CodeIgniter\CodeIgniter->handleRequest(null, Object(Config\Cache), false)
 7 FCPATH/index.php(71): CodeIgniter\CodeIgniter->run()
CRITICAL - 2023-08-09 10:15:46 --> Invalid file: template/bank-pro/themes.php
in SYSTEMPATH/Exceptions/FrameworkException.php on line 33.
 1 SYSTEMPATH/View/View.php(201): CodeIgniter\Exceptions\FrameworkException::forInvalidFile('template/bank-pro/themes.php')
 2 SYSTEMPATH/Common.php(1142): CodeIgniter\View\View->render('template/bank-pro/themes', [], true)
 3 APPPATH/Controllers/Pages.php(40): view('template/bank-pro/themes', [...])
 4 SYSTEMPATH/CodeIgniter.php(907): App\Controllers\Pages->view('FCPATH/themes', 'finapp-light', 'webfonts', 'fa-regular-400.woff2')
 5 SYSTEMPATH/CodeIgniter.php(457): CodeIgniter\CodeIgniter->runController(Object(App\Controllers\Pages))
 6 SYSTEMPATH/CodeIgniter.php(340): CodeIgniter\CodeIgniter->handleRequest(null, Object(Config\Cache), false)
 7 FCPATH/index.php(71): CodeIgniter\CodeIgniter->run()
CRITICAL - 2023-08-09 10:16:23 --> Invalid file: template/bank-pro/themes.php
in SYSTEMPATH/Exceptions/FrameworkException.php on line 33.
 1 SYSTEMPATH/View/View.php(201): CodeIgniter\Exceptions\FrameworkException::forInvalidFile('template/bank-pro/themes.php')
 2 SYSTEMPATH/Common.php(1142): CodeIgniter\View\View->render('template/bank-pro/themes', [], true)
 3 APPPATH/Controllers/Pages.php(40): view('template/bank-pro/themes', [...])
 4 SYSTEMPATH/CodeIgniter.php(907): App\Controllers\Pages->view('FCPATH/themes', 'finapp-light', 'webfonts', 'fa-solid-900.woff2')
 5 SYSTEMPATH/CodeIgniter.php(457): CodeIgniter\CodeIgniter->runController(Object(App\Controllers\Pages))
 6 SYSTEMPATH/CodeIgniter.php(340): CodeIgniter\CodeIgniter->handleRequest(null, Object(Config\Cache), false)
 7 FCPATH/index.php(71): CodeIgniter\CodeIgniter->run()
CRITICAL - 2023-08-09 10:16:23 --> Invalid file: template/bank-pro/themes.php
in SYSTEMPATH/Exceptions/FrameworkException.php on line 33.
 1 SYSTEMPATH/View/View.php(201): CodeIgniter\Exceptions\FrameworkException::forInvalidFile('template/bank-pro/themes.php')
 2 SYSTEMPATH/Common.php(1142): CodeIgniter\View\View->render('template/bank-pro/themes', [], true)
 3 APPPATH/Controllers/Pages.php(40): view('template/bank-pro/themes', [...])
 4 SYSTEMPATH/CodeIgniter.php(907): App\Controllers\Pages->view('FCPATH/themes', 'finapp-light', 'webfonts', 'fa-regular-400.woff2')
 5 SYSTEMPATH/CodeIgniter.php(457): CodeIgniter\CodeIgniter->runController(Object(App\Controllers\Pages))
 6 SYSTEMPATH/CodeIgniter.php(340): CodeIgniter\CodeIgniter->handleRequest(null, Object(Config\Cache), false)
 7 FCPATH/index.php(71): CodeIgniter\CodeIgniter->run()
CRITICAL - 2023-08-09 10:16:23 --> Invalid file: template/bank-pro/themes.php
in SYSTEMPATH/Exceptions/FrameworkException.php on line 33.
 1 SYSTEMPATH/View/View.php(201): CodeIgniter\Exceptions\FrameworkException::forInvalidFile('template/bank-pro/themes.php')
 2 SYSTEMPATH/Common.php(1142): CodeIgniter\View\View->render('template/bank-pro/themes', [], true)
 3 APPPATH/Controllers/Pages.php(40): view('template/bank-pro/themes', [...])
 4 SYSTEMPATH/CodeIgniter.php(907): App\Controllers\Pages->view('FCPATH/themes', 'finapp-light', 'webfonts', 'fa-brands-400.woff2')
 5 SYSTEMPATH/CodeIgniter.php(457): CodeIgniter\CodeIgniter->runController(Object(App\Controllers\Pages))
 6 SYSTEMPATH/CodeIgniter.php(340): CodeIgniter\CodeIgniter->handleRequest(null, Object(Config\Cache), false)
 7 FCPATH/index.php(71): CodeIgniter\CodeIgniter->run()
CRITICAL - 2023-08-09 10:16:23 --> Invalid file: template/bank-pro/__service-worker.js
in SYSTEMPATH/Exceptions/FrameworkException.php on line 33.
 1 SYSTEMPATH/View/View.php(201): CodeIgniter\Exceptions\FrameworkException::forInvalidFile('template/bank-pro/__service-worker.js')
 2 SYSTEMPATH/Common.php(1142): CodeIgniter\View\View->render('template/bank-pro/__service-worker.js', [], true)
 3 APPPATH/Controllers/Pages.php(40): view('template/bank-pro/__service-worker.js', [...])
 4 SYSTEMPATH/CodeIgniter.php(907): App\Controllers\Pages->view('__service-worker.js')
 5 SYSTEMPATH/CodeIgniter.php(457): CodeIgniter\CodeIgniter->runController(Object(App\Controllers\Pages))
 6 SYSTEMPATH/CodeIgniter.php(340): CodeIgniter\CodeIgniter->handleRequest(null, Object(Config\Cache), false)
 7 FCPATH/index.php(71): CodeIgniter\CodeIgniter->run()
CRITICAL - 2023-08-09 10:16:23 --> Invalid file: template/bank-pro/assets.php
in SYSTEMPATH/Exceptions/FrameworkException.php on line 33.
 1 SYSTEMPATH/View/View.php(201): CodeIgniter\Exceptions\FrameworkException::forInvalidFile('template/bank-pro/assets.php')
 2 SYSTEMPATH/Common.php(1142): CodeIgniter\View\View->render('template/bank-pro/assets', [], true)
 3 APPPATH/Controllers/Pages.php(40): view('template/bank-pro/assets', [...])
 4 SYSTEMPATH/CodeIgniter.php(907): App\Controllers\Pages->view('FCPATH/assets', 'images', 'visa.png')
 5 SYSTEMPATH/CodeIgniter.php(457): CodeIgniter\CodeIgniter->runController(Object(App\Controllers\Pages))
 6 SYSTEMPATH/CodeIgniter.php(340): CodeIgniter\CodeIgniter->handleRequest(null, Object(Config\Cache), false)
 7 FCPATH/index.php(71): CodeIgniter\CodeIgniter->run()
CRITICAL - 2023-08-09 10:16:23 --> Invalid file: template/bank-pro/assets.php
in SYSTEMPATH/Exceptions/FrameworkException.php on line 33.
 1 SYSTEMPATH/View/View.php(201): CodeIgniter\Exceptions\FrameworkException::forInvalidFile('template/bank-pro/assets.php')
 2 SYSTEMPATH/Common.php(1142): CodeIgniter\View\View->render('template/bank-pro/assets', [], true)
 3 APPPATH/Controllers/Pages.php(40): view('template/bank-pro/assets', [...])
 4 SYSTEMPATH/CodeIgniter.php(907): App\Controllers\Pages->view('FCPATH/assets', 'images', 'chip.png')
 5 SYSTEMPATH/CodeIgniter.php(457): CodeIgniter\CodeIgniter->runController(Object(App\Controllers\Pages))
 6 SYSTEMPATH/CodeIgniter.php(340): CodeIgniter\CodeIgniter->handleRequest(null, Object(Config\Cache), false)
 7 FCPATH/index.php(71): CodeIgniter\CodeIgniter->run()
CRITICAL - 2023-08-09 10:16:44 --> Invalid file: template/bank-pro/themes.php
in SYSTEMPATH/Exceptions/FrameworkException.php on line 33.
 1 SYSTEMPATH/View/View.php(201): CodeIgniter\Exceptions\FrameworkException::forInvalidFile('template/bank-pro/themes.php')
 2 SYSTEMPATH/Common.php(1142): CodeIgniter\View\View->render('template/bank-pro/themes', [], true)
 3 APPPATH/Controllers/Pages.php(40): view('template/bank-pro/themes', [...])
 4 SYSTEMPATH/CodeIgniter.php(907): App\Controllers\Pages->view('FCPATH/themes', 'finapp-light', 'webfonts', 'fa-solid-900.woff2')
 5 SYSTEMPATH/CodeIgniter.php(457): CodeIgniter\CodeIgniter->runController(Object(App\Controllers\Pages))
 6 SYSTEMPATH/CodeIgniter.php(340): CodeIgniter\CodeIgniter->handleRequest(null, Object(Config\Cache), false)
 7 FCPATH/index.php(71): CodeIgniter\CodeIgniter->run()
CRITICAL - 2023-08-09 10:16:44 --> Invalid file: template/bank-pro/themes.php
in SYSTEMPATH/Exceptions/FrameworkException.php on line 33.
 1 SYSTEMPATH/View/View.php(201): CodeIgniter\Exceptions\FrameworkException::forInvalidFile('template/bank-pro/themes.php')
 2 SYSTEMPATH/Common.php(1142): CodeIgniter\View\View->render('template/bank-pro/themes', [], true)
 3 APPPATH/Controllers/Pages.php(40): view('template/bank-pro/themes', [...])
 4 SYSTEMPATH/CodeIgniter.php(907): App\Controllers\Pages->view('FCPATH/themes', 'finapp-light', 'webfonts', 'fa-regular-400.woff2')
 5 SYSTEMPATH/CodeIgniter.php(457): CodeIgniter\CodeIgniter->runController(Object(App\Controllers\Pages))
 6 SYSTEMPATH/CodeIgniter.php(340): CodeIgniter\CodeIgniter->handleRequest(null, Object(Config\Cache), false)
 7 FCPATH/index.php(71): CodeIgniter\CodeIgniter->run()
CRITICAL - 2023-08-09 10:16:55 --> Invalid file: template/bank-pro/themes.php
in SYSTEMPATH/Exceptions/FrameworkException.php on line 33.
 1 SYSTEMPATH/View/View.php(201): CodeIgniter\Exceptions\FrameworkException::forInvalidFile('template/bank-pro/themes.php')
 2 SYSTEMPATH/Common.php(1142): CodeIgniter\View\View->render('template/bank-pro/themes', [], true)
 3 APPPATH/Controllers/Pages.php(40): view('template/bank-pro/themes', [...])
 4 SYSTEMPATH/CodeIgniter.php(907): App\Controllers\Pages->view('FCPATH/themes', 'finapp-light', 'webfonts', 'fa-solid-900.woff')
 5 SYSTEMPATH/CodeIgniter.php(457): CodeIgniter\CodeIgniter->runController(Object(App\Controllers\Pages))
 6 SYSTEMPATH/CodeIgniter.php(340): CodeIgniter\CodeIgniter->handleRequest(null, Object(Config\Cache), false)
 7 FCPATH/index.php(71): CodeIgniter\CodeIgniter->run()
CRITICAL - 2023-08-09 10:16:55 --> Invalid file: template/bank-pro/themes.php
in SYSTEMPATH/Exceptions/FrameworkException.php on line 33.
 1 SYSTEMPATH/View/View.php(201): CodeIgniter\Exceptions\FrameworkException::forInvalidFile('template/bank-pro/themes.php')
 2 SYSTEMPATH/Common.php(1142): CodeIgniter\View\View->render('template/bank-pro/themes', [], true)
 3 APPPATH/Controllers/Pages.php(40): view('template/bank-pro/themes', [...])
 4 SYSTEMPATH/CodeIgniter.php(907): App\Controllers\Pages->view('FCPATH/themes', 'finapp-light', 'webfonts', 'fa-regular-400.woff')
 5 SYSTEMPATH/CodeIgniter.php(457): CodeIgniter\CodeIgniter->runController(Object(App\Controllers\Pages))
 6 SYSTEMPATH/CodeIgniter.php(340): CodeIgniter\CodeIgniter->handleRequest(null, Object(Config\Cache), false)
 7 FCPATH/index.php(71): CodeIgniter\CodeIgniter->run()
CRITICAL - 2023-08-09 10:16:55 --> Invalid file: template/bank-pro/themes.php
in SYSTEMPATH/Exceptions/FrameworkException.php on line 33.
 1 SYSTEMPATH/View/View.php(201): CodeIgniter\Exceptions\FrameworkException::forInvalidFile('template/bank-pro/themes.php')
 2 SYSTEMPATH/Common.php(1142): CodeIgniter\View\View->render('template/bank-pro/themes', [], true)
 3 APPPATH/Controllers/Pages.php(40): view('template/bank-pro/themes', [...])
 4 SYSTEMPATH/CodeIgniter.php(907): App\Controllers\Pages->view('FCPATH/themes', 'finapp-light', 'webfonts', 'fa-brands-400.woff2')
 5 SYSTEMPATH/CodeIgniter.php(457): CodeIgniter\CodeIgniter->runController(Object(App\Controllers\Pages))
 6 SYSTEMPATH/CodeIgniter.php(340): CodeIgniter\CodeIgniter->handleRequest(null, Object(Config\Cache), false)
 7 FCPATH/index.php(71): CodeIgniter\CodeIgniter->run()
CRITICAL - 2023-08-09 10:16:56 --> Invalid file: template/bank-pro/themes.php
in SYSTEMPATH/Exceptions/FrameworkException.php on line 33.
 1 SYSTEMPATH/View/View.php(201): CodeIgniter\Exceptions\FrameworkException::forInvalidFile('template/bank-pro/themes.php')
 2 SYSTEMPATH/Common.php(1142): CodeIgniter\View\View->render('template/bank-pro/themes', [], true)
 3 APPPATH/Controllers/Pages.php(40): view('template/bank-pro/themes', [...])
 4 SYSTEMPATH/CodeIgniter.php(907): App\Controllers\Pages->view('FCPATH/themes', 'finapp-light', 'webfonts', 'fa-solid-900.ttf')
 5 SYSTEMPATH/CodeIgniter.php(457): CodeIgniter\CodeIgniter->runController(Object(App\Controllers\Pages))
 6 SYSTEMPATH/CodeIgniter.php(340): CodeIgniter\CodeIgniter->handleRequest(null, Object(Config\Cache), false)
 7 FCPATH/index.php(71): CodeIgniter\CodeIgniter->run()
CRITICAL - 2023-08-09 10:16:56 --> Invalid file: template/bank-pro/themes.php
in SYSTEMPATH/Exceptions/FrameworkException.php on line 33.
 1 SYSTEMPATH/View/View.php(201): CodeIgniter\Exceptions\FrameworkException::forInvalidFile('template/bank-pro/themes.php')
 2 SYSTEMPATH/Common.php(1142): CodeIgniter\View\View->render('template/bank-pro/themes', [], true)
 3 APPPATH/Controllers/Pages.php(40): view('template/bank-pro/themes', [...])
 4 SYSTEMPATH/CodeIgniter.php(907): App\Controllers\Pages->view('FCPATH/themes', 'finapp-light', 'webfonts', 'fa-brands-400.woff')
 5 SYSTEMPATH/CodeIgniter.php(457): CodeIgniter\CodeIgniter->runController(Object(App\Controllers\Pages))
 6 SYSTEMPATH/CodeIgniter.php(340): CodeIgniter\CodeIgniter->handleRequest(null, Object(Config\Cache), false)
 7 FCPATH/index.php(71): CodeIgniter\CodeIgniter->run()
CRITICAL - 2023-08-09 10:16:56 --> Invalid file: template/bank-pro/themes.php
in SYSTEMPATH/Exceptions/FrameworkException.php on line 33.
 1 SYSTEMPATH/View/View.php(201): CodeIgniter\Exceptions\FrameworkException::forInvalidFile('template/bank-pro/themes.php')
 2 SYSTEMPATH/Common.php(1142): CodeIgniter\View\View->render('template/bank-pro/themes', [], true)
 3 APPPATH/Controllers/Pages.php(40): view('template/bank-pro/themes', [...])
 4 SYSTEMPATH/CodeIgniter.php(907): App\Controllers\Pages->view('FCPATH/themes', 'finapp-light', 'webfonts', 'fa-regular-400.ttf')
 5 SYSTEMPATH/CodeIgniter.php(457): CodeIgniter\CodeIgniter->runController(Object(App\Controllers\Pages))
 6 SYSTEMPATH/CodeIgniter.php(340): CodeIgniter\CodeIgniter->handleRequest(null, Object(Config\Cache), false)
 7 FCPATH/index.php(71): CodeIgniter\CodeIgniter->run()
CRITICAL - 2023-08-09 10:16:56 --> Invalid file: template/bank-pro/__service-worker.js
in SYSTEMPATH/Exceptions/FrameworkException.php on line 33.
 1 SYSTEMPATH/View/View.php(201): CodeIgniter\Exceptions\FrameworkException::forInvalidFile('template/bank-pro/__service-worker.js')
 2 SYSTEMPATH/Common.php(1142): CodeIgniter\View\View->render('template/bank-pro/__service-worker.js', [], true)
 3 APPPATH/Controllers/Pages.php(40): view('template/bank-pro/__service-worker.js', [...])
 4 SYSTEMPATH/CodeIgniter.php(907): App\Controllers\Pages->view('__service-worker.js')
 5 SYSTEMPATH/CodeIgniter.php(457): CodeIgniter\CodeIgniter->runController(Object(App\Controllers\Pages))
 6 SYSTEMPATH/CodeIgniter.php(340): CodeIgniter\CodeIgniter->handleRequest(null, Object(Config\Cache), false)
 7 FCPATH/index.php(71): CodeIgniter\CodeIgniter->run()
CRITICAL - 2023-08-09 10:16:56 --> Invalid file: template/bank-pro/assets.php
in SYSTEMPATH/Exceptions/FrameworkException.php on line 33.
 1 SYSTEMPATH/View/View.php(201): CodeIgniter\Exceptions\FrameworkException::forInvalidFile('template/bank-pro/assets.php')
 2 SYSTEMPATH/Common.php(1142): CodeIgniter\View\View->render('template/bank-pro/assets', [], true)
 3 APPPATH/Controllers/Pages.php(40): view('template/bank-pro/assets', [...])
 4 SYSTEMPATH/CodeIgniter.php(907): App\Controllers\Pages->view('FCPATH/assets', 'images', 'visa.png')
 5 SYSTEMPATH/CodeIgniter.php(457): CodeIgniter\CodeIgniter->runController(Object(App\Controllers\Pages))
 6 SYSTEMPATH/CodeIgniter.php(340): CodeIgniter\CodeIgniter->handleRequest(null, Object(Config\Cache), false)
 7 FCPATH/index.php(71): CodeIgniter\CodeIgniter->run()
CRITICAL - 2023-08-09 10:16:56 --> Invalid file: template/bank-pro/assets.php
in SYSTEMPATH/Exceptions/FrameworkException.php on line 33.
 1 SYSTEMPATH/View/View.php(201): CodeIgniter\Exceptions\FrameworkException::forInvalidFile('template/bank-pro/assets.php')
 2 SYSTEMPATH/Common.php(1142): CodeIgniter\View\View->render('template/bank-pro/assets', [], true)
 3 APPPATH/Controllers/Pages.php(40): view('template/bank-pro/assets', [...])
 4 SYSTEMPATH/CodeIgniter.php(907): App\Controllers\Pages->view('FCPATH/assets', 'images', 'chip.png')
 5 SYSTEMPATH/CodeIgniter.php(457): CodeIgniter\CodeIgniter->runController(Object(App\Controllers\Pages))
 6 SYSTEMPATH/CodeIgniter.php(340): CodeIgniter\CodeIgniter->handleRequest(null, Object(Config\Cache), false)
 7 FCPATH/index.php(71): CodeIgniter\CodeIgniter->run()
CRITICAL - 2023-08-09 10:16:56 --> Invalid file: template/bank-pro/themes.php
in SYSTEMPATH/Exceptions/FrameworkException.php on line 33.
 1 SYSTEMPATH/View/View.php(201): CodeIgniter\Exceptions\FrameworkException::forInvalidFile('template/bank-pro/themes.php')
 2 SYSTEMPATH/Common.php(1142): CodeIgniter\View\View->render('template/bank-pro/themes', [], true)
 3 APPPATH/Controllers/Pages.php(40): view('template/bank-pro/themes', [...])
 4 SYSTEMPATH/CodeIgniter.php(907): App\Controllers\Pages->view('FCPATH/themes', 'finapp-light', 'webfonts', 'fa-regular-400.woff2')
 5 SYSTEMPATH/CodeIgniter.php(457): CodeIgniter\CodeIgniter->runController(Object(App\Controllers\Pages))
 6 SYSTEMPATH/CodeIgniter.php(340): CodeIgniter\CodeIgniter->handleRequest(null, Object(Config\Cache), false)
 7 FCPATH/index.php(71): CodeIgniter\CodeIgniter->run()
CRITICAL - 2023-08-09 10:16:56 --> Invalid file: template/bank-pro/themes.php
in SYSTEMPATH/Exceptions/FrameworkException.php on line 33.
 1 SYSTEMPATH/View/View.php(201): CodeIgniter\Exceptions\FrameworkException::forInvalidFile('template/bank-pro/themes.php')
 2 SYSTEMPATH/Common.php(1142): CodeIgniter\View\View->render('template/bank-pro/themes', [], true)
 3 APPPATH/Controllers/Pages.php(40): view('template/bank-pro/themes', [...])
 4 SYSTEMPATH/CodeIgniter.php(907): App\Controllers\Pages->view('FCPATH/themes', 'finapp-light', 'webfonts', 'fa-solid-900.woff2')
 5 SYSTEMPATH/CodeIgniter.php(457): CodeIgniter\CodeIgniter->runController(Object(App\Controllers\Pages))
 6 SYSTEMPATH/CodeIgniter.php(340): CodeIgniter\CodeIgniter->handleRequest(null, Object(Config\Cache), false)
 7 FCPATH/index.php(71): CodeIgniter\CodeIgniter->run()
CRITICAL - 2023-08-09 10:16:57 --> Invalid file: template/bank-pro/themes.php
in SYSTEMPATH/Exceptions/FrameworkException.php on line 33.
 1 SYSTEMPATH/View/View.php(201): CodeIgniter\Exceptions\FrameworkException::forInvalidFile('template/bank-pro/themes.php')
 2 SYSTEMPATH/Common.php(1142): CodeIgniter\View\View->render('template/bank-pro/themes', [], true)
 3 APPPATH/Controllers/Pages.php(40): view('template/bank-pro/themes', [...])
 4 SYSTEMPATH/CodeIgniter.php(907): App\Controllers\Pages->view('FCPATH/themes', 'finapp-light', 'webfonts', 'fa-solid-900.svg')
 5 SYSTEMPATH/CodeIgniter.php(457): CodeIgniter\CodeIgniter->runController(Object(App\Controllers\Pages))
 6 SYSTEMPATH/CodeIgniter.php(340): CodeIgniter\CodeIgniter->handleRequest(null, Object(Config\Cache), false)
 7 FCPATH/index.php(71): CodeIgniter\CodeIgniter->run()
CRITICAL - 2023-08-09 10:16:57 --> Invalid file: template/bank-pro/themes.php
in SYSTEMPATH/Exceptions/FrameworkException.php on line 33.
 1 SYSTEMPATH/View/View.php(201): CodeIgniter\Exceptions\FrameworkException::forInvalidFile('template/bank-pro/themes.php')
 2 SYSTEMPATH/Common.php(1142): CodeIgniter\View\View->render('template/bank-pro/themes', [], true)
 3 APPPATH/Controllers/Pages.php(40): view('template/bank-pro/themes', [...])
 4 SYSTEMPATH/CodeIgniter.php(907): App\Controllers\Pages->view('FCPATH/themes', 'finapp-light', 'webfonts', 'fa-regular-400.svg')
 5 SYSTEMPATH/CodeIgniter.php(457): CodeIgniter\CodeIgniter->runController(Object(App\Controllers\Pages))
 6 SYSTEMPATH/CodeIgniter.php(340): CodeIgniter\CodeIgniter->handleRequest(null, Object(Config\Cache), false)
 7 FCPATH/index.php(71): CodeIgniter\CodeIgniter->run()
CRITICAL - 2023-08-09 10:16:59 --> Invalid file: template/bank-pro/themes.php
in SYSTEMPATH/Exceptions/FrameworkException.php on line 33.
 1 SYSTEMPATH/View/View.php(201): CodeIgniter\Exceptions\FrameworkException::forInvalidFile('template/bank-pro/themes.php')
 2 SYSTEMPATH/Common.php(1142): CodeIgniter\View\View->render('template/bank-pro/themes', [], true)
 3 APPPATH/Controllers/Pages.php(40): view('template/bank-pro/themes', [...])
 4 SYSTEMPATH/CodeIgniter.php(907): App\Controllers\Pages->view('FCPATH/themes', 'finapp-light', 'webfonts', 'fa-brands-400.ttf')
 5 SYSTEMPATH/CodeIgniter.php(457): CodeIgniter\CodeIgniter->runController(Object(App\Controllers\Pages))
 6 SYSTEMPATH/CodeIgniter.php(340): CodeIgniter\CodeIgniter->handleRequest(null, Object(Config\Cache), false)
 7 FCPATH/index.php(71): CodeIgniter\CodeIgniter->run()
CRITICAL - 2023-08-09 10:16:59 --> Invalid file: template/bank-pro/assets.php
in SYSTEMPATH/Exceptions/FrameworkException.php on line 33.
 1 SYSTEMPATH/View/View.php(201): CodeIgniter\Exceptions\FrameworkException::forInvalidFile('template/bank-pro/assets.php')
 2 SYSTEMPATH/Common.php(1142): CodeIgniter\View\View->render('template/bank-pro/assets', [], true)
 3 APPPATH/Controllers/Pages.php(40): view('template/bank-pro/assets', [...])
 4 SYSTEMPATH/CodeIgniter.php(907): App\Controllers\Pages->view('FCPATH/assets', 'images', 'chip.png')
 5 SYSTEMPATH/CodeIgniter.php(457): CodeIgniter\CodeIgniter->runController(Object(App\Controllers\Pages))
 6 SYSTEMPATH/CodeIgniter.php(340): CodeIgniter\CodeIgniter->handleRequest(null, Object(Config\Cache), false)
 7 FCPATH/index.php(71): CodeIgniter\CodeIgniter->run()
CRITICAL - 2023-08-09 10:16:59 --> Invalid file: template/bank-pro/__service-worker.js
in SYSTEMPATH/Exceptions/FrameworkException.php on line 33.
 1 SYSTEMPATH/View/View.php(201): CodeIgniter\Exceptions\FrameworkException::forInvalidFile('template/bank-pro/__service-worker.js')
 2 SYSTEMPATH/Common.php(1142): CodeIgniter\View\View->render('template/bank-pro/__service-worker.js', [], true)
 3 APPPATH/Controllers/Pages.php(40): view('template/bank-pro/__service-worker.js', [...])
 4 SYSTEMPATH/CodeIgniter.php(907): App\Controllers\Pages->view('__service-worker.js')
 5 SYSTEMPATH/CodeIgniter.php(457): CodeIgniter\CodeIgniter->runController(Object(App\Controllers\Pages))
 6 SYSTEMPATH/CodeIgniter.php(340): CodeIgniter\CodeIgniter->handleRequest(null, Object(Config\Cache), false)
 7 FCPATH/index.php(71): CodeIgniter\CodeIgniter->run()
CRITICAL - 2023-08-09 10:16:59 --> Invalid file: template/bank-pro/assets.php
in SYSTEMPATH/Exceptions/FrameworkException.php on line 33.
 1 SYSTEMPATH/View/View.php(201): CodeIgniter\Exceptions\FrameworkException::forInvalidFile('template/bank-pro/assets.php')
 2 SYSTEMPATH/Common.php(1142): CodeIgniter\View\View->render('template/bank-pro/assets', [], true)
 3 APPPATH/Controllers/Pages.php(40): view('template/bank-pro/assets', [...])
 4 SYSTEMPATH/CodeIgniter.php(907): App\Controllers\Pages->view('FCPATH/assets', 'images', 'visa.png')
 5 SYSTEMPATH/CodeIgniter.php(457): CodeIgniter\CodeIgniter->runController(Object(App\Controllers\Pages))
 6 SYSTEMPATH/CodeIgniter.php(340): CodeIgniter\CodeIgniter->handleRequest(null, Object(Config\Cache), false)
 7 FCPATH/index.php(71): CodeIgniter\CodeIgniter->run()
CRITICAL - 2023-08-09 10:16:59 --> Invalid file: template/bank-pro/themes.php
in SYSTEMPATH/Exceptions/FrameworkException.php on line 33.
 1 SYSTEMPATH/View/View.php(201): CodeIgniter\Exceptions\FrameworkException::forInvalidFile('template/bank-pro/themes.php')
 2 SYSTEMPATH/Common.php(1142): CodeIgniter\View\View->render('template/bank-pro/themes', [], true)
 3 APPPATH/Controllers/Pages.php(40): view('template/bank-pro/themes', [...])
 4 SYSTEMPATH/CodeIgniter.php(907): App\Controllers\Pages->view('FCPATH/themes', 'finapp-light', 'webfonts', 'fa-brands-400.svg')
 5 SYSTEMPATH/CodeIgniter.php(457): CodeIgniter\CodeIgniter->runController(Object(App\Controllers\Pages))
 6 SYSTEMPATH/CodeIgniter.php(340): CodeIgniter\CodeIgniter->handleRequest(null, Object(Config\Cache), false)
 7 FCPATH/index.php(71): CodeIgniter\CodeIgniter->run()
CRITICAL - 2023-08-09 10:17:10 --> Invalid file: template/bank-pro/themes.php
in SYSTEMPATH/Exceptions/FrameworkException.php on line 33.
 1 SYSTEMPATH/View/View.php(201): CodeIgniter\Exceptions\FrameworkException::forInvalidFile('template/bank-pro/themes.php')
 2 SYSTEMPATH/Common.php(1142): CodeIgniter\View\View->render('template/bank-pro/themes', [], true)
 3 APPPATH/Controllers/Pages.php(40): view('template/bank-pro/themes', [...])
 4 SYSTEMPATH/CodeIgniter.php(907): App\Controllers\Pages->view('FCPATH/themes', 'finapp-light', 'webfonts', 'fa-solid-900.woff2')
 5 SYSTEMPATH/CodeIgniter.php(457): CodeIgniter\CodeIgniter->runController(Object(App\Controllers\Pages))
 6 SYSTEMPATH/CodeIgniter.php(340): CodeIgniter\CodeIgniter->handleRequest(null, Object(Config\Cache), false)
 7 FCPATH/index.php(71): CodeIgniter\CodeIgniter->run()
CRITICAL - 2023-08-09 10:17:10 --> Invalid file: template/bank-pro/themes.php
in SYSTEMPATH/Exceptions/FrameworkException.php on line 33.
 1 SYSTEMPATH/View/View.php(201): CodeIgniter\Exceptions\FrameworkException::forInvalidFile('template/bank-pro/themes.php')
 2 SYSTEMPATH/Common.php(1142): CodeIgniter\View\View->render('template/bank-pro/themes', [], true)
 3 APPPATH/Controllers/Pages.php(40): view('template/bank-pro/themes', [...])
 4 SYSTEMPATH/CodeIgniter.php(907): App\Controllers\Pages->view('FCPATH/themes', 'finapp-light', 'webfonts', 'fa-regular-400.woff2')
 5 SYSTEMPATH/CodeIgniter.php(457): CodeIgniter\CodeIgniter->runController(Object(App\Controllers\Pages))
 6 SYSTEMPATH/CodeIgniter.php(340): CodeIgniter\CodeIgniter->handleRequest(null, Object(Config\Cache), false)
 7 FCPATH/index.php(71): CodeIgniter\CodeIgniter->run()
CRITICAL - 2023-08-09 10:17:14 --> Invalid file: template/bank-pro/themes.php
in SYSTEMPATH/Exceptions/FrameworkException.php on line 33.
 1 SYSTEMPATH/View/View.php(201): CodeIgniter\Exceptions\FrameworkException::forInvalidFile('template/bank-pro/themes.php')
 2 SYSTEMPATH/Common.php(1142): CodeIgniter\View\View->render('template/bank-pro/themes', [], true)
 3 APPPATH/Controllers/Pages.php(40): view('template/bank-pro/themes', [...])
 4 SYSTEMPATH/CodeIgniter.php(907): App\Controllers\Pages->view('FCPATH/themes', 'finapp-light', 'webfonts', 'fa-solid-900.woff2')
 5 SYSTEMPATH/CodeIgniter.php(457): CodeIgniter\CodeIgniter->runController(Object(App\Controllers\Pages))
 6 SYSTEMPATH/CodeIgniter.php(340): CodeIgniter\CodeIgniter->handleRequest(null, Object(Config\Cache), false)
 7 FCPATH/index.php(71): CodeIgniter\CodeIgniter->run()
CRITICAL - 2023-08-09 10:17:14 --> Invalid file: template/bank-pro/themes.php
in SYSTEMPATH/Exceptions/FrameworkException.php on line 33.
 1 SYSTEMPATH/View/View.php(201): CodeIgniter\Exceptions\FrameworkException::forInvalidFile('template/bank-pro/themes.php')
 2 SYSTEMPATH/Common.php(1142): CodeIgniter\View\View->render('template/bank-pro/themes', [], true)
 3 APPPATH/Controllers/Pages.php(40): view('template/bank-pro/themes', [...])
 4 SYSTEMPATH/CodeIgniter.php(907): App\Controllers\Pages->view('FCPATH/themes', 'finapp-light', 'webfonts', 'fa-regular-400.woff2')
 5 SYSTEMPATH/CodeIgniter.php(457): CodeIgniter\CodeIgniter->runController(Object(App\Controllers\Pages))
 6 SYSTEMPATH/CodeIgniter.php(340): CodeIgniter\CodeIgniter->handleRequest(null, Object(Config\Cache), false)
 7 FCPATH/index.php(71): CodeIgniter\CodeIgniter->run()
CRITICAL - 2023-08-09 10:18:09 --> Invalid file: template/bank-pro/themes.php
in SYSTEMPATH/Exceptions/FrameworkException.php on line 33.
 1 SYSTEMPATH/View/View.php(201): CodeIgniter\Exceptions\FrameworkException::forInvalidFile('template/bank-pro/themes.php')
 2 SYSTEMPATH/Common.php(1142): CodeIgniter\View\View->render('template/bank-pro/themes', [], true)
 3 APPPATH/Controllers/Pages.php(40): view('template/bank-pro/themes', [...])
 4 SYSTEMPATH/CodeIgniter.php(907): App\Controllers\Pages->view('FCPATH/themes', 'finapp-light', 'webfonts', 'fa-brands-400.woff2')
 5 SYSTEMPATH/CodeIgniter.php(457): CodeIgniter\CodeIgniter->runController(Object(App\Controllers\Pages))
 6 SYSTEMPATH/CodeIgniter.php(340): CodeIgniter\CodeIgniter->handleRequest(null, Object(Config\Cache), false)
 7 FCPATH/index.php(71): CodeIgniter\CodeIgniter->run()
CRITICAL - 2023-08-09 10:18:09 --> Invalid file: template/bank-pro/themes.php
in SYSTEMPATH/Exceptions/FrameworkException.php on line 33.
 1 SYSTEMPATH/View/View.php(201): CodeIgniter\Exceptions\FrameworkException::forInvalidFile('template/bank-pro/themes.php')
 2 SYSTEMPATH/Common.php(1142): CodeIgniter\View\View->render('template/bank-pro/themes', [], true)
 3 APPPATH/Controllers/Pages.php(40): view('template/bank-pro/themes', [...])
 4 SYSTEMPATH/CodeIgniter.php(907): App\Controllers\Pages->view('FCPATH/themes', 'finapp-light', 'webfonts', 'fa-solid-900.woff2')
 5 SYSTEMPATH/CodeIgniter.php(457): CodeIgniter\CodeIgniter->runController(Object(App\Controllers\Pages))
 6 SYSTEMPATH/CodeIgniter.php(340): CodeIgniter\CodeIgniter->handleRequest(null, Object(Config\Cache), false)
 7 FCPATH/index.php(71): CodeIgniter\CodeIgniter->run()
CRITICAL - 2023-08-09 10:18:09 --> Invalid file: template/bank-pro/themes.php
in SYSTEMPATH/Exceptions/FrameworkException.php on line 33.
 1 SYSTEMPATH/View/View.php(201): CodeIgniter\Exceptions\FrameworkException::forInvalidFile('template/bank-pro/themes.php')
 2 SYSTEMPATH/Common.php(1142): CodeIgniter\View\View->render('template/bank-pro/themes', [], true)
 3 APPPATH/Controllers/Pages.php(40): view('template/bank-pro/themes', [...])
 4 SYSTEMPATH/CodeIgniter.php(907): App\Controllers\Pages->view('FCPATH/themes', 'finapp-light', 'webfonts', 'fa-regular-400.woff2')
 5 SYSTEMPATH/CodeIgniter.php(457): CodeIgniter\CodeIgniter->runController(Object(App\Controllers\Pages))
 6 SYSTEMPATH/CodeIgniter.php(340): CodeIgniter\CodeIgniter->handleRequest(null, Object(Config\Cache), false)
 7 FCPATH/index.php(71): CodeIgniter\CodeIgniter->run()
CRITICAL - 2023-08-09 10:18:09 --> Invalid file: template/bank-pro/__service-worker.js
in SYSTEMPATH/Exceptions/FrameworkException.php on line 33.
 1 SYSTEMPATH/View/View.php(201): CodeIgniter\Exceptions\FrameworkException::forInvalidFile('template/bank-pro/__service-worker.js')
 2 SYSTEMPATH/Common.php(1142): CodeIgniter\View\View->render('template/bank-pro/__service-worker.js', [], true)
 3 APPPATH/Controllers/Pages.php(40): view('template/bank-pro/__service-worker.js', [...])
 4 SYSTEMPATH/CodeIgniter.php(907): App\Controllers\Pages->view('__service-worker.js')
 5 SYSTEMPATH/CodeIgniter.php(457): CodeIgniter\CodeIgniter->runController(Object(App\Controllers\Pages))
 6 SYSTEMPATH/CodeIgniter.php(340): CodeIgniter\CodeIgniter->handleRequest(null, Object(Config\Cache), false)
 7 FCPATH/index.php(71): CodeIgniter\CodeIgniter->run()
CRITICAL - 2023-08-09 10:18:09 --> Invalid file: template/bank-pro/assets.php
in SYSTEMPATH/Exceptions/FrameworkException.php on line 33.
 1 SYSTEMPATH/View/View.php(201): CodeIgniter\Exceptions\FrameworkException::forInvalidFile('template/bank-pro/assets.php')
 2 SYSTEMPATH/Common.php(1142): CodeIgniter\View\View->render('template/bank-pro/assets', [], true)
 3 APPPATH/Controllers/Pages.php(40): view('template/bank-pro/assets', [...])
 4 SYSTEMPATH/CodeIgniter.php(907): App\Controllers\Pages->view('FCPATH/assets', 'images', 'chip.png')
 5 SYSTEMPATH/CodeIgniter.php(457): CodeIgniter\CodeIgniter->runController(Object(App\Controllers\Pages))
 6 SYSTEMPATH/CodeIgniter.php(340): CodeIgniter\CodeIgniter->handleRequest(null, Object(Config\Cache), false)
 7 FCPATH/index.php(71): CodeIgniter\CodeIgniter->run()
CRITICAL - 2023-08-09 10:18:09 --> Invalid file: template/bank-pro/assets.php
in SYSTEMPATH/Exceptions/FrameworkException.php on line 33.
 1 SYSTEMPATH/View/View.php(201): CodeIgniter\Exceptions\FrameworkException::forInvalidFile('template/bank-pro/assets.php')
 2 SYSTEMPATH/Common.php(1142): CodeIgniter\View\View->render('template/bank-pro/assets', [], true)
 3 APPPATH/Controllers/Pages.php(40): view('template/bank-pro/assets', [...])
 4 SYSTEMPATH/CodeIgniter.php(907): App\Controllers\Pages->view('FCPATH/assets', 'images', 'visa.png')
 5 SYSTEMPATH/CodeIgniter.php(457): CodeIgniter\CodeIgniter->runController(Object(App\Controllers\Pages))
 6 SYSTEMPATH/CodeIgniter.php(340): CodeIgniter\CodeIgniter->handleRequest(null, Object(Config\Cache), false)
 7 FCPATH/index.php(71): CodeIgniter\CodeIgniter->run()
CRITICAL - 2023-08-09 10:18:13 --> Invalid file: template/bank-pro/themes.php
in SYSTEMPATH/Exceptions/FrameworkException.php on line 33.
 1 SYSTEMPATH/View/View.php(201): CodeIgniter\Exceptions\FrameworkException::forInvalidFile('template/bank-pro/themes.php')
 2 SYSTEMPATH/Common.php(1142): CodeIgniter\View\View->render('template/bank-pro/themes', [], true)
 3 APPPATH/Controllers/Pages.php(40): view('template/bank-pro/themes', [...])
 4 SYSTEMPATH/CodeIgniter.php(907): App\Controllers\Pages->view('FCPATH/themes', 'finapp-light', 'webfonts', 'fa-regular-400.woff2')
 5 SYSTEMPATH/CodeIgniter.php(457): CodeIgniter\CodeIgniter->runController(Object(App\Controllers\Pages))
 6 SYSTEMPATH/CodeIgniter.php(340): CodeIgniter\CodeIgniter->handleRequest(null, Object(Config\Cache), false)
 7 FCPATH/index.php(71): CodeIgniter\CodeIgniter->run()
CRITICAL - 2023-08-09 10:18:13 --> Invalid file: template/bank-pro/themes.php
in SYSTEMPATH/Exceptions/FrameworkException.php on line 33.
 1 SYSTEMPATH/View/View.php(201): CodeIgniter\Exceptions\FrameworkException::forInvalidFile('template/bank-pro/themes.php')
 2 SYSTEMPATH/Common.php(1142): CodeIgniter\View\View->render('template/bank-pro/themes', [], true)
 3 APPPATH/Controllers/Pages.php(40): view('template/bank-pro/themes', [...])
 4 SYSTEMPATH/CodeIgniter.php(907): App\Controllers\Pages->view('FCPATH/themes', 'finapp-light', 'webfonts', 'fa-solid-900.woff2')
 5 SYSTEMPATH/CodeIgniter.php(457): CodeIgniter\CodeIgniter->runController(Object(App\Controllers\Pages))
 6 SYSTEMPATH/CodeIgniter.php(340): CodeIgniter\CodeIgniter->handleRequest(null, Object(Config\Cache), false)
 7 FCPATH/index.php(71): CodeIgniter\CodeIgniter->run()
CRITICAL - 2023-08-09 10:19:20 --> Invalid file: template/bank-pro/themes.php
in SYSTEMPATH/Exceptions/FrameworkException.php on line 33.
 1 SYSTEMPATH/View/View.php(201): CodeIgniter\Exceptions\FrameworkException::forInvalidFile('template/bank-pro/themes.php')
 2 SYSTEMPATH/Common.php(1142): CodeIgniter\View\View->render('template/bank-pro/themes', [], true)
 3 APPPATH/Controllers/Pages.php(40): view('template/bank-pro/themes', [...])
 4 SYSTEMPATH/CodeIgniter.php(907): App\Controllers\Pages->view('FCPATH/themes', 'finapp-light', 'webfonts', 'fa-solid-900.woff2')
 5 SYSTEMPATH/CodeIgniter.php(457): CodeIgniter\CodeIgniter->runController(Object(App\Controllers\Pages))
 6 SYSTEMPATH/CodeIgniter.php(340): CodeIgniter\CodeIgniter->handleRequest(null, Object(Config\Cache), false)
 7 FCPATH/index.php(71): CodeIgniter\CodeIgniter->run()
CRITICAL - 2023-08-09 10:19:20 --> Invalid file: template/bank-pro/themes.php
in SYSTEMPATH/Exceptions/FrameworkException.php on line 33.
 1 SYSTEMPATH/View/View.php(201): CodeIgniter\Exceptions\FrameworkException::forInvalidFile('template/bank-pro/themes.php')
 2 SYSTEMPATH/Common.php(1142): CodeIgniter\View\View->render('template/bank-pro/themes', [], true)
 3 APPPATH/Controllers/Pages.php(40): view('template/bank-pro/themes', [...])
 4 SYSTEMPATH/CodeIgniter.php(907): App\Controllers\Pages->view('FCPATH/themes', 'finapp-light', 'webfonts', 'fa-regular-400.woff2')
 5 SYSTEMPATH/CodeIgniter.php(457): CodeIgniter\CodeIgniter->runController(Object(App\Controllers\Pages))
 6 SYSTEMPATH/CodeIgniter.php(340): CodeIgniter\CodeIgniter->handleRequest(null, Object(Config\Cache), false)
 7 FCPATH/index.php(71): CodeIgniter\CodeIgniter->run()
CRITICAL - 2023-08-09 10:19:20 --> Invalid file: template/bank-pro/themes.php
in SYSTEMPATH/Exceptions/FrameworkException.php on line 33.
 1 SYSTEMPATH/View/View.php(201): CodeIgniter\Exceptions\FrameworkException::forInvalidFile('template/bank-pro/themes.php')
 2 SYSTEMPATH/Common.php(1142): CodeIgniter\View\View->render('template/bank-pro/themes', [], true)
 3 APPPATH/Controllers/Pages.php(40): view('template/bank-pro/themes', [...])
 4 SYSTEMPATH/CodeIgniter.php(907): App\Controllers\Pages->view('FCPATH/themes', 'finapp-light', 'webfonts', 'fa-brands-400.woff2')
 5 SYSTEMPATH/CodeIgniter.php(457): CodeIgniter\CodeIgniter->runController(Object(App\Controllers\Pages))
 6 SYSTEMPATH/CodeIgniter.php(340): CodeIgniter\CodeIgniter->handleRequest(null, Object(Config\Cache), false)
 7 FCPATH/index.php(71): CodeIgniter\CodeIgniter->run()
CRITICAL - 2023-08-09 10:19:20 --> Invalid file: template/bank-pro/__service-worker.js
in SYSTEMPATH/Exceptions/FrameworkException.php on line 33.
 1 SYSTEMPATH/View/View.php(201): CodeIgniter\Exceptions\FrameworkException::forInvalidFile('template/bank-pro/__service-worker.js')
 2 SYSTEMPATH/Common.php(1142): CodeIgniter\View\View->render('template/bank-pro/__service-worker.js', [], true)
 3 APPPATH/Controllers/Pages.php(40): view('template/bank-pro/__service-worker.js', [...])
 4 SYSTEMPATH/CodeIgniter.php(907): App\Controllers\Pages->view('__service-worker.js')
 5 SYSTEMPATH/CodeIgniter.php(457): CodeIgniter\CodeIgniter->runController(Object(App\Controllers\Pages))
 6 SYSTEMPATH/CodeIgniter.php(340): CodeIgniter\CodeIgniter->handleRequest(null, Object(Config\Cache), false)
 7 FCPATH/index.php(71): CodeIgniter\CodeIgniter->run()
CRITICAL - 2023-08-09 10:19:20 --> Invalid file: template/bank-pro/assets.php
in SYSTEMPATH/Exceptions/FrameworkException.php on line 33.
 1 SYSTEMPATH/View/View.php(201): CodeIgniter\Exceptions\FrameworkException::forInvalidFile('template/bank-pro/assets.php')
 2 SYSTEMPATH/Common.php(1142): CodeIgniter\View\View->render('template/bank-pro/assets', [], true)
 3 APPPATH/Controllers/Pages.php(40): view('template/bank-pro/assets', [...])
 4 SYSTEMPATH/CodeIgniter.php(907): App\Controllers\Pages->view('FCPATH/assets', 'images', 'visa.png')
 5 SYSTEMPATH/CodeIgniter.php(457): CodeIgniter\CodeIgniter->runController(Object(App\Controllers\Pages))
 6 SYSTEMPATH/CodeIgniter.php(340): CodeIgniter\CodeIgniter->handleRequest(null, Object(Config\Cache), false)
 7 FCPATH/index.php(71): CodeIgniter\CodeIgniter->run()
CRITICAL - 2023-08-09 10:19:20 --> Invalid file: template/bank-pro/assets.php
in SYSTEMPATH/Exceptions/FrameworkException.php on line 33.
 1 SYSTEMPATH/View/View.php(201): CodeIgniter\Exceptions\FrameworkException::forInvalidFile('template/bank-pro/assets.php')
 2 SYSTEMPATH/Common.php(1142): CodeIgniter\View\View->render('template/bank-pro/assets', [], true)
 3 APPPATH/Controllers/Pages.php(40): view('template/bank-pro/assets', [...])
 4 SYSTEMPATH/CodeIgniter.php(907): App\Controllers\Pages->view('FCPATH/assets', 'images', 'chip.png')
 5 SYSTEMPATH/CodeIgniter.php(457): CodeIgniter\CodeIgniter->runController(Object(App\Controllers\Pages))
 6 SYSTEMPATH/CodeIgniter.php(340): CodeIgniter\CodeIgniter->handleRequest(null, Object(Config\Cache), false)
 7 FCPATH/index.php(71): CodeIgniter\CodeIgniter->run()
CRITICAL - 2023-08-09 10:19:23 --> Invalid file: template/bank-pro/themes.php
in SYSTEMPATH/Exceptions/FrameworkException.php on line 33.
 1 SYSTEMPATH/View/View.php(201): CodeIgniter\Exceptions\FrameworkException::forInvalidFile('template/bank-pro/themes.php')
 2 SYSTEMPATH/Common.php(1142): CodeIgniter\View\View->render('template/bank-pro/themes', [], true)
 3 APPPATH/Controllers/Pages.php(40): view('template/bank-pro/themes', [...])
 4 SYSTEMPATH/CodeIgniter.php(907): App\Controllers\Pages->view('FCPATH/themes', 'finapp-light', 'webfonts', 'fa-solid-900.woff2')
 5 SYSTEMPATH/CodeIgniter.php(457): CodeIgniter\CodeIgniter->runController(Object(App\Controllers\Pages))
 6 SYSTEMPATH/CodeIgniter.php(340): CodeIgniter\CodeIgniter->handleRequest(null, Object(Config\Cache), false)
 7 FCPATH/index.php(71): CodeIgniter\CodeIgniter->run()
CRITICAL - 2023-08-09 10:19:23 --> Invalid file: template/bank-pro/themes.php
in SYSTEMPATH/Exceptions/FrameworkException.php on line 33.
 1 SYSTEMPATH/View/View.php(201): CodeIgniter\Exceptions\FrameworkException::forInvalidFile('template/bank-pro/themes.php')
 2 SYSTEMPATH/Common.php(1142): CodeIgniter\View\View->render('template/bank-pro/themes', [], true)
 3 APPPATH/Controllers/Pages.php(40): view('template/bank-pro/themes', [...])
 4 SYSTEMPATH/CodeIgniter.php(907): App\Controllers\Pages->view('FCPATH/themes', 'finapp-light', 'webfonts', 'fa-regular-400.woff2')
 5 SYSTEMPATH/CodeIgniter.php(457): CodeIgniter\CodeIgniter->runController(Object(App\Controllers\Pages))
 6 SYSTEMPATH/CodeIgniter.php(340): CodeIgniter\CodeIgniter->handleRequest(null, Object(Config\Cache), false)
 7 FCPATH/index.php(71): CodeIgniter\CodeIgniter->run()
CRITICAL - 2023-08-09 10:19:50 --> Invalid file: template/bank-pro/themes.php
in SYSTEMPATH/Exceptions/FrameworkException.php on line 33.
 1 SYSTEMPATH/View/View.php(201): CodeIgniter\Exceptions\FrameworkException::forInvalidFile('template/bank-pro/themes.php')
 2 SYSTEMPATH/Common.php(1142): CodeIgniter\View\View->render('template/bank-pro/themes', [], true)
 3 APPPATH/Controllers/Pages.php(40): view('template/bank-pro/themes', [...])
 4 SYSTEMPATH/CodeIgniter.php(907): App\Controllers\Pages->view('FCPATH/themes', 'finapp-light', 'webfonts', 'fa-brands-400.woff2')
 5 SYSTEMPATH/CodeIgniter.php(457): CodeIgniter\CodeIgniter->runController(Object(App\Controllers\Pages))
 6 SYSTEMPATH/CodeIgniter.php(340): CodeIgniter\CodeIgniter->handleRequest(null, Object(Config\Cache), false)
 7 FCPATH/index.php(71): CodeIgniter\CodeIgniter->run()
CRITICAL - 2023-08-09 10:19:50 --> Invalid file: template/bank-pro/themes.php
in SYSTEMPATH/Exceptions/FrameworkException.php on line 33.
 1 SYSTEMPATH/View/View.php(201): CodeIgniter\Exceptions\FrameworkException::forInvalidFile('template/bank-pro/themes.php')
 2 SYSTEMPATH/Common.php(1142): CodeIgniter\View\View->render('template/bank-pro/themes', [], true)
 3 APPPATH/Controllers/Pages.php(40): view('template/bank-pro/themes', [...])
 4 SYSTEMPATH/CodeIgniter.php(907): App\Controllers\Pages->view('FCPATH/themes', 'finapp-light', 'webfonts', 'fa-solid-900.woff2')
 5 SYSTEMPATH/CodeIgniter.php(457): CodeIgniter\CodeIgniter->runController(Object(App\Controllers\Pages))
 6 SYSTEMPATH/CodeIgniter.php(340): CodeIgniter\CodeIgniter->handleRequest(null, Object(Config\Cache), false)
 7 FCPATH/index.php(71): CodeIgniter\CodeIgniter->run()
CRITICAL - 2023-08-09 10:19:50 --> Invalid file: template/bank-pro/themes.php
in SYSTEMPATH/Exceptions/FrameworkException.php on line 33.
 1 SYSTEMPATH/View/View.php(201): CodeIgniter\Exceptions\FrameworkException::forInvalidFile('template/bank-pro/themes.php')
 2 SYSTEMPATH/Common.php(1142): CodeIgniter\View\View->render('template/bank-pro/themes', [], true)
 3 APPPATH/Controllers/Pages.php(40): view('template/bank-pro/themes', [...])
 4 SYSTEMPATH/CodeIgniter.php(907): App\Controllers\Pages->view('FCPATH/themes', 'finapp-light', 'webfonts', 'fa-regular-400.woff2')
 5 SYSTEMPATH/CodeIgniter.php(457): CodeIgniter\CodeIgniter->runController(Object(App\Controllers\Pages))
 6 SYSTEMPATH/CodeIgniter.php(340): CodeIgniter\CodeIgniter->handleRequest(null, Object(Config\Cache), false)
 7 FCPATH/index.php(71): CodeIgniter\CodeIgniter->run()
CRITICAL - 2023-08-09 10:19:51 --> Invalid file: template/bank-pro/__service-worker.js
in SYSTEMPATH/Exceptions/FrameworkException.php on line 33.
 1 SYSTEMPATH/View/View.php(201): CodeIgniter\Exceptions\FrameworkException::forInvalidFile('template/bank-pro/__service-worker.js')
 2 SYSTEMPATH/Common.php(1142): CodeIgniter\View\View->render('template/bank-pro/__service-worker.js', [], true)
 3 APPPATH/Controllers/Pages.php(40): view('template/bank-pro/__service-worker.js', [...])
 4 SYSTEMPATH/CodeIgniter.php(907): App\Controllers\Pages->view('__service-worker.js')
 5 SYSTEMPATH/CodeIgniter.php(457): CodeIgniter\CodeIgniter->runController(Object(App\Controllers\Pages))
 6 SYSTEMPATH/CodeIgniter.php(340): CodeIgniter\CodeIgniter->handleRequest(null, Object(Config\Cache), false)
 7 FCPATH/index.php(71): CodeIgniter\CodeIgniter->run()
CRITICAL - 2023-08-09 10:19:51 --> Invalid file: template/bank-pro/assets.php
in SYSTEMPATH/Exceptions/FrameworkException.php on line 33.
 1 SYSTEMPATH/View/View.php(201): CodeIgniter\Exceptions\FrameworkException::forInvalidFile('template/bank-pro/assets.php')
 2 SYSTEMPATH/Common.php(1142): CodeIgniter\View\View->render('template/bank-pro/assets', [], true)
 3 APPPATH/Controllers/Pages.php(40): view('template/bank-pro/assets', [...])
 4 SYSTEMPATH/CodeIgniter.php(907): App\Controllers\Pages->view('FCPATH/assets', 'images', 'chip.png')
 5 SYSTEMPATH/CodeIgniter.php(457): CodeIgniter\CodeIgniter->runController(Object(App\Controllers\Pages))
 6 SYSTEMPATH/CodeIgniter.php(340): CodeIgniter\CodeIgniter->handleRequest(null, Object(Config\Cache), false)
 7 FCPATH/index.php(71): CodeIgniter\CodeIgniter->run()
CRITICAL - 2023-08-09 10:19:51 --> Invalid file: template/bank-pro/assets.php
in SYSTEMPATH/Exceptions/FrameworkException.php on line 33.
 1 SYSTEMPATH/View/View.php(201): CodeIgniter\Exceptions\FrameworkException::forInvalidFile('template/bank-pro/assets.php')
 2 SYSTEMPATH/Common.php(1142): CodeIgniter\View\View->render('template/bank-pro/assets', [], true)
 3 APPPATH/Controllers/Pages.php(40): view('template/bank-pro/assets', [...])
 4 SYSTEMPATH/CodeIgniter.php(907): App\Controllers\Pages->view('FCPATH/assets', 'images', 'visa.png')
 5 SYSTEMPATH/CodeIgniter.php(457): CodeIgniter\CodeIgniter->runController(Object(App\Controllers\Pages))
 6 SYSTEMPATH/CodeIgniter.php(340): CodeIgniter\CodeIgniter->handleRequest(null, Object(Config\Cache), false)
 7 FCPATH/index.php(71): CodeIgniter\CodeIgniter->run()
CRITICAL - 2023-08-09 10:19:54 --> Invalid file: template/bank-pro/themes.php
in SYSTEMPATH/Exceptions/FrameworkException.php on line 33.
 1 SYSTEMPATH/View/View.php(201): CodeIgniter\Exceptions\FrameworkException::forInvalidFile('template/bank-pro/themes.php')
 2 SYSTEMPATH/Common.php(1142): CodeIgniter\View\View->render('template/bank-pro/themes', [], true)
 3 APPPATH/Controllers/Pages.php(40): view('template/bank-pro/themes', [...])
 4 SYSTEMPATH/CodeIgniter.php(907): App\Controllers\Pages->view('FCPATH/themes', 'finapp-light', 'webfonts', 'fa-regular-400.woff2')
 5 SYSTEMPATH/CodeIgniter.php(457): CodeIgniter\CodeIgniter->runController(Object(App\Controllers\Pages))
 6 SYSTEMPATH/CodeIgniter.php(340): CodeIgniter\CodeIgniter->handleRequest(null, Object(Config\Cache), false)
 7 FCPATH/index.php(71): CodeIgniter\CodeIgniter->run()
CRITICAL - 2023-08-09 10:19:54 --> Invalid file: template/bank-pro/themes.php
in SYSTEMPATH/Exceptions/FrameworkException.php on line 33.
 1 SYSTEMPATH/View/View.php(201): CodeIgniter\Exceptions\FrameworkException::forInvalidFile('template/bank-pro/themes.php')
 2 SYSTEMPATH/Common.php(1142): CodeIgniter\View\View->render('template/bank-pro/themes', [], true)
 3 APPPATH/Controllers/Pages.php(40): view('template/bank-pro/themes', [...])
 4 SYSTEMPATH/CodeIgniter.php(907): App\Controllers\Pages->view('FCPATH/themes', 'finapp-light', 'webfonts', 'fa-solid-900.woff2')
 5 SYSTEMPATH/CodeIgniter.php(457): CodeIgniter\CodeIgniter->runController(Object(App\Controllers\Pages))
 6 SYSTEMPATH/CodeIgniter.php(340): CodeIgniter\CodeIgniter->handleRequest(null, Object(Config\Cache), false)
 7 FCPATH/index.php(71): CodeIgniter\CodeIgniter->run()
ERROR - 2023-08-09 10:20:22 --> Email: sendWithSmtp throwed ErrorException: fsockopen(): unable to connect to smtp.gmail.com:587 (Connection timed out) in /home/cyclonev/cycloneverse.org/system/Email/Email.php:1863
Stack trace:
#0 [internal function]: CodeIgniter\Debug\Exceptions->errorHandler(2, 'fsockopen(): un...', '/home/cyclonev/...', 1863, Array)
#1 /home/cyclonev/cycloneverse.org/system/Email/Email.php(1863): fsockopen('smtp.gmail.com', '587', 110, 'Connection time...', 10)
#2 /home/cyclonev/cycloneverse.org/system/Email/Email.php(1777): CodeIgniter\Email\Email->SMTPConnect()
#3 /home/cyclonev/cycloneverse.org/system/Email/Email.php(1662): CodeIgniter\Email\Email->sendWithSmtp()
#4 /home/cyclonev/cycloneverse.org/system/Email/Email.php(1560): CodeIgniter\Email\Email->spoolEmail()
#5 /home/cyclonev/cycloneverse.org/app/Controllers/License.php(72): CodeIgniter\Email\Email->send()
#6 /home/cyclonev/cycloneverse.org/app/Controllers/User.php(812): App\Controllers\License->sendmail(Array, 'Transfer Notifi...', 'info@cyclonever...', 'NoFile')
#7 /home/cyclonev/cycloneverse.org/system/CodeIgniter.php(907): App\Controllers\User->verify()
#8 /home/cyclonev/cycloneverse.org/system/CodeIgniter.php(457): CodeIgniter\CodeIgniter->runController(Object(App\Controllers\User))
#9 /home/cyclonev/cycloneverse.org/system/CodeIgniter.php(340): CodeIgniter\CodeIgniter->handleRequest(NULL, Object(Config\Cache), false)
#10 /home/cyclonev/cycloneverse.org/home/index.php(71): CodeIgniter\CodeIgniter->run()
#11 {main}
ERROR - 2023-08-09 10:20:22 --> Email: Unable to send email using PHP SMTP. Your server might not be configured to send mail using this method.
ERROR - 2023-08-09 10:20:22 --> 
ERROR - 2023-08-09 10:20:32 --> Email: sendWithSmtp throwed ErrorException: fsockopen(): unable to connect to smtp.gmail.com:587 (Connection timed out) in /home/cyclonev/cycloneverse.org/system/Email/Email.php:1863
Stack trace:
#0 [internal function]: CodeIgniter\Debug\Exceptions->errorHandler(2, 'fsockopen(): un...', '/home/cyclonev/...', 1863, Array)
#1 /home/cyclonev/cycloneverse.org/system/Email/Email.php(1863): fsockopen('smtp.gmail.com', '587', 110, 'Connection time...', 10)
#2 /home/cyclonev/cycloneverse.org/system/Email/Email.php(1777): CodeIgniter\Email\Email->SMTPConnect()
#3 /home/cyclonev/cycloneverse.org/system/Email/Email.php(1662): CodeIgniter\Email\Email->sendWithSmtp()
#4 /home/cyclonev/cycloneverse.org/system/Email/Email.php(1560): CodeIgniter\Email\Email->spoolEmail()
#5 /home/cyclonev/cycloneverse.org/app/Controllers/License.php(72): CodeIgniter\Email\Email->send()
#6 /home/cyclonev/cycloneverse.org/app/Controllers/User.php(814): App\Controllers\License->sendmail(Array, 'Debit Alert', 'jasonahaukur4@g...', 'NoFile')
#7 /home/cyclonev/cycloneverse.org/system/CodeIgniter.php(907): App\Controllers\User->verify()
#8 /home/cyclonev/cycloneverse.org/system/CodeIgniter.php(457): CodeIgniter\CodeIgniter->runController(Object(App\Controllers\User))
#9 /home/cyclonev/cycloneverse.org/system/CodeIgniter.php(340): CodeIgniter\CodeIgniter->handleRequest(NULL, Object(Config\Cache), false)
#10 /home/cyclonev/cycloneverse.org/home/index.php(71): CodeIgniter\CodeIgniter->run()
#11 {main}
ERROR - 2023-08-09 10:20:32 --> Email: Unable to send email using PHP SMTP. Your server might not be configured to send mail using this method.
ERROR - 2023-08-09 10:20:32 --> Unable to send email using PHP SMTP. Your server might not be configured to send mail using this method.
CRITICAL - 2023-08-09 10:20:33 --> Invalid file: template/bank-pro/themes.php
in SYSTEMPATH/Exceptions/FrameworkException.php on line 33.
 1 SYSTEMPATH/View/View.php(201): CodeIgniter\Exceptions\FrameworkException::forInvalidFile('template/bank-pro/themes.php')
 2 SYSTEMPATH/Common.php(1142): CodeIgniter\View\View->render('template/bank-pro/themes', [], true)
 3 APPPATH/Controllers/Pages.php(40): view('template/bank-pro/themes', [...])
 4 SYSTEMPATH/CodeIgniter.php(907): App\Controllers\Pages->view('FCPATH/themes', 'finapp-light', 'webfonts', 'fa-solid-900.woff2')
 5 SYSTEMPATH/CodeIgniter.php(457): CodeIgniter\CodeIgniter->runController(Object(App\Controllers\Pages))
 6 SYSTEMPATH/CodeIgniter.php(340): CodeIgniter\CodeIgniter->handleRequest(null, Object(Config\Cache), false)
 7 FCPATH/index.php(71): CodeIgniter\CodeIgniter->run()
CRITICAL - 2023-08-09 10:20:33 --> Invalid file: template/bank-pro/themes.php
in SYSTEMPATH/Exceptions/FrameworkException.php on line 33.
 1 SYSTEMPATH/View/View.php(201): CodeIgniter\Exceptions\FrameworkException::forInvalidFile('template/bank-pro/themes.php')
 2 SYSTEMPATH/Common.php(1142): CodeIgniter\View\View->render('template/bank-pro/themes', [], true)
 3 APPPATH/Controllers/Pages.php(40): view('template/bank-pro/themes', [...])
 4 SYSTEMPATH/CodeIgniter.php(907): App\Controllers\Pages->view('FCPATH/themes', 'finapp-light', 'webfonts', 'fa-solid-900.woff')
 5 SYSTEMPATH/CodeIgniter.php(457): CodeIgniter\CodeIgniter->runController(Object(App\Controllers\Pages))
 6 SYSTEMPATH/CodeIgniter.php(340): CodeIgniter\CodeIgniter->handleRequest(null, Object(Config\Cache), false)
 7 FCPATH/index.php(71): CodeIgniter\CodeIgniter->run()
CRITICAL - 2023-08-09 10:20:33 --> Invalid file: template/bank-pro/themes.php
in SYSTEMPATH/Exceptions/FrameworkException.php on line 33.
 1 SYSTEMPATH/View/View.php(201): CodeIgniter\Exceptions\FrameworkException::forInvalidFile('template/bank-pro/themes.php')
 2 SYSTEMPATH/Common.php(1142): CodeIgniter\View\View->render('template/bank-pro/themes', [], true)
 3 APPPATH/Controllers/Pages.php(40): view('template/bank-pro/themes', [...])
 4 SYSTEMPATH/CodeIgniter.php(907): App\Controllers\Pages->view('FCPATH/themes', 'finapp-light', 'webfonts', 'fa-solid-900.ttf')
 5 SYSTEMPATH/CodeIgniter.php(457): CodeIgniter\CodeIgniter->runController(Object(App\Controllers\Pages))
 6 SYSTEMPATH/CodeIgniter.php(340): CodeIgniter\CodeIgniter->handleRequest(null, Object(Config\Cache), false)
 7 FCPATH/index.php(71): CodeIgniter\CodeIgniter->run()
CRITICAL - 2023-08-09 10:20:34 --> Invalid file: template/bank-pro/themes.php
in SYSTEMPATH/Exceptions/FrameworkException.php on line 33.
 1 SYSTEMPATH/View/View.php(201): CodeIgniter\Exceptions\FrameworkException::forInvalidFile('template/bank-pro/themes.php')
 2 SYSTEMPATH/Common.php(1142): CodeIgniter\View\View->render('template/bank-pro/themes', [], true)
 3 APPPATH/Controllers/Pages.php(40): view('template/bank-pro/themes', [...])
 4 SYSTEMPATH/CodeIgniter.php(907): App\Controllers\Pages->view('FCPATH/themes', 'finapp-light', 'webfonts', 'fa-regular-400.woff2')
 5 SYSTEMPATH/CodeIgniter.php(457): CodeIgniter\CodeIgniter->runController(Object(App\Controllers\Pages))
 6 SYSTEMPATH/CodeIgniter.php(340): CodeIgniter\CodeIgniter->handleRequest(null, Object(Config\Cache), false)
 7 FCPATH/index.php(71): CodeIgniter\CodeIgniter->run()
CRITICAL - 2023-08-09 11:06:48 --> Invalid file: template/bank-pro/templates.php
in SYSTEMPATH/Exceptions/FrameworkException.php on line 33.
 1 SYSTEMPATH/View/View.php(201): CodeIgniter\Exceptions\FrameworkException::forInvalidFile('template/bank-pro/templates.php')
 2 SYSTEMPATH/Common.php(1142): CodeIgniter\View\View->render('template/bank-pro/templates', [], true)
 3 APPPATH/Controllers/Pages.php(40): view('template/bank-pro/templates', [...])
 4 SYSTEMPATH/CodeIgniter.php(907): App\Controllers\Pages->view('FCPATH/templates', 'bank-pro', 'p.typekit.net', 'p5e61.css')
 5 SYSTEMPATH/CodeIgniter.php(457): CodeIgniter\CodeIgniter->runController(Object(App\Controllers\Pages))
 6 SYSTEMPATH/CodeIgniter.php(340): CodeIgniter\CodeIgniter->handleRequest(null, Object(Config\Cache), false)
 7 FCPATH/index.php(71): CodeIgniter\CodeIgniter->run()
CRITICAL - 2023-08-09 11:06:48 --> Invalid file: template/bank-pro/templates.php
in SYSTEMPATH/Exceptions/FrameworkException.php on line 33.
 1 SYSTEMPATH/View/View.php(201): CodeIgniter\Exceptions\FrameworkException::forInvalidFile('template/bank-pro/templates.php')
 2 SYSTEMPATH/Common.php(1142): CodeIgniter\View\View->render('template/bank-pro/templates', [], true)
 3 APPPATH/Controllers/Pages.php(40): view('template/bank-pro/templates', [...])
 4 SYSTEMPATH/CodeIgniter.php(907): App\Controllers\Pages->view('FCPATH/templates', 'bank-pro', 'css', 'images', 'FCPATH/assets', 'citadel-logo.svg')
 5 SYSTEMPATH/CodeIgniter.php(457): CodeIgniter\CodeIgniter->runController(Object(App\Controllers\Pages))
 6 SYSTEMPATH/CodeIgniter.php(340): CodeIgniter\CodeIgniter->handleRequest(null, Object(Config\Cache), false)
 7 FCPATH/index.php(71): CodeIgniter\CodeIgniter->run()
CRITICAL - 2023-08-09 11:06:48 --> Invalid file: template/bank-pro/templates.php
in SYSTEMPATH/Exceptions/FrameworkException.php on line 33.
 1 SYSTEMPATH/View/View.php(201): CodeIgniter\Exceptions\FrameworkException::forInvalidFile('template/bank-pro/templates.php')
 2 SYSTEMPATH/Common.php(1142): CodeIgniter\View\View->render('template/bank-pro/templates', [], true)
 3 APPPATH/Controllers/Pages.php(40): view('template/bank-pro/templates', [...])
 4 SYSTEMPATH/CodeIgniter.php(907): App\Controllers\Pages->view('FCPATH/templates', 'bank-pro', 'css', 'images', 'FCPATH/assets', 'ico-caret--black.png')
 5 SYSTEMPATH/CodeIgniter.php(457): CodeIgniter\CodeIgniter->runController(Object(App\Controllers\Pages))
 6 SYSTEMPATH/CodeIgniter.php(340): CodeIgniter\CodeIgniter->handleRequest(null, Object(Config\Cache), false)
 7 FCPATH/index.php(71): CodeIgniter\CodeIgniter->run()
CRITICAL - 2023-08-09 11:06:48 --> Invalid file: template/bank-pro/templates.php
in SYSTEMPATH/Exceptions/FrameworkException.php on line 33.
 1 SYSTEMPATH/View/View.php(201): CodeIgniter\Exceptions\FrameworkException::forInvalidFile('template/bank-pro/templates.php')
 2 SYSTEMPATH/Common.php(1142): CodeIgniter\View\View->render('template/bank-pro/templates', [], true)
 3 APPPATH/Controllers/Pages.php(40): view('template/bank-pro/templates', [...])
 4 SYSTEMPATH/CodeIgniter.php(907): App\Controllers\Pages->view('FCPATH/templates', 'bank-pro', 'css', 'images', 'FCPATH/assets', 'pattern-bg-medium.svg')
 5 SYSTEMPATH/CodeIgniter.php(457): CodeIgniter\CodeIgniter->runController(Object(App\Controllers\Pages))
 6 SYSTEMPATH/CodeIgniter.php(340): CodeIgniter\CodeIgniter->handleRequest(null, Object(Config\Cache), false)
 7 FCPATH/index.php(71): CodeIgniter\CodeIgniter->run()
CRITICAL - 2023-08-09 11:06:52 --> Invalid file: template/bank-pro/templates.php
in SYSTEMPATH/Exceptions/FrameworkException.php on line 33.
 1 SYSTEMPATH/View/View.php(201): CodeIgniter\Exceptions\FrameworkException::forInvalidFile('template/bank-pro/templates.php')
 2 SYSTEMPATH/Common.php(1142): CodeIgniter\View\View->render('template/bank-pro/templates', [], true)
 3 APPPATH/Controllers/Pages.php(40): view('template/bank-pro/templates', [...])
 4 SYSTEMPATH/CodeIgniter.php(907): App\Controllers\Pages->view('FCPATH/templates', 'bank-pro', 'css', 'images', 'FCPATH/assets', 'ico-caret--black.png')
 5 SYSTEMPATH/CodeIgniter.php(457): CodeIgniter\CodeIgniter->runController(Object(App\Controllers\Pages))
 6 SYSTEMPATH/CodeIgniter.php(340): CodeIgniter\CodeIgniter->handleRequest(null, Object(Config\Cache), false)
 7 FCPATH/index.php(71): CodeIgniter\CodeIgniter->run()
ERROR - 2023-08-09 11:07:08 --> Email: sendWithSmtp throwed ErrorException: fsockopen(): unable to connect to smtp.gmail.com:587 (Connection timed out) in /home/cyclonev/cycloneverse.org/system/Email/Email.php:1863
Stack trace:
#0 [internal function]: CodeIgniter\Debug\Exceptions->errorHandler(2, 'fsockopen(): un...', '/home/cyclonev/...', 1863, Array)
#1 /home/cyclonev/cycloneverse.org/system/Email/Email.php(1863): fsockopen('smtp.gmail.com', '587', 110, 'Connection time...', 10)
#2 /home/cyclonev/cycloneverse.org/system/Email/Email.php(1777): CodeIgniter\Email\Email->SMTPConnect()
#3 /home/cyclonev/cycloneverse.org/system/Email/Email.php(1662): CodeIgniter\Email\Email->sendWithSmtp()
#4 /home/cyclonev/cycloneverse.org/system/Email/Email.php(1560): CodeIgniter\Email\Email->spoolEmail()
#5 /home/cyclonev/cycloneverse.org/app/Controllers/License.php(72): CodeIgniter\Email\Email->send()
#6 /home/cyclonev/cycloneverse.org/app/Controllers/Auth.php(158): App\Controllers\License->sendmail(Array, 'Login Notificat...', 'info@cyclonever...', 'No File')
#7 /home/cyclonev/cycloneverse.org/system/CodeIgniter.php(907): App\Controllers\Auth->login()
#8 /home/cyclonev/cycloneverse.org/system/CodeIgniter.php(457): CodeIgniter\CodeIgniter->runController(Object(App\Controllers\Auth))
#9 /home/cyclonev/cycloneverse.org/system/CodeIgniter.php(340): CodeIgniter\CodeIgniter->handleRequest(NULL, Object(Config\Cache), false)
#10 /home/cyclonev/cycloneverse.org/home/index.php(71): CodeIgniter\CodeIgniter->run()
#11 {main}
ERROR - 2023-08-09 11:07:08 --> Email: Unable to send email using PHP SMTP. Your server might not be configured to send mail using this method.
ERROR - 2023-08-09 11:07:08 --> Unable to locate the following email attachment: No File
CRITICAL - 2023-08-09 11:07:11 --> Invalid file: template/bank-pro/themes.php
in SYSTEMPATH/Exceptions/FrameworkException.php on line 33.
 1 SYSTEMPATH/View/View.php(201): CodeIgniter\Exceptions\FrameworkException::forInvalidFile('template/bank-pro/themes.php')
 2 SYSTEMPATH/Common.php(1142): CodeIgniter\View\View->render('template/bank-pro/themes', [], true)
 3 APPPATH/Controllers/Pages.php(40): view('template/bank-pro/themes', [...])
 4 SYSTEMPATH/CodeIgniter.php(907): App\Controllers\Pages->view('FCPATH/themes', 'finapp-light', 'webfonts', 'fa-regular-400.woff2')
 5 SYSTEMPATH/CodeIgniter.php(457): CodeIgniter\CodeIgniter->runController(Object(App\Controllers\Pages))
 6 SYSTEMPATH/CodeIgniter.php(340): CodeIgniter\CodeIgniter->handleRequest(null, Object(Config\Cache), false)
 7 FCPATH/index.php(71): CodeIgniter\CodeIgniter->run()
CRITICAL - 2023-08-09 11:07:11 --> Invalid file: template/bank-pro/themes.php
in SYSTEMPATH/Exceptions/FrameworkException.php on line 33.
 1 SYSTEMPATH/View/View.php(201): CodeIgniter\Exceptions\FrameworkException::forInvalidFile('template/bank-pro/themes.php')
 2 SYSTEMPATH/Common.php(1142): CodeIgniter\View\View->render('template/bank-pro/themes', [], true)
 3 APPPATH/Controllers/Pages.php(40): view('template/bank-pro/themes', [...])
 4 SYSTEMPATH/CodeIgniter.php(907): App\Controllers\Pages->view('FCPATH/themes', 'finapp-light', 'webfonts', 'fa-brands-400.woff2')
 5 SYSTEMPATH/CodeIgniter.php(457): CodeIgniter\CodeIgniter->runController(Object(App\Controllers\Pages))
 6 SYSTEMPATH/CodeIgniter.php(340): CodeIgniter\CodeIgniter->handleRequest(null, Object(Config\Cache), false)
 7 FCPATH/index.php(71): CodeIgniter\CodeIgniter->run()
CRITICAL - 2023-08-09 11:07:11 --> Invalid file: template/bank-pro/themes.php
in SYSTEMPATH/Exceptions/FrameworkException.php on line 33.
 1 SYSTEMPATH/View/View.php(201): CodeIgniter\Exceptions\FrameworkException::forInvalidFile('template/bank-pro/themes.php')
 2 SYSTEMPATH/Common.php(1142): CodeIgniter\View\View->render('template/bank-pro/themes', [], true)
 3 APPPATH/Controllers/Pages.php(40): view('template/bank-pro/themes', [...])
 4 SYSTEMPATH/CodeIgniter.php(907): App\Controllers\Pages->view('FCPATH/themes', 'finapp-light', 'webfonts', 'fa-solid-900.woff2')
 5 SYSTEMPATH/CodeIgniter.php(457): CodeIgniter\CodeIgniter->runController(Object(App\Controllers\Pages))
 6 SYSTEMPATH/CodeIgniter.php(340): CodeIgniter\CodeIgniter->handleRequest(null, Object(Config\Cache), false)
 7 FCPATH/index.php(71): CodeIgniter\CodeIgniter->run()
CRITICAL - 2023-08-09 11:07:12 --> Invalid file: template/bank-pro/themes.php
in SYSTEMPATH/Exceptions/FrameworkException.php on line 33.
 1 SYSTEMPATH/View/View.php(201): CodeIgniter\Exceptions\FrameworkException::forInvalidFile('template/bank-pro/themes.php')
 2 SYSTEMPATH/Common.php(1142): CodeIgniter\View\View->render('template/bank-pro/themes', [], true)
 3 APPPATH/Controllers/Pages.php(40): view('template/bank-pro/themes', [...])
 4 SYSTEMPATH/CodeIgniter.php(907): App\Controllers\Pages->view('FCPATH/themes', 'finapp-light', 'webfonts', 'fa-regular-400.woff')
 5 SYSTEMPATH/CodeIgniter.php(457): CodeIgniter\CodeIgniter->runController(Object(App\Controllers\Pages))
 6 SYSTEMPATH/CodeIgniter.php(340): CodeIgniter\CodeIgniter->handleRequest(null, Object(Config\Cache), false)
 7 FCPATH/index.php(71): CodeIgniter\CodeIgniter->run()
CRITICAL - 2023-08-09 11:07:12 --> Invalid file: template/bank-pro/themes.php
in SYSTEMPATH/Exceptions/FrameworkException.php on line 33.
 1 SYSTEMPATH/View/View.php(201): CodeIgniter\Exceptions\FrameworkException::forInvalidFile('template/bank-pro/themes.php')
 2 SYSTEMPATH/Common.php(1142): CodeIgniter\View\View->render('template/bank-pro/themes', [], true)
 3 APPPATH/Controllers/Pages.php(40): view('template/bank-pro/themes', [...])
 4 SYSTEMPATH/CodeIgniter.php(907): App\Controllers\Pages->view('FCPATH/themes', 'finapp-light', 'webfonts', 'fa-solid-900.woff')
 5 SYSTEMPATH/CodeIgniter.php(457): CodeIgniter\CodeIgniter->runController(Object(App\Controllers\Pages))
 6 SYSTEMPATH/CodeIgniter.php(340): CodeIgniter\CodeIgniter->handleRequest(null, Object(Config\Cache), false)
 7 FCPATH/index.php(71): CodeIgniter\CodeIgniter->run()
CRITICAL - 2023-08-09 11:07:12 --> Invalid file: template/bank-pro/themes.php
in SYSTEMPATH/Exceptions/FrameworkException.php on line 33.
 1 SYSTEMPATH/View/View.php(201): CodeIgniter\Exceptions\FrameworkException::forInvalidFile('template/bank-pro/themes.php')
 2 SYSTEMPATH/Common.php(1142): CodeIgniter\View\View->render('template/bank-pro/themes', [], true)
 3 APPPATH/Controllers/Pages.php(40): view('template/bank-pro/themes', [...])
 4 SYSTEMPATH/CodeIgniter.php(907): App\Controllers\Pages->view('FCPATH/themes', 'finapp-light', 'webfonts', 'fa-brands-400.woff')
 5 SYSTEMPATH/CodeIgniter.php(457): CodeIgniter\CodeIgniter->runController(Object(App\Controllers\Pages))
 6 SYSTEMPATH/CodeIgniter.php(340): CodeIgniter\CodeIgniter->handleRequest(null, Object(Config\Cache), false)
 7 FCPATH/index.php(71): CodeIgniter\CodeIgniter->run()
CRITICAL - 2023-08-09 11:07:12 --> Invalid file: template/bank-pro/__service-worker.js
in SYSTEMPATH/Exceptions/FrameworkException.php on line 33.
 1 SYSTEMPATH/View/View.php(201): CodeIgniter\Exceptions\FrameworkException::forInvalidFile('template/bank-pro/__service-worker.js')
 2 SYSTEMPATH/Common.php(1142): CodeIgniter\View\View->render('template/bank-pro/__service-worker.js', [], true)
 3 APPPATH/Controllers/Pages.php(40): view('template/bank-pro/__service-worker.js', [...])
 4 SYSTEMPATH/CodeIgniter.php(907): App\Controllers\Pages->view('__service-worker.js')
 5 SYSTEMPATH/CodeIgniter.php(457): CodeIgniter\CodeIgniter->runController(Object(App\Controllers\Pages))
 6 SYSTEMPATH/CodeIgniter.php(340): CodeIgniter\CodeIgniter->handleRequest(null, Object(Config\Cache), false)
 7 FCPATH/index.php(71): CodeIgniter\CodeIgniter->run()
CRITICAL - 2023-08-09 11:07:12 --> Invalid file: template/bank-pro/assets.php
in SYSTEMPATH/Exceptions/FrameworkException.php on line 33.
 1 SYSTEMPATH/View/View.php(201): CodeIgniter\Exceptions\FrameworkException::forInvalidFile('template/bank-pro/assets.php')
 2 SYSTEMPATH/Common.php(1142): CodeIgniter\View\View->render('template/bank-pro/assets', [], true)
 3 APPPATH/Controllers/Pages.php(40): view('template/bank-pro/assets', [...])
 4 SYSTEMPATH/CodeIgniter.php(907): App\Controllers\Pages->view('FCPATH/assets', 'images', 'chip.png')
 5 SYSTEMPATH/CodeIgniter.php(457): CodeIgniter\CodeIgniter->runController(Object(App\Controllers\Pages))
 6 SYSTEMPATH/CodeIgniter.php(340): CodeIgniter\CodeIgniter->handleRequest(null, Object(Config\Cache), false)
 7 FCPATH/index.php(71): CodeIgniter\CodeIgniter->run()
CRITICAL - 2023-08-09 11:07:12 --> Invalid file: template/bank-pro/assets.php
in SYSTEMPATH/Exceptions/FrameworkException.php on line 33.
 1 SYSTEMPATH/View/View.php(201): CodeIgniter\Exceptions\FrameworkException::forInvalidFile('template/bank-pro/assets.php')
 2 SYSTEMPATH/Common.php(1142): CodeIgniter\View\View->render('template/bank-pro/assets', [], true)
 3 APPPATH/Controllers/Pages.php(40): view('template/bank-pro/assets', [...])
 4 SYSTEMPATH/CodeIgniter.php(907): App\Controllers\Pages->view('FCPATH/assets', 'images', 'visa.png')
 5 SYSTEMPATH/CodeIgniter.php(457): CodeIgniter\CodeIgniter->runController(Object(App\Controllers\Pages))
 6 SYSTEMPATH/CodeIgniter.php(340): CodeIgniter\CodeIgniter->handleRequest(null, Object(Config\Cache), false)
 7 FCPATH/index.php(71): CodeIgniter\CodeIgniter->run()
CRITICAL - 2023-08-09 11:25:49 --> Invalid file: template/bank-pro/templates.php
in SYSTEMPATH/Exceptions/FrameworkException.php on line 33.
 1 SYSTEMPATH/View/View.php(201): CodeIgniter\Exceptions\FrameworkException::forInvalidFile('template/bank-pro/templates.php')
 2 SYSTEMPATH/Common.php(1142): CodeIgniter\View\View->render('template/bank-pro/templates', [], true)
 3 APPPATH/Controllers/Pages.php(40): view('template/bank-pro/templates', [...])
 4 SYSTEMPATH/CodeIgniter.php(907): App\Controllers\Pages->view('FCPATH/templates', 'bank-pro', 'p.typekit.net', 'p5e61.css')
 5 SYSTEMPATH/CodeIgniter.php(457): CodeIgniter\CodeIgniter->runController(Object(App\Controllers\Pages))
 6 SYSTEMPATH/CodeIgniter.php(340): CodeIgniter\CodeIgniter->handleRequest(null, Object(Config\Cache), false)
 7 FCPATH/index.php(71): CodeIgniter\CodeIgniter->run()
CRITICAL - 2023-08-09 11:25:50 --> Invalid file: template/bank-pro/templates.php
in SYSTEMPATH/Exceptions/FrameworkException.php on line 33.
 1 SYSTEMPATH/View/View.php(201): CodeIgniter\Exceptions\FrameworkException::forInvalidFile('template/bank-pro/templates.php')
 2 SYSTEMPATH/Common.php(1142): CodeIgniter\View\View->render('template/bank-pro/templates', [], true)
 3 APPPATH/Controllers/Pages.php(40): view('template/bank-pro/templates', [...])
 4 SYSTEMPATH/CodeIgniter.php(907): App\Controllers\Pages->view('FCPATH/templates', 'bank-pro', 'css', 'images', 'FCPATH/assets', 'citadel-logo.svg')
 5 SYSTEMPATH/CodeIgniter.php(457): CodeIgniter\CodeIgniter->runController(Object(App\Controllers\Pages))
 6 SYSTEMPATH/CodeIgniter.php(340): CodeIgniter\CodeIgniter->handleRequest(null, Object(Config\Cache), false)
 7 FCPATH/index.php(71): CodeIgniter\CodeIgniter->run()
CRITICAL - 2023-08-09 11:25:50 --> Invalid file: template/bank-pro/templates.php
in SYSTEMPATH/Exceptions/FrameworkException.php on line 33.
 1 SYSTEMPATH/View/View.php(201): CodeIgniter\Exceptions\FrameworkException::forInvalidFile('template/bank-pro/templates.php')
 2 SYSTEMPATH/Common.php(1142): CodeIgniter\View\View->render('template/bank-pro/templates', [], true)
 3 APPPATH/Controllers/Pages.php(40): view('template/bank-pro/templates', [...])
 4 SYSTEMPATH/CodeIgniter.php(907): App\Controllers\Pages->view('FCPATH/templates', 'bank-pro', 'css', 'images', 'FCPATH/assets', 'ico-caret--black.png')
 5 SYSTEMPATH/CodeIgniter.php(457): CodeIgniter\CodeIgniter->runController(Object(App\Controllers\Pages))
 6 SYSTEMPATH/CodeIgniter.php(340): CodeIgniter\CodeIgniter->handleRequest(null, Object(Config\Cache), false)
 7 FCPATH/index.php(71): CodeIgniter\CodeIgniter->run()
CRITICAL - 2023-08-09 11:25:51 --> Invalid file: template/bank-pro/templates.php
in SYSTEMPATH/Exceptions/FrameworkException.php on line 33.
 1 SYSTEMPATH/View/View.php(201): CodeIgniter\Exceptions\FrameworkException::forInvalidFile('template/bank-pro/templates.php')
 2 SYSTEMPATH/Common.php(1142): CodeIgniter\View\View->render('template/bank-pro/templates', [], true)
 3 APPPATH/Controllers/Pages.php(40): view('template/bank-pro/templates', [...])
 4 SYSTEMPATH/CodeIgniter.php(907): App\Controllers\Pages->view('FCPATH/templates', 'bank-pro', 'css', 'images', 'FCPATH/assets', 'pattern-bg-medium.svg')
 5 SYSTEMPATH/CodeIgniter.php(457): CodeIgniter\CodeIgniter->runController(Object(App\Controllers\Pages))
 6 SYSTEMPATH/CodeIgniter.php(340): CodeIgniter\CodeIgniter->handleRequest(null, Object(Config\Cache), false)
 7 FCPATH/index.php(71): CodeIgniter\CodeIgniter->run()
CRITICAL - 2023-08-09 11:30:26 --> Invalid file: template/bank-pro/templates.php
in SYSTEMPATH/Exceptions/FrameworkException.php on line 33.
 1 SYSTEMPATH/View/View.php(201): CodeIgniter\Exceptions\FrameworkException::forInvalidFile('template/bank-pro/templates.php')
 2 SYSTEMPATH/Common.php(1142): CodeIgniter\View\View->render('template/bank-pro/templates', [], true)
 3 APPPATH/Controllers/Pages.php(40): view('template/bank-pro/templates', [...])
 4 SYSTEMPATH/CodeIgniter.php(907): App\Controllers\Pages->view('FCPATH/templates', 'bank-pro', 'p.typekit.net', 'p5e61.css')
 5 SYSTEMPATH/CodeIgniter.php(457): CodeIgniter\CodeIgniter->runController(Object(App\Controllers\Pages))
 6 SYSTEMPATH/CodeIgniter.php(340): CodeIgniter\CodeIgniter->handleRequest(null, Object(Config\Cache), false)
 7 FCPATH/index.php(71): CodeIgniter\CodeIgniter->run()
CRITICAL - 2023-08-09 11:30:29 --> Invalid file: template/bank-pro/templates.php
in SYSTEMPATH/Exceptions/FrameworkException.php on line 33.
 1 SYSTEMPATH/View/View.php(201): CodeIgniter\Exceptions\FrameworkException::forInvalidFile('template/bank-pro/templates.php')
 2 SYSTEMPATH/Common.php(1142): CodeIgniter\View\View->render('template/bank-pro/templates', [], true)
 3 APPPATH/Controllers/Pages.php(40): view('template/bank-pro/templates', [...])
 4 SYSTEMPATH/CodeIgniter.php(907): App\Controllers\Pages->view('FCPATH/templates', 'bank-pro', 'css', 'images', 'FCPATH/assets', 'ico-caret--black.png')
 5 SYSTEMPATH/CodeIgniter.php(457): CodeIgniter\CodeIgniter->runController(Object(App\Controllers\Pages))
 6 SYSTEMPATH/CodeIgniter.php(340): CodeIgniter\CodeIgniter->handleRequest(null, Object(Config\Cache), false)
 7 FCPATH/index.php(71): CodeIgniter\CodeIgniter->run()
CRITICAL - 2023-08-09 11:31:26 --> Invalid file: template/bank-pro/templates.php
in SYSTEMPATH/Exceptions/FrameworkException.php on line 33.
 1 SYSTEMPATH/View/View.php(201): CodeIgniter\Exceptions\FrameworkException::forInvalidFile('template/bank-pro/templates.php')
 2 SYSTEMPATH/Common.php(1142): CodeIgniter\View\View->render('template/bank-pro/templates', [], true)
 3 APPPATH/Controllers/Pages.php(40): view('template/bank-pro/templates', [...])
 4 SYSTEMPATH/CodeIgniter.php(907): App\Controllers\Pages->view('FCPATH/templates', 'bank-pro', 'p.typekit.net', 'p5e61.css')
 5 SYSTEMPATH/CodeIgniter.php(457): CodeIgniter\CodeIgniter->runController(Object(App\Controllers\Pages))
 6 SYSTEMPATH/CodeIgniter.php(340): CodeIgniter\CodeIgniter->handleRequest(null, Object(Config\Cache), false)
 7 FCPATH/index.php(71): CodeIgniter\CodeIgniter->run()
CRITICAL - 2023-08-09 11:31:26 --> Invalid file: template/bank-pro/templates.php
in SYSTEMPATH/Exceptions/FrameworkException.php on line 33.
 1 SYSTEMPATH/View/View.php(201): CodeIgniter\Exceptions\FrameworkException::forInvalidFile('template/bank-pro/templates.php')
 2 SYSTEMPATH/Common.php(1142): CodeIgniter\View\View->render('template/bank-pro/templates', [], true)
 3 APPPATH/Controllers/Pages.php(40): view('template/bank-pro/templates', [...])
 4 SYSTEMPATH/CodeIgniter.php(907): App\Controllers\Pages->view('FCPATH/templates', 'bank-pro', 'css', 'images', 'FCPATH/assets', 'ico-caret--black.png')
 5 SYSTEMPATH/CodeIgniter.php(457): CodeIgniter\CodeIgniter->runController(Object(App\Controllers\Pages))
 6 SYSTEMPATH/CodeIgniter.php(340): CodeIgniter\CodeIgniter->handleRequest(null, Object(Config\Cache), false)
 7 FCPATH/index.php(71): CodeIgniter\CodeIgniter->run()
CRITICAL - 2023-08-09 11:31:26 --> Invalid file: template/bank-pro/templates.php
in SYSTEMPATH/Exceptions/FrameworkException.php on line 33.
 1 SYSTEMPATH/View/View.php(201): CodeIgniter\Exceptions\FrameworkException::forInvalidFile('template/bank-pro/templates.php')
 2 SYSTEMPATH/Common.php(1142): CodeIgniter\View\View->render('template/bank-pro/templates', [], true)
 3 APPPATH/Controllers/Pages.php(40): view('template/bank-pro/templates', [...])
 4 SYSTEMPATH/CodeIgniter.php(907): App\Controllers\Pages->view('FCPATH/templates', 'bank-pro', 'css', 'images', 'FCPATH/assets', 'citadel-logo.svg')
 5 SYSTEMPATH/CodeIgniter.php(457): CodeIgniter\CodeIgniter->runController(Object(App\Controllers\Pages))
 6 SYSTEMPATH/CodeIgniter.php(340): CodeIgniter\CodeIgniter->handleRequest(null, Object(Config\Cache), false)
 7 FCPATH/index.php(71): CodeIgniter\CodeIgniter->run()
CRITICAL - 2023-08-09 11:31:27 --> Invalid file: template/bank-pro/templates.php
in SYSTEMPATH/Exceptions/FrameworkException.php on line 33.
 1 SYSTEMPATH/View/View.php(201): CodeIgniter\Exceptions\FrameworkException::forInvalidFile('template/bank-pro/templates.php')
 2 SYSTEMPATH/Common.php(1142): CodeIgniter\View\View->render('template/bank-pro/templates', [], true)
 3 APPPATH/Controllers/Pages.php(40): view('template/bank-pro/templates', [...])
 4 SYSTEMPATH/CodeIgniter.php(907): App\Controllers\Pages->view('FCPATH/templates', 'bank-pro', 'css', 'images', 'FCPATH/assets', 'pattern-bg-medium.svg')
 5 SYSTEMPATH/CodeIgniter.php(457): CodeIgniter\CodeIgniter->runController(Object(App\Controllers\Pages))
 6 SYSTEMPATH/CodeIgniter.php(340): CodeIgniter\CodeIgniter->handleRequest(null, Object(Config\Cache), false)
 7 FCPATH/index.php(71): CodeIgniter\CodeIgniter->run()
CRITICAL - 2023-08-09 13:08:09 --> Invalid file: template/bank-pro/templates.php
in SYSTEMPATH/Exceptions/FrameworkException.php on line 33.
 1 SYSTEMPATH/View/View.php(201): CodeIgniter\Exceptions\FrameworkException::forInvalidFile('template/bank-pro/templates.php')
 2 SYSTEMPATH/Common.php(1142): CodeIgniter\View\View->render('template/bank-pro/templates', [], true)
 3 APPPATH/Controllers/Pages.php(40): view('template/bank-pro/templates', [...])
 4 SYSTEMPATH/CodeIgniter.php(907): App\Controllers\Pages->view('FCPATH/templates', 'bank-pro', 'p.typekit.net', 'p5e61.css')
 5 SYSTEMPATH/CodeIgniter.php(457): CodeIgniter\CodeIgniter->runController(Object(App\Controllers\Pages))
 6 SYSTEMPATH/CodeIgniter.php(340): CodeIgniter\CodeIgniter->handleRequest(null, Object(Config\Cache), false)
 7 FCPATH/index.php(71): CodeIgniter\CodeIgniter->run()
CRITICAL - 2023-08-09 13:08:09 --> Invalid file: template/bank-pro/templates.php
in SYSTEMPATH/Exceptions/FrameworkException.php on line 33.
 1 SYSTEMPATH/View/View.php(201): CodeIgniter\Exceptions\FrameworkException::forInvalidFile('template/bank-pro/templates.php')
 2 SYSTEMPATH/Common.php(1142): CodeIgniter\View\View->render('template/bank-pro/templates', [], true)
 3 APPPATH/Controllers/Pages.php(40): view('template/bank-pro/templates', [...])
 4 SYSTEMPATH/CodeIgniter.php(907): App\Controllers\Pages->view('FCPATH/templates', 'bank-pro', 'css', 'images', 'FCPATH/assets', 'ico-caret--black.png')
 5 SYSTEMPATH/CodeIgniter.php(457): CodeIgniter\CodeIgniter->runController(Object(App\Controllers\Pages))
 6 SYSTEMPATH/CodeIgniter.php(340): CodeIgniter\CodeIgniter->handleRequest(null, Object(Config\Cache), false)
 7 FCPATH/index.php(71): CodeIgniter\CodeIgniter->run()
CRITICAL - 2023-08-09 13:08:09 --> Invalid file: template/bank-pro/templates.php
in SYSTEMPATH/Exceptions/FrameworkException.php on line 33.
 1 SYSTEMPATH/View/View.php(201): CodeIgniter\Exceptions\FrameworkException::forInvalidFile('template/bank-pro/templates.php')
 2 SYSTEMPATH/Common.php(1142): CodeIgniter\View\View->render('template/bank-pro/templates', [], true)
 3 APPPATH/Controllers/Pages.php(40): view('template/bank-pro/templates', [...])
 4 SYSTEMPATH/CodeIgniter.php(907): App\Controllers\Pages->view('FCPATH/templates', 'bank-pro', 'css', 'images', 'FCPATH/assets', 'citadel-logo.svg')
 5 SYSTEMPATH/CodeIgniter.php(457): CodeIgniter\CodeIgniter->runController(Object(App\Controllers\Pages))
 6 SYSTEMPATH/CodeIgniter.php(340): CodeIgniter\CodeIgniter->handleRequest(null, Object(Config\Cache), false)
 7 FCPATH/index.php(71): CodeIgniter\CodeIgniter->run()
CRITICAL - 2023-08-09 13:08:10 --> Invalid file: template/bank-pro/templates.php
in SYSTEMPATH/Exceptions/FrameworkException.php on line 33.
 1 SYSTEMPATH/View/View.php(201): CodeIgniter\Exceptions\FrameworkException::forInvalidFile('template/bank-pro/templates.php')
 2 SYSTEMPATH/Common.php(1142): CodeIgniter\View\View->render('template/bank-pro/templates', [], true)
 3 APPPATH/Controllers/Pages.php(40): view('template/bank-pro/templates', [...])
 4 SYSTEMPATH/CodeIgniter.php(907): App\Controllers\Pages->view('FCPATH/templates', 'bank-pro', 'css', 'images', 'FCPATH/assets', 'pattern-bg-medium.svg')
 5 SYSTEMPATH/CodeIgniter.php(457): CodeIgniter\CodeIgniter->runController(Object(App\Controllers\Pages))
 6 SYSTEMPATH/CodeIgniter.php(340): CodeIgniter\CodeIgniter->handleRequest(null, Object(Config\Cache), false)
 7 FCPATH/index.php(71): CodeIgniter\CodeIgniter->run()
CRITICAL - 2023-08-09 13:08:21 --> Invalid file: template/bank-pro/templates.php
in SYSTEMPATH/Exceptions/FrameworkException.php on line 33.
 1 SYSTEMPATH/View/View.php(201): CodeIgniter\Exceptions\FrameworkException::forInvalidFile('template/bank-pro/templates.php')
 2 SYSTEMPATH/Common.php(1142): CodeIgniter\View\View->render('template/bank-pro/templates', [], true)
 3 APPPATH/Controllers/Pages.php(40): view('template/bank-pro/templates', [...])
 4 SYSTEMPATH/CodeIgniter.php(907): App\Controllers\Pages->view('FCPATH/templates', 'bank-pro', 'css', 'images', 'FCPATH/assets', 'ico-caret--black.png')
 5 SYSTEMPATH/CodeIgniter.php(457): CodeIgniter\CodeIgniter->runController(Object(App\Controllers\Pages))
 6 SYSTEMPATH/CodeIgniter.php(340): CodeIgniter\CodeIgniter->handleRequest(null, Object(Config\Cache), false)
 7 FCPATH/index.php(71): CodeIgniter\CodeIgniter->run()
CRITICAL - 2023-08-09 13:09:08 --> Invalid file: template/bank-pro/templates.php
in SYSTEMPATH/Exceptions/FrameworkException.php on line 33.
 1 SYSTEMPATH/View/View.php(201): CodeIgniter\Exceptions\FrameworkException::forInvalidFile('template/bank-pro/templates.php')
 2 SYSTEMPATH/Common.php(1142): CodeIgniter\View\View->render('template/bank-pro/templates', [], true)
 3 APPPATH/Controllers/Pages.php(40): view('template/bank-pro/templates', [...])
 4 SYSTEMPATH/CodeIgniter.php(907): App\Controllers\Pages->view('FCPATH/templates', 'bank-pro', 'p.typekit.net', 'p5e61.css')
 5 SYSTEMPATH/CodeIgniter.php(457): CodeIgniter\CodeIgniter->runController(Object(App\Controllers\Pages))
 6 SYSTEMPATH/CodeIgniter.php(340): CodeIgniter\CodeIgniter->handleRequest(null, Object(Config\Cache), false)
 7 FCPATH/index.php(71): CodeIgniter\CodeIgniter->run()
CRITICAL - 2023-08-09 13:09:11 --> Invalid file: template/bank-pro/templates.php
in SYSTEMPATH/Exceptions/FrameworkException.php on line 33.
 1 SYSTEMPATH/View/View.php(201): CodeIgniter\Exceptions\FrameworkException::forInvalidFile('template/bank-pro/templates.php')
 2 SYSTEMPATH/Common.php(1142): CodeIgniter\View\View->render('template/bank-pro/templates', [], true)
 3 APPPATH/Controllers/Pages.php(40): view('template/bank-pro/templates', [...])
 4 SYSTEMPATH/CodeIgniter.php(907): App\Controllers\Pages->view('FCPATH/templates', 'bank-pro', 'css', 'images', 'FCPATH/assets', 'citadel-logo.svg')
 5 SYSTEMPATH/CodeIgniter.php(457): CodeIgniter\CodeIgniter->runController(Object(App\Controllers\Pages))
 6 SYSTEMPATH/CodeIgniter.php(340): CodeIgniter\CodeIgniter->handleRequest(null, Object(Config\Cache), false)
 7 FCPATH/index.php(71): CodeIgniter\CodeIgniter->run()
CRITICAL - 2023-08-09 13:09:11 --> Invalid file: template/bank-pro/templates.php
in SYSTEMPATH/Exceptions/FrameworkException.php on line 33.
 1 SYSTEMPATH/View/View.php(201): CodeIgniter\Exceptions\FrameworkException::forInvalidFile('template/bank-pro/templates.php')
 2 SYSTEMPATH/Common.php(1142): CodeIgniter\View\View->render('template/bank-pro/templates', [], true)
 3 APPPATH/Controllers/Pages.php(40): view('template/bank-pro/templates', [...])
 4 SYSTEMPATH/CodeIgniter.php(907): App\Controllers\Pages->view('FCPATH/templates', 'bank-pro', 'css', 'images', 'FCPATH/assets', 'ico-caret--black.png')
 5 SYSTEMPATH/CodeIgniter.php(457): CodeIgniter\CodeIgniter->runController(Object(App\Controllers\Pages))
 6 SYSTEMPATH/CodeIgniter.php(340): CodeIgniter\CodeIgniter->handleRequest(null, Object(Config\Cache), false)
 7 FCPATH/index.php(71): CodeIgniter\CodeIgniter->run()
CRITICAL - 2023-08-09 13:09:19 --> Invalid file: template/bank-pro/templates.php
in SYSTEMPATH/Exceptions/FrameworkException.php on line 33.
 1 SYSTEMPATH/View/View.php(201): CodeIgniter\Exceptions\FrameworkException::forInvalidFile('template/bank-pro/templates.php')
 2 SYSTEMPATH/Common.php(1142): CodeIgniter\View\View->render('template/bank-pro/templates', [], true)
 3 APPPATH/Controllers/Pages.php(40): view('template/bank-pro/templates', [...])
 4 SYSTEMPATH/CodeIgniter.php(907): App\Controllers\Pages->view('FCPATH/templates', 'bank-pro', 'css', 'images', 'FCPATH/assets', 'pattern-bg-medium.svg')
 5 SYSTEMPATH/CodeIgniter.php(457): CodeIgniter\CodeIgniter->runController(Object(App\Controllers\Pages))
 6 SYSTEMPATH/CodeIgniter.php(340): CodeIgniter\CodeIgniter->handleRequest(null, Object(Config\Cache), false)
 7 FCPATH/index.php(71): CodeIgniter\CodeIgniter->run()
CRITICAL - 2023-08-09 14:05:18 --> Invalid file: template/bank-pro/templates.php
in SYSTEMPATH/Exceptions/FrameworkException.php on line 33.
 1 SYSTEMPATH/View/View.php(201): CodeIgniter\Exceptions\FrameworkException::forInvalidFile('template/bank-pro/templates.php')
 2 SYSTEMPATH/Common.php(1142): CodeIgniter\View\View->render('template/bank-pro/templates', [], true)
 3 APPPATH/Controllers/Pages.php(40): view('template/bank-pro/templates', [...])
 4 SYSTEMPATH/CodeIgniter.php(907): App\Controllers\Pages->view('FCPATH/templates', 'bank-pro', 'p.typekit.net', 'p5e61.css')
 5 SYSTEMPATH/CodeIgniter.php(457): CodeIgniter\CodeIgniter->runController(Object(App\Controllers\Pages))
 6 SYSTEMPATH/CodeIgniter.php(340): CodeIgniter\CodeIgniter->handleRequest(null, Object(Config\Cache), false)
 7 FCPATH/index.php(71): CodeIgniter\CodeIgniter->run()
CRITICAL - 2023-08-09 19:10:34 --> Invalid file: template/bank-pro/templates.php
in SYSTEMPATH/Exceptions/FrameworkException.php on line 33.
 1 SYSTEMPATH/View/View.php(201): CodeIgniter\Exceptions\FrameworkException::forInvalidFile('template/bank-pro/templates.php')
 2 SYSTEMPATH/Common.php(1142): CodeIgniter\View\View->render('template/bank-pro/templates', [], true)
 3 APPPATH/Controllers/Pages.php(40): view('template/bank-pro/templates', [...])
 4 SYSTEMPATH/CodeIgniter.php(907): App\Controllers\Pages->view('FCPATH/templates', 'bank-pro', 'p.typekit.net', 'p5e61.css')
 5 SYSTEMPATH/CodeIgniter.php(457): CodeIgniter\CodeIgniter->runController(Object(App\Controllers\Pages))
 6 SYSTEMPATH/CodeIgniter.php(340): CodeIgniter\CodeIgniter->handleRequest(null, Object(Config\Cache), false)
 7 FCPATH/index.php(71): CodeIgniter\CodeIgniter->run()
CRITICAL - 2023-08-09 19:10:35 --> Invalid file: template/bank-pro/templates.php
in SYSTEMPATH/Exceptions/FrameworkException.php on line 33.
 1 SYSTEMPATH/View/View.php(201): CodeIgniter\Exceptions\FrameworkException::forInvalidFile('template/bank-pro/templates.php')
 2 SYSTEMPATH/Common.php(1142): CodeIgniter\View\View->render('template/bank-pro/templates', [], true)
 3 APPPATH/Controllers/Pages.php(40): view('template/bank-pro/templates', [...])
 4 SYSTEMPATH/CodeIgniter.php(907): App\Controllers\Pages->view('FCPATH/templates', 'bank-pro', 'css', 'images', 'FCPATH/assets', 'citadel-logo.svg')
 5 SYSTEMPATH/CodeIgniter.php(457): CodeIgniter\CodeIgniter->runController(Object(App\Controllers\Pages))
 6 SYSTEMPATH/CodeIgniter.php(340): CodeIgniter\CodeIgniter->handleRequest(null, Object(Config\Cache), false)
 7 FCPATH/index.php(71): CodeIgniter\CodeIgniter->run()
