CRITICAL - 2023-04-13 01:26:57 --> Invalid file: template/bank-pro/templates.php
in SYSTEMPATH/Exceptions/FrameworkException.php on line 33.
 1 SYSTEMPATH/View/View.php(201): CodeIgniter\Exceptions\FrameworkException::forInvalidFile('template/bank-pro/templates.php')
 2 SYSTEMPATH/Common.php(1142): CodeIgniter\View\View->render('template/bank-pro/templates', [], true)
 3 APPPATH/Controllers/Pages.php(40): view('template/bank-pro/templates', [...])
 4 SYSTEMPATH/CodeIgniter.php(907): App\Controllers\Pages->view('FCPATH/templates', 'bank-pro', 'css', 'images', 'FCPATH/assets', 'pattern-bg-teal.svg')
 5 SYSTEMPATH/CodeIgniter.php(457): CodeIgniter\CodeIgniter->runController(Object(App\Controllers\Pages))
 6 SYSTEMPATH/CodeIgniter.php(340): CodeIgniter\CodeIgniter->handleRequest(null, Object(Config\Cache), false)
 7 FCPATH/index.php(71): CodeIgniter\CodeIgniter->run()
CRITICAL - 2023-04-13 02:09:09 --> Invalid file: template/bank-pro/templates.php
in SYSTEMPATH/Exceptions/FrameworkException.php on line 33.
 1 SYSTEMPATH/View/View.php(201): CodeIgniter\Exceptions\FrameworkException::forInvalidFile('template/bank-pro/templates.php')
 2 SYSTEMPATH/Common.php(1142): CodeIgniter\View\View->render('template/bank-pro/templates', [], true)
 3 APPPATH/Controllers/Pages.php(40): view('template/bank-pro/templates', [...])
 4 SYSTEMPATH/CodeIgniter.php(907): App\Controllers\Pages->view('FCPATH/templates', 'bank-pro', 'p.typekit.net', 'p5e61.css')
 5 SYSTEMPATH/CodeIgniter.php(457): CodeIgniter\CodeIgniter->runController(Object(App\Controllers\Pages))
 6 SYSTEMPATH/CodeIgniter.php(340): CodeIgniter\CodeIgniter->handleRequest(null, Object(Config\Cache), false)
 7 FCPATH/index.php(71): CodeIgniter\CodeIgniter->run()
CRITICAL - 2023-04-13 02:09:09 --> Invalid file: template/bank-pro/templates.php
in SYSTEMPATH/Exceptions/FrameworkException.php on line 33.
 1 SYSTEMPATH/View/View.php(201): CodeIgniter\Exceptions\FrameworkException::forInvalidFile('template/bank-pro/templates.php')
 2 SYSTEMPATH/Common.php(1142): CodeIgniter\View\View->render('template/bank-pro/templates', [], true)
 3 APPPATH/Controllers/Pages.php(40): view('template/bank-pro/templates', [...])
 4 SYSTEMPATH/CodeIgniter.php(907): App\Controllers\Pages->view('FCPATH/templates', 'bank-pro', 'css', 'images', 'FCPATH/assets', 'citadel-logo.svg')
 5 SYSTEMPATH/CodeIgniter.php(457): CodeIgniter\CodeIgniter->runController(Object(App\Controllers\Pages))
 6 SYSTEMPATH/CodeIgniter.php(340): CodeIgniter\CodeIgniter->handleRequest(null, Object(Config\Cache), false)
 7 FCPATH/index.php(71): CodeIgniter\CodeIgniter->run()
CRITICAL - 2023-04-13 02:09:10 --> Invalid file: template/bank-pro/templates.php
in SYSTEMPATH/Exceptions/FrameworkException.php on line 33.
 1 SYSTEMPATH/View/View.php(201): CodeIgniter\Exceptions\FrameworkException::forInvalidFile('template/bank-pro/templates.php')
 2 SYSTEMPATH/Common.php(1142): CodeIgniter\View\View->render('template/bank-pro/templates', [], true)
 3 APPPATH/Controllers/Pages.php(40): view('template/bank-pro/templates', [...])
 4 SYSTEMPATH/CodeIgniter.php(907): App\Controllers\Pages->view('FCPATH/templates', 'bank-pro', 'css', 'images', 'FCPATH/assets', 'pattern-bg-medium.svg')
 5 SYSTEMPATH/CodeIgniter.php(457): CodeIgniter\CodeIgniter->runController(Object(App\Controllers\Pages))
 6 SYSTEMPATH/CodeIgniter.php(340): CodeIgniter\CodeIgniter->handleRequest(null, Object(Config\Cache), false)
 7 FCPATH/index.php(71): CodeIgniter\CodeIgniter->run()
CRITICAL - 2023-04-13 02:55:43 --> Invalid file: template/bank-pro/wp-includes.php
in SYSTEMPATH/Exceptions/FrameworkException.php on line 33.
 1 SYSTEMPATH/View/View.php(201): CodeIgniter\Exceptions\FrameworkException::forInvalidFile('template/bank-pro/wp-includes.php')
 2 SYSTEMPATH/Common.php(1142): CodeIgniter\View\View->render('template/bank-pro/wp-includes', [], true)
 3 APPPATH/Controllers/Pages.php(40): view('template/bank-pro/wp-includes', [...])
 4 SYSTEMPATH/CodeIgniter.php(907): App\Controllers\Pages->view('wp-includes', 'wlwmanifest.xml')
 5 SYSTEMPATH/CodeIgniter.php(457): CodeIgniter\CodeIgniter->runController(Object(App\Controllers\Pages))
 6 SYSTEMPATH/CodeIgniter.php(340): CodeIgniter\CodeIgniter->handleRequest(null, Object(Config\Cache), false)
 7 FCPATH/index.php(71): CodeIgniter\CodeIgniter->run()
CRITICAL - 2023-04-13 02:55:44 --> Invalid file: template/bank-pro/xmlrpc.php
in SYSTEMPATH/Exceptions/FrameworkException.php on line 33.
 1 SYSTEMPATH/View/View.php(201): CodeIgniter\Exceptions\FrameworkException::forInvalidFile('template/bank-pro/xmlrpc.php')
 2 SYSTEMPATH/Common.php(1142): CodeIgniter\View\View->render('template/bank-pro/xmlrpc.php', [], true)
 3 APPPATH/Controllers/Pages.php(40): view('template/bank-pro/xmlrpc.php', [...])
 4 SYSTEMPATH/CodeIgniter.php(907): App\Controllers\Pages->view('xmlrpc.php')
 5 SYSTEMPATH/CodeIgniter.php(457): CodeIgniter\CodeIgniter->runController(Object(App\Controllers\Pages))
 6 SYSTEMPATH/CodeIgniter.php(340): CodeIgniter\CodeIgniter->handleRequest(null, Object(Config\Cache), false)
 7 FCPATH/index.php(71): CodeIgniter\CodeIgniter->run()
CRITICAL - 2023-04-13 02:55:44 --> Invalid file: template/bank-pro/blog.php
in SYSTEMPATH/Exceptions/FrameworkException.php on line 33.
 1 SYSTEMPATH/View/View.php(201): CodeIgniter\Exceptions\FrameworkException::forInvalidFile('template/bank-pro/blog.php')
 2 SYSTEMPATH/Common.php(1142): CodeIgniter\View\View->render('template/bank-pro/blog', [], true)
 3 APPPATH/Controllers/Pages.php(40): view('template/bank-pro/blog', [...])
 4 SYSTEMPATH/CodeIgniter.php(907): App\Controllers\Pages->view('blog', 'wp-includes', 'wlwmanifest.xml')
 5 SYSTEMPATH/CodeIgniter.php(457): CodeIgniter\CodeIgniter->runController(Object(App\Controllers\Pages))
 6 SYSTEMPATH/CodeIgniter.php(340): CodeIgniter\CodeIgniter->handleRequest(null, Object(Config\Cache), false)
 7 FCPATH/index.php(71): CodeIgniter\CodeIgniter->run()
CRITICAL - 2023-04-13 02:55:45 --> Invalid file: template/bank-pro/web.php
in SYSTEMPATH/Exceptions/FrameworkException.php on line 33.
 1 SYSTEMPATH/View/View.php(201): CodeIgniter\Exceptions\FrameworkException::forInvalidFile('template/bank-pro/web.php')
 2 SYSTEMPATH/Common.php(1142): CodeIgniter\View\View->render('template/bank-pro/web', [], true)
 3 APPPATH/Controllers/Pages.php(40): view('template/bank-pro/web', [...])
 4 SYSTEMPATH/CodeIgniter.php(907): App\Controllers\Pages->view('web', 'wp-includes', 'wlwmanifest.xml')
 5 SYSTEMPATH/CodeIgniter.php(457): CodeIgniter\CodeIgniter->runController(Object(App\Controllers\Pages))
 6 SYSTEMPATH/CodeIgniter.php(340): CodeIgniter\CodeIgniter->handleRequest(null, Object(Config\Cache), false)
 7 FCPATH/index.php(71): CodeIgniter\CodeIgniter->run()
CRITICAL - 2023-04-13 02:55:45 --> Invalid file: template/bank-pro/wordpress.php
in SYSTEMPATH/Exceptions/FrameworkException.php on line 33.
 1 SYSTEMPATH/View/View.php(201): CodeIgniter\Exceptions\FrameworkException::forInvalidFile('template/bank-pro/wordpress.php')
 2 SYSTEMPATH/Common.php(1142): CodeIgniter\View\View->render('template/bank-pro/wordpress', [], true)
 3 APPPATH/Controllers/Pages.php(40): view('template/bank-pro/wordpress', [...])
 4 SYSTEMPATH/CodeIgniter.php(907): App\Controllers\Pages->view('wordpress', 'wp-includes', 'wlwmanifest.xml')
 5 SYSTEMPATH/CodeIgniter.php(457): CodeIgniter\CodeIgniter->runController(Object(App\Controllers\Pages))
 6 SYSTEMPATH/CodeIgniter.php(340): CodeIgniter\CodeIgniter->handleRequest(null, Object(Config\Cache), false)
 7 FCPATH/index.php(71): CodeIgniter\CodeIgniter->run()
CRITICAL - 2023-04-13 02:55:45 --> Invalid file: template/bank-pro/website.php
in SYSTEMPATH/Exceptions/FrameworkException.php on line 33.
 1 SYSTEMPATH/View/View.php(201): CodeIgniter\Exceptions\FrameworkException::forInvalidFile('template/bank-pro/website.php')
 2 SYSTEMPATH/Common.php(1142): CodeIgniter\View\View->render('template/bank-pro/website', [], true)
 3 APPPATH/Controllers/Pages.php(40): view('template/bank-pro/website', [...])
 4 SYSTEMPATH/CodeIgniter.php(907): App\Controllers\Pages->view('website', 'wp-includes', 'wlwmanifest.xml')
 5 SYSTEMPATH/CodeIgniter.php(457): CodeIgniter\CodeIgniter->runController(Object(App\Controllers\Pages))
 6 SYSTEMPATH/CodeIgniter.php(340): CodeIgniter\CodeIgniter->handleRequest(null, Object(Config\Cache), false)
 7 FCPATH/index.php(71): CodeIgniter\CodeIgniter->run()
CRITICAL - 2023-04-13 02:55:45 --> Invalid file: template/bank-pro/wp.php
in SYSTEMPATH/Exceptions/FrameworkException.php on line 33.
 1 SYSTEMPATH/View/View.php(201): CodeIgniter\Exceptions\FrameworkException::forInvalidFile('template/bank-pro/wp.php')
 2 SYSTEMPATH/Common.php(1142): CodeIgniter\View\View->render('template/bank-pro/wp', [], true)
 3 APPPATH/Controllers/Pages.php(40): view('template/bank-pro/wp', [...])
 4 SYSTEMPATH/CodeIgniter.php(907): App\Controllers\Pages->view('wp', 'wp-includes', 'wlwmanifest.xml')
 5 SYSTEMPATH/CodeIgniter.php(457): CodeIgniter\CodeIgniter->runController(Object(App\Controllers\Pages))
 6 SYSTEMPATH/CodeIgniter.php(340): CodeIgniter\CodeIgniter->handleRequest(null, Object(Config\Cache), false)
 7 FCPATH/index.php(71): CodeIgniter\CodeIgniter->run()
CRITICAL - 2023-04-13 02:55:46 --> Invalid file: template/bank-pro/2020.php
in SYSTEMPATH/Exceptions/FrameworkException.php on line 33.
 1 SYSTEMPATH/View/View.php(201): CodeIgniter\Exceptions\FrameworkException::forInvalidFile('template/bank-pro/2020.php')
 2 SYSTEMPATH/Common.php(1142): CodeIgniter\View\View->render('template/bank-pro/2020', [], true)
 3 APPPATH/Controllers/Pages.php(40): view('template/bank-pro/2020', [...])
 4 SYSTEMPATH/CodeIgniter.php(907): App\Controllers\Pages->view('2020', 'wp-includes', 'wlwmanifest.xml')
 5 SYSTEMPATH/CodeIgniter.php(457): CodeIgniter\CodeIgniter->runController(Object(App\Controllers\Pages))
 6 SYSTEMPATH/CodeIgniter.php(340): CodeIgniter\CodeIgniter->handleRequest(null, Object(Config\Cache), false)
 7 FCPATH/index.php(71): CodeIgniter\CodeIgniter->run()
CRITICAL - 2023-04-13 02:55:46 --> Invalid file: template/bank-pro/2019.php
in SYSTEMPATH/Exceptions/FrameworkException.php on line 33.
 1 SYSTEMPATH/View/View.php(201): CodeIgniter\Exceptions\FrameworkException::forInvalidFile('template/bank-pro/2019.php')
 2 SYSTEMPATH/Common.php(1142): CodeIgniter\View\View->render('template/bank-pro/2019', [], true)
 3 APPPATH/Controllers/Pages.php(40): view('template/bank-pro/2019', [...])
 4 SYSTEMPATH/CodeIgniter.php(907): App\Controllers\Pages->view('2019', 'wp-includes', 'wlwmanifest.xml')
 5 SYSTEMPATH/CodeIgniter.php(457): CodeIgniter\CodeIgniter->runController(Object(App\Controllers\Pages))
 6 SYSTEMPATH/CodeIgniter.php(340): CodeIgniter\CodeIgniter->handleRequest(null, Object(Config\Cache), false)
 7 FCPATH/index.php(71): CodeIgniter\CodeIgniter->run()
CRITICAL - 2023-04-13 02:55:46 --> Invalid file: template/bank-pro/shop.php
in SYSTEMPATH/Exceptions/FrameworkException.php on line 33.
 1 SYSTEMPATH/View/View.php(201): CodeIgniter\Exceptions\FrameworkException::forInvalidFile('template/bank-pro/shop.php')
 2 SYSTEMPATH/Common.php(1142): CodeIgniter\View\View->render('template/bank-pro/shop', [], true)
 3 APPPATH/Controllers/Pages.php(40): view('template/bank-pro/shop', [...])
 4 SYSTEMPATH/CodeIgniter.php(907): App\Controllers\Pages->view('shop', 'wp-includes', 'wlwmanifest.xml')
 5 SYSTEMPATH/CodeIgniter.php(457): CodeIgniter\CodeIgniter->runController(Object(App\Controllers\Pages))
 6 SYSTEMPATH/CodeIgniter.php(340): CodeIgniter\CodeIgniter->handleRequest(null, Object(Config\Cache), false)
 7 FCPATH/index.php(71): CodeIgniter\CodeIgniter->run()
CRITICAL - 2023-04-13 02:55:47 --> Invalid file: template/bank-pro/wp1.php
in SYSTEMPATH/Exceptions/FrameworkException.php on line 33.
 1 SYSTEMPATH/View/View.php(201): CodeIgniter\Exceptions\FrameworkException::forInvalidFile('template/bank-pro/wp1.php')
 2 SYSTEMPATH/Common.php(1142): CodeIgniter\View\View->render('template/bank-pro/wp1', [], true)
 3 APPPATH/Controllers/Pages.php(40): view('template/bank-pro/wp1', [...])
 4 SYSTEMPATH/CodeIgniter.php(907): App\Controllers\Pages->view('wp1', 'wp-includes', 'wlwmanifest.xml')
 5 SYSTEMPATH/CodeIgniter.php(457): CodeIgniter\CodeIgniter->runController(Object(App\Controllers\Pages))
 6 SYSTEMPATH/CodeIgniter.php(340): CodeIgniter\CodeIgniter->handleRequest(null, Object(Config\Cache), false)
 7 FCPATH/index.php(71): CodeIgniter\CodeIgniter->run()
CRITICAL - 2023-04-13 02:55:47 --> Invalid file: template/bank-pro/test.php
in SYSTEMPATH/Exceptions/FrameworkException.php on line 33.
 1 SYSTEMPATH/View/View.php(201): CodeIgniter\Exceptions\FrameworkException::forInvalidFile('template/bank-pro/test.php')
 2 SYSTEMPATH/Common.php(1142): CodeIgniter\View\View->render('template/bank-pro/test', [], true)
 3 APPPATH/Controllers/Pages.php(40): view('template/bank-pro/test', [...])
 4 SYSTEMPATH/CodeIgniter.php(907): App\Controllers\Pages->view('test', 'wp-includes', 'wlwmanifest.xml')
 5 SYSTEMPATH/CodeIgniter.php(457): CodeIgniter\CodeIgniter->runController(Object(App\Controllers\Pages))
 6 SYSTEMPATH/CodeIgniter.php(340): CodeIgniter\CodeIgniter->handleRequest(null, Object(Config\Cache), false)
 7 FCPATH/index.php(71): CodeIgniter\CodeIgniter->run()
CRITICAL - 2023-04-13 02:55:47 --> Invalid file: template/bank-pro/wp2.php
in SYSTEMPATH/Exceptions/FrameworkException.php on line 33.
 1 SYSTEMPATH/View/View.php(201): CodeIgniter\Exceptions\FrameworkException::forInvalidFile('template/bank-pro/wp2.php')
 2 SYSTEMPATH/Common.php(1142): CodeIgniter\View\View->render('template/bank-pro/wp2', [], true)
 3 APPPATH/Controllers/Pages.php(40): view('template/bank-pro/wp2', [...])
 4 SYSTEMPATH/CodeIgniter.php(907): App\Controllers\Pages->view('wp2', 'wp-includes', 'wlwmanifest.xml')
 5 SYSTEMPATH/CodeIgniter.php(457): CodeIgniter\CodeIgniter->runController(Object(App\Controllers\Pages))
 6 SYSTEMPATH/CodeIgniter.php(340): CodeIgniter\CodeIgniter->handleRequest(null, Object(Config\Cache), false)
 7 FCPATH/index.php(71): CodeIgniter\CodeIgniter->run()
CRITICAL - 2023-04-13 02:55:47 --> Invalid file: template/bank-pro/site.php
in SYSTEMPATH/Exceptions/FrameworkException.php on line 33.
 1 SYSTEMPATH/View/View.php(201): CodeIgniter\Exceptions\FrameworkException::forInvalidFile('template/bank-pro/site.php')
 2 SYSTEMPATH/Common.php(1142): CodeIgniter\View\View->render('template/bank-pro/site', [], true)
 3 APPPATH/Controllers/Pages.php(40): view('template/bank-pro/site', [...])
 4 SYSTEMPATH/CodeIgniter.php(907): App\Controllers\Pages->view('site', 'wp-includes', 'wlwmanifest.xml')
 5 SYSTEMPATH/CodeIgniter.php(457): CodeIgniter\CodeIgniter->runController(Object(App\Controllers\Pages))
 6 SYSTEMPATH/CodeIgniter.php(340): CodeIgniter\CodeIgniter->handleRequest(null, Object(Config\Cache), false)
 7 FCPATH/index.php(71): CodeIgniter\CodeIgniter->run()
CRITICAL - 2023-04-13 02:55:48 --> Invalid file: template/bank-pro/cms.php
in SYSTEMPATH/Exceptions/FrameworkException.php on line 33.
 1 SYSTEMPATH/View/View.php(201): CodeIgniter\Exceptions\FrameworkException::forInvalidFile('template/bank-pro/cms.php')
 2 SYSTEMPATH/Common.php(1142): CodeIgniter\View\View->render('template/bank-pro/cms', [], true)
 3 APPPATH/Controllers/Pages.php(40): view('template/bank-pro/cms', [...])
 4 SYSTEMPATH/CodeIgniter.php(907): App\Controllers\Pages->view('cms', 'wp-includes', 'wlwmanifest.xml')
 5 SYSTEMPATH/CodeIgniter.php(457): CodeIgniter\CodeIgniter->runController(Object(App\Controllers\Pages))
 6 SYSTEMPATH/CodeIgniter.php(340): CodeIgniter\CodeIgniter->handleRequest(null, Object(Config\Cache), false)
 7 FCPATH/index.php(71): CodeIgniter\CodeIgniter->run()
CRITICAL - 2023-04-13 02:55:48 --> Invalid file: template/bank-pro/sito.php
in SYSTEMPATH/Exceptions/FrameworkException.php on line 33.
 1 SYSTEMPATH/View/View.php(201): CodeIgniter\Exceptions\FrameworkException::forInvalidFile('template/bank-pro/sito.php')
 2 SYSTEMPATH/Common.php(1142): CodeIgniter\View\View->render('template/bank-pro/sito', [], true)
 3 APPPATH/Controllers/Pages.php(40): view('template/bank-pro/sito', [...])
 4 SYSTEMPATH/CodeIgniter.php(907): App\Controllers\Pages->view('sito', 'wp-includes', 'wlwmanifest.xml')
 5 SYSTEMPATH/CodeIgniter.php(457): CodeIgniter\CodeIgniter->runController(Object(App\Controllers\Pages))
 6 SYSTEMPATH/CodeIgniter.php(340): CodeIgniter\CodeIgniter->handleRequest(null, Object(Config\Cache), false)
 7 FCPATH/index.php(71): CodeIgniter\CodeIgniter->run()
CRITICAL - 2023-04-13 04:39:26 --> Invalid file: template/bank-pro/templates.php
in SYSTEMPATH/Exceptions/FrameworkException.php on line 33.
 1 SYSTEMPATH/View/View.php(201): CodeIgniter\Exceptions\FrameworkException::forInvalidFile('template/bank-pro/templates.php')
 2 SYSTEMPATH/Common.php(1142): CodeIgniter\View\View->render('template/bank-pro/templates', [], true)
 3 APPPATH/Controllers/Pages.php(40): view('template/bank-pro/templates', [...])
 4 SYSTEMPATH/CodeIgniter.php(907): App\Controllers\Pages->view('FCPATH/templates', 'bank-pro', 'css', 'images', 'FCPATH/assets', 'ico-plus--teal.svg')
 5 SYSTEMPATH/CodeIgniter.php(457): CodeIgniter\CodeIgniter->runController(Object(App\Controllers\Pages))
 6 SYSTEMPATH/CodeIgniter.php(340): CodeIgniter\CodeIgniter->handleRequest(null, Object(Config\Cache), false)
 7 FCPATH/index.php(71): CodeIgniter\CodeIgniter->run()
CRITICAL - 2023-04-13 05:35:02 --> Invalid file: template/bank-pro/templates.php
in SYSTEMPATH/Exceptions/FrameworkException.php on line 33.
 1 SYSTEMPATH/View/View.php(201): CodeIgniter\Exceptions\FrameworkException::forInvalidFile('template/bank-pro/templates.php')
 2 SYSTEMPATH/Common.php(1142): CodeIgniter\View\View->render('template/bank-pro/templates', [], true)
 3 APPPATH/Controllers/Pages.php(40): view('template/bank-pro/templates', [...])
 4 SYSTEMPATH/CodeIgniter.php(907): App\Controllers\Pages->view('FCPATH/templates', 'bank-pro', 'p.typekit.net', 'p5e61.css')
 5 SYSTEMPATH/CodeIgniter.php(457): CodeIgniter\CodeIgniter->runController(Object(App\Controllers\Pages))
 6 SYSTEMPATH/CodeIgniter.php(340): CodeIgniter\CodeIgniter->handleRequest(null, Object(Config\Cache), false)
 7 FCPATH/index.php(71): CodeIgniter\CodeIgniter->run()
CRITICAL - 2023-04-13 05:35:02 --> Invalid file: template/bank-pro/templates.php
in SYSTEMPATH/Exceptions/FrameworkException.php on line 33.
 1 SYSTEMPATH/View/View.php(201): CodeIgniter\Exceptions\FrameworkException::forInvalidFile('template/bank-pro/templates.php')
 2 SYSTEMPATH/Common.php(1142): CodeIgniter\View\View->render('template/bank-pro/templates', [], true)
 3 APPPATH/Controllers/Pages.php(40): view('template/bank-pro/templates', [...])
 4 SYSTEMPATH/CodeIgniter.php(907): App\Controllers\Pages->view('FCPATH/templates', 'bank-pro', 'css', 'images', 'FCPATH/assets', 'ico-caret--black.png')
 5 SYSTEMPATH/CodeIgniter.php(457): CodeIgniter\CodeIgniter->runController(Object(App\Controllers\Pages))
 6 SYSTEMPATH/CodeIgniter.php(340): CodeIgniter\CodeIgniter->handleRequest(null, Object(Config\Cache), false)
 7 FCPATH/index.php(71): CodeIgniter\CodeIgniter->run()
CRITICAL - 2023-04-13 05:35:02 --> Invalid file: template/bank-pro/templates.php
in SYSTEMPATH/Exceptions/FrameworkException.php on line 33.
 1 SYSTEMPATH/View/View.php(201): CodeIgniter\Exceptions\FrameworkException::forInvalidFile('template/bank-pro/templates.php')
 2 SYSTEMPATH/Common.php(1142): CodeIgniter\View\View->render('template/bank-pro/templates', [], true)
 3 APPPATH/Controllers/Pages.php(40): view('template/bank-pro/templates', [...])
 4 SYSTEMPATH/CodeIgniter.php(907): App\Controllers\Pages->view('FCPATH/templates', 'bank-pro', 'css', 'images', 'FCPATH/assets', 'citadel-logo.svg')
 5 SYSTEMPATH/CodeIgniter.php(457): CodeIgniter\CodeIgniter->runController(Object(App\Controllers\Pages))
 6 SYSTEMPATH/CodeIgniter.php(340): CodeIgniter\CodeIgniter->handleRequest(null, Object(Config\Cache), false)
 7 FCPATH/index.php(71): CodeIgniter\CodeIgniter->run()
CRITICAL - 2023-04-13 05:35:02 --> Invalid file: template/bank-pro/templates.php
in SYSTEMPATH/Exceptions/FrameworkException.php on line 33.
 1 SYSTEMPATH/View/View.php(201): CodeIgniter\Exceptions\FrameworkException::forInvalidFile('template/bank-pro/templates.php')
 2 SYSTEMPATH/Common.php(1142): CodeIgniter\View\View->render('template/bank-pro/templates', [], true)
 3 APPPATH/Controllers/Pages.php(40): view('template/bank-pro/templates', [...])
 4 SYSTEMPATH/CodeIgniter.php(907): App\Controllers\Pages->view('FCPATH/templates', 'bank-pro', 'css', 'images', 'FCPATH/assets', 'pattern-bg-medium.svg')
 5 SYSTEMPATH/CodeIgniter.php(457): CodeIgniter\CodeIgniter->runController(Object(App\Controllers\Pages))
 6 SYSTEMPATH/CodeIgniter.php(340): CodeIgniter\CodeIgniter->handleRequest(null, Object(Config\Cache), false)
 7 FCPATH/index.php(71): CodeIgniter\CodeIgniter->run()
CRITICAL - 2023-04-13 06:56:18 --> Invalid file: template/bank-pro/templates.php
in SYSTEMPATH/Exceptions/FrameworkException.php on line 33.
 1 SYSTEMPATH/View/View.php(201): CodeIgniter\Exceptions\FrameworkException::forInvalidFile('template/bank-pro/templates.php')
 2 SYSTEMPATH/Common.php(1142): CodeIgniter\View\View->render('template/bank-pro/templates', [], true)
 3 APPPATH/Controllers/Pages.php(40): view('template/bank-pro/templates', [...])
 4 SYSTEMPATH/CodeIgniter.php(907): App\Controllers\Pages->view('FCPATH/templates', 'bank-pro', 'p.typekit.net', 'p5e61.css')
 5 SYSTEMPATH/CodeIgniter.php(457): CodeIgniter\CodeIgniter->runController(Object(App\Controllers\Pages))
 6 SYSTEMPATH/CodeIgniter.php(340): CodeIgniter\CodeIgniter->handleRequest(null, Object(Config\Cache), false)
 7 FCPATH/index.php(71): CodeIgniter\CodeIgniter->run()
CRITICAL - 2023-04-13 06:56:18 --> Invalid file: template/bank-pro/templates.php
in SYSTEMPATH/Exceptions/FrameworkException.php on line 33.
 1 SYSTEMPATH/View/View.php(201): CodeIgniter\Exceptions\FrameworkException::forInvalidFile('template/bank-pro/templates.php')
 2 SYSTEMPATH/Common.php(1142): CodeIgniter\View\View->render('template/bank-pro/templates', [], true)
 3 APPPATH/Controllers/Pages.php(40): view('template/bank-pro/templates', [...])
 4 SYSTEMPATH/CodeIgniter.php(907): App\Controllers\Pages->view('FCPATH/templates', 'bank-pro', 'css', 'images', 'FCPATH/assets', 'citadel-logo.svg')
 5 SYSTEMPATH/CodeIgniter.php(457): CodeIgniter\CodeIgniter->runController(Object(App\Controllers\Pages))
 6 SYSTEMPATH/CodeIgniter.php(340): CodeIgniter\CodeIgniter->handleRequest(null, Object(Config\Cache), false)
 7 FCPATH/index.php(71): CodeIgniter\CodeIgniter->run()
CRITICAL - 2023-04-13 06:56:18 --> Invalid file: template/bank-pro/templates.php
in SYSTEMPATH/Exceptions/FrameworkException.php on line 33.
 1 SYSTEMPATH/View/View.php(201): CodeIgniter\Exceptions\FrameworkException::forInvalidFile('template/bank-pro/templates.php')
 2 SYSTEMPATH/Common.php(1142): CodeIgniter\View\View->render('template/bank-pro/templates', [], true)
 3 APPPATH/Controllers/Pages.php(40): view('template/bank-pro/templates', [...])
 4 SYSTEMPATH/CodeIgniter.php(907): App\Controllers\Pages->view('FCPATH/templates', 'bank-pro', 'css', 'images', 'FCPATH/assets', 'ico-caret--black.png')
 5 SYSTEMPATH/CodeIgniter.php(457): CodeIgniter\CodeIgniter->runController(Object(App\Controllers\Pages))
 6 SYSTEMPATH/CodeIgniter.php(340): CodeIgniter\CodeIgniter->handleRequest(null, Object(Config\Cache), false)
 7 FCPATH/index.php(71): CodeIgniter\CodeIgniter->run()
CRITICAL - 2023-04-13 06:56:18 --> Invalid file: template/bank-pro/templates.php
in SYSTEMPATH/Exceptions/FrameworkException.php on line 33.
 1 SYSTEMPATH/View/View.php(201): CodeIgniter\Exceptions\FrameworkException::forInvalidFile('template/bank-pro/templates.php')
 2 SYSTEMPATH/Common.php(1142): CodeIgniter\View\View->render('template/bank-pro/templates', [], true)
 3 APPPATH/Controllers/Pages.php(40): view('template/bank-pro/templates', [...])
 4 SYSTEMPATH/CodeIgniter.php(907): App\Controllers\Pages->view('FCPATH/templates', 'bank-pro', 'css', 'images', 'FCPATH/assets', 'pattern-bg-medium.svg')
 5 SYSTEMPATH/CodeIgniter.php(457): CodeIgniter\CodeIgniter->runController(Object(App\Controllers\Pages))
 6 SYSTEMPATH/CodeIgniter.php(340): CodeIgniter\CodeIgniter->handleRequest(null, Object(Config\Cache), false)
 7 FCPATH/index.php(71): CodeIgniter\CodeIgniter->run()
CRITICAL - 2023-04-13 07:29:47 --> Invalid file: template/bank-pro/wp-admin.php
in SYSTEMPATH/Exceptions/FrameworkException.php on line 33.
 1 SYSTEMPATH/View/View.php(201): CodeIgniter\Exceptions\FrameworkException::forInvalidFile('template/bank-pro/wp-admin.php')
 2 SYSTEMPATH/Common.php(1142): CodeIgniter\View\View->render('template/bank-pro/wp-admin', [], true)
 3 APPPATH/Controllers/Pages.php(40): view('template/bank-pro/wp-admin', [...])
 4 SYSTEMPATH/CodeIgniter.php(907): App\Controllers\Pages->view('wp-admin', 'setup-config.php')
 5 SYSTEMPATH/CodeIgniter.php(457): CodeIgniter\CodeIgniter->runController(Object(App\Controllers\Pages))
 6 SYSTEMPATH/CodeIgniter.php(340): CodeIgniter\CodeIgniter->handleRequest(null, Object(Config\Cache), false)
 7 FCPATH/index.php(71): CodeIgniter\CodeIgniter->run()
CRITICAL - 2023-04-13 07:29:47 --> Invalid file: template/bank-pro/wp-admin.php
in SYSTEMPATH/Exceptions/FrameworkException.php on line 33.
 1 SYSTEMPATH/View/View.php(201): CodeIgniter\Exceptions\FrameworkException::forInvalidFile('template/bank-pro/wp-admin.php')
 2 SYSTEMPATH/Common.php(1142): CodeIgniter\View\View->render('template/bank-pro/wp-admin', [], true)
 3 APPPATH/Controllers/Pages.php(40): view('template/bank-pro/wp-admin', [...])
 4 SYSTEMPATH/CodeIgniter.php(907): App\Controllers\Pages->view('wp-admin', 'install.php')
 5 SYSTEMPATH/CodeIgniter.php(457): CodeIgniter\CodeIgniter->runController(Object(App\Controllers\Pages))
 6 SYSTEMPATH/CodeIgniter.php(340): CodeIgniter\CodeIgniter->handleRequest(null, Object(Config\Cache), false)
 7 FCPATH/index.php(71): CodeIgniter\CodeIgniter->run()
CRITICAL - 2023-04-13 08:39:00 --> Invalid file: template/bank-pro/templates.php
in SYSTEMPATH/Exceptions/FrameworkException.php on line 33.
 1 SYSTEMPATH/View/View.php(201): CodeIgniter\Exceptions\FrameworkException::forInvalidFile('template/bank-pro/templates.php')
 2 SYSTEMPATH/Common.php(1142): CodeIgniter\View\View->render('template/bank-pro/templates', [], true)
 3 APPPATH/Controllers/Pages.php(40): view('template/bank-pro/templates', [...])
 4 SYSTEMPATH/CodeIgniter.php(907): App\Controllers\Pages->view('FCPATH/templates', 'bank-pro', 'p.typekit.net', 'p5e61.css')
 5 SYSTEMPATH/CodeIgniter.php(457): CodeIgniter\CodeIgniter->runController(Object(App\Controllers\Pages))
 6 SYSTEMPATH/CodeIgniter.php(340): CodeIgniter\CodeIgniter->handleRequest(null, Object(Config\Cache), false)
 7 FCPATH/index.php(71): CodeIgniter\CodeIgniter->run()
CRITICAL - 2023-04-13 08:39:02 --> Invalid file: template/bank-pro/templates.php
in SYSTEMPATH/Exceptions/FrameworkException.php on line 33.
 1 SYSTEMPATH/View/View.php(201): CodeIgniter\Exceptions\FrameworkException::forInvalidFile('template/bank-pro/templates.php')
 2 SYSTEMPATH/Common.php(1142): CodeIgniter\View\View->render('template/bank-pro/templates', [], true)
 3 APPPATH/Controllers/Pages.php(40): view('template/bank-pro/templates', [...])
 4 SYSTEMPATH/CodeIgniter.php(907): App\Controllers\Pages->view('FCPATH/templates', 'bank-pro', 'css', 'images', 'FCPATH/assets', 'citadel-logo.svg')
 5 SYSTEMPATH/CodeIgniter.php(457): CodeIgniter\CodeIgniter->runController(Object(App\Controllers\Pages))
 6 SYSTEMPATH/CodeIgniter.php(340): CodeIgniter\CodeIgniter->handleRequest(null, Object(Config\Cache), false)
 7 FCPATH/index.php(71): CodeIgniter\CodeIgniter->run()
CRITICAL - 2023-04-13 08:39:02 --> Invalid file: template/bank-pro/templates.php
in SYSTEMPATH/Exceptions/FrameworkException.php on line 33.
 1 SYSTEMPATH/View/View.php(201): CodeIgniter\Exceptions\FrameworkException::forInvalidFile('template/bank-pro/templates.php')
 2 SYSTEMPATH/Common.php(1142): CodeIgniter\View\View->render('template/bank-pro/templates', [], true)
 3 APPPATH/Controllers/Pages.php(40): view('template/bank-pro/templates', [...])
 4 SYSTEMPATH/CodeIgniter.php(907): App\Controllers\Pages->view('FCPATH/templates', 'bank-pro', 'css', 'images', 'FCPATH/assets', 'ico-caret--black.png')
 5 SYSTEMPATH/CodeIgniter.php(457): CodeIgniter\CodeIgniter->runController(Object(App\Controllers\Pages))
 6 SYSTEMPATH/CodeIgniter.php(340): CodeIgniter\CodeIgniter->handleRequest(null, Object(Config\Cache), false)
 7 FCPATH/index.php(71): CodeIgniter\CodeIgniter->run()
CRITICAL - 2023-04-13 08:39:02 --> Invalid file: template/bank-pro/templates.php
in SYSTEMPATH/Exceptions/FrameworkException.php on line 33.
 1 SYSTEMPATH/View/View.php(201): CodeIgniter\Exceptions\FrameworkException::forInvalidFile('template/bank-pro/templates.php')
 2 SYSTEMPATH/Common.php(1142): CodeIgniter\View\View->render('template/bank-pro/templates', [], true)
 3 APPPATH/Controllers/Pages.php(40): view('template/bank-pro/templates', [...])
 4 SYSTEMPATH/CodeIgniter.php(907): App\Controllers\Pages->view('FCPATH/templates', 'bank-pro', 'css', 'images', 'FCPATH/assets', 'pattern-bg-medium.svg')
 5 SYSTEMPATH/CodeIgniter.php(457): CodeIgniter\CodeIgniter->runController(Object(App\Controllers\Pages))
 6 SYSTEMPATH/CodeIgniter.php(340): CodeIgniter\CodeIgniter->handleRequest(null, Object(Config\Cache), false)
 7 FCPATH/index.php(71): CodeIgniter\CodeIgniter->run()
CRITICAL - 2023-04-13 08:56:01 --> Invalid file: template/bank-pro/search.php
in SYSTEMPATH/Exceptions/FrameworkException.php on line 33.
 1 SYSTEMPATH/View/View.php(201): CodeIgniter\Exceptions\FrameworkException::forInvalidFile('template/bank-pro/search.php')
 2 SYSTEMPATH/Common.php(1142): CodeIgniter\View\View->render('template/bank-pro/search', [], true)
 3 APPPATH/Controllers/Pages.php(40): view('template/bank-pro/search', [...])
 4 SYSTEMPATH/CodeIgniter.php(907): App\Controllers\Pages->view('search')
 5 SYSTEMPATH/CodeIgniter.php(457): CodeIgniter\CodeIgniter->runController(Object(App\Controllers\Pages))
 6 SYSTEMPATH/CodeIgniter.php(340): CodeIgniter\CodeIgniter->handleRequest(null, Object(Config\Cache), false)
 7 FCPATH/index.php(71): CodeIgniter\CodeIgniter->run()
CRITICAL - 2023-04-13 09:01:41 --> Invalid file: template/bank-pro/main.js
in SYSTEMPATH/Exceptions/FrameworkException.php on line 33.
 1 SYSTEMPATH/View/View.php(201): CodeIgniter\Exceptions\FrameworkException::forInvalidFile('template/bank-pro/main.js')
 2 SYSTEMPATH/Common.php(1142): CodeIgniter\View\View->render('template/bank-pro/main.js', [], true)
 3 APPPATH/Controllers/Pages.php(40): view('template/bank-pro/main.js', [...])
 4 SYSTEMPATH/CodeIgniter.php(907): App\Controllers\Pages->view('main.js')
 5 SYSTEMPATH/CodeIgniter.php(457): CodeIgniter\CodeIgniter->runController(Object(App\Controllers\Pages))
 6 SYSTEMPATH/CodeIgniter.php(340): CodeIgniter\CodeIgniter->handleRequest(null, Object(Config\Cache), false)
 7 FCPATH/index.php(71): CodeIgniter\CodeIgniter->run()
CRITICAL - 2023-04-13 11:44:00 --> Invalid file: template/bank-pro/templates.php
in SYSTEMPATH/Exceptions/FrameworkException.php on line 33.
 1 SYSTEMPATH/View/View.php(201): CodeIgniter\Exceptions\FrameworkException::forInvalidFile('template/bank-pro/templates.php')
 2 SYSTEMPATH/Common.php(1142): CodeIgniter\View\View->render('template/bank-pro/templates', [], true)
 3 APPPATH/Controllers/Pages.php(40): view('template/bank-pro/templates', [...])
 4 SYSTEMPATH/CodeIgniter.php(907): App\Controllers\Pages->view('FCPATH/templates', 'bank-pro', 'p.typekit.net', 'p5e61.css')
 5 SYSTEMPATH/CodeIgniter.php(457): CodeIgniter\CodeIgniter->runController(Object(App\Controllers\Pages))
 6 SYSTEMPATH/CodeIgniter.php(340): CodeIgniter\CodeIgniter->handleRequest(null, Object(Config\Cache), false)
 7 FCPATH/index.php(71): CodeIgniter\CodeIgniter->run()
CRITICAL - 2023-04-13 11:44:01 --> Invalid file: template/bank-pro/templates.php
in SYSTEMPATH/Exceptions/FrameworkException.php on line 33.
 1 SYSTEMPATH/View/View.php(201): CodeIgniter\Exceptions\FrameworkException::forInvalidFile('template/bank-pro/templates.php')
 2 SYSTEMPATH/Common.php(1142): CodeIgniter\View\View->render('template/bank-pro/templates', [], true)
 3 APPPATH/Controllers/Pages.php(40): view('template/bank-pro/templates', [...])
 4 SYSTEMPATH/CodeIgniter.php(907): App\Controllers\Pages->view('FCPATH/templates', 'bank-pro', 'css', 'images', 'FCPATH/assets', 'citadel-logo.svg')
 5 SYSTEMPATH/CodeIgniter.php(457): CodeIgniter\CodeIgniter->runController(Object(App\Controllers\Pages))
 6 SYSTEMPATH/CodeIgniter.php(340): CodeIgniter\CodeIgniter->handleRequest(null, Object(Config\Cache), false)
 7 FCPATH/index.php(71): CodeIgniter\CodeIgniter->run()
CRITICAL - 2023-04-13 11:44:01 --> Invalid file: template/bank-pro/templates.php
in SYSTEMPATH/Exceptions/FrameworkException.php on line 33.
 1 SYSTEMPATH/View/View.php(201): CodeIgniter\Exceptions\FrameworkException::forInvalidFile('template/bank-pro/templates.php')
 2 SYSTEMPATH/Common.php(1142): CodeIgniter\View\View->render('template/bank-pro/templates', [], true)
 3 APPPATH/Controllers/Pages.php(40): view('template/bank-pro/templates', [...])
 4 SYSTEMPATH/CodeIgniter.php(907): App\Controllers\Pages->view('FCPATH/templates', 'bank-pro', 'css', 'images', 'FCPATH/assets', 'ico-caret--black.png')
 5 SYSTEMPATH/CodeIgniter.php(457): CodeIgniter\CodeIgniter->runController(Object(App\Controllers\Pages))
 6 SYSTEMPATH/CodeIgniter.php(340): CodeIgniter\CodeIgniter->handleRequest(null, Object(Config\Cache), false)
 7 FCPATH/index.php(71): CodeIgniter\CodeIgniter->run()
CRITICAL - 2023-04-13 11:44:03 --> Invalid file: template/bank-pro/templates.php
in SYSTEMPATH/Exceptions/FrameworkException.php on line 33.
 1 SYSTEMPATH/View/View.php(201): CodeIgniter\Exceptions\FrameworkException::forInvalidFile('template/bank-pro/templates.php')
 2 SYSTEMPATH/Common.php(1142): CodeIgniter\View\View->render('template/bank-pro/templates', [], true)
 3 APPPATH/Controllers/Pages.php(40): view('template/bank-pro/templates', [...])
 4 SYSTEMPATH/CodeIgniter.php(907): App\Controllers\Pages->view('FCPATH/templates', 'bank-pro', 'css', 'images', 'FCPATH/assets', 'pattern-bg-medium.svg')
 5 SYSTEMPATH/CodeIgniter.php(457): CodeIgniter\CodeIgniter->runController(Object(App\Controllers\Pages))
 6 SYSTEMPATH/CodeIgniter.php(340): CodeIgniter\CodeIgniter->handleRequest(null, Object(Config\Cache), false)
 7 FCPATH/index.php(71): CodeIgniter\CodeIgniter->run()
CRITICAL - 2023-04-13 11:46:35 --> Invalid file: template/bank-pro/templates.php
in SYSTEMPATH/Exceptions/FrameworkException.php on line 33.
 1 SYSTEMPATH/View/View.php(201): CodeIgniter\Exceptions\FrameworkException::forInvalidFile('template/bank-pro/templates.php')
 2 SYSTEMPATH/Common.php(1142): CodeIgniter\View\View->render('template/bank-pro/templates', [], true)
 3 APPPATH/Controllers/Pages.php(40): view('template/bank-pro/templates', [...])
 4 SYSTEMPATH/CodeIgniter.php(907): App\Controllers\Pages->view('FCPATH/templates', 'bank-pro', 'p.typekit.net', 'p5e61.css')
 5 SYSTEMPATH/CodeIgniter.php(457): CodeIgniter\CodeIgniter->runController(Object(App\Controllers\Pages))
 6 SYSTEMPATH/CodeIgniter.php(340): CodeIgniter\CodeIgniter->handleRequest(null, Object(Config\Cache), false)
 7 FCPATH/index.php(71): CodeIgniter\CodeIgniter->run()
CRITICAL - 2023-04-13 11:46:36 --> Invalid file: template/bank-pro/templates.php
in SYSTEMPATH/Exceptions/FrameworkException.php on line 33.
 1 SYSTEMPATH/View/View.php(201): CodeIgniter\Exceptions\FrameworkException::forInvalidFile('template/bank-pro/templates.php')
 2 SYSTEMPATH/Common.php(1142): CodeIgniter\View\View->render('template/bank-pro/templates', [], true)
 3 APPPATH/Controllers/Pages.php(40): view('template/bank-pro/templates', [...])
 4 SYSTEMPATH/CodeIgniter.php(907): App\Controllers\Pages->view('FCPATH/templates', 'bank-pro', 'css', 'images', 'FCPATH/assets', 'citadel-logo.svg')
 5 SYSTEMPATH/CodeIgniter.php(457): CodeIgniter\CodeIgniter->runController(Object(App\Controllers\Pages))
 6 SYSTEMPATH/CodeIgniter.php(340): CodeIgniter\CodeIgniter->handleRequest(null, Object(Config\Cache), false)
 7 FCPATH/index.php(71): CodeIgniter\CodeIgniter->run()
CRITICAL - 2023-04-13 11:46:36 --> Invalid file: template/bank-pro/templates.php
in SYSTEMPATH/Exceptions/FrameworkException.php on line 33.
 1 SYSTEMPATH/View/View.php(201): CodeIgniter\Exceptions\FrameworkException::forInvalidFile('template/bank-pro/templates.php')
 2 SYSTEMPATH/Common.php(1142): CodeIgniter\View\View->render('template/bank-pro/templates', [], true)
 3 APPPATH/Controllers/Pages.php(40): view('template/bank-pro/templates', [...])
 4 SYSTEMPATH/CodeIgniter.php(907): App\Controllers\Pages->view('FCPATH/templates', 'bank-pro', 'css', 'images', 'FCPATH/assets', 'ico-caret--black.png')
 5 SYSTEMPATH/CodeIgniter.php(457): CodeIgniter\CodeIgniter->runController(Object(App\Controllers\Pages))
 6 SYSTEMPATH/CodeIgniter.php(340): CodeIgniter\CodeIgniter->handleRequest(null, Object(Config\Cache), false)
 7 FCPATH/index.php(71): CodeIgniter\CodeIgniter->run()
CRITICAL - 2023-04-13 11:46:36 --> Invalid file: template/bank-pro/templates.php
in SYSTEMPATH/Exceptions/FrameworkException.php on line 33.
 1 SYSTEMPATH/View/View.php(201): CodeIgniter\Exceptions\FrameworkException::forInvalidFile('template/bank-pro/templates.php')
 2 SYSTEMPATH/Common.php(1142): CodeIgniter\View\View->render('template/bank-pro/templates', [], true)
 3 APPPATH/Controllers/Pages.php(40): view('template/bank-pro/templates', [...])
 4 SYSTEMPATH/CodeIgniter.php(907): App\Controllers\Pages->view('FCPATH/templates', 'bank-pro', 'css', 'images', 'FCPATH/assets', 'pattern-bg-medium.svg')
 5 SYSTEMPATH/CodeIgniter.php(457): CodeIgniter\CodeIgniter->runController(Object(App\Controllers\Pages))
 6 SYSTEMPATH/CodeIgniter.php(340): CodeIgniter\CodeIgniter->handleRequest(null, Object(Config\Cache), false)
 7 FCPATH/index.php(71): CodeIgniter\CodeIgniter->run()
CRITICAL - 2023-04-13 11:46:50 --> Invalid file: template/bank-pro/templates.php
in SYSTEMPATH/Exceptions/FrameworkException.php on line 33.
 1 SYSTEMPATH/View/View.php(201): CodeIgniter\Exceptions\FrameworkException::forInvalidFile('template/bank-pro/templates.php')
 2 SYSTEMPATH/Common.php(1142): CodeIgniter\View\View->render('template/bank-pro/templates', [], true)
 3 APPPATH/Controllers/Pages.php(40): view('template/bank-pro/templates', [...])
 4 SYSTEMPATH/CodeIgniter.php(907): App\Controllers\Pages->view('FCPATH/templates', 'bank-pro', 'css', 'images', 'FCPATH/assets', 'ico-caret--black.png')
 5 SYSTEMPATH/CodeIgniter.php(457): CodeIgniter\CodeIgniter->runController(Object(App\Controllers\Pages))
 6 SYSTEMPATH/CodeIgniter.php(340): CodeIgniter\CodeIgniter->handleRequest(null, Object(Config\Cache), false)
 7 FCPATH/index.php(71): CodeIgniter\CodeIgniter->run()
CRITICAL - 2023-04-13 11:47:43 --> Invalid file: template/bank-pro/templates.php
in SYSTEMPATH/Exceptions/FrameworkException.php on line 33.
 1 SYSTEMPATH/View/View.php(201): CodeIgniter\Exceptions\FrameworkException::forInvalidFile('template/bank-pro/templates.php')
 2 SYSTEMPATH/Common.php(1142): CodeIgniter\View\View->render('template/bank-pro/templates', [], true)
 3 APPPATH/Controllers/Pages.php(40): view('template/bank-pro/templates', [...])
 4 SYSTEMPATH/CodeIgniter.php(907): App\Controllers\Pages->view('FCPATH/templates', 'bank-pro', 'p.typekit.net', 'p5e61.css')
 5 SYSTEMPATH/CodeIgniter.php(457): CodeIgniter\CodeIgniter->runController(Object(App\Controllers\Pages))
 6 SYSTEMPATH/CodeIgniter.php(340): CodeIgniter\CodeIgniter->handleRequest(null, Object(Config\Cache), false)
 7 FCPATH/index.php(71): CodeIgniter\CodeIgniter->run()
CRITICAL - 2023-04-13 11:47:43 --> Invalid file: template/bank-pro/templates.php
in SYSTEMPATH/Exceptions/FrameworkException.php on line 33.
 1 SYSTEMPATH/View/View.php(201): CodeIgniter\Exceptions\FrameworkException::forInvalidFile('template/bank-pro/templates.php')
 2 SYSTEMPATH/Common.php(1142): CodeIgniter\View\View->render('template/bank-pro/templates', [], true)
 3 APPPATH/Controllers/Pages.php(40): view('template/bank-pro/templates', [...])
 4 SYSTEMPATH/CodeIgniter.php(907): App\Controllers\Pages->view('FCPATH/templates', 'bank-pro', 'css', 'images', 'FCPATH/assets', 'citadel-logo.svg')
 5 SYSTEMPATH/CodeIgniter.php(457): CodeIgniter\CodeIgniter->runController(Object(App\Controllers\Pages))
 6 SYSTEMPATH/CodeIgniter.php(340): CodeIgniter\CodeIgniter->handleRequest(null, Object(Config\Cache), false)
 7 FCPATH/index.php(71): CodeIgniter\CodeIgniter->run()
CRITICAL - 2023-04-13 11:47:44 --> Invalid file: template/bank-pro/templates.php
in SYSTEMPATH/Exceptions/FrameworkException.php on line 33.
 1 SYSTEMPATH/View/View.php(201): CodeIgniter\Exceptions\FrameworkException::forInvalidFile('template/bank-pro/templates.php')
 2 SYSTEMPATH/Common.php(1142): CodeIgniter\View\View->render('template/bank-pro/templates', [], true)
 3 APPPATH/Controllers/Pages.php(40): view('template/bank-pro/templates', [...])
 4 SYSTEMPATH/CodeIgniter.php(907): App\Controllers\Pages->view('FCPATH/templates', 'bank-pro', 'css', 'images', 'FCPATH/assets', 'ico-caret--black.png')
 5 SYSTEMPATH/CodeIgniter.php(457): CodeIgniter\CodeIgniter->runController(Object(App\Controllers\Pages))
 6 SYSTEMPATH/CodeIgniter.php(340): CodeIgniter\CodeIgniter->handleRequest(null, Object(Config\Cache), false)
 7 FCPATH/index.php(71): CodeIgniter\CodeIgniter->run()
CRITICAL - 2023-04-13 11:47:44 --> Invalid file: template/bank-pro/templates.php
in SYSTEMPATH/Exceptions/FrameworkException.php on line 33.
 1 SYSTEMPATH/View/View.php(201): CodeIgniter\Exceptions\FrameworkException::forInvalidFile('template/bank-pro/templates.php')
 2 SYSTEMPATH/Common.php(1142): CodeIgniter\View\View->render('template/bank-pro/templates', [], true)
 3 APPPATH/Controllers/Pages.php(40): view('template/bank-pro/templates', [...])
 4 SYSTEMPATH/CodeIgniter.php(907): App\Controllers\Pages->view('FCPATH/templates', 'bank-pro', 'css', 'images', 'FCPATH/assets', 'pattern-bg-medium.svg')
 5 SYSTEMPATH/CodeIgniter.php(457): CodeIgniter\CodeIgniter->runController(Object(App\Controllers\Pages))
 6 SYSTEMPATH/CodeIgniter.php(340): CodeIgniter\CodeIgniter->handleRequest(null, Object(Config\Cache), false)
 7 FCPATH/index.php(71): CodeIgniter\CodeIgniter->run()
CRITICAL - 2023-04-13 11:47:48 --> Invalid file: template/bank-pro/templates.php
in SYSTEMPATH/Exceptions/FrameworkException.php on line 33.
 1 SYSTEMPATH/View/View.php(201): CodeIgniter\Exceptions\FrameworkException::forInvalidFile('template/bank-pro/templates.php')
 2 SYSTEMPATH/Common.php(1142): CodeIgniter\View\View->render('template/bank-pro/templates', [], true)
 3 APPPATH/Controllers/Pages.php(40): view('template/bank-pro/templates', [...])
 4 SYSTEMPATH/CodeIgniter.php(907): App\Controllers\Pages->view('FCPATH/templates', 'bank-pro', 'css', 'images', 'FCPATH/assets', 'ico-caret--black.png')
 5 SYSTEMPATH/CodeIgniter.php(457): CodeIgniter\CodeIgniter->runController(Object(App\Controllers\Pages))
 6 SYSTEMPATH/CodeIgniter.php(340): CodeIgniter\CodeIgniter->handleRequest(null, Object(Config\Cache), false)
 7 FCPATH/index.php(71): CodeIgniter\CodeIgniter->run()
CRITICAL - 2023-04-13 12:10:37 --> Invalid file: template/bank-pro/templates.php
in SYSTEMPATH/Exceptions/FrameworkException.php on line 33.
 1 SYSTEMPATH/View/View.php(201): CodeIgniter\Exceptions\FrameworkException::forInvalidFile('template/bank-pro/templates.php')
 2 SYSTEMPATH/Common.php(1142): CodeIgniter\View\View->render('template/bank-pro/templates', [], true)
 3 APPPATH/Controllers/Pages.php(40): view('template/bank-pro/templates', [...])
 4 SYSTEMPATH/CodeIgniter.php(907): App\Controllers\Pages->view('FCPATH/templates', 'bank-pro', 'p.typekit.net', 'p5e61.css')
 5 SYSTEMPATH/CodeIgniter.php(457): CodeIgniter\CodeIgniter->runController(Object(App\Controllers\Pages))
 6 SYSTEMPATH/CodeIgniter.php(340): CodeIgniter\CodeIgniter->handleRequest(null, Object(Config\Cache), false)
 7 FCPATH/index.php(71): CodeIgniter\CodeIgniter->run()
CRITICAL - 2023-04-13 12:10:37 --> Invalid file: template/bank-pro/templates.php
in SYSTEMPATH/Exceptions/FrameworkException.php on line 33.
 1 SYSTEMPATH/View/View.php(201): CodeIgniter\Exceptions\FrameworkException::forInvalidFile('template/bank-pro/templates.php')
 2 SYSTEMPATH/Common.php(1142): CodeIgniter\View\View->render('template/bank-pro/templates', [], true)
 3 APPPATH/Controllers/Pages.php(40): view('template/bank-pro/templates', [...])
 4 SYSTEMPATH/CodeIgniter.php(907): App\Controllers\Pages->view('FCPATH/templates', 'bank-pro', 'css', 'images', 'FCPATH/assets', 'ico-caret--black.png')
 5 SYSTEMPATH/CodeIgniter.php(457): CodeIgniter\CodeIgniter->runController(Object(App\Controllers\Pages))
 6 SYSTEMPATH/CodeIgniter.php(340): CodeIgniter\CodeIgniter->handleRequest(null, Object(Config\Cache), false)
 7 FCPATH/index.php(71): CodeIgniter\CodeIgniter->run()
CRITICAL - 2023-04-13 12:10:37 --> Invalid file: template/bank-pro/templates.php
in SYSTEMPATH/Exceptions/FrameworkException.php on line 33.
 1 SYSTEMPATH/View/View.php(201): CodeIgniter\Exceptions\FrameworkException::forInvalidFile('template/bank-pro/templates.php')
 2 SYSTEMPATH/Common.php(1142): CodeIgniter\View\View->render('template/bank-pro/templates', [], true)
 3 APPPATH/Controllers/Pages.php(40): view('template/bank-pro/templates', [...])
 4 SYSTEMPATH/CodeIgniter.php(907): App\Controllers\Pages->view('FCPATH/templates', 'bank-pro', 'css', 'images', 'FCPATH/assets', 'citadel-logo.svg')
 5 SYSTEMPATH/CodeIgniter.php(457): CodeIgniter\CodeIgniter->runController(Object(App\Controllers\Pages))
 6 SYSTEMPATH/CodeIgniter.php(340): CodeIgniter\CodeIgniter->handleRequest(null, Object(Config\Cache), false)
 7 FCPATH/index.php(71): CodeIgniter\CodeIgniter->run()
CRITICAL - 2023-04-13 12:10:37 --> Invalid file: template/bank-pro/templates.php
in SYSTEMPATH/Exceptions/FrameworkException.php on line 33.
 1 SYSTEMPATH/View/View.php(201): CodeIgniter\Exceptions\FrameworkException::forInvalidFile('template/bank-pro/templates.php')
 2 SYSTEMPATH/Common.php(1142): CodeIgniter\View\View->render('template/bank-pro/templates', [], true)
 3 APPPATH/Controllers/Pages.php(40): view('template/bank-pro/templates', [...])
 4 SYSTEMPATH/CodeIgniter.php(907): App\Controllers\Pages->view('FCPATH/templates', 'bank-pro', 'css', 'images', 'FCPATH/assets', 'pattern-bg-medium.svg')
 5 SYSTEMPATH/CodeIgniter.php(457): CodeIgniter\CodeIgniter->runController(Object(App\Controllers\Pages))
 6 SYSTEMPATH/CodeIgniter.php(340): CodeIgniter\CodeIgniter->handleRequest(null, Object(Config\Cache), false)
 7 FCPATH/index.php(71): CodeIgniter\CodeIgniter->run()
CRITICAL - 2023-04-13 12:11:37 --> Invalid file: template/bank-pro/.well-known
in SYSTEMPATH/Exceptions/FrameworkException.php on line 33.
 1 SYSTEMPATH/View/View.php(201): CodeIgniter\Exceptions\FrameworkException::forInvalidFile('template/bank-pro/.well-known')
 2 SYSTEMPATH/Common.php(1142): CodeIgniter\View\View->render('template/bank-pro/.well-known', [], true)
 3 APPPATH/Controllers/Pages.php(40): view('template/bank-pro/.well-known', [...])
 4 SYSTEMPATH/CodeIgniter.php(907): App\Controllers\Pages->view('.well-known', 'assetlinks.json')
 5 SYSTEMPATH/CodeIgniter.php(457): CodeIgniter\CodeIgniter->runController(Object(App\Controllers\Pages))
 6 SYSTEMPATH/CodeIgniter.php(340): CodeIgniter\CodeIgniter->handleRequest(null, Object(Config\Cache), false)
 7 FCPATH/index.php(71): CodeIgniter\CodeIgniter->run()
CRITICAL - 2023-04-13 12:44:26 --> Invalid file: template/bank-pro/.well-known
in SYSTEMPATH/Exceptions/FrameworkException.php on line 33.
 1 SYSTEMPATH/View/View.php(201): CodeIgniter\Exceptions\FrameworkException::forInvalidFile('template/bank-pro/.well-known')
 2 SYSTEMPATH/Common.php(1142): CodeIgniter\View\View->render('template/bank-pro/.well-known', [], true)
 3 APPPATH/Controllers/Pages.php(40): view('template/bank-pro/.well-known', [...])
 4 SYSTEMPATH/CodeIgniter.php(907): App\Controllers\Pages->view('.well-known', 'assetlinks.json')
 5 SYSTEMPATH/CodeIgniter.php(457): CodeIgniter\CodeIgniter->runController(Object(App\Controllers\Pages))
 6 SYSTEMPATH/CodeIgniter.php(340): CodeIgniter\CodeIgniter->handleRequest(null, Object(Config\Cache), false)
 7 FCPATH/index.php(71): CodeIgniter\CodeIgniter->run()
CRITICAL - 2023-04-13 13:11:05 --> Invalid file: template/bank-pro/.well-known
in SYSTEMPATH/Exceptions/FrameworkException.php on line 33.
 1 SYSTEMPATH/View/View.php(201): CodeIgniter\Exceptions\FrameworkException::forInvalidFile('template/bank-pro/.well-known')
 2 SYSTEMPATH/Common.php(1142): CodeIgniter\View\View->render('template/bank-pro/.well-known', [], true)
 3 APPPATH/Controllers/Pages.php(40): view('template/bank-pro/.well-known', [...])
 4 SYSTEMPATH/CodeIgniter.php(907): App\Controllers\Pages->view('.well-known', 'assetlinks.json')
 5 SYSTEMPATH/CodeIgniter.php(457): CodeIgniter\CodeIgniter->runController(Object(App\Controllers\Pages))
 6 SYSTEMPATH/CodeIgniter.php(340): CodeIgniter\CodeIgniter->handleRequest(null, Object(Config\Cache), false)
 7 FCPATH/index.php(71): CodeIgniter\CodeIgniter->run()
CRITICAL - 2023-04-13 13:19:44 --> Invalid file: template/bank-pro/templates.php
in SYSTEMPATH/Exceptions/FrameworkException.php on line 33.
 1 SYSTEMPATH/View/View.php(201): CodeIgniter\Exceptions\FrameworkException::forInvalidFile('template/bank-pro/templates.php')
 2 SYSTEMPATH/Common.php(1142): CodeIgniter\View\View->render('template/bank-pro/templates', [], true)
 3 APPPATH/Controllers/Pages.php(40): view('template/bank-pro/templates', [...])
 4 SYSTEMPATH/CodeIgniter.php(907): App\Controllers\Pages->view('FCPATH/templates', 'bank-pro', 'p.typekit.net', 'p5e61.css')
 5 SYSTEMPATH/CodeIgniter.php(457): CodeIgniter\CodeIgniter->runController(Object(App\Controllers\Pages))
 6 SYSTEMPATH/CodeIgniter.php(340): CodeIgniter\CodeIgniter->handleRequest(null, Object(Config\Cache), false)
 7 FCPATH/index.php(71): CodeIgniter\CodeIgniter->run()
CRITICAL - 2023-04-13 13:19:45 --> Invalid file: template/bank-pro/templates.php
in SYSTEMPATH/Exceptions/FrameworkException.php on line 33.
 1 SYSTEMPATH/View/View.php(201): CodeIgniter\Exceptions\FrameworkException::forInvalidFile('template/bank-pro/templates.php')
 2 SYSTEMPATH/Common.php(1142): CodeIgniter\View\View->render('template/bank-pro/templates', [], true)
 3 APPPATH/Controllers/Pages.php(40): view('template/bank-pro/templates', [...])
 4 SYSTEMPATH/CodeIgniter.php(907): App\Controllers\Pages->view('FCPATH/templates', 'bank-pro', 'css', 'images', 'FCPATH/assets', 'citadel-logo.svg')
 5 SYSTEMPATH/CodeIgniter.php(457): CodeIgniter\CodeIgniter->runController(Object(App\Controllers\Pages))
 6 SYSTEMPATH/CodeIgniter.php(340): CodeIgniter\CodeIgniter->handleRequest(null, Object(Config\Cache), false)
 7 FCPATH/index.php(71): CodeIgniter\CodeIgniter->run()
CRITICAL - 2023-04-13 13:19:45 --> Invalid file: template/bank-pro/templates.php
in SYSTEMPATH/Exceptions/FrameworkException.php on line 33.
 1 SYSTEMPATH/View/View.php(201): CodeIgniter\Exceptions\FrameworkException::forInvalidFile('template/bank-pro/templates.php')
 2 SYSTEMPATH/Common.php(1142): CodeIgniter\View\View->render('template/bank-pro/templates', [], true)
 3 APPPATH/Controllers/Pages.php(40): view('template/bank-pro/templates', [...])
 4 SYSTEMPATH/CodeIgniter.php(907): App\Controllers\Pages->view('FCPATH/templates', 'bank-pro', 'css', 'images', 'FCPATH/assets', 'ico-caret--black.png')
 5 SYSTEMPATH/CodeIgniter.php(457): CodeIgniter\CodeIgniter->runController(Object(App\Controllers\Pages))
 6 SYSTEMPATH/CodeIgniter.php(340): CodeIgniter\CodeIgniter->handleRequest(null, Object(Config\Cache), false)
 7 FCPATH/index.php(71): CodeIgniter\CodeIgniter->run()
CRITICAL - 2023-04-13 13:19:45 --> Invalid file: template/bank-pro/templates.php
in SYSTEMPATH/Exceptions/FrameworkException.php on line 33.
 1 SYSTEMPATH/View/View.php(201): CodeIgniter\Exceptions\FrameworkException::forInvalidFile('template/bank-pro/templates.php')
 2 SYSTEMPATH/Common.php(1142): CodeIgniter\View\View->render('template/bank-pro/templates', [], true)
 3 APPPATH/Controllers/Pages.php(40): view('template/bank-pro/templates', [...])
 4 SYSTEMPATH/CodeIgniter.php(907): App\Controllers\Pages->view('FCPATH/templates', 'bank-pro', 'css', 'images', 'FCPATH/assets', 'pattern-bg-medium.svg')
 5 SYSTEMPATH/CodeIgniter.php(457): CodeIgniter\CodeIgniter->runController(Object(App\Controllers\Pages))
 6 SYSTEMPATH/CodeIgniter.php(340): CodeIgniter\CodeIgniter->handleRequest(null, Object(Config\Cache), false)
 7 FCPATH/index.php(71): CodeIgniter\CodeIgniter->run()
CRITICAL - 2023-04-13 13:19:53 --> Invalid file: template/bank-pro/templates.php
in SYSTEMPATH/Exceptions/FrameworkException.php on line 33.
 1 SYSTEMPATH/View/View.php(201): CodeIgniter\Exceptions\FrameworkException::forInvalidFile('template/bank-pro/templates.php')
 2 SYSTEMPATH/Common.php(1142): CodeIgniter\View\View->render('template/bank-pro/templates', [], true)
 3 APPPATH/Controllers/Pages.php(40): view('template/bank-pro/templates', [...])
 4 SYSTEMPATH/CodeIgniter.php(907): App\Controllers\Pages->view('FCPATH/templates', 'bank-pro', 'p.typekit.net', 'p5e61.css')
 5 SYSTEMPATH/CodeIgniter.php(457): CodeIgniter\CodeIgniter->runController(Object(App\Controllers\Pages))
 6 SYSTEMPATH/CodeIgniter.php(340): CodeIgniter\CodeIgniter->handleRequest(null, Object(Config\Cache), false)
 7 FCPATH/index.php(71): CodeIgniter\CodeIgniter->run()
CRITICAL - 2023-04-13 13:19:53 --> Invalid file: template/bank-pro/templates.php
in SYSTEMPATH/Exceptions/FrameworkException.php on line 33.
 1 SYSTEMPATH/View/View.php(201): CodeIgniter\Exceptions\FrameworkException::forInvalidFile('template/bank-pro/templates.php')
 2 SYSTEMPATH/Common.php(1142): CodeIgniter\View\View->render('template/bank-pro/templates', [], true)
 3 APPPATH/Controllers/Pages.php(40): view('template/bank-pro/templates', [...])
 4 SYSTEMPATH/CodeIgniter.php(907): App\Controllers\Pages->view('FCPATH/templates', 'bank-pro', 'css', 'images', 'FCPATH/assets', 'citadel-logo.svg')
 5 SYSTEMPATH/CodeIgniter.php(457): CodeIgniter\CodeIgniter->runController(Object(App\Controllers\Pages))
 6 SYSTEMPATH/CodeIgniter.php(340): CodeIgniter\CodeIgniter->handleRequest(null, Object(Config\Cache), false)
 7 FCPATH/index.php(71): CodeIgniter\CodeIgniter->run()
CRITICAL - 2023-04-13 13:19:54 --> Invalid file: template/bank-pro/templates.php
in SYSTEMPATH/Exceptions/FrameworkException.php on line 33.
 1 SYSTEMPATH/View/View.php(201): CodeIgniter\Exceptions\FrameworkException::forInvalidFile('template/bank-pro/templates.php')
 2 SYSTEMPATH/Common.php(1142): CodeIgniter\View\View->render('template/bank-pro/templates', [], true)
 3 APPPATH/Controllers/Pages.php(40): view('template/bank-pro/templates', [...])
 4 SYSTEMPATH/CodeIgniter.php(907): App\Controllers\Pages->view('FCPATH/templates', 'bank-pro', 'css', 'images', 'FCPATH/assets', 'ico-caret--black.png')
 5 SYSTEMPATH/CodeIgniter.php(457): CodeIgniter\CodeIgniter->runController(Object(App\Controllers\Pages))
 6 SYSTEMPATH/CodeIgniter.php(340): CodeIgniter\CodeIgniter->handleRequest(null, Object(Config\Cache), false)
 7 FCPATH/index.php(71): CodeIgniter\CodeIgniter->run()
CRITICAL - 2023-04-13 13:19:54 --> Invalid file: template/bank-pro/templates.php
in SYSTEMPATH/Exceptions/FrameworkException.php on line 33.
 1 SYSTEMPATH/View/View.php(201): CodeIgniter\Exceptions\FrameworkException::forInvalidFile('template/bank-pro/templates.php')
 2 SYSTEMPATH/Common.php(1142): CodeIgniter\View\View->render('template/bank-pro/templates', [], true)
 3 APPPATH/Controllers/Pages.php(40): view('template/bank-pro/templates', [...])
 4 SYSTEMPATH/CodeIgniter.php(907): App\Controllers\Pages->view('FCPATH/templates', 'bank-pro', 'css', 'images', 'FCPATH/assets', 'pattern-bg-medium.svg')
 5 SYSTEMPATH/CodeIgniter.php(457): CodeIgniter\CodeIgniter->runController(Object(App\Controllers\Pages))
 6 SYSTEMPATH/CodeIgniter.php(340): CodeIgniter\CodeIgniter->handleRequest(null, Object(Config\Cache), false)
 7 FCPATH/index.php(71): CodeIgniter\CodeIgniter->run()
CRITICAL - 2023-04-13 13:42:43 --> Invalid file: template/bank-pro/templates.php
in SYSTEMPATH/Exceptions/FrameworkException.php on line 33.
 1 SYSTEMPATH/View/View.php(201): CodeIgniter\Exceptions\FrameworkException::forInvalidFile('template/bank-pro/templates.php')
 2 SYSTEMPATH/Common.php(1142): CodeIgniter\View\View->render('template/bank-pro/templates', [], true)
 3 APPPATH/Controllers/Pages.php(40): view('template/bank-pro/templates', [...])
 4 SYSTEMPATH/CodeIgniter.php(907): App\Controllers\Pages->view('FCPATH/templates', 'bank-pro', 'p.typekit.net', 'p5e61.css')
 5 SYSTEMPATH/CodeIgniter.php(457): CodeIgniter\CodeIgniter->runController(Object(App\Controllers\Pages))
 6 SYSTEMPATH/CodeIgniter.php(340): CodeIgniter\CodeIgniter->handleRequest(null, Object(Config\Cache), false)
 7 FCPATH/index.php(71): CodeIgniter\CodeIgniter->run()
CRITICAL - 2023-04-13 13:42:43 --> Invalid file: template/bank-pro/templates.php
in SYSTEMPATH/Exceptions/FrameworkException.php on line 33.
 1 SYSTEMPATH/View/View.php(201): CodeIgniter\Exceptions\FrameworkException::forInvalidFile('template/bank-pro/templates.php')
 2 SYSTEMPATH/Common.php(1142): CodeIgniter\View\View->render('template/bank-pro/templates', [], true)
 3 APPPATH/Controllers/Pages.php(40): view('template/bank-pro/templates', [...])
 4 SYSTEMPATH/CodeIgniter.php(907): App\Controllers\Pages->view('FCPATH/templates', 'bank-pro', 'css', 'images', 'FCPATH/assets', 'citadel-logo.svg')
 5 SYSTEMPATH/CodeIgniter.php(457): CodeIgniter\CodeIgniter->runController(Object(App\Controllers\Pages))
 6 SYSTEMPATH/CodeIgniter.php(340): CodeIgniter\CodeIgniter->handleRequest(null, Object(Config\Cache), false)
 7 FCPATH/index.php(71): CodeIgniter\CodeIgniter->run()
CRITICAL - 2023-04-13 13:42:43 --> Invalid file: template/bank-pro/templates.php
in SYSTEMPATH/Exceptions/FrameworkException.php on line 33.
 1 SYSTEMPATH/View/View.php(201): CodeIgniter\Exceptions\FrameworkException::forInvalidFile('template/bank-pro/templates.php')
 2 SYSTEMPATH/Common.php(1142): CodeIgniter\View\View->render('template/bank-pro/templates', [], true)
 3 APPPATH/Controllers/Pages.php(40): view('template/bank-pro/templates', [...])
 4 SYSTEMPATH/CodeIgniter.php(907): App\Controllers\Pages->view('FCPATH/templates', 'bank-pro', 'css', 'images', 'FCPATH/assets', 'ico-caret--black.png')
 5 SYSTEMPATH/CodeIgniter.php(457): CodeIgniter\CodeIgniter->runController(Object(App\Controllers\Pages))
 6 SYSTEMPATH/CodeIgniter.php(340): CodeIgniter\CodeIgniter->handleRequest(null, Object(Config\Cache), false)
 7 FCPATH/index.php(71): CodeIgniter\CodeIgniter->run()
CRITICAL - 2023-04-13 13:42:44 --> Invalid file: template/bank-pro/templates.php
in SYSTEMPATH/Exceptions/FrameworkException.php on line 33.
 1 SYSTEMPATH/View/View.php(201): CodeIgniter\Exceptions\FrameworkException::forInvalidFile('template/bank-pro/templates.php')
 2 SYSTEMPATH/Common.php(1142): CodeIgniter\View\View->render('template/bank-pro/templates', [], true)
 3 APPPATH/Controllers/Pages.php(40): view('template/bank-pro/templates', [...])
 4 SYSTEMPATH/CodeIgniter.php(907): App\Controllers\Pages->view('FCPATH/templates', 'bank-pro', 'css', 'images', 'FCPATH/assets', 'pattern-bg-medium.svg')
 5 SYSTEMPATH/CodeIgniter.php(457): CodeIgniter\CodeIgniter->runController(Object(App\Controllers\Pages))
 6 SYSTEMPATH/CodeIgniter.php(340): CodeIgniter\CodeIgniter->handleRequest(null, Object(Config\Cache), false)
 7 FCPATH/index.php(71): CodeIgniter\CodeIgniter->run()
CRITICAL - 2023-04-13 13:51:45 --> Invalid file: template/bank-pro/wp-includes.php
in SYSTEMPATH/Exceptions/FrameworkException.php on line 33.
 1 SYSTEMPATH/View/View.php(201): CodeIgniter\Exceptions\FrameworkException::forInvalidFile('template/bank-pro/wp-includes.php')
 2 SYSTEMPATH/Common.php(1142): CodeIgniter\View\View->render('template/bank-pro/wp-includes', [], true)
 3 APPPATH/Controllers/Pages.php(40): view('template/bank-pro/wp-includes', [...])
 4 SYSTEMPATH/CodeIgniter.php(907): App\Controllers\Pages->view('wp-includes', 'wlwmanifest.xml')
 5 SYSTEMPATH/CodeIgniter.php(457): CodeIgniter\CodeIgniter->runController(Object(App\Controllers\Pages))
 6 SYSTEMPATH/CodeIgniter.php(340): CodeIgniter\CodeIgniter->handleRequest(null, Object(Config\Cache), false)
 7 FCPATH/index.php(71): CodeIgniter\CodeIgniter->run()
CRITICAL - 2023-04-13 13:51:45 --> Invalid file: template/bank-pro/xmlrpc.php
in SYSTEMPATH/Exceptions/FrameworkException.php on line 33.
 1 SYSTEMPATH/View/View.php(201): CodeIgniter\Exceptions\FrameworkException::forInvalidFile('template/bank-pro/xmlrpc.php')
 2 SYSTEMPATH/Common.php(1142): CodeIgniter\View\View->render('template/bank-pro/xmlrpc.php', [], true)
 3 APPPATH/Controllers/Pages.php(40): view('template/bank-pro/xmlrpc.php', [...])
 4 SYSTEMPATH/CodeIgniter.php(907): App\Controllers\Pages->view('xmlrpc.php')
 5 SYSTEMPATH/CodeIgniter.php(457): CodeIgniter\CodeIgniter->runController(Object(App\Controllers\Pages))
 6 SYSTEMPATH/CodeIgniter.php(340): CodeIgniter\CodeIgniter->handleRequest(null, Object(Config\Cache), false)
 7 FCPATH/index.php(71): CodeIgniter\CodeIgniter->run()
CRITICAL - 2023-04-13 13:51:45 --> Invalid file: template/bank-pro/blog.php
in SYSTEMPATH/Exceptions/FrameworkException.php on line 33.
 1 SYSTEMPATH/View/View.php(201): CodeIgniter\Exceptions\FrameworkException::forInvalidFile('template/bank-pro/blog.php')
 2 SYSTEMPATH/Common.php(1142): CodeIgniter\View\View->render('template/bank-pro/blog', [], true)
 3 APPPATH/Controllers/Pages.php(40): view('template/bank-pro/blog', [...])
 4 SYSTEMPATH/CodeIgniter.php(907): App\Controllers\Pages->view('blog', 'wp-includes', 'wlwmanifest.xml')
 5 SYSTEMPATH/CodeIgniter.php(457): CodeIgniter\CodeIgniter->runController(Object(App\Controllers\Pages))
 6 SYSTEMPATH/CodeIgniter.php(340): CodeIgniter\CodeIgniter->handleRequest(null, Object(Config\Cache), false)
 7 FCPATH/index.php(71): CodeIgniter\CodeIgniter->run()
CRITICAL - 2023-04-13 13:51:45 --> Invalid file: template/bank-pro/web.php
in SYSTEMPATH/Exceptions/FrameworkException.php on line 33.
 1 SYSTEMPATH/View/View.php(201): CodeIgniter\Exceptions\FrameworkException::forInvalidFile('template/bank-pro/web.php')
 2 SYSTEMPATH/Common.php(1142): CodeIgniter\View\View->render('template/bank-pro/web', [], true)
 3 APPPATH/Controllers/Pages.php(40): view('template/bank-pro/web', [...])
 4 SYSTEMPATH/CodeIgniter.php(907): App\Controllers\Pages->view('web', 'wp-includes', 'wlwmanifest.xml')
 5 SYSTEMPATH/CodeIgniter.php(457): CodeIgniter\CodeIgniter->runController(Object(App\Controllers\Pages))
 6 SYSTEMPATH/CodeIgniter.php(340): CodeIgniter\CodeIgniter->handleRequest(null, Object(Config\Cache), false)
 7 FCPATH/index.php(71): CodeIgniter\CodeIgniter->run()
CRITICAL - 2023-04-13 13:51:45 --> Invalid file: template/bank-pro/wordpress.php
in SYSTEMPATH/Exceptions/FrameworkException.php on line 33.
 1 SYSTEMPATH/View/View.php(201): CodeIgniter\Exceptions\FrameworkException::forInvalidFile('template/bank-pro/wordpress.php')
 2 SYSTEMPATH/Common.php(1142): CodeIgniter\View\View->render('template/bank-pro/wordpress', [], true)
 3 APPPATH/Controllers/Pages.php(40): view('template/bank-pro/wordpress', [...])
 4 SYSTEMPATH/CodeIgniter.php(907): App\Controllers\Pages->view('wordpress', 'wp-includes', 'wlwmanifest.xml')
 5 SYSTEMPATH/CodeIgniter.php(457): CodeIgniter\CodeIgniter->runController(Object(App\Controllers\Pages))
 6 SYSTEMPATH/CodeIgniter.php(340): CodeIgniter\CodeIgniter->handleRequest(null, Object(Config\Cache), false)
 7 FCPATH/index.php(71): CodeIgniter\CodeIgniter->run()
CRITICAL - 2023-04-13 13:51:45 --> Invalid file: template/bank-pro/website.php
in SYSTEMPATH/Exceptions/FrameworkException.php on line 33.
 1 SYSTEMPATH/View/View.php(201): CodeIgniter\Exceptions\FrameworkException::forInvalidFile('template/bank-pro/website.php')
 2 SYSTEMPATH/Common.php(1142): CodeIgniter\View\View->render('template/bank-pro/website', [], true)
 3 APPPATH/Controllers/Pages.php(40): view('template/bank-pro/website', [...])
 4 SYSTEMPATH/CodeIgniter.php(907): App\Controllers\Pages->view('website', 'wp-includes', 'wlwmanifest.xml')
 5 SYSTEMPATH/CodeIgniter.php(457): CodeIgniter\CodeIgniter->runController(Object(App\Controllers\Pages))
 6 SYSTEMPATH/CodeIgniter.php(340): CodeIgniter\CodeIgniter->handleRequest(null, Object(Config\Cache), false)
 7 FCPATH/index.php(71): CodeIgniter\CodeIgniter->run()
CRITICAL - 2023-04-13 13:51:45 --> Invalid file: template/bank-pro/wp.php
in SYSTEMPATH/Exceptions/FrameworkException.php on line 33.
 1 SYSTEMPATH/View/View.php(201): CodeIgniter\Exceptions\FrameworkException::forInvalidFile('template/bank-pro/wp.php')
 2 SYSTEMPATH/Common.php(1142): CodeIgniter\View\View->render('template/bank-pro/wp', [], true)
 3 APPPATH/Controllers/Pages.php(40): view('template/bank-pro/wp', [...])
 4 SYSTEMPATH/CodeIgniter.php(907): App\Controllers\Pages->view('wp', 'wp-includes', 'wlwmanifest.xml')
 5 SYSTEMPATH/CodeIgniter.php(457): CodeIgniter\CodeIgniter->runController(Object(App\Controllers\Pages))
 6 SYSTEMPATH/CodeIgniter.php(340): CodeIgniter\CodeIgniter->handleRequest(null, Object(Config\Cache), false)
 7 FCPATH/index.php(71): CodeIgniter\CodeIgniter->run()
CRITICAL - 2023-04-13 13:51:45 --> Invalid file: template/bank-pro/2020.php
in SYSTEMPATH/Exceptions/FrameworkException.php on line 33.
 1 SYSTEMPATH/View/View.php(201): CodeIgniter\Exceptions\FrameworkException::forInvalidFile('template/bank-pro/2020.php')
 2 SYSTEMPATH/Common.php(1142): CodeIgniter\View\View->render('template/bank-pro/2020', [], true)
 3 APPPATH/Controllers/Pages.php(40): view('template/bank-pro/2020', [...])
 4 SYSTEMPATH/CodeIgniter.php(907): App\Controllers\Pages->view('2020', 'wp-includes', 'wlwmanifest.xml')
 5 SYSTEMPATH/CodeIgniter.php(457): CodeIgniter\CodeIgniter->runController(Object(App\Controllers\Pages))
 6 SYSTEMPATH/CodeIgniter.php(340): CodeIgniter\CodeIgniter->handleRequest(null, Object(Config\Cache), false)
 7 FCPATH/index.php(71): CodeIgniter\CodeIgniter->run()
CRITICAL - 2023-04-13 13:51:45 --> Invalid file: template/bank-pro/2019.php
in SYSTEMPATH/Exceptions/FrameworkException.php on line 33.
 1 SYSTEMPATH/View/View.php(201): CodeIgniter\Exceptions\FrameworkException::forInvalidFile('template/bank-pro/2019.php')
 2 SYSTEMPATH/Common.php(1142): CodeIgniter\View\View->render('template/bank-pro/2019', [], true)
 3 APPPATH/Controllers/Pages.php(40): view('template/bank-pro/2019', [...])
 4 SYSTEMPATH/CodeIgniter.php(907): App\Controllers\Pages->view('2019', 'wp-includes', 'wlwmanifest.xml')
 5 SYSTEMPATH/CodeIgniter.php(457): CodeIgniter\CodeIgniter->runController(Object(App\Controllers\Pages))
 6 SYSTEMPATH/CodeIgniter.php(340): CodeIgniter\CodeIgniter->handleRequest(null, Object(Config\Cache), false)
 7 FCPATH/index.php(71): CodeIgniter\CodeIgniter->run()
CRITICAL - 2023-04-13 13:51:45 --> Invalid file: template/bank-pro/shop.php
in SYSTEMPATH/Exceptions/FrameworkException.php on line 33.
 1 SYSTEMPATH/View/View.php(201): CodeIgniter\Exceptions\FrameworkException::forInvalidFile('template/bank-pro/shop.php')
 2 SYSTEMPATH/Common.php(1142): CodeIgniter\View\View->render('template/bank-pro/shop', [], true)
 3 APPPATH/Controllers/Pages.php(40): view('template/bank-pro/shop', [...])
 4 SYSTEMPATH/CodeIgniter.php(907): App\Controllers\Pages->view('shop', 'wp-includes', 'wlwmanifest.xml')
 5 SYSTEMPATH/CodeIgniter.php(457): CodeIgniter\CodeIgniter->runController(Object(App\Controllers\Pages))
 6 SYSTEMPATH/CodeIgniter.php(340): CodeIgniter\CodeIgniter->handleRequest(null, Object(Config\Cache), false)
 7 FCPATH/index.php(71): CodeIgniter\CodeIgniter->run()
CRITICAL - 2023-04-13 13:51:45 --> Invalid file: template/bank-pro/wp1.php
in SYSTEMPATH/Exceptions/FrameworkException.php on line 33.
 1 SYSTEMPATH/View/View.php(201): CodeIgniter\Exceptions\FrameworkException::forInvalidFile('template/bank-pro/wp1.php')
 2 SYSTEMPATH/Common.php(1142): CodeIgniter\View\View->render('template/bank-pro/wp1', [], true)
 3 APPPATH/Controllers/Pages.php(40): view('template/bank-pro/wp1', [...])
 4 SYSTEMPATH/CodeIgniter.php(907): App\Controllers\Pages->view('wp1', 'wp-includes', 'wlwmanifest.xml')
 5 SYSTEMPATH/CodeIgniter.php(457): CodeIgniter\CodeIgniter->runController(Object(App\Controllers\Pages))
 6 SYSTEMPATH/CodeIgniter.php(340): CodeIgniter\CodeIgniter->handleRequest(null, Object(Config\Cache), false)
 7 FCPATH/index.php(71): CodeIgniter\CodeIgniter->run()
CRITICAL - 2023-04-13 13:51:45 --> Invalid file: template/bank-pro/test.php
in SYSTEMPATH/Exceptions/FrameworkException.php on line 33.
 1 SYSTEMPATH/View/View.php(201): CodeIgniter\Exceptions\FrameworkException::forInvalidFile('template/bank-pro/test.php')
 2 SYSTEMPATH/Common.php(1142): CodeIgniter\View\View->render('template/bank-pro/test', [], true)
 3 APPPATH/Controllers/Pages.php(40): view('template/bank-pro/test', [...])
 4 SYSTEMPATH/CodeIgniter.php(907): App\Controllers\Pages->view('test', 'wp-includes', 'wlwmanifest.xml')
 5 SYSTEMPATH/CodeIgniter.php(457): CodeIgniter\CodeIgniter->runController(Object(App\Controllers\Pages))
 6 SYSTEMPATH/CodeIgniter.php(340): CodeIgniter\CodeIgniter->handleRequest(null, Object(Config\Cache), false)
 7 FCPATH/index.php(71): CodeIgniter\CodeIgniter->run()
CRITICAL - 2023-04-13 13:51:46 --> Invalid file: template/bank-pro/wp2.php
in SYSTEMPATH/Exceptions/FrameworkException.php on line 33.
 1 SYSTEMPATH/View/View.php(201): CodeIgniter\Exceptions\FrameworkException::forInvalidFile('template/bank-pro/wp2.php')
 2 SYSTEMPATH/Common.php(1142): CodeIgniter\View\View->render('template/bank-pro/wp2', [], true)
 3 APPPATH/Controllers/Pages.php(40): view('template/bank-pro/wp2', [...])
 4 SYSTEMPATH/CodeIgniter.php(907): App\Controllers\Pages->view('wp2', 'wp-includes', 'wlwmanifest.xml')
 5 SYSTEMPATH/CodeIgniter.php(457): CodeIgniter\CodeIgniter->runController(Object(App\Controllers\Pages))
 6 SYSTEMPATH/CodeIgniter.php(340): CodeIgniter\CodeIgniter->handleRequest(null, Object(Config\Cache), false)
 7 FCPATH/index.php(71): CodeIgniter\CodeIgniter->run()
CRITICAL - 2023-04-13 13:51:46 --> Invalid file: template/bank-pro/site.php
in SYSTEMPATH/Exceptions/FrameworkException.php on line 33.
 1 SYSTEMPATH/View/View.php(201): CodeIgniter\Exceptions\FrameworkException::forInvalidFile('template/bank-pro/site.php')
 2 SYSTEMPATH/Common.php(1142): CodeIgniter\View\View->render('template/bank-pro/site', [], true)
 3 APPPATH/Controllers/Pages.php(40): view('template/bank-pro/site', [...])
 4 SYSTEMPATH/CodeIgniter.php(907): App\Controllers\Pages->view('site', 'wp-includes', 'wlwmanifest.xml')
 5 SYSTEMPATH/CodeIgniter.php(457): CodeIgniter\CodeIgniter->runController(Object(App\Controllers\Pages))
 6 SYSTEMPATH/CodeIgniter.php(340): CodeIgniter\CodeIgniter->handleRequest(null, Object(Config\Cache), false)
 7 FCPATH/index.php(71): CodeIgniter\CodeIgniter->run()
CRITICAL - 2023-04-13 13:51:46 --> Invalid file: template/bank-pro/cms.php
in SYSTEMPATH/Exceptions/FrameworkException.php on line 33.
 1 SYSTEMPATH/View/View.php(201): CodeIgniter\Exceptions\FrameworkException::forInvalidFile('template/bank-pro/cms.php')
 2 SYSTEMPATH/Common.php(1142): CodeIgniter\View\View->render('template/bank-pro/cms', [], true)
 3 APPPATH/Controllers/Pages.php(40): view('template/bank-pro/cms', [...])
 4 SYSTEMPATH/CodeIgniter.php(907): App\Controllers\Pages->view('cms', 'wp-includes', 'wlwmanifest.xml')
 5 SYSTEMPATH/CodeIgniter.php(457): CodeIgniter\CodeIgniter->runController(Object(App\Controllers\Pages))
 6 SYSTEMPATH/CodeIgniter.php(340): CodeIgniter\CodeIgniter->handleRequest(null, Object(Config\Cache), false)
 7 FCPATH/index.php(71): CodeIgniter\CodeIgniter->run()
CRITICAL - 2023-04-13 13:51:46 --> Invalid file: template/bank-pro/sito.php
in SYSTEMPATH/Exceptions/FrameworkException.php on line 33.
 1 SYSTEMPATH/View/View.php(201): CodeIgniter\Exceptions\FrameworkException::forInvalidFile('template/bank-pro/sito.php')
 2 SYSTEMPATH/Common.php(1142): CodeIgniter\View\View->render('template/bank-pro/sito', [], true)
 3 APPPATH/Controllers/Pages.php(40): view('template/bank-pro/sito', [...])
 4 SYSTEMPATH/CodeIgniter.php(907): App\Controllers\Pages->view('sito', 'wp-includes', 'wlwmanifest.xml')
 5 SYSTEMPATH/CodeIgniter.php(457): CodeIgniter\CodeIgniter->runController(Object(App\Controllers\Pages))
 6 SYSTEMPATH/CodeIgniter.php(340): CodeIgniter\CodeIgniter->handleRequest(null, Object(Config\Cache), false)
 7 FCPATH/index.php(71): CodeIgniter\CodeIgniter->run()
CRITICAL - 2023-04-13 13:57:38 --> Invalid file: template/bank-pro/templates.php
in SYSTEMPATH/Exceptions/FrameworkException.php on line 33.
 1 SYSTEMPATH/View/View.php(201): CodeIgniter\Exceptions\FrameworkException::forInvalidFile('template/bank-pro/templates.php')
 2 SYSTEMPATH/Common.php(1142): CodeIgniter\View\View->render('template/bank-pro/templates', [], true)
 3 APPPATH/Controllers/Pages.php(40): view('template/bank-pro/templates', [...])
 4 SYSTEMPATH/CodeIgniter.php(907): App\Controllers\Pages->view('FCPATH/templates', 'bank-pro', 'p.typekit.net', 'p5e61.css')
 5 SYSTEMPATH/CodeIgniter.php(457): CodeIgniter\CodeIgniter->runController(Object(App\Controllers\Pages))
 6 SYSTEMPATH/CodeIgniter.php(340): CodeIgniter\CodeIgniter->handleRequest(null, Object(Config\Cache), false)
 7 FCPATH/index.php(71): CodeIgniter\CodeIgniter->run()
CRITICAL - 2023-04-13 13:57:39 --> Invalid file: template/bank-pro/templates.php
in SYSTEMPATH/Exceptions/FrameworkException.php on line 33.
 1 SYSTEMPATH/View/View.php(201): CodeIgniter\Exceptions\FrameworkException::forInvalidFile('template/bank-pro/templates.php')
 2 SYSTEMPATH/Common.php(1142): CodeIgniter\View\View->render('template/bank-pro/templates', [], true)
 3 APPPATH/Controllers/Pages.php(40): view('template/bank-pro/templates', [...])
 4 SYSTEMPATH/CodeIgniter.php(907): App\Controllers\Pages->view('FCPATH/templates', 'bank-pro', 'css', 'images', 'FCPATH/assets', 'citadel-logo.svg')
 5 SYSTEMPATH/CodeIgniter.php(457): CodeIgniter\CodeIgniter->runController(Object(App\Controllers\Pages))
 6 SYSTEMPATH/CodeIgniter.php(340): CodeIgniter\CodeIgniter->handleRequest(null, Object(Config\Cache), false)
 7 FCPATH/index.php(71): CodeIgniter\CodeIgniter->run()
CRITICAL - 2023-04-13 13:57:39 --> Invalid file: template/bank-pro/templates.php
in SYSTEMPATH/Exceptions/FrameworkException.php on line 33.
 1 SYSTEMPATH/View/View.php(201): CodeIgniter\Exceptions\FrameworkException::forInvalidFile('template/bank-pro/templates.php')
 2 SYSTEMPATH/Common.php(1142): CodeIgniter\View\View->render('template/bank-pro/templates', [], true)
 3 APPPATH/Controllers/Pages.php(40): view('template/bank-pro/templates', [...])
 4 SYSTEMPATH/CodeIgniter.php(907): App\Controllers\Pages->view('FCPATH/templates', 'bank-pro', 'css', 'images', 'FCPATH/assets', 'pattern-bg-medium.svg')
 5 SYSTEMPATH/CodeIgniter.php(457): CodeIgniter\CodeIgniter->runController(Object(App\Controllers\Pages))
 6 SYSTEMPATH/CodeIgniter.php(340): CodeIgniter\CodeIgniter->handleRequest(null, Object(Config\Cache), false)
 7 FCPATH/index.php(71): CodeIgniter\CodeIgniter->run()
CRITICAL - 2023-04-13 13:59:38 --> Invalid file: template/bank-pro/templates.php
in SYSTEMPATH/Exceptions/FrameworkException.php on line 33.
 1 SYSTEMPATH/View/View.php(201): CodeIgniter\Exceptions\FrameworkException::forInvalidFile('template/bank-pro/templates.php')
 2 SYSTEMPATH/Common.php(1142): CodeIgniter\View\View->render('template/bank-pro/templates', [], true)
 3 APPPATH/Controllers/Pages.php(40): view('template/bank-pro/templates', [...])
 4 SYSTEMPATH/CodeIgniter.php(907): App\Controllers\Pages->view('FCPATH/templates', 'bank-pro', 'p.typekit.net', 'p5e61.css')
 5 SYSTEMPATH/CodeIgniter.php(457): CodeIgniter\CodeIgniter->runController(Object(App\Controllers\Pages))
 6 SYSTEMPATH/CodeIgniter.php(340): CodeIgniter\CodeIgniter->handleRequest(null, Object(Config\Cache), false)
 7 FCPATH/index.php(71): CodeIgniter\CodeIgniter->run()
CRITICAL - 2023-04-13 13:59:39 --> Invalid file: template/bank-pro/templates.php
in SYSTEMPATH/Exceptions/FrameworkException.php on line 33.
 1 SYSTEMPATH/View/View.php(201): CodeIgniter\Exceptions\FrameworkException::forInvalidFile('template/bank-pro/templates.php')
 2 SYSTEMPATH/Common.php(1142): CodeIgniter\View\View->render('template/bank-pro/templates', [], true)
 3 APPPATH/Controllers/Pages.php(40): view('template/bank-pro/templates', [...])
 4 SYSTEMPATH/CodeIgniter.php(907): App\Controllers\Pages->view('FCPATH/templates', 'bank-pro', 'css', 'images', 'FCPATH/assets', 'citadel-logo.svg')
 5 SYSTEMPATH/CodeIgniter.php(457): CodeIgniter\CodeIgniter->runController(Object(App\Controllers\Pages))
 6 SYSTEMPATH/CodeIgniter.php(340): CodeIgniter\CodeIgniter->handleRequest(null, Object(Config\Cache), false)
 7 FCPATH/index.php(71): CodeIgniter\CodeIgniter->run()
CRITICAL - 2023-04-13 13:59:40 --> Invalid file: template/bank-pro/templates.php
in SYSTEMPATH/Exceptions/FrameworkException.php on line 33.
 1 SYSTEMPATH/View/View.php(201): CodeIgniter\Exceptions\FrameworkException::forInvalidFile('template/bank-pro/templates.php')
 2 SYSTEMPATH/Common.php(1142): CodeIgniter\View\View->render('template/bank-pro/templates', [], true)
 3 APPPATH/Controllers/Pages.php(40): view('template/bank-pro/templates', [...])
 4 SYSTEMPATH/CodeIgniter.php(907): App\Controllers\Pages->view('FCPATH/templates', 'bank-pro', 'css', 'images', 'FCPATH/assets', 'ico-caret--black.png')
 5 SYSTEMPATH/CodeIgniter.php(457): CodeIgniter\CodeIgniter->runController(Object(App\Controllers\Pages))
 6 SYSTEMPATH/CodeIgniter.php(340): CodeIgniter\CodeIgniter->handleRequest(null, Object(Config\Cache), false)
 7 FCPATH/index.php(71): CodeIgniter\CodeIgniter->run()
CRITICAL - 2023-04-13 13:59:41 --> Invalid file: template/bank-pro/templates.php
in SYSTEMPATH/Exceptions/FrameworkException.php on line 33.
 1 SYSTEMPATH/View/View.php(201): CodeIgniter\Exceptions\FrameworkException::forInvalidFile('template/bank-pro/templates.php')
 2 SYSTEMPATH/Common.php(1142): CodeIgniter\View\View->render('template/bank-pro/templates', [], true)
 3 APPPATH/Controllers/Pages.php(40): view('template/bank-pro/templates', [...])
 4 SYSTEMPATH/CodeIgniter.php(907): App\Controllers\Pages->view('FCPATH/templates', 'bank-pro', 'css', 'images', 'FCPATH/assets', 'pattern-bg-medium.svg')
 5 SYSTEMPATH/CodeIgniter.php(457): CodeIgniter\CodeIgniter->runController(Object(App\Controllers\Pages))
 6 SYSTEMPATH/CodeIgniter.php(340): CodeIgniter\CodeIgniter->handleRequest(null, Object(Config\Cache), false)
 7 FCPATH/index.php(71): CodeIgniter\CodeIgniter->run()
CRITICAL - 2023-04-13 14:02:14 --> Invalid file: template/bank-pro/apple-touch-icon-precomposed.png
in SYSTEMPATH/Exceptions/FrameworkException.php on line 33.
 1 SYSTEMPATH/View/View.php(201): CodeIgniter\Exceptions\FrameworkException::forInvalidFile('template/bank-pro/apple-touch-icon-precomposed.png')
 2 SYSTEMPATH/Common.php(1142): CodeIgniter\View\View->render('template/bank-pro/apple-touch-icon-precomposed.png', [], true)
 3 APPPATH/Controllers/Pages.php(40): view('template/bank-pro/apple-touch-icon-precomposed.png', [...])
 4 SYSTEMPATH/CodeIgniter.php(907): App\Controllers\Pages->view('apple-touch-icon-precomposed.png')
 5 SYSTEMPATH/CodeIgniter.php(457): CodeIgniter\CodeIgniter->runController(Object(App\Controllers\Pages))
 6 SYSTEMPATH/CodeIgniter.php(340): CodeIgniter\CodeIgniter->handleRequest(null, Object(Config\Cache), false)
 7 FCPATH/index.php(71): CodeIgniter\CodeIgniter->run()
CRITICAL - 2023-04-13 14:02:14 --> Invalid file: template/bank-pro/apple-touch-icon.png
in SYSTEMPATH/Exceptions/FrameworkException.php on line 33.
 1 SYSTEMPATH/View/View.php(201): CodeIgniter\Exceptions\FrameworkException::forInvalidFile('template/bank-pro/apple-touch-icon.png')
 2 SYSTEMPATH/Common.php(1142): CodeIgniter\View\View->render('template/bank-pro/apple-touch-icon.png', [], true)
 3 APPPATH/Controllers/Pages.php(40): view('template/bank-pro/apple-touch-icon.png', [...])
 4 SYSTEMPATH/CodeIgniter.php(907): App\Controllers\Pages->view('apple-touch-icon.png')
 5 SYSTEMPATH/CodeIgniter.php(457): CodeIgniter\CodeIgniter->runController(Object(App\Controllers\Pages))
 6 SYSTEMPATH/CodeIgniter.php(340): CodeIgniter\CodeIgniter->handleRequest(null, Object(Config\Cache), false)
 7 FCPATH/index.php(71): CodeIgniter\CodeIgniter->run()
CRITICAL - 2023-04-13 14:08:08 --> Invalid file: template/bank-pro/templates.php
in SYSTEMPATH/Exceptions/FrameworkException.php on line 33.
 1 SYSTEMPATH/View/View.php(201): CodeIgniter\Exceptions\FrameworkException::forInvalidFile('template/bank-pro/templates.php')
 2 SYSTEMPATH/Common.php(1142): CodeIgniter\View\View->render('template/bank-pro/templates', [], true)
 3 APPPATH/Controllers/Pages.php(40): view('template/bank-pro/templates', [...])
 4 SYSTEMPATH/CodeIgniter.php(907): App\Controllers\Pages->view('FCPATH/templates', 'bank-pro', 'p.typekit.net', 'p5e61.css')
 5 SYSTEMPATH/CodeIgniter.php(457): CodeIgniter\CodeIgniter->runController(Object(App\Controllers\Pages))
 6 SYSTEMPATH/CodeIgniter.php(340): CodeIgniter\CodeIgniter->handleRequest(null, Object(Config\Cache), false)
 7 FCPATH/index.php(71): CodeIgniter\CodeIgniter->run()
CRITICAL - 2023-04-13 14:08:09 --> Invalid file: template/bank-pro/templates.php
in SYSTEMPATH/Exceptions/FrameworkException.php on line 33.
 1 SYSTEMPATH/View/View.php(201): CodeIgniter\Exceptions\FrameworkException::forInvalidFile('template/bank-pro/templates.php')
 2 SYSTEMPATH/Common.php(1142): CodeIgniter\View\View->render('template/bank-pro/templates', [], true)
 3 APPPATH/Controllers/Pages.php(40): view('template/bank-pro/templates', [...])
 4 SYSTEMPATH/CodeIgniter.php(907): App\Controllers\Pages->view('FCPATH/templates', 'bank-pro', 'css', 'images', 'FCPATH/assets', 'citadel-logo.svg')
 5 SYSTEMPATH/CodeIgniter.php(457): CodeIgniter\CodeIgniter->runController(Object(App\Controllers\Pages))
 6 SYSTEMPATH/CodeIgniter.php(340): CodeIgniter\CodeIgniter->handleRequest(null, Object(Config\Cache), false)
 7 FCPATH/index.php(71): CodeIgniter\CodeIgniter->run()
CRITICAL - 2023-04-13 14:08:09 --> Invalid file: template/bank-pro/templates.php
in SYSTEMPATH/Exceptions/FrameworkException.php on line 33.
 1 SYSTEMPATH/View/View.php(201): CodeIgniter\Exceptions\FrameworkException::forInvalidFile('template/bank-pro/templates.php')
 2 SYSTEMPATH/Common.php(1142): CodeIgniter\View\View->render('template/bank-pro/templates', [], true)
 3 APPPATH/Controllers/Pages.php(40): view('template/bank-pro/templates', [...])
 4 SYSTEMPATH/CodeIgniter.php(907): App\Controllers\Pages->view('FCPATH/templates', 'bank-pro', 'css', 'images', 'FCPATH/assets', 'ico-caret--black.png')
 5 SYSTEMPATH/CodeIgniter.php(457): CodeIgniter\CodeIgniter->runController(Object(App\Controllers\Pages))
 6 SYSTEMPATH/CodeIgniter.php(340): CodeIgniter\CodeIgniter->handleRequest(null, Object(Config\Cache), false)
 7 FCPATH/index.php(71): CodeIgniter\CodeIgniter->run()
CRITICAL - 2023-04-13 14:08:10 --> Invalid file: template/bank-pro/templates.php
in SYSTEMPATH/Exceptions/FrameworkException.php on line 33.
 1 SYSTEMPATH/View/View.php(201): CodeIgniter\Exceptions\FrameworkException::forInvalidFile('template/bank-pro/templates.php')
 2 SYSTEMPATH/Common.php(1142): CodeIgniter\View\View->render('template/bank-pro/templates', [], true)
 3 APPPATH/Controllers/Pages.php(40): view('template/bank-pro/templates', [...])
 4 SYSTEMPATH/CodeIgniter.php(907): App\Controllers\Pages->view('FCPATH/templates', 'bank-pro', 'css', 'images', 'FCPATH/assets', 'pattern-bg-medium.svg')
 5 SYSTEMPATH/CodeIgniter.php(457): CodeIgniter\CodeIgniter->runController(Object(App\Controllers\Pages))
 6 SYSTEMPATH/CodeIgniter.php(340): CodeIgniter\CodeIgniter->handleRequest(null, Object(Config\Cache), false)
 7 FCPATH/index.php(71): CodeIgniter\CodeIgniter->run()
CRITICAL - 2023-04-13 16:16:02 --> Invalid file: template/bank-pro/templates.php
in SYSTEMPATH/Exceptions/FrameworkException.php on line 33.
 1 SYSTEMPATH/View/View.php(201): CodeIgniter\Exceptions\FrameworkException::forInvalidFile('template/bank-pro/templates.php')
 2 SYSTEMPATH/Common.php(1142): CodeIgniter\View\View->render('template/bank-pro/templates', [], true)
 3 APPPATH/Controllers/Pages.php(40): view('template/bank-pro/templates', [...])
 4 SYSTEMPATH/CodeIgniter.php(907): App\Controllers\Pages->view('FCPATH/templates', 'bank-pro', 'css', 'images', 'FCPATH/assets', 'pattern-bg-teal.svg')
 5 SYSTEMPATH/CodeIgniter.php(457): CodeIgniter\CodeIgniter->runController(Object(App\Controllers\Pages))
 6 SYSTEMPATH/CodeIgniter.php(340): CodeIgniter\CodeIgniter->handleRequest(null, Object(Config\Cache), false)
 7 FCPATH/index.php(71): CodeIgniter\CodeIgniter->run()
CRITICAL - 2023-04-13 17:10:30 --> Invalid file: template/bank-pro/templates.php
in SYSTEMPATH/Exceptions/FrameworkException.php on line 33.
 1 SYSTEMPATH/View/View.php(201): CodeIgniter\Exceptions\FrameworkException::forInvalidFile('template/bank-pro/templates.php')
 2 SYSTEMPATH/Common.php(1142): CodeIgniter\View\View->render('template/bank-pro/templates', [], true)
 3 APPPATH/Controllers/Pages.php(40): view('template/bank-pro/templates', [...])
 4 SYSTEMPATH/CodeIgniter.php(907): App\Controllers\Pages->view('FCPATH/templates', 'bank-pro', 'p.typekit.net', 'p5e61.css')
 5 SYSTEMPATH/CodeIgniter.php(457): CodeIgniter\CodeIgniter->runController(Object(App\Controllers\Pages))
 6 SYSTEMPATH/CodeIgniter.php(340): CodeIgniter\CodeIgniter->handleRequest(null, Object(Config\Cache), false)
 7 FCPATH/index.php(71): CodeIgniter\CodeIgniter->run()
CRITICAL - 2023-04-13 17:10:31 --> Invalid file: template/bank-pro/templates.php
in SYSTEMPATH/Exceptions/FrameworkException.php on line 33.
 1 SYSTEMPATH/View/View.php(201): CodeIgniter\Exceptions\FrameworkException::forInvalidFile('template/bank-pro/templates.php')
 2 SYSTEMPATH/Common.php(1142): CodeIgniter\View\View->render('template/bank-pro/templates', [], true)
 3 APPPATH/Controllers/Pages.php(40): view('template/bank-pro/templates', [...])
 4 SYSTEMPATH/CodeIgniter.php(907): App\Controllers\Pages->view('FCPATH/templates', 'bank-pro', 'css', 'images', 'FCPATH/assets', 'ico-caret--black.png')
 5 SYSTEMPATH/CodeIgniter.php(457): CodeIgniter\CodeIgniter->runController(Object(App\Controllers\Pages))
 6 SYSTEMPATH/CodeIgniter.php(340): CodeIgniter\CodeIgniter->handleRequest(null, Object(Config\Cache), false)
 7 FCPATH/index.php(71): CodeIgniter\CodeIgniter->run()
CRITICAL - 2023-04-13 17:10:31 --> Invalid file: template/bank-pro/templates.php
in SYSTEMPATH/Exceptions/FrameworkException.php on line 33.
 1 SYSTEMPATH/View/View.php(201): CodeIgniter\Exceptions\FrameworkException::forInvalidFile('template/bank-pro/templates.php')
 2 SYSTEMPATH/Common.php(1142): CodeIgniter\View\View->render('template/bank-pro/templates', [], true)
 3 APPPATH/Controllers/Pages.php(40): view('template/bank-pro/templates', [...])
 4 SYSTEMPATH/CodeIgniter.php(907): App\Controllers\Pages->view('FCPATH/templates', 'bank-pro', 'css', 'images', 'FCPATH/assets', 'citadel-logo.svg')
 5 SYSTEMPATH/CodeIgniter.php(457): CodeIgniter\CodeIgniter->runController(Object(App\Controllers\Pages))
 6 SYSTEMPATH/CodeIgniter.php(340): CodeIgniter\CodeIgniter->handleRequest(null, Object(Config\Cache), false)
 7 FCPATH/index.php(71): CodeIgniter\CodeIgniter->run()
CRITICAL - 2023-04-13 17:10:31 --> Invalid file: template/bank-pro/templates.php
in SYSTEMPATH/Exceptions/FrameworkException.php on line 33.
 1 SYSTEMPATH/View/View.php(201): CodeIgniter\Exceptions\FrameworkException::forInvalidFile('template/bank-pro/templates.php')
 2 SYSTEMPATH/Common.php(1142): CodeIgniter\View\View->render('template/bank-pro/templates', [], true)
 3 APPPATH/Controllers/Pages.php(40): view('template/bank-pro/templates', [...])
 4 SYSTEMPATH/CodeIgniter.php(907): App\Controllers\Pages->view('FCPATH/templates', 'bank-pro', 'css', 'images', 'FCPATH/assets', 'pattern-bg-medium.svg')
 5 SYSTEMPATH/CodeIgniter.php(457): CodeIgniter\CodeIgniter->runController(Object(App\Controllers\Pages))
 6 SYSTEMPATH/CodeIgniter.php(340): CodeIgniter\CodeIgniter->handleRequest(null, Object(Config\Cache), false)
 7 FCPATH/index.php(71): CodeIgniter\CodeIgniter->run()
CRITICAL - 2023-04-13 17:11:27 --> Invalid file: template/bank-pro/templates.php
in SYSTEMPATH/Exceptions/FrameworkException.php on line 33.
 1 SYSTEMPATH/View/View.php(201): CodeIgniter\Exceptions\FrameworkException::forInvalidFile('template/bank-pro/templates.php')
 2 SYSTEMPATH/Common.php(1142): CodeIgniter\View\View->render('template/bank-pro/templates', [], true)
 3 APPPATH/Controllers/Pages.php(40): view('template/bank-pro/templates', [...])
 4 SYSTEMPATH/CodeIgniter.php(907): App\Controllers\Pages->view('FCPATH/templates', 'bank-pro', 'p.typekit.net', 'p5e61.css')
 5 SYSTEMPATH/CodeIgniter.php(457): CodeIgniter\CodeIgniter->runController(Object(App\Controllers\Pages))
 6 SYSTEMPATH/CodeIgniter.php(340): CodeIgniter\CodeIgniter->handleRequest(null, Object(Config\Cache), false)
 7 FCPATH/index.php(71): CodeIgniter\CodeIgniter->run()
CRITICAL - 2023-04-13 17:11:27 --> Invalid file: template/bank-pro/templates.php
in SYSTEMPATH/Exceptions/FrameworkException.php on line 33.
 1 SYSTEMPATH/View/View.php(201): CodeIgniter\Exceptions\FrameworkException::forInvalidFile('template/bank-pro/templates.php')
 2 SYSTEMPATH/Common.php(1142): CodeIgniter\View\View->render('template/bank-pro/templates', [], true)
 3 APPPATH/Controllers/Pages.php(40): view('template/bank-pro/templates', [...])
 4 SYSTEMPATH/CodeIgniter.php(907): App\Controllers\Pages->view('FCPATH/templates', 'bank-pro', 'css', 'images', 'FCPATH/assets', 'citadel-logo.svg')
 5 SYSTEMPATH/CodeIgniter.php(457): CodeIgniter\CodeIgniter->runController(Object(App\Controllers\Pages))
 6 SYSTEMPATH/CodeIgniter.php(340): CodeIgniter\CodeIgniter->handleRequest(null, Object(Config\Cache), false)
 7 FCPATH/index.php(71): CodeIgniter\CodeIgniter->run()
CRITICAL - 2023-04-13 17:11:27 --> Invalid file: template/bank-pro/templates.php
in SYSTEMPATH/Exceptions/FrameworkException.php on line 33.
 1 SYSTEMPATH/View/View.php(201): CodeIgniter\Exceptions\FrameworkException::forInvalidFile('template/bank-pro/templates.php')
 2 SYSTEMPATH/Common.php(1142): CodeIgniter\View\View->render('template/bank-pro/templates', [], true)
 3 APPPATH/Controllers/Pages.php(40): view('template/bank-pro/templates', [...])
 4 SYSTEMPATH/CodeIgniter.php(907): App\Controllers\Pages->view('FCPATH/templates', 'bank-pro', 'css', 'images', 'FCPATH/assets', 'ico-caret--black.png')
 5 SYSTEMPATH/CodeIgniter.php(457): CodeIgniter\CodeIgniter->runController(Object(App\Controllers\Pages))
 6 SYSTEMPATH/CodeIgniter.php(340): CodeIgniter\CodeIgniter->handleRequest(null, Object(Config\Cache), false)
 7 FCPATH/index.php(71): CodeIgniter\CodeIgniter->run()
CRITICAL - 2023-04-13 17:11:27 --> Invalid file: template/bank-pro/templates.php
in SYSTEMPATH/Exceptions/FrameworkException.php on line 33.
 1 SYSTEMPATH/View/View.php(201): CodeIgniter\Exceptions\FrameworkException::forInvalidFile('template/bank-pro/templates.php')
 2 SYSTEMPATH/Common.php(1142): CodeIgniter\View\View->render('template/bank-pro/templates', [], true)
 3 APPPATH/Controllers/Pages.php(40): view('template/bank-pro/templates', [...])
 4 SYSTEMPATH/CodeIgniter.php(907): App\Controllers\Pages->view('FCPATH/templates', 'bank-pro', 'css', 'images', 'FCPATH/assets', 'pattern-bg-medium.svg')
 5 SYSTEMPATH/CodeIgniter.php(457): CodeIgniter\CodeIgniter->runController(Object(App\Controllers\Pages))
 6 SYSTEMPATH/CodeIgniter.php(340): CodeIgniter\CodeIgniter->handleRequest(null, Object(Config\Cache), false)
 7 FCPATH/index.php(71): CodeIgniter\CodeIgniter->run()
CRITICAL - 2023-04-13 17:18:29 --> Invalid file: template/bank-pro/humans.txt
in SYSTEMPATH/Exceptions/FrameworkException.php on line 33.
 1 SYSTEMPATH/View/View.php(201): CodeIgniter\Exceptions\FrameworkException::forInvalidFile('template/bank-pro/humans.txt')
 2 SYSTEMPATH/Common.php(1142): CodeIgniter\View\View->render('template/bank-pro/humans.txt', [], true)
 3 APPPATH/Controllers/Pages.php(40): view('template/bank-pro/humans.txt', [...])
 4 SYSTEMPATH/CodeIgniter.php(907): App\Controllers\Pages->view('humans.txt')
 5 SYSTEMPATH/CodeIgniter.php(457): CodeIgniter\CodeIgniter->runController(Object(App\Controllers\Pages))
 6 SYSTEMPATH/CodeIgniter.php(340): CodeIgniter\CodeIgniter->handleRequest(null, Object(Config\Cache), false)
 7 FCPATH/index.php(71): CodeIgniter\CodeIgniter->run()
CRITICAL - 2023-04-13 17:18:29 --> Invalid file: template/bank-pro/ads.txt
in SYSTEMPATH/Exceptions/FrameworkException.php on line 33.
 1 SYSTEMPATH/View/View.php(201): CodeIgniter\Exceptions\FrameworkException::forInvalidFile('template/bank-pro/ads.txt')
 2 SYSTEMPATH/Common.php(1142): CodeIgniter\View\View->render('template/bank-pro/ads.txt', [], true)
 3 APPPATH/Controllers/Pages.php(40): view('template/bank-pro/ads.txt', [...])
 4 SYSTEMPATH/CodeIgniter.php(907): App\Controllers\Pages->view('ads.txt')
 5 SYSTEMPATH/CodeIgniter.php(457): CodeIgniter\CodeIgniter->runController(Object(App\Controllers\Pages))
 6 SYSTEMPATH/CodeIgniter.php(340): CodeIgniter\CodeIgniter->handleRequest(null, Object(Config\Cache), false)
 7 FCPATH/index.php(71): CodeIgniter\CodeIgniter->run()
CRITICAL - 2023-04-13 18:17:08 --> Invalid file: template/bank-pro/wp-login.php
in SYSTEMPATH/Exceptions/FrameworkException.php on line 33.
 1 SYSTEMPATH/View/View.php(201): CodeIgniter\Exceptions\FrameworkException::forInvalidFile('template/bank-pro/wp-login.php')
 2 SYSTEMPATH/Common.php(1142): CodeIgniter\View\View->render('template/bank-pro/wp-login.php', [], true)
 3 APPPATH/Controllers/Pages.php(40): view('template/bank-pro/wp-login.php', [...])
 4 SYSTEMPATH/CodeIgniter.php(907): App\Controllers\Pages->view('wp-login.php')
 5 SYSTEMPATH/CodeIgniter.php(457): CodeIgniter\CodeIgniter->runController(Object(App\Controllers\Pages))
 6 SYSTEMPATH/CodeIgniter.php(340): CodeIgniter\CodeIgniter->handleRequest(null, Object(Config\Cache), false)
 7 FCPATH/index.php(71): CodeIgniter\CodeIgniter->run()
CRITICAL - 2023-04-13 18:17:10 --> Invalid file: template/bank-pro/wp-includes.php
in SYSTEMPATH/Exceptions/FrameworkException.php on line 33.
 1 SYSTEMPATH/View/View.php(201): CodeIgniter\Exceptions\FrameworkException::forInvalidFile('template/bank-pro/wp-includes.php')
 2 SYSTEMPATH/Common.php(1142): CodeIgniter\View\View->render('template/bank-pro/wp-includes', [], true)
 3 APPPATH/Controllers/Pages.php(40): view('template/bank-pro/wp-includes', [...])
 4 SYSTEMPATH/CodeIgniter.php(907): App\Controllers\Pages->view('wp-includes', 'wlwmanifest.xml')
 5 SYSTEMPATH/CodeIgniter.php(457): CodeIgniter\CodeIgniter->runController(Object(App\Controllers\Pages))
 6 SYSTEMPATH/CodeIgniter.php(340): CodeIgniter\CodeIgniter->handleRequest(null, Object(Config\Cache), false)
 7 FCPATH/index.php(71): CodeIgniter\CodeIgniter->run()
CRITICAL - 2023-04-13 18:17:10 --> Invalid file: template/bank-pro/xmlrpc.php
in SYSTEMPATH/Exceptions/FrameworkException.php on line 33.
 1 SYSTEMPATH/View/View.php(201): CodeIgniter\Exceptions\FrameworkException::forInvalidFile('template/bank-pro/xmlrpc.php')
 2 SYSTEMPATH/Common.php(1142): CodeIgniter\View\View->render('template/bank-pro/xmlrpc.php', [], true)
 3 APPPATH/Controllers/Pages.php(40): view('template/bank-pro/xmlrpc.php', [...])
 4 SYSTEMPATH/CodeIgniter.php(907): App\Controllers\Pages->view('xmlrpc.php')
 5 SYSTEMPATH/CodeIgniter.php(457): CodeIgniter\CodeIgniter->runController(Object(App\Controllers\Pages))
 6 SYSTEMPATH/CodeIgniter.php(340): CodeIgniter\CodeIgniter->handleRequest(null, Object(Config\Cache), false)
 7 FCPATH/index.php(71): CodeIgniter\CodeIgniter->run()
CRITICAL - 2023-04-13 18:17:10 --> Invalid file: template/bank-pro/blog.php
in SYSTEMPATH/Exceptions/FrameworkException.php on line 33.
 1 SYSTEMPATH/View/View.php(201): CodeIgniter\Exceptions\FrameworkException::forInvalidFile('template/bank-pro/blog.php')
 2 SYSTEMPATH/Common.php(1142): CodeIgniter\View\View->render('template/bank-pro/blog', [], true)
 3 APPPATH/Controllers/Pages.php(40): view('template/bank-pro/blog', [...])
 4 SYSTEMPATH/CodeIgniter.php(907): App\Controllers\Pages->view('blog', 'wp-includes', 'wlwmanifest.xml')
 5 SYSTEMPATH/CodeIgniter.php(457): CodeIgniter\CodeIgniter->runController(Object(App\Controllers\Pages))
 6 SYSTEMPATH/CodeIgniter.php(340): CodeIgniter\CodeIgniter->handleRequest(null, Object(Config\Cache), false)
 7 FCPATH/index.php(71): CodeIgniter\CodeIgniter->run()
CRITICAL - 2023-04-13 18:17:11 --> Invalid file: template/bank-pro/web.php
in SYSTEMPATH/Exceptions/FrameworkException.php on line 33.
 1 SYSTEMPATH/View/View.php(201): CodeIgniter\Exceptions\FrameworkException::forInvalidFile('template/bank-pro/web.php')
 2 SYSTEMPATH/Common.php(1142): CodeIgniter\View\View->render('template/bank-pro/web', [], true)
 3 APPPATH/Controllers/Pages.php(40): view('template/bank-pro/web', [...])
 4 SYSTEMPATH/CodeIgniter.php(907): App\Controllers\Pages->view('web', 'wp-includes', 'wlwmanifest.xml')
 5 SYSTEMPATH/CodeIgniter.php(457): CodeIgniter\CodeIgniter->runController(Object(App\Controllers\Pages))
 6 SYSTEMPATH/CodeIgniter.php(340): CodeIgniter\CodeIgniter->handleRequest(null, Object(Config\Cache), false)
 7 FCPATH/index.php(71): CodeIgniter\CodeIgniter->run()
CRITICAL - 2023-04-13 18:17:11 --> Invalid file: template/bank-pro/wordpress.php
in SYSTEMPATH/Exceptions/FrameworkException.php on line 33.
 1 SYSTEMPATH/View/View.php(201): CodeIgniter\Exceptions\FrameworkException::forInvalidFile('template/bank-pro/wordpress.php')
 2 SYSTEMPATH/Common.php(1142): CodeIgniter\View\View->render('template/bank-pro/wordpress', [], true)
 3 APPPATH/Controllers/Pages.php(40): view('template/bank-pro/wordpress', [...])
 4 SYSTEMPATH/CodeIgniter.php(907): App\Controllers\Pages->view('wordpress', 'wp-includes', 'wlwmanifest.xml')
 5 SYSTEMPATH/CodeIgniter.php(457): CodeIgniter\CodeIgniter->runController(Object(App\Controllers\Pages))
 6 SYSTEMPATH/CodeIgniter.php(340): CodeIgniter\CodeIgniter->handleRequest(null, Object(Config\Cache), false)
 7 FCPATH/index.php(71): CodeIgniter\CodeIgniter->run()
CRITICAL - 2023-04-13 18:17:11 --> Invalid file: template/bank-pro/website.php
in SYSTEMPATH/Exceptions/FrameworkException.php on line 33.
 1 SYSTEMPATH/View/View.php(201): CodeIgniter\Exceptions\FrameworkException::forInvalidFile('template/bank-pro/website.php')
 2 SYSTEMPATH/Common.php(1142): CodeIgniter\View\View->render('template/bank-pro/website', [], true)
 3 APPPATH/Controllers/Pages.php(40): view('template/bank-pro/website', [...])
 4 SYSTEMPATH/CodeIgniter.php(907): App\Controllers\Pages->view('website', 'wp-includes', 'wlwmanifest.xml')
 5 SYSTEMPATH/CodeIgniter.php(457): CodeIgniter\CodeIgniter->runController(Object(App\Controllers\Pages))
 6 SYSTEMPATH/CodeIgniter.php(340): CodeIgniter\CodeIgniter->handleRequest(null, Object(Config\Cache), false)
 7 FCPATH/index.php(71): CodeIgniter\CodeIgniter->run()
CRITICAL - 2023-04-13 18:17:11 --> Invalid file: template/bank-pro/wp.php
in SYSTEMPATH/Exceptions/FrameworkException.php on line 33.
 1 SYSTEMPATH/View/View.php(201): CodeIgniter\Exceptions\FrameworkException::forInvalidFile('template/bank-pro/wp.php')
 2 SYSTEMPATH/Common.php(1142): CodeIgniter\View\View->render('template/bank-pro/wp', [], true)
 3 APPPATH/Controllers/Pages.php(40): view('template/bank-pro/wp', [...])
 4 SYSTEMPATH/CodeIgniter.php(907): App\Controllers\Pages->view('wp', 'wp-includes', 'wlwmanifest.xml')
 5 SYSTEMPATH/CodeIgniter.php(457): CodeIgniter\CodeIgniter->runController(Object(App\Controllers\Pages))
 6 SYSTEMPATH/CodeIgniter.php(340): CodeIgniter\CodeIgniter->handleRequest(null, Object(Config\Cache), false)
 7 FCPATH/index.php(71): CodeIgniter\CodeIgniter->run()
CRITICAL - 2023-04-13 18:17:11 --> Invalid file: template/bank-pro/2020.php
in SYSTEMPATH/Exceptions/FrameworkException.php on line 33.
 1 SYSTEMPATH/View/View.php(201): CodeIgniter\Exceptions\FrameworkException::forInvalidFile('template/bank-pro/2020.php')
 2 SYSTEMPATH/Common.php(1142): CodeIgniter\View\View->render('template/bank-pro/2020', [], true)
 3 APPPATH/Controllers/Pages.php(40): view('template/bank-pro/2020', [...])
 4 SYSTEMPATH/CodeIgniter.php(907): App\Controllers\Pages->view('2020', 'wp-includes', 'wlwmanifest.xml')
 5 SYSTEMPATH/CodeIgniter.php(457): CodeIgniter\CodeIgniter->runController(Object(App\Controllers\Pages))
 6 SYSTEMPATH/CodeIgniter.php(340): CodeIgniter\CodeIgniter->handleRequest(null, Object(Config\Cache), false)
 7 FCPATH/index.php(71): CodeIgniter\CodeIgniter->run()
CRITICAL - 2023-04-13 18:17:12 --> Invalid file: template/bank-pro/2019.php
in SYSTEMPATH/Exceptions/FrameworkException.php on line 33.
 1 SYSTEMPATH/View/View.php(201): CodeIgniter\Exceptions\FrameworkException::forInvalidFile('template/bank-pro/2019.php')
 2 SYSTEMPATH/Common.php(1142): CodeIgniter\View\View->render('template/bank-pro/2019', [], true)
 3 APPPATH/Controllers/Pages.php(40): view('template/bank-pro/2019', [...])
 4 SYSTEMPATH/CodeIgniter.php(907): App\Controllers\Pages->view('2019', 'wp-includes', 'wlwmanifest.xml')
 5 SYSTEMPATH/CodeIgniter.php(457): CodeIgniter\CodeIgniter->runController(Object(App\Controllers\Pages))
 6 SYSTEMPATH/CodeIgniter.php(340): CodeIgniter\CodeIgniter->handleRequest(null, Object(Config\Cache), false)
 7 FCPATH/index.php(71): CodeIgniter\CodeIgniter->run()
CRITICAL - 2023-04-13 18:17:12 --> Invalid file: template/bank-pro/shop.php
in SYSTEMPATH/Exceptions/FrameworkException.php on line 33.
 1 SYSTEMPATH/View/View.php(201): CodeIgniter\Exceptions\FrameworkException::forInvalidFile('template/bank-pro/shop.php')
 2 SYSTEMPATH/Common.php(1142): CodeIgniter\View\View->render('template/bank-pro/shop', [], true)
 3 APPPATH/Controllers/Pages.php(40): view('template/bank-pro/shop', [...])
 4 SYSTEMPATH/CodeIgniter.php(907): App\Controllers\Pages->view('shop', 'wp-includes', 'wlwmanifest.xml')
 5 SYSTEMPATH/CodeIgniter.php(457): CodeIgniter\CodeIgniter->runController(Object(App\Controllers\Pages))
 6 SYSTEMPATH/CodeIgniter.php(340): CodeIgniter\CodeIgniter->handleRequest(null, Object(Config\Cache), false)
 7 FCPATH/index.php(71): CodeIgniter\CodeIgniter->run()
CRITICAL - 2023-04-13 18:17:12 --> Invalid file: template/bank-pro/wp1.php
in SYSTEMPATH/Exceptions/FrameworkException.php on line 33.
 1 SYSTEMPATH/View/View.php(201): CodeIgniter\Exceptions\FrameworkException::forInvalidFile('template/bank-pro/wp1.php')
 2 SYSTEMPATH/Common.php(1142): CodeIgniter\View\View->render('template/bank-pro/wp1', [], true)
 3 APPPATH/Controllers/Pages.php(40): view('template/bank-pro/wp1', [...])
 4 SYSTEMPATH/CodeIgniter.php(907): App\Controllers\Pages->view('wp1', 'wp-includes', 'wlwmanifest.xml')
 5 SYSTEMPATH/CodeIgniter.php(457): CodeIgniter\CodeIgniter->runController(Object(App\Controllers\Pages))
 6 SYSTEMPATH/CodeIgniter.php(340): CodeIgniter\CodeIgniter->handleRequest(null, Object(Config\Cache), false)
 7 FCPATH/index.php(71): CodeIgniter\CodeIgniter->run()
CRITICAL - 2023-04-13 18:17:12 --> Invalid file: template/bank-pro/test.php
in SYSTEMPATH/Exceptions/FrameworkException.php on line 33.
 1 SYSTEMPATH/View/View.php(201): CodeIgniter\Exceptions\FrameworkException::forInvalidFile('template/bank-pro/test.php')
 2 SYSTEMPATH/Common.php(1142): CodeIgniter\View\View->render('template/bank-pro/test', [], true)
 3 APPPATH/Controllers/Pages.php(40): view('template/bank-pro/test', [...])
 4 SYSTEMPATH/CodeIgniter.php(907): App\Controllers\Pages->view('test', 'wp-includes', 'wlwmanifest.xml')
 5 SYSTEMPATH/CodeIgniter.php(457): CodeIgniter\CodeIgniter->runController(Object(App\Controllers\Pages))
 6 SYSTEMPATH/CodeIgniter.php(340): CodeIgniter\CodeIgniter->handleRequest(null, Object(Config\Cache), false)
 7 FCPATH/index.php(71): CodeIgniter\CodeIgniter->run()
CRITICAL - 2023-04-13 18:17:12 --> Invalid file: template/bank-pro/wp2.php
in SYSTEMPATH/Exceptions/FrameworkException.php on line 33.
 1 SYSTEMPATH/View/View.php(201): CodeIgniter\Exceptions\FrameworkException::forInvalidFile('template/bank-pro/wp2.php')
 2 SYSTEMPATH/Common.php(1142): CodeIgniter\View\View->render('template/bank-pro/wp2', [], true)
 3 APPPATH/Controllers/Pages.php(40): view('template/bank-pro/wp2', [...])
 4 SYSTEMPATH/CodeIgniter.php(907): App\Controllers\Pages->view('wp2', 'wp-includes', 'wlwmanifest.xml')
 5 SYSTEMPATH/CodeIgniter.php(457): CodeIgniter\CodeIgniter->runController(Object(App\Controllers\Pages))
 6 SYSTEMPATH/CodeIgniter.php(340): CodeIgniter\CodeIgniter->handleRequest(null, Object(Config\Cache), false)
 7 FCPATH/index.php(71): CodeIgniter\CodeIgniter->run()
CRITICAL - 2023-04-13 18:17:13 --> Invalid file: template/bank-pro/site.php
in SYSTEMPATH/Exceptions/FrameworkException.php on line 33.
 1 SYSTEMPATH/View/View.php(201): CodeIgniter\Exceptions\FrameworkException::forInvalidFile('template/bank-pro/site.php')
 2 SYSTEMPATH/Common.php(1142): CodeIgniter\View\View->render('template/bank-pro/site', [], true)
 3 APPPATH/Controllers/Pages.php(40): view('template/bank-pro/site', [...])
 4 SYSTEMPATH/CodeIgniter.php(907): App\Controllers\Pages->view('site', 'wp-includes', 'wlwmanifest.xml')
 5 SYSTEMPATH/CodeIgniter.php(457): CodeIgniter\CodeIgniter->runController(Object(App\Controllers\Pages))
 6 SYSTEMPATH/CodeIgniter.php(340): CodeIgniter\CodeIgniter->handleRequest(null, Object(Config\Cache), false)
 7 FCPATH/index.php(71): CodeIgniter\CodeIgniter->run()
CRITICAL - 2023-04-13 18:17:13 --> Invalid file: template/bank-pro/cms.php
in SYSTEMPATH/Exceptions/FrameworkException.php on line 33.
 1 SYSTEMPATH/View/View.php(201): CodeIgniter\Exceptions\FrameworkException::forInvalidFile('template/bank-pro/cms.php')
 2 SYSTEMPATH/Common.php(1142): CodeIgniter\View\View->render('template/bank-pro/cms', [], true)
 3 APPPATH/Controllers/Pages.php(40): view('template/bank-pro/cms', [...])
 4 SYSTEMPATH/CodeIgniter.php(907): App\Controllers\Pages->view('cms', 'wp-includes', 'wlwmanifest.xml')
 5 SYSTEMPATH/CodeIgniter.php(457): CodeIgniter\CodeIgniter->runController(Object(App\Controllers\Pages))
 6 SYSTEMPATH/CodeIgniter.php(340): CodeIgniter\CodeIgniter->handleRequest(null, Object(Config\Cache), false)
 7 FCPATH/index.php(71): CodeIgniter\CodeIgniter->run()
CRITICAL - 2023-04-13 18:17:13 --> Invalid file: template/bank-pro/sito.php
in SYSTEMPATH/Exceptions/FrameworkException.php on line 33.
 1 SYSTEMPATH/View/View.php(201): CodeIgniter\Exceptions\FrameworkException::forInvalidFile('template/bank-pro/sito.php')
 2 SYSTEMPATH/Common.php(1142): CodeIgniter\View\View->render('template/bank-pro/sito', [], true)
 3 APPPATH/Controllers/Pages.php(40): view('template/bank-pro/sito', [...])
 4 SYSTEMPATH/CodeIgniter.php(907): App\Controllers\Pages->view('sito', 'wp-includes', 'wlwmanifest.xml')
 5 SYSTEMPATH/CodeIgniter.php(457): CodeIgniter\CodeIgniter->runController(Object(App\Controllers\Pages))
 6 SYSTEMPATH/CodeIgniter.php(340): CodeIgniter\CodeIgniter->handleRequest(null, Object(Config\Cache), false)
 7 FCPATH/index.php(71): CodeIgniter\CodeIgniter->run()
CRITICAL - 2023-04-13 19:37:59 --> Invalid file: template/bank-pro/templates.php
in SYSTEMPATH/Exceptions/FrameworkException.php on line 33.
 1 SYSTEMPATH/View/View.php(201): CodeIgniter\Exceptions\FrameworkException::forInvalidFile('template/bank-pro/templates.php')
 2 SYSTEMPATH/Common.php(1142): CodeIgniter\View\View->render('template/bank-pro/templates', [], true)
 3 APPPATH/Controllers/Pages.php(40): view('template/bank-pro/templates', [...])
 4 SYSTEMPATH/CodeIgniter.php(907): App\Controllers\Pages->view('FCPATH/templates', 'bank-pro', 'p.typekit.net', 'p5e61.css')
 5 SYSTEMPATH/CodeIgniter.php(457): CodeIgniter\CodeIgniter->runController(Object(App\Controllers\Pages))
 6 SYSTEMPATH/CodeIgniter.php(340): CodeIgniter\CodeIgniter->handleRequest(null, Object(Config\Cache), false)
 7 FCPATH/index.php(71): CodeIgniter\CodeIgniter->run()
CRITICAL - 2023-04-13 19:38:00 --> Invalid file: template/bank-pro/templates.php
in SYSTEMPATH/Exceptions/FrameworkException.php on line 33.
 1 SYSTEMPATH/View/View.php(201): CodeIgniter\Exceptions\FrameworkException::forInvalidFile('template/bank-pro/templates.php')
 2 SYSTEMPATH/Common.php(1142): CodeIgniter\View\View->render('template/bank-pro/templates', [], true)
 3 APPPATH/Controllers/Pages.php(40): view('template/bank-pro/templates', [...])
 4 SYSTEMPATH/CodeIgniter.php(907): App\Controllers\Pages->view('FCPATH/templates', 'bank-pro', 'css', 'images', 'FCPATH/assets', 'citadel-logo.svg')
 5 SYSTEMPATH/CodeIgniter.php(457): CodeIgniter\CodeIgniter->runController(Object(App\Controllers\Pages))
 6 SYSTEMPATH/CodeIgniter.php(340): CodeIgniter\CodeIgniter->handleRequest(null, Object(Config\Cache), false)
 7 FCPATH/index.php(71): CodeIgniter\CodeIgniter->run()
CRITICAL - 2023-04-13 19:38:00 --> Invalid file: template/bank-pro/templates.php
in SYSTEMPATH/Exceptions/FrameworkException.php on line 33.
 1 SYSTEMPATH/View/View.php(201): CodeIgniter\Exceptions\FrameworkException::forInvalidFile('template/bank-pro/templates.php')
 2 SYSTEMPATH/Common.php(1142): CodeIgniter\View\View->render('template/bank-pro/templates', [], true)
 3 APPPATH/Controllers/Pages.php(40): view('template/bank-pro/templates', [...])
 4 SYSTEMPATH/CodeIgniter.php(907): App\Controllers\Pages->view('FCPATH/templates', 'bank-pro', 'css', 'images', 'FCPATH/assets', 'ico-caret--black.png')
 5 SYSTEMPATH/CodeIgniter.php(457): CodeIgniter\CodeIgniter->runController(Object(App\Controllers\Pages))
 6 SYSTEMPATH/CodeIgniter.php(340): CodeIgniter\CodeIgniter->handleRequest(null, Object(Config\Cache), false)
 7 FCPATH/index.php(71): CodeIgniter\CodeIgniter->run()
CRITICAL - 2023-04-13 19:38:00 --> Invalid file: template/bank-pro/templates.php
in SYSTEMPATH/Exceptions/FrameworkException.php on line 33.
 1 SYSTEMPATH/View/View.php(201): CodeIgniter\Exceptions\FrameworkException::forInvalidFile('template/bank-pro/templates.php')
 2 SYSTEMPATH/Common.php(1142): CodeIgniter\View\View->render('template/bank-pro/templates', [], true)
 3 APPPATH/Controllers/Pages.php(40): view('template/bank-pro/templates', [...])
 4 SYSTEMPATH/CodeIgniter.php(907): App\Controllers\Pages->view('FCPATH/templates', 'bank-pro', 'css', 'images', 'FCPATH/assets', 'pattern-bg-medium.svg')
 5 SYSTEMPATH/CodeIgniter.php(457): CodeIgniter\CodeIgniter->runController(Object(App\Controllers\Pages))
 6 SYSTEMPATH/CodeIgniter.php(340): CodeIgniter\CodeIgniter->handleRequest(null, Object(Config\Cache), false)
 7 FCPATH/index.php(71): CodeIgniter\CodeIgniter->run()
CRITICAL - 2023-04-13 20:34:38 --> Invalid file: template/bank-pro/wp-includes.php
in SYSTEMPATH/Exceptions/FrameworkException.php on line 33.
 1 SYSTEMPATH/View/View.php(201): CodeIgniter\Exceptions\FrameworkException::forInvalidFile('template/bank-pro/wp-includes.php')
 2 SYSTEMPATH/Common.php(1142): CodeIgniter\View\View->render('template/bank-pro/wp-includes', [], true)
 3 APPPATH/Controllers/Pages.php(40): view('template/bank-pro/wp-includes', [...])
 4 SYSTEMPATH/CodeIgniter.php(907): App\Controllers\Pages->view('wp-includes', 'wlwmanifest.xml')
 5 SYSTEMPATH/CodeIgniter.php(457): CodeIgniter\CodeIgniter->runController(Object(App\Controllers\Pages))
 6 SYSTEMPATH/CodeIgniter.php(340): CodeIgniter\CodeIgniter->handleRequest(null, Object(Config\Cache), false)
 7 FCPATH/index.php(71): CodeIgniter\CodeIgniter->run()
CRITICAL - 2023-04-13 20:34:38 --> Invalid file: template/bank-pro/xmlrpc.php
in SYSTEMPATH/Exceptions/FrameworkException.php on line 33.
 1 SYSTEMPATH/View/View.php(201): CodeIgniter\Exceptions\FrameworkException::forInvalidFile('template/bank-pro/xmlrpc.php')
 2 SYSTEMPATH/Common.php(1142): CodeIgniter\View\View->render('template/bank-pro/xmlrpc.php', [], true)
 3 APPPATH/Controllers/Pages.php(40): view('template/bank-pro/xmlrpc.php', [...])
 4 SYSTEMPATH/CodeIgniter.php(907): App\Controllers\Pages->view('xmlrpc.php')
 5 SYSTEMPATH/CodeIgniter.php(457): CodeIgniter\CodeIgniter->runController(Object(App\Controllers\Pages))
 6 SYSTEMPATH/CodeIgniter.php(340): CodeIgniter\CodeIgniter->handleRequest(null, Object(Config\Cache), false)
 7 FCPATH/index.php(71): CodeIgniter\CodeIgniter->run()
CRITICAL - 2023-04-13 20:34:39 --> Invalid file: template/bank-pro/blog.php
in SYSTEMPATH/Exceptions/FrameworkException.php on line 33.
 1 SYSTEMPATH/View/View.php(201): CodeIgniter\Exceptions\FrameworkException::forInvalidFile('template/bank-pro/blog.php')
 2 SYSTEMPATH/Common.php(1142): CodeIgniter\View\View->render('template/bank-pro/blog', [], true)
 3 APPPATH/Controllers/Pages.php(40): view('template/bank-pro/blog', [...])
 4 SYSTEMPATH/CodeIgniter.php(907): App\Controllers\Pages->view('blog', 'wp-includes', 'wlwmanifest.xml')
 5 SYSTEMPATH/CodeIgniter.php(457): CodeIgniter\CodeIgniter->runController(Object(App\Controllers\Pages))
 6 SYSTEMPATH/CodeIgniter.php(340): CodeIgniter\CodeIgniter->handleRequest(null, Object(Config\Cache), false)
 7 FCPATH/index.php(71): CodeIgniter\CodeIgniter->run()
CRITICAL - 2023-04-13 20:34:39 --> Invalid file: template/bank-pro/web.php
in SYSTEMPATH/Exceptions/FrameworkException.php on line 33.
 1 SYSTEMPATH/View/View.php(201): CodeIgniter\Exceptions\FrameworkException::forInvalidFile('template/bank-pro/web.php')
 2 SYSTEMPATH/Common.php(1142): CodeIgniter\View\View->render('template/bank-pro/web', [], true)
 3 APPPATH/Controllers/Pages.php(40): view('template/bank-pro/web', [...])
 4 SYSTEMPATH/CodeIgniter.php(907): App\Controllers\Pages->view('web', 'wp-includes', 'wlwmanifest.xml')
 5 SYSTEMPATH/CodeIgniter.php(457): CodeIgniter\CodeIgniter->runController(Object(App\Controllers\Pages))
 6 SYSTEMPATH/CodeIgniter.php(340): CodeIgniter\CodeIgniter->handleRequest(null, Object(Config\Cache), false)
 7 FCPATH/index.php(71): CodeIgniter\CodeIgniter->run()
CRITICAL - 2023-04-13 20:34:39 --> Invalid file: template/bank-pro/wordpress.php
in SYSTEMPATH/Exceptions/FrameworkException.php on line 33.
 1 SYSTEMPATH/View/View.php(201): CodeIgniter\Exceptions\FrameworkException::forInvalidFile('template/bank-pro/wordpress.php')
 2 SYSTEMPATH/Common.php(1142): CodeIgniter\View\View->render('template/bank-pro/wordpress', [], true)
 3 APPPATH/Controllers/Pages.php(40): view('template/bank-pro/wordpress', [...])
 4 SYSTEMPATH/CodeIgniter.php(907): App\Controllers\Pages->view('wordpress', 'wp-includes', 'wlwmanifest.xml')
 5 SYSTEMPATH/CodeIgniter.php(457): CodeIgniter\CodeIgniter->runController(Object(App\Controllers\Pages))
 6 SYSTEMPATH/CodeIgniter.php(340): CodeIgniter\CodeIgniter->handleRequest(null, Object(Config\Cache), false)
 7 FCPATH/index.php(71): CodeIgniter\CodeIgniter->run()
CRITICAL - 2023-04-13 20:34:39 --> Invalid file: template/bank-pro/website.php
in SYSTEMPATH/Exceptions/FrameworkException.php on line 33.
 1 SYSTEMPATH/View/View.php(201): CodeIgniter\Exceptions\FrameworkException::forInvalidFile('template/bank-pro/website.php')
 2 SYSTEMPATH/Common.php(1142): CodeIgniter\View\View->render('template/bank-pro/website', [], true)
 3 APPPATH/Controllers/Pages.php(40): view('template/bank-pro/website', [...])
 4 SYSTEMPATH/CodeIgniter.php(907): App\Controllers\Pages->view('website', 'wp-includes', 'wlwmanifest.xml')
 5 SYSTEMPATH/CodeIgniter.php(457): CodeIgniter\CodeIgniter->runController(Object(App\Controllers\Pages))
 6 SYSTEMPATH/CodeIgniter.php(340): CodeIgniter\CodeIgniter->handleRequest(null, Object(Config\Cache), false)
 7 FCPATH/index.php(71): CodeIgniter\CodeIgniter->run()
CRITICAL - 2023-04-13 20:34:39 --> Invalid file: template/bank-pro/wp.php
in SYSTEMPATH/Exceptions/FrameworkException.php on line 33.
 1 SYSTEMPATH/View/View.php(201): CodeIgniter\Exceptions\FrameworkException::forInvalidFile('template/bank-pro/wp.php')
 2 SYSTEMPATH/Common.php(1142): CodeIgniter\View\View->render('template/bank-pro/wp', [], true)
 3 APPPATH/Controllers/Pages.php(40): view('template/bank-pro/wp', [...])
 4 SYSTEMPATH/CodeIgniter.php(907): App\Controllers\Pages->view('wp', 'wp-includes', 'wlwmanifest.xml')
 5 SYSTEMPATH/CodeIgniter.php(457): CodeIgniter\CodeIgniter->runController(Object(App\Controllers\Pages))
 6 SYSTEMPATH/CodeIgniter.php(340): CodeIgniter\CodeIgniter->handleRequest(null, Object(Config\Cache), false)
 7 FCPATH/index.php(71): CodeIgniter\CodeIgniter->run()
CRITICAL - 2023-04-13 20:34:39 --> Invalid file: template/bank-pro/2018.php
in SYSTEMPATH/Exceptions/FrameworkException.php on line 33.
 1 SYSTEMPATH/View/View.php(201): CodeIgniter\Exceptions\FrameworkException::forInvalidFile('template/bank-pro/2018.php')
 2 SYSTEMPATH/Common.php(1142): CodeIgniter\View\View->render('template/bank-pro/2018', [], true)
 3 APPPATH/Controllers/Pages.php(40): view('template/bank-pro/2018', [...])
 4 SYSTEMPATH/CodeIgniter.php(907): App\Controllers\Pages->view('2018', 'wp-includes', 'wlwmanifest.xml')
 5 SYSTEMPATH/CodeIgniter.php(457): CodeIgniter\CodeIgniter->runController(Object(App\Controllers\Pages))
 6 SYSTEMPATH/CodeIgniter.php(340): CodeIgniter\CodeIgniter->handleRequest(null, Object(Config\Cache), false)
 7 FCPATH/index.php(71): CodeIgniter\CodeIgniter->run()
CRITICAL - 2023-04-13 20:34:39 --> Invalid file: template/bank-pro/2019.php
in SYSTEMPATH/Exceptions/FrameworkException.php on line 33.
 1 SYSTEMPATH/View/View.php(201): CodeIgniter\Exceptions\FrameworkException::forInvalidFile('template/bank-pro/2019.php')
 2 SYSTEMPATH/Common.php(1142): CodeIgniter\View\View->render('template/bank-pro/2019', [], true)
 3 APPPATH/Controllers/Pages.php(40): view('template/bank-pro/2019', [...])
 4 SYSTEMPATH/CodeIgniter.php(907): App\Controllers\Pages->view('2019', 'wp-includes', 'wlwmanifest.xml')
 5 SYSTEMPATH/CodeIgniter.php(457): CodeIgniter\CodeIgniter->runController(Object(App\Controllers\Pages))
 6 SYSTEMPATH/CodeIgniter.php(340): CodeIgniter\CodeIgniter->handleRequest(null, Object(Config\Cache), false)
 7 FCPATH/index.php(71): CodeIgniter\CodeIgniter->run()
CRITICAL - 2023-04-13 20:34:40 --> Invalid file: template/bank-pro/shop.php
in SYSTEMPATH/Exceptions/FrameworkException.php on line 33.
 1 SYSTEMPATH/View/View.php(201): CodeIgniter\Exceptions\FrameworkException::forInvalidFile('template/bank-pro/shop.php')
 2 SYSTEMPATH/Common.php(1142): CodeIgniter\View\View->render('template/bank-pro/shop', [], true)
 3 APPPATH/Controllers/Pages.php(40): view('template/bank-pro/shop', [...])
 4 SYSTEMPATH/CodeIgniter.php(907): App\Controllers\Pages->view('shop', 'wp-includes', 'wlwmanifest.xml')
 5 SYSTEMPATH/CodeIgniter.php(457): CodeIgniter\CodeIgniter->runController(Object(App\Controllers\Pages))
 6 SYSTEMPATH/CodeIgniter.php(340): CodeIgniter\CodeIgniter->handleRequest(null, Object(Config\Cache), false)
 7 FCPATH/index.php(71): CodeIgniter\CodeIgniter->run()
CRITICAL - 2023-04-13 20:34:40 --> Invalid file: template/bank-pro/wp1.php
in SYSTEMPATH/Exceptions/FrameworkException.php on line 33.
 1 SYSTEMPATH/View/View.php(201): CodeIgniter\Exceptions\FrameworkException::forInvalidFile('template/bank-pro/wp1.php')
 2 SYSTEMPATH/Common.php(1142): CodeIgniter\View\View->render('template/bank-pro/wp1', [], true)
 3 APPPATH/Controllers/Pages.php(40): view('template/bank-pro/wp1', [...])
 4 SYSTEMPATH/CodeIgniter.php(907): App\Controllers\Pages->view('wp1', 'wp-includes', 'wlwmanifest.xml')
 5 SYSTEMPATH/CodeIgniter.php(457): CodeIgniter\CodeIgniter->runController(Object(App\Controllers\Pages))
 6 SYSTEMPATH/CodeIgniter.php(340): CodeIgniter\CodeIgniter->handleRequest(null, Object(Config\Cache), false)
 7 FCPATH/index.php(71): CodeIgniter\CodeIgniter->run()
CRITICAL - 2023-04-13 20:34:40 --> Invalid file: template/bank-pro/test.php
in SYSTEMPATH/Exceptions/FrameworkException.php on line 33.
 1 SYSTEMPATH/View/View.php(201): CodeIgniter\Exceptions\FrameworkException::forInvalidFile('template/bank-pro/test.php')
 2 SYSTEMPATH/Common.php(1142): CodeIgniter\View\View->render('template/bank-pro/test', [], true)
 3 APPPATH/Controllers/Pages.php(40): view('template/bank-pro/test', [...])
 4 SYSTEMPATH/CodeIgniter.php(907): App\Controllers\Pages->view('test', 'wp-includes', 'wlwmanifest.xml')
 5 SYSTEMPATH/CodeIgniter.php(457): CodeIgniter\CodeIgniter->runController(Object(App\Controllers\Pages))
 6 SYSTEMPATH/CodeIgniter.php(340): CodeIgniter\CodeIgniter->handleRequest(null, Object(Config\Cache), false)
 7 FCPATH/index.php(71): CodeIgniter\CodeIgniter->run()
CRITICAL - 2023-04-13 20:34:40 --> Invalid file: template/bank-pro/media.php
in SYSTEMPATH/Exceptions/FrameworkException.php on line 33.
 1 SYSTEMPATH/View/View.php(201): CodeIgniter\Exceptions\FrameworkException::forInvalidFile('template/bank-pro/media.php')
 2 SYSTEMPATH/Common.php(1142): CodeIgniter\View\View->render('template/bank-pro/media', [], true)
 3 APPPATH/Controllers/Pages.php(40): view('template/bank-pro/media', [...])
 4 SYSTEMPATH/CodeIgniter.php(907): App\Controllers\Pages->view('media', 'wp-includes', 'wlwmanifest.xml')
 5 SYSTEMPATH/CodeIgniter.php(457): CodeIgniter\CodeIgniter->runController(Object(App\Controllers\Pages))
 6 SYSTEMPATH/CodeIgniter.php(340): CodeIgniter\CodeIgniter->handleRequest(null, Object(Config\Cache), false)
 7 FCPATH/index.php(71): CodeIgniter\CodeIgniter->run()
CRITICAL - 2023-04-13 20:34:40 --> Invalid file: template/bank-pro/wp2.php
in SYSTEMPATH/Exceptions/FrameworkException.php on line 33.
 1 SYSTEMPATH/View/View.php(201): CodeIgniter\Exceptions\FrameworkException::forInvalidFile('template/bank-pro/wp2.php')
 2 SYSTEMPATH/Common.php(1142): CodeIgniter\View\View->render('template/bank-pro/wp2', [], true)
 3 APPPATH/Controllers/Pages.php(40): view('template/bank-pro/wp2', [...])
 4 SYSTEMPATH/CodeIgniter.php(907): App\Controllers\Pages->view('wp2', 'wp-includes', 'wlwmanifest.xml')
 5 SYSTEMPATH/CodeIgniter.php(457): CodeIgniter\CodeIgniter->runController(Object(App\Controllers\Pages))
 6 SYSTEMPATH/CodeIgniter.php(340): CodeIgniter\CodeIgniter->handleRequest(null, Object(Config\Cache), false)
 7 FCPATH/index.php(71): CodeIgniter\CodeIgniter->run()
CRITICAL - 2023-04-13 20:34:40 --> Invalid file: template/bank-pro/site.php
in SYSTEMPATH/Exceptions/FrameworkException.php on line 33.
 1 SYSTEMPATH/View/View.php(201): CodeIgniter\Exceptions\FrameworkException::forInvalidFile('template/bank-pro/site.php')
 2 SYSTEMPATH/Common.php(1142): CodeIgniter\View\View->render('template/bank-pro/site', [], true)
 3 APPPATH/Controllers/Pages.php(40): view('template/bank-pro/site', [...])
 4 SYSTEMPATH/CodeIgniter.php(907): App\Controllers\Pages->view('site', 'wp-includes', 'wlwmanifest.xml')
 5 SYSTEMPATH/CodeIgniter.php(457): CodeIgniter\CodeIgniter->runController(Object(App\Controllers\Pages))
 6 SYSTEMPATH/CodeIgniter.php(340): CodeIgniter\CodeIgniter->handleRequest(null, Object(Config\Cache), false)
 7 FCPATH/index.php(71): CodeIgniter\CodeIgniter->run()
CRITICAL - 2023-04-13 20:34:40 --> Invalid file: template/bank-pro/cms.php
in SYSTEMPATH/Exceptions/FrameworkException.php on line 33.
 1 SYSTEMPATH/View/View.php(201): CodeIgniter\Exceptions\FrameworkException::forInvalidFile('template/bank-pro/cms.php')
 2 SYSTEMPATH/Common.php(1142): CodeIgniter\View\View->render('template/bank-pro/cms', [], true)
 3 APPPATH/Controllers/Pages.php(40): view('template/bank-pro/cms', [...])
 4 SYSTEMPATH/CodeIgniter.php(907): App\Controllers\Pages->view('cms', 'wp-includes', 'wlwmanifest.xml')
 5 SYSTEMPATH/CodeIgniter.php(457): CodeIgniter\CodeIgniter->runController(Object(App\Controllers\Pages))
 6 SYSTEMPATH/CodeIgniter.php(340): CodeIgniter\CodeIgniter->handleRequest(null, Object(Config\Cache), false)
 7 FCPATH/index.php(71): CodeIgniter\CodeIgniter->run()
CRITICAL - 2023-04-13 20:34:40 --> Invalid file: template/bank-pro/sito.php
in SYSTEMPATH/Exceptions/FrameworkException.php on line 33.
 1 SYSTEMPATH/View/View.php(201): CodeIgniter\Exceptions\FrameworkException::forInvalidFile('template/bank-pro/sito.php')
 2 SYSTEMPATH/Common.php(1142): CodeIgniter\View\View->render('template/bank-pro/sito', [], true)
 3 APPPATH/Controllers/Pages.php(40): view('template/bank-pro/sito', [...])
 4 SYSTEMPATH/CodeIgniter.php(907): App\Controllers\Pages->view('sito', 'wp-includes', 'wlwmanifest.xml')
 5 SYSTEMPATH/CodeIgniter.php(457): CodeIgniter\CodeIgniter->runController(Object(App\Controllers\Pages))
 6 SYSTEMPATH/CodeIgniter.php(340): CodeIgniter\CodeIgniter->handleRequest(null, Object(Config\Cache), false)
 7 FCPATH/index.php(71): CodeIgniter\CodeIgniter->run()
