CRITICAL - 2023-01-11 00:00:12 --> Invalid file: template/kinsmen-sky/themes.php
in SYSTEMPATH/Exceptions/FrameworkException.php on line 33.
 1 SYSTEMPATH/View/View.php(201): CodeIgniter\Exceptions\FrameworkException::forInvalidFile()
 2 SYSTEMPATH/Common.php(1142): CodeIgniter\View\View->render()
 3 APPPATH/Controllers/Pages.php(54): view()
 4 SYSTEMPATH/CodeIgniter.php(907): App\Controllers\Pages->view()
 5 SYSTEMPATH/CodeIgniter.php(457): CodeIgniter\CodeIgniter->runController()
 6 SYSTEMPATH/CodeIgniter.php(340): CodeIgniter\CodeIgniter->handleRequest()
 7 FCPATH/index.php(71): CodeIgniter\CodeIgniter->run()
CRITICAL - 2023-01-11 00:00:12 --> Invalid file: template/kinsmen-sky/themes.php
in SYSTEMPATH/Exceptions/FrameworkException.php on line 33.
 1 SYSTEMPATH/View/View.php(201): CodeIgniter\Exceptions\FrameworkException::forInvalidFile()
 2 SYSTEMPATH/Common.php(1142): CodeIgniter\View\View->render()
 3 APPPATH/Controllers/Pages.php(54): view()
 4 SYSTEMPATH/CodeIgniter.php(907): App\Controllers\Pages->view()
 5 SYSTEMPATH/CodeIgniter.php(457): CodeIgniter\CodeIgniter->runController()
 6 SYSTEMPATH/CodeIgniter.php(340): CodeIgniter\CodeIgniter->handleRequest()
 7 FCPATH/index.php(71): CodeIgniter\CodeIgniter->run()
CRITICAL - 2023-01-11 00:00:12 --> Invalid file: template/kinsmen-sky/assets.php
in SYSTEMPATH/Exceptions/FrameworkException.php on line 33.
 1 SYSTEMPATH/View/View.php(201): CodeIgniter\Exceptions\FrameworkException::forInvalidFile()
 2 SYSTEMPATH/Common.php(1142): CodeIgniter\View\View->render()
 3 APPPATH/Controllers/Pages.php(54): view()
 4 SYSTEMPATH/CodeIgniter.php(907): App\Controllers\Pages->view()
 5 SYSTEMPATH/CodeIgniter.php(457): CodeIgniter\CodeIgniter->runController()
 6 SYSTEMPATH/CodeIgniter.php(340): CodeIgniter\CodeIgniter->handleRequest()
 7 FCPATH/index.php(71): CodeIgniter\CodeIgniter->run()
CRITICAL - 2023-01-11 00:00:12 --> Invalid file: template/kinsmen-sky/assets.php
in SYSTEMPATH/Exceptions/FrameworkException.php on line 33.
 1 SYSTEMPATH/View/View.php(201): CodeIgniter\Exceptions\FrameworkException::forInvalidFile()
 2 SYSTEMPATH/Common.php(1142): CodeIgniter\View\View->render()
 3 APPPATH/Controllers/Pages.php(54): view()
 4 SYSTEMPATH/CodeIgniter.php(907): App\Controllers\Pages->view()
 5 SYSTEMPATH/CodeIgniter.php(457): CodeIgniter\CodeIgniter->runController()
 6 SYSTEMPATH/CodeIgniter.php(340): CodeIgniter\CodeIgniter->handleRequest()
 7 FCPATH/index.php(71): CodeIgniter\CodeIgniter->run()
CRITICAL - 2023-01-11 00:00:12 --> Invalid file: template/kinsmen-sky/themes.php
in SYSTEMPATH/Exceptions/FrameworkException.php on line 33.
 1 SYSTEMPATH/View/View.php(201): CodeIgniter\Exceptions\FrameworkException::forInvalidFile()
 2 SYSTEMPATH/Common.php(1142): CodeIgniter\View\View->render()
 3 APPPATH/Controllers/Pages.php(54): view()
 4 SYSTEMPATH/CodeIgniter.php(907): App\Controllers\Pages->view()
 5 SYSTEMPATH/CodeIgniter.php(457): CodeIgniter\CodeIgniter->runController()
 6 SYSTEMPATH/CodeIgniter.php(340): CodeIgniter\CodeIgniter->handleRequest()
 7 FCPATH/index.php(71): CodeIgniter\CodeIgniter->run()
CRITICAL - 2023-01-11 00:00:12 --> Invalid file: template/kinsmen-sky/themes.php
in SYSTEMPATH/Exceptions/FrameworkException.php on line 33.
 1 SYSTEMPATH/View/View.php(201): CodeIgniter\Exceptions\FrameworkException::forInvalidFile()
 2 SYSTEMPATH/Common.php(1142): CodeIgniter\View\View->render()
 3 APPPATH/Controllers/Pages.php(54): view()
 4 SYSTEMPATH/CodeIgniter.php(907): App\Controllers\Pages->view()
 5 SYSTEMPATH/CodeIgniter.php(457): CodeIgniter\CodeIgniter->runController()
 6 SYSTEMPATH/CodeIgniter.php(340): CodeIgniter\CodeIgniter->handleRequest()
 7 FCPATH/index.php(71): CodeIgniter\CodeIgniter->run()
CRITICAL - 2023-01-11 00:00:12 --> Invalid file: template/kinsmen-sky/themes.php
in SYSTEMPATH/Exceptions/FrameworkException.php on line 33.
 1 SYSTEMPATH/View/View.php(201): CodeIgniter\Exceptions\FrameworkException::forInvalidFile()
 2 SYSTEMPATH/Common.php(1142): CodeIgniter\View\View->render()
 3 APPPATH/Controllers/Pages.php(54): view()
 4 SYSTEMPATH/CodeIgniter.php(907): App\Controllers\Pages->view()
 5 SYSTEMPATH/CodeIgniter.php(457): CodeIgniter\CodeIgniter->runController()
 6 SYSTEMPATH/CodeIgniter.php(340): CodeIgniter\CodeIgniter->handleRequest()
 7 FCPATH/index.php(71): CodeIgniter\CodeIgniter->run()
CRITICAL - 2023-01-11 00:00:12 --> Invalid file: template/kinsmen-sky/themes.php
in SYSTEMPATH/Exceptions/FrameworkException.php on line 33.
 1 SYSTEMPATH/View/View.php(201): CodeIgniter\Exceptions\FrameworkException::forInvalidFile()
 2 SYSTEMPATH/Common.php(1142): CodeIgniter\View\View->render()
 3 APPPATH/Controllers/Pages.php(54): view()
 4 SYSTEMPATH/CodeIgniter.php(907): App\Controllers\Pages->view()
 5 SYSTEMPATH/CodeIgniter.php(457): CodeIgniter\CodeIgniter->runController()
 6 SYSTEMPATH/CodeIgniter.php(340): CodeIgniter\CodeIgniter->handleRequest()
 7 FCPATH/index.php(71): CodeIgniter\CodeIgniter->run()
CRITICAL - 2023-01-11 00:00:12 --> Invalid file: template/kinsmen-sky/themes.php
in SYSTEMPATH/Exceptions/FrameworkException.php on line 33.
 1 SYSTEMPATH/View/View.php(201): CodeIgniter\Exceptions\FrameworkException::forInvalidFile()
 2 SYSTEMPATH/Common.php(1142): CodeIgniter\View\View->render()
 3 APPPATH/Controllers/Pages.php(54): view()
 4 SYSTEMPATH/CodeIgniter.php(907): App\Controllers\Pages->view()
 5 SYSTEMPATH/CodeIgniter.php(457): CodeIgniter\CodeIgniter->runController()
 6 SYSTEMPATH/CodeIgniter.php(340): CodeIgniter\CodeIgniter->handleRequest()
 7 FCPATH/index.php(71): CodeIgniter\CodeIgniter->run()
CRITICAL - 2023-01-11 00:01:18 --> Invalid file: template/kinsmen-sky/themes.php
in SYSTEMPATH/Exceptions/FrameworkException.php on line 33.
 1 SYSTEMPATH/View/View.php(201): CodeIgniter\Exceptions\FrameworkException::forInvalidFile()
 2 SYSTEMPATH/Common.php(1142): CodeIgniter\View\View->render()
 3 APPPATH/Controllers/Pages.php(54): view()
 4 SYSTEMPATH/CodeIgniter.php(907): App\Controllers\Pages->view()
 5 SYSTEMPATH/CodeIgniter.php(457): CodeIgniter\CodeIgniter->runController()
 6 SYSTEMPATH/CodeIgniter.php(340): CodeIgniter\CodeIgniter->handleRequest()
 7 FCPATH/index.php(71): CodeIgniter\CodeIgniter->run()
CRITICAL - 2023-01-11 00:01:18 --> Invalid file: template/kinsmen-sky/themes.php
in SYSTEMPATH/Exceptions/FrameworkException.php on line 33.
 1 SYSTEMPATH/View/View.php(201): CodeIgniter\Exceptions\FrameworkException::forInvalidFile()
 2 SYSTEMPATH/Common.php(1142): CodeIgniter\View\View->render()
 3 APPPATH/Controllers/Pages.php(54): view()
 4 SYSTEMPATH/CodeIgniter.php(907): App\Controllers\Pages->view()
 5 SYSTEMPATH/CodeIgniter.php(457): CodeIgniter\CodeIgniter->runController()
 6 SYSTEMPATH/CodeIgniter.php(340): CodeIgniter\CodeIgniter->handleRequest()
 7 FCPATH/index.php(71): CodeIgniter\CodeIgniter->run()
CRITICAL - 2023-01-11 00:01:18 --> Invalid file: template/kinsmen-sky/assets.php
in SYSTEMPATH/Exceptions/FrameworkException.php on line 33.
 1 SYSTEMPATH/View/View.php(201): CodeIgniter\Exceptions\FrameworkException::forInvalidFile()
 2 SYSTEMPATH/Common.php(1142): CodeIgniter\View\View->render()
 3 APPPATH/Controllers/Pages.php(54): view()
 4 SYSTEMPATH/CodeIgniter.php(907): App\Controllers\Pages->view()
 5 SYSTEMPATH/CodeIgniter.php(457): CodeIgniter\CodeIgniter->runController()
 6 SYSTEMPATH/CodeIgniter.php(340): CodeIgniter\CodeIgniter->handleRequest()
 7 FCPATH/index.php(71): CodeIgniter\CodeIgniter->run()
CRITICAL - 2023-01-11 00:01:18 --> Invalid file: template/kinsmen-sky/assets.php
in SYSTEMPATH/Exceptions/FrameworkException.php on line 33.
 1 SYSTEMPATH/View/View.php(201): CodeIgniter\Exceptions\FrameworkException::forInvalidFile()
 2 SYSTEMPATH/Common.php(1142): CodeIgniter\View\View->render()
 3 APPPATH/Controllers/Pages.php(54): view()
 4 SYSTEMPATH/CodeIgniter.php(907): App\Controllers\Pages->view()
 5 SYSTEMPATH/CodeIgniter.php(457): CodeIgniter\CodeIgniter->runController()
 6 SYSTEMPATH/CodeIgniter.php(340): CodeIgniter\CodeIgniter->handleRequest()
 7 FCPATH/index.php(71): CodeIgniter\CodeIgniter->run()
CRITICAL - 2023-01-11 00:01:18 --> Invalid file: template/kinsmen-sky/themes.php
in SYSTEMPATH/Exceptions/FrameworkException.php on line 33.
 1 SYSTEMPATH/View/View.php(201): CodeIgniter\Exceptions\FrameworkException::forInvalidFile()
 2 SYSTEMPATH/Common.php(1142): CodeIgniter\View\View->render()
 3 APPPATH/Controllers/Pages.php(54): view()
 4 SYSTEMPATH/CodeIgniter.php(907): App\Controllers\Pages->view()
 5 SYSTEMPATH/CodeIgniter.php(457): CodeIgniter\CodeIgniter->runController()
 6 SYSTEMPATH/CodeIgniter.php(340): CodeIgniter\CodeIgniter->handleRequest()
 7 FCPATH/index.php(71): CodeIgniter\CodeIgniter->run()
CRITICAL - 2023-01-11 00:01:18 --> Invalid file: template/kinsmen-sky/themes.php
in SYSTEMPATH/Exceptions/FrameworkException.php on line 33.
 1 SYSTEMPATH/View/View.php(201): CodeIgniter\Exceptions\FrameworkException::forInvalidFile()
 2 SYSTEMPATH/Common.php(1142): CodeIgniter\View\View->render()
 3 APPPATH/Controllers/Pages.php(54): view()
 4 SYSTEMPATH/CodeIgniter.php(907): App\Controllers\Pages->view()
 5 SYSTEMPATH/CodeIgniter.php(457): CodeIgniter\CodeIgniter->runController()
 6 SYSTEMPATH/CodeIgniter.php(340): CodeIgniter\CodeIgniter->handleRequest()
 7 FCPATH/index.php(71): CodeIgniter\CodeIgniter->run()
CRITICAL - 2023-01-11 00:01:18 --> Invalid file: template/kinsmen-sky/themes.php
in SYSTEMPATH/Exceptions/FrameworkException.php on line 33.
 1 SYSTEMPATH/View/View.php(201): CodeIgniter\Exceptions\FrameworkException::forInvalidFile()
 2 SYSTEMPATH/Common.php(1142): CodeIgniter\View\View->render()
 3 APPPATH/Controllers/Pages.php(54): view()
 4 SYSTEMPATH/CodeIgniter.php(907): App\Controllers\Pages->view()
 5 SYSTEMPATH/CodeIgniter.php(457): CodeIgniter\CodeIgniter->runController()
 6 SYSTEMPATH/CodeIgniter.php(340): CodeIgniter\CodeIgniter->handleRequest()
 7 FCPATH/index.php(71): CodeIgniter\CodeIgniter->run()
CRITICAL - 2023-01-11 00:01:18 --> Invalid file: template/kinsmen-sky/themes.php
in SYSTEMPATH/Exceptions/FrameworkException.php on line 33.
 1 SYSTEMPATH/View/View.php(201): CodeIgniter\Exceptions\FrameworkException::forInvalidFile()
 2 SYSTEMPATH/Common.php(1142): CodeIgniter\View\View->render()
 3 APPPATH/Controllers/Pages.php(54): view()
 4 SYSTEMPATH/CodeIgniter.php(907): App\Controllers\Pages->view()
 5 SYSTEMPATH/CodeIgniter.php(457): CodeIgniter\CodeIgniter->runController()
 6 SYSTEMPATH/CodeIgniter.php(340): CodeIgniter\CodeIgniter->handleRequest()
 7 FCPATH/index.php(71): CodeIgniter\CodeIgniter->run()
CRITICAL - 2023-01-11 00:01:18 --> Invalid file: template/kinsmen-sky/themes.php
in SYSTEMPATH/Exceptions/FrameworkException.php on line 33.
 1 SYSTEMPATH/View/View.php(201): CodeIgniter\Exceptions\FrameworkException::forInvalidFile()
 2 SYSTEMPATH/Common.php(1142): CodeIgniter\View\View->render()
 3 APPPATH/Controllers/Pages.php(54): view()
 4 SYSTEMPATH/CodeIgniter.php(907): App\Controllers\Pages->view()
 5 SYSTEMPATH/CodeIgniter.php(457): CodeIgniter\CodeIgniter->runController()
 6 SYSTEMPATH/CodeIgniter.php(340): CodeIgniter\CodeIgniter->handleRequest()
 7 FCPATH/index.php(71): CodeIgniter\CodeIgniter->run()
CRITICAL - 2023-01-11 00:01:38 --> Invalid file: template/kinsmen-sky/themes.php
in SYSTEMPATH/Exceptions/FrameworkException.php on line 33.
 1 SYSTEMPATH/View/View.php(201): CodeIgniter\Exceptions\FrameworkException::forInvalidFile()
 2 SYSTEMPATH/Common.php(1142): CodeIgniter\View\View->render()
 3 APPPATH/Controllers/Pages.php(54): view()
 4 SYSTEMPATH/CodeIgniter.php(907): App\Controllers\Pages->view()
 5 SYSTEMPATH/CodeIgniter.php(457): CodeIgniter\CodeIgniter->runController()
 6 SYSTEMPATH/CodeIgniter.php(340): CodeIgniter\CodeIgniter->handleRequest()
 7 FCPATH/index.php(71): CodeIgniter\CodeIgniter->run()
CRITICAL - 2023-01-11 00:01:39 --> Invalid file: template/kinsmen-sky/themes.php
in SYSTEMPATH/Exceptions/FrameworkException.php on line 33.
 1 SYSTEMPATH/View/View.php(201): CodeIgniter\Exceptions\FrameworkException::forInvalidFile()
 2 SYSTEMPATH/Common.php(1142): CodeIgniter\View\View->render()
 3 APPPATH/Controllers/Pages.php(54): view()
 4 SYSTEMPATH/CodeIgniter.php(907): App\Controllers\Pages->view()
 5 SYSTEMPATH/CodeIgniter.php(457): CodeIgniter\CodeIgniter->runController()
 6 SYSTEMPATH/CodeIgniter.php(340): CodeIgniter\CodeIgniter->handleRequest()
 7 FCPATH/index.php(71): CodeIgniter\CodeIgniter->run()
CRITICAL - 2023-01-11 00:01:39 --> Invalid file: template/kinsmen-sky/assets.php
in SYSTEMPATH/Exceptions/FrameworkException.php on line 33.
 1 SYSTEMPATH/View/View.php(201): CodeIgniter\Exceptions\FrameworkException::forInvalidFile()
 2 SYSTEMPATH/Common.php(1142): CodeIgniter\View\View->render()
 3 APPPATH/Controllers/Pages.php(54): view()
 4 SYSTEMPATH/CodeIgniter.php(907): App\Controllers\Pages->view()
 5 SYSTEMPATH/CodeIgniter.php(457): CodeIgniter\CodeIgniter->runController()
 6 SYSTEMPATH/CodeIgniter.php(340): CodeIgniter\CodeIgniter->handleRequest()
 7 FCPATH/index.php(71): CodeIgniter\CodeIgniter->run()
CRITICAL - 2023-01-11 00:01:39 --> Invalid file: template/kinsmen-sky/themes.php
in SYSTEMPATH/Exceptions/FrameworkException.php on line 33.
 1 SYSTEMPATH/View/View.php(201): CodeIgniter\Exceptions\FrameworkException::forInvalidFile()
 2 SYSTEMPATH/Common.php(1142): CodeIgniter\View\View->render()
 3 APPPATH/Controllers/Pages.php(54): view()
 4 SYSTEMPATH/CodeIgniter.php(907): App\Controllers\Pages->view()
 5 SYSTEMPATH/CodeIgniter.php(457): CodeIgniter\CodeIgniter->runController()
 6 SYSTEMPATH/CodeIgniter.php(340): CodeIgniter\CodeIgniter->handleRequest()
 7 FCPATH/index.php(71): CodeIgniter\CodeIgniter->run()
CRITICAL - 2023-01-11 00:01:39 --> Invalid file: template/kinsmen-sky/assets.php
in SYSTEMPATH/Exceptions/FrameworkException.php on line 33.
 1 SYSTEMPATH/View/View.php(201): CodeIgniter\Exceptions\FrameworkException::forInvalidFile()
 2 SYSTEMPATH/Common.php(1142): CodeIgniter\View\View->render()
 3 APPPATH/Controllers/Pages.php(54): view()
 4 SYSTEMPATH/CodeIgniter.php(907): App\Controllers\Pages->view()
 5 SYSTEMPATH/CodeIgniter.php(457): CodeIgniter\CodeIgniter->runController()
 6 SYSTEMPATH/CodeIgniter.php(340): CodeIgniter\CodeIgniter->handleRequest()
 7 FCPATH/index.php(71): CodeIgniter\CodeIgniter->run()
CRITICAL - 2023-01-11 00:01:39 --> Invalid file: template/kinsmen-sky/themes.php
in SYSTEMPATH/Exceptions/FrameworkException.php on line 33.
 1 SYSTEMPATH/View/View.php(201): CodeIgniter\Exceptions\FrameworkException::forInvalidFile()
 2 SYSTEMPATH/Common.php(1142): CodeIgniter\View\View->render()
 3 APPPATH/Controllers/Pages.php(54): view()
 4 SYSTEMPATH/CodeIgniter.php(907): App\Controllers\Pages->view()
 5 SYSTEMPATH/CodeIgniter.php(457): CodeIgniter\CodeIgniter->runController()
 6 SYSTEMPATH/CodeIgniter.php(340): CodeIgniter\CodeIgniter->handleRequest()
 7 FCPATH/index.php(71): CodeIgniter\CodeIgniter->run()
CRITICAL - 2023-01-11 00:01:39 --> Invalid file: template/kinsmen-sky/themes.php
in SYSTEMPATH/Exceptions/FrameworkException.php on line 33.
 1 SYSTEMPATH/View/View.php(201): CodeIgniter\Exceptions\FrameworkException::forInvalidFile()
 2 SYSTEMPATH/Common.php(1142): CodeIgniter\View\View->render()
 3 APPPATH/Controllers/Pages.php(54): view()
 4 SYSTEMPATH/CodeIgniter.php(907): App\Controllers\Pages->view()
 5 SYSTEMPATH/CodeIgniter.php(457): CodeIgniter\CodeIgniter->runController()
 6 SYSTEMPATH/CodeIgniter.php(340): CodeIgniter\CodeIgniter->handleRequest()
 7 FCPATH/index.php(71): CodeIgniter\CodeIgniter->run()
CRITICAL - 2023-01-11 00:01:39 --> Invalid file: template/kinsmen-sky/themes.php
in SYSTEMPATH/Exceptions/FrameworkException.php on line 33.
 1 SYSTEMPATH/View/View.php(201): CodeIgniter\Exceptions\FrameworkException::forInvalidFile()
 2 SYSTEMPATH/Common.php(1142): CodeIgniter\View\View->render()
 3 APPPATH/Controllers/Pages.php(54): view()
 4 SYSTEMPATH/CodeIgniter.php(907): App\Controllers\Pages->view()
 5 SYSTEMPATH/CodeIgniter.php(457): CodeIgniter\CodeIgniter->runController()
 6 SYSTEMPATH/CodeIgniter.php(340): CodeIgniter\CodeIgniter->handleRequest()
 7 FCPATH/index.php(71): CodeIgniter\CodeIgniter->run()
CRITICAL - 2023-01-11 00:01:39 --> Invalid file: template/kinsmen-sky/themes.php
in SYSTEMPATH/Exceptions/FrameworkException.php on line 33.
 1 SYSTEMPATH/View/View.php(201): CodeIgniter\Exceptions\FrameworkException::forInvalidFile()
 2 SYSTEMPATH/Common.php(1142): CodeIgniter\View\View->render()
 3 APPPATH/Controllers/Pages.php(54): view()
 4 SYSTEMPATH/CodeIgniter.php(907): App\Controllers\Pages->view()
 5 SYSTEMPATH/CodeIgniter.php(457): CodeIgniter\CodeIgniter->runController()
 6 SYSTEMPATH/CodeIgniter.php(340): CodeIgniter\CodeIgniter->handleRequest()
 7 FCPATH/index.php(71): CodeIgniter\CodeIgniter->run()
CRITICAL - 2023-01-11 00:02:45 --> Invalid file: template/kinsmen-sky/themes.php
in SYSTEMPATH/Exceptions/FrameworkException.php on line 33.
 1 SYSTEMPATH/View/View.php(201): CodeIgniter\Exceptions\FrameworkException::forInvalidFile()
 2 SYSTEMPATH/Common.php(1142): CodeIgniter\View\View->render()
 3 APPPATH/Controllers/Pages.php(54): view()
 4 SYSTEMPATH/CodeIgniter.php(907): App\Controllers\Pages->view()
 5 SYSTEMPATH/CodeIgniter.php(457): CodeIgniter\CodeIgniter->runController()
 6 SYSTEMPATH/CodeIgniter.php(340): CodeIgniter\CodeIgniter->handleRequest()
 7 FCPATH/index.php(71): CodeIgniter\CodeIgniter->run()
CRITICAL - 2023-01-11 00:02:46 --> Invalid file: template/kinsmen-sky/themes.php
in SYSTEMPATH/Exceptions/FrameworkException.php on line 33.
 1 SYSTEMPATH/View/View.php(201): CodeIgniter\Exceptions\FrameworkException::forInvalidFile()
 2 SYSTEMPATH/Common.php(1142): CodeIgniter\View\View->render()
 3 APPPATH/Controllers/Pages.php(54): view()
 4 SYSTEMPATH/CodeIgniter.php(907): App\Controllers\Pages->view()
 5 SYSTEMPATH/CodeIgniter.php(457): CodeIgniter\CodeIgniter->runController()
 6 SYSTEMPATH/CodeIgniter.php(340): CodeIgniter\CodeIgniter->handleRequest()
 7 FCPATH/index.php(71): CodeIgniter\CodeIgniter->run()
CRITICAL - 2023-01-11 00:02:46 --> Invalid file: template/kinsmen-sky/assets.php
in SYSTEMPATH/Exceptions/FrameworkException.php on line 33.
 1 SYSTEMPATH/View/View.php(201): CodeIgniter\Exceptions\FrameworkException::forInvalidFile()
 2 SYSTEMPATH/Common.php(1142): CodeIgniter\View\View->render()
 3 APPPATH/Controllers/Pages.php(54): view()
 4 SYSTEMPATH/CodeIgniter.php(907): App\Controllers\Pages->view()
 5 SYSTEMPATH/CodeIgniter.php(457): CodeIgniter\CodeIgniter->runController()
 6 SYSTEMPATH/CodeIgniter.php(340): CodeIgniter\CodeIgniter->handleRequest()
 7 FCPATH/index.php(71): CodeIgniter\CodeIgniter->run()
CRITICAL - 2023-01-11 00:02:46 --> Invalid file: template/kinsmen-sky/assets.php
in SYSTEMPATH/Exceptions/FrameworkException.php on line 33.
 1 SYSTEMPATH/View/View.php(201): CodeIgniter\Exceptions\FrameworkException::forInvalidFile()
 2 SYSTEMPATH/Common.php(1142): CodeIgniter\View\View->render()
 3 APPPATH/Controllers/Pages.php(54): view()
 4 SYSTEMPATH/CodeIgniter.php(907): App\Controllers\Pages->view()
 5 SYSTEMPATH/CodeIgniter.php(457): CodeIgniter\CodeIgniter->runController()
 6 SYSTEMPATH/CodeIgniter.php(340): CodeIgniter\CodeIgniter->handleRequest()
 7 FCPATH/index.php(71): CodeIgniter\CodeIgniter->run()
CRITICAL - 2023-01-11 00:04:48 --> Invalid file: template/kinsmen-sky/themes.php
in SYSTEMPATH/Exceptions/FrameworkException.php on line 33.
 1 SYSTEMPATH/View/View.php(201): CodeIgniter\Exceptions\FrameworkException::forInvalidFile()
 2 SYSTEMPATH/Common.php(1142): CodeIgniter\View\View->render()
 3 APPPATH/Controllers/Pages.php(54): view()
 4 SYSTEMPATH/CodeIgniter.php(907): App\Controllers\Pages->view()
 5 SYSTEMPATH/CodeIgniter.php(457): CodeIgniter\CodeIgniter->runController()
 6 SYSTEMPATH/CodeIgniter.php(340): CodeIgniter\CodeIgniter->handleRequest()
 7 FCPATH/index.php(71): CodeIgniter\CodeIgniter->run()
CRITICAL - 2023-01-11 00:04:48 --> Invalid file: template/kinsmen-sky/themes.php
in SYSTEMPATH/Exceptions/FrameworkException.php on line 33.
 1 SYSTEMPATH/View/View.php(201): CodeIgniter\Exceptions\FrameworkException::forInvalidFile()
 2 SYSTEMPATH/Common.php(1142): CodeIgniter\View\View->render()
 3 APPPATH/Controllers/Pages.php(54): view()
 4 SYSTEMPATH/CodeIgniter.php(907): App\Controllers\Pages->view()
 5 SYSTEMPATH/CodeIgniter.php(457): CodeIgniter\CodeIgniter->runController()
 6 SYSTEMPATH/CodeIgniter.php(340): CodeIgniter\CodeIgniter->handleRequest()
 7 FCPATH/index.php(71): CodeIgniter\CodeIgniter->run()
CRITICAL - 2023-01-11 00:04:48 --> Invalid file: template/kinsmen-sky/assets.php
in SYSTEMPATH/Exceptions/FrameworkException.php on line 33.
 1 SYSTEMPATH/View/View.php(201): CodeIgniter\Exceptions\FrameworkException::forInvalidFile()
 2 SYSTEMPATH/Common.php(1142): CodeIgniter\View\View->render()
 3 APPPATH/Controllers/Pages.php(54): view()
 4 SYSTEMPATH/CodeIgniter.php(907): App\Controllers\Pages->view()
 5 SYSTEMPATH/CodeIgniter.php(457): CodeIgniter\CodeIgniter->runController()
 6 SYSTEMPATH/CodeIgniter.php(340): CodeIgniter\CodeIgniter->handleRequest()
 7 FCPATH/index.php(71): CodeIgniter\CodeIgniter->run()
CRITICAL - 2023-01-11 00:04:48 --> Invalid file: template/kinsmen-sky/assets.php
in SYSTEMPATH/Exceptions/FrameworkException.php on line 33.
 1 SYSTEMPATH/View/View.php(201): CodeIgniter\Exceptions\FrameworkException::forInvalidFile()
 2 SYSTEMPATH/Common.php(1142): CodeIgniter\View\View->render()
 3 APPPATH/Controllers/Pages.php(54): view()
 4 SYSTEMPATH/CodeIgniter.php(907): App\Controllers\Pages->view()
 5 SYSTEMPATH/CodeIgniter.php(457): CodeIgniter\CodeIgniter->runController()
 6 SYSTEMPATH/CodeIgniter.php(340): CodeIgniter\CodeIgniter->handleRequest()
 7 FCPATH/index.php(71): CodeIgniter\CodeIgniter->run()
CRITICAL - 2023-01-11 00:04:48 --> Invalid file: template/kinsmen-sky/themes.php
in SYSTEMPATH/Exceptions/FrameworkException.php on line 33.
 1 SYSTEMPATH/View/View.php(201): CodeIgniter\Exceptions\FrameworkException::forInvalidFile()
 2 SYSTEMPATH/Common.php(1142): CodeIgniter\View\View->render()
 3 APPPATH/Controllers/Pages.php(54): view()
 4 SYSTEMPATH/CodeIgniter.php(907): App\Controllers\Pages->view()
 5 SYSTEMPATH/CodeIgniter.php(457): CodeIgniter\CodeIgniter->runController()
 6 SYSTEMPATH/CodeIgniter.php(340): CodeIgniter\CodeIgniter->handleRequest()
 7 FCPATH/index.php(71): CodeIgniter\CodeIgniter->run()
CRITICAL - 2023-01-11 00:04:49 --> Invalid file: template/kinsmen-sky/themes.php
in SYSTEMPATH/Exceptions/FrameworkException.php on line 33.
 1 SYSTEMPATH/View/View.php(201): CodeIgniter\Exceptions\FrameworkException::forInvalidFile()
 2 SYSTEMPATH/Common.php(1142): CodeIgniter\View\View->render()
 3 APPPATH/Controllers/Pages.php(54): view()
 4 SYSTEMPATH/CodeIgniter.php(907): App\Controllers\Pages->view()
 5 SYSTEMPATH/CodeIgniter.php(457): CodeIgniter\CodeIgniter->runController()
 6 SYSTEMPATH/CodeIgniter.php(340): CodeIgniter\CodeIgniter->handleRequest()
 7 FCPATH/index.php(71): CodeIgniter\CodeIgniter->run()
CRITICAL - 2023-01-11 00:04:49 --> Invalid file: template/kinsmen-sky/themes.php
in SYSTEMPATH/Exceptions/FrameworkException.php on line 33.
 1 SYSTEMPATH/View/View.php(201): CodeIgniter\Exceptions\FrameworkException::forInvalidFile()
 2 SYSTEMPATH/Common.php(1142): CodeIgniter\View\View->render()
 3 APPPATH/Controllers/Pages.php(54): view()
 4 SYSTEMPATH/CodeIgniter.php(907): App\Controllers\Pages->view()
 5 SYSTEMPATH/CodeIgniter.php(457): CodeIgniter\CodeIgniter->runController()
 6 SYSTEMPATH/CodeIgniter.php(340): CodeIgniter\CodeIgniter->handleRequest()
 7 FCPATH/index.php(71): CodeIgniter\CodeIgniter->run()
CRITICAL - 2023-01-11 00:04:49 --> Invalid file: template/kinsmen-sky/themes.php
in SYSTEMPATH/Exceptions/FrameworkException.php on line 33.
 1 SYSTEMPATH/View/View.php(201): CodeIgniter\Exceptions\FrameworkException::forInvalidFile()
 2 SYSTEMPATH/Common.php(1142): CodeIgniter\View\View->render()
 3 APPPATH/Controllers/Pages.php(54): view()
 4 SYSTEMPATH/CodeIgniter.php(907): App\Controllers\Pages->view()
 5 SYSTEMPATH/CodeIgniter.php(457): CodeIgniter\CodeIgniter->runController()
 6 SYSTEMPATH/CodeIgniter.php(340): CodeIgniter\CodeIgniter->handleRequest()
 7 FCPATH/index.php(71): CodeIgniter\CodeIgniter->run()
CRITICAL - 2023-01-11 00:04:49 --> Invalid file: template/kinsmen-sky/themes.php
in SYSTEMPATH/Exceptions/FrameworkException.php on line 33.
 1 SYSTEMPATH/View/View.php(201): CodeIgniter\Exceptions\FrameworkException::forInvalidFile()
 2 SYSTEMPATH/Common.php(1142): CodeIgniter\View\View->render()
 3 APPPATH/Controllers/Pages.php(54): view()
 4 SYSTEMPATH/CodeIgniter.php(907): App\Controllers\Pages->view()
 5 SYSTEMPATH/CodeIgniter.php(457): CodeIgniter\CodeIgniter->runController()
 6 SYSTEMPATH/CodeIgniter.php(340): CodeIgniter\CodeIgniter->handleRequest()
 7 FCPATH/index.php(71): CodeIgniter\CodeIgniter->run()
CRITICAL - 2023-01-11 00:04:54 --> Invalid file: template/kinsmen-sky/themes.php
in SYSTEMPATH/Exceptions/FrameworkException.php on line 33.
 1 SYSTEMPATH/View/View.php(201): CodeIgniter\Exceptions\FrameworkException::forInvalidFile()
 2 SYSTEMPATH/Common.php(1142): CodeIgniter\View\View->render()
 3 APPPATH/Controllers/Pages.php(54): view()
 4 SYSTEMPATH/CodeIgniter.php(907): App\Controllers\Pages->view()
 5 SYSTEMPATH/CodeIgniter.php(457): CodeIgniter\CodeIgniter->runController()
 6 SYSTEMPATH/CodeIgniter.php(340): CodeIgniter\CodeIgniter->handleRequest()
 7 FCPATH/index.php(71): CodeIgniter\CodeIgniter->run()
CRITICAL - 2023-01-11 00:04:54 --> Invalid file: template/kinsmen-sky/assets.php
in SYSTEMPATH/Exceptions/FrameworkException.php on line 33.
 1 SYSTEMPATH/View/View.php(201): CodeIgniter\Exceptions\FrameworkException::forInvalidFile()
 2 SYSTEMPATH/Common.php(1142): CodeIgniter\View\View->render()
 3 APPPATH/Controllers/Pages.php(54): view()
 4 SYSTEMPATH/CodeIgniter.php(907): App\Controllers\Pages->view()
 5 SYSTEMPATH/CodeIgniter.php(457): CodeIgniter\CodeIgniter->runController()
 6 SYSTEMPATH/CodeIgniter.php(340): CodeIgniter\CodeIgniter->handleRequest()
 7 FCPATH/index.php(71): CodeIgniter\CodeIgniter->run()
CRITICAL - 2023-01-11 00:04:54 --> Invalid file: template/kinsmen-sky/themes.php
in SYSTEMPATH/Exceptions/FrameworkException.php on line 33.
 1 SYSTEMPATH/View/View.php(201): CodeIgniter\Exceptions\FrameworkException::forInvalidFile()
 2 SYSTEMPATH/Common.php(1142): CodeIgniter\View\View->render()
 3 APPPATH/Controllers/Pages.php(54): view()
 4 SYSTEMPATH/CodeIgniter.php(907): App\Controllers\Pages->view()
 5 SYSTEMPATH/CodeIgniter.php(457): CodeIgniter\CodeIgniter->runController()
 6 SYSTEMPATH/CodeIgniter.php(340): CodeIgniter\CodeIgniter->handleRequest()
 7 FCPATH/index.php(71): CodeIgniter\CodeIgniter->run()
CRITICAL - 2023-01-11 00:04:54 --> Invalid file: template/kinsmen-sky/assets.php
in SYSTEMPATH/Exceptions/FrameworkException.php on line 33.
 1 SYSTEMPATH/View/View.php(201): CodeIgniter\Exceptions\FrameworkException::forInvalidFile()
 2 SYSTEMPATH/Common.php(1142): CodeIgniter\View\View->render()
 3 APPPATH/Controllers/Pages.php(54): view()
 4 SYSTEMPATH/CodeIgniter.php(907): App\Controllers\Pages->view()
 5 SYSTEMPATH/CodeIgniter.php(457): CodeIgniter\CodeIgniter->runController()
 6 SYSTEMPATH/CodeIgniter.php(340): CodeIgniter\CodeIgniter->handleRequest()
 7 FCPATH/index.php(71): CodeIgniter\CodeIgniter->run()
CRITICAL - 2023-01-11 00:06:07 --> Invalid file: template/kinsmen-sky/assets.php
in SYSTEMPATH/Exceptions/FrameworkException.php on line 33.
 1 SYSTEMPATH/View/View.php(201): CodeIgniter\Exceptions\FrameworkException::forInvalidFile()
 2 SYSTEMPATH/Common.php(1142): CodeIgniter\View\View->render()
 3 APPPATH/Controllers/Pages.php(54): view()
 4 SYSTEMPATH/CodeIgniter.php(907): App\Controllers\Pages->view()
 5 SYSTEMPATH/CodeIgniter.php(457): CodeIgniter\CodeIgniter->runController()
 6 SYSTEMPATH/CodeIgniter.php(340): CodeIgniter\CodeIgniter->handleRequest()
 7 FCPATH/index.php(71): CodeIgniter\CodeIgniter->run()
CRITICAL - 2023-01-11 00:06:07 --> Invalid file: template/kinsmen-sky/themes.php
in SYSTEMPATH/Exceptions/FrameworkException.php on line 33.
 1 SYSTEMPATH/View/View.php(201): CodeIgniter\Exceptions\FrameworkException::forInvalidFile()
 2 SYSTEMPATH/Common.php(1142): CodeIgniter\View\View->render()
 3 APPPATH/Controllers/Pages.php(54): view()
 4 SYSTEMPATH/CodeIgniter.php(907): App\Controllers\Pages->view()
 5 SYSTEMPATH/CodeIgniter.php(457): CodeIgniter\CodeIgniter->runController()
 6 SYSTEMPATH/CodeIgniter.php(340): CodeIgniter\CodeIgniter->handleRequest()
 7 FCPATH/index.php(71): CodeIgniter\CodeIgniter->run()
CRITICAL - 2023-01-11 00:06:07 --> Invalid file: template/kinsmen-sky/assets.php
in SYSTEMPATH/Exceptions/FrameworkException.php on line 33.
 1 SYSTEMPATH/View/View.php(201): CodeIgniter\Exceptions\FrameworkException::forInvalidFile()
 2 SYSTEMPATH/Common.php(1142): CodeIgniter\View\View->render()
 3 APPPATH/Controllers/Pages.php(54): view()
 4 SYSTEMPATH/CodeIgniter.php(907): App\Controllers\Pages->view()
 5 SYSTEMPATH/CodeIgniter.php(457): CodeIgniter\CodeIgniter->runController()
 6 SYSTEMPATH/CodeIgniter.php(340): CodeIgniter\CodeIgniter->handleRequest()
 7 FCPATH/index.php(71): CodeIgniter\CodeIgniter->run()
CRITICAL - 2023-01-11 00:06:07 --> Invalid file: template/kinsmen-sky/themes.php
in SYSTEMPATH/Exceptions/FrameworkException.php on line 33.
 1 SYSTEMPATH/View/View.php(201): CodeIgniter\Exceptions\FrameworkException::forInvalidFile()
 2 SYSTEMPATH/Common.php(1142): CodeIgniter\View\View->render()
 3 APPPATH/Controllers/Pages.php(54): view()
 4 SYSTEMPATH/CodeIgniter.php(907): App\Controllers\Pages->view()
 5 SYSTEMPATH/CodeIgniter.php(457): CodeIgniter\CodeIgniter->runController()
 6 SYSTEMPATH/CodeIgniter.php(340): CodeIgniter\CodeIgniter->handleRequest()
 7 FCPATH/index.php(71): CodeIgniter\CodeIgniter->run()
CRITICAL - 2023-01-11 00:06:08 --> Invalid file: template/kinsmen-sky/themes.php
in SYSTEMPATH/Exceptions/FrameworkException.php on line 33.
 1 SYSTEMPATH/View/View.php(201): CodeIgniter\Exceptions\FrameworkException::forInvalidFile()
 2 SYSTEMPATH/Common.php(1142): CodeIgniter\View\View->render()
 3 APPPATH/Controllers/Pages.php(54): view()
 4 SYSTEMPATH/CodeIgniter.php(907): App\Controllers\Pages->view()
 5 SYSTEMPATH/CodeIgniter.php(457): CodeIgniter\CodeIgniter->runController()
 6 SYSTEMPATH/CodeIgniter.php(340): CodeIgniter\CodeIgniter->handleRequest()
 7 FCPATH/index.php(71): CodeIgniter\CodeIgniter->run()
CRITICAL - 2023-01-11 00:06:08 --> Invalid file: template/kinsmen-sky/themes.php
in SYSTEMPATH/Exceptions/FrameworkException.php on line 33.
 1 SYSTEMPATH/View/View.php(201): CodeIgniter\Exceptions\FrameworkException::forInvalidFile()
 2 SYSTEMPATH/Common.php(1142): CodeIgniter\View\View->render()
 3 APPPATH/Controllers/Pages.php(54): view()
 4 SYSTEMPATH/CodeIgniter.php(907): App\Controllers\Pages->view()
 5 SYSTEMPATH/CodeIgniter.php(457): CodeIgniter\CodeIgniter->runController()
 6 SYSTEMPATH/CodeIgniter.php(340): CodeIgniter\CodeIgniter->handleRequest()
 7 FCPATH/index.php(71): CodeIgniter\CodeIgniter->run()
CRITICAL - 2023-01-11 00:06:08 --> Invalid file: template/kinsmen-sky/themes.php
in SYSTEMPATH/Exceptions/FrameworkException.php on line 33.
 1 SYSTEMPATH/View/View.php(201): CodeIgniter\Exceptions\FrameworkException::forInvalidFile()
 2 SYSTEMPATH/Common.php(1142): CodeIgniter\View\View->render()
 3 APPPATH/Controllers/Pages.php(54): view()
 4 SYSTEMPATH/CodeIgniter.php(907): App\Controllers\Pages->view()
 5 SYSTEMPATH/CodeIgniter.php(457): CodeIgniter\CodeIgniter->runController()
 6 SYSTEMPATH/CodeIgniter.php(340): CodeIgniter\CodeIgniter->handleRequest()
 7 FCPATH/index.php(71): CodeIgniter\CodeIgniter->run()
CRITICAL - 2023-01-11 00:06:08 --> Invalid file: template/kinsmen-sky/themes.php
in SYSTEMPATH/Exceptions/FrameworkException.php on line 33.
 1 SYSTEMPATH/View/View.php(201): CodeIgniter\Exceptions\FrameworkException::forInvalidFile()
 2 SYSTEMPATH/Common.php(1142): CodeIgniter\View\View->render()
 3 APPPATH/Controllers/Pages.php(54): view()
 4 SYSTEMPATH/CodeIgniter.php(907): App\Controllers\Pages->view()
 5 SYSTEMPATH/CodeIgniter.php(457): CodeIgniter\CodeIgniter->runController()
 6 SYSTEMPATH/CodeIgniter.php(340): CodeIgniter\CodeIgniter->handleRequest()
 7 FCPATH/index.php(71): CodeIgniter\CodeIgniter->run()
CRITICAL - 2023-01-11 00:06:08 --> Invalid file: template/kinsmen-sky/themes.php
in SYSTEMPATH/Exceptions/FrameworkException.php on line 33.
 1 SYSTEMPATH/View/View.php(201): CodeIgniter\Exceptions\FrameworkException::forInvalidFile()
 2 SYSTEMPATH/Common.php(1142): CodeIgniter\View\View->render()
 3 APPPATH/Controllers/Pages.php(54): view()
 4 SYSTEMPATH/CodeIgniter.php(907): App\Controllers\Pages->view()
 5 SYSTEMPATH/CodeIgniter.php(457): CodeIgniter\CodeIgniter->runController()
 6 SYSTEMPATH/CodeIgniter.php(340): CodeIgniter\CodeIgniter->handleRequest()
 7 FCPATH/index.php(71): CodeIgniter\CodeIgniter->run()
CRITICAL - 2023-01-11 00:06:44 --> Invalid file: template/kinsmen-sky/themes.php
in SYSTEMPATH/Exceptions/FrameworkException.php on line 33.
 1 SYSTEMPATH/View/View.php(201): CodeIgniter\Exceptions\FrameworkException::forInvalidFile()
 2 SYSTEMPATH/Common.php(1142): CodeIgniter\View\View->render()
 3 APPPATH/Controllers/Pages.php(54): view()
 4 SYSTEMPATH/CodeIgniter.php(907): App\Controllers\Pages->view()
 5 SYSTEMPATH/CodeIgniter.php(457): CodeIgniter\CodeIgniter->runController()
 6 SYSTEMPATH/CodeIgniter.php(340): CodeIgniter\CodeIgniter->handleRequest()
 7 FCPATH/index.php(71): CodeIgniter\CodeIgniter->run()
CRITICAL - 2023-01-11 00:06:44 --> Invalid file: template/kinsmen-sky/themes.php
in SYSTEMPATH/Exceptions/FrameworkException.php on line 33.
 1 SYSTEMPATH/View/View.php(201): CodeIgniter\Exceptions\FrameworkException::forInvalidFile()
 2 SYSTEMPATH/Common.php(1142): CodeIgniter\View\View->render()
 3 APPPATH/Controllers/Pages.php(54): view()
 4 SYSTEMPATH/CodeIgniter.php(907): App\Controllers\Pages->view()
 5 SYSTEMPATH/CodeIgniter.php(457): CodeIgniter\CodeIgniter->runController()
 6 SYSTEMPATH/CodeIgniter.php(340): CodeIgniter\CodeIgniter->handleRequest()
 7 FCPATH/index.php(71): CodeIgniter\CodeIgniter->run()
CRITICAL - 2023-01-11 00:06:44 --> Invalid file: template/kinsmen-sky/assets.php
in SYSTEMPATH/Exceptions/FrameworkException.php on line 33.
 1 SYSTEMPATH/View/View.php(201): CodeIgniter\Exceptions\FrameworkException::forInvalidFile()
 2 SYSTEMPATH/Common.php(1142): CodeIgniter\View\View->render()
 3 APPPATH/Controllers/Pages.php(54): view()
 4 SYSTEMPATH/CodeIgniter.php(907): App\Controllers\Pages->view()
 5 SYSTEMPATH/CodeIgniter.php(457): CodeIgniter\CodeIgniter->runController()
 6 SYSTEMPATH/CodeIgniter.php(340): CodeIgniter\CodeIgniter->handleRequest()
 7 FCPATH/index.php(71): CodeIgniter\CodeIgniter->run()
CRITICAL - 2023-01-11 00:06:44 --> Invalid file: template/kinsmen-sky/assets.php
in SYSTEMPATH/Exceptions/FrameworkException.php on line 33.
 1 SYSTEMPATH/View/View.php(201): CodeIgniter\Exceptions\FrameworkException::forInvalidFile()
 2 SYSTEMPATH/Common.php(1142): CodeIgniter\View\View->render()
 3 APPPATH/Controllers/Pages.php(54): view()
 4 SYSTEMPATH/CodeIgniter.php(907): App\Controllers\Pages->view()
 5 SYSTEMPATH/CodeIgniter.php(457): CodeIgniter\CodeIgniter->runController()
 6 SYSTEMPATH/CodeIgniter.php(340): CodeIgniter\CodeIgniter->handleRequest()
 7 FCPATH/index.php(71): CodeIgniter\CodeIgniter->run()
CRITICAL - 2023-01-11 00:06:44 --> Invalid file: template/kinsmen-sky/themes.php
in SYSTEMPATH/Exceptions/FrameworkException.php on line 33.
 1 SYSTEMPATH/View/View.php(201): CodeIgniter\Exceptions\FrameworkException::forInvalidFile()
 2 SYSTEMPATH/Common.php(1142): CodeIgniter\View\View->render()
 3 APPPATH/Controllers/Pages.php(54): view()
 4 SYSTEMPATH/CodeIgniter.php(907): App\Controllers\Pages->view()
 5 SYSTEMPATH/CodeIgniter.php(457): CodeIgniter\CodeIgniter->runController()
 6 SYSTEMPATH/CodeIgniter.php(340): CodeIgniter\CodeIgniter->handleRequest()
 7 FCPATH/index.php(71): CodeIgniter\CodeIgniter->run()
CRITICAL - 2023-01-11 00:06:44 --> Invalid file: template/kinsmen-sky/themes.php
in SYSTEMPATH/Exceptions/FrameworkException.php on line 33.
 1 SYSTEMPATH/View/View.php(201): CodeIgniter\Exceptions\FrameworkException::forInvalidFile()
 2 SYSTEMPATH/Common.php(1142): CodeIgniter\View\View->render()
 3 APPPATH/Controllers/Pages.php(54): view()
 4 SYSTEMPATH/CodeIgniter.php(907): App\Controllers\Pages->view()
 5 SYSTEMPATH/CodeIgniter.php(457): CodeIgniter\CodeIgniter->runController()
 6 SYSTEMPATH/CodeIgniter.php(340): CodeIgniter\CodeIgniter->handleRequest()
 7 FCPATH/index.php(71): CodeIgniter\CodeIgniter->run()
CRITICAL - 2023-01-11 00:06:44 --> Invalid file: template/kinsmen-sky/themes.php
in SYSTEMPATH/Exceptions/FrameworkException.php on line 33.
 1 SYSTEMPATH/View/View.php(201): CodeIgniter\Exceptions\FrameworkException::forInvalidFile()
 2 SYSTEMPATH/Common.php(1142): CodeIgniter\View\View->render()
 3 APPPATH/Controllers/Pages.php(54): view()
 4 SYSTEMPATH/CodeIgniter.php(907): App\Controllers\Pages->view()
 5 SYSTEMPATH/CodeIgniter.php(457): CodeIgniter\CodeIgniter->runController()
 6 SYSTEMPATH/CodeIgniter.php(340): CodeIgniter\CodeIgniter->handleRequest()
 7 FCPATH/index.php(71): CodeIgniter\CodeIgniter->run()
CRITICAL - 2023-01-11 00:06:44 --> Invalid file: template/kinsmen-sky/themes.php
in SYSTEMPATH/Exceptions/FrameworkException.php on line 33.
 1 SYSTEMPATH/View/View.php(201): CodeIgniter\Exceptions\FrameworkException::forInvalidFile()
 2 SYSTEMPATH/Common.php(1142): CodeIgniter\View\View->render()
 3 APPPATH/Controllers/Pages.php(54): view()
 4 SYSTEMPATH/CodeIgniter.php(907): App\Controllers\Pages->view()
 5 SYSTEMPATH/CodeIgniter.php(457): CodeIgniter\CodeIgniter->runController()
 6 SYSTEMPATH/CodeIgniter.php(340): CodeIgniter\CodeIgniter->handleRequest()
 7 FCPATH/index.php(71): CodeIgniter\CodeIgniter->run()
CRITICAL - 2023-01-11 00:06:44 --> Invalid file: template/kinsmen-sky/themes.php
in SYSTEMPATH/Exceptions/FrameworkException.php on line 33.
 1 SYSTEMPATH/View/View.php(201): CodeIgniter\Exceptions\FrameworkException::forInvalidFile()
 2 SYSTEMPATH/Common.php(1142): CodeIgniter\View\View->render()
 3 APPPATH/Controllers/Pages.php(54): view()
 4 SYSTEMPATH/CodeIgniter.php(907): App\Controllers\Pages->view()
 5 SYSTEMPATH/CodeIgniter.php(457): CodeIgniter\CodeIgniter->runController()
 6 SYSTEMPATH/CodeIgniter.php(340): CodeIgniter\CodeIgniter->handleRequest()
 7 FCPATH/index.php(71): CodeIgniter\CodeIgniter->run()
CRITICAL - 2023-01-11 00:07:20 --> Invalid file: template/kinsmen-sky/themes.php
in SYSTEMPATH/Exceptions/FrameworkException.php on line 33.
 1 SYSTEMPATH/View/View.php(201): CodeIgniter\Exceptions\FrameworkException::forInvalidFile()
 2 SYSTEMPATH/Common.php(1142): CodeIgniter\View\View->render()
 3 APPPATH/Controllers/Pages.php(54): view()
 4 SYSTEMPATH/CodeIgniter.php(907): App\Controllers\Pages->view()
 5 SYSTEMPATH/CodeIgniter.php(457): CodeIgniter\CodeIgniter->runController()
 6 SYSTEMPATH/CodeIgniter.php(340): CodeIgniter\CodeIgniter->handleRequest()
 7 FCPATH/index.php(71): CodeIgniter\CodeIgniter->run()
CRITICAL - 2023-01-11 00:07:20 --> Invalid file: template/kinsmen-sky/themes.php
in SYSTEMPATH/Exceptions/FrameworkException.php on line 33.
 1 SYSTEMPATH/View/View.php(201): CodeIgniter\Exceptions\FrameworkException::forInvalidFile()
 2 SYSTEMPATH/Common.php(1142): CodeIgniter\View\View->render()
 3 APPPATH/Controllers/Pages.php(54): view()
 4 SYSTEMPATH/CodeIgniter.php(907): App\Controllers\Pages->view()
 5 SYSTEMPATH/CodeIgniter.php(457): CodeIgniter\CodeIgniter->runController()
 6 SYSTEMPATH/CodeIgniter.php(340): CodeIgniter\CodeIgniter->handleRequest()
 7 FCPATH/index.php(71): CodeIgniter\CodeIgniter->run()
CRITICAL - 2023-01-11 00:07:20 --> Invalid file: template/kinsmen-sky/assets.php
in SYSTEMPATH/Exceptions/FrameworkException.php on line 33.
 1 SYSTEMPATH/View/View.php(201): CodeIgniter\Exceptions\FrameworkException::forInvalidFile()
 2 SYSTEMPATH/Common.php(1142): CodeIgniter\View\View->render()
 3 APPPATH/Controllers/Pages.php(54): view()
 4 SYSTEMPATH/CodeIgniter.php(907): App\Controllers\Pages->view()
 5 SYSTEMPATH/CodeIgniter.php(457): CodeIgniter\CodeIgniter->runController()
 6 SYSTEMPATH/CodeIgniter.php(340): CodeIgniter\CodeIgniter->handleRequest()
 7 FCPATH/index.php(71): CodeIgniter\CodeIgniter->run()
CRITICAL - 2023-01-11 00:07:20 --> Invalid file: template/kinsmen-sky/assets.php
in SYSTEMPATH/Exceptions/FrameworkException.php on line 33.
 1 SYSTEMPATH/View/View.php(201): CodeIgniter\Exceptions\FrameworkException::forInvalidFile()
 2 SYSTEMPATH/Common.php(1142): CodeIgniter\View\View->render()
 3 APPPATH/Controllers/Pages.php(54): view()
 4 SYSTEMPATH/CodeIgniter.php(907): App\Controllers\Pages->view()
 5 SYSTEMPATH/CodeIgniter.php(457): CodeIgniter\CodeIgniter->runController()
 6 SYSTEMPATH/CodeIgniter.php(340): CodeIgniter\CodeIgniter->handleRequest()
 7 FCPATH/index.php(71): CodeIgniter\CodeIgniter->run()
CRITICAL - 2023-01-11 00:07:20 --> Invalid file: template/kinsmen-sky/themes.php
in SYSTEMPATH/Exceptions/FrameworkException.php on line 33.
 1 SYSTEMPATH/View/View.php(201): CodeIgniter\Exceptions\FrameworkException::forInvalidFile()
 2 SYSTEMPATH/Common.php(1142): CodeIgniter\View\View->render()
 3 APPPATH/Controllers/Pages.php(54): view()
 4 SYSTEMPATH/CodeIgniter.php(907): App\Controllers\Pages->view()
 5 SYSTEMPATH/CodeIgniter.php(457): CodeIgniter\CodeIgniter->runController()
 6 SYSTEMPATH/CodeIgniter.php(340): CodeIgniter\CodeIgniter->handleRequest()
 7 FCPATH/index.php(71): CodeIgniter\CodeIgniter->run()
CRITICAL - 2023-01-11 00:07:20 --> Invalid file: template/kinsmen-sky/themes.php
in SYSTEMPATH/Exceptions/FrameworkException.php on line 33.
 1 SYSTEMPATH/View/View.php(201): CodeIgniter\Exceptions\FrameworkException::forInvalidFile()
 2 SYSTEMPATH/Common.php(1142): CodeIgniter\View\View->render()
 3 APPPATH/Controllers/Pages.php(54): view()
 4 SYSTEMPATH/CodeIgniter.php(907): App\Controllers\Pages->view()
 5 SYSTEMPATH/CodeIgniter.php(457): CodeIgniter\CodeIgniter->runController()
 6 SYSTEMPATH/CodeIgniter.php(340): CodeIgniter\CodeIgniter->handleRequest()
 7 FCPATH/index.php(71): CodeIgniter\CodeIgniter->run()
CRITICAL - 2023-01-11 00:07:21 --> Invalid file: template/kinsmen-sky/themes.php
in SYSTEMPATH/Exceptions/FrameworkException.php on line 33.
 1 SYSTEMPATH/View/View.php(201): CodeIgniter\Exceptions\FrameworkException::forInvalidFile()
 2 SYSTEMPATH/Common.php(1142): CodeIgniter\View\View->render()
 3 APPPATH/Controllers/Pages.php(54): view()
 4 SYSTEMPATH/CodeIgniter.php(907): App\Controllers\Pages->view()
 5 SYSTEMPATH/CodeIgniter.php(457): CodeIgniter\CodeIgniter->runController()
 6 SYSTEMPATH/CodeIgniter.php(340): CodeIgniter\CodeIgniter->handleRequest()
 7 FCPATH/index.php(71): CodeIgniter\CodeIgniter->run()
CRITICAL - 2023-01-11 00:07:21 --> Invalid file: template/kinsmen-sky/themes.php
in SYSTEMPATH/Exceptions/FrameworkException.php on line 33.
 1 SYSTEMPATH/View/View.php(201): CodeIgniter\Exceptions\FrameworkException::forInvalidFile()
 2 SYSTEMPATH/Common.php(1142): CodeIgniter\View\View->render()
 3 APPPATH/Controllers/Pages.php(54): view()
 4 SYSTEMPATH/CodeIgniter.php(907): App\Controllers\Pages->view()
 5 SYSTEMPATH/CodeIgniter.php(457): CodeIgniter\CodeIgniter->runController()
 6 SYSTEMPATH/CodeIgniter.php(340): CodeIgniter\CodeIgniter->handleRequest()
 7 FCPATH/index.php(71): CodeIgniter\CodeIgniter->run()
CRITICAL - 2023-01-11 00:07:21 --> Invalid file: template/kinsmen-sky/themes.php
in SYSTEMPATH/Exceptions/FrameworkException.php on line 33.
 1 SYSTEMPATH/View/View.php(201): CodeIgniter\Exceptions\FrameworkException::forInvalidFile()
 2 SYSTEMPATH/Common.php(1142): CodeIgniter\View\View->render()
 3 APPPATH/Controllers/Pages.php(54): view()
 4 SYSTEMPATH/CodeIgniter.php(907): App\Controllers\Pages->view()
 5 SYSTEMPATH/CodeIgniter.php(457): CodeIgniter\CodeIgniter->runController()
 6 SYSTEMPATH/CodeIgniter.php(340): CodeIgniter\CodeIgniter->handleRequest()
 7 FCPATH/index.php(71): CodeIgniter\CodeIgniter->run()
CRITICAL - 2023-01-11 00:07:58 --> Invalid file: template/kinsmen-sky/themes.php
in SYSTEMPATH/Exceptions/FrameworkException.php on line 33.
 1 SYSTEMPATH/View/View.php(201): CodeIgniter\Exceptions\FrameworkException::forInvalidFile()
 2 SYSTEMPATH/Common.php(1142): CodeIgniter\View\View->render()
 3 APPPATH/Controllers/Pages.php(54): view()
 4 SYSTEMPATH/CodeIgniter.php(907): App\Controllers\Pages->view()
 5 SYSTEMPATH/CodeIgniter.php(457): CodeIgniter\CodeIgniter->runController()
 6 SYSTEMPATH/CodeIgniter.php(340): CodeIgniter\CodeIgniter->handleRequest()
 7 FCPATH/index.php(71): CodeIgniter\CodeIgniter->run()
CRITICAL - 2023-01-11 00:07:59 --> Invalid file: template/kinsmen-sky/themes.php
in SYSTEMPATH/Exceptions/FrameworkException.php on line 33.
 1 SYSTEMPATH/View/View.php(201): CodeIgniter\Exceptions\FrameworkException::forInvalidFile()
 2 SYSTEMPATH/Common.php(1142): CodeIgniter\View\View->render()
 3 APPPATH/Controllers/Pages.php(54): view()
 4 SYSTEMPATH/CodeIgniter.php(907): App\Controllers\Pages->view()
 5 SYSTEMPATH/CodeIgniter.php(457): CodeIgniter\CodeIgniter->runController()
 6 SYSTEMPATH/CodeIgniter.php(340): CodeIgniter\CodeIgniter->handleRequest()
 7 FCPATH/index.php(71): CodeIgniter\CodeIgniter->run()
CRITICAL - 2023-01-11 00:07:59 --> Invalid file: template/kinsmen-sky/assets.php
in SYSTEMPATH/Exceptions/FrameworkException.php on line 33.
 1 SYSTEMPATH/View/View.php(201): CodeIgniter\Exceptions\FrameworkException::forInvalidFile()
 2 SYSTEMPATH/Common.php(1142): CodeIgniter\View\View->render()
 3 APPPATH/Controllers/Pages.php(54): view()
 4 SYSTEMPATH/CodeIgniter.php(907): App\Controllers\Pages->view()
 5 SYSTEMPATH/CodeIgniter.php(457): CodeIgniter\CodeIgniter->runController()
 6 SYSTEMPATH/CodeIgniter.php(340): CodeIgniter\CodeIgniter->handleRequest()
 7 FCPATH/index.php(71): CodeIgniter\CodeIgniter->run()
CRITICAL - 2023-01-11 00:07:59 --> Invalid file: template/kinsmen-sky/assets.php
in SYSTEMPATH/Exceptions/FrameworkException.php on line 33.
 1 SYSTEMPATH/View/View.php(201): CodeIgniter\Exceptions\FrameworkException::forInvalidFile()
 2 SYSTEMPATH/Common.php(1142): CodeIgniter\View\View->render()
 3 APPPATH/Controllers/Pages.php(54): view()
 4 SYSTEMPATH/CodeIgniter.php(907): App\Controllers\Pages->view()
 5 SYSTEMPATH/CodeIgniter.php(457): CodeIgniter\CodeIgniter->runController()
 6 SYSTEMPATH/CodeIgniter.php(340): CodeIgniter\CodeIgniter->handleRequest()
 7 FCPATH/index.php(71): CodeIgniter\CodeIgniter->run()
CRITICAL - 2023-01-11 00:07:59 --> Invalid file: template/kinsmen-sky/themes.php
in SYSTEMPATH/Exceptions/FrameworkException.php on line 33.
 1 SYSTEMPATH/View/View.php(201): CodeIgniter\Exceptions\FrameworkException::forInvalidFile()
 2 SYSTEMPATH/Common.php(1142): CodeIgniter\View\View->render()
 3 APPPATH/Controllers/Pages.php(54): view()
 4 SYSTEMPATH/CodeIgniter.php(907): App\Controllers\Pages->view()
 5 SYSTEMPATH/CodeIgniter.php(457): CodeIgniter\CodeIgniter->runController()
 6 SYSTEMPATH/CodeIgniter.php(340): CodeIgniter\CodeIgniter->handleRequest()
 7 FCPATH/index.php(71): CodeIgniter\CodeIgniter->run()
CRITICAL - 2023-01-11 00:07:59 --> Invalid file: template/kinsmen-sky/themes.php
in SYSTEMPATH/Exceptions/FrameworkException.php on line 33.
 1 SYSTEMPATH/View/View.php(201): CodeIgniter\Exceptions\FrameworkException::forInvalidFile()
 2 SYSTEMPATH/Common.php(1142): CodeIgniter\View\View->render()
 3 APPPATH/Controllers/Pages.php(54): view()
 4 SYSTEMPATH/CodeIgniter.php(907): App\Controllers\Pages->view()
 5 SYSTEMPATH/CodeIgniter.php(457): CodeIgniter\CodeIgniter->runController()
 6 SYSTEMPATH/CodeIgniter.php(340): CodeIgniter\CodeIgniter->handleRequest()
 7 FCPATH/index.php(71): CodeIgniter\CodeIgniter->run()
CRITICAL - 2023-01-11 00:07:59 --> Invalid file: template/kinsmen-sky/themes.php
in SYSTEMPATH/Exceptions/FrameworkException.php on line 33.
 1 SYSTEMPATH/View/View.php(201): CodeIgniter\Exceptions\FrameworkException::forInvalidFile()
 2 SYSTEMPATH/Common.php(1142): CodeIgniter\View\View->render()
 3 APPPATH/Controllers/Pages.php(54): view()
 4 SYSTEMPATH/CodeIgniter.php(907): App\Controllers\Pages->view()
 5 SYSTEMPATH/CodeIgniter.php(457): CodeIgniter\CodeIgniter->runController()
 6 SYSTEMPATH/CodeIgniter.php(340): CodeIgniter\CodeIgniter->handleRequest()
 7 FCPATH/index.php(71): CodeIgniter\CodeIgniter->run()
CRITICAL - 2023-01-11 00:07:59 --> Invalid file: template/kinsmen-sky/themes.php
in SYSTEMPATH/Exceptions/FrameworkException.php on line 33.
 1 SYSTEMPATH/View/View.php(201): CodeIgniter\Exceptions\FrameworkException::forInvalidFile()
 2 SYSTEMPATH/Common.php(1142): CodeIgniter\View\View->render()
 3 APPPATH/Controllers/Pages.php(54): view()
 4 SYSTEMPATH/CodeIgniter.php(907): App\Controllers\Pages->view()
 5 SYSTEMPATH/CodeIgniter.php(457): CodeIgniter\CodeIgniter->runController()
 6 SYSTEMPATH/CodeIgniter.php(340): CodeIgniter\CodeIgniter->handleRequest()
 7 FCPATH/index.php(71): CodeIgniter\CodeIgniter->run()
CRITICAL - 2023-01-11 00:07:59 --> Invalid file: template/kinsmen-sky/themes.php
in SYSTEMPATH/Exceptions/FrameworkException.php on line 33.
 1 SYSTEMPATH/View/View.php(201): CodeIgniter\Exceptions\FrameworkException::forInvalidFile()
 2 SYSTEMPATH/Common.php(1142): CodeIgniter\View\View->render()
 3 APPPATH/Controllers/Pages.php(54): view()
 4 SYSTEMPATH/CodeIgniter.php(907): App\Controllers\Pages->view()
 5 SYSTEMPATH/CodeIgniter.php(457): CodeIgniter\CodeIgniter->runController()
 6 SYSTEMPATH/CodeIgniter.php(340): CodeIgniter\CodeIgniter->handleRequest()
 7 FCPATH/index.php(71): CodeIgniter\CodeIgniter->run()
CRITICAL - 2023-01-11 00:10:40 --> Invalid file: template/kinsmen-sky/assets.php
in SYSTEMPATH/Exceptions/FrameworkException.php on line 33.
 1 SYSTEMPATH/View/View.php(201): CodeIgniter\Exceptions\FrameworkException::forInvalidFile()
 2 SYSTEMPATH/Common.php(1142): CodeIgniter\View\View->render()
 3 APPPATH/Controllers/Pages.php(54): view()
 4 SYSTEMPATH/CodeIgniter.php(907): App\Controllers\Pages->view()
 5 SYSTEMPATH/CodeIgniter.php(457): CodeIgniter\CodeIgniter->runController()
 6 SYSTEMPATH/CodeIgniter.php(340): CodeIgniter\CodeIgniter->handleRequest()
 7 FCPATH/index.php(71): CodeIgniter\CodeIgniter->run()
CRITICAL - 2023-01-11 00:10:40 --> Invalid file: template/kinsmen-sky/themes.php
in SYSTEMPATH/Exceptions/FrameworkException.php on line 33.
 1 SYSTEMPATH/View/View.php(201): CodeIgniter\Exceptions\FrameworkException::forInvalidFile()
 2 SYSTEMPATH/Common.php(1142): CodeIgniter\View\View->render()
 3 APPPATH/Controllers/Pages.php(54): view()
 4 SYSTEMPATH/CodeIgniter.php(907): App\Controllers\Pages->view()
 5 SYSTEMPATH/CodeIgniter.php(457): CodeIgniter\CodeIgniter->runController()
 6 SYSTEMPATH/CodeIgniter.php(340): CodeIgniter\CodeIgniter->handleRequest()
 7 FCPATH/index.php(71): CodeIgniter\CodeIgniter->run()
CRITICAL - 2023-01-11 00:10:40 --> Invalid file: template/kinsmen-sky/assets.php
in SYSTEMPATH/Exceptions/FrameworkException.php on line 33.
 1 SYSTEMPATH/View/View.php(201): CodeIgniter\Exceptions\FrameworkException::forInvalidFile()
 2 SYSTEMPATH/Common.php(1142): CodeIgniter\View\View->render()
 3 APPPATH/Controllers/Pages.php(54): view()
 4 SYSTEMPATH/CodeIgniter.php(907): App\Controllers\Pages->view()
 5 SYSTEMPATH/CodeIgniter.php(457): CodeIgniter\CodeIgniter->runController()
 6 SYSTEMPATH/CodeIgniter.php(340): CodeIgniter\CodeIgniter->handleRequest()
 7 FCPATH/index.php(71): CodeIgniter\CodeIgniter->run()
CRITICAL - 2023-01-11 00:10:40 --> Invalid file: template/kinsmen-sky/themes.php
in SYSTEMPATH/Exceptions/FrameworkException.php on line 33.
 1 SYSTEMPATH/View/View.php(201): CodeIgniter\Exceptions\FrameworkException::forInvalidFile()
 2 SYSTEMPATH/Common.php(1142): CodeIgniter\View\View->render()
 3 APPPATH/Controllers/Pages.php(54): view()
 4 SYSTEMPATH/CodeIgniter.php(907): App\Controllers\Pages->view()
 5 SYSTEMPATH/CodeIgniter.php(457): CodeIgniter\CodeIgniter->runController()
 6 SYSTEMPATH/CodeIgniter.php(340): CodeIgniter\CodeIgniter->handleRequest()
 7 FCPATH/index.php(71): CodeIgniter\CodeIgniter->run()
CRITICAL - 2023-01-11 00:10:40 --> Invalid file: template/kinsmen-sky/themes.php
in SYSTEMPATH/Exceptions/FrameworkException.php on line 33.
 1 SYSTEMPATH/View/View.php(201): CodeIgniter\Exceptions\FrameworkException::forInvalidFile()
 2 SYSTEMPATH/Common.php(1142): CodeIgniter\View\View->render()
 3 APPPATH/Controllers/Pages.php(54): view()
 4 SYSTEMPATH/CodeIgniter.php(907): App\Controllers\Pages->view()
 5 SYSTEMPATH/CodeIgniter.php(457): CodeIgniter\CodeIgniter->runController()
 6 SYSTEMPATH/CodeIgniter.php(340): CodeIgniter\CodeIgniter->handleRequest()
 7 FCPATH/index.php(71): CodeIgniter\CodeIgniter->run()
CRITICAL - 2023-01-11 00:10:47 --> Invalid file: template/kinsmen-sky/themes.php
in SYSTEMPATH/Exceptions/FrameworkException.php on line 33.
 1 SYSTEMPATH/View/View.php(201): CodeIgniter\Exceptions\FrameworkException::forInvalidFile()
 2 SYSTEMPATH/Common.php(1142): CodeIgniter\View\View->render()
 3 APPPATH/Controllers/Pages.php(54): view()
 4 SYSTEMPATH/CodeIgniter.php(907): App\Controllers\Pages->view()
 5 SYSTEMPATH/CodeIgniter.php(457): CodeIgniter\CodeIgniter->runController()
 6 SYSTEMPATH/CodeIgniter.php(340): CodeIgniter\CodeIgniter->handleRequest()
 7 FCPATH/index.php(71): CodeIgniter\CodeIgniter->run()
CRITICAL - 2023-01-11 00:10:47 --> Invalid file: template/kinsmen-sky/themes.php
in SYSTEMPATH/Exceptions/FrameworkException.php on line 33.
 1 SYSTEMPATH/View/View.php(201): CodeIgniter\Exceptions\FrameworkException::forInvalidFile()
 2 SYSTEMPATH/Common.php(1142): CodeIgniter\View\View->render()
 3 APPPATH/Controllers/Pages.php(54): view()
 4 SYSTEMPATH/CodeIgniter.php(907): App\Controllers\Pages->view()
 5 SYSTEMPATH/CodeIgniter.php(457): CodeIgniter\CodeIgniter->runController()
 6 SYSTEMPATH/CodeIgniter.php(340): CodeIgniter\CodeIgniter->handleRequest()
 7 FCPATH/index.php(71): CodeIgniter\CodeIgniter->run()
CRITICAL - 2023-01-11 00:10:47 --> Invalid file: template/kinsmen-sky/assets.php
in SYSTEMPATH/Exceptions/FrameworkException.php on line 33.
 1 SYSTEMPATH/View/View.php(201): CodeIgniter\Exceptions\FrameworkException::forInvalidFile()
 2 SYSTEMPATH/Common.php(1142): CodeIgniter\View\View->render()
 3 APPPATH/Controllers/Pages.php(54): view()
 4 SYSTEMPATH/CodeIgniter.php(907): App\Controllers\Pages->view()
 5 SYSTEMPATH/CodeIgniter.php(457): CodeIgniter\CodeIgniter->runController()
 6 SYSTEMPATH/CodeIgniter.php(340): CodeIgniter\CodeIgniter->handleRequest()
 7 FCPATH/index.php(71): CodeIgniter\CodeIgniter->run()
CRITICAL - 2023-01-11 00:10:47 --> Invalid file: template/kinsmen-sky/assets.php
in SYSTEMPATH/Exceptions/FrameworkException.php on line 33.
 1 SYSTEMPATH/View/View.php(201): CodeIgniter\Exceptions\FrameworkException::forInvalidFile()
 2 SYSTEMPATH/Common.php(1142): CodeIgniter\View\View->render()
 3 APPPATH/Controllers/Pages.php(54): view()
 4 SYSTEMPATH/CodeIgniter.php(907): App\Controllers\Pages->view()
 5 SYSTEMPATH/CodeIgniter.php(457): CodeIgniter\CodeIgniter->runController()
 6 SYSTEMPATH/CodeIgniter.php(340): CodeIgniter\CodeIgniter->handleRequest()
 7 FCPATH/index.php(71): CodeIgniter\CodeIgniter->run()
CRITICAL - 2023-01-11 00:11:22 --> Invalid file: template/kinsmen-sky/themes.php
in SYSTEMPATH/Exceptions/FrameworkException.php on line 33.
 1 SYSTEMPATH/View/View.php(201): CodeIgniter\Exceptions\FrameworkException::forInvalidFile()
 2 SYSTEMPATH/Common.php(1142): CodeIgniter\View\View->render()
 3 APPPATH/Controllers/Pages.php(54): view()
 4 SYSTEMPATH/CodeIgniter.php(907): App\Controllers\Pages->view()
 5 SYSTEMPATH/CodeIgniter.php(457): CodeIgniter\CodeIgniter->runController()
 6 SYSTEMPATH/CodeIgniter.php(340): CodeIgniter\CodeIgniter->handleRequest()
 7 FCPATH/index.php(71): CodeIgniter\CodeIgniter->run()
CRITICAL - 2023-01-11 00:11:22 --> Invalid file: template/kinsmen-sky/themes.php
in SYSTEMPATH/Exceptions/FrameworkException.php on line 33.
 1 SYSTEMPATH/View/View.php(201): CodeIgniter\Exceptions\FrameworkException::forInvalidFile()
 2 SYSTEMPATH/Common.php(1142): CodeIgniter\View\View->render()
 3 APPPATH/Controllers/Pages.php(54): view()
 4 SYSTEMPATH/CodeIgniter.php(907): App\Controllers\Pages->view()
 5 SYSTEMPATH/CodeIgniter.php(457): CodeIgniter\CodeIgniter->runController()
 6 SYSTEMPATH/CodeIgniter.php(340): CodeIgniter\CodeIgniter->handleRequest()
 7 FCPATH/index.php(71): CodeIgniter\CodeIgniter->run()
CRITICAL - 2023-01-11 00:11:22 --> Invalid file: template/kinsmen-sky/assets.php
in SYSTEMPATH/Exceptions/FrameworkException.php on line 33.
 1 SYSTEMPATH/View/View.php(201): CodeIgniter\Exceptions\FrameworkException::forInvalidFile()
 2 SYSTEMPATH/Common.php(1142): CodeIgniter\View\View->render()
 3 APPPATH/Controllers/Pages.php(54): view()
 4 SYSTEMPATH/CodeIgniter.php(907): App\Controllers\Pages->view()
 5 SYSTEMPATH/CodeIgniter.php(457): CodeIgniter\CodeIgniter->runController()
 6 SYSTEMPATH/CodeIgniter.php(340): CodeIgniter\CodeIgniter->handleRequest()
 7 FCPATH/index.php(71): CodeIgniter\CodeIgniter->run()
CRITICAL - 2023-01-11 00:11:22 --> Invalid file: template/kinsmen-sky/assets.php
in SYSTEMPATH/Exceptions/FrameworkException.php on line 33.
 1 SYSTEMPATH/View/View.php(201): CodeIgniter\Exceptions\FrameworkException::forInvalidFile()
 2 SYSTEMPATH/Common.php(1142): CodeIgniter\View\View->render()
 3 APPPATH/Controllers/Pages.php(54): view()
 4 SYSTEMPATH/CodeIgniter.php(907): App\Controllers\Pages->view()
 5 SYSTEMPATH/CodeIgniter.php(457): CodeIgniter\CodeIgniter->runController()
 6 SYSTEMPATH/CodeIgniter.php(340): CodeIgniter\CodeIgniter->handleRequest()
 7 FCPATH/index.php(71): CodeIgniter\CodeIgniter->run()
CRITICAL - 2023-01-11 00:11:36 --> Invalid file: template/kinsmen-sky/themes.php
in SYSTEMPATH/Exceptions/FrameworkException.php on line 33.
 1 SYSTEMPATH/View/View.php(201): CodeIgniter\Exceptions\FrameworkException::forInvalidFile()
 2 SYSTEMPATH/Common.php(1142): CodeIgniter\View\View->render()
 3 APPPATH/Controllers/Pages.php(54): view()
 4 SYSTEMPATH/CodeIgniter.php(907): App\Controllers\Pages->view()
 5 SYSTEMPATH/CodeIgniter.php(457): CodeIgniter\CodeIgniter->runController()
 6 SYSTEMPATH/CodeIgniter.php(340): CodeIgniter\CodeIgniter->handleRequest()
 7 FCPATH/index.php(71): CodeIgniter\CodeIgniter->run()
CRITICAL - 2023-01-11 00:11:36 --> Invalid file: template/kinsmen-sky/themes.php
in SYSTEMPATH/Exceptions/FrameworkException.php on line 33.
 1 SYSTEMPATH/View/View.php(201): CodeIgniter\Exceptions\FrameworkException::forInvalidFile()
 2 SYSTEMPATH/Common.php(1142): CodeIgniter\View\View->render()
 3 APPPATH/Controllers/Pages.php(54): view()
 4 SYSTEMPATH/CodeIgniter.php(907): App\Controllers\Pages->view()
 5 SYSTEMPATH/CodeIgniter.php(457): CodeIgniter\CodeIgniter->runController()
 6 SYSTEMPATH/CodeIgniter.php(340): CodeIgniter\CodeIgniter->handleRequest()
 7 FCPATH/index.php(71): CodeIgniter\CodeIgniter->run()
CRITICAL - 2023-01-11 00:11:36 --> Invalid file: template/kinsmen-sky/assets.php
in SYSTEMPATH/Exceptions/FrameworkException.php on line 33.
 1 SYSTEMPATH/View/View.php(201): CodeIgniter\Exceptions\FrameworkException::forInvalidFile()
 2 SYSTEMPATH/Common.php(1142): CodeIgniter\View\View->render()
 3 APPPATH/Controllers/Pages.php(54): view()
 4 SYSTEMPATH/CodeIgniter.php(907): App\Controllers\Pages->view()
 5 SYSTEMPATH/CodeIgniter.php(457): CodeIgniter\CodeIgniter->runController()
 6 SYSTEMPATH/CodeIgniter.php(340): CodeIgniter\CodeIgniter->handleRequest()
 7 FCPATH/index.php(71): CodeIgniter\CodeIgniter->run()
CRITICAL - 2023-01-11 00:11:36 --> Invalid file: template/kinsmen-sky/assets.php
in SYSTEMPATH/Exceptions/FrameworkException.php on line 33.
 1 SYSTEMPATH/View/View.php(201): CodeIgniter\Exceptions\FrameworkException::forInvalidFile()
 2 SYSTEMPATH/Common.php(1142): CodeIgniter\View\View->render()
 3 APPPATH/Controllers/Pages.php(54): view()
 4 SYSTEMPATH/CodeIgniter.php(907): App\Controllers\Pages->view()
 5 SYSTEMPATH/CodeIgniter.php(457): CodeIgniter\CodeIgniter->runController()
 6 SYSTEMPATH/CodeIgniter.php(340): CodeIgniter\CodeIgniter->handleRequest()
 7 FCPATH/index.php(71): CodeIgniter\CodeIgniter->run()
CRITICAL - 2023-01-11 00:13:30 --> Invalid file: template/kinsmen-sky/themes.php
in SYSTEMPATH/Exceptions/FrameworkException.php on line 33.
 1 SYSTEMPATH/View/View.php(201): CodeIgniter\Exceptions\FrameworkException::forInvalidFile()
 2 SYSTEMPATH/Common.php(1142): CodeIgniter\View\View->render()
 3 APPPATH/Controllers/Pages.php(54): view()
 4 SYSTEMPATH/CodeIgniter.php(907): App\Controllers\Pages->view()
 5 SYSTEMPATH/CodeIgniter.php(457): CodeIgniter\CodeIgniter->runController()
 6 SYSTEMPATH/CodeIgniter.php(340): CodeIgniter\CodeIgniter->handleRequest()
 7 FCPATH/index.php(71): CodeIgniter\CodeIgniter->run()
CRITICAL - 2023-01-11 00:13:30 --> Invalid file: template/kinsmen-sky/themes.php
in SYSTEMPATH/Exceptions/FrameworkException.php on line 33.
 1 SYSTEMPATH/View/View.php(201): CodeIgniter\Exceptions\FrameworkException::forInvalidFile()
 2 SYSTEMPATH/Common.php(1142): CodeIgniter\View\View->render()
 3 APPPATH/Controllers/Pages.php(54): view()
 4 SYSTEMPATH/CodeIgniter.php(907): App\Controllers\Pages->view()
 5 SYSTEMPATH/CodeIgniter.php(457): CodeIgniter\CodeIgniter->runController()
 6 SYSTEMPATH/CodeIgniter.php(340): CodeIgniter\CodeIgniter->handleRequest()
 7 FCPATH/index.php(71): CodeIgniter\CodeIgniter->run()
CRITICAL - 2023-01-11 00:13:30 --> Invalid file: template/kinsmen-sky/assets.php
in SYSTEMPATH/Exceptions/FrameworkException.php on line 33.
 1 SYSTEMPATH/View/View.php(201): CodeIgniter\Exceptions\FrameworkException::forInvalidFile()
 2 SYSTEMPATH/Common.php(1142): CodeIgniter\View\View->render()
 3 APPPATH/Controllers/Pages.php(54): view()
 4 SYSTEMPATH/CodeIgniter.php(907): App\Controllers\Pages->view()
 5 SYSTEMPATH/CodeIgniter.php(457): CodeIgniter\CodeIgniter->runController()
 6 SYSTEMPATH/CodeIgniter.php(340): CodeIgniter\CodeIgniter->handleRequest()
 7 FCPATH/index.php(71): CodeIgniter\CodeIgniter->run()
CRITICAL - 2023-01-11 00:13:30 --> Invalid file: template/kinsmen-sky/assets.php
in SYSTEMPATH/Exceptions/FrameworkException.php on line 33.
 1 SYSTEMPATH/View/View.php(201): CodeIgniter\Exceptions\FrameworkException::forInvalidFile()
 2 SYSTEMPATH/Common.php(1142): CodeIgniter\View\View->render()
 3 APPPATH/Controllers/Pages.php(54): view()
 4 SYSTEMPATH/CodeIgniter.php(907): App\Controllers\Pages->view()
 5 SYSTEMPATH/CodeIgniter.php(457): CodeIgniter\CodeIgniter->runController()
 6 SYSTEMPATH/CodeIgniter.php(340): CodeIgniter\CodeIgniter->handleRequest()
 7 FCPATH/index.php(71): CodeIgniter\CodeIgniter->run()
CRITICAL - 2023-01-11 00:13:36 --> Invalid file: template/kinsmen-sky/themes.php
in SYSTEMPATH/Exceptions/FrameworkException.php on line 33.
 1 SYSTEMPATH/View/View.php(201): CodeIgniter\Exceptions\FrameworkException::forInvalidFile()
 2 SYSTEMPATH/Common.php(1142): CodeIgniter\View\View->render()
 3 APPPATH/Controllers/Pages.php(54): view()
 4 SYSTEMPATH/CodeIgniter.php(907): App\Controllers\Pages->view()
 5 SYSTEMPATH/CodeIgniter.php(457): CodeIgniter\CodeIgniter->runController()
 6 SYSTEMPATH/CodeIgniter.php(340): CodeIgniter\CodeIgniter->handleRequest()
 7 FCPATH/index.php(71): CodeIgniter\CodeIgniter->run()
CRITICAL - 2023-01-11 00:13:36 --> Invalid file: template/kinsmen-sky/themes.php
in SYSTEMPATH/Exceptions/FrameworkException.php on line 33.
 1 SYSTEMPATH/View/View.php(201): CodeIgniter\Exceptions\FrameworkException::forInvalidFile()
 2 SYSTEMPATH/Common.php(1142): CodeIgniter\View\View->render()
 3 APPPATH/Controllers/Pages.php(54): view()
 4 SYSTEMPATH/CodeIgniter.php(907): App\Controllers\Pages->view()
 5 SYSTEMPATH/CodeIgniter.php(457): CodeIgniter\CodeIgniter->runController()
 6 SYSTEMPATH/CodeIgniter.php(340): CodeIgniter\CodeIgniter->handleRequest()
 7 FCPATH/index.php(71): CodeIgniter\CodeIgniter->run()
CRITICAL - 2023-01-11 00:13:36 --> Invalid file: template/kinsmen-sky/themes.php
in SYSTEMPATH/Exceptions/FrameworkException.php on line 33.
 1 SYSTEMPATH/View/View.php(201): CodeIgniter\Exceptions\FrameworkException::forInvalidFile()
 2 SYSTEMPATH/Common.php(1142): CodeIgniter\View\View->render()
 3 APPPATH/Controllers/Pages.php(54): view()
 4 SYSTEMPATH/CodeIgniter.php(907): App\Controllers\Pages->view()
 5 SYSTEMPATH/CodeIgniter.php(457): CodeIgniter\CodeIgniter->runController()
 6 SYSTEMPATH/CodeIgniter.php(340): CodeIgniter\CodeIgniter->handleRequest()
 7 FCPATH/index.php(71): CodeIgniter\CodeIgniter->run()
CRITICAL - 2023-01-11 00:13:36 --> Invalid file: template/kinsmen-sky/themes.php
in SYSTEMPATH/Exceptions/FrameworkException.php on line 33.
 1 SYSTEMPATH/View/View.php(201): CodeIgniter\Exceptions\FrameworkException::forInvalidFile()
 2 SYSTEMPATH/Common.php(1142): CodeIgniter\View\View->render()
 3 APPPATH/Controllers/Pages.php(54): view()
 4 SYSTEMPATH/CodeIgniter.php(907): App\Controllers\Pages->view()
 5 SYSTEMPATH/CodeIgniter.php(457): CodeIgniter\CodeIgniter->runController()
 6 SYSTEMPATH/CodeIgniter.php(340): CodeIgniter\CodeIgniter->handleRequest()
 7 FCPATH/index.php(71): CodeIgniter\CodeIgniter->run()
CRITICAL - 2023-01-11 00:14:08 --> Invalid file: template/kinsmen-sky/themes.php
in SYSTEMPATH/Exceptions/FrameworkException.php on line 33.
 1 SYSTEMPATH/View/View.php(201): CodeIgniter\Exceptions\FrameworkException::forInvalidFile()
 2 SYSTEMPATH/Common.php(1142): CodeIgniter\View\View->render()
 3 APPPATH/Controllers/Pages.php(54): view()
 4 SYSTEMPATH/CodeIgniter.php(907): App\Controllers\Pages->view()
 5 SYSTEMPATH/CodeIgniter.php(457): CodeIgniter\CodeIgniter->runController()
 6 SYSTEMPATH/CodeIgniter.php(340): CodeIgniter\CodeIgniter->handleRequest()
 7 FCPATH/index.php(71): CodeIgniter\CodeIgniter->run()
CRITICAL - 2023-01-11 00:14:08 --> Invalid file: template/kinsmen-sky/themes.php
in SYSTEMPATH/Exceptions/FrameworkException.php on line 33.
 1 SYSTEMPATH/View/View.php(201): CodeIgniter\Exceptions\FrameworkException::forInvalidFile()
 2 SYSTEMPATH/Common.php(1142): CodeIgniter\View\View->render()
 3 APPPATH/Controllers/Pages.php(54): view()
 4 SYSTEMPATH/CodeIgniter.php(907): App\Controllers\Pages->view()
 5 SYSTEMPATH/CodeIgniter.php(457): CodeIgniter\CodeIgniter->runController()
 6 SYSTEMPATH/CodeIgniter.php(340): CodeIgniter\CodeIgniter->handleRequest()
 7 FCPATH/index.php(71): CodeIgniter\CodeIgniter->run()
CRITICAL - 2023-01-11 00:14:08 --> Invalid file: template/kinsmen-sky/themes.php
in SYSTEMPATH/Exceptions/FrameworkException.php on line 33.
 1 SYSTEMPATH/View/View.php(201): CodeIgniter\Exceptions\FrameworkException::forInvalidFile()
 2 SYSTEMPATH/Common.php(1142): CodeIgniter\View\View->render()
 3 APPPATH/Controllers/Pages.php(54): view()
 4 SYSTEMPATH/CodeIgniter.php(907): App\Controllers\Pages->view()
 5 SYSTEMPATH/CodeIgniter.php(457): CodeIgniter\CodeIgniter->runController()
 6 SYSTEMPATH/CodeIgniter.php(340): CodeIgniter\CodeIgniter->handleRequest()
 7 FCPATH/index.php(71): CodeIgniter\CodeIgniter->run()
CRITICAL - 2023-01-11 00:14:08 --> Invalid file: template/kinsmen-sky/assets.php
in SYSTEMPATH/Exceptions/FrameworkException.php on line 33.
 1 SYSTEMPATH/View/View.php(201): CodeIgniter\Exceptions\FrameworkException::forInvalidFile()
 2 SYSTEMPATH/Common.php(1142): CodeIgniter\View\View->render()
 3 APPPATH/Controllers/Pages.php(54): view()
 4 SYSTEMPATH/CodeIgniter.php(907): App\Controllers\Pages->view()
 5 SYSTEMPATH/CodeIgniter.php(457): CodeIgniter\CodeIgniter->runController()
 6 SYSTEMPATH/CodeIgniter.php(340): CodeIgniter\CodeIgniter->handleRequest()
 7 FCPATH/index.php(71): CodeIgniter\CodeIgniter->run()
CRITICAL - 2023-01-11 00:14:08 --> Invalid file: template/kinsmen-sky/assets.php
in SYSTEMPATH/Exceptions/FrameworkException.php on line 33.
 1 SYSTEMPATH/View/View.php(201): CodeIgniter\Exceptions\FrameworkException::forInvalidFile()
 2 SYSTEMPATH/Common.php(1142): CodeIgniter\View\View->render()
 3 APPPATH/Controllers/Pages.php(54): view()
 4 SYSTEMPATH/CodeIgniter.php(907): App\Controllers\Pages->view()
 5 SYSTEMPATH/CodeIgniter.php(457): CodeIgniter\CodeIgniter->runController()
 6 SYSTEMPATH/CodeIgniter.php(340): CodeIgniter\CodeIgniter->handleRequest()
 7 FCPATH/index.php(71): CodeIgniter\CodeIgniter->run()
CRITICAL - 2023-01-11 00:14:08 --> Invalid file: template/kinsmen-sky/themes.php
in SYSTEMPATH/Exceptions/FrameworkException.php on line 33.
 1 SYSTEMPATH/View/View.php(201): CodeIgniter\Exceptions\FrameworkException::forInvalidFile()
 2 SYSTEMPATH/Common.php(1142): CodeIgniter\View\View->render()
 3 APPPATH/Controllers/Pages.php(54): view()
 4 SYSTEMPATH/CodeIgniter.php(907): App\Controllers\Pages->view()
 5 SYSTEMPATH/CodeIgniter.php(457): CodeIgniter\CodeIgniter->runController()
 6 SYSTEMPATH/CodeIgniter.php(340): CodeIgniter\CodeIgniter->handleRequest()
 7 FCPATH/index.php(71): CodeIgniter\CodeIgniter->run()
CRITICAL - 2023-01-11 00:14:08 --> Invalid file: template/kinsmen-sky/themes.php
in SYSTEMPATH/Exceptions/FrameworkException.php on line 33.
 1 SYSTEMPATH/View/View.php(201): CodeIgniter\Exceptions\FrameworkException::forInvalidFile()
 2 SYSTEMPATH/Common.php(1142): CodeIgniter\View\View->render()
 3 APPPATH/Controllers/Pages.php(54): view()
 4 SYSTEMPATH/CodeIgniter.php(907): App\Controllers\Pages->view()
 5 SYSTEMPATH/CodeIgniter.php(457): CodeIgniter\CodeIgniter->runController()
 6 SYSTEMPATH/CodeIgniter.php(340): CodeIgniter\CodeIgniter->handleRequest()
 7 FCPATH/index.php(71): CodeIgniter\CodeIgniter->run()
CRITICAL - 2023-01-11 00:14:08 --> Invalid file: template/kinsmen-sky/themes.php
in SYSTEMPATH/Exceptions/FrameworkException.php on line 33.
 1 SYSTEMPATH/View/View.php(201): CodeIgniter\Exceptions\FrameworkException::forInvalidFile()
 2 SYSTEMPATH/Common.php(1142): CodeIgniter\View\View->render()
 3 APPPATH/Controllers/Pages.php(54): view()
 4 SYSTEMPATH/CodeIgniter.php(907): App\Controllers\Pages->view()
 5 SYSTEMPATH/CodeIgniter.php(457): CodeIgniter\CodeIgniter->runController()
 6 SYSTEMPATH/CodeIgniter.php(340): CodeIgniter\CodeIgniter->handleRequest()
 7 FCPATH/index.php(71): CodeIgniter\CodeIgniter->run()
CRITICAL - 2023-01-11 00:14:08 --> Invalid file: template/kinsmen-sky/themes.php
in SYSTEMPATH/Exceptions/FrameworkException.php on line 33.
 1 SYSTEMPATH/View/View.php(201): CodeIgniter\Exceptions\FrameworkException::forInvalidFile()
 2 SYSTEMPATH/Common.php(1142): CodeIgniter\View\View->render()
 3 APPPATH/Controllers/Pages.php(54): view()
 4 SYSTEMPATH/CodeIgniter.php(907): App\Controllers\Pages->view()
 5 SYSTEMPATH/CodeIgniter.php(457): CodeIgniter\CodeIgniter->runController()
 6 SYSTEMPATH/CodeIgniter.php(340): CodeIgniter\CodeIgniter->handleRequest()
 7 FCPATH/index.php(71): CodeIgniter\CodeIgniter->run()
CRITICAL - 2023-01-11 00:15:50 --> Invalid file: template/kinsmen-sky/themes.php
in SYSTEMPATH/Exceptions/FrameworkException.php on line 33.
 1 SYSTEMPATH/View/View.php(201): CodeIgniter\Exceptions\FrameworkException::forInvalidFile()
 2 SYSTEMPATH/Common.php(1142): CodeIgniter\View\View->render()
 3 APPPATH/Controllers/Pages.php(54): view()
 4 SYSTEMPATH/CodeIgniter.php(907): App\Controllers\Pages->view()
 5 SYSTEMPATH/CodeIgniter.php(457): CodeIgniter\CodeIgniter->runController()
 6 SYSTEMPATH/CodeIgniter.php(340): CodeIgniter\CodeIgniter->handleRequest()
 7 FCPATH/index.php(71): CodeIgniter\CodeIgniter->run()
CRITICAL - 2023-01-11 00:15:50 --> Invalid file: template/kinsmen-sky/themes.php
in SYSTEMPATH/Exceptions/FrameworkException.php on line 33.
 1 SYSTEMPATH/View/View.php(201): CodeIgniter\Exceptions\FrameworkException::forInvalidFile()
 2 SYSTEMPATH/Common.php(1142): CodeIgniter\View\View->render()
 3 APPPATH/Controllers/Pages.php(54): view()
 4 SYSTEMPATH/CodeIgniter.php(907): App\Controllers\Pages->view()
 5 SYSTEMPATH/CodeIgniter.php(457): CodeIgniter\CodeIgniter->runController()
 6 SYSTEMPATH/CodeIgniter.php(340): CodeIgniter\CodeIgniter->handleRequest()
 7 FCPATH/index.php(71): CodeIgniter\CodeIgniter->run()
CRITICAL - 2023-01-11 00:15:50 --> Invalid file: template/kinsmen-sky/assets.php
in SYSTEMPATH/Exceptions/FrameworkException.php on line 33.
 1 SYSTEMPATH/View/View.php(201): CodeIgniter\Exceptions\FrameworkException::forInvalidFile()
 2 SYSTEMPATH/Common.php(1142): CodeIgniter\View\View->render()
 3 APPPATH/Controllers/Pages.php(54): view()
 4 SYSTEMPATH/CodeIgniter.php(907): App\Controllers\Pages->view()
 5 SYSTEMPATH/CodeIgniter.php(457): CodeIgniter\CodeIgniter->runController()
 6 SYSTEMPATH/CodeIgniter.php(340): CodeIgniter\CodeIgniter->handleRequest()
 7 FCPATH/index.php(71): CodeIgniter\CodeIgniter->run()
CRITICAL - 2023-01-11 00:15:50 --> Invalid file: template/kinsmen-sky/assets.php
in SYSTEMPATH/Exceptions/FrameworkException.php on line 33.
 1 SYSTEMPATH/View/View.php(201): CodeIgniter\Exceptions\FrameworkException::forInvalidFile()
 2 SYSTEMPATH/Common.php(1142): CodeIgniter\View\View->render()
 3 APPPATH/Controllers/Pages.php(54): view()
 4 SYSTEMPATH/CodeIgniter.php(907): App\Controllers\Pages->view()
 5 SYSTEMPATH/CodeIgniter.php(457): CodeIgniter\CodeIgniter->runController()
 6 SYSTEMPATH/CodeIgniter.php(340): CodeIgniter\CodeIgniter->handleRequest()
 7 FCPATH/index.php(71): CodeIgniter\CodeIgniter->run()
CRITICAL - 2023-01-11 00:15:50 --> Invalid file: template/kinsmen-sky/themes.php
in SYSTEMPATH/Exceptions/FrameworkException.php on line 33.
 1 SYSTEMPATH/View/View.php(201): CodeIgniter\Exceptions\FrameworkException::forInvalidFile()
 2 SYSTEMPATH/Common.php(1142): CodeIgniter\View\View->render()
 3 APPPATH/Controllers/Pages.php(54): view()
 4 SYSTEMPATH/CodeIgniter.php(907): App\Controllers\Pages->view()
 5 SYSTEMPATH/CodeIgniter.php(457): CodeIgniter\CodeIgniter->runController()
 6 SYSTEMPATH/CodeIgniter.php(340): CodeIgniter\CodeIgniter->handleRequest()
 7 FCPATH/index.php(71): CodeIgniter\CodeIgniter->run()
CRITICAL - 2023-01-11 00:18:07 --> Invalid file: template/kinsmen-sky/themes.php
in SYSTEMPATH/Exceptions/FrameworkException.php on line 33.
 1 SYSTEMPATH/View/View.php(201): CodeIgniter\Exceptions\FrameworkException::forInvalidFile()
 2 SYSTEMPATH/Common.php(1142): CodeIgniter\View\View->render()
 3 APPPATH/Controllers/Pages.php(54): view()
 4 SYSTEMPATH/CodeIgniter.php(907): App\Controllers\Pages->view()
 5 SYSTEMPATH/CodeIgniter.php(457): CodeIgniter\CodeIgniter->runController()
 6 SYSTEMPATH/CodeIgniter.php(340): CodeIgniter\CodeIgniter->handleRequest()
 7 FCPATH/index.php(71): CodeIgniter\CodeIgniter->run()
CRITICAL - 2023-01-11 00:18:08 --> Invalid file: template/kinsmen-sky/themes.php
in SYSTEMPATH/Exceptions/FrameworkException.php on line 33.
 1 SYSTEMPATH/View/View.php(201): CodeIgniter\Exceptions\FrameworkException::forInvalidFile()
 2 SYSTEMPATH/Common.php(1142): CodeIgniter\View\View->render()
 3 APPPATH/Controllers/Pages.php(54): view()
 4 SYSTEMPATH/CodeIgniter.php(907): App\Controllers\Pages->view()
 5 SYSTEMPATH/CodeIgniter.php(457): CodeIgniter\CodeIgniter->runController()
 6 SYSTEMPATH/CodeIgniter.php(340): CodeIgniter\CodeIgniter->handleRequest()
 7 FCPATH/index.php(71): CodeIgniter\CodeIgniter->run()
CRITICAL - 2023-01-11 00:18:08 --> Invalid file: template/kinsmen-sky/assets.php
in SYSTEMPATH/Exceptions/FrameworkException.php on line 33.
 1 SYSTEMPATH/View/View.php(201): CodeIgniter\Exceptions\FrameworkException::forInvalidFile()
 2 SYSTEMPATH/Common.php(1142): CodeIgniter\View\View->render()
 3 APPPATH/Controllers/Pages.php(54): view()
 4 SYSTEMPATH/CodeIgniter.php(907): App\Controllers\Pages->view()
 5 SYSTEMPATH/CodeIgniter.php(457): CodeIgniter\CodeIgniter->runController()
 6 SYSTEMPATH/CodeIgniter.php(340): CodeIgniter\CodeIgniter->handleRequest()
 7 FCPATH/index.php(71): CodeIgniter\CodeIgniter->run()
CRITICAL - 2023-01-11 00:18:08 --> Invalid file: template/kinsmen-sky/assets.php
in SYSTEMPATH/Exceptions/FrameworkException.php on line 33.
 1 SYSTEMPATH/View/View.php(201): CodeIgniter\Exceptions\FrameworkException::forInvalidFile()
 2 SYSTEMPATH/Common.php(1142): CodeIgniter\View\View->render()
 3 APPPATH/Controllers/Pages.php(54): view()
 4 SYSTEMPATH/CodeIgniter.php(907): App\Controllers\Pages->view()
 5 SYSTEMPATH/CodeIgniter.php(457): CodeIgniter\CodeIgniter->runController()
 6 SYSTEMPATH/CodeIgniter.php(340): CodeIgniter\CodeIgniter->handleRequest()
 7 FCPATH/index.php(71): CodeIgniter\CodeIgniter->run()
CRITICAL - 2023-01-11 00:18:08 --> Invalid file: template/kinsmen-sky/themes.php
in SYSTEMPATH/Exceptions/FrameworkException.php on line 33.
 1 SYSTEMPATH/View/View.php(201): CodeIgniter\Exceptions\FrameworkException::forInvalidFile()
 2 SYSTEMPATH/Common.php(1142): CodeIgniter\View\View->render()
 3 APPPATH/Controllers/Pages.php(54): view()
 4 SYSTEMPATH/CodeIgniter.php(907): App\Controllers\Pages->view()
 5 SYSTEMPATH/CodeIgniter.php(457): CodeIgniter\CodeIgniter->runController()
 6 SYSTEMPATH/CodeIgniter.php(340): CodeIgniter\CodeIgniter->handleRequest()
 7 FCPATH/index.php(71): CodeIgniter\CodeIgniter->run()
CRITICAL - 2023-01-11 00:18:33 --> Invalid file: template/kinsmen-sky/themes.php
in SYSTEMPATH/Exceptions/FrameworkException.php on line 33.
 1 SYSTEMPATH/View/View.php(201): CodeIgniter\Exceptions\FrameworkException::forInvalidFile()
 2 SYSTEMPATH/Common.php(1142): CodeIgniter\View\View->render()
 3 APPPATH/Controllers/Pages.php(54): view()
 4 SYSTEMPATH/CodeIgniter.php(907): App\Controllers\Pages->view()
 5 SYSTEMPATH/CodeIgniter.php(457): CodeIgniter\CodeIgniter->runController()
 6 SYSTEMPATH/CodeIgniter.php(340): CodeIgniter\CodeIgniter->handleRequest()
 7 FCPATH/index.php(71): CodeIgniter\CodeIgniter->run()
CRITICAL - 2023-01-11 00:18:33 --> Invalid file: template/kinsmen-sky/themes.php
in SYSTEMPATH/Exceptions/FrameworkException.php on line 33.
 1 SYSTEMPATH/View/View.php(201): CodeIgniter\Exceptions\FrameworkException::forInvalidFile()
 2 SYSTEMPATH/Common.php(1142): CodeIgniter\View\View->render()
 3 APPPATH/Controllers/Pages.php(54): view()
 4 SYSTEMPATH/CodeIgniter.php(907): App\Controllers\Pages->view()
 5 SYSTEMPATH/CodeIgniter.php(457): CodeIgniter\CodeIgniter->runController()
 6 SYSTEMPATH/CodeIgniter.php(340): CodeIgniter\CodeIgniter->handleRequest()
 7 FCPATH/index.php(71): CodeIgniter\CodeIgniter->run()
CRITICAL - 2023-01-11 00:18:33 --> Invalid file: template/kinsmen-sky/assets.php
in SYSTEMPATH/Exceptions/FrameworkException.php on line 33.
 1 SYSTEMPATH/View/View.php(201): CodeIgniter\Exceptions\FrameworkException::forInvalidFile()
 2 SYSTEMPATH/Common.php(1142): CodeIgniter\View\View->render()
 3 APPPATH/Controllers/Pages.php(54): view()
 4 SYSTEMPATH/CodeIgniter.php(907): App\Controllers\Pages->view()
 5 SYSTEMPATH/CodeIgniter.php(457): CodeIgniter\CodeIgniter->runController()
 6 SYSTEMPATH/CodeIgniter.php(340): CodeIgniter\CodeIgniter->handleRequest()
 7 FCPATH/index.php(71): CodeIgniter\CodeIgniter->run()
CRITICAL - 2023-01-11 00:18:33 --> Invalid file: template/kinsmen-sky/assets.php
in SYSTEMPATH/Exceptions/FrameworkException.php on line 33.
 1 SYSTEMPATH/View/View.php(201): CodeIgniter\Exceptions\FrameworkException::forInvalidFile()
 2 SYSTEMPATH/Common.php(1142): CodeIgniter\View\View->render()
 3 APPPATH/Controllers/Pages.php(54): view()
 4 SYSTEMPATH/CodeIgniter.php(907): App\Controllers\Pages->view()
 5 SYSTEMPATH/CodeIgniter.php(457): CodeIgniter\CodeIgniter->runController()
 6 SYSTEMPATH/CodeIgniter.php(340): CodeIgniter\CodeIgniter->handleRequest()
 7 FCPATH/index.php(71): CodeIgniter\CodeIgniter->run()
CRITICAL - 2023-01-11 00:18:34 --> Invalid file: template/kinsmen-sky/themes.php
in SYSTEMPATH/Exceptions/FrameworkException.php on line 33.
 1 SYSTEMPATH/View/View.php(201): CodeIgniter\Exceptions\FrameworkException::forInvalidFile()
 2 SYSTEMPATH/Common.php(1142): CodeIgniter\View\View->render()
 3 APPPATH/Controllers/Pages.php(54): view()
 4 SYSTEMPATH/CodeIgniter.php(907): App\Controllers\Pages->view()
 5 SYSTEMPATH/CodeIgniter.php(457): CodeIgniter\CodeIgniter->runController()
 6 SYSTEMPATH/CodeIgniter.php(340): CodeIgniter\CodeIgniter->handleRequest()
 7 FCPATH/index.php(71): CodeIgniter\CodeIgniter->run()
CRITICAL - 2023-01-11 00:21:20 --> Invalid file: template/kinsmen-sky/themes.php
in SYSTEMPATH/Exceptions/FrameworkException.php on line 33.
 1 SYSTEMPATH/View/View.php(201): CodeIgniter\Exceptions\FrameworkException::forInvalidFile()
 2 SYSTEMPATH/Common.php(1142): CodeIgniter\View\View->render()
 3 APPPATH/Controllers/Pages.php(54): view()
 4 SYSTEMPATH/CodeIgniter.php(907): App\Controllers\Pages->view()
 5 SYSTEMPATH/CodeIgniter.php(457): CodeIgniter\CodeIgniter->runController()
 6 SYSTEMPATH/CodeIgniter.php(340): CodeIgniter\CodeIgniter->handleRequest()
 7 FCPATH/index.php(71): CodeIgniter\CodeIgniter->run()
CRITICAL - 2023-01-11 00:21:20 --> Invalid file: template/kinsmen-sky/themes.php
in SYSTEMPATH/Exceptions/FrameworkException.php on line 33.
 1 SYSTEMPATH/View/View.php(201): CodeIgniter\Exceptions\FrameworkException::forInvalidFile()
 2 SYSTEMPATH/Common.php(1142): CodeIgniter\View\View->render()
 3 APPPATH/Controllers/Pages.php(54): view()
 4 SYSTEMPATH/CodeIgniter.php(907): App\Controllers\Pages->view()
 5 SYSTEMPATH/CodeIgniter.php(457): CodeIgniter\CodeIgniter->runController()
 6 SYSTEMPATH/CodeIgniter.php(340): CodeIgniter\CodeIgniter->handleRequest()
 7 FCPATH/index.php(71): CodeIgniter\CodeIgniter->run()
CRITICAL - 2023-01-11 00:21:20 --> Invalid file: template/kinsmen-sky/assets.php
in SYSTEMPATH/Exceptions/FrameworkException.php on line 33.
 1 SYSTEMPATH/View/View.php(201): CodeIgniter\Exceptions\FrameworkException::forInvalidFile()
 2 SYSTEMPATH/Common.php(1142): CodeIgniter\View\View->render()
 3 APPPATH/Controllers/Pages.php(54): view()
 4 SYSTEMPATH/CodeIgniter.php(907): App\Controllers\Pages->view()
 5 SYSTEMPATH/CodeIgniter.php(457): CodeIgniter\CodeIgniter->runController()
 6 SYSTEMPATH/CodeIgniter.php(340): CodeIgniter\CodeIgniter->handleRequest()
 7 FCPATH/index.php(71): CodeIgniter\CodeIgniter->run()
CRITICAL - 2023-01-11 00:21:20 --> Invalid file: template/kinsmen-sky/assets.php
in SYSTEMPATH/Exceptions/FrameworkException.php on line 33.
 1 SYSTEMPATH/View/View.php(201): CodeIgniter\Exceptions\FrameworkException::forInvalidFile()
 2 SYSTEMPATH/Common.php(1142): CodeIgniter\View\View->render()
 3 APPPATH/Controllers/Pages.php(54): view()
 4 SYSTEMPATH/CodeIgniter.php(907): App\Controllers\Pages->view()
 5 SYSTEMPATH/CodeIgniter.php(457): CodeIgniter\CodeIgniter->runController()
 6 SYSTEMPATH/CodeIgniter.php(340): CodeIgniter\CodeIgniter->handleRequest()
 7 FCPATH/index.php(71): CodeIgniter\CodeIgniter->run()
CRITICAL - 2023-01-11 00:21:20 --> Invalid file: template/kinsmen-sky/themes.php
in SYSTEMPATH/Exceptions/FrameworkException.php on line 33.
 1 SYSTEMPATH/View/View.php(201): CodeIgniter\Exceptions\FrameworkException::forInvalidFile()
 2 SYSTEMPATH/Common.php(1142): CodeIgniter\View\View->render()
 3 APPPATH/Controllers/Pages.php(54): view()
 4 SYSTEMPATH/CodeIgniter.php(907): App\Controllers\Pages->view()
 5 SYSTEMPATH/CodeIgniter.php(457): CodeIgniter\CodeIgniter->runController()
 6 SYSTEMPATH/CodeIgniter.php(340): CodeIgniter\CodeIgniter->handleRequest()
 7 FCPATH/index.php(71): CodeIgniter\CodeIgniter->run()
CRITICAL - 2023-01-11 00:22:12 --> Invalid file: template/kinsmen-sky/themes.php
in SYSTEMPATH/Exceptions/FrameworkException.php on line 33.
 1 SYSTEMPATH/View/View.php(201): CodeIgniter\Exceptions\FrameworkException::forInvalidFile()
 2 SYSTEMPATH/Common.php(1142): CodeIgniter\View\View->render()
 3 APPPATH/Controllers/Pages.php(54): view()
 4 SYSTEMPATH/CodeIgniter.php(907): App\Controllers\Pages->view()
 5 SYSTEMPATH/CodeIgniter.php(457): CodeIgniter\CodeIgniter->runController()
 6 SYSTEMPATH/CodeIgniter.php(340): CodeIgniter\CodeIgniter->handleRequest()
 7 FCPATH/index.php(71): CodeIgniter\CodeIgniter->run()
CRITICAL - 2023-01-11 00:22:12 --> Invalid file: template/kinsmen-sky/themes.php
in SYSTEMPATH/Exceptions/FrameworkException.php on line 33.
 1 SYSTEMPATH/View/View.php(201): CodeIgniter\Exceptions\FrameworkException::forInvalidFile()
 2 SYSTEMPATH/Common.php(1142): CodeIgniter\View\View->render()
 3 APPPATH/Controllers/Pages.php(54): view()
 4 SYSTEMPATH/CodeIgniter.php(907): App\Controllers\Pages->view()
 5 SYSTEMPATH/CodeIgniter.php(457): CodeIgniter\CodeIgniter->runController()
 6 SYSTEMPATH/CodeIgniter.php(340): CodeIgniter\CodeIgniter->handleRequest()
 7 FCPATH/index.php(71): CodeIgniter\CodeIgniter->run()
CRITICAL - 2023-01-11 00:22:12 --> Invalid file: template/kinsmen-sky/assets.php
in SYSTEMPATH/Exceptions/FrameworkException.php on line 33.
 1 SYSTEMPATH/View/View.php(201): CodeIgniter\Exceptions\FrameworkException::forInvalidFile()
 2 SYSTEMPATH/Common.php(1142): CodeIgniter\View\View->render()
 3 APPPATH/Controllers/Pages.php(54): view()
 4 SYSTEMPATH/CodeIgniter.php(907): App\Controllers\Pages->view()
 5 SYSTEMPATH/CodeIgniter.php(457): CodeIgniter\CodeIgniter->runController()
 6 SYSTEMPATH/CodeIgniter.php(340): CodeIgniter\CodeIgniter->handleRequest()
 7 FCPATH/index.php(71): CodeIgniter\CodeIgniter->run()
CRITICAL - 2023-01-11 00:22:12 --> Invalid file: template/kinsmen-sky/assets.php
in SYSTEMPATH/Exceptions/FrameworkException.php on line 33.
 1 SYSTEMPATH/View/View.php(201): CodeIgniter\Exceptions\FrameworkException::forInvalidFile()
 2 SYSTEMPATH/Common.php(1142): CodeIgniter\View\View->render()
 3 APPPATH/Controllers/Pages.php(54): view()
 4 SYSTEMPATH/CodeIgniter.php(907): App\Controllers\Pages->view()
 5 SYSTEMPATH/CodeIgniter.php(457): CodeIgniter\CodeIgniter->runController()
 6 SYSTEMPATH/CodeIgniter.php(340): CodeIgniter\CodeIgniter->handleRequest()
 7 FCPATH/index.php(71): CodeIgniter\CodeIgniter->run()
CRITICAL - 2023-01-11 00:22:12 --> Invalid file: template/kinsmen-sky/themes.php
in SYSTEMPATH/Exceptions/FrameworkException.php on line 33.
 1 SYSTEMPATH/View/View.php(201): CodeIgniter\Exceptions\FrameworkException::forInvalidFile()
 2 SYSTEMPATH/Common.php(1142): CodeIgniter\View\View->render()
 3 APPPATH/Controllers/Pages.php(54): view()
 4 SYSTEMPATH/CodeIgniter.php(907): App\Controllers\Pages->view()
 5 SYSTEMPATH/CodeIgniter.php(457): CodeIgniter\CodeIgniter->runController()
 6 SYSTEMPATH/CodeIgniter.php(340): CodeIgniter\CodeIgniter->handleRequest()
 7 FCPATH/index.php(71): CodeIgniter\CodeIgniter->run()
CRITICAL - 2023-01-11 00:22:24 --> Invalid file: template/kinsmen-sky/themes.php
in SYSTEMPATH/Exceptions/FrameworkException.php on line 33.
 1 SYSTEMPATH/View/View.php(201): CodeIgniter\Exceptions\FrameworkException::forInvalidFile()
 2 SYSTEMPATH/Common.php(1142): CodeIgniter\View\View->render()
 3 APPPATH/Controllers/Pages.php(54): view()
 4 SYSTEMPATH/CodeIgniter.php(907): App\Controllers\Pages->view()
 5 SYSTEMPATH/CodeIgniter.php(457): CodeIgniter\CodeIgniter->runController()
 6 SYSTEMPATH/CodeIgniter.php(340): CodeIgniter\CodeIgniter->handleRequest()
 7 FCPATH/index.php(71): CodeIgniter\CodeIgniter->run()
CRITICAL - 2023-01-11 00:22:24 --> Invalid file: template/kinsmen-sky/themes.php
in SYSTEMPATH/Exceptions/FrameworkException.php on line 33.
 1 SYSTEMPATH/View/View.php(201): CodeIgniter\Exceptions\FrameworkException::forInvalidFile()
 2 SYSTEMPATH/Common.php(1142): CodeIgniter\View\View->render()
 3 APPPATH/Controllers/Pages.php(54): view()
 4 SYSTEMPATH/CodeIgniter.php(907): App\Controllers\Pages->view()
 5 SYSTEMPATH/CodeIgniter.php(457): CodeIgniter\CodeIgniter->runController()
 6 SYSTEMPATH/CodeIgniter.php(340): CodeIgniter\CodeIgniter->handleRequest()
 7 FCPATH/index.php(71): CodeIgniter\CodeIgniter->run()
CRITICAL - 2023-01-11 00:22:24 --> Invalid file: template/kinsmen-sky/assets.php
in SYSTEMPATH/Exceptions/FrameworkException.php on line 33.
 1 SYSTEMPATH/View/View.php(201): CodeIgniter\Exceptions\FrameworkException::forInvalidFile()
 2 SYSTEMPATH/Common.php(1142): CodeIgniter\View\View->render()
 3 APPPATH/Controllers/Pages.php(54): view()
 4 SYSTEMPATH/CodeIgniter.php(907): App\Controllers\Pages->view()
 5 SYSTEMPATH/CodeIgniter.php(457): CodeIgniter\CodeIgniter->runController()
 6 SYSTEMPATH/CodeIgniter.php(340): CodeIgniter\CodeIgniter->handleRequest()
 7 FCPATH/index.php(71): CodeIgniter\CodeIgniter->run()
CRITICAL - 2023-01-11 00:22:24 --> Invalid file: template/kinsmen-sky/assets.php
in SYSTEMPATH/Exceptions/FrameworkException.php on line 33.
 1 SYSTEMPATH/View/View.php(201): CodeIgniter\Exceptions\FrameworkException::forInvalidFile()
 2 SYSTEMPATH/Common.php(1142): CodeIgniter\View\View->render()
 3 APPPATH/Controllers/Pages.php(54): view()
 4 SYSTEMPATH/CodeIgniter.php(907): App\Controllers\Pages->view()
 5 SYSTEMPATH/CodeIgniter.php(457): CodeIgniter\CodeIgniter->runController()
 6 SYSTEMPATH/CodeIgniter.php(340): CodeIgniter\CodeIgniter->handleRequest()
 7 FCPATH/index.php(71): CodeIgniter\CodeIgniter->run()
CRITICAL - 2023-01-11 00:22:24 --> Invalid file: template/kinsmen-sky/themes.php
in SYSTEMPATH/Exceptions/FrameworkException.php on line 33.
 1 SYSTEMPATH/View/View.php(201): CodeIgniter\Exceptions\FrameworkException::forInvalidFile()
 2 SYSTEMPATH/Common.php(1142): CodeIgniter\View\View->render()
 3 APPPATH/Controllers/Pages.php(54): view()
 4 SYSTEMPATH/CodeIgniter.php(907): App\Controllers\Pages->view()
 5 SYSTEMPATH/CodeIgniter.php(457): CodeIgniter\CodeIgniter->runController()
 6 SYSTEMPATH/CodeIgniter.php(340): CodeIgniter\CodeIgniter->handleRequest()
 7 FCPATH/index.php(71): CodeIgniter\CodeIgniter->run()
CRITICAL - 2023-01-11 00:22:59 --> Invalid file: template/kinsmen-sky/themes.php
in SYSTEMPATH/Exceptions/FrameworkException.php on line 33.
 1 SYSTEMPATH/View/View.php(201): CodeIgniter\Exceptions\FrameworkException::forInvalidFile()
 2 SYSTEMPATH/Common.php(1142): CodeIgniter\View\View->render()
 3 APPPATH/Controllers/Pages.php(54): view()
 4 SYSTEMPATH/CodeIgniter.php(907): App\Controllers\Pages->view()
 5 SYSTEMPATH/CodeIgniter.php(457): CodeIgniter\CodeIgniter->runController()
 6 SYSTEMPATH/CodeIgniter.php(340): CodeIgniter\CodeIgniter->handleRequest()
 7 FCPATH/index.php(71): CodeIgniter\CodeIgniter->run()
CRITICAL - 2023-01-11 00:22:59 --> Invalid file: template/kinsmen-sky/themes.php
in SYSTEMPATH/Exceptions/FrameworkException.php on line 33.
 1 SYSTEMPATH/View/View.php(201): CodeIgniter\Exceptions\FrameworkException::forInvalidFile()
 2 SYSTEMPATH/Common.php(1142): CodeIgniter\View\View->render()
 3 APPPATH/Controllers/Pages.php(54): view()
 4 SYSTEMPATH/CodeIgniter.php(907): App\Controllers\Pages->view()
 5 SYSTEMPATH/CodeIgniter.php(457): CodeIgniter\CodeIgniter->runController()
 6 SYSTEMPATH/CodeIgniter.php(340): CodeIgniter\CodeIgniter->handleRequest()
 7 FCPATH/index.php(71): CodeIgniter\CodeIgniter->run()
CRITICAL - 2023-01-11 00:22:59 --> Invalid file: template/kinsmen-sky/assets.php
in SYSTEMPATH/Exceptions/FrameworkException.php on line 33.
 1 SYSTEMPATH/View/View.php(201): CodeIgniter\Exceptions\FrameworkException::forInvalidFile()
 2 SYSTEMPATH/Common.php(1142): CodeIgniter\View\View->render()
 3 APPPATH/Controllers/Pages.php(54): view()
 4 SYSTEMPATH/CodeIgniter.php(907): App\Controllers\Pages->view()
 5 SYSTEMPATH/CodeIgniter.php(457): CodeIgniter\CodeIgniter->runController()
 6 SYSTEMPATH/CodeIgniter.php(340): CodeIgniter\CodeIgniter->handleRequest()
 7 FCPATH/index.php(71): CodeIgniter\CodeIgniter->run()
CRITICAL - 2023-01-11 00:22:59 --> Invalid file: template/kinsmen-sky/assets.php
in SYSTEMPATH/Exceptions/FrameworkException.php on line 33.
 1 SYSTEMPATH/View/View.php(201): CodeIgniter\Exceptions\FrameworkException::forInvalidFile()
 2 SYSTEMPATH/Common.php(1142): CodeIgniter\View\View->render()
 3 APPPATH/Controllers/Pages.php(54): view()
 4 SYSTEMPATH/CodeIgniter.php(907): App\Controllers\Pages->view()
 5 SYSTEMPATH/CodeIgniter.php(457): CodeIgniter\CodeIgniter->runController()
 6 SYSTEMPATH/CodeIgniter.php(340): CodeIgniter\CodeIgniter->handleRequest()
 7 FCPATH/index.php(71): CodeIgniter\CodeIgniter->run()
CRITICAL - 2023-01-11 00:22:59 --> Invalid file: template/kinsmen-sky/themes.php
in SYSTEMPATH/Exceptions/FrameworkException.php on line 33.
 1 SYSTEMPATH/View/View.php(201): CodeIgniter\Exceptions\FrameworkException::forInvalidFile()
 2 SYSTEMPATH/Common.php(1142): CodeIgniter\View\View->render()
 3 APPPATH/Controllers/Pages.php(54): view()
 4 SYSTEMPATH/CodeIgniter.php(907): App\Controllers\Pages->view()
 5 SYSTEMPATH/CodeIgniter.php(457): CodeIgniter\CodeIgniter->runController()
 6 SYSTEMPATH/CodeIgniter.php(340): CodeIgniter\CodeIgniter->handleRequest()
 7 FCPATH/index.php(71): CodeIgniter\CodeIgniter->run()
CRITICAL - 2023-01-11 00:23:11 --> Invalid file: template/kinsmen-sky/themes.php
in SYSTEMPATH/Exceptions/FrameworkException.php on line 33.
 1 SYSTEMPATH/View/View.php(201): CodeIgniter\Exceptions\FrameworkException::forInvalidFile()
 2 SYSTEMPATH/Common.php(1142): CodeIgniter\View\View->render()
 3 APPPATH/Controllers/Pages.php(54): view()
 4 SYSTEMPATH/CodeIgniter.php(907): App\Controllers\Pages->view()
 5 SYSTEMPATH/CodeIgniter.php(457): CodeIgniter\CodeIgniter->runController()
 6 SYSTEMPATH/CodeIgniter.php(340): CodeIgniter\CodeIgniter->handleRequest()
 7 FCPATH/index.php(71): CodeIgniter\CodeIgniter->run()
CRITICAL - 2023-01-11 00:23:12 --> Invalid file: template/kinsmen-sky/themes.php
in SYSTEMPATH/Exceptions/FrameworkException.php on line 33.
 1 SYSTEMPATH/View/View.php(201): CodeIgniter\Exceptions\FrameworkException::forInvalidFile()
 2 SYSTEMPATH/Common.php(1142): CodeIgniter\View\View->render()
 3 APPPATH/Controllers/Pages.php(54): view()
 4 SYSTEMPATH/CodeIgniter.php(907): App\Controllers\Pages->view()
 5 SYSTEMPATH/CodeIgniter.php(457): CodeIgniter\CodeIgniter->runController()
 6 SYSTEMPATH/CodeIgniter.php(340): CodeIgniter\CodeIgniter->handleRequest()
 7 FCPATH/index.php(71): CodeIgniter\CodeIgniter->run()
CRITICAL - 2023-01-11 00:23:12 --> Invalid file: template/kinsmen-sky/assets.php
in SYSTEMPATH/Exceptions/FrameworkException.php on line 33.
 1 SYSTEMPATH/View/View.php(201): CodeIgniter\Exceptions\FrameworkException::forInvalidFile()
 2 SYSTEMPATH/Common.php(1142): CodeIgniter\View\View->render()
 3 APPPATH/Controllers/Pages.php(54): view()
 4 SYSTEMPATH/CodeIgniter.php(907): App\Controllers\Pages->view()
 5 SYSTEMPATH/CodeIgniter.php(457): CodeIgniter\CodeIgniter->runController()
 6 SYSTEMPATH/CodeIgniter.php(340): CodeIgniter\CodeIgniter->handleRequest()
 7 FCPATH/index.php(71): CodeIgniter\CodeIgniter->run()
CRITICAL - 2023-01-11 00:23:12 --> Invalid file: template/kinsmen-sky/assets.php
in SYSTEMPATH/Exceptions/FrameworkException.php on line 33.
 1 SYSTEMPATH/View/View.php(201): CodeIgniter\Exceptions\FrameworkException::forInvalidFile()
 2 SYSTEMPATH/Common.php(1142): CodeIgniter\View\View->render()
 3 APPPATH/Controllers/Pages.php(54): view()
 4 SYSTEMPATH/CodeIgniter.php(907): App\Controllers\Pages->view()
 5 SYSTEMPATH/CodeIgniter.php(457): CodeIgniter\CodeIgniter->runController()
 6 SYSTEMPATH/CodeIgniter.php(340): CodeIgniter\CodeIgniter->handleRequest()
 7 FCPATH/index.php(71): CodeIgniter\CodeIgniter->run()
CRITICAL - 2023-01-11 00:23:12 --> Invalid file: template/kinsmen-sky/themes.php
in SYSTEMPATH/Exceptions/FrameworkException.php on line 33.
 1 SYSTEMPATH/View/View.php(201): CodeIgniter\Exceptions\FrameworkException::forInvalidFile()
 2 SYSTEMPATH/Common.php(1142): CodeIgniter\View\View->render()
 3 APPPATH/Controllers/Pages.php(54): view()
 4 SYSTEMPATH/CodeIgniter.php(907): App\Controllers\Pages->view()
 5 SYSTEMPATH/CodeIgniter.php(457): CodeIgniter\CodeIgniter->runController()
 6 SYSTEMPATH/CodeIgniter.php(340): CodeIgniter\CodeIgniter->handleRequest()
 7 FCPATH/index.php(71): CodeIgniter\CodeIgniter->run()
CRITICAL - 2023-01-11 00:23:33 --> Invalid file: template/kinsmen-sky/themes.php
in SYSTEMPATH/Exceptions/FrameworkException.php on line 33.
 1 SYSTEMPATH/View/View.php(201): CodeIgniter\Exceptions\FrameworkException::forInvalidFile()
 2 SYSTEMPATH/Common.php(1142): CodeIgniter\View\View->render()
 3 APPPATH/Controllers/Pages.php(54): view()
 4 SYSTEMPATH/CodeIgniter.php(907): App\Controllers\Pages->view()
 5 SYSTEMPATH/CodeIgniter.php(457): CodeIgniter\CodeIgniter->runController()
 6 SYSTEMPATH/CodeIgniter.php(340): CodeIgniter\CodeIgniter->handleRequest()
 7 FCPATH/index.php(71): CodeIgniter\CodeIgniter->run()
CRITICAL - 2023-01-11 00:23:33 --> Invalid file: template/kinsmen-sky/themes.php
in SYSTEMPATH/Exceptions/FrameworkException.php on line 33.
 1 SYSTEMPATH/View/View.php(201): CodeIgniter\Exceptions\FrameworkException::forInvalidFile()
 2 SYSTEMPATH/Common.php(1142): CodeIgniter\View\View->render()
 3 APPPATH/Controllers/Pages.php(54): view()
 4 SYSTEMPATH/CodeIgniter.php(907): App\Controllers\Pages->view()
 5 SYSTEMPATH/CodeIgniter.php(457): CodeIgniter\CodeIgniter->runController()
 6 SYSTEMPATH/CodeIgniter.php(340): CodeIgniter\CodeIgniter->handleRequest()
 7 FCPATH/index.php(71): CodeIgniter\CodeIgniter->run()
CRITICAL - 2023-01-11 00:23:33 --> Invalid file: template/kinsmen-sky/assets.php
in SYSTEMPATH/Exceptions/FrameworkException.php on line 33.
 1 SYSTEMPATH/View/View.php(201): CodeIgniter\Exceptions\FrameworkException::forInvalidFile()
 2 SYSTEMPATH/Common.php(1142): CodeIgniter\View\View->render()
 3 APPPATH/Controllers/Pages.php(54): view()
 4 SYSTEMPATH/CodeIgniter.php(907): App\Controllers\Pages->view()
 5 SYSTEMPATH/CodeIgniter.php(457): CodeIgniter\CodeIgniter->runController()
 6 SYSTEMPATH/CodeIgniter.php(340): CodeIgniter\CodeIgniter->handleRequest()
 7 FCPATH/index.php(71): CodeIgniter\CodeIgniter->run()
CRITICAL - 2023-01-11 00:23:33 --> Invalid file: template/kinsmen-sky/assets.php
in SYSTEMPATH/Exceptions/FrameworkException.php on line 33.
 1 SYSTEMPATH/View/View.php(201): CodeIgniter\Exceptions\FrameworkException::forInvalidFile()
 2 SYSTEMPATH/Common.php(1142): CodeIgniter\View\View->render()
 3 APPPATH/Controllers/Pages.php(54): view()
 4 SYSTEMPATH/CodeIgniter.php(907): App\Controllers\Pages->view()
 5 SYSTEMPATH/CodeIgniter.php(457): CodeIgniter\CodeIgniter->runController()
 6 SYSTEMPATH/CodeIgniter.php(340): CodeIgniter\CodeIgniter->handleRequest()
 7 FCPATH/index.php(71): CodeIgniter\CodeIgniter->run()
CRITICAL - 2023-01-11 00:23:33 --> Invalid file: template/kinsmen-sky/themes.php
in SYSTEMPATH/Exceptions/FrameworkException.php on line 33.
 1 SYSTEMPATH/View/View.php(201): CodeIgniter\Exceptions\FrameworkException::forInvalidFile()
 2 SYSTEMPATH/Common.php(1142): CodeIgniter\View\View->render()
 3 APPPATH/Controllers/Pages.php(54): view()
 4 SYSTEMPATH/CodeIgniter.php(907): App\Controllers\Pages->view()
 5 SYSTEMPATH/CodeIgniter.php(457): CodeIgniter\CodeIgniter->runController()
 6 SYSTEMPATH/CodeIgniter.php(340): CodeIgniter\CodeIgniter->handleRequest()
 7 FCPATH/index.php(71): CodeIgniter\CodeIgniter->run()
CRITICAL - 2023-01-11 00:23:56 --> Invalid file: template/kinsmen-sky/themes.php
in SYSTEMPATH/Exceptions/FrameworkException.php on line 33.
 1 SYSTEMPATH/View/View.php(201): CodeIgniter\Exceptions\FrameworkException::forInvalidFile()
 2 SYSTEMPATH/Common.php(1142): CodeIgniter\View\View->render()
 3 APPPATH/Controllers/Pages.php(54): view()
 4 SYSTEMPATH/CodeIgniter.php(907): App\Controllers\Pages->view()
 5 SYSTEMPATH/CodeIgniter.php(457): CodeIgniter\CodeIgniter->runController()
 6 SYSTEMPATH/CodeIgniter.php(340): CodeIgniter\CodeIgniter->handleRequest()
 7 FCPATH/index.php(71): CodeIgniter\CodeIgniter->run()
CRITICAL - 2023-01-11 00:23:56 --> Invalid file: template/kinsmen-sky/themes.php
in SYSTEMPATH/Exceptions/FrameworkException.php on line 33.
 1 SYSTEMPATH/View/View.php(201): CodeIgniter\Exceptions\FrameworkException::forInvalidFile()
 2 SYSTEMPATH/Common.php(1142): CodeIgniter\View\View->render()
 3 APPPATH/Controllers/Pages.php(54): view()
 4 SYSTEMPATH/CodeIgniter.php(907): App\Controllers\Pages->view()
 5 SYSTEMPATH/CodeIgniter.php(457): CodeIgniter\CodeIgniter->runController()
 6 SYSTEMPATH/CodeIgniter.php(340): CodeIgniter\CodeIgniter->handleRequest()
 7 FCPATH/index.php(71): CodeIgniter\CodeIgniter->run()
CRITICAL - 2023-01-11 00:23:56 --> Invalid file: template/kinsmen-sky/assets.php
in SYSTEMPATH/Exceptions/FrameworkException.php on line 33.
 1 SYSTEMPATH/View/View.php(201): CodeIgniter\Exceptions\FrameworkException::forInvalidFile()
 2 SYSTEMPATH/Common.php(1142): CodeIgniter\View\View->render()
 3 APPPATH/Controllers/Pages.php(54): view()
 4 SYSTEMPATH/CodeIgniter.php(907): App\Controllers\Pages->view()
 5 SYSTEMPATH/CodeIgniter.php(457): CodeIgniter\CodeIgniter->runController()
 6 SYSTEMPATH/CodeIgniter.php(340): CodeIgniter\CodeIgniter->handleRequest()
 7 FCPATH/index.php(71): CodeIgniter\CodeIgniter->run()
CRITICAL - 2023-01-11 00:23:56 --> Invalid file: template/kinsmen-sky/assets.php
in SYSTEMPATH/Exceptions/FrameworkException.php on line 33.
 1 SYSTEMPATH/View/View.php(201): CodeIgniter\Exceptions\FrameworkException::forInvalidFile()
 2 SYSTEMPATH/Common.php(1142): CodeIgniter\View\View->render()
 3 APPPATH/Controllers/Pages.php(54): view()
 4 SYSTEMPATH/CodeIgniter.php(907): App\Controllers\Pages->view()
 5 SYSTEMPATH/CodeIgniter.php(457): CodeIgniter\CodeIgniter->runController()
 6 SYSTEMPATH/CodeIgniter.php(340): CodeIgniter\CodeIgniter->handleRequest()
 7 FCPATH/index.php(71): CodeIgniter\CodeIgniter->run()
CRITICAL - 2023-01-11 00:23:56 --> Invalid file: template/kinsmen-sky/themes.php
in SYSTEMPATH/Exceptions/FrameworkException.php on line 33.
 1 SYSTEMPATH/View/View.php(201): CodeIgniter\Exceptions\FrameworkException::forInvalidFile()
 2 SYSTEMPATH/Common.php(1142): CodeIgniter\View\View->render()
 3 APPPATH/Controllers/Pages.php(54): view()
 4 SYSTEMPATH/CodeIgniter.php(907): App\Controllers\Pages->view()
 5 SYSTEMPATH/CodeIgniter.php(457): CodeIgniter\CodeIgniter->runController()
 6 SYSTEMPATH/CodeIgniter.php(340): CodeIgniter\CodeIgniter->handleRequest()
 7 FCPATH/index.php(71): CodeIgniter\CodeIgniter->run()
CRITICAL - 2023-01-11 00:25:10 --> Invalid file: template/kinsmen-sky/themes.php
in SYSTEMPATH/Exceptions/FrameworkException.php on line 33.
 1 SYSTEMPATH/View/View.php(201): CodeIgniter\Exceptions\FrameworkException::forInvalidFile()
 2 SYSTEMPATH/Common.php(1142): CodeIgniter\View\View->render()
 3 APPPATH/Controllers/Pages.php(54): view()
 4 SYSTEMPATH/CodeIgniter.php(907): App\Controllers\Pages->view()
 5 SYSTEMPATH/CodeIgniter.php(457): CodeIgniter\CodeIgniter->runController()
 6 SYSTEMPATH/CodeIgniter.php(340): CodeIgniter\CodeIgniter->handleRequest()
 7 FCPATH/index.php(71): CodeIgniter\CodeIgniter->run()
CRITICAL - 2023-01-11 00:25:10 --> Invalid file: template/kinsmen-sky/themes.php
in SYSTEMPATH/Exceptions/FrameworkException.php on line 33.
 1 SYSTEMPATH/View/View.php(201): CodeIgniter\Exceptions\FrameworkException::forInvalidFile()
 2 SYSTEMPATH/Common.php(1142): CodeIgniter\View\View->render()
 3 APPPATH/Controllers/Pages.php(54): view()
 4 SYSTEMPATH/CodeIgniter.php(907): App\Controllers\Pages->view()
 5 SYSTEMPATH/CodeIgniter.php(457): CodeIgniter\CodeIgniter->runController()
 6 SYSTEMPATH/CodeIgniter.php(340): CodeIgniter\CodeIgniter->handleRequest()
 7 FCPATH/index.php(71): CodeIgniter\CodeIgniter->run()
CRITICAL - 2023-01-11 00:25:10 --> Invalid file: template/kinsmen-sky/assets.php
in SYSTEMPATH/Exceptions/FrameworkException.php on line 33.
 1 SYSTEMPATH/View/View.php(201): CodeIgniter\Exceptions\FrameworkException::forInvalidFile()
 2 SYSTEMPATH/Common.php(1142): CodeIgniter\View\View->render()
 3 APPPATH/Controllers/Pages.php(54): view()
 4 SYSTEMPATH/CodeIgniter.php(907): App\Controllers\Pages->view()
 5 SYSTEMPATH/CodeIgniter.php(457): CodeIgniter\CodeIgniter->runController()
 6 SYSTEMPATH/CodeIgniter.php(340): CodeIgniter\CodeIgniter->handleRequest()
 7 FCPATH/index.php(71): CodeIgniter\CodeIgniter->run()
CRITICAL - 2023-01-11 00:25:10 --> Invalid file: template/kinsmen-sky/assets.php
in SYSTEMPATH/Exceptions/FrameworkException.php on line 33.
 1 SYSTEMPATH/View/View.php(201): CodeIgniter\Exceptions\FrameworkException::forInvalidFile()
 2 SYSTEMPATH/Common.php(1142): CodeIgniter\View\View->render()
 3 APPPATH/Controllers/Pages.php(54): view()
 4 SYSTEMPATH/CodeIgniter.php(907): App\Controllers\Pages->view()
 5 SYSTEMPATH/CodeIgniter.php(457): CodeIgniter\CodeIgniter->runController()
 6 SYSTEMPATH/CodeIgniter.php(340): CodeIgniter\CodeIgniter->handleRequest()
 7 FCPATH/index.php(71): CodeIgniter\CodeIgniter->run()
CRITICAL - 2023-01-11 00:25:10 --> Invalid file: template/kinsmen-sky/themes.php
in SYSTEMPATH/Exceptions/FrameworkException.php on line 33.
 1 SYSTEMPATH/View/View.php(201): CodeIgniter\Exceptions\FrameworkException::forInvalidFile()
 2 SYSTEMPATH/Common.php(1142): CodeIgniter\View\View->render()
 3 APPPATH/Controllers/Pages.php(54): view()
 4 SYSTEMPATH/CodeIgniter.php(907): App\Controllers\Pages->view()
 5 SYSTEMPATH/CodeIgniter.php(457): CodeIgniter\CodeIgniter->runController()
 6 SYSTEMPATH/CodeIgniter.php(340): CodeIgniter\CodeIgniter->handleRequest()
 7 FCPATH/index.php(71): CodeIgniter\CodeIgniter->run()
CRITICAL - 2023-01-11 00:25:17 --> Invalid file: template/kinsmen-sky/themes.php
in SYSTEMPATH/Exceptions/FrameworkException.php on line 33.
 1 SYSTEMPATH/View/View.php(201): CodeIgniter\Exceptions\FrameworkException::forInvalidFile()
 2 SYSTEMPATH/Common.php(1142): CodeIgniter\View\View->render()
 3 APPPATH/Controllers/Pages.php(54): view()
 4 SYSTEMPATH/CodeIgniter.php(907): App\Controllers\Pages->view()
 5 SYSTEMPATH/CodeIgniter.php(457): CodeIgniter\CodeIgniter->runController()
 6 SYSTEMPATH/CodeIgniter.php(340): CodeIgniter\CodeIgniter->handleRequest()
 7 FCPATH/index.php(71): CodeIgniter\CodeIgniter->run()
CRITICAL - 2023-01-11 00:25:17 --> Invalid file: template/kinsmen-sky/themes.php
in SYSTEMPATH/Exceptions/FrameworkException.php on line 33.
 1 SYSTEMPATH/View/View.php(201): CodeIgniter\Exceptions\FrameworkException::forInvalidFile()
 2 SYSTEMPATH/Common.php(1142): CodeIgniter\View\View->render()
 3 APPPATH/Controllers/Pages.php(54): view()
 4 SYSTEMPATH/CodeIgniter.php(907): App\Controllers\Pages->view()
 5 SYSTEMPATH/CodeIgniter.php(457): CodeIgniter\CodeIgniter->runController()
 6 SYSTEMPATH/CodeIgniter.php(340): CodeIgniter\CodeIgniter->handleRequest()
 7 FCPATH/index.php(71): CodeIgniter\CodeIgniter->run()
CRITICAL - 2023-01-11 00:25:17 --> Invalid file: template/kinsmen-sky/themes.php
in SYSTEMPATH/Exceptions/FrameworkException.php on line 33.
 1 SYSTEMPATH/View/View.php(201): CodeIgniter\Exceptions\FrameworkException::forInvalidFile()
 2 SYSTEMPATH/Common.php(1142): CodeIgniter\View\View->render()
 3 APPPATH/Controllers/Pages.php(54): view()
 4 SYSTEMPATH/CodeIgniter.php(907): App\Controllers\Pages->view()
 5 SYSTEMPATH/CodeIgniter.php(457): CodeIgniter\CodeIgniter->runController()
 6 SYSTEMPATH/CodeIgniter.php(340): CodeIgniter\CodeIgniter->handleRequest()
 7 FCPATH/index.php(71): CodeIgniter\CodeIgniter->run()
CRITICAL - 2023-01-11 00:25:17 --> Invalid file: template/kinsmen-sky/themes.php
in SYSTEMPATH/Exceptions/FrameworkException.php on line 33.
 1 SYSTEMPATH/View/View.php(201): CodeIgniter\Exceptions\FrameworkException::forInvalidFile()
 2 SYSTEMPATH/Common.php(1142): CodeIgniter\View\View->render()
 3 APPPATH/Controllers/Pages.php(54): view()
 4 SYSTEMPATH/CodeIgniter.php(907): App\Controllers\Pages->view()
 5 SYSTEMPATH/CodeIgniter.php(457): CodeIgniter\CodeIgniter->runController()
 6 SYSTEMPATH/CodeIgniter.php(340): CodeIgniter\CodeIgniter->handleRequest()
 7 FCPATH/index.php(71): CodeIgniter\CodeIgniter->run()
CRITICAL - 2023-01-11 00:29:42 --> Invalid file: template/kinsmen-sky/themes.php
in SYSTEMPATH/Exceptions/FrameworkException.php on line 33.
 1 SYSTEMPATH/View/View.php(201): CodeIgniter\Exceptions\FrameworkException::forInvalidFile()
 2 SYSTEMPATH/Common.php(1142): CodeIgniter\View\View->render()
 3 APPPATH/Controllers/Pages.php(54): view()
 4 SYSTEMPATH/CodeIgniter.php(907): App\Controllers\Pages->view()
 5 SYSTEMPATH/CodeIgniter.php(457): CodeIgniter\CodeIgniter->runController()
 6 SYSTEMPATH/CodeIgniter.php(340): CodeIgniter\CodeIgniter->handleRequest()
 7 FCPATH/index.php(71): CodeIgniter\CodeIgniter->run()
CRITICAL - 2023-01-11 00:29:42 --> Invalid file: template/kinsmen-sky/themes.php
in SYSTEMPATH/Exceptions/FrameworkException.php on line 33.
 1 SYSTEMPATH/View/View.php(201): CodeIgniter\Exceptions\FrameworkException::forInvalidFile()
 2 SYSTEMPATH/Common.php(1142): CodeIgniter\View\View->render()
 3 APPPATH/Controllers/Pages.php(54): view()
 4 SYSTEMPATH/CodeIgniter.php(907): App\Controllers\Pages->view()
 5 SYSTEMPATH/CodeIgniter.php(457): CodeIgniter\CodeIgniter->runController()
 6 SYSTEMPATH/CodeIgniter.php(340): CodeIgniter\CodeIgniter->handleRequest()
 7 FCPATH/index.php(71): CodeIgniter\CodeIgniter->run()
CRITICAL - 2023-01-11 00:29:42 --> Invalid file: template/kinsmen-sky/assets.php
in SYSTEMPATH/Exceptions/FrameworkException.php on line 33.
 1 SYSTEMPATH/View/View.php(201): CodeIgniter\Exceptions\FrameworkException::forInvalidFile()
 2 SYSTEMPATH/Common.php(1142): CodeIgniter\View\View->render()
 3 APPPATH/Controllers/Pages.php(54): view()
 4 SYSTEMPATH/CodeIgniter.php(907): App\Controllers\Pages->view()
 5 SYSTEMPATH/CodeIgniter.php(457): CodeIgniter\CodeIgniter->runController()
 6 SYSTEMPATH/CodeIgniter.php(340): CodeIgniter\CodeIgniter->handleRequest()
 7 FCPATH/index.php(71): CodeIgniter\CodeIgniter->run()
CRITICAL - 2023-01-11 00:29:42 --> Invalid file: template/kinsmen-sky/assets.php
in SYSTEMPATH/Exceptions/FrameworkException.php on line 33.
 1 SYSTEMPATH/View/View.php(201): CodeIgniter\Exceptions\FrameworkException::forInvalidFile()
 2 SYSTEMPATH/Common.php(1142): CodeIgniter\View\View->render()
 3 APPPATH/Controllers/Pages.php(54): view()
 4 SYSTEMPATH/CodeIgniter.php(907): App\Controllers\Pages->view()
 5 SYSTEMPATH/CodeIgniter.php(457): CodeIgniter\CodeIgniter->runController()
 6 SYSTEMPATH/CodeIgniter.php(340): CodeIgniter\CodeIgniter->handleRequest()
 7 FCPATH/index.php(71): CodeIgniter\CodeIgniter->run()
CRITICAL - 2023-01-11 00:29:42 --> Invalid file: template/kinsmen-sky/themes.php
in SYSTEMPATH/Exceptions/FrameworkException.php on line 33.
 1 SYSTEMPATH/View/View.php(201): CodeIgniter\Exceptions\FrameworkException::forInvalidFile()
 2 SYSTEMPATH/Common.php(1142): CodeIgniter\View\View->render()
 3 APPPATH/Controllers/Pages.php(54): view()
 4 SYSTEMPATH/CodeIgniter.php(907): App\Controllers\Pages->view()
 5 SYSTEMPATH/CodeIgniter.php(457): CodeIgniter\CodeIgniter->runController()
 6 SYSTEMPATH/CodeIgniter.php(340): CodeIgniter\CodeIgniter->handleRequest()
 7 FCPATH/index.php(71): CodeIgniter\CodeIgniter->run()
CRITICAL - 2023-01-11 00:31:09 --> Invalid file: template/kinsmen-sky/themes.php
in SYSTEMPATH/Exceptions/FrameworkException.php on line 33.
 1 SYSTEMPATH/View/View.php(201): CodeIgniter\Exceptions\FrameworkException::forInvalidFile()
 2 SYSTEMPATH/Common.php(1142): CodeIgniter\View\View->render()
 3 APPPATH/Controllers/Pages.php(54): view()
 4 SYSTEMPATH/CodeIgniter.php(907): App\Controllers\Pages->view()
 5 SYSTEMPATH/CodeIgniter.php(457): CodeIgniter\CodeIgniter->runController()
 6 SYSTEMPATH/CodeIgniter.php(340): CodeIgniter\CodeIgniter->handleRequest()
 7 FCPATH/index.php(71): CodeIgniter\CodeIgniter->run()
CRITICAL - 2023-01-11 00:31:09 --> Invalid file: template/kinsmen-sky/themes.php
in SYSTEMPATH/Exceptions/FrameworkException.php on line 33.
 1 SYSTEMPATH/View/View.php(201): CodeIgniter\Exceptions\FrameworkException::forInvalidFile()
 2 SYSTEMPATH/Common.php(1142): CodeIgniter\View\View->render()
 3 APPPATH/Controllers/Pages.php(54): view()
 4 SYSTEMPATH/CodeIgniter.php(907): App\Controllers\Pages->view()
 5 SYSTEMPATH/CodeIgniter.php(457): CodeIgniter\CodeIgniter->runController()
 6 SYSTEMPATH/CodeIgniter.php(340): CodeIgniter\CodeIgniter->handleRequest()
 7 FCPATH/index.php(71): CodeIgniter\CodeIgniter->run()
CRITICAL - 2023-01-11 00:31:09 --> Invalid file: template/kinsmen-sky/assets.php
in SYSTEMPATH/Exceptions/FrameworkException.php on line 33.
 1 SYSTEMPATH/View/View.php(201): CodeIgniter\Exceptions\FrameworkException::forInvalidFile()
 2 SYSTEMPATH/Common.php(1142): CodeIgniter\View\View->render()
 3 APPPATH/Controllers/Pages.php(54): view()
 4 SYSTEMPATH/CodeIgniter.php(907): App\Controllers\Pages->view()
 5 SYSTEMPATH/CodeIgniter.php(457): CodeIgniter\CodeIgniter->runController()
 6 SYSTEMPATH/CodeIgniter.php(340): CodeIgniter\CodeIgniter->handleRequest()
 7 FCPATH/index.php(71): CodeIgniter\CodeIgniter->run()
CRITICAL - 2023-01-11 00:31:09 --> Invalid file: template/kinsmen-sky/themes.php
in SYSTEMPATH/Exceptions/FrameworkException.php on line 33.
 1 SYSTEMPATH/View/View.php(201): CodeIgniter\Exceptions\FrameworkException::forInvalidFile()
 2 SYSTEMPATH/Common.php(1142): CodeIgniter\View\View->render()
 3 APPPATH/Controllers/Pages.php(54): view()
 4 SYSTEMPATH/CodeIgniter.php(907): App\Controllers\Pages->view()
 5 SYSTEMPATH/CodeIgniter.php(457): CodeIgniter\CodeIgniter->runController()
 6 SYSTEMPATH/CodeIgniter.php(340): CodeIgniter\CodeIgniter->handleRequest()
 7 FCPATH/index.php(71): CodeIgniter\CodeIgniter->run()
CRITICAL - 2023-01-11 00:32:02 --> Invalid file: template/kinsmen-sky/themes.php
in SYSTEMPATH/Exceptions/FrameworkException.php on line 33.
 1 SYSTEMPATH/View/View.php(201): CodeIgniter\Exceptions\FrameworkException::forInvalidFile()
 2 SYSTEMPATH/Common.php(1142): CodeIgniter\View\View->render()
 3 APPPATH/Controllers/Pages.php(54): view()
 4 SYSTEMPATH/CodeIgniter.php(907): App\Controllers\Pages->view()
 5 SYSTEMPATH/CodeIgniter.php(457): CodeIgniter\CodeIgniter->runController()
 6 SYSTEMPATH/CodeIgniter.php(340): CodeIgniter\CodeIgniter->handleRequest()
 7 FCPATH/index.php(71): CodeIgniter\CodeIgniter->run()
CRITICAL - 2023-01-11 00:32:02 --> Invalid file: template/kinsmen-sky/themes.php
in SYSTEMPATH/Exceptions/FrameworkException.php on line 33.
 1 SYSTEMPATH/View/View.php(201): CodeIgniter\Exceptions\FrameworkException::forInvalidFile()
 2 SYSTEMPATH/Common.php(1142): CodeIgniter\View\View->render()
 3 APPPATH/Controllers/Pages.php(54): view()
 4 SYSTEMPATH/CodeIgniter.php(907): App\Controllers\Pages->view()
 5 SYSTEMPATH/CodeIgniter.php(457): CodeIgniter\CodeIgniter->runController()
 6 SYSTEMPATH/CodeIgniter.php(340): CodeIgniter\CodeIgniter->handleRequest()
 7 FCPATH/index.php(71): CodeIgniter\CodeIgniter->run()
CRITICAL - 2023-01-11 00:32:02 --> Invalid file: template/kinsmen-sky/assets.php
in SYSTEMPATH/Exceptions/FrameworkException.php on line 33.
 1 SYSTEMPATH/View/View.php(201): CodeIgniter\Exceptions\FrameworkException::forInvalidFile()
 2 SYSTEMPATH/Common.php(1142): CodeIgniter\View\View->render()
 3 APPPATH/Controllers/Pages.php(54): view()
 4 SYSTEMPATH/CodeIgniter.php(907): App\Controllers\Pages->view()
 5 SYSTEMPATH/CodeIgniter.php(457): CodeIgniter\CodeIgniter->runController()
 6 SYSTEMPATH/CodeIgniter.php(340): CodeIgniter\CodeIgniter->handleRequest()
 7 FCPATH/index.php(71): CodeIgniter\CodeIgniter->run()
CRITICAL - 2023-01-11 00:32:03 --> Invalid file: template/kinsmen-sky/themes.php
in SYSTEMPATH/Exceptions/FrameworkException.php on line 33.
 1 SYSTEMPATH/View/View.php(201): CodeIgniter\Exceptions\FrameworkException::forInvalidFile()
 2 SYSTEMPATH/Common.php(1142): CodeIgniter\View\View->render()
 3 APPPATH/Controllers/Pages.php(54): view()
 4 SYSTEMPATH/CodeIgniter.php(907): App\Controllers\Pages->view()
 5 SYSTEMPATH/CodeIgniter.php(457): CodeIgniter\CodeIgniter->runController()
 6 SYSTEMPATH/CodeIgniter.php(340): CodeIgniter\CodeIgniter->handleRequest()
 7 FCPATH/index.php(71): CodeIgniter\CodeIgniter->run()
CRITICAL - 2023-01-11 00:33:26 --> Invalid file: template/kinsmen-sky/themes.php
in SYSTEMPATH/Exceptions/FrameworkException.php on line 33.
 1 SYSTEMPATH/View/View.php(201): CodeIgniter\Exceptions\FrameworkException::forInvalidFile()
 2 SYSTEMPATH/Common.php(1142): CodeIgniter\View\View->render()
 3 APPPATH/Controllers/Pages.php(54): view()
 4 SYSTEMPATH/CodeIgniter.php(907): App\Controllers\Pages->view()
 5 SYSTEMPATH/CodeIgniter.php(457): CodeIgniter\CodeIgniter->runController()
 6 SYSTEMPATH/CodeIgniter.php(340): CodeIgniter\CodeIgniter->handleRequest()
 7 FCPATH/index.php(71): CodeIgniter\CodeIgniter->run()
CRITICAL - 2023-01-11 00:33:26 --> Invalid file: template/kinsmen-sky/themes.php
in SYSTEMPATH/Exceptions/FrameworkException.php on line 33.
 1 SYSTEMPATH/View/View.php(201): CodeIgniter\Exceptions\FrameworkException::forInvalidFile()
 2 SYSTEMPATH/Common.php(1142): CodeIgniter\View\View->render()
 3 APPPATH/Controllers/Pages.php(54): view()
 4 SYSTEMPATH/CodeIgniter.php(907): App\Controllers\Pages->view()
 5 SYSTEMPATH/CodeIgniter.php(457): CodeIgniter\CodeIgniter->runController()
 6 SYSTEMPATH/CodeIgniter.php(340): CodeIgniter\CodeIgniter->handleRequest()
 7 FCPATH/index.php(71): CodeIgniter\CodeIgniter->run()
CRITICAL - 2023-01-11 00:33:26 --> Invalid file: template/kinsmen-sky/themes.php
in SYSTEMPATH/Exceptions/FrameworkException.php on line 33.
 1 SYSTEMPATH/View/View.php(201): CodeIgniter\Exceptions\FrameworkException::forInvalidFile()
 2 SYSTEMPATH/Common.php(1142): CodeIgniter\View\View->render()
 3 APPPATH/Controllers/Pages.php(54): view()
 4 SYSTEMPATH/CodeIgniter.php(907): App\Controllers\Pages->view()
 5 SYSTEMPATH/CodeIgniter.php(457): CodeIgniter\CodeIgniter->runController()
 6 SYSTEMPATH/CodeIgniter.php(340): CodeIgniter\CodeIgniter->handleRequest()
 7 FCPATH/index.php(71): CodeIgniter\CodeIgniter->run()
CRITICAL - 2023-01-11 00:34:24 --> Invalid file: template/kinsmen-sky/themes.php
in SYSTEMPATH/Exceptions/FrameworkException.php on line 33.
 1 SYSTEMPATH/View/View.php(201): CodeIgniter\Exceptions\FrameworkException::forInvalidFile()
 2 SYSTEMPATH/Common.php(1142): CodeIgniter\View\View->render()
 3 APPPATH/Controllers/Pages.php(54): view()
 4 SYSTEMPATH/CodeIgniter.php(907): App\Controllers\Pages->view()
 5 SYSTEMPATH/CodeIgniter.php(457): CodeIgniter\CodeIgniter->runController()
 6 SYSTEMPATH/CodeIgniter.php(340): CodeIgniter\CodeIgniter->handleRequest()
 7 FCPATH/index.php(71): CodeIgniter\CodeIgniter->run()
CRITICAL - 2023-01-11 00:34:24 --> Invalid file: template/kinsmen-sky/themes.php
in SYSTEMPATH/Exceptions/FrameworkException.php on line 33.
 1 SYSTEMPATH/View/View.php(201): CodeIgniter\Exceptions\FrameworkException::forInvalidFile()
 2 SYSTEMPATH/Common.php(1142): CodeIgniter\View\View->render()
 3 APPPATH/Controllers/Pages.php(54): view()
 4 SYSTEMPATH/CodeIgniter.php(907): App\Controllers\Pages->view()
 5 SYSTEMPATH/CodeIgniter.php(457): CodeIgniter\CodeIgniter->runController()
 6 SYSTEMPATH/CodeIgniter.php(340): CodeIgniter\CodeIgniter->handleRequest()
 7 FCPATH/index.php(71): CodeIgniter\CodeIgniter->run()
CRITICAL - 2023-01-11 00:34:24 --> Invalid file: template/kinsmen-sky/themes.php
in SYSTEMPATH/Exceptions/FrameworkException.php on line 33.
 1 SYSTEMPATH/View/View.php(201): CodeIgniter\Exceptions\FrameworkException::forInvalidFile()
 2 SYSTEMPATH/Common.php(1142): CodeIgniter\View\View->render()
 3 APPPATH/Controllers/Pages.php(54): view()
 4 SYSTEMPATH/CodeIgniter.php(907): App\Controllers\Pages->view()
 5 SYSTEMPATH/CodeIgniter.php(457): CodeIgniter\CodeIgniter->runController()
 6 SYSTEMPATH/CodeIgniter.php(340): CodeIgniter\CodeIgniter->handleRequest()
 7 FCPATH/index.php(71): CodeIgniter\CodeIgniter->run()
CRITICAL - 2023-01-11 00:35:02 --> Invalid file: template/kinsmen-sky/themes.php
in SYSTEMPATH/Exceptions/FrameworkException.php on line 33.
 1 SYSTEMPATH/View/View.php(201): CodeIgniter\Exceptions\FrameworkException::forInvalidFile()
 2 SYSTEMPATH/Common.php(1142): CodeIgniter\View\View->render()
 3 APPPATH/Controllers/Pages.php(54): view()
 4 SYSTEMPATH/CodeIgniter.php(907): App\Controllers\Pages->view()
 5 SYSTEMPATH/CodeIgniter.php(457): CodeIgniter\CodeIgniter->runController()
 6 SYSTEMPATH/CodeIgniter.php(340): CodeIgniter\CodeIgniter->handleRequest()
 7 FCPATH/index.php(71): CodeIgniter\CodeIgniter->run()
CRITICAL - 2023-01-11 00:35:02 --> Invalid file: template/kinsmen-sky/themes.php
in SYSTEMPATH/Exceptions/FrameworkException.php on line 33.
 1 SYSTEMPATH/View/View.php(201): CodeIgniter\Exceptions\FrameworkException::forInvalidFile()
 2 SYSTEMPATH/Common.php(1142): CodeIgniter\View\View->render()
 3 APPPATH/Controllers/Pages.php(54): view()
 4 SYSTEMPATH/CodeIgniter.php(907): App\Controllers\Pages->view()
 5 SYSTEMPATH/CodeIgniter.php(457): CodeIgniter\CodeIgniter->runController()
 6 SYSTEMPATH/CodeIgniter.php(340): CodeIgniter\CodeIgniter->handleRequest()
 7 FCPATH/index.php(71): CodeIgniter\CodeIgniter->run()
CRITICAL - 2023-01-11 00:35:02 --> Invalid file: template/kinsmen-sky/themes.php
in SYSTEMPATH/Exceptions/FrameworkException.php on line 33.
 1 SYSTEMPATH/View/View.php(201): CodeIgniter\Exceptions\FrameworkException::forInvalidFile()
 2 SYSTEMPATH/Common.php(1142): CodeIgniter\View\View->render()
 3 APPPATH/Controllers/Pages.php(54): view()
 4 SYSTEMPATH/CodeIgniter.php(907): App\Controllers\Pages->view()
 5 SYSTEMPATH/CodeIgniter.php(457): CodeIgniter\CodeIgniter->runController()
 6 SYSTEMPATH/CodeIgniter.php(340): CodeIgniter\CodeIgniter->handleRequest()
 7 FCPATH/index.php(71): CodeIgniter\CodeIgniter->run()
CRITICAL - 2023-01-11 00:35:13 --> Invalid file: template/kinsmen-sky/themes.php
in SYSTEMPATH/Exceptions/FrameworkException.php on line 33.
 1 SYSTEMPATH/View/View.php(201): CodeIgniter\Exceptions\FrameworkException::forInvalidFile()
 2 SYSTEMPATH/Common.php(1142): CodeIgniter\View\View->render()
 3 APPPATH/Controllers/Pages.php(54): view()
 4 SYSTEMPATH/CodeIgniter.php(907): App\Controllers\Pages->view()
 5 SYSTEMPATH/CodeIgniter.php(457): CodeIgniter\CodeIgniter->runController()
 6 SYSTEMPATH/CodeIgniter.php(340): CodeIgniter\CodeIgniter->handleRequest()
 7 FCPATH/index.php(71): CodeIgniter\CodeIgniter->run()
CRITICAL - 2023-01-11 00:35:13 --> Invalid file: template/kinsmen-sky/themes.php
in SYSTEMPATH/Exceptions/FrameworkException.php on line 33.
 1 SYSTEMPATH/View/View.php(201): CodeIgniter\Exceptions\FrameworkException::forInvalidFile()
 2 SYSTEMPATH/Common.php(1142): CodeIgniter\View\View->render()
 3 APPPATH/Controllers/Pages.php(54): view()
 4 SYSTEMPATH/CodeIgniter.php(907): App\Controllers\Pages->view()
 5 SYSTEMPATH/CodeIgniter.php(457): CodeIgniter\CodeIgniter->runController()
 6 SYSTEMPATH/CodeIgniter.php(340): CodeIgniter\CodeIgniter->handleRequest()
 7 FCPATH/index.php(71): CodeIgniter\CodeIgniter->run()
CRITICAL - 2023-01-11 00:35:14 --> Invalid file: template/kinsmen-sky/themes.php
in SYSTEMPATH/Exceptions/FrameworkException.php on line 33.
 1 SYSTEMPATH/View/View.php(201): CodeIgniter\Exceptions\FrameworkException::forInvalidFile()
 2 SYSTEMPATH/Common.php(1142): CodeIgniter\View\View->render()
 3 APPPATH/Controllers/Pages.php(54): view()
 4 SYSTEMPATH/CodeIgniter.php(907): App\Controllers\Pages->view()
 5 SYSTEMPATH/CodeIgniter.php(457): CodeIgniter\CodeIgniter->runController()
 6 SYSTEMPATH/CodeIgniter.php(340): CodeIgniter\CodeIgniter->handleRequest()
 7 FCPATH/index.php(71): CodeIgniter\CodeIgniter->run()
CRITICAL - 2023-01-11 00:35:21 --> Invalid file: template/kinsmen-sky/themes.php
in SYSTEMPATH/Exceptions/FrameworkException.php on line 33.
 1 SYSTEMPATH/View/View.php(201): CodeIgniter\Exceptions\FrameworkException::forInvalidFile()
 2 SYSTEMPATH/Common.php(1142): CodeIgniter\View\View->render()
 3 APPPATH/Controllers/Pages.php(54): view()
 4 SYSTEMPATH/CodeIgniter.php(907): App\Controllers\Pages->view()
 5 SYSTEMPATH/CodeIgniter.php(457): CodeIgniter\CodeIgniter->runController()
 6 SYSTEMPATH/CodeIgniter.php(340): CodeIgniter\CodeIgniter->handleRequest()
 7 FCPATH/index.php(71): CodeIgniter\CodeIgniter->run()
CRITICAL - 2023-01-11 00:35:21 --> Invalid file: template/kinsmen-sky/themes.php
in SYSTEMPATH/Exceptions/FrameworkException.php on line 33.
 1 SYSTEMPATH/View/View.php(201): CodeIgniter\Exceptions\FrameworkException::forInvalidFile()
 2 SYSTEMPATH/Common.php(1142): CodeIgniter\View\View->render()
 3 APPPATH/Controllers/Pages.php(54): view()
 4 SYSTEMPATH/CodeIgniter.php(907): App\Controllers\Pages->view()
 5 SYSTEMPATH/CodeIgniter.php(457): CodeIgniter\CodeIgniter->runController()
 6 SYSTEMPATH/CodeIgniter.php(340): CodeIgniter\CodeIgniter->handleRequest()
 7 FCPATH/index.php(71): CodeIgniter\CodeIgniter->run()
CRITICAL - 2023-01-11 00:35:21 --> Invalid file: template/kinsmen-sky/themes.php
in SYSTEMPATH/Exceptions/FrameworkException.php on line 33.
 1 SYSTEMPATH/View/View.php(201): CodeIgniter\Exceptions\FrameworkException::forInvalidFile()
 2 SYSTEMPATH/Common.php(1142): CodeIgniter\View\View->render()
 3 APPPATH/Controllers/Pages.php(54): view()
 4 SYSTEMPATH/CodeIgniter.php(907): App\Controllers\Pages->view()
 5 SYSTEMPATH/CodeIgniter.php(457): CodeIgniter\CodeIgniter->runController()
 6 SYSTEMPATH/CodeIgniter.php(340): CodeIgniter\CodeIgniter->handleRequest()
 7 FCPATH/index.php(71): CodeIgniter\CodeIgniter->run()
CRITICAL - 2023-01-11 00:35:21 --> Invalid file: template/kinsmen-sky/themes.php
in SYSTEMPATH/Exceptions/FrameworkException.php on line 33.
 1 SYSTEMPATH/View/View.php(201): CodeIgniter\Exceptions\FrameworkException::forInvalidFile()
 2 SYSTEMPATH/Common.php(1142): CodeIgniter\View\View->render()
 3 APPPATH/Controllers/Pages.php(54): view()
 4 SYSTEMPATH/CodeIgniter.php(907): App\Controllers\Pages->view()
 5 SYSTEMPATH/CodeIgniter.php(457): CodeIgniter\CodeIgniter->runController()
 6 SYSTEMPATH/CodeIgniter.php(340): CodeIgniter\CodeIgniter->handleRequest()
 7 FCPATH/index.php(71): CodeIgniter\CodeIgniter->run()
CRITICAL - 2023-01-11 00:35:44 --> Invalid file: template/kinsmen-sky/themes.php
in SYSTEMPATH/Exceptions/FrameworkException.php on line 33.
 1 SYSTEMPATH/View/View.php(201): CodeIgniter\Exceptions\FrameworkException::forInvalidFile()
 2 SYSTEMPATH/Common.php(1142): CodeIgniter\View\View->render()
 3 APPPATH/Controllers/Pages.php(54): view()
 4 SYSTEMPATH/CodeIgniter.php(907): App\Controllers\Pages->view()
 5 SYSTEMPATH/CodeIgniter.php(457): CodeIgniter\CodeIgniter->runController()
 6 SYSTEMPATH/CodeIgniter.php(340): CodeIgniter\CodeIgniter->handleRequest()
 7 FCPATH/index.php(71): CodeIgniter\CodeIgniter->run()
CRITICAL - 2023-01-11 00:35:44 --> Invalid file: template/kinsmen-sky/themes.php
in SYSTEMPATH/Exceptions/FrameworkException.php on line 33.
 1 SYSTEMPATH/View/View.php(201): CodeIgniter\Exceptions\FrameworkException::forInvalidFile()
 2 SYSTEMPATH/Common.php(1142): CodeIgniter\View\View->render()
 3 APPPATH/Controllers/Pages.php(54): view()
 4 SYSTEMPATH/CodeIgniter.php(907): App\Controllers\Pages->view()
 5 SYSTEMPATH/CodeIgniter.php(457): CodeIgniter\CodeIgniter->runController()
 6 SYSTEMPATH/CodeIgniter.php(340): CodeIgniter\CodeIgniter->handleRequest()
 7 FCPATH/index.php(71): CodeIgniter\CodeIgniter->run()
CRITICAL - 2023-01-11 00:35:44 --> Invalid file: template/kinsmen-sky/themes.php
in SYSTEMPATH/Exceptions/FrameworkException.php on line 33.
 1 SYSTEMPATH/View/View.php(201): CodeIgniter\Exceptions\FrameworkException::forInvalidFile()
 2 SYSTEMPATH/Common.php(1142): CodeIgniter\View\View->render()
 3 APPPATH/Controllers/Pages.php(54): view()
 4 SYSTEMPATH/CodeIgniter.php(907): App\Controllers\Pages->view()
 5 SYSTEMPATH/CodeIgniter.php(457): CodeIgniter\CodeIgniter->runController()
 6 SYSTEMPATH/CodeIgniter.php(340): CodeIgniter\CodeIgniter->handleRequest()
 7 FCPATH/index.php(71): CodeIgniter\CodeIgniter->run()
CRITICAL - 2023-01-11 00:35:44 --> Invalid file: template/kinsmen-sky/themes.php
in SYSTEMPATH/Exceptions/FrameworkException.php on line 33.
 1 SYSTEMPATH/View/View.php(201): CodeIgniter\Exceptions\FrameworkException::forInvalidFile()
 2 SYSTEMPATH/Common.php(1142): CodeIgniter\View\View->render()
 3 APPPATH/Controllers/Pages.php(54): view()
 4 SYSTEMPATH/CodeIgniter.php(907): App\Controllers\Pages->view()
 5 SYSTEMPATH/CodeIgniter.php(457): CodeIgniter\CodeIgniter->runController()
 6 SYSTEMPATH/CodeIgniter.php(340): CodeIgniter\CodeIgniter->handleRequest()
 7 FCPATH/index.php(71): CodeIgniter\CodeIgniter->run()
CRITICAL - 2023-01-11 00:35:44 --> Invalid file: template/kinsmen-sky/themes.php
in SYSTEMPATH/Exceptions/FrameworkException.php on line 33.
 1 SYSTEMPATH/View/View.php(201): CodeIgniter\Exceptions\FrameworkException::forInvalidFile()
 2 SYSTEMPATH/Common.php(1142): CodeIgniter\View\View->render()
 3 APPPATH/Controllers/Pages.php(54): view()
 4 SYSTEMPATH/CodeIgniter.php(907): App\Controllers\Pages->view()
 5 SYSTEMPATH/CodeIgniter.php(457): CodeIgniter\CodeIgniter->runController()
 6 SYSTEMPATH/CodeIgniter.php(340): CodeIgniter\CodeIgniter->handleRequest()
 7 FCPATH/index.php(71): CodeIgniter\CodeIgniter->run()
CRITICAL - 2023-01-11 00:35:44 --> Invalid file: template/kinsmen-sky/themes.php
in SYSTEMPATH/Exceptions/FrameworkException.php on line 33.
 1 SYSTEMPATH/View/View.php(201): CodeIgniter\Exceptions\FrameworkException::forInvalidFile()
 2 SYSTEMPATH/Common.php(1142): CodeIgniter\View\View->render()
 3 APPPATH/Controllers/Pages.php(54): view()
 4 SYSTEMPATH/CodeIgniter.php(907): App\Controllers\Pages->view()
 5 SYSTEMPATH/CodeIgniter.php(457): CodeIgniter\CodeIgniter->runController()
 6 SYSTEMPATH/CodeIgniter.php(340): CodeIgniter\CodeIgniter->handleRequest()
 7 FCPATH/index.php(71): CodeIgniter\CodeIgniter->run()
CRITICAL - 2023-01-11 00:35:44 --> Invalid file: template/kinsmen-sky/themes.php
in SYSTEMPATH/Exceptions/FrameworkException.php on line 33.
 1 SYSTEMPATH/View/View.php(201): CodeIgniter\Exceptions\FrameworkException::forInvalidFile()
 2 SYSTEMPATH/Common.php(1142): CodeIgniter\View\View->render()
 3 APPPATH/Controllers/Pages.php(54): view()
 4 SYSTEMPATH/CodeIgniter.php(907): App\Controllers\Pages->view()
 5 SYSTEMPATH/CodeIgniter.php(457): CodeIgniter\CodeIgniter->runController()
 6 SYSTEMPATH/CodeIgniter.php(340): CodeIgniter\CodeIgniter->handleRequest()
 7 FCPATH/index.php(71): CodeIgniter\CodeIgniter->run()
CRITICAL - 2023-01-11 00:37:33 --> Invalid file: template/kinsmen-sky/themes.php
in SYSTEMPATH/Exceptions/FrameworkException.php on line 33.
 1 SYSTEMPATH/View/View.php(201): CodeIgniter\Exceptions\FrameworkException::forInvalidFile()
 2 SYSTEMPATH/Common.php(1142): CodeIgniter\View\View->render()
 3 APPPATH/Controllers/Pages.php(54): view()
 4 SYSTEMPATH/CodeIgniter.php(907): App\Controllers\Pages->view()
 5 SYSTEMPATH/CodeIgniter.php(457): CodeIgniter\CodeIgniter->runController()
 6 SYSTEMPATH/CodeIgniter.php(340): CodeIgniter\CodeIgniter->handleRequest()
 7 FCPATH/index.php(71): CodeIgniter\CodeIgniter->run()
CRITICAL - 2023-01-11 00:37:33 --> Invalid file: template/kinsmen-sky/themes.php
in SYSTEMPATH/Exceptions/FrameworkException.php on line 33.
 1 SYSTEMPATH/View/View.php(201): CodeIgniter\Exceptions\FrameworkException::forInvalidFile()
 2 SYSTEMPATH/Common.php(1142): CodeIgniter\View\View->render()
 3 APPPATH/Controllers/Pages.php(54): view()
 4 SYSTEMPATH/CodeIgniter.php(907): App\Controllers\Pages->view()
 5 SYSTEMPATH/CodeIgniter.php(457): CodeIgniter\CodeIgniter->runController()
 6 SYSTEMPATH/CodeIgniter.php(340): CodeIgniter\CodeIgniter->handleRequest()
 7 FCPATH/index.php(71): CodeIgniter\CodeIgniter->run()
CRITICAL - 2023-01-11 00:37:33 --> Invalid file: template/kinsmen-sky/themes.php
in SYSTEMPATH/Exceptions/FrameworkException.php on line 33.
 1 SYSTEMPATH/View/View.php(201): CodeIgniter\Exceptions\FrameworkException::forInvalidFile()
 2 SYSTEMPATH/Common.php(1142): CodeIgniter\View\View->render()
 3 APPPATH/Controllers/Pages.php(54): view()
 4 SYSTEMPATH/CodeIgniter.php(907): App\Controllers\Pages->view()
 5 SYSTEMPATH/CodeIgniter.php(457): CodeIgniter\CodeIgniter->runController()
 6 SYSTEMPATH/CodeIgniter.php(340): CodeIgniter\CodeIgniter->handleRequest()
 7 FCPATH/index.php(71): CodeIgniter\CodeIgniter->run()
CRITICAL - 2023-01-11 00:37:33 --> Invalid file: template/kinsmen-sky/themes.php
in SYSTEMPATH/Exceptions/FrameworkException.php on line 33.
 1 SYSTEMPATH/View/View.php(201): CodeIgniter\Exceptions\FrameworkException::forInvalidFile()
 2 SYSTEMPATH/Common.php(1142): CodeIgniter\View\View->render()
 3 APPPATH/Controllers/Pages.php(54): view()
 4 SYSTEMPATH/CodeIgniter.php(907): App\Controllers\Pages->view()
 5 SYSTEMPATH/CodeIgniter.php(457): CodeIgniter\CodeIgniter->runController()
 6 SYSTEMPATH/CodeIgniter.php(340): CodeIgniter\CodeIgniter->handleRequest()
 7 FCPATH/index.php(71): CodeIgniter\CodeIgniter->run()
CRITICAL - 2023-01-11 00:37:33 --> Invalid file: template/kinsmen-sky/themes.php
in SYSTEMPATH/Exceptions/FrameworkException.php on line 33.
 1 SYSTEMPATH/View/View.php(201): CodeIgniter\Exceptions\FrameworkException::forInvalidFile()
 2 SYSTEMPATH/Common.php(1142): CodeIgniter\View\View->render()
 3 APPPATH/Controllers/Pages.php(54): view()
 4 SYSTEMPATH/CodeIgniter.php(907): App\Controllers\Pages->view()
 5 SYSTEMPATH/CodeIgniter.php(457): CodeIgniter\CodeIgniter->runController()
 6 SYSTEMPATH/CodeIgniter.php(340): CodeIgniter\CodeIgniter->handleRequest()
 7 FCPATH/index.php(71): CodeIgniter\CodeIgniter->run()
CRITICAL - 2023-01-11 00:37:33 --> Invalid file: template/kinsmen-sky/themes.php
in SYSTEMPATH/Exceptions/FrameworkException.php on line 33.
 1 SYSTEMPATH/View/View.php(201): CodeIgniter\Exceptions\FrameworkException::forInvalidFile()
 2 SYSTEMPATH/Common.php(1142): CodeIgniter\View\View->render()
 3 APPPATH/Controllers/Pages.php(54): view()
 4 SYSTEMPATH/CodeIgniter.php(907): App\Controllers\Pages->view()
 5 SYSTEMPATH/CodeIgniter.php(457): CodeIgniter\CodeIgniter->runController()
 6 SYSTEMPATH/CodeIgniter.php(340): CodeIgniter\CodeIgniter->handleRequest()
 7 FCPATH/index.php(71): CodeIgniter\CodeIgniter->run()
CRITICAL - 2023-01-11 00:37:33 --> Invalid file: template/kinsmen-sky/themes.php
in SYSTEMPATH/Exceptions/FrameworkException.php on line 33.
 1 SYSTEMPATH/View/View.php(201): CodeIgniter\Exceptions\FrameworkException::forInvalidFile()
 2 SYSTEMPATH/Common.php(1142): CodeIgniter\View\View->render()
 3 APPPATH/Controllers/Pages.php(54): view()
 4 SYSTEMPATH/CodeIgniter.php(907): App\Controllers\Pages->view()
 5 SYSTEMPATH/CodeIgniter.php(457): CodeIgniter\CodeIgniter->runController()
 6 SYSTEMPATH/CodeIgniter.php(340): CodeIgniter\CodeIgniter->handleRequest()
 7 FCPATH/index.php(71): CodeIgniter\CodeIgniter->run()
CRITICAL - 2023-01-11 00:37:44 --> Invalid file: template/kinsmen-sky/themes.php
in SYSTEMPATH/Exceptions/FrameworkException.php on line 33.
 1 SYSTEMPATH/View/View.php(201): CodeIgniter\Exceptions\FrameworkException::forInvalidFile()
 2 SYSTEMPATH/Common.php(1142): CodeIgniter\View\View->render()
 3 APPPATH/Controllers/Pages.php(54): view()
 4 SYSTEMPATH/CodeIgniter.php(907): App\Controllers\Pages->view()
 5 SYSTEMPATH/CodeIgniter.php(457): CodeIgniter\CodeIgniter->runController()
 6 SYSTEMPATH/CodeIgniter.php(340): CodeIgniter\CodeIgniter->handleRequest()
 7 FCPATH/index.php(71): CodeIgniter\CodeIgniter->run()
CRITICAL - 2023-01-11 00:37:44 --> Invalid file: template/kinsmen-sky/themes.php
in SYSTEMPATH/Exceptions/FrameworkException.php on line 33.
 1 SYSTEMPATH/View/View.php(201): CodeIgniter\Exceptions\FrameworkException::forInvalidFile()
 2 SYSTEMPATH/Common.php(1142): CodeIgniter\View\View->render()
 3 APPPATH/Controllers/Pages.php(54): view()
 4 SYSTEMPATH/CodeIgniter.php(907): App\Controllers\Pages->view()
 5 SYSTEMPATH/CodeIgniter.php(457): CodeIgniter\CodeIgniter->runController()
 6 SYSTEMPATH/CodeIgniter.php(340): CodeIgniter\CodeIgniter->handleRequest()
 7 FCPATH/index.php(71): CodeIgniter\CodeIgniter->run()
CRITICAL - 2023-01-11 00:38:20 --> Invalid file: template/kinsmen-sky/themes.php
in SYSTEMPATH/Exceptions/FrameworkException.php on line 33.
 1 SYSTEMPATH/View/View.php(201): CodeIgniter\Exceptions\FrameworkException::forInvalidFile()
 2 SYSTEMPATH/Common.php(1142): CodeIgniter\View\View->render()
 3 APPPATH/Controllers/Pages.php(54): view()
 4 SYSTEMPATH/CodeIgniter.php(907): App\Controllers\Pages->view()
 5 SYSTEMPATH/CodeIgniter.php(457): CodeIgniter\CodeIgniter->runController()
 6 SYSTEMPATH/CodeIgniter.php(340): CodeIgniter\CodeIgniter->handleRequest()
 7 FCPATH/index.php(71): CodeIgniter\CodeIgniter->run()
CRITICAL - 2023-01-11 00:38:20 --> Invalid file: template/kinsmen-sky/themes.php
in SYSTEMPATH/Exceptions/FrameworkException.php on line 33.
 1 SYSTEMPATH/View/View.php(201): CodeIgniter\Exceptions\FrameworkException::forInvalidFile()
 2 SYSTEMPATH/Common.php(1142): CodeIgniter\View\View->render()
 3 APPPATH/Controllers/Pages.php(54): view()
 4 SYSTEMPATH/CodeIgniter.php(907): App\Controllers\Pages->view()
 5 SYSTEMPATH/CodeIgniter.php(457): CodeIgniter\CodeIgniter->runController()
 6 SYSTEMPATH/CodeIgniter.php(340): CodeIgniter\CodeIgniter->handleRequest()
 7 FCPATH/index.php(71): CodeIgniter\CodeIgniter->run()
CRITICAL - 2023-01-11 00:40:49 --> Invalid file: template/kinsmen-sky/themes.php
in SYSTEMPATH/Exceptions/FrameworkException.php on line 33.
 1 SYSTEMPATH/View/View.php(201): CodeIgniter\Exceptions\FrameworkException::forInvalidFile()
 2 SYSTEMPATH/Common.php(1142): CodeIgniter\View\View->render()
 3 APPPATH/Controllers/Pages.php(54): view()
 4 SYSTEMPATH/CodeIgniter.php(907): App\Controllers\Pages->view()
 5 SYSTEMPATH/CodeIgniter.php(457): CodeIgniter\CodeIgniter->runController()
 6 SYSTEMPATH/CodeIgniter.php(340): CodeIgniter\CodeIgniter->handleRequest()
 7 FCPATH/index.php(71): CodeIgniter\CodeIgniter->run()
CRITICAL - 2023-01-11 00:40:49 --> Invalid file: template/kinsmen-sky/themes.php
in SYSTEMPATH/Exceptions/FrameworkException.php on line 33.
 1 SYSTEMPATH/View/View.php(201): CodeIgniter\Exceptions\FrameworkException::forInvalidFile()
 2 SYSTEMPATH/Common.php(1142): CodeIgniter\View\View->render()
 3 APPPATH/Controllers/Pages.php(54): view()
 4 SYSTEMPATH/CodeIgniter.php(907): App\Controllers\Pages->view()
 5 SYSTEMPATH/CodeIgniter.php(457): CodeIgniter\CodeIgniter->runController()
 6 SYSTEMPATH/CodeIgniter.php(340): CodeIgniter\CodeIgniter->handleRequest()
 7 FCPATH/index.php(71): CodeIgniter\CodeIgniter->run()
CRITICAL - 2023-01-11 00:40:49 --> Invalid file: template/kinsmen-sky/themes.php
in SYSTEMPATH/Exceptions/FrameworkException.php on line 33.
 1 SYSTEMPATH/View/View.php(201): CodeIgniter\Exceptions\FrameworkException::forInvalidFile()
 2 SYSTEMPATH/Common.php(1142): CodeIgniter\View\View->render()
 3 APPPATH/Controllers/Pages.php(54): view()
 4 SYSTEMPATH/CodeIgniter.php(907): App\Controllers\Pages->view()
 5 SYSTEMPATH/CodeIgniter.php(457): CodeIgniter\CodeIgniter->runController()
 6 SYSTEMPATH/CodeIgniter.php(340): CodeIgniter\CodeIgniter->handleRequest()
 7 FCPATH/index.php(71): CodeIgniter\CodeIgniter->run()
CRITICAL - 2023-01-11 00:40:49 --> Invalid file: template/kinsmen-sky/themes.php
in SYSTEMPATH/Exceptions/FrameworkException.php on line 33.
 1 SYSTEMPATH/View/View.php(201): CodeIgniter\Exceptions\FrameworkException::forInvalidFile()
 2 SYSTEMPATH/Common.php(1142): CodeIgniter\View\View->render()
 3 APPPATH/Controllers/Pages.php(54): view()
 4 SYSTEMPATH/CodeIgniter.php(907): App\Controllers\Pages->view()
 5 SYSTEMPATH/CodeIgniter.php(457): CodeIgniter\CodeIgniter->runController()
 6 SYSTEMPATH/CodeIgniter.php(340): CodeIgniter\CodeIgniter->handleRequest()
 7 FCPATH/index.php(71): CodeIgniter\CodeIgniter->run()
CRITICAL - 2023-01-11 00:40:49 --> Invalid file: template/kinsmen-sky/themes.php
in SYSTEMPATH/Exceptions/FrameworkException.php on line 33.
 1 SYSTEMPATH/View/View.php(201): CodeIgniter\Exceptions\FrameworkException::forInvalidFile()
 2 SYSTEMPATH/Common.php(1142): CodeIgniter\View\View->render()
 3 APPPATH/Controllers/Pages.php(54): view()
 4 SYSTEMPATH/CodeIgniter.php(907): App\Controllers\Pages->view()
 5 SYSTEMPATH/CodeIgniter.php(457): CodeIgniter\CodeIgniter->runController()
 6 SYSTEMPATH/CodeIgniter.php(340): CodeIgniter\CodeIgniter->handleRequest()
 7 FCPATH/index.php(71): CodeIgniter\CodeIgniter->run()
CRITICAL - 2023-01-11 00:40:49 --> Invalid file: template/kinsmen-sky/themes.php
in SYSTEMPATH/Exceptions/FrameworkException.php on line 33.
 1 SYSTEMPATH/View/View.php(201): CodeIgniter\Exceptions\FrameworkException::forInvalidFile()
 2 SYSTEMPATH/Common.php(1142): CodeIgniter\View\View->render()
 3 APPPATH/Controllers/Pages.php(54): view()
 4 SYSTEMPATH/CodeIgniter.php(907): App\Controllers\Pages->view()
 5 SYSTEMPATH/CodeIgniter.php(457): CodeIgniter\CodeIgniter->runController()
 6 SYSTEMPATH/CodeIgniter.php(340): CodeIgniter\CodeIgniter->handleRequest()
 7 FCPATH/index.php(71): CodeIgniter\CodeIgniter->run()
CRITICAL - 2023-01-11 00:40:49 --> Invalid file: template/kinsmen-sky/themes.php
in SYSTEMPATH/Exceptions/FrameworkException.php on line 33.
 1 SYSTEMPATH/View/View.php(201): CodeIgniter\Exceptions\FrameworkException::forInvalidFile()
 2 SYSTEMPATH/Common.php(1142): CodeIgniter\View\View->render()
 3 APPPATH/Controllers/Pages.php(54): view()
 4 SYSTEMPATH/CodeIgniter.php(907): App\Controllers\Pages->view()
 5 SYSTEMPATH/CodeIgniter.php(457): CodeIgniter\CodeIgniter->runController()
 6 SYSTEMPATH/CodeIgniter.php(340): CodeIgniter\CodeIgniter->handleRequest()
 7 FCPATH/index.php(71): CodeIgniter\CodeIgniter->run()
CRITICAL - 2023-01-11 00:40:53 --> Invalid file: template/kinsmen-sky/themes.php
in SYSTEMPATH/Exceptions/FrameworkException.php on line 33.
 1 SYSTEMPATH/View/View.php(201): CodeIgniter\Exceptions\FrameworkException::forInvalidFile()
 2 SYSTEMPATH/Common.php(1142): CodeIgniter\View\View->render()
 3 APPPATH/Controllers/Pages.php(54): view()
 4 SYSTEMPATH/CodeIgniter.php(907): App\Controllers\Pages->view()
 5 SYSTEMPATH/CodeIgniter.php(457): CodeIgniter\CodeIgniter->runController()
 6 SYSTEMPATH/CodeIgniter.php(340): CodeIgniter\CodeIgniter->handleRequest()
 7 FCPATH/index.php(71): CodeIgniter\CodeIgniter->run()
CRITICAL - 2023-01-11 00:40:53 --> Invalid file: template/kinsmen-sky/themes.php
in SYSTEMPATH/Exceptions/FrameworkException.php on line 33.
 1 SYSTEMPATH/View/View.php(201): CodeIgniter\Exceptions\FrameworkException::forInvalidFile()
 2 SYSTEMPATH/Common.php(1142): CodeIgniter\View\View->render()
 3 APPPATH/Controllers/Pages.php(54): view()
 4 SYSTEMPATH/CodeIgniter.php(907): App\Controllers\Pages->view()
 5 SYSTEMPATH/CodeIgniter.php(457): CodeIgniter\CodeIgniter->runController()
 6 SYSTEMPATH/CodeIgniter.php(340): CodeIgniter\CodeIgniter->handleRequest()
 7 FCPATH/index.php(71): CodeIgniter\CodeIgniter->run()
CRITICAL - 2023-01-11 00:42:39 --> Invalid file: template/kinsmen-sky/themes.php
in SYSTEMPATH/Exceptions/FrameworkException.php on line 33.
 1 SYSTEMPATH/View/View.php(201): CodeIgniter\Exceptions\FrameworkException::forInvalidFile()
 2 SYSTEMPATH/Common.php(1142): CodeIgniter\View\View->render()
 3 APPPATH/Controllers/Pages.php(54): view()
 4 SYSTEMPATH/CodeIgniter.php(907): App\Controllers\Pages->view()
 5 SYSTEMPATH/CodeIgniter.php(457): CodeIgniter\CodeIgniter->runController()
 6 SYSTEMPATH/CodeIgniter.php(340): CodeIgniter\CodeIgniter->handleRequest()
 7 FCPATH/index.php(71): CodeIgniter\CodeIgniter->run()
CRITICAL - 2023-01-11 00:42:39 --> Invalid file: template/kinsmen-sky/themes.php
in SYSTEMPATH/Exceptions/FrameworkException.php on line 33.
 1 SYSTEMPATH/View/View.php(201): CodeIgniter\Exceptions\FrameworkException::forInvalidFile()
 2 SYSTEMPATH/Common.php(1142): CodeIgniter\View\View->render()
 3 APPPATH/Controllers/Pages.php(54): view()
 4 SYSTEMPATH/CodeIgniter.php(907): App\Controllers\Pages->view()
 5 SYSTEMPATH/CodeIgniter.php(457): CodeIgniter\CodeIgniter->runController()
 6 SYSTEMPATH/CodeIgniter.php(340): CodeIgniter\CodeIgniter->handleRequest()
 7 FCPATH/index.php(71): CodeIgniter\CodeIgniter->run()
CRITICAL - 2023-01-11 00:43:04 --> Invalid file: template/kinsmen-sky/themes.php
in SYSTEMPATH/Exceptions/FrameworkException.php on line 33.
 1 SYSTEMPATH/View/View.php(201): CodeIgniter\Exceptions\FrameworkException::forInvalidFile()
 2 SYSTEMPATH/Common.php(1142): CodeIgniter\View\View->render()
 3 APPPATH/Controllers/Pages.php(54): view()
 4 SYSTEMPATH/CodeIgniter.php(907): App\Controllers\Pages->view()
 5 SYSTEMPATH/CodeIgniter.php(457): CodeIgniter\CodeIgniter->runController()
 6 SYSTEMPATH/CodeIgniter.php(340): CodeIgniter\CodeIgniter->handleRequest()
 7 FCPATH/index.php(71): CodeIgniter\CodeIgniter->run()
CRITICAL - 2023-01-11 00:43:04 --> Invalid file: template/kinsmen-sky/themes.php
in SYSTEMPATH/Exceptions/FrameworkException.php on line 33.
 1 SYSTEMPATH/View/View.php(201): CodeIgniter\Exceptions\FrameworkException::forInvalidFile()
 2 SYSTEMPATH/Common.php(1142): CodeIgniter\View\View->render()
 3 APPPATH/Controllers/Pages.php(54): view()
 4 SYSTEMPATH/CodeIgniter.php(907): App\Controllers\Pages->view()
 5 SYSTEMPATH/CodeIgniter.php(457): CodeIgniter\CodeIgniter->runController()
 6 SYSTEMPATH/CodeIgniter.php(340): CodeIgniter\CodeIgniter->handleRequest()
 7 FCPATH/index.php(71): CodeIgniter\CodeIgniter->run()
CRITICAL - 2023-01-11 00:43:04 --> Invalid file: template/kinsmen-sky/themes.php
in SYSTEMPATH/Exceptions/FrameworkException.php on line 33.
 1 SYSTEMPATH/View/View.php(201): CodeIgniter\Exceptions\FrameworkException::forInvalidFile()
 2 SYSTEMPATH/Common.php(1142): CodeIgniter\View\View->render()
 3 APPPATH/Controllers/Pages.php(54): view()
 4 SYSTEMPATH/CodeIgniter.php(907): App\Controllers\Pages->view()
 5 SYSTEMPATH/CodeIgniter.php(457): CodeIgniter\CodeIgniter->runController()
 6 SYSTEMPATH/CodeIgniter.php(340): CodeIgniter\CodeIgniter->handleRequest()
 7 FCPATH/index.php(71): CodeIgniter\CodeIgniter->run()
CRITICAL - 2023-01-11 00:43:04 --> Invalid file: template/kinsmen-sky/themes.php
in SYSTEMPATH/Exceptions/FrameworkException.php on line 33.
 1 SYSTEMPATH/View/View.php(201): CodeIgniter\Exceptions\FrameworkException::forInvalidFile()
 2 SYSTEMPATH/Common.php(1142): CodeIgniter\View\View->render()
 3 APPPATH/Controllers/Pages.php(54): view()
 4 SYSTEMPATH/CodeIgniter.php(907): App\Controllers\Pages->view()
 5 SYSTEMPATH/CodeIgniter.php(457): CodeIgniter\CodeIgniter->runController()
 6 SYSTEMPATH/CodeIgniter.php(340): CodeIgniter\CodeIgniter->handleRequest()
 7 FCPATH/index.php(71): CodeIgniter\CodeIgniter->run()
CRITICAL - 2023-01-11 00:43:04 --> Invalid file: template/kinsmen-sky/themes.php
in SYSTEMPATH/Exceptions/FrameworkException.php on line 33.
 1 SYSTEMPATH/View/View.php(201): CodeIgniter\Exceptions\FrameworkException::forInvalidFile()
 2 SYSTEMPATH/Common.php(1142): CodeIgniter\View\View->render()
 3 APPPATH/Controllers/Pages.php(54): view()
 4 SYSTEMPATH/CodeIgniter.php(907): App\Controllers\Pages->view()
 5 SYSTEMPATH/CodeIgniter.php(457): CodeIgniter\CodeIgniter->runController()
 6 SYSTEMPATH/CodeIgniter.php(340): CodeIgniter\CodeIgniter->handleRequest()
 7 FCPATH/index.php(71): CodeIgniter\CodeIgniter->run()
CRITICAL - 2023-01-11 00:43:04 --> Invalid file: template/kinsmen-sky/themes.php
in SYSTEMPATH/Exceptions/FrameworkException.php on line 33.
 1 SYSTEMPATH/View/View.php(201): CodeIgniter\Exceptions\FrameworkException::forInvalidFile()
 2 SYSTEMPATH/Common.php(1142): CodeIgniter\View\View->render()
 3 APPPATH/Controllers/Pages.php(54): view()
 4 SYSTEMPATH/CodeIgniter.php(907): App\Controllers\Pages->view()
 5 SYSTEMPATH/CodeIgniter.php(457): CodeIgniter\CodeIgniter->runController()
 6 SYSTEMPATH/CodeIgniter.php(340): CodeIgniter\CodeIgniter->handleRequest()
 7 FCPATH/index.php(71): CodeIgniter\CodeIgniter->run()
CRITICAL - 2023-01-11 00:43:04 --> Invalid file: template/kinsmen-sky/themes.php
in SYSTEMPATH/Exceptions/FrameworkException.php on line 33.
 1 SYSTEMPATH/View/View.php(201): CodeIgniter\Exceptions\FrameworkException::forInvalidFile()
 2 SYSTEMPATH/Common.php(1142): CodeIgniter\View\View->render()
 3 APPPATH/Controllers/Pages.php(54): view()
 4 SYSTEMPATH/CodeIgniter.php(907): App\Controllers\Pages->view()
 5 SYSTEMPATH/CodeIgniter.php(457): CodeIgniter\CodeIgniter->runController()
 6 SYSTEMPATH/CodeIgniter.php(340): CodeIgniter\CodeIgniter->handleRequest()
 7 FCPATH/index.php(71): CodeIgniter\CodeIgniter->run()
CRITICAL - 2023-01-11 00:45:59 --> Undefined variable $minimum_deposit
in APPPATH/Views/theme/material-able/dashboard.php on line 37.
 1 APPPATH/Views/theme/material-able/dashboard.php(37): CodeIgniter\Debug\Exceptions->errorHandler()
 2 SYSTEMPATH/View/View.php(213): include('APPPATH/Views/theme/material-able/dashboard.php')
 3 SYSTEMPATH/View/View.php(216): CodeIgniter\View\View->CodeIgniter\View\{closure}()
 4 SYSTEMPATH/Common.php(1142): CodeIgniter\View\View->render()
 5 APPPATH/Controllers/User.php(116): view()
 6 SYSTEMPATH/CodeIgniter.php(907): App\Controllers\User->index()
 7 SYSTEMPATH/CodeIgniter.php(457): CodeIgniter\CodeIgniter->runController()
 8 SYSTEMPATH/CodeIgniter.php(340): CodeIgniter\CodeIgniter->handleRequest()
 9 FCPATH/index.php(71): CodeIgniter\CodeIgniter->run()
CRITICAL - 2023-01-11 00:46:14 --> Invalid file: template/kinsmen-sky/themes.php
in SYSTEMPATH/Exceptions/FrameworkException.php on line 33.
 1 SYSTEMPATH/View/View.php(201): CodeIgniter\Exceptions\FrameworkException::forInvalidFile()
 2 SYSTEMPATH/Common.php(1142): CodeIgniter\View\View->render()
 3 APPPATH/Controllers/Pages.php(54): view()
 4 SYSTEMPATH/CodeIgniter.php(907): App\Controllers\Pages->view()
 5 SYSTEMPATH/CodeIgniter.php(457): CodeIgniter\CodeIgniter->runController()
 6 SYSTEMPATH/CodeIgniter.php(340): CodeIgniter\CodeIgniter->handleRequest()
 7 FCPATH/index.php(71): CodeIgniter\CodeIgniter->run()
CRITICAL - 2023-01-11 00:46:14 --> Invalid file: template/kinsmen-sky/themes.php
in SYSTEMPATH/Exceptions/FrameworkException.php on line 33.
 1 SYSTEMPATH/View/View.php(201): CodeIgniter\Exceptions\FrameworkException::forInvalidFile()
 2 SYSTEMPATH/Common.php(1142): CodeIgniter\View\View->render()
 3 APPPATH/Controllers/Pages.php(54): view()
 4 SYSTEMPATH/CodeIgniter.php(907): App\Controllers\Pages->view()
 5 SYSTEMPATH/CodeIgniter.php(457): CodeIgniter\CodeIgniter->runController()
 6 SYSTEMPATH/CodeIgniter.php(340): CodeIgniter\CodeIgniter->handleRequest()
 7 FCPATH/index.php(71): CodeIgniter\CodeIgniter->run()
CRITICAL - 2023-01-11 00:46:14 --> Invalid file: template/kinsmen-sky/themes.php
in SYSTEMPATH/Exceptions/FrameworkException.php on line 33.
 1 SYSTEMPATH/View/View.php(201): CodeIgniter\Exceptions\FrameworkException::forInvalidFile()
 2 SYSTEMPATH/Common.php(1142): CodeIgniter\View\View->render()
 3 APPPATH/Controllers/Pages.php(54): view()
 4 SYSTEMPATH/CodeIgniter.php(907): App\Controllers\Pages->view()
 5 SYSTEMPATH/CodeIgniter.php(457): CodeIgniter\CodeIgniter->runController()
 6 SYSTEMPATH/CodeIgniter.php(340): CodeIgniter\CodeIgniter->handleRequest()
 7 FCPATH/index.php(71): CodeIgniter\CodeIgniter->run()
CRITICAL - 2023-01-11 00:46:37 --> Invalid file: template/kinsmen-sky/themes.php
in SYSTEMPATH/Exceptions/FrameworkException.php on line 33.
 1 SYSTEMPATH/View/View.php(201): CodeIgniter\Exceptions\FrameworkException::forInvalidFile()
 2 SYSTEMPATH/Common.php(1142): CodeIgniter\View\View->render()
 3 APPPATH/Controllers/Pages.php(54): view()
 4 SYSTEMPATH/CodeIgniter.php(907): App\Controllers\Pages->view()
 5 SYSTEMPATH/CodeIgniter.php(457): CodeIgniter\CodeIgniter->runController()
 6 SYSTEMPATH/CodeIgniter.php(340): CodeIgniter\CodeIgniter->handleRequest()
 7 FCPATH/index.php(71): CodeIgniter\CodeIgniter->run()
CRITICAL - 2023-01-11 00:46:37 --> Invalid file: template/kinsmen-sky/themes.php
in SYSTEMPATH/Exceptions/FrameworkException.php on line 33.
 1 SYSTEMPATH/View/View.php(201): CodeIgniter\Exceptions\FrameworkException::forInvalidFile()
 2 SYSTEMPATH/Common.php(1142): CodeIgniter\View\View->render()
 3 APPPATH/Controllers/Pages.php(54): view()
 4 SYSTEMPATH/CodeIgniter.php(907): App\Controllers\Pages->view()
 5 SYSTEMPATH/CodeIgniter.php(457): CodeIgniter\CodeIgniter->runController()
 6 SYSTEMPATH/CodeIgniter.php(340): CodeIgniter\CodeIgniter->handleRequest()
 7 FCPATH/index.php(71): CodeIgniter\CodeIgniter->run()
CRITICAL - 2023-01-11 00:46:37 --> Invalid file: template/kinsmen-sky/themes.php
in SYSTEMPATH/Exceptions/FrameworkException.php on line 33.
 1 SYSTEMPATH/View/View.php(201): CodeIgniter\Exceptions\FrameworkException::forInvalidFile()
 2 SYSTEMPATH/Common.php(1142): CodeIgniter\View\View->render()
 3 APPPATH/Controllers/Pages.php(54): view()
 4 SYSTEMPATH/CodeIgniter.php(907): App\Controllers\Pages->view()
 5 SYSTEMPATH/CodeIgniter.php(457): CodeIgniter\CodeIgniter->runController()
 6 SYSTEMPATH/CodeIgniter.php(340): CodeIgniter\CodeIgniter->handleRequest()
 7 FCPATH/index.php(71): CodeIgniter\CodeIgniter->run()
CRITICAL - 2023-01-11 00:47:26 --> Invalid file: template/kinsmen-sky/themes.php
in SYSTEMPATH/Exceptions/FrameworkException.php on line 33.
 1 SYSTEMPATH/View/View.php(201): CodeIgniter\Exceptions\FrameworkException::forInvalidFile()
 2 SYSTEMPATH/Common.php(1142): CodeIgniter\View\View->render()
 3 APPPATH/Controllers/Pages.php(54): view()
 4 SYSTEMPATH/CodeIgniter.php(907): App\Controllers\Pages->view()
 5 SYSTEMPATH/CodeIgniter.php(457): CodeIgniter\CodeIgniter->runController()
 6 SYSTEMPATH/CodeIgniter.php(340): CodeIgniter\CodeIgniter->handleRequest()
 7 FCPATH/index.php(71): CodeIgniter\CodeIgniter->run()
CRITICAL - 2023-01-11 00:47:26 --> Invalid file: template/kinsmen-sky/themes.php
in SYSTEMPATH/Exceptions/FrameworkException.php on line 33.
 1 SYSTEMPATH/View/View.php(201): CodeIgniter\Exceptions\FrameworkException::forInvalidFile()
 2 SYSTEMPATH/Common.php(1142): CodeIgniter\View\View->render()
 3 APPPATH/Controllers/Pages.php(54): view()
 4 SYSTEMPATH/CodeIgniter.php(907): App\Controllers\Pages->view()
 5 SYSTEMPATH/CodeIgniter.php(457): CodeIgniter\CodeIgniter->runController()
 6 SYSTEMPATH/CodeIgniter.php(340): CodeIgniter\CodeIgniter->handleRequest()
 7 FCPATH/index.php(71): CodeIgniter\CodeIgniter->run()
CRITICAL - 2023-01-11 00:47:26 --> Invalid file: template/kinsmen-sky/themes.php
in SYSTEMPATH/Exceptions/FrameworkException.php on line 33.
 1 SYSTEMPATH/View/View.php(201): CodeIgniter\Exceptions\FrameworkException::forInvalidFile()
 2 SYSTEMPATH/Common.php(1142): CodeIgniter\View\View->render()
 3 APPPATH/Controllers/Pages.php(54): view()
 4 SYSTEMPATH/CodeIgniter.php(907): App\Controllers\Pages->view()
 5 SYSTEMPATH/CodeIgniter.php(457): CodeIgniter\CodeIgniter->runController()
 6 SYSTEMPATH/CodeIgniter.php(340): CodeIgniter\CodeIgniter->handleRequest()
 7 FCPATH/index.php(71): CodeIgniter\CodeIgniter->run()
CRITICAL - 2023-01-11 00:47:58 --> Invalid file: template/kinsmen-sky/themes.php
in SYSTEMPATH/Exceptions/FrameworkException.php on line 33.
 1 SYSTEMPATH/View/View.php(201): CodeIgniter\Exceptions\FrameworkException::forInvalidFile()
 2 SYSTEMPATH/Common.php(1142): CodeIgniter\View\View->render()
 3 APPPATH/Controllers/Pages.php(54): view()
 4 SYSTEMPATH/CodeIgniter.php(907): App\Controllers\Pages->view()
 5 SYSTEMPATH/CodeIgniter.php(457): CodeIgniter\CodeIgniter->runController()
 6 SYSTEMPATH/CodeIgniter.php(340): CodeIgniter\CodeIgniter->handleRequest()
 7 FCPATH/index.php(71): CodeIgniter\CodeIgniter->run()
CRITICAL - 2023-01-11 00:47:58 --> Invalid file: template/kinsmen-sky/themes.php
in SYSTEMPATH/Exceptions/FrameworkException.php on line 33.
 1 SYSTEMPATH/View/View.php(201): CodeIgniter\Exceptions\FrameworkException::forInvalidFile()
 2 SYSTEMPATH/Common.php(1142): CodeIgniter\View\View->render()
 3 APPPATH/Controllers/Pages.php(54): view()
 4 SYSTEMPATH/CodeIgniter.php(907): App\Controllers\Pages->view()
 5 SYSTEMPATH/CodeIgniter.php(457): CodeIgniter\CodeIgniter->runController()
 6 SYSTEMPATH/CodeIgniter.php(340): CodeIgniter\CodeIgniter->handleRequest()
 7 FCPATH/index.php(71): CodeIgniter\CodeIgniter->run()
CRITICAL - 2023-01-11 00:47:58 --> Invalid file: template/kinsmen-sky/themes.php
in SYSTEMPATH/Exceptions/FrameworkException.php on line 33.
 1 SYSTEMPATH/View/View.php(201): CodeIgniter\Exceptions\FrameworkException::forInvalidFile()
 2 SYSTEMPATH/Common.php(1142): CodeIgniter\View\View->render()
 3 APPPATH/Controllers/Pages.php(54): view()
 4 SYSTEMPATH/CodeIgniter.php(907): App\Controllers\Pages->view()
 5 SYSTEMPATH/CodeIgniter.php(457): CodeIgniter\CodeIgniter->runController()
 6 SYSTEMPATH/CodeIgniter.php(340): CodeIgniter\CodeIgniter->handleRequest()
 7 FCPATH/index.php(71): CodeIgniter\CodeIgniter->run()
CRITICAL - 2023-01-11 00:48:20 --> Invalid file: template/kinsmen-sky/themes.php
in SYSTEMPATH/Exceptions/FrameworkException.php on line 33.
 1 SYSTEMPATH/View/View.php(201): CodeIgniter\Exceptions\FrameworkException::forInvalidFile()
 2 SYSTEMPATH/Common.php(1142): CodeIgniter\View\View->render()
 3 APPPATH/Controllers/Pages.php(54): view()
 4 SYSTEMPATH/CodeIgniter.php(907): App\Controllers\Pages->view()
 5 SYSTEMPATH/CodeIgniter.php(457): CodeIgniter\CodeIgniter->runController()
 6 SYSTEMPATH/CodeIgniter.php(340): CodeIgniter\CodeIgniter->handleRequest()
 7 FCPATH/index.php(71): CodeIgniter\CodeIgniter->run()
CRITICAL - 2023-01-11 00:48:20 --> Invalid file: template/kinsmen-sky/themes.php
in SYSTEMPATH/Exceptions/FrameworkException.php on line 33.
 1 SYSTEMPATH/View/View.php(201): CodeIgniter\Exceptions\FrameworkException::forInvalidFile()
 2 SYSTEMPATH/Common.php(1142): CodeIgniter\View\View->render()
 3 APPPATH/Controllers/Pages.php(54): view()
 4 SYSTEMPATH/CodeIgniter.php(907): App\Controllers\Pages->view()
 5 SYSTEMPATH/CodeIgniter.php(457): CodeIgniter\CodeIgniter->runController()
 6 SYSTEMPATH/CodeIgniter.php(340): CodeIgniter\CodeIgniter->handleRequest()
 7 FCPATH/index.php(71): CodeIgniter\CodeIgniter->run()
CRITICAL - 2023-01-11 00:48:21 --> Invalid file: template/kinsmen-sky/themes.php
in SYSTEMPATH/Exceptions/FrameworkException.php on line 33.
 1 SYSTEMPATH/View/View.php(201): CodeIgniter\Exceptions\FrameworkException::forInvalidFile()
 2 SYSTEMPATH/Common.php(1142): CodeIgniter\View\View->render()
 3 APPPATH/Controllers/Pages.php(54): view()
 4 SYSTEMPATH/CodeIgniter.php(907): App\Controllers\Pages->view()
 5 SYSTEMPATH/CodeIgniter.php(457): CodeIgniter\CodeIgniter->runController()
 6 SYSTEMPATH/CodeIgniter.php(340): CodeIgniter\CodeIgniter->handleRequest()
 7 FCPATH/index.php(71): CodeIgniter\CodeIgniter->run()
CRITICAL - 2023-01-11 00:49:04 --> Invalid file: template/kinsmen-sky/themes.php
in SYSTEMPATH/Exceptions/FrameworkException.php on line 33.
 1 SYSTEMPATH/View/View.php(201): CodeIgniter\Exceptions\FrameworkException::forInvalidFile()
 2 SYSTEMPATH/Common.php(1142): CodeIgniter\View\View->render()
 3 APPPATH/Controllers/Pages.php(54): view()
 4 SYSTEMPATH/CodeIgniter.php(907): App\Controllers\Pages->view()
 5 SYSTEMPATH/CodeIgniter.php(457): CodeIgniter\CodeIgniter->runController()
 6 SYSTEMPATH/CodeIgniter.php(340): CodeIgniter\CodeIgniter->handleRequest()
 7 FCPATH/index.php(71): CodeIgniter\CodeIgniter->run()
CRITICAL - 2023-01-11 00:49:04 --> Invalid file: template/kinsmen-sky/themes.php
in SYSTEMPATH/Exceptions/FrameworkException.php on line 33.
 1 SYSTEMPATH/View/View.php(201): CodeIgniter\Exceptions\FrameworkException::forInvalidFile()
 2 SYSTEMPATH/Common.php(1142): CodeIgniter\View\View->render()
 3 APPPATH/Controllers/Pages.php(54): view()
 4 SYSTEMPATH/CodeIgniter.php(907): App\Controllers\Pages->view()
 5 SYSTEMPATH/CodeIgniter.php(457): CodeIgniter\CodeIgniter->runController()
 6 SYSTEMPATH/CodeIgniter.php(340): CodeIgniter\CodeIgniter->handleRequest()
 7 FCPATH/index.php(71): CodeIgniter\CodeIgniter->run()
CRITICAL - 2023-01-11 00:49:04 --> Invalid file: template/kinsmen-sky/themes.php
in SYSTEMPATH/Exceptions/FrameworkException.php on line 33.
 1 SYSTEMPATH/View/View.php(201): CodeIgniter\Exceptions\FrameworkException::forInvalidFile()
 2 SYSTEMPATH/Common.php(1142): CodeIgniter\View\View->render()
 3 APPPATH/Controllers/Pages.php(54): view()
 4 SYSTEMPATH/CodeIgniter.php(907): App\Controllers\Pages->view()
 5 SYSTEMPATH/CodeIgniter.php(457): CodeIgniter\CodeIgniter->runController()
 6 SYSTEMPATH/CodeIgniter.php(340): CodeIgniter\CodeIgniter->handleRequest()
 7 FCPATH/index.php(71): CodeIgniter\CodeIgniter->run()
CRITICAL - 2023-01-11 00:54:43 --> Invalid file: template/kinsmen-sky/themes.php
in SYSTEMPATH/Exceptions/FrameworkException.php on line 33.
 1 SYSTEMPATH/View/View.php(201): CodeIgniter\Exceptions\FrameworkException::forInvalidFile()
 2 SYSTEMPATH/Common.php(1142): CodeIgniter\View\View->render()
 3 APPPATH/Controllers/Pages.php(54): view()
 4 SYSTEMPATH/CodeIgniter.php(907): App\Controllers\Pages->view()
 5 SYSTEMPATH/CodeIgniter.php(457): CodeIgniter\CodeIgniter->runController()
 6 SYSTEMPATH/CodeIgniter.php(340): CodeIgniter\CodeIgniter->handleRequest()
 7 FCPATH/index.php(71): CodeIgniter\CodeIgniter->run()
CRITICAL - 2023-01-11 00:54:43 --> Invalid file: template/kinsmen-sky/themes.php
in SYSTEMPATH/Exceptions/FrameworkException.php on line 33.
 1 SYSTEMPATH/View/View.php(201): CodeIgniter\Exceptions\FrameworkException::forInvalidFile()
 2 SYSTEMPATH/Common.php(1142): CodeIgniter\View\View->render()
 3 APPPATH/Controllers/Pages.php(54): view()
 4 SYSTEMPATH/CodeIgniter.php(907): App\Controllers\Pages->view()
 5 SYSTEMPATH/CodeIgniter.php(457): CodeIgniter\CodeIgniter->runController()
 6 SYSTEMPATH/CodeIgniter.php(340): CodeIgniter\CodeIgniter->handleRequest()
 7 FCPATH/index.php(71): CodeIgniter\CodeIgniter->run()
CRITICAL - 2023-01-11 00:54:43 --> Invalid file: template/kinsmen-sky/themes.php
in SYSTEMPATH/Exceptions/FrameworkException.php on line 33.
 1 SYSTEMPATH/View/View.php(201): CodeIgniter\Exceptions\FrameworkException::forInvalidFile()
 2 SYSTEMPATH/Common.php(1142): CodeIgniter\View\View->render()
 3 APPPATH/Controllers/Pages.php(54): view()
 4 SYSTEMPATH/CodeIgniter.php(907): App\Controllers\Pages->view()
 5 SYSTEMPATH/CodeIgniter.php(457): CodeIgniter\CodeIgniter->runController()
 6 SYSTEMPATH/CodeIgniter.php(340): CodeIgniter\CodeIgniter->handleRequest()
 7 FCPATH/index.php(71): CodeIgniter\CodeIgniter->run()
CRITICAL - 2023-01-11 00:56:39 --> Invalid file: template/kinsmen-sky/themes.php
in SYSTEMPATH/Exceptions/FrameworkException.php on line 33.
 1 SYSTEMPATH/View/View.php(201): CodeIgniter\Exceptions\FrameworkException::forInvalidFile()
 2 SYSTEMPATH/Common.php(1142): CodeIgniter\View\View->render()
 3 APPPATH/Controllers/Pages.php(54): view()
 4 SYSTEMPATH/CodeIgniter.php(907): App\Controllers\Pages->view()
 5 SYSTEMPATH/CodeIgniter.php(457): CodeIgniter\CodeIgniter->runController()
 6 SYSTEMPATH/CodeIgniter.php(340): CodeIgniter\CodeIgniter->handleRequest()
 7 FCPATH/index.php(71): CodeIgniter\CodeIgniter->run()
CRITICAL - 2023-01-11 00:56:39 --> Invalid file: template/kinsmen-sky/themes.php
in SYSTEMPATH/Exceptions/FrameworkException.php on line 33.
 1 SYSTEMPATH/View/View.php(201): CodeIgniter\Exceptions\FrameworkException::forInvalidFile()
 2 SYSTEMPATH/Common.php(1142): CodeIgniter\View\View->render()
 3 APPPATH/Controllers/Pages.php(54): view()
 4 SYSTEMPATH/CodeIgniter.php(907): App\Controllers\Pages->view()
 5 SYSTEMPATH/CodeIgniter.php(457): CodeIgniter\CodeIgniter->runController()
 6 SYSTEMPATH/CodeIgniter.php(340): CodeIgniter\CodeIgniter->handleRequest()
 7 FCPATH/index.php(71): CodeIgniter\CodeIgniter->run()
CRITICAL - 2023-01-11 00:56:40 --> Invalid file: template/kinsmen-sky/themes.php
in SYSTEMPATH/Exceptions/FrameworkException.php on line 33.
 1 SYSTEMPATH/View/View.php(201): CodeIgniter\Exceptions\FrameworkException::forInvalidFile()
 2 SYSTEMPATH/Common.php(1142): CodeIgniter\View\View->render()
 3 APPPATH/Controllers/Pages.php(54): view()
 4 SYSTEMPATH/CodeIgniter.php(907): App\Controllers\Pages->view()
 5 SYSTEMPATH/CodeIgniter.php(457): CodeIgniter\CodeIgniter->runController()
 6 SYSTEMPATH/CodeIgniter.php(340): CodeIgniter\CodeIgniter->handleRequest()
 7 FCPATH/index.php(71): CodeIgniter\CodeIgniter->run()
CRITICAL - 2023-01-11 00:56:40 --> Invalid file: template/kinsmen-sky/themes.php
in SYSTEMPATH/Exceptions/FrameworkException.php on line 33.
 1 SYSTEMPATH/View/View.php(201): CodeIgniter\Exceptions\FrameworkException::forInvalidFile()
 2 SYSTEMPATH/Common.php(1142): CodeIgniter\View\View->render()
 3 APPPATH/Controllers/Pages.php(54): view()
 4 SYSTEMPATH/CodeIgniter.php(907): App\Controllers\Pages->view()
 5 SYSTEMPATH/CodeIgniter.php(457): CodeIgniter\CodeIgniter->runController()
 6 SYSTEMPATH/CodeIgniter.php(340): CodeIgniter\CodeIgniter->handleRequest()
 7 FCPATH/index.php(71): CodeIgniter\CodeIgniter->run()
CRITICAL - 2023-01-11 00:56:40 --> Invalid file: template/kinsmen-sky/themes.php
in SYSTEMPATH/Exceptions/FrameworkException.php on line 33.
 1 SYSTEMPATH/View/View.php(201): CodeIgniter\Exceptions\FrameworkException::forInvalidFile()
 2 SYSTEMPATH/Common.php(1142): CodeIgniter\View\View->render()
 3 APPPATH/Controllers/Pages.php(54): view()
 4 SYSTEMPATH/CodeIgniter.php(907): App\Controllers\Pages->view()
 5 SYSTEMPATH/CodeIgniter.php(457): CodeIgniter\CodeIgniter->runController()
 6 SYSTEMPATH/CodeIgniter.php(340): CodeIgniter\CodeIgniter->handleRequest()
 7 FCPATH/index.php(71): CodeIgniter\CodeIgniter->run()
CRITICAL - 2023-01-11 01:00:30 --> Invalid file: template/kinsmen-sky/themes.php
in SYSTEMPATH/Exceptions/FrameworkException.php on line 33.
 1 SYSTEMPATH/View/View.php(201): CodeIgniter\Exceptions\FrameworkException::forInvalidFile()
 2 SYSTEMPATH/Common.php(1142): CodeIgniter\View\View->render()
 3 APPPATH/Controllers/Pages.php(54): view()
 4 SYSTEMPATH/CodeIgniter.php(907): App\Controllers\Pages->view()
 5 SYSTEMPATH/CodeIgniter.php(457): CodeIgniter\CodeIgniter->runController()
 6 SYSTEMPATH/CodeIgniter.php(340): CodeIgniter\CodeIgniter->handleRequest()
 7 FCPATH/index.php(71): CodeIgniter\CodeIgniter->run()
CRITICAL - 2023-01-11 01:00:30 --> Invalid file: template/kinsmen-sky/themes.php
in SYSTEMPATH/Exceptions/FrameworkException.php on line 33.
 1 SYSTEMPATH/View/View.php(201): CodeIgniter\Exceptions\FrameworkException::forInvalidFile()
 2 SYSTEMPATH/Common.php(1142): CodeIgniter\View\View->render()
 3 APPPATH/Controllers/Pages.php(54): view()
 4 SYSTEMPATH/CodeIgniter.php(907): App\Controllers\Pages->view()
 5 SYSTEMPATH/CodeIgniter.php(457): CodeIgniter\CodeIgniter->runController()
 6 SYSTEMPATH/CodeIgniter.php(340): CodeIgniter\CodeIgniter->handleRequest()
 7 FCPATH/index.php(71): CodeIgniter\CodeIgniter->run()
CRITICAL - 2023-01-11 01:00:30 --> Invalid file: template/kinsmen-sky/themes.php
in SYSTEMPATH/Exceptions/FrameworkException.php on line 33.
 1 SYSTEMPATH/View/View.php(201): CodeIgniter\Exceptions\FrameworkException::forInvalidFile()
 2 SYSTEMPATH/Common.php(1142): CodeIgniter\View\View->render()
 3 APPPATH/Controllers/Pages.php(54): view()
 4 SYSTEMPATH/CodeIgniter.php(907): App\Controllers\Pages->view()
 5 SYSTEMPATH/CodeIgniter.php(457): CodeIgniter\CodeIgniter->runController()
 6 SYSTEMPATH/CodeIgniter.php(340): CodeIgniter\CodeIgniter->handleRequest()
 7 FCPATH/index.php(71): CodeIgniter\CodeIgniter->run()
CRITICAL - 2023-01-11 01:01:28 --> Invalid file: template/kinsmen-sky/themes.php
in SYSTEMPATH/Exceptions/FrameworkException.php on line 33.
 1 SYSTEMPATH/View/View.php(201): CodeIgniter\Exceptions\FrameworkException::forInvalidFile()
 2 SYSTEMPATH/Common.php(1142): CodeIgniter\View\View->render()
 3 APPPATH/Controllers/Pages.php(54): view()
 4 SYSTEMPATH/CodeIgniter.php(907): App\Controllers\Pages->view()
 5 SYSTEMPATH/CodeIgniter.php(457): CodeIgniter\CodeIgniter->runController()
 6 SYSTEMPATH/CodeIgniter.php(340): CodeIgniter\CodeIgniter->handleRequest()
 7 FCPATH/index.php(71): CodeIgniter\CodeIgniter->run()
CRITICAL - 2023-01-11 01:01:28 --> Invalid file: template/kinsmen-sky/themes.php
in SYSTEMPATH/Exceptions/FrameworkException.php on line 33.
 1 SYSTEMPATH/View/View.php(201): CodeIgniter\Exceptions\FrameworkException::forInvalidFile()
 2 SYSTEMPATH/Common.php(1142): CodeIgniter\View\View->render()
 3 APPPATH/Controllers/Pages.php(54): view()
 4 SYSTEMPATH/CodeIgniter.php(907): App\Controllers\Pages->view()
 5 SYSTEMPATH/CodeIgniter.php(457): CodeIgniter\CodeIgniter->runController()
 6 SYSTEMPATH/CodeIgniter.php(340): CodeIgniter\CodeIgniter->handleRequest()
 7 FCPATH/index.php(71): CodeIgniter\CodeIgniter->run()
CRITICAL - 2023-01-11 01:01:28 --> Invalid file: template/kinsmen-sky/themes.php
in SYSTEMPATH/Exceptions/FrameworkException.php on line 33.
 1 SYSTEMPATH/View/View.php(201): CodeIgniter\Exceptions\FrameworkException::forInvalidFile()
 2 SYSTEMPATH/Common.php(1142): CodeIgniter\View\View->render()
 3 APPPATH/Controllers/Pages.php(54): view()
 4 SYSTEMPATH/CodeIgniter.php(907): App\Controllers\Pages->view()
 5 SYSTEMPATH/CodeIgniter.php(457): CodeIgniter\CodeIgniter->runController()
 6 SYSTEMPATH/CodeIgniter.php(340): CodeIgniter\CodeIgniter->handleRequest()
 7 FCPATH/index.php(71): CodeIgniter\CodeIgniter->run()
CRITICAL - 2023-01-11 01:05:06 --> Invalid file: template/kinsmen-sky/themes.php
in SYSTEMPATH/Exceptions/FrameworkException.php on line 33.
 1 SYSTEMPATH/View/View.php(201): CodeIgniter\Exceptions\FrameworkException::forInvalidFile()
 2 SYSTEMPATH/Common.php(1142): CodeIgniter\View\View->render()
 3 APPPATH/Controllers/Pages.php(54): view()
 4 SYSTEMPATH/CodeIgniter.php(907): App\Controllers\Pages->view()
 5 SYSTEMPATH/CodeIgniter.php(457): CodeIgniter\CodeIgniter->runController()
 6 SYSTEMPATH/CodeIgniter.php(340): CodeIgniter\CodeIgniter->handleRequest()
 7 FCPATH/index.php(71): CodeIgniter\CodeIgniter->run()
CRITICAL - 2023-01-11 01:05:06 --> Invalid file: template/kinsmen-sky/themes.php
in SYSTEMPATH/Exceptions/FrameworkException.php on line 33.
 1 SYSTEMPATH/View/View.php(201): CodeIgniter\Exceptions\FrameworkException::forInvalidFile()
 2 SYSTEMPATH/Common.php(1142): CodeIgniter\View\View->render()
 3 APPPATH/Controllers/Pages.php(54): view()
 4 SYSTEMPATH/CodeIgniter.php(907): App\Controllers\Pages->view()
 5 SYSTEMPATH/CodeIgniter.php(457): CodeIgniter\CodeIgniter->runController()
 6 SYSTEMPATH/CodeIgniter.php(340): CodeIgniter\CodeIgniter->handleRequest()
 7 FCPATH/index.php(71): CodeIgniter\CodeIgniter->run()
CRITICAL - 2023-01-11 01:05:06 --> Invalid file: template/kinsmen-sky/themes.php
in SYSTEMPATH/Exceptions/FrameworkException.php on line 33.
 1 SYSTEMPATH/View/View.php(201): CodeIgniter\Exceptions\FrameworkException::forInvalidFile()
 2 SYSTEMPATH/Common.php(1142): CodeIgniter\View\View->render()
 3 APPPATH/Controllers/Pages.php(54): view()
 4 SYSTEMPATH/CodeIgniter.php(907): App\Controllers\Pages->view()
 5 SYSTEMPATH/CodeIgniter.php(457): CodeIgniter\CodeIgniter->runController()
 6 SYSTEMPATH/CodeIgniter.php(340): CodeIgniter\CodeIgniter->handleRequest()
 7 FCPATH/index.php(71): CodeIgniter\CodeIgniter->run()
CRITICAL - 2023-01-11 01:07:59 --> Invalid file: template/kinsmen-sky/themes.php
in SYSTEMPATH/Exceptions/FrameworkException.php on line 33.
 1 SYSTEMPATH/View/View.php(201): CodeIgniter\Exceptions\FrameworkException::forInvalidFile()
 2 SYSTEMPATH/Common.php(1142): CodeIgniter\View\View->render()
 3 APPPATH/Controllers/Pages.php(54): view()
 4 SYSTEMPATH/CodeIgniter.php(907): App\Controllers\Pages->view()
 5 SYSTEMPATH/CodeIgniter.php(457): CodeIgniter\CodeIgniter->runController()
 6 SYSTEMPATH/CodeIgniter.php(340): CodeIgniter\CodeIgniter->handleRequest()
 7 FCPATH/index.php(71): CodeIgniter\CodeIgniter->run()
CRITICAL - 2023-01-11 01:08:00 --> Invalid file: template/kinsmen-sky/themes.php
in SYSTEMPATH/Exceptions/FrameworkException.php on line 33.
 1 SYSTEMPATH/View/View.php(201): CodeIgniter\Exceptions\FrameworkException::forInvalidFile()
 2 SYSTEMPATH/Common.php(1142): CodeIgniter\View\View->render()
 3 APPPATH/Controllers/Pages.php(54): view()
 4 SYSTEMPATH/CodeIgniter.php(907): App\Controllers\Pages->view()
 5 SYSTEMPATH/CodeIgniter.php(457): CodeIgniter\CodeIgniter->runController()
 6 SYSTEMPATH/CodeIgniter.php(340): CodeIgniter\CodeIgniter->handleRequest()
 7 FCPATH/index.php(71): CodeIgniter\CodeIgniter->run()
CRITICAL - 2023-01-11 01:08:00 --> Invalid file: template/kinsmen-sky/themes.php
in SYSTEMPATH/Exceptions/FrameworkException.php on line 33.
 1 SYSTEMPATH/View/View.php(201): CodeIgniter\Exceptions\FrameworkException::forInvalidFile()
 2 SYSTEMPATH/Common.php(1142): CodeIgniter\View\View->render()
 3 APPPATH/Controllers/Pages.php(54): view()
 4 SYSTEMPATH/CodeIgniter.php(907): App\Controllers\Pages->view()
 5 SYSTEMPATH/CodeIgniter.php(457): CodeIgniter\CodeIgniter->runController()
 6 SYSTEMPATH/CodeIgniter.php(340): CodeIgniter\CodeIgniter->handleRequest()
 7 FCPATH/index.php(71): CodeIgniter\CodeIgniter->run()
CRITICAL - 2023-01-11 01:08:43 --> Invalid file: template/kinsmen-sky/themes.php
in SYSTEMPATH/Exceptions/FrameworkException.php on line 33.
 1 SYSTEMPATH/View/View.php(201): CodeIgniter\Exceptions\FrameworkException::forInvalidFile()
 2 SYSTEMPATH/Common.php(1142): CodeIgniter\View\View->render()
 3 APPPATH/Controllers/Pages.php(54): view()
 4 SYSTEMPATH/CodeIgniter.php(907): App\Controllers\Pages->view()
 5 SYSTEMPATH/CodeIgniter.php(457): CodeIgniter\CodeIgniter->runController()
 6 SYSTEMPATH/CodeIgniter.php(340): CodeIgniter\CodeIgniter->handleRequest()
 7 FCPATH/index.php(71): CodeIgniter\CodeIgniter->run()
CRITICAL - 2023-01-11 01:08:43 --> Invalid file: template/kinsmen-sky/themes.php
in SYSTEMPATH/Exceptions/FrameworkException.php on line 33.
 1 SYSTEMPATH/View/View.php(201): CodeIgniter\Exceptions\FrameworkException::forInvalidFile()
 2 SYSTEMPATH/Common.php(1142): CodeIgniter\View\View->render()
 3 APPPATH/Controllers/Pages.php(54): view()
 4 SYSTEMPATH/CodeIgniter.php(907): App\Controllers\Pages->view()
 5 SYSTEMPATH/CodeIgniter.php(457): CodeIgniter\CodeIgniter->runController()
 6 SYSTEMPATH/CodeIgniter.php(340): CodeIgniter\CodeIgniter->handleRequest()
 7 FCPATH/index.php(71): CodeIgniter\CodeIgniter->run()
CRITICAL - 2023-01-11 01:08:43 --> Invalid file: template/kinsmen-sky/themes.php
in SYSTEMPATH/Exceptions/FrameworkException.php on line 33.
 1 SYSTEMPATH/View/View.php(201): CodeIgniter\Exceptions\FrameworkException::forInvalidFile()
 2 SYSTEMPATH/Common.php(1142): CodeIgniter\View\View->render()
 3 APPPATH/Controllers/Pages.php(54): view()
 4 SYSTEMPATH/CodeIgniter.php(907): App\Controllers\Pages->view()
 5 SYSTEMPATH/CodeIgniter.php(457): CodeIgniter\CodeIgniter->runController()
 6 SYSTEMPATH/CodeIgniter.php(340): CodeIgniter\CodeIgniter->handleRequest()
 7 FCPATH/index.php(71): CodeIgniter\CodeIgniter->run()
CRITICAL - 2023-01-11 01:11:36 --> Invalid file: template/kinsmen-sky/themes.php
in SYSTEMPATH/Exceptions/FrameworkException.php on line 33.
 1 SYSTEMPATH/View/View.php(201): CodeIgniter\Exceptions\FrameworkException::forInvalidFile()
 2 SYSTEMPATH/Common.php(1142): CodeIgniter\View\View->render()
 3 APPPATH/Controllers/Pages.php(54): view()
 4 SYSTEMPATH/CodeIgniter.php(907): App\Controllers\Pages->view()
 5 SYSTEMPATH/CodeIgniter.php(457): CodeIgniter\CodeIgniter->runController()
 6 SYSTEMPATH/CodeIgniter.php(340): CodeIgniter\CodeIgniter->handleRequest()
 7 FCPATH/index.php(71): CodeIgniter\CodeIgniter->run()
CRITICAL - 2023-01-11 01:11:36 --> Invalid file: template/kinsmen-sky/themes.php
in SYSTEMPATH/Exceptions/FrameworkException.php on line 33.
 1 SYSTEMPATH/View/View.php(201): CodeIgniter\Exceptions\FrameworkException::forInvalidFile()
 2 SYSTEMPATH/Common.php(1142): CodeIgniter\View\View->render()
 3 APPPATH/Controllers/Pages.php(54): view()
 4 SYSTEMPATH/CodeIgniter.php(907): App\Controllers\Pages->view()
 5 SYSTEMPATH/CodeIgniter.php(457): CodeIgniter\CodeIgniter->runController()
 6 SYSTEMPATH/CodeIgniter.php(340): CodeIgniter\CodeIgniter->handleRequest()
 7 FCPATH/index.php(71): CodeIgniter\CodeIgniter->run()
CRITICAL - 2023-01-11 01:11:36 --> Invalid file: template/kinsmen-sky/themes.php
in SYSTEMPATH/Exceptions/FrameworkException.php on line 33.
 1 SYSTEMPATH/View/View.php(201): CodeIgniter\Exceptions\FrameworkException::forInvalidFile()
 2 SYSTEMPATH/Common.php(1142): CodeIgniter\View\View->render()
 3 APPPATH/Controllers/Pages.php(54): view()
 4 SYSTEMPATH/CodeIgniter.php(907): App\Controllers\Pages->view()
 5 SYSTEMPATH/CodeIgniter.php(457): CodeIgniter\CodeIgniter->runController()
 6 SYSTEMPATH/CodeIgniter.php(340): CodeIgniter\CodeIgniter->handleRequest()
 7 FCPATH/index.php(71): CodeIgniter\CodeIgniter->run()
CRITICAL - 2023-01-11 01:11:46 --> Invalid file: template/kinsmen-sky/themes.php
in SYSTEMPATH/Exceptions/FrameworkException.php on line 33.
 1 SYSTEMPATH/View/View.php(201): CodeIgniter\Exceptions\FrameworkException::forInvalidFile()
 2 SYSTEMPATH/Common.php(1142): CodeIgniter\View\View->render()
 3 APPPATH/Controllers/Pages.php(54): view()
 4 SYSTEMPATH/CodeIgniter.php(907): App\Controllers\Pages->view()
 5 SYSTEMPATH/CodeIgniter.php(457): CodeIgniter\CodeIgniter->runController()
 6 SYSTEMPATH/CodeIgniter.php(340): CodeIgniter\CodeIgniter->handleRequest()
 7 FCPATH/index.php(71): CodeIgniter\CodeIgniter->run()
CRITICAL - 2023-01-11 01:11:46 --> Invalid file: template/kinsmen-sky/themes.php
in SYSTEMPATH/Exceptions/FrameworkException.php on line 33.
 1 SYSTEMPATH/View/View.php(201): CodeIgniter\Exceptions\FrameworkException::forInvalidFile()
 2 SYSTEMPATH/Common.php(1142): CodeIgniter\View\View->render()
 3 APPPATH/Controllers/Pages.php(54): view()
 4 SYSTEMPATH/CodeIgniter.php(907): App\Controllers\Pages->view()
 5 SYSTEMPATH/CodeIgniter.php(457): CodeIgniter\CodeIgniter->runController()
 6 SYSTEMPATH/CodeIgniter.php(340): CodeIgniter\CodeIgniter->handleRequest()
 7 FCPATH/index.php(71): CodeIgniter\CodeIgniter->run()
CRITICAL - 2023-01-11 01:11:46 --> Invalid file: template/kinsmen-sky/themes.php
in SYSTEMPATH/Exceptions/FrameworkException.php on line 33.
 1 SYSTEMPATH/View/View.php(201): CodeIgniter\Exceptions\FrameworkException::forInvalidFile()
 2 SYSTEMPATH/Common.php(1142): CodeIgniter\View\View->render()
 3 APPPATH/Controllers/Pages.php(54): view()
 4 SYSTEMPATH/CodeIgniter.php(907): App\Controllers\Pages->view()
 5 SYSTEMPATH/CodeIgniter.php(457): CodeIgniter\CodeIgniter->runController()
 6 SYSTEMPATH/CodeIgniter.php(340): CodeIgniter\CodeIgniter->handleRequest()
 7 FCPATH/index.php(71): CodeIgniter\CodeIgniter->run()
CRITICAL - 2023-01-11 01:11:51 --> Invalid file: template/kinsmen-sky/themes.php
in SYSTEMPATH/Exceptions/FrameworkException.php on line 33.
 1 SYSTEMPATH/View/View.php(201): CodeIgniter\Exceptions\FrameworkException::forInvalidFile()
 2 SYSTEMPATH/Common.php(1142): CodeIgniter\View\View->render()
 3 APPPATH/Controllers/Pages.php(54): view()
 4 SYSTEMPATH/CodeIgniter.php(907): App\Controllers\Pages->view()
 5 SYSTEMPATH/CodeIgniter.php(457): CodeIgniter\CodeIgniter->runController()
 6 SYSTEMPATH/CodeIgniter.php(340): CodeIgniter\CodeIgniter->handleRequest()
 7 FCPATH/index.php(71): CodeIgniter\CodeIgniter->run()
CRITICAL - 2023-01-11 01:11:51 --> Invalid file: template/kinsmen-sky/themes.php
in SYSTEMPATH/Exceptions/FrameworkException.php on line 33.
 1 SYSTEMPATH/View/View.php(201): CodeIgniter\Exceptions\FrameworkException::forInvalidFile()
 2 SYSTEMPATH/Common.php(1142): CodeIgniter\View\View->render()
 3 APPPATH/Controllers/Pages.php(54): view()
 4 SYSTEMPATH/CodeIgniter.php(907): App\Controllers\Pages->view()
 5 SYSTEMPATH/CodeIgniter.php(457): CodeIgniter\CodeIgniter->runController()
 6 SYSTEMPATH/CodeIgniter.php(340): CodeIgniter\CodeIgniter->handleRequest()
 7 FCPATH/index.php(71): CodeIgniter\CodeIgniter->run()
CRITICAL - 2023-01-11 01:11:51 --> Invalid file: template/kinsmen-sky/themes.php
in SYSTEMPATH/Exceptions/FrameworkException.php on line 33.
 1 SYSTEMPATH/View/View.php(201): CodeIgniter\Exceptions\FrameworkException::forInvalidFile()
 2 SYSTEMPATH/Common.php(1142): CodeIgniter\View\View->render()
 3 APPPATH/Controllers/Pages.php(54): view()
 4 SYSTEMPATH/CodeIgniter.php(907): App\Controllers\Pages->view()
 5 SYSTEMPATH/CodeIgniter.php(457): CodeIgniter\CodeIgniter->runController()
 6 SYSTEMPATH/CodeIgniter.php(340): CodeIgniter\CodeIgniter->handleRequest()
 7 FCPATH/index.php(71): CodeIgniter\CodeIgniter->run()
CRITICAL - 2023-01-11 01:13:07 --> Invalid file: template/kinsmen-sky/themes.php
in SYSTEMPATH/Exceptions/FrameworkException.php on line 33.
 1 SYSTEMPATH/View/View.php(201): CodeIgniter\Exceptions\FrameworkException::forInvalidFile()
 2 SYSTEMPATH/Common.php(1142): CodeIgniter\View\View->render()
 3 APPPATH/Controllers/Pages.php(54): view()
 4 SYSTEMPATH/CodeIgniter.php(907): App\Controllers\Pages->view()
 5 SYSTEMPATH/CodeIgniter.php(457): CodeIgniter\CodeIgniter->runController()
 6 SYSTEMPATH/CodeIgniter.php(340): CodeIgniter\CodeIgniter->handleRequest()
 7 FCPATH/index.php(71): CodeIgniter\CodeIgniter->run()
CRITICAL - 2023-01-11 01:13:07 --> Invalid file: template/kinsmen-sky/themes.php
in SYSTEMPATH/Exceptions/FrameworkException.php on line 33.
 1 SYSTEMPATH/View/View.php(201): CodeIgniter\Exceptions\FrameworkException::forInvalidFile()
 2 SYSTEMPATH/Common.php(1142): CodeIgniter\View\View->render()
 3 APPPATH/Controllers/Pages.php(54): view()
 4 SYSTEMPATH/CodeIgniter.php(907): App\Controllers\Pages->view()
 5 SYSTEMPATH/CodeIgniter.php(457): CodeIgniter\CodeIgniter->runController()
 6 SYSTEMPATH/CodeIgniter.php(340): CodeIgniter\CodeIgniter->handleRequest()
 7 FCPATH/index.php(71): CodeIgniter\CodeIgniter->run()
CRITICAL - 2023-01-11 01:13:07 --> Invalid file: template/kinsmen-sky/themes.php
in SYSTEMPATH/Exceptions/FrameworkException.php on line 33.
 1 SYSTEMPATH/View/View.php(201): CodeIgniter\Exceptions\FrameworkException::forInvalidFile()
 2 SYSTEMPATH/Common.php(1142): CodeIgniter\View\View->render()
 3 APPPATH/Controllers/Pages.php(54): view()
 4 SYSTEMPATH/CodeIgniter.php(907): App\Controllers\Pages->view()
 5 SYSTEMPATH/CodeIgniter.php(457): CodeIgniter\CodeIgniter->runController()
 6 SYSTEMPATH/CodeIgniter.php(340): CodeIgniter\CodeIgniter->handleRequest()
 7 FCPATH/index.php(71): CodeIgniter\CodeIgniter->run()
CRITICAL - 2023-01-11 01:13:15 --> Invalid file: template/kinsmen-sky/themes.php
in SYSTEMPATH/Exceptions/FrameworkException.php on line 33.
 1 SYSTEMPATH/View/View.php(201): CodeIgniter\Exceptions\FrameworkException::forInvalidFile()
 2 SYSTEMPATH/Common.php(1142): CodeIgniter\View\View->render()
 3 APPPATH/Controllers/Pages.php(54): view()
 4 SYSTEMPATH/CodeIgniter.php(907): App\Controllers\Pages->view()
 5 SYSTEMPATH/CodeIgniter.php(457): CodeIgniter\CodeIgniter->runController()
 6 SYSTEMPATH/CodeIgniter.php(340): CodeIgniter\CodeIgniter->handleRequest()
 7 FCPATH/index.php(71): CodeIgniter\CodeIgniter->run()
CRITICAL - 2023-01-11 01:13:15 --> Invalid file: template/kinsmen-sky/themes.php
in SYSTEMPATH/Exceptions/FrameworkException.php on line 33.
 1 SYSTEMPATH/View/View.php(201): CodeIgniter\Exceptions\FrameworkException::forInvalidFile()
 2 SYSTEMPATH/Common.php(1142): CodeIgniter\View\View->render()
 3 APPPATH/Controllers/Pages.php(54): view()
 4 SYSTEMPATH/CodeIgniter.php(907): App\Controllers\Pages->view()
 5 SYSTEMPATH/CodeIgniter.php(457): CodeIgniter\CodeIgniter->runController()
 6 SYSTEMPATH/CodeIgniter.php(340): CodeIgniter\CodeIgniter->handleRequest()
 7 FCPATH/index.php(71): CodeIgniter\CodeIgniter->run()
CRITICAL - 2023-01-11 01:13:15 --> Invalid file: template/kinsmen-sky/themes.php
in SYSTEMPATH/Exceptions/FrameworkException.php on line 33.
 1 SYSTEMPATH/View/View.php(201): CodeIgniter\Exceptions\FrameworkException::forInvalidFile()
 2 SYSTEMPATH/Common.php(1142): CodeIgniter\View\View->render()
 3 APPPATH/Controllers/Pages.php(54): view()
 4 SYSTEMPATH/CodeIgniter.php(907): App\Controllers\Pages->view()
 5 SYSTEMPATH/CodeIgniter.php(457): CodeIgniter\CodeIgniter->runController()
 6 SYSTEMPATH/CodeIgniter.php(340): CodeIgniter\CodeIgniter->handleRequest()
 7 FCPATH/index.php(71): CodeIgniter\CodeIgniter->run()
CRITICAL - 2023-01-11 01:13:23 --> Invalid file: template/kinsmen-sky/themes.php
in SYSTEMPATH/Exceptions/FrameworkException.php on line 33.
 1 SYSTEMPATH/View/View.php(201): CodeIgniter\Exceptions\FrameworkException::forInvalidFile()
 2 SYSTEMPATH/Common.php(1142): CodeIgniter\View\View->render()
 3 APPPATH/Controllers/Pages.php(54): view()
 4 SYSTEMPATH/CodeIgniter.php(907): App\Controllers\Pages->view()
 5 SYSTEMPATH/CodeIgniter.php(457): CodeIgniter\CodeIgniter->runController()
 6 SYSTEMPATH/CodeIgniter.php(340): CodeIgniter\CodeIgniter->handleRequest()
 7 FCPATH/index.php(71): CodeIgniter\CodeIgniter->run()
CRITICAL - 2023-01-11 01:13:23 --> Invalid file: template/kinsmen-sky/themes.php
in SYSTEMPATH/Exceptions/FrameworkException.php on line 33.
 1 SYSTEMPATH/View/View.php(201): CodeIgniter\Exceptions\FrameworkException::forInvalidFile()
 2 SYSTEMPATH/Common.php(1142): CodeIgniter\View\View->render()
 3 APPPATH/Controllers/Pages.php(54): view()
 4 SYSTEMPATH/CodeIgniter.php(907): App\Controllers\Pages->view()
 5 SYSTEMPATH/CodeIgniter.php(457): CodeIgniter\CodeIgniter->runController()
 6 SYSTEMPATH/CodeIgniter.php(340): CodeIgniter\CodeIgniter->handleRequest()
 7 FCPATH/index.php(71): CodeIgniter\CodeIgniter->run()
CRITICAL - 2023-01-11 01:14:48 --> Invalid file: template/kinsmen-sky/themes.php
in SYSTEMPATH/Exceptions/FrameworkException.php on line 33.
 1 SYSTEMPATH/View/View.php(201): CodeIgniter\Exceptions\FrameworkException::forInvalidFile()
 2 SYSTEMPATH/Common.php(1142): CodeIgniter\View\View->render()
 3 APPPATH/Controllers/Pages.php(54): view()
 4 SYSTEMPATH/CodeIgniter.php(907): App\Controllers\Pages->view()
 5 SYSTEMPATH/CodeIgniter.php(457): CodeIgniter\CodeIgniter->runController()
 6 SYSTEMPATH/CodeIgniter.php(340): CodeIgniter\CodeIgniter->handleRequest()
 7 FCPATH/index.php(71): CodeIgniter\CodeIgniter->run()
CRITICAL - 2023-01-11 01:14:48 --> Invalid file: template/kinsmen-sky/themes.php
in SYSTEMPATH/Exceptions/FrameworkException.php on line 33.
 1 SYSTEMPATH/View/View.php(201): CodeIgniter\Exceptions\FrameworkException::forInvalidFile()
 2 SYSTEMPATH/Common.php(1142): CodeIgniter\View\View->render()
 3 APPPATH/Controllers/Pages.php(54): view()
 4 SYSTEMPATH/CodeIgniter.php(907): App\Controllers\Pages->view()
 5 SYSTEMPATH/CodeIgniter.php(457): CodeIgniter\CodeIgniter->runController()
 6 SYSTEMPATH/CodeIgniter.php(340): CodeIgniter\CodeIgniter->handleRequest()
 7 FCPATH/index.php(71): CodeIgniter\CodeIgniter->run()
CRITICAL - 2023-01-11 01:15:03 --> Invalid file: template/kinsmen-sky/themes.php
in SYSTEMPATH/Exceptions/FrameworkException.php on line 33.
 1 SYSTEMPATH/View/View.php(201): CodeIgniter\Exceptions\FrameworkException::forInvalidFile()
 2 SYSTEMPATH/Common.php(1142): CodeIgniter\View\View->render()
 3 APPPATH/Controllers/Pages.php(54): view()
 4 SYSTEMPATH/CodeIgniter.php(907): App\Controllers\Pages->view()
 5 SYSTEMPATH/CodeIgniter.php(457): CodeIgniter\CodeIgniter->runController()
 6 SYSTEMPATH/CodeIgniter.php(340): CodeIgniter\CodeIgniter->handleRequest()
 7 FCPATH/index.php(71): CodeIgniter\CodeIgniter->run()
CRITICAL - 2023-01-11 01:15:03 --> Invalid file: template/kinsmen-sky/themes.php
in SYSTEMPATH/Exceptions/FrameworkException.php on line 33.
 1 SYSTEMPATH/View/View.php(201): CodeIgniter\Exceptions\FrameworkException::forInvalidFile()
 2 SYSTEMPATH/Common.php(1142): CodeIgniter\View\View->render()
 3 APPPATH/Controllers/Pages.php(54): view()
 4 SYSTEMPATH/CodeIgniter.php(907): App\Controllers\Pages->view()
 5 SYSTEMPATH/CodeIgniter.php(457): CodeIgniter\CodeIgniter->runController()
 6 SYSTEMPATH/CodeIgniter.php(340): CodeIgniter\CodeIgniter->handleRequest()
 7 FCPATH/index.php(71): CodeIgniter\CodeIgniter->run()
CRITICAL - 2023-01-11 01:15:06 --> Invalid file: template/kinsmen-sky/themes.php
in SYSTEMPATH/Exceptions/FrameworkException.php on line 33.
 1 SYSTEMPATH/View/View.php(201): CodeIgniter\Exceptions\FrameworkException::forInvalidFile()
 2 SYSTEMPATH/Common.php(1142): CodeIgniter\View\View->render()
 3 APPPATH/Controllers/Pages.php(54): view()
 4 SYSTEMPATH/CodeIgniter.php(907): App\Controllers\Pages->view()
 5 SYSTEMPATH/CodeIgniter.php(457): CodeIgniter\CodeIgniter->runController()
 6 SYSTEMPATH/CodeIgniter.php(340): CodeIgniter\CodeIgniter->handleRequest()
 7 FCPATH/index.php(71): CodeIgniter\CodeIgniter->run()
CRITICAL - 2023-01-11 01:15:06 --> Invalid file: template/kinsmen-sky/themes.php
in SYSTEMPATH/Exceptions/FrameworkException.php on line 33.
 1 SYSTEMPATH/View/View.php(201): CodeIgniter\Exceptions\FrameworkException::forInvalidFile()
 2 SYSTEMPATH/Common.php(1142): CodeIgniter\View\View->render()
 3 APPPATH/Controllers/Pages.php(54): view()
 4 SYSTEMPATH/CodeIgniter.php(907): App\Controllers\Pages->view()
 5 SYSTEMPATH/CodeIgniter.php(457): CodeIgniter\CodeIgniter->runController()
 6 SYSTEMPATH/CodeIgniter.php(340): CodeIgniter\CodeIgniter->handleRequest()
 7 FCPATH/index.php(71): CodeIgniter\CodeIgniter->run()
CRITICAL - 2023-01-11 01:15:36 --> Invalid file: template/kinsmen-sky/themes.php
in SYSTEMPATH/Exceptions/FrameworkException.php on line 33.
 1 SYSTEMPATH/View/View.php(201): CodeIgniter\Exceptions\FrameworkException::forInvalidFile()
 2 SYSTEMPATH/Common.php(1142): CodeIgniter\View\View->render()
 3 APPPATH/Controllers/Pages.php(54): view()
 4 SYSTEMPATH/CodeIgniter.php(907): App\Controllers\Pages->view()
 5 SYSTEMPATH/CodeIgniter.php(457): CodeIgniter\CodeIgniter->runController()
 6 SYSTEMPATH/CodeIgniter.php(340): CodeIgniter\CodeIgniter->handleRequest()
 7 FCPATH/index.php(71): CodeIgniter\CodeIgniter->run()
CRITICAL - 2023-01-11 01:15:36 --> Invalid file: template/kinsmen-sky/themes.php
in SYSTEMPATH/Exceptions/FrameworkException.php on line 33.
 1 SYSTEMPATH/View/View.php(201): CodeIgniter\Exceptions\FrameworkException::forInvalidFile()
 2 SYSTEMPATH/Common.php(1142): CodeIgniter\View\View->render()
 3 APPPATH/Controllers/Pages.php(54): view()
 4 SYSTEMPATH/CodeIgniter.php(907): App\Controllers\Pages->view()
 5 SYSTEMPATH/CodeIgniter.php(457): CodeIgniter\CodeIgniter->runController()
 6 SYSTEMPATH/CodeIgniter.php(340): CodeIgniter\CodeIgniter->handleRequest()
 7 FCPATH/index.php(71): CodeIgniter\CodeIgniter->run()
CRITICAL - 2023-01-11 01:16:06 --> Invalid file: template/kinsmen-sky/themes.php
in SYSTEMPATH/Exceptions/FrameworkException.php on line 33.
 1 SYSTEMPATH/View/View.php(201): CodeIgniter\Exceptions\FrameworkException::forInvalidFile()
 2 SYSTEMPATH/Common.php(1142): CodeIgniter\View\View->render()
 3 APPPATH/Controllers/Pages.php(54): view()
 4 SYSTEMPATH/CodeIgniter.php(907): App\Controllers\Pages->view()
 5 SYSTEMPATH/CodeIgniter.php(457): CodeIgniter\CodeIgniter->runController()
 6 SYSTEMPATH/CodeIgniter.php(340): CodeIgniter\CodeIgniter->handleRequest()
 7 FCPATH/index.php(71): CodeIgniter\CodeIgniter->run()
CRITICAL - 2023-01-11 01:16:07 --> Invalid file: template/kinsmen-sky/themes.php
in SYSTEMPATH/Exceptions/FrameworkException.php on line 33.
 1 SYSTEMPATH/View/View.php(201): CodeIgniter\Exceptions\FrameworkException::forInvalidFile()
 2 SYSTEMPATH/Common.php(1142): CodeIgniter\View\View->render()
 3 APPPATH/Controllers/Pages.php(54): view()
 4 SYSTEMPATH/CodeIgniter.php(907): App\Controllers\Pages->view()
 5 SYSTEMPATH/CodeIgniter.php(457): CodeIgniter\CodeIgniter->runController()
 6 SYSTEMPATH/CodeIgniter.php(340): CodeIgniter\CodeIgniter->handleRequest()
 7 FCPATH/index.php(71): CodeIgniter\CodeIgniter->run()
CRITICAL - 2023-01-11 01:16:34 --> Invalid file: template/kinsmen-sky/themes.php
in SYSTEMPATH/Exceptions/FrameworkException.php on line 33.
 1 SYSTEMPATH/View/View.php(201): CodeIgniter\Exceptions\FrameworkException::forInvalidFile()
 2 SYSTEMPATH/Common.php(1142): CodeIgniter\View\View->render()
 3 APPPATH/Controllers/Pages.php(54): view()
 4 SYSTEMPATH/CodeIgniter.php(907): App\Controllers\Pages->view()
 5 SYSTEMPATH/CodeIgniter.php(457): CodeIgniter\CodeIgniter->runController()
 6 SYSTEMPATH/CodeIgniter.php(340): CodeIgniter\CodeIgniter->handleRequest()
 7 FCPATH/index.php(71): CodeIgniter\CodeIgniter->run()
CRITICAL - 2023-01-11 01:16:34 --> Invalid file: template/kinsmen-sky/themes.php
in SYSTEMPATH/Exceptions/FrameworkException.php on line 33.
 1 SYSTEMPATH/View/View.php(201): CodeIgniter\Exceptions\FrameworkException::forInvalidFile()
 2 SYSTEMPATH/Common.php(1142): CodeIgniter\View\View->render()
 3 APPPATH/Controllers/Pages.php(54): view()
 4 SYSTEMPATH/CodeIgniter.php(907): App\Controllers\Pages->view()
 5 SYSTEMPATH/CodeIgniter.php(457): CodeIgniter\CodeIgniter->runController()
 6 SYSTEMPATH/CodeIgniter.php(340): CodeIgniter\CodeIgniter->handleRequest()
 7 FCPATH/index.php(71): CodeIgniter\CodeIgniter->run()
CRITICAL - 2023-01-11 01:17:33 --> Invalid file: template/kinsmen-sky/themes.php
in SYSTEMPATH/Exceptions/FrameworkException.php on line 33.
 1 SYSTEMPATH/View/View.php(201): CodeIgniter\Exceptions\FrameworkException::forInvalidFile()
 2 SYSTEMPATH/Common.php(1142): CodeIgniter\View\View->render()
 3 APPPATH/Controllers/Pages.php(54): view()
 4 SYSTEMPATH/CodeIgniter.php(907): App\Controllers\Pages->view()
 5 SYSTEMPATH/CodeIgniter.php(457): CodeIgniter\CodeIgniter->runController()
 6 SYSTEMPATH/CodeIgniter.php(340): CodeIgniter\CodeIgniter->handleRequest()
 7 FCPATH/index.php(71): CodeIgniter\CodeIgniter->run()
CRITICAL - 2023-01-11 01:17:33 --> Invalid file: template/kinsmen-sky/themes.php
in SYSTEMPATH/Exceptions/FrameworkException.php on line 33.
 1 SYSTEMPATH/View/View.php(201): CodeIgniter\Exceptions\FrameworkException::forInvalidFile()
 2 SYSTEMPATH/Common.php(1142): CodeIgniter\View\View->render()
 3 APPPATH/Controllers/Pages.php(54): view()
 4 SYSTEMPATH/CodeIgniter.php(907): App\Controllers\Pages->view()
 5 SYSTEMPATH/CodeIgniter.php(457): CodeIgniter\CodeIgniter->runController()
 6 SYSTEMPATH/CodeIgniter.php(340): CodeIgniter\CodeIgniter->handleRequest()
 7 FCPATH/index.php(71): CodeIgniter\CodeIgniter->run()
CRITICAL - 2023-01-11 01:17:38 --> Invalid file: template/kinsmen-sky/themes.php
in SYSTEMPATH/Exceptions/FrameworkException.php on line 33.
 1 SYSTEMPATH/View/View.php(201): CodeIgniter\Exceptions\FrameworkException::forInvalidFile()
 2 SYSTEMPATH/Common.php(1142): CodeIgniter\View\View->render()
 3 APPPATH/Controllers/Pages.php(54): view()
 4 SYSTEMPATH/CodeIgniter.php(907): App\Controllers\Pages->view()
 5 SYSTEMPATH/CodeIgniter.php(457): CodeIgniter\CodeIgniter->runController()
 6 SYSTEMPATH/CodeIgniter.php(340): CodeIgniter\CodeIgniter->handleRequest()
 7 FCPATH/index.php(71): CodeIgniter\CodeIgniter->run()
CRITICAL - 2023-01-11 01:17:38 --> Invalid file: template/kinsmen-sky/themes.php
in SYSTEMPATH/Exceptions/FrameworkException.php on line 33.
 1 SYSTEMPATH/View/View.php(201): CodeIgniter\Exceptions\FrameworkException::forInvalidFile()
 2 SYSTEMPATH/Common.php(1142): CodeIgniter\View\View->render()
 3 APPPATH/Controllers/Pages.php(54): view()
 4 SYSTEMPATH/CodeIgniter.php(907): App\Controllers\Pages->view()
 5 SYSTEMPATH/CodeIgniter.php(457): CodeIgniter\CodeIgniter->runController()
 6 SYSTEMPATH/CodeIgniter.php(340): CodeIgniter\CodeIgniter->handleRequest()
 7 FCPATH/index.php(71): CodeIgniter\CodeIgniter->run()
CRITICAL - 2023-01-11 01:18:04 --> Invalid file: template/kinsmen-sky/themes.php
in SYSTEMPATH/Exceptions/FrameworkException.php on line 33.
 1 SYSTEMPATH/View/View.php(201): CodeIgniter\Exceptions\FrameworkException::forInvalidFile()
 2 SYSTEMPATH/Common.php(1142): CodeIgniter\View\View->render()
 3 APPPATH/Controllers/Pages.php(54): view()
 4 SYSTEMPATH/CodeIgniter.php(907): App\Controllers\Pages->view()
 5 SYSTEMPATH/CodeIgniter.php(457): CodeIgniter\CodeIgniter->runController()
 6 SYSTEMPATH/CodeIgniter.php(340): CodeIgniter\CodeIgniter->handleRequest()
 7 FCPATH/index.php(71): CodeIgniter\CodeIgniter->run()
CRITICAL - 2023-01-11 01:18:04 --> Invalid file: template/kinsmen-sky/themes.php
in SYSTEMPATH/Exceptions/FrameworkException.php on line 33.
 1 SYSTEMPATH/View/View.php(201): CodeIgniter\Exceptions\FrameworkException::forInvalidFile()
 2 SYSTEMPATH/Common.php(1142): CodeIgniter\View\View->render()
 3 APPPATH/Controllers/Pages.php(54): view()
 4 SYSTEMPATH/CodeIgniter.php(907): App\Controllers\Pages->view()
 5 SYSTEMPATH/CodeIgniter.php(457): CodeIgniter\CodeIgniter->runController()
 6 SYSTEMPATH/CodeIgniter.php(340): CodeIgniter\CodeIgniter->handleRequest()
 7 FCPATH/index.php(71): CodeIgniter\CodeIgniter->run()
CRITICAL - 2023-01-11 01:18:13 --> Invalid file: template/kinsmen-sky/themes.php
in SYSTEMPATH/Exceptions/FrameworkException.php on line 33.
 1 SYSTEMPATH/View/View.php(201): CodeIgniter\Exceptions\FrameworkException::forInvalidFile()
 2 SYSTEMPATH/Common.php(1142): CodeIgniter\View\View->render()
 3 APPPATH/Controllers/Pages.php(54): view()
 4 SYSTEMPATH/CodeIgniter.php(907): App\Controllers\Pages->view()
 5 SYSTEMPATH/CodeIgniter.php(457): CodeIgniter\CodeIgniter->runController()
 6 SYSTEMPATH/CodeIgniter.php(340): CodeIgniter\CodeIgniter->handleRequest()
 7 FCPATH/index.php(71): CodeIgniter\CodeIgniter->run()
CRITICAL - 2023-01-11 01:18:13 --> Invalid file: template/kinsmen-sky/themes.php
in SYSTEMPATH/Exceptions/FrameworkException.php on line 33.
 1 SYSTEMPATH/View/View.php(201): CodeIgniter\Exceptions\FrameworkException::forInvalidFile()
 2 SYSTEMPATH/Common.php(1142): CodeIgniter\View\View->render()
 3 APPPATH/Controllers/Pages.php(54): view()
 4 SYSTEMPATH/CodeIgniter.php(907): App\Controllers\Pages->view()
 5 SYSTEMPATH/CodeIgniter.php(457): CodeIgniter\CodeIgniter->runController()
 6 SYSTEMPATH/CodeIgniter.php(340): CodeIgniter\CodeIgniter->handleRequest()
 7 FCPATH/index.php(71): CodeIgniter\CodeIgniter->run()
CRITICAL - 2023-01-11 01:19:59 --> Invalid file: template/kinsmen-sky/themes.php
in SYSTEMPATH/Exceptions/FrameworkException.php on line 33.
 1 SYSTEMPATH/View/View.php(201): CodeIgniter\Exceptions\FrameworkException::forInvalidFile()
 2 SYSTEMPATH/Common.php(1142): CodeIgniter\View\View->render()
 3 APPPATH/Controllers/Pages.php(54): view()
 4 SYSTEMPATH/CodeIgniter.php(907): App\Controllers\Pages->view()
 5 SYSTEMPATH/CodeIgniter.php(457): CodeIgniter\CodeIgniter->runController()
 6 SYSTEMPATH/CodeIgniter.php(340): CodeIgniter\CodeIgniter->handleRequest()
 7 FCPATH/index.php(71): CodeIgniter\CodeIgniter->run()
CRITICAL - 2023-01-11 01:19:59 --> Invalid file: template/kinsmen-sky/themes.php
in SYSTEMPATH/Exceptions/FrameworkException.php on line 33.
 1 SYSTEMPATH/View/View.php(201): CodeIgniter\Exceptions\FrameworkException::forInvalidFile()
 2 SYSTEMPATH/Common.php(1142): CodeIgniter\View\View->render()
 3 APPPATH/Controllers/Pages.php(54): view()
 4 SYSTEMPATH/CodeIgniter.php(907): App\Controllers\Pages->view()
 5 SYSTEMPATH/CodeIgniter.php(457): CodeIgniter\CodeIgniter->runController()
 6 SYSTEMPATH/CodeIgniter.php(340): CodeIgniter\CodeIgniter->handleRequest()
 7 FCPATH/index.php(71): CodeIgniter\CodeIgniter->run()
CRITICAL - 2023-01-11 01:20:11 --> Invalid file: template/kinsmen-sky/themes.php
in SYSTEMPATH/Exceptions/FrameworkException.php on line 33.
 1 SYSTEMPATH/View/View.php(201): CodeIgniter\Exceptions\FrameworkException::forInvalidFile()
 2 SYSTEMPATH/Common.php(1142): CodeIgniter\View\View->render()
 3 APPPATH/Controllers/Pages.php(54): view()
 4 SYSTEMPATH/CodeIgniter.php(907): App\Controllers\Pages->view()
 5 SYSTEMPATH/CodeIgniter.php(457): CodeIgniter\CodeIgniter->runController()
 6 SYSTEMPATH/CodeIgniter.php(340): CodeIgniter\CodeIgniter->handleRequest()
 7 FCPATH/index.php(71): CodeIgniter\CodeIgniter->run()
CRITICAL - 2023-01-11 01:20:11 --> Invalid file: template/kinsmen-sky/themes.php
in SYSTEMPATH/Exceptions/FrameworkException.php on line 33.
 1 SYSTEMPATH/View/View.php(201): CodeIgniter\Exceptions\FrameworkException::forInvalidFile()
 2 SYSTEMPATH/Common.php(1142): CodeIgniter\View\View->render()
 3 APPPATH/Controllers/Pages.php(54): view()
 4 SYSTEMPATH/CodeIgniter.php(907): App\Controllers\Pages->view()
 5 SYSTEMPATH/CodeIgniter.php(457): CodeIgniter\CodeIgniter->runController()
 6 SYSTEMPATH/CodeIgniter.php(340): CodeIgniter\CodeIgniter->handleRequest()
 7 FCPATH/index.php(71): CodeIgniter\CodeIgniter->run()
CRITICAL - 2023-01-11 01:21:25 --> Invalid file: template/kinsmen-sky/cssf522.html
in SYSTEMPATH/Exceptions/FrameworkException.php on line 33.
 1 SYSTEMPATH/View/View.php(201): CodeIgniter\Exceptions\FrameworkException::forInvalidFile()
 2 SYSTEMPATH/Common.php(1142): CodeIgniter\View\View->render()
 3 APPPATH/Controllers/Pages.php(54): view()
 4 SYSTEMPATH/CodeIgniter.php(907): App\Controllers\Pages->view()
 5 SYSTEMPATH/CodeIgniter.php(457): CodeIgniter\CodeIgniter->runController()
 6 SYSTEMPATH/CodeIgniter.php(340): CodeIgniter\CodeIgniter->handleRequest()
 7 FCPATH/index.php(71): CodeIgniter\CodeIgniter->run()
CRITICAL - 2023-01-11 01:21:27 --> Invalid file: template/kinsmen-sky/templates.php
in SYSTEMPATH/Exceptions/FrameworkException.php on line 33.
 1 SYSTEMPATH/View/View.php(201): CodeIgniter\Exceptions\FrameworkException::forInvalidFile()
 2 SYSTEMPATH/Common.php(1142): CodeIgniter\View\View->render()
 3 APPPATH/Controllers/Pages.php(54): view()
 4 SYSTEMPATH/CodeIgniter.php(907): App\Controllers\Pages->view()
 5 SYSTEMPATH/CodeIgniter.php(457): CodeIgniter\CodeIgniter->runController()
 6 SYSTEMPATH/CodeIgniter.php(340): CodeIgniter\CodeIgniter->handleRequest()
 7 FCPATH/index.php(71): CodeIgniter\CodeIgniter->run()
CRITICAL - 2023-01-11 01:21:27 --> Invalid file: template/kinsmen-sky/templates.php
in SYSTEMPATH/Exceptions/FrameworkException.php on line 33.
 1 SYSTEMPATH/View/View.php(201): CodeIgniter\Exceptions\FrameworkException::forInvalidFile()
 2 SYSTEMPATH/Common.php(1142): CodeIgniter\View\View->render()
 3 APPPATH/Controllers/Pages.php(54): view()
 4 SYSTEMPATH/CodeIgniter.php(907): App\Controllers\Pages->view()
 5 SYSTEMPATH/CodeIgniter.php(457): CodeIgniter\CodeIgniter->runController()
 6 SYSTEMPATH/CodeIgniter.php(340): CodeIgniter\CodeIgniter->handleRequest()
 7 FCPATH/index.php(71): CodeIgniter\CodeIgniter->run()
CRITICAL - 2023-01-11 01:21:47 --> Invalid file: template/kinsmen-sky/themes.php
in SYSTEMPATH/Exceptions/FrameworkException.php on line 33.
 1 SYSTEMPATH/View/View.php(201): CodeIgniter\Exceptions\FrameworkException::forInvalidFile()
 2 SYSTEMPATH/Common.php(1142): CodeIgniter\View\View->render()
 3 APPPATH/Controllers/Pages.php(54): view()
 4 SYSTEMPATH/CodeIgniter.php(907): App\Controllers\Pages->view()
 5 SYSTEMPATH/CodeIgniter.php(457): CodeIgniter\CodeIgniter->runController()
 6 SYSTEMPATH/CodeIgniter.php(340): CodeIgniter\CodeIgniter->handleRequest()
 7 FCPATH/index.php(71): CodeIgniter\CodeIgniter->run()
CRITICAL - 2023-01-11 01:21:47 --> Invalid file: template/kinsmen-sky/themes.php
in SYSTEMPATH/Exceptions/FrameworkException.php on line 33.
 1 SYSTEMPATH/View/View.php(201): CodeIgniter\Exceptions\FrameworkException::forInvalidFile()
 2 SYSTEMPATH/Common.php(1142): CodeIgniter\View\View->render()
 3 APPPATH/Controllers/Pages.php(54): view()
 4 SYSTEMPATH/CodeIgniter.php(907): App\Controllers\Pages->view()
 5 SYSTEMPATH/CodeIgniter.php(457): CodeIgniter\CodeIgniter->runController()
 6 SYSTEMPATH/CodeIgniter.php(340): CodeIgniter\CodeIgniter->handleRequest()
 7 FCPATH/index.php(71): CodeIgniter\CodeIgniter->run()
CRITICAL - 2023-01-11 01:22:00 --> Invalid file: template/kinsmen-sky/templates.php
in SYSTEMPATH/Exceptions/FrameworkException.php on line 33.
 1 SYSTEMPATH/View/View.php(201): CodeIgniter\Exceptions\FrameworkException::forInvalidFile()
 2 SYSTEMPATH/Common.php(1142): CodeIgniter\View\View->render()
 3 APPPATH/Controllers/Pages.php(54): view()
 4 SYSTEMPATH/CodeIgniter.php(907): App\Controllers\Pages->view()
 5 SYSTEMPATH/CodeIgniter.php(457): CodeIgniter\CodeIgniter->runController()
 6 SYSTEMPATH/CodeIgniter.php(340): CodeIgniter\CodeIgniter->handleRequest()
 7 FCPATH/index.php(71): CodeIgniter\CodeIgniter->run()
CRITICAL - 2023-01-11 01:22:13 --> Invalid file: template/kinsmen-sky/cssf522.html
in SYSTEMPATH/Exceptions/FrameworkException.php on line 33.
 1 SYSTEMPATH/View/View.php(201): CodeIgniter\Exceptions\FrameworkException::forInvalidFile()
 2 SYSTEMPATH/Common.php(1142): CodeIgniter\View\View->render()
 3 APPPATH/Controllers/Pages.php(54): view()
 4 SYSTEMPATH/CodeIgniter.php(907): App\Controllers\Pages->view()
 5 SYSTEMPATH/CodeIgniter.php(457): CodeIgniter\CodeIgniter->runController()
 6 SYSTEMPATH/CodeIgniter.php(340): CodeIgniter\CodeIgniter->handleRequest()
 7 FCPATH/index.php(71): CodeIgniter\CodeIgniter->run()
CRITICAL - 2023-01-11 01:22:14 --> Invalid file: template/kinsmen-sky/templates.php
in SYSTEMPATH/Exceptions/FrameworkException.php on line 33.
 1 SYSTEMPATH/View/View.php(201): CodeIgniter\Exceptions\FrameworkException::forInvalidFile()
 2 SYSTEMPATH/Common.php(1142): CodeIgniter\View\View->render()
 3 APPPATH/Controllers/Pages.php(54): view()
 4 SYSTEMPATH/CodeIgniter.php(907): App\Controllers\Pages->view()
 5 SYSTEMPATH/CodeIgniter.php(457): CodeIgniter\CodeIgniter->runController()
 6 SYSTEMPATH/CodeIgniter.php(340): CodeIgniter\CodeIgniter->handleRequest()
 7 FCPATH/index.php(71): CodeIgniter\CodeIgniter->run()
CRITICAL - 2023-01-11 01:22:14 --> Invalid file: template/kinsmen-sky/templates.php
in SYSTEMPATH/Exceptions/FrameworkException.php on line 33.
 1 SYSTEMPATH/View/View.php(201): CodeIgniter\Exceptions\FrameworkException::forInvalidFile()
 2 SYSTEMPATH/Common.php(1142): CodeIgniter\View\View->render()
 3 APPPATH/Controllers/Pages.php(54): view()
 4 SYSTEMPATH/CodeIgniter.php(907): App\Controllers\Pages->view()
 5 SYSTEMPATH/CodeIgniter.php(457): CodeIgniter\CodeIgniter->runController()
 6 SYSTEMPATH/CodeIgniter.php(340): CodeIgniter\CodeIgniter->handleRequest()
 7 FCPATH/index.php(71): CodeIgniter\CodeIgniter->run()
CRITICAL - 2023-01-11 01:22:28 --> Invalid file: template/kinsmen-sky/cssf522.html
in SYSTEMPATH/Exceptions/FrameworkException.php on line 33.
 1 SYSTEMPATH/View/View.php(201): CodeIgniter\Exceptions\FrameworkException::forInvalidFile()
 2 SYSTEMPATH/Common.php(1142): CodeIgniter\View\View->render()
 3 APPPATH/Controllers/Pages.php(54): view()
 4 SYSTEMPATH/CodeIgniter.php(907): App\Controllers\Pages->view()
 5 SYSTEMPATH/CodeIgniter.php(457): CodeIgniter\CodeIgniter->runController()
 6 SYSTEMPATH/CodeIgniter.php(340): CodeIgniter\CodeIgniter->handleRequest()
 7 FCPATH/index.php(71): CodeIgniter\CodeIgniter->run()
CRITICAL - 2023-01-11 01:22:29 --> Invalid file: template/kinsmen-sky/templates.php
in SYSTEMPATH/Exceptions/FrameworkException.php on line 33.
 1 SYSTEMPATH/View/View.php(201): CodeIgniter\Exceptions\FrameworkException::forInvalidFile()
 2 SYSTEMPATH/Common.php(1142): CodeIgniter\View\View->render()
 3 APPPATH/Controllers/Pages.php(54): view()
 4 SYSTEMPATH/CodeIgniter.php(907): App\Controllers\Pages->view()
 5 SYSTEMPATH/CodeIgniter.php(457): CodeIgniter\CodeIgniter->runController()
 6 SYSTEMPATH/CodeIgniter.php(340): CodeIgniter\CodeIgniter->handleRequest()
 7 FCPATH/index.php(71): CodeIgniter\CodeIgniter->run()
CRITICAL - 2023-01-11 01:22:29 --> Invalid file: template/kinsmen-sky/templates.php
in SYSTEMPATH/Exceptions/FrameworkException.php on line 33.
 1 SYSTEMPATH/View/View.php(201): CodeIgniter\Exceptions\FrameworkException::forInvalidFile()
 2 SYSTEMPATH/Common.php(1142): CodeIgniter\View\View->render()
 3 APPPATH/Controllers/Pages.php(54): view()
 4 SYSTEMPATH/CodeIgniter.php(907): App\Controllers\Pages->view()
 5 SYSTEMPATH/CodeIgniter.php(457): CodeIgniter\CodeIgniter->runController()
 6 SYSTEMPATH/CodeIgniter.php(340): CodeIgniter\CodeIgniter->handleRequest()
 7 FCPATH/index.php(71): CodeIgniter\CodeIgniter->run()
CRITICAL - 2023-01-11 01:22:29 --> Invalid file: template/kinsmen-sky/templates.php
in SYSTEMPATH/Exceptions/FrameworkException.php on line 33.
 1 SYSTEMPATH/View/View.php(201): CodeIgniter\Exceptions\FrameworkException::forInvalidFile()
 2 SYSTEMPATH/Common.php(1142): CodeIgniter\View\View->render()
 3 APPPATH/Controllers/Pages.php(54): view()
 4 SYSTEMPATH/CodeIgniter.php(907): App\Controllers\Pages->view()
 5 SYSTEMPATH/CodeIgniter.php(457): CodeIgniter\CodeIgniter->runController()
 6 SYSTEMPATH/CodeIgniter.php(340): CodeIgniter\CodeIgniter->handleRequest()
 7 FCPATH/index.php(71): CodeIgniter\CodeIgniter->run()
CRITICAL - 2023-01-11 01:22:44 --> Invalid file: template/kinsmen-sky/cssf522.html
in SYSTEMPATH/Exceptions/FrameworkException.php on line 33.
 1 SYSTEMPATH/View/View.php(201): CodeIgniter\Exceptions\FrameworkException::forInvalidFile()
 2 SYSTEMPATH/Common.php(1142): CodeIgniter\View\View->render()
 3 APPPATH/Controllers/Pages.php(54): view()
 4 SYSTEMPATH/CodeIgniter.php(907): App\Controllers\Pages->view()
 5 SYSTEMPATH/CodeIgniter.php(457): CodeIgniter\CodeIgniter->runController()
 6 SYSTEMPATH/CodeIgniter.php(340): CodeIgniter\CodeIgniter->handleRequest()
 7 FCPATH/index.php(71): CodeIgniter\CodeIgniter->run()
CRITICAL - 2023-01-11 01:22:44 --> Invalid file: template/kinsmen-sky/templates.php
in SYSTEMPATH/Exceptions/FrameworkException.php on line 33.
 1 SYSTEMPATH/View/View.php(201): CodeIgniter\Exceptions\FrameworkException::forInvalidFile()
 2 SYSTEMPATH/Common.php(1142): CodeIgniter\View\View->render()
 3 APPPATH/Controllers/Pages.php(54): view()
 4 SYSTEMPATH/CodeIgniter.php(907): App\Controllers\Pages->view()
 5 SYSTEMPATH/CodeIgniter.php(457): CodeIgniter\CodeIgniter->runController()
 6 SYSTEMPATH/CodeIgniter.php(340): CodeIgniter\CodeIgniter->handleRequest()
 7 FCPATH/index.php(71): CodeIgniter\CodeIgniter->run()
CRITICAL - 2023-01-11 01:22:44 --> Invalid file: template/kinsmen-sky/templates.php
in SYSTEMPATH/Exceptions/FrameworkException.php on line 33.
 1 SYSTEMPATH/View/View.php(201): CodeIgniter\Exceptions\FrameworkException::forInvalidFile()
 2 SYSTEMPATH/Common.php(1142): CodeIgniter\View\View->render()
 3 APPPATH/Controllers/Pages.php(54): view()
 4 SYSTEMPATH/CodeIgniter.php(907): App\Controllers\Pages->view()
 5 SYSTEMPATH/CodeIgniter.php(457): CodeIgniter\CodeIgniter->runController()
 6 SYSTEMPATH/CodeIgniter.php(340): CodeIgniter\CodeIgniter->handleRequest()
 7 FCPATH/index.php(71): CodeIgniter\CodeIgniter->run()
CRITICAL - 2023-01-11 01:22:54 --> Invalid file: template/kinsmen-sky/cssf522.html
in SYSTEMPATH/Exceptions/FrameworkException.php on line 33.
 1 SYSTEMPATH/View/View.php(201): CodeIgniter\Exceptions\FrameworkException::forInvalidFile()
 2 SYSTEMPATH/Common.php(1142): CodeIgniter\View\View->render()
 3 APPPATH/Controllers/Pages.php(54): view()
 4 SYSTEMPATH/CodeIgniter.php(907): App\Controllers\Pages->view()
 5 SYSTEMPATH/CodeIgniter.php(457): CodeIgniter\CodeIgniter->runController()
 6 SYSTEMPATH/CodeIgniter.php(340): CodeIgniter\CodeIgniter->handleRequest()
 7 FCPATH/index.php(71): CodeIgniter\CodeIgniter->run()
CRITICAL - 2023-01-11 01:22:54 --> Invalid file: template/kinsmen-sky/templates.php
in SYSTEMPATH/Exceptions/FrameworkException.php on line 33.
 1 SYSTEMPATH/View/View.php(201): CodeIgniter\Exceptions\FrameworkException::forInvalidFile()
 2 SYSTEMPATH/Common.php(1142): CodeIgniter\View\View->render()
 3 APPPATH/Controllers/Pages.php(54): view()
 4 SYSTEMPATH/CodeIgniter.php(907): App\Controllers\Pages->view()
 5 SYSTEMPATH/CodeIgniter.php(457): CodeIgniter\CodeIgniter->runController()
 6 SYSTEMPATH/CodeIgniter.php(340): CodeIgniter\CodeIgniter->handleRequest()
 7 FCPATH/index.php(71): CodeIgniter\CodeIgniter->run()
CRITICAL - 2023-01-11 01:22:54 --> Invalid file: template/kinsmen-sky/templates.php
in SYSTEMPATH/Exceptions/FrameworkException.php on line 33.
 1 SYSTEMPATH/View/View.php(201): CodeIgniter\Exceptions\FrameworkException::forInvalidFile()
 2 SYSTEMPATH/Common.php(1142): CodeIgniter\View\View->render()
 3 APPPATH/Controllers/Pages.php(54): view()
 4 SYSTEMPATH/CodeIgniter.php(907): App\Controllers\Pages->view()
 5 SYSTEMPATH/CodeIgniter.php(457): CodeIgniter\CodeIgniter->runController()
 6 SYSTEMPATH/CodeIgniter.php(340): CodeIgniter\CodeIgniter->handleRequest()
 7 FCPATH/index.php(71): CodeIgniter\CodeIgniter->run()
CRITICAL - 2023-01-11 01:23:42 --> Invalid file: template/kinsmen-sky/themes.php
in SYSTEMPATH/Exceptions/FrameworkException.php on line 33.
 1 SYSTEMPATH/View/View.php(201): CodeIgniter\Exceptions\FrameworkException::forInvalidFile()
 2 SYSTEMPATH/Common.php(1142): CodeIgniter\View\View->render()
 3 APPPATH/Controllers/Pages.php(54): view()
 4 SYSTEMPATH/CodeIgniter.php(907): App\Controllers\Pages->view()
 5 SYSTEMPATH/CodeIgniter.php(457): CodeIgniter\CodeIgniter->runController()
 6 SYSTEMPATH/CodeIgniter.php(340): CodeIgniter\CodeIgniter->handleRequest()
 7 FCPATH/index.php(71): CodeIgniter\CodeIgniter->run()
CRITICAL - 2023-01-11 01:23:42 --> Invalid file: template/kinsmen-sky/themes.php
in SYSTEMPATH/Exceptions/FrameworkException.php on line 33.
 1 SYSTEMPATH/View/View.php(201): CodeIgniter\Exceptions\FrameworkException::forInvalidFile()
 2 SYSTEMPATH/Common.php(1142): CodeIgniter\View\View->render()
 3 APPPATH/Controllers/Pages.php(54): view()
 4 SYSTEMPATH/CodeIgniter.php(907): App\Controllers\Pages->view()
 5 SYSTEMPATH/CodeIgniter.php(457): CodeIgniter\CodeIgniter->runController()
 6 SYSTEMPATH/CodeIgniter.php(340): CodeIgniter\CodeIgniter->handleRequest()
 7 FCPATH/index.php(71): CodeIgniter\CodeIgniter->run()
CRITICAL - 2023-01-11 01:24:22 --> Invalid file: template/kinsmen-sky/themes.php
in SYSTEMPATH/Exceptions/FrameworkException.php on line 33.
 1 SYSTEMPATH/View/View.php(201): CodeIgniter\Exceptions\FrameworkException::forInvalidFile()
 2 SYSTEMPATH/Common.php(1142): CodeIgniter\View\View->render()
 3 APPPATH/Controllers/Pages.php(54): view()
 4 SYSTEMPATH/CodeIgniter.php(907): App\Controllers\Pages->view()
 5 SYSTEMPATH/CodeIgniter.php(457): CodeIgniter\CodeIgniter->runController()
 6 SYSTEMPATH/CodeIgniter.php(340): CodeIgniter\CodeIgniter->handleRequest()
 7 FCPATH/index.php(71): CodeIgniter\CodeIgniter->run()
CRITICAL - 2023-01-11 01:24:22 --> Invalid file: template/kinsmen-sky/themes.php
in SYSTEMPATH/Exceptions/FrameworkException.php on line 33.
 1 SYSTEMPATH/View/View.php(201): CodeIgniter\Exceptions\FrameworkException::forInvalidFile()
 2 SYSTEMPATH/Common.php(1142): CodeIgniter\View\View->render()
 3 APPPATH/Controllers/Pages.php(54): view()
 4 SYSTEMPATH/CodeIgniter.php(907): App\Controllers\Pages->view()
 5 SYSTEMPATH/CodeIgniter.php(457): CodeIgniter\CodeIgniter->runController()
 6 SYSTEMPATH/CodeIgniter.php(340): CodeIgniter\CodeIgniter->handleRequest()
 7 FCPATH/index.php(71): CodeIgniter\CodeIgniter->run()
CRITICAL - 2023-01-11 01:25:01 --> Invalid file: template/kinsmen-sky/themes.php
in SYSTEMPATH/Exceptions/FrameworkException.php on line 33.
 1 SYSTEMPATH/View/View.php(201): CodeIgniter\Exceptions\FrameworkException::forInvalidFile()
 2 SYSTEMPATH/Common.php(1142): CodeIgniter\View\View->render()
 3 APPPATH/Controllers/Pages.php(54): view()
 4 SYSTEMPATH/CodeIgniter.php(907): App\Controllers\Pages->view()
 5 SYSTEMPATH/CodeIgniter.php(457): CodeIgniter\CodeIgniter->runController()
 6 SYSTEMPATH/CodeIgniter.php(340): CodeIgniter\CodeIgniter->handleRequest()
 7 FCPATH/index.php(71): CodeIgniter\CodeIgniter->run()
CRITICAL - 2023-01-11 01:25:01 --> Invalid file: template/kinsmen-sky/themes.php
in SYSTEMPATH/Exceptions/FrameworkException.php on line 33.
 1 SYSTEMPATH/View/View.php(201): CodeIgniter\Exceptions\FrameworkException::forInvalidFile()
 2 SYSTEMPATH/Common.php(1142): CodeIgniter\View\View->render()
 3 APPPATH/Controllers/Pages.php(54): view()
 4 SYSTEMPATH/CodeIgniter.php(907): App\Controllers\Pages->view()
 5 SYSTEMPATH/CodeIgniter.php(457): CodeIgniter\CodeIgniter->runController()
 6 SYSTEMPATH/CodeIgniter.php(340): CodeIgniter\CodeIgniter->handleRequest()
 7 FCPATH/index.php(71): CodeIgniter\CodeIgniter->run()
CRITICAL - 2023-01-11 01:25:01 --> Invalid file: template/kinsmen-sky/themes.php
in SYSTEMPATH/Exceptions/FrameworkException.php on line 33.
 1 SYSTEMPATH/View/View.php(201): CodeIgniter\Exceptions\FrameworkException::forInvalidFile()
 2 SYSTEMPATH/Common.php(1142): CodeIgniter\View\View->render()
 3 APPPATH/Controllers/Pages.php(54): view()
 4 SYSTEMPATH/CodeIgniter.php(907): App\Controllers\Pages->view()
 5 SYSTEMPATH/CodeIgniter.php(457): CodeIgniter\CodeIgniter->runController()
 6 SYSTEMPATH/CodeIgniter.php(340): CodeIgniter\CodeIgniter->handleRequest()
 7 FCPATH/index.php(71): CodeIgniter\CodeIgniter->run()
CRITICAL - 2023-01-11 01:25:38 --> Invalid file: template/kinsmen-sky/themes.php
in SYSTEMPATH/Exceptions/FrameworkException.php on line 33.
 1 SYSTEMPATH/View/View.php(201): CodeIgniter\Exceptions\FrameworkException::forInvalidFile()
 2 SYSTEMPATH/Common.php(1142): CodeIgniter\View\View->render()
 3 APPPATH/Controllers/Pages.php(54): view()
 4 SYSTEMPATH/CodeIgniter.php(907): App\Controllers\Pages->view()
 5 SYSTEMPATH/CodeIgniter.php(457): CodeIgniter\CodeIgniter->runController()
 6 SYSTEMPATH/CodeIgniter.php(340): CodeIgniter\CodeIgniter->handleRequest()
 7 FCPATH/index.php(71): CodeIgniter\CodeIgniter->run()
CRITICAL - 2023-01-11 01:25:38 --> Invalid file: template/kinsmen-sky/themes.php
in SYSTEMPATH/Exceptions/FrameworkException.php on line 33.
 1 SYSTEMPATH/View/View.php(201): CodeIgniter\Exceptions\FrameworkException::forInvalidFile()
 2 SYSTEMPATH/Common.php(1142): CodeIgniter\View\View->render()
 3 APPPATH/Controllers/Pages.php(54): view()
 4 SYSTEMPATH/CodeIgniter.php(907): App\Controllers\Pages->view()
 5 SYSTEMPATH/CodeIgniter.php(457): CodeIgniter\CodeIgniter->runController()
 6 SYSTEMPATH/CodeIgniter.php(340): CodeIgniter\CodeIgniter->handleRequest()
 7 FCPATH/index.php(71): CodeIgniter\CodeIgniter->run()
CRITICAL - 2023-01-11 01:25:38 --> Invalid file: template/kinsmen-sky/themes.php
in SYSTEMPATH/Exceptions/FrameworkException.php on line 33.
 1 SYSTEMPATH/View/View.php(201): CodeIgniter\Exceptions\FrameworkException::forInvalidFile()
 2 SYSTEMPATH/Common.php(1142): CodeIgniter\View\View->render()
 3 APPPATH/Controllers/Pages.php(54): view()
 4 SYSTEMPATH/CodeIgniter.php(907): App\Controllers\Pages->view()
 5 SYSTEMPATH/CodeIgniter.php(457): CodeIgniter\CodeIgniter->runController()
 6 SYSTEMPATH/CodeIgniter.php(340): CodeIgniter\CodeIgniter->handleRequest()
 7 FCPATH/index.php(71): CodeIgniter\CodeIgniter->run()
CRITICAL - 2023-01-11 01:26:05 --> Invalid file: template/kinsmen-sky/themes.php
in SYSTEMPATH/Exceptions/FrameworkException.php on line 33.
 1 SYSTEMPATH/View/View.php(201): CodeIgniter\Exceptions\FrameworkException::forInvalidFile()
 2 SYSTEMPATH/Common.php(1142): CodeIgniter\View\View->render()
 3 APPPATH/Controllers/Pages.php(54): view()
 4 SYSTEMPATH/CodeIgniter.php(907): App\Controllers\Pages->view()
 5 SYSTEMPATH/CodeIgniter.php(457): CodeIgniter\CodeIgniter->runController()
 6 SYSTEMPATH/CodeIgniter.php(340): CodeIgniter\CodeIgniter->handleRequest()
 7 FCPATH/index.php(71): CodeIgniter\CodeIgniter->run()
CRITICAL - 2023-01-11 01:26:06 --> Invalid file: template/kinsmen-sky/themes.php
in SYSTEMPATH/Exceptions/FrameworkException.php on line 33.
 1 SYSTEMPATH/View/View.php(201): CodeIgniter\Exceptions\FrameworkException::forInvalidFile()
 2 SYSTEMPATH/Common.php(1142): CodeIgniter\View\View->render()
 3 APPPATH/Controllers/Pages.php(54): view()
 4 SYSTEMPATH/CodeIgniter.php(907): App\Controllers\Pages->view()
 5 SYSTEMPATH/CodeIgniter.php(457): CodeIgniter\CodeIgniter->runController()
 6 SYSTEMPATH/CodeIgniter.php(340): CodeIgniter\CodeIgniter->handleRequest()
 7 FCPATH/index.php(71): CodeIgniter\CodeIgniter->run()
CRITICAL - 2023-01-11 01:26:09 --> Invalid file: template/kinsmen-sky/cssf522.html
in SYSTEMPATH/Exceptions/FrameworkException.php on line 33.
 1 SYSTEMPATH/View/View.php(201): CodeIgniter\Exceptions\FrameworkException::forInvalidFile()
 2 SYSTEMPATH/Common.php(1142): CodeIgniter\View\View->render()
 3 APPPATH/Controllers/Pages.php(54): view()
 4 SYSTEMPATH/CodeIgniter.php(907): App\Controllers\Pages->view()
 5 SYSTEMPATH/CodeIgniter.php(457): CodeIgniter\CodeIgniter->runController()
 6 SYSTEMPATH/CodeIgniter.php(340): CodeIgniter\CodeIgniter->handleRequest()
 7 FCPATH/index.php(71): CodeIgniter\CodeIgniter->run()
CRITICAL - 2023-01-11 01:26:20 --> Invalid file: template/kinsmen-sky/templates.php
in SYSTEMPATH/Exceptions/FrameworkException.php on line 33.
 1 SYSTEMPATH/View/View.php(201): CodeIgniter\Exceptions\FrameworkException::forInvalidFile()
 2 SYSTEMPATH/Common.php(1142): CodeIgniter\View\View->render()
 3 APPPATH/Controllers/Pages.php(54): view()
 4 SYSTEMPATH/CodeIgniter.php(907): App\Controllers\Pages->view()
 5 SYSTEMPATH/CodeIgniter.php(457): CodeIgniter\CodeIgniter->runController()
 6 SYSTEMPATH/CodeIgniter.php(340): CodeIgniter\CodeIgniter->handleRequest()
 7 FCPATH/index.php(71): CodeIgniter\CodeIgniter->run()
CRITICAL - 2023-01-11 01:26:21 --> Invalid file: template/kinsmen-sky/templates.php
in SYSTEMPATH/Exceptions/FrameworkException.php on line 33.
 1 SYSTEMPATH/View/View.php(201): CodeIgniter\Exceptions\FrameworkException::forInvalidFile()
 2 SYSTEMPATH/Common.php(1142): CodeIgniter\View\View->render()
 3 APPPATH/Controllers/Pages.php(54): view()
 4 SYSTEMPATH/CodeIgniter.php(907): App\Controllers\Pages->view()
 5 SYSTEMPATH/CodeIgniter.php(457): CodeIgniter\CodeIgniter->runController()
 6 SYSTEMPATH/CodeIgniter.php(340): CodeIgniter\CodeIgniter->handleRequest()
 7 FCPATH/index.php(71): CodeIgniter\CodeIgniter->run()
CRITICAL - 2023-01-11 01:28:14 --> Invalid file: template/kinsmen-sky/themes.php
in SYSTEMPATH/Exceptions/FrameworkException.php on line 33.
 1 SYSTEMPATH/View/View.php(201): CodeIgniter\Exceptions\FrameworkException::forInvalidFile()
 2 SYSTEMPATH/Common.php(1142): CodeIgniter\View\View->render()
 3 APPPATH/Controllers/Pages.php(54): view()
 4 SYSTEMPATH/CodeIgniter.php(907): App\Controllers\Pages->view()
 5 SYSTEMPATH/CodeIgniter.php(457): CodeIgniter\CodeIgniter->runController()
 6 SYSTEMPATH/CodeIgniter.php(340): CodeIgniter\CodeIgniter->handleRequest()
 7 FCPATH/index.php(71): CodeIgniter\CodeIgniter->run()
CRITICAL - 2023-01-11 01:28:14 --> Invalid file: template/kinsmen-sky/themes.php
in SYSTEMPATH/Exceptions/FrameworkException.php on line 33.
 1 SYSTEMPATH/View/View.php(201): CodeIgniter\Exceptions\FrameworkException::forInvalidFile()
 2 SYSTEMPATH/Common.php(1142): CodeIgniter\View\View->render()
 3 APPPATH/Controllers/Pages.php(54): view()
 4 SYSTEMPATH/CodeIgniter.php(907): App\Controllers\Pages->view()
 5 SYSTEMPATH/CodeIgniter.php(457): CodeIgniter\CodeIgniter->runController()
 6 SYSTEMPATH/CodeIgniter.php(340): CodeIgniter\CodeIgniter->handleRequest()
 7 FCPATH/index.php(71): CodeIgniter\CodeIgniter->run()
CRITICAL - 2023-01-11 01:28:36 --> Invalid file: template/kinsmen-sky/themes.php
in SYSTEMPATH/Exceptions/FrameworkException.php on line 33.
 1 SYSTEMPATH/View/View.php(201): CodeIgniter\Exceptions\FrameworkException::forInvalidFile()
 2 SYSTEMPATH/Common.php(1142): CodeIgniter\View\View->render()
 3 APPPATH/Controllers/Pages.php(54): view()
 4 SYSTEMPATH/CodeIgniter.php(907): App\Controllers\Pages->view()
 5 SYSTEMPATH/CodeIgniter.php(457): CodeIgniter\CodeIgniter->runController()
 6 SYSTEMPATH/CodeIgniter.php(340): CodeIgniter\CodeIgniter->handleRequest()
 7 FCPATH/index.php(71): CodeIgniter\CodeIgniter->run()
CRITICAL - 2023-01-11 01:28:36 --> Invalid file: template/kinsmen-sky/themes.php
in SYSTEMPATH/Exceptions/FrameworkException.php on line 33.
 1 SYSTEMPATH/View/View.php(201): CodeIgniter\Exceptions\FrameworkException::forInvalidFile()
 2 SYSTEMPATH/Common.php(1142): CodeIgniter\View\View->render()
 3 APPPATH/Controllers/Pages.php(54): view()
 4 SYSTEMPATH/CodeIgniter.php(907): App\Controllers\Pages->view()
 5 SYSTEMPATH/CodeIgniter.php(457): CodeIgniter\CodeIgniter->runController()
 6 SYSTEMPATH/CodeIgniter.php(340): CodeIgniter\CodeIgniter->handleRequest()
 7 FCPATH/index.php(71): CodeIgniter\CodeIgniter->run()
CRITICAL - 2023-01-11 01:29:27 --> Invalid file: template/kinsmen-sky/themes.php
in SYSTEMPATH/Exceptions/FrameworkException.php on line 33.
 1 SYSTEMPATH/View/View.php(201): CodeIgniter\Exceptions\FrameworkException::forInvalidFile()
 2 SYSTEMPATH/Common.php(1142): CodeIgniter\View\View->render()
 3 APPPATH/Controllers/Pages.php(54): view()
 4 SYSTEMPATH/CodeIgniter.php(907): App\Controllers\Pages->view()
 5 SYSTEMPATH/CodeIgniter.php(457): CodeIgniter\CodeIgniter->runController()
 6 SYSTEMPATH/CodeIgniter.php(340): CodeIgniter\CodeIgniter->handleRequest()
 7 FCPATH/index.php(71): CodeIgniter\CodeIgniter->run()
CRITICAL - 2023-01-11 01:29:27 --> Invalid file: template/kinsmen-sky/themes.php
in SYSTEMPATH/Exceptions/FrameworkException.php on line 33.
 1 SYSTEMPATH/View/View.php(201): CodeIgniter\Exceptions\FrameworkException::forInvalidFile()
 2 SYSTEMPATH/Common.php(1142): CodeIgniter\View\View->render()
 3 APPPATH/Controllers/Pages.php(54): view()
 4 SYSTEMPATH/CodeIgniter.php(907): App\Controllers\Pages->view()
 5 SYSTEMPATH/CodeIgniter.php(457): CodeIgniter\CodeIgniter->runController()
 6 SYSTEMPATH/CodeIgniter.php(340): CodeIgniter\CodeIgniter->handleRequest()
 7 FCPATH/index.php(71): CodeIgniter\CodeIgniter->run()
CRITICAL - 2023-01-11 01:30:26 --> Invalid file: template/kinsmen-sky/themes.php
in SYSTEMPATH/Exceptions/FrameworkException.php on line 33.
 1 SYSTEMPATH/View/View.php(201): CodeIgniter\Exceptions\FrameworkException::forInvalidFile()
 2 SYSTEMPATH/Common.php(1142): CodeIgniter\View\View->render()
 3 APPPATH/Controllers/Pages.php(54): view()
 4 SYSTEMPATH/CodeIgniter.php(907): App\Controllers\Pages->view()
 5 SYSTEMPATH/CodeIgniter.php(457): CodeIgniter\CodeIgniter->runController()
 6 SYSTEMPATH/CodeIgniter.php(340): CodeIgniter\CodeIgniter->handleRequest()
 7 FCPATH/index.php(71): CodeIgniter\CodeIgniter->run()
CRITICAL - 2023-01-11 01:30:26 --> Invalid file: template/kinsmen-sky/themes.php
in SYSTEMPATH/Exceptions/FrameworkException.php on line 33.
 1 SYSTEMPATH/View/View.php(201): CodeIgniter\Exceptions\FrameworkException::forInvalidFile()
 2 SYSTEMPATH/Common.php(1142): CodeIgniter\View\View->render()
 3 APPPATH/Controllers/Pages.php(54): view()
 4 SYSTEMPATH/CodeIgniter.php(907): App\Controllers\Pages->view()
 5 SYSTEMPATH/CodeIgniter.php(457): CodeIgniter\CodeIgniter->runController()
 6 SYSTEMPATH/CodeIgniter.php(340): CodeIgniter\CodeIgniter->handleRequest()
 7 FCPATH/index.php(71): CodeIgniter\CodeIgniter->run()
CRITICAL - 2023-01-11 01:32:14 --> Invalid file: template/kinsmen-sky/themes.php
in SYSTEMPATH/Exceptions/FrameworkException.php on line 33.
 1 SYSTEMPATH/View/View.php(201): CodeIgniter\Exceptions\FrameworkException::forInvalidFile()
 2 SYSTEMPATH/Common.php(1142): CodeIgniter\View\View->render()
 3 APPPATH/Controllers/Pages.php(54): view()
 4 SYSTEMPATH/CodeIgniter.php(907): App\Controllers\Pages->view()
 5 SYSTEMPATH/CodeIgniter.php(457): CodeIgniter\CodeIgniter->runController()
 6 SYSTEMPATH/CodeIgniter.php(340): CodeIgniter\CodeIgniter->handleRequest()
 7 FCPATH/index.php(71): CodeIgniter\CodeIgniter->run()
CRITICAL - 2023-01-11 01:32:14 --> Invalid file: template/kinsmen-sky/themes.php
in SYSTEMPATH/Exceptions/FrameworkException.php on line 33.
 1 SYSTEMPATH/View/View.php(201): CodeIgniter\Exceptions\FrameworkException::forInvalidFile()
 2 SYSTEMPATH/Common.php(1142): CodeIgniter\View\View->render()
 3 APPPATH/Controllers/Pages.php(54): view()
 4 SYSTEMPATH/CodeIgniter.php(907): App\Controllers\Pages->view()
 5 SYSTEMPATH/CodeIgniter.php(457): CodeIgniter\CodeIgniter->runController()
 6 SYSTEMPATH/CodeIgniter.php(340): CodeIgniter\CodeIgniter->handleRequest()
 7 FCPATH/index.php(71): CodeIgniter\CodeIgniter->run()
CRITICAL - 2023-01-11 01:32:31 --> Invalid file: template/kinsmen-sky/themes.php
in SYSTEMPATH/Exceptions/FrameworkException.php on line 33.
 1 SYSTEMPATH/View/View.php(201): CodeIgniter\Exceptions\FrameworkException::forInvalidFile()
 2 SYSTEMPATH/Common.php(1142): CodeIgniter\View\View->render()
 3 APPPATH/Controllers/Pages.php(54): view()
 4 SYSTEMPATH/CodeIgniter.php(907): App\Controllers\Pages->view()
 5 SYSTEMPATH/CodeIgniter.php(457): CodeIgniter\CodeIgniter->runController()
 6 SYSTEMPATH/CodeIgniter.php(340): CodeIgniter\CodeIgniter->handleRequest()
 7 FCPATH/index.php(71): CodeIgniter\CodeIgniter->run()
CRITICAL - 2023-01-11 01:32:32 --> Invalid file: template/kinsmen-sky/themes.php
in SYSTEMPATH/Exceptions/FrameworkException.php on line 33.
 1 SYSTEMPATH/View/View.php(201): CodeIgniter\Exceptions\FrameworkException::forInvalidFile()
 2 SYSTEMPATH/Common.php(1142): CodeIgniter\View\View->render()
 3 APPPATH/Controllers/Pages.php(54): view()
 4 SYSTEMPATH/CodeIgniter.php(907): App\Controllers\Pages->view()
 5 SYSTEMPATH/CodeIgniter.php(457): CodeIgniter\CodeIgniter->runController()
 6 SYSTEMPATH/CodeIgniter.php(340): CodeIgniter\CodeIgniter->handleRequest()
 7 FCPATH/index.php(71): CodeIgniter\CodeIgniter->run()
CRITICAL - 2023-01-11 01:32:32 --> Invalid file: template/kinsmen-sky/themes.php
in SYSTEMPATH/Exceptions/FrameworkException.php on line 33.
 1 SYSTEMPATH/View/View.php(201): CodeIgniter\Exceptions\FrameworkException::forInvalidFile()
 2 SYSTEMPATH/Common.php(1142): CodeIgniter\View\View->render()
 3 APPPATH/Controllers/Pages.php(54): view()
 4 SYSTEMPATH/CodeIgniter.php(907): App\Controllers\Pages->view()
 5 SYSTEMPATH/CodeIgniter.php(457): CodeIgniter\CodeIgniter->runController()
 6 SYSTEMPATH/CodeIgniter.php(340): CodeIgniter\CodeIgniter->handleRequest()
 7 FCPATH/index.php(71): CodeIgniter\CodeIgniter->run()
CRITICAL - 2023-01-11 01:33:33 --> Invalid file: template/kinsmen-sky/themes.php
in SYSTEMPATH/Exceptions/FrameworkException.php on line 33.
 1 SYSTEMPATH/View/View.php(201): CodeIgniter\Exceptions\FrameworkException::forInvalidFile()
 2 SYSTEMPATH/Common.php(1142): CodeIgniter\View\View->render()
 3 APPPATH/Controllers/Pages.php(54): view()
 4 SYSTEMPATH/CodeIgniter.php(907): App\Controllers\Pages->view()
 5 SYSTEMPATH/CodeIgniter.php(457): CodeIgniter\CodeIgniter->runController()
 6 SYSTEMPATH/CodeIgniter.php(340): CodeIgniter\CodeIgniter->handleRequest()
 7 FCPATH/index.php(71): CodeIgniter\CodeIgniter->run()
CRITICAL - 2023-01-11 01:33:33 --> Invalid file: template/kinsmen-sky/themes.php
in SYSTEMPATH/Exceptions/FrameworkException.php on line 33.
 1 SYSTEMPATH/View/View.php(201): CodeIgniter\Exceptions\FrameworkException::forInvalidFile()
 2 SYSTEMPATH/Common.php(1142): CodeIgniter\View\View->render()
 3 APPPATH/Controllers/Pages.php(54): view()
 4 SYSTEMPATH/CodeIgniter.php(907): App\Controllers\Pages->view()
 5 SYSTEMPATH/CodeIgniter.php(457): CodeIgniter\CodeIgniter->runController()
 6 SYSTEMPATH/CodeIgniter.php(340): CodeIgniter\CodeIgniter->handleRequest()
 7 FCPATH/index.php(71): CodeIgniter\CodeIgniter->run()
CRITICAL - 2023-01-11 01:35:26 --> Invalid file: template/kinsmen-sky/themes.php
in SYSTEMPATH/Exceptions/FrameworkException.php on line 33.
 1 SYSTEMPATH/View/View.php(201): CodeIgniter\Exceptions\FrameworkException::forInvalidFile()
 2 SYSTEMPATH/Common.php(1142): CodeIgniter\View\View->render()
 3 APPPATH/Controllers/Pages.php(54): view()
 4 SYSTEMPATH/CodeIgniter.php(907): App\Controllers\Pages->view()
 5 SYSTEMPATH/CodeIgniter.php(457): CodeIgniter\CodeIgniter->runController()
 6 SYSTEMPATH/CodeIgniter.php(340): CodeIgniter\CodeIgniter->handleRequest()
 7 FCPATH/index.php(71): CodeIgniter\CodeIgniter->run()
CRITICAL - 2023-01-11 01:35:26 --> Invalid file: template/kinsmen-sky/themes.php
in SYSTEMPATH/Exceptions/FrameworkException.php on line 33.
 1 SYSTEMPATH/View/View.php(201): CodeIgniter\Exceptions\FrameworkException::forInvalidFile()
 2 SYSTEMPATH/Common.php(1142): CodeIgniter\View\View->render()
 3 APPPATH/Controllers/Pages.php(54): view()
 4 SYSTEMPATH/CodeIgniter.php(907): App\Controllers\Pages->view()
 5 SYSTEMPATH/CodeIgniter.php(457): CodeIgniter\CodeIgniter->runController()
 6 SYSTEMPATH/CodeIgniter.php(340): CodeIgniter\CodeIgniter->handleRequest()
 7 FCPATH/index.php(71): CodeIgniter\CodeIgniter->run()
CRITICAL - 2023-01-11 01:35:56 --> Invalid file: template/kinsmen-sky/themes.php
in SYSTEMPATH/Exceptions/FrameworkException.php on line 33.
 1 SYSTEMPATH/View/View.php(201): CodeIgniter\Exceptions\FrameworkException::forInvalidFile()
 2 SYSTEMPATH/Common.php(1142): CodeIgniter\View\View->render()
 3 APPPATH/Controllers/Pages.php(54): view()
 4 SYSTEMPATH/CodeIgniter.php(907): App\Controllers\Pages->view()
 5 SYSTEMPATH/CodeIgniter.php(457): CodeIgniter\CodeIgniter->runController()
 6 SYSTEMPATH/CodeIgniter.php(340): CodeIgniter\CodeIgniter->handleRequest()
 7 FCPATH/index.php(71): CodeIgniter\CodeIgniter->run()
CRITICAL - 2023-01-11 01:35:56 --> Invalid file: template/kinsmen-sky/themes.php
in SYSTEMPATH/Exceptions/FrameworkException.php on line 33.
 1 SYSTEMPATH/View/View.php(201): CodeIgniter\Exceptions\FrameworkException::forInvalidFile()
 2 SYSTEMPATH/Common.php(1142): CodeIgniter\View\View->render()
 3 APPPATH/Controllers/Pages.php(54): view()
 4 SYSTEMPATH/CodeIgniter.php(907): App\Controllers\Pages->view()
 5 SYSTEMPATH/CodeIgniter.php(457): CodeIgniter\CodeIgniter->runController()
 6 SYSTEMPATH/CodeIgniter.php(340): CodeIgniter\CodeIgniter->handleRequest()
 7 FCPATH/index.php(71): CodeIgniter\CodeIgniter->run()
CRITICAL - 2023-01-11 01:38:21 --> Invalid file: template/kinsmen-sky/themes.php
in SYSTEMPATH/Exceptions/FrameworkException.php on line 33.
 1 SYSTEMPATH/View/View.php(201): CodeIgniter\Exceptions\FrameworkException::forInvalidFile()
 2 SYSTEMPATH/Common.php(1142): CodeIgniter\View\View->render()
 3 APPPATH/Controllers/Pages.php(54): view()
 4 SYSTEMPATH/CodeIgniter.php(907): App\Controllers\Pages->view()
 5 SYSTEMPATH/CodeIgniter.php(457): CodeIgniter\CodeIgniter->runController()
 6 SYSTEMPATH/CodeIgniter.php(340): CodeIgniter\CodeIgniter->handleRequest()
 7 FCPATH/index.php(71): CodeIgniter\CodeIgniter->run()
CRITICAL - 2023-01-11 01:38:21 --> Invalid file: template/kinsmen-sky/themes.php
in SYSTEMPATH/Exceptions/FrameworkException.php on line 33.
 1 SYSTEMPATH/View/View.php(201): CodeIgniter\Exceptions\FrameworkException::forInvalidFile()
 2 SYSTEMPATH/Common.php(1142): CodeIgniter\View\View->render()
 3 APPPATH/Controllers/Pages.php(54): view()
 4 SYSTEMPATH/CodeIgniter.php(907): App\Controllers\Pages->view()
 5 SYSTEMPATH/CodeIgniter.php(457): CodeIgniter\CodeIgniter->runController()
 6 SYSTEMPATH/CodeIgniter.php(340): CodeIgniter\CodeIgniter->handleRequest()
 7 FCPATH/index.php(71): CodeIgniter\CodeIgniter->run()
CRITICAL - 2023-01-11 01:39:01 --> Invalid file: template/kinsmen-sky/themes.php
in SYSTEMPATH/Exceptions/FrameworkException.php on line 33.
 1 SYSTEMPATH/View/View.php(201): CodeIgniter\Exceptions\FrameworkException::forInvalidFile()
 2 SYSTEMPATH/Common.php(1142): CodeIgniter\View\View->render()
 3 APPPATH/Controllers/Pages.php(54): view()
 4 SYSTEMPATH/CodeIgniter.php(907): App\Controllers\Pages->view()
 5 SYSTEMPATH/CodeIgniter.php(457): CodeIgniter\CodeIgniter->runController()
 6 SYSTEMPATH/CodeIgniter.php(340): CodeIgniter\CodeIgniter->handleRequest()
 7 FCPATH/index.php(71): CodeIgniter\CodeIgniter->run()
CRITICAL - 2023-01-11 01:39:01 --> Invalid file: template/kinsmen-sky/themes.php
in SYSTEMPATH/Exceptions/FrameworkException.php on line 33.
 1 SYSTEMPATH/View/View.php(201): CodeIgniter\Exceptions\FrameworkException::forInvalidFile()
 2 SYSTEMPATH/Common.php(1142): CodeIgniter\View\View->render()
 3 APPPATH/Controllers/Pages.php(54): view()
 4 SYSTEMPATH/CodeIgniter.php(907): App\Controllers\Pages->view()
 5 SYSTEMPATH/CodeIgniter.php(457): CodeIgniter\CodeIgniter->runController()
 6 SYSTEMPATH/CodeIgniter.php(340): CodeIgniter\CodeIgniter->handleRequest()
 7 FCPATH/index.php(71): CodeIgniter\CodeIgniter->run()
CRITICAL - 2023-01-11 01:39:57 --> Invalid file: template/kinsmen-sky/themes.php
in SYSTEMPATH/Exceptions/FrameworkException.php on line 33.
 1 SYSTEMPATH/View/View.php(201): CodeIgniter\Exceptions\FrameworkException::forInvalidFile()
 2 SYSTEMPATH/Common.php(1142): CodeIgniter\View\View->render()
 3 APPPATH/Controllers/Pages.php(54): view()
 4 SYSTEMPATH/CodeIgniter.php(907): App\Controllers\Pages->view()
 5 SYSTEMPATH/CodeIgniter.php(457): CodeIgniter\CodeIgniter->runController()
 6 SYSTEMPATH/CodeIgniter.php(340): CodeIgniter\CodeIgniter->handleRequest()
 7 FCPATH/index.php(71): CodeIgniter\CodeIgniter->run()
CRITICAL - 2023-01-11 01:39:57 --> Invalid file: template/kinsmen-sky/themes.php
in SYSTEMPATH/Exceptions/FrameworkException.php on line 33.
 1 SYSTEMPATH/View/View.php(201): CodeIgniter\Exceptions\FrameworkException::forInvalidFile()
 2 SYSTEMPATH/Common.php(1142): CodeIgniter\View\View->render()
 3 APPPATH/Controllers/Pages.php(54): view()
 4 SYSTEMPATH/CodeIgniter.php(907): App\Controllers\Pages->view()
 5 SYSTEMPATH/CodeIgniter.php(457): CodeIgniter\CodeIgniter->runController()
 6 SYSTEMPATH/CodeIgniter.php(340): CodeIgniter\CodeIgniter->handleRequest()
 7 FCPATH/index.php(71): CodeIgniter\CodeIgniter->run()
CRITICAL - 2023-01-11 01:40:10 --> Invalid file: template/kinsmen-sky/themes.php
in SYSTEMPATH/Exceptions/FrameworkException.php on line 33.
 1 SYSTEMPATH/View/View.php(201): CodeIgniter\Exceptions\FrameworkException::forInvalidFile()
 2 SYSTEMPATH/Common.php(1142): CodeIgniter\View\View->render()
 3 APPPATH/Controllers/Pages.php(54): view()
 4 SYSTEMPATH/CodeIgniter.php(907): App\Controllers\Pages->view()
 5 SYSTEMPATH/CodeIgniter.php(457): CodeIgniter\CodeIgniter->runController()
 6 SYSTEMPATH/CodeIgniter.php(340): CodeIgniter\CodeIgniter->handleRequest()
 7 FCPATH/index.php(71): CodeIgniter\CodeIgniter->run()
CRITICAL - 2023-01-11 01:40:10 --> Invalid file: template/kinsmen-sky/themes.php
in SYSTEMPATH/Exceptions/FrameworkException.php on line 33.
 1 SYSTEMPATH/View/View.php(201): CodeIgniter\Exceptions\FrameworkException::forInvalidFile()
 2 SYSTEMPATH/Common.php(1142): CodeIgniter\View\View->render()
 3 APPPATH/Controllers/Pages.php(54): view()
 4 SYSTEMPATH/CodeIgniter.php(907): App\Controllers\Pages->view()
 5 SYSTEMPATH/CodeIgniter.php(457): CodeIgniter\CodeIgniter->runController()
 6 SYSTEMPATH/CodeIgniter.php(340): CodeIgniter\CodeIgniter->handleRequest()
 7 FCPATH/index.php(71): CodeIgniter\CodeIgniter->run()
CRITICAL - 2023-01-11 01:40:34 --> Invalid file: template/kinsmen-sky/themes.php
in SYSTEMPATH/Exceptions/FrameworkException.php on line 33.
 1 SYSTEMPATH/View/View.php(201): CodeIgniter\Exceptions\FrameworkException::forInvalidFile()
 2 SYSTEMPATH/Common.php(1142): CodeIgniter\View\View->render()
 3 APPPATH/Controllers/Pages.php(54): view()
 4 SYSTEMPATH/CodeIgniter.php(907): App\Controllers\Pages->view()
 5 SYSTEMPATH/CodeIgniter.php(457): CodeIgniter\CodeIgniter->runController()
 6 SYSTEMPATH/CodeIgniter.php(340): CodeIgniter\CodeIgniter->handleRequest()
 7 FCPATH/index.php(71): CodeIgniter\CodeIgniter->run()
CRITICAL - 2023-01-11 01:40:34 --> Invalid file: template/kinsmen-sky/themes.php
in SYSTEMPATH/Exceptions/FrameworkException.php on line 33.
 1 SYSTEMPATH/View/View.php(201): CodeIgniter\Exceptions\FrameworkException::forInvalidFile()
 2 SYSTEMPATH/Common.php(1142): CodeIgniter\View\View->render()
 3 APPPATH/Controllers/Pages.php(54): view()
 4 SYSTEMPATH/CodeIgniter.php(907): App\Controllers\Pages->view()
 5 SYSTEMPATH/CodeIgniter.php(457): CodeIgniter\CodeIgniter->runController()
 6 SYSTEMPATH/CodeIgniter.php(340): CodeIgniter\CodeIgniter->handleRequest()
 7 FCPATH/index.php(71): CodeIgniter\CodeIgniter->run()
CRITICAL - 2023-01-11 01:41:36 --> Invalid file: template/kinsmen-sky/themes.php
in SYSTEMPATH/Exceptions/FrameworkException.php on line 33.
 1 SYSTEMPATH/View/View.php(201): CodeIgniter\Exceptions\FrameworkException::forInvalidFile()
 2 SYSTEMPATH/Common.php(1142): CodeIgniter\View\View->render()
 3 APPPATH/Controllers/Pages.php(54): view()
 4 SYSTEMPATH/CodeIgniter.php(907): App\Controllers\Pages->view()
 5 SYSTEMPATH/CodeIgniter.php(457): CodeIgniter\CodeIgniter->runController()
 6 SYSTEMPATH/CodeIgniter.php(340): CodeIgniter\CodeIgniter->handleRequest()
 7 FCPATH/index.php(71): CodeIgniter\CodeIgniter->run()
CRITICAL - 2023-01-11 01:41:36 --> Invalid file: template/kinsmen-sky/themes.php
in SYSTEMPATH/Exceptions/FrameworkException.php on line 33.
 1 SYSTEMPATH/View/View.php(201): CodeIgniter\Exceptions\FrameworkException::forInvalidFile()
 2 SYSTEMPATH/Common.php(1142): CodeIgniter\View\View->render()
 3 APPPATH/Controllers/Pages.php(54): view()
 4 SYSTEMPATH/CodeIgniter.php(907): App\Controllers\Pages->view()
 5 SYSTEMPATH/CodeIgniter.php(457): CodeIgniter\CodeIgniter->runController()
 6 SYSTEMPATH/CodeIgniter.php(340): CodeIgniter\CodeIgniter->handleRequest()
 7 FCPATH/index.php(71): CodeIgniter\CodeIgniter->run()
CRITICAL - 2023-01-11 01:41:36 --> Invalid file: template/kinsmen-sky/themes.php
in SYSTEMPATH/Exceptions/FrameworkException.php on line 33.
 1 SYSTEMPATH/View/View.php(201): CodeIgniter\Exceptions\FrameworkException::forInvalidFile()
 2 SYSTEMPATH/Common.php(1142): CodeIgniter\View\View->render()
 3 APPPATH/Controllers/Pages.php(54): view()
 4 SYSTEMPATH/CodeIgniter.php(907): App\Controllers\Pages->view()
 5 SYSTEMPATH/CodeIgniter.php(457): CodeIgniter\CodeIgniter->runController()
 6 SYSTEMPATH/CodeIgniter.php(340): CodeIgniter\CodeIgniter->handleRequest()
 7 FCPATH/index.php(71): CodeIgniter\CodeIgniter->run()
CRITICAL - 2023-01-11 01:41:45 --> Invalid file: template/kinsmen-sky/themes.php
in SYSTEMPATH/Exceptions/FrameworkException.php on line 33.
 1 SYSTEMPATH/View/View.php(201): CodeIgniter\Exceptions\FrameworkException::forInvalidFile()
 2 SYSTEMPATH/Common.php(1142): CodeIgniter\View\View->render()
 3 APPPATH/Controllers/Pages.php(54): view()
 4 SYSTEMPATH/CodeIgniter.php(907): App\Controllers\Pages->view()
 5 SYSTEMPATH/CodeIgniter.php(457): CodeIgniter\CodeIgniter->runController()
 6 SYSTEMPATH/CodeIgniter.php(340): CodeIgniter\CodeIgniter->handleRequest()
 7 FCPATH/index.php(71): CodeIgniter\CodeIgniter->run()
CRITICAL - 2023-01-11 01:41:45 --> Invalid file: template/kinsmen-sky/themes.php
in SYSTEMPATH/Exceptions/FrameworkException.php on line 33.
 1 SYSTEMPATH/View/View.php(201): CodeIgniter\Exceptions\FrameworkException::forInvalidFile()
 2 SYSTEMPATH/Common.php(1142): CodeIgniter\View\View->render()
 3 APPPATH/Controllers/Pages.php(54): view()
 4 SYSTEMPATH/CodeIgniter.php(907): App\Controllers\Pages->view()
 5 SYSTEMPATH/CodeIgniter.php(457): CodeIgniter\CodeIgniter->runController()
 6 SYSTEMPATH/CodeIgniter.php(340): CodeIgniter\CodeIgniter->handleRequest()
 7 FCPATH/index.php(71): CodeIgniter\CodeIgniter->run()
CRITICAL - 2023-01-11 01:41:45 --> Invalid file: template/kinsmen-sky/themes.php
in SYSTEMPATH/Exceptions/FrameworkException.php on line 33.
 1 SYSTEMPATH/View/View.php(201): CodeIgniter\Exceptions\FrameworkException::forInvalidFile()
 2 SYSTEMPATH/Common.php(1142): CodeIgniter\View\View->render()
 3 APPPATH/Controllers/Pages.php(54): view()
 4 SYSTEMPATH/CodeIgniter.php(907): App\Controllers\Pages->view()
 5 SYSTEMPATH/CodeIgniter.php(457): CodeIgniter\CodeIgniter->runController()
 6 SYSTEMPATH/CodeIgniter.php(340): CodeIgniter\CodeIgniter->handleRequest()
 7 FCPATH/index.php(71): CodeIgniter\CodeIgniter->run()
CRITICAL - 2023-01-11 01:43:19 --> Invalid file: template/kinsmen-sky/themes.php
in SYSTEMPATH/Exceptions/FrameworkException.php on line 33.
 1 SYSTEMPATH/View/View.php(201): CodeIgniter\Exceptions\FrameworkException::forInvalidFile()
 2 SYSTEMPATH/Common.php(1142): CodeIgniter\View\View->render()
 3 APPPATH/Controllers/Pages.php(54): view()
 4 SYSTEMPATH/CodeIgniter.php(907): App\Controllers\Pages->view()
 5 SYSTEMPATH/CodeIgniter.php(457): CodeIgniter\CodeIgniter->runController()
 6 SYSTEMPATH/CodeIgniter.php(340): CodeIgniter\CodeIgniter->handleRequest()
 7 FCPATH/index.php(71): CodeIgniter\CodeIgniter->run()
CRITICAL - 2023-01-11 01:43:19 --> Invalid file: template/kinsmen-sky/themes.php
in SYSTEMPATH/Exceptions/FrameworkException.php on line 33.
 1 SYSTEMPATH/View/View.php(201): CodeIgniter\Exceptions\FrameworkException::forInvalidFile()
 2 SYSTEMPATH/Common.php(1142): CodeIgniter\View\View->render()
 3 APPPATH/Controllers/Pages.php(54): view()
 4 SYSTEMPATH/CodeIgniter.php(907): App\Controllers\Pages->view()
 5 SYSTEMPATH/CodeIgniter.php(457): CodeIgniter\CodeIgniter->runController()
 6 SYSTEMPATH/CodeIgniter.php(340): CodeIgniter\CodeIgniter->handleRequest()
 7 FCPATH/index.php(71): CodeIgniter\CodeIgniter->run()
CRITICAL - 2023-01-11 01:43:31 --> Invalid file: template/kinsmen-sky/themes.php
in SYSTEMPATH/Exceptions/FrameworkException.php on line 33.
 1 SYSTEMPATH/View/View.php(201): CodeIgniter\Exceptions\FrameworkException::forInvalidFile()
 2 SYSTEMPATH/Common.php(1142): CodeIgniter\View\View->render()
 3 APPPATH/Controllers/Pages.php(54): view()
 4 SYSTEMPATH/CodeIgniter.php(907): App\Controllers\Pages->view()
 5 SYSTEMPATH/CodeIgniter.php(457): CodeIgniter\CodeIgniter->runController()
 6 SYSTEMPATH/CodeIgniter.php(340): CodeIgniter\CodeIgniter->handleRequest()
 7 FCPATH/index.php(71): CodeIgniter\CodeIgniter->run()
CRITICAL - 2023-01-11 01:43:31 --> Invalid file: template/kinsmen-sky/themes.php
in SYSTEMPATH/Exceptions/FrameworkException.php on line 33.
 1 SYSTEMPATH/View/View.php(201): CodeIgniter\Exceptions\FrameworkException::forInvalidFile()
 2 SYSTEMPATH/Common.php(1142): CodeIgniter\View\View->render()
 3 APPPATH/Controllers/Pages.php(54): view()
 4 SYSTEMPATH/CodeIgniter.php(907): App\Controllers\Pages->view()
 5 SYSTEMPATH/CodeIgniter.php(457): CodeIgniter\CodeIgniter->runController()
 6 SYSTEMPATH/CodeIgniter.php(340): CodeIgniter\CodeIgniter->handleRequest()
 7 FCPATH/index.php(71): CodeIgniter\CodeIgniter->run()
CRITICAL - 2023-01-11 01:43:31 --> Invalid file: template/kinsmen-sky/themes.php
in SYSTEMPATH/Exceptions/FrameworkException.php on line 33.
 1 SYSTEMPATH/View/View.php(201): CodeIgniter\Exceptions\FrameworkException::forInvalidFile()
 2 SYSTEMPATH/Common.php(1142): CodeIgniter\View\View->render()
 3 APPPATH/Controllers/Pages.php(54): view()
 4 SYSTEMPATH/CodeIgniter.php(907): App\Controllers\Pages->view()
 5 SYSTEMPATH/CodeIgniter.php(457): CodeIgniter\CodeIgniter->runController()
 6 SYSTEMPATH/CodeIgniter.php(340): CodeIgniter\CodeIgniter->handleRequest()
 7 FCPATH/index.php(71): CodeIgniter\CodeIgniter->run()
CRITICAL - 2023-01-11 01:45:01 --> Invalid file: template/kinsmen-sky/themes.php
in SYSTEMPATH/Exceptions/FrameworkException.php on line 33.
 1 SYSTEMPATH/View/View.php(201): CodeIgniter\Exceptions\FrameworkException::forInvalidFile()
 2 SYSTEMPATH/Common.php(1142): CodeIgniter\View\View->render()
 3 APPPATH/Controllers/Pages.php(54): view()
 4 SYSTEMPATH/CodeIgniter.php(907): App\Controllers\Pages->view()
 5 SYSTEMPATH/CodeIgniter.php(457): CodeIgniter\CodeIgniter->runController()
 6 SYSTEMPATH/CodeIgniter.php(340): CodeIgniter\CodeIgniter->handleRequest()
 7 FCPATH/index.php(71): CodeIgniter\CodeIgniter->run()
CRITICAL - 2023-01-11 01:45:01 --> Invalid file: template/kinsmen-sky/themes.php
in SYSTEMPATH/Exceptions/FrameworkException.php on line 33.
 1 SYSTEMPATH/View/View.php(201): CodeIgniter\Exceptions\FrameworkException::forInvalidFile()
 2 SYSTEMPATH/Common.php(1142): CodeIgniter\View\View->render()
 3 APPPATH/Controllers/Pages.php(54): view()
 4 SYSTEMPATH/CodeIgniter.php(907): App\Controllers\Pages->view()
 5 SYSTEMPATH/CodeIgniter.php(457): CodeIgniter\CodeIgniter->runController()
 6 SYSTEMPATH/CodeIgniter.php(340): CodeIgniter\CodeIgniter->handleRequest()
 7 FCPATH/index.php(71): CodeIgniter\CodeIgniter->run()
CRITICAL - 2023-01-11 01:45:10 --> Invalid file: template/kinsmen-sky/themes.php
in SYSTEMPATH/Exceptions/FrameworkException.php on line 33.
 1 SYSTEMPATH/View/View.php(201): CodeIgniter\Exceptions\FrameworkException::forInvalidFile()
 2 SYSTEMPATH/Common.php(1142): CodeIgniter\View\View->render()
 3 APPPATH/Controllers/Pages.php(54): view()
 4 SYSTEMPATH/CodeIgniter.php(907): App\Controllers\Pages->view()
 5 SYSTEMPATH/CodeIgniter.php(457): CodeIgniter\CodeIgniter->runController()
 6 SYSTEMPATH/CodeIgniter.php(340): CodeIgniter\CodeIgniter->handleRequest()
 7 FCPATH/index.php(71): CodeIgniter\CodeIgniter->run()
CRITICAL - 2023-01-11 01:45:10 --> Invalid file: template/kinsmen-sky/themes.php
in SYSTEMPATH/Exceptions/FrameworkException.php on line 33.
 1 SYSTEMPATH/View/View.php(201): CodeIgniter\Exceptions\FrameworkException::forInvalidFile()
 2 SYSTEMPATH/Common.php(1142): CodeIgniter\View\View->render()
 3 APPPATH/Controllers/Pages.php(54): view()
 4 SYSTEMPATH/CodeIgniter.php(907): App\Controllers\Pages->view()
 5 SYSTEMPATH/CodeIgniter.php(457): CodeIgniter\CodeIgniter->runController()
 6 SYSTEMPATH/CodeIgniter.php(340): CodeIgniter\CodeIgniter->handleRequest()
 7 FCPATH/index.php(71): CodeIgniter\CodeIgniter->run()
CRITICAL - 2023-01-11 01:45:11 --> Invalid file: template/kinsmen-sky/themes.php
in SYSTEMPATH/Exceptions/FrameworkException.php on line 33.
 1 SYSTEMPATH/View/View.php(201): CodeIgniter\Exceptions\FrameworkException::forInvalidFile()
 2 SYSTEMPATH/Common.php(1142): CodeIgniter\View\View->render()
 3 APPPATH/Controllers/Pages.php(54): view()
 4 SYSTEMPATH/CodeIgniter.php(907): App\Controllers\Pages->view()
 5 SYSTEMPATH/CodeIgniter.php(457): CodeIgniter\CodeIgniter->runController()
 6 SYSTEMPATH/CodeIgniter.php(340): CodeIgniter\CodeIgniter->handleRequest()
 7 FCPATH/index.php(71): CodeIgniter\CodeIgniter->run()
CRITICAL - 2023-01-11 01:46:33 --> Invalid file: template/kinsmen-sky/themes.php
in SYSTEMPATH/Exceptions/FrameworkException.php on line 33.
 1 SYSTEMPATH/View/View.php(201): CodeIgniter\Exceptions\FrameworkException::forInvalidFile()
 2 SYSTEMPATH/Common.php(1142): CodeIgniter\View\View->render()
 3 APPPATH/Controllers/Pages.php(54): view()
 4 SYSTEMPATH/CodeIgniter.php(907): App\Controllers\Pages->view()
 5 SYSTEMPATH/CodeIgniter.php(457): CodeIgniter\CodeIgniter->runController()
 6 SYSTEMPATH/CodeIgniter.php(340): CodeIgniter\CodeIgniter->handleRequest()
 7 FCPATH/index.php(71): CodeIgniter\CodeIgniter->run()
CRITICAL - 2023-01-11 01:46:33 --> Invalid file: template/kinsmen-sky/themes.php
in SYSTEMPATH/Exceptions/FrameworkException.php on line 33.
 1 SYSTEMPATH/View/View.php(201): CodeIgniter\Exceptions\FrameworkException::forInvalidFile()
 2 SYSTEMPATH/Common.php(1142): CodeIgniter\View\View->render()
 3 APPPATH/Controllers/Pages.php(54): view()
 4 SYSTEMPATH/CodeIgniter.php(907): App\Controllers\Pages->view()
 5 SYSTEMPATH/CodeIgniter.php(457): CodeIgniter\CodeIgniter->runController()
 6 SYSTEMPATH/CodeIgniter.php(340): CodeIgniter\CodeIgniter->handleRequest()
 7 FCPATH/index.php(71): CodeIgniter\CodeIgniter->run()
CRITICAL - 2023-01-11 01:49:38 --> Invalid file: template/kinsmen-sky/themes.php
in SYSTEMPATH/Exceptions/FrameworkException.php on line 33.
 1 SYSTEMPATH/View/View.php(201): CodeIgniter\Exceptions\FrameworkException::forInvalidFile()
 2 SYSTEMPATH/Common.php(1142): CodeIgniter\View\View->render()
 3 APPPATH/Controllers/Pages.php(54): view()
 4 SYSTEMPATH/CodeIgniter.php(907): App\Controllers\Pages->view()
 5 SYSTEMPATH/CodeIgniter.php(457): CodeIgniter\CodeIgniter->runController()
 6 SYSTEMPATH/CodeIgniter.php(340): CodeIgniter\CodeIgniter->handleRequest()
 7 FCPATH/index.php(71): CodeIgniter\CodeIgniter->run()
CRITICAL - 2023-01-11 01:49:38 --> Invalid file: template/kinsmen-sky/themes.php
in SYSTEMPATH/Exceptions/FrameworkException.php on line 33.
 1 SYSTEMPATH/View/View.php(201): CodeIgniter\Exceptions\FrameworkException::forInvalidFile()
 2 SYSTEMPATH/Common.php(1142): CodeIgniter\View\View->render()
 3 APPPATH/Controllers/Pages.php(54): view()
 4 SYSTEMPATH/CodeIgniter.php(907): App\Controllers\Pages->view()
 5 SYSTEMPATH/CodeIgniter.php(457): CodeIgniter\CodeIgniter->runController()
 6 SYSTEMPATH/CodeIgniter.php(340): CodeIgniter\CodeIgniter->handleRequest()
 7 FCPATH/index.php(71): CodeIgniter\CodeIgniter->run()
CRITICAL - 2023-01-11 02:03:17 --> Invalid file: template/kinsmen-sky/themes.php
in SYSTEMPATH/Exceptions/FrameworkException.php on line 33.
 1 SYSTEMPATH/View/View.php(201): CodeIgniter\Exceptions\FrameworkException::forInvalidFile()
 2 SYSTEMPATH/Common.php(1142): CodeIgniter\View\View->render()
 3 APPPATH/Controllers/Pages.php(54): view()
 4 SYSTEMPATH/CodeIgniter.php(907): App\Controllers\Pages->view()
 5 SYSTEMPATH/CodeIgniter.php(457): CodeIgniter\CodeIgniter->runController()
 6 SYSTEMPATH/CodeIgniter.php(340): CodeIgniter\CodeIgniter->handleRequest()
 7 FCPATH/index.php(71): CodeIgniter\CodeIgniter->run()
CRITICAL - 2023-01-11 02:03:17 --> Invalid file: template/kinsmen-sky/themes.php
in SYSTEMPATH/Exceptions/FrameworkException.php on line 33.
 1 SYSTEMPATH/View/View.php(201): CodeIgniter\Exceptions\FrameworkException::forInvalidFile()
 2 SYSTEMPATH/Common.php(1142): CodeIgniter\View\View->render()
 3 APPPATH/Controllers/Pages.php(54): view()
 4 SYSTEMPATH/CodeIgniter.php(907): App\Controllers\Pages->view()
 5 SYSTEMPATH/CodeIgniter.php(457): CodeIgniter\CodeIgniter->runController()
 6 SYSTEMPATH/CodeIgniter.php(340): CodeIgniter\CodeIgniter->handleRequest()
 7 FCPATH/index.php(71): CodeIgniter\CodeIgniter->run()
CRITICAL - 2023-01-11 02:03:35 --> Invalid file: template/kinsmen-sky/themes.php
in SYSTEMPATH/Exceptions/FrameworkException.php on line 33.
 1 SYSTEMPATH/View/View.php(201): CodeIgniter\Exceptions\FrameworkException::forInvalidFile()
 2 SYSTEMPATH/Common.php(1142): CodeIgniter\View\View->render()
 3 APPPATH/Controllers/Pages.php(54): view()
 4 SYSTEMPATH/CodeIgniter.php(907): App\Controllers\Pages->view()
 5 SYSTEMPATH/CodeIgniter.php(457): CodeIgniter\CodeIgniter->runController()
 6 SYSTEMPATH/CodeIgniter.php(340): CodeIgniter\CodeIgniter->handleRequest()
 7 FCPATH/index.php(71): CodeIgniter\CodeIgniter->run()
CRITICAL - 2023-01-11 02:03:35 --> Invalid file: template/kinsmen-sky/themes.php
in SYSTEMPATH/Exceptions/FrameworkException.php on line 33.
 1 SYSTEMPATH/View/View.php(201): CodeIgniter\Exceptions\FrameworkException::forInvalidFile()
 2 SYSTEMPATH/Common.php(1142): CodeIgniter\View\View->render()
 3 APPPATH/Controllers/Pages.php(54): view()
 4 SYSTEMPATH/CodeIgniter.php(907): App\Controllers\Pages->view()
 5 SYSTEMPATH/CodeIgniter.php(457): CodeIgniter\CodeIgniter->runController()
 6 SYSTEMPATH/CodeIgniter.php(340): CodeIgniter\CodeIgniter->handleRequest()
 7 FCPATH/index.php(71): CodeIgniter\CodeIgniter->run()
CRITICAL - 2023-01-11 02:06:49 --> Invalid file: template/kinsmen-sky/themes.php
in SYSTEMPATH/Exceptions/FrameworkException.php on line 33.
 1 SYSTEMPATH/View/View.php(201): CodeIgniter\Exceptions\FrameworkException::forInvalidFile()
 2 SYSTEMPATH/Common.php(1142): CodeIgniter\View\View->render()
 3 APPPATH/Controllers/Pages.php(54): view()
 4 SYSTEMPATH/CodeIgniter.php(907): App\Controllers\Pages->view()
 5 SYSTEMPATH/CodeIgniter.php(457): CodeIgniter\CodeIgniter->runController()
 6 SYSTEMPATH/CodeIgniter.php(340): CodeIgniter\CodeIgniter->handleRequest()
 7 FCPATH/index.php(71): CodeIgniter\CodeIgniter->run()
CRITICAL - 2023-01-11 02:06:49 --> Invalid file: template/kinsmen-sky/themes.php
in SYSTEMPATH/Exceptions/FrameworkException.php on line 33.
 1 SYSTEMPATH/View/View.php(201): CodeIgniter\Exceptions\FrameworkException::forInvalidFile()
 2 SYSTEMPATH/Common.php(1142): CodeIgniter\View\View->render()
 3 APPPATH/Controllers/Pages.php(54): view()
 4 SYSTEMPATH/CodeIgniter.php(907): App\Controllers\Pages->view()
 5 SYSTEMPATH/CodeIgniter.php(457): CodeIgniter\CodeIgniter->runController()
 6 SYSTEMPATH/CodeIgniter.php(340): CodeIgniter\CodeIgniter->handleRequest()
 7 FCPATH/index.php(71): CodeIgniter\CodeIgniter->run()
CRITICAL - 2023-01-11 02:07:19 --> Invalid file: template/kinsmen-sky/themes.php
in SYSTEMPATH/Exceptions/FrameworkException.php on line 33.
 1 SYSTEMPATH/View/View.php(201): CodeIgniter\Exceptions\FrameworkException::forInvalidFile()
 2 SYSTEMPATH/Common.php(1142): CodeIgniter\View\View->render()
 3 APPPATH/Controllers/Pages.php(54): view()
 4 SYSTEMPATH/CodeIgniter.php(907): App\Controllers\Pages->view()
 5 SYSTEMPATH/CodeIgniter.php(457): CodeIgniter\CodeIgniter->runController()
 6 SYSTEMPATH/CodeIgniter.php(340): CodeIgniter\CodeIgniter->handleRequest()
 7 FCPATH/index.php(71): CodeIgniter\CodeIgniter->run()
CRITICAL - 2023-01-11 02:07:19 --> Invalid file: template/kinsmen-sky/themes.php
in SYSTEMPATH/Exceptions/FrameworkException.php on line 33.
 1 SYSTEMPATH/View/View.php(201): CodeIgniter\Exceptions\FrameworkException::forInvalidFile()
 2 SYSTEMPATH/Common.php(1142): CodeIgniter\View\View->render()
 3 APPPATH/Controllers/Pages.php(54): view()
 4 SYSTEMPATH/CodeIgniter.php(907): App\Controllers\Pages->view()
 5 SYSTEMPATH/CodeIgniter.php(457): CodeIgniter\CodeIgniter->runController()
 6 SYSTEMPATH/CodeIgniter.php(340): CodeIgniter\CodeIgniter->handleRequest()
 7 FCPATH/index.php(71): CodeIgniter\CodeIgniter->run()
CRITICAL - 2023-01-11 02:07:44 --> Invalid file: template/kinsmen-sky/themes.php
in SYSTEMPATH/Exceptions/FrameworkException.php on line 33.
 1 SYSTEMPATH/View/View.php(201): CodeIgniter\Exceptions\FrameworkException::forInvalidFile()
 2 SYSTEMPATH/Common.php(1142): CodeIgniter\View\View->render()
 3 APPPATH/Controllers/Pages.php(54): view()
 4 SYSTEMPATH/CodeIgniter.php(907): App\Controllers\Pages->view()
 5 SYSTEMPATH/CodeIgniter.php(457): CodeIgniter\CodeIgniter->runController()
 6 SYSTEMPATH/CodeIgniter.php(340): CodeIgniter\CodeIgniter->handleRequest()
 7 FCPATH/index.php(71): CodeIgniter\CodeIgniter->run()
CRITICAL - 2023-01-11 02:07:44 --> Invalid file: template/kinsmen-sky/themes.php
in SYSTEMPATH/Exceptions/FrameworkException.php on line 33.
 1 SYSTEMPATH/View/View.php(201): CodeIgniter\Exceptions\FrameworkException::forInvalidFile()
 2 SYSTEMPATH/Common.php(1142): CodeIgniter\View\View->render()
 3 APPPATH/Controllers/Pages.php(54): view()
 4 SYSTEMPATH/CodeIgniter.php(907): App\Controllers\Pages->view()
 5 SYSTEMPATH/CodeIgniter.php(457): CodeIgniter\CodeIgniter->runController()
 6 SYSTEMPATH/CodeIgniter.php(340): CodeIgniter\CodeIgniter->handleRequest()
 7 FCPATH/index.php(71): CodeIgniter\CodeIgniter->run()
CRITICAL - 2023-01-11 02:08:33 --> Invalid file: template/kinsmen-sky/themes.php
in SYSTEMPATH/Exceptions/FrameworkException.php on line 33.
 1 SYSTEMPATH/View/View.php(201): CodeIgniter\Exceptions\FrameworkException::forInvalidFile()
 2 SYSTEMPATH/Common.php(1142): CodeIgniter\View\View->render()
 3 APPPATH/Controllers/Pages.php(54): view()
 4 SYSTEMPATH/CodeIgniter.php(907): App\Controllers\Pages->view()
 5 SYSTEMPATH/CodeIgniter.php(457): CodeIgniter\CodeIgniter->runController()
 6 SYSTEMPATH/CodeIgniter.php(340): CodeIgniter\CodeIgniter->handleRequest()
 7 FCPATH/index.php(71): CodeIgniter\CodeIgniter->run()
CRITICAL - 2023-01-11 02:08:33 --> Invalid file: template/kinsmen-sky/themes.php
in SYSTEMPATH/Exceptions/FrameworkException.php on line 33.
 1 SYSTEMPATH/View/View.php(201): CodeIgniter\Exceptions\FrameworkException::forInvalidFile()
 2 SYSTEMPATH/Common.php(1142): CodeIgniter\View\View->render()
 3 APPPATH/Controllers/Pages.php(54): view()
 4 SYSTEMPATH/CodeIgniter.php(907): App\Controllers\Pages->view()
 5 SYSTEMPATH/CodeIgniter.php(457): CodeIgniter\CodeIgniter->runController()
 6 SYSTEMPATH/CodeIgniter.php(340): CodeIgniter\CodeIgniter->handleRequest()
 7 FCPATH/index.php(71): CodeIgniter\CodeIgniter->run()
CRITICAL - 2023-01-11 02:08:48 --> Invalid file: template/kinsmen-sky/themes.php
in SYSTEMPATH/Exceptions/FrameworkException.php on line 33.
 1 SYSTEMPATH/View/View.php(201): CodeIgniter\Exceptions\FrameworkException::forInvalidFile()
 2 SYSTEMPATH/Common.php(1142): CodeIgniter\View\View->render()
 3 APPPATH/Controllers/Pages.php(54): view()
 4 SYSTEMPATH/CodeIgniter.php(907): App\Controllers\Pages->view()
 5 SYSTEMPATH/CodeIgniter.php(457): CodeIgniter\CodeIgniter->runController()
 6 SYSTEMPATH/CodeIgniter.php(340): CodeIgniter\CodeIgniter->handleRequest()
 7 FCPATH/index.php(71): CodeIgniter\CodeIgniter->run()
CRITICAL - 2023-01-11 02:08:48 --> Invalid file: template/kinsmen-sky/themes.php
in SYSTEMPATH/Exceptions/FrameworkException.php on line 33.
 1 SYSTEMPATH/View/View.php(201): CodeIgniter\Exceptions\FrameworkException::forInvalidFile()
 2 SYSTEMPATH/Common.php(1142): CodeIgniter\View\View->render()
 3 APPPATH/Controllers/Pages.php(54): view()
 4 SYSTEMPATH/CodeIgniter.php(907): App\Controllers\Pages->view()
 5 SYSTEMPATH/CodeIgniter.php(457): CodeIgniter\CodeIgniter->runController()
 6 SYSTEMPATH/CodeIgniter.php(340): CodeIgniter\CodeIgniter->handleRequest()
 7 FCPATH/index.php(71): CodeIgniter\CodeIgniter->run()
CRITICAL - 2023-01-11 02:08:48 --> Invalid file: template/kinsmen-sky/themes.php
in SYSTEMPATH/Exceptions/FrameworkException.php on line 33.
 1 SYSTEMPATH/View/View.php(201): CodeIgniter\Exceptions\FrameworkException::forInvalidFile()
 2 SYSTEMPATH/Common.php(1142): CodeIgniter\View\View->render()
 3 APPPATH/Controllers/Pages.php(54): view()
 4 SYSTEMPATH/CodeIgniter.php(907): App\Controllers\Pages->view()
 5 SYSTEMPATH/CodeIgniter.php(457): CodeIgniter\CodeIgniter->runController()
 6 SYSTEMPATH/CodeIgniter.php(340): CodeIgniter\CodeIgniter->handleRequest()
 7 FCPATH/index.php(71): CodeIgniter\CodeIgniter->run()
CRITICAL - 2023-01-11 02:08:55 --> Invalid file: template/kinsmen-sky/themes.php
in SYSTEMPATH/Exceptions/FrameworkException.php on line 33.
 1 SYSTEMPATH/View/View.php(201): CodeIgniter\Exceptions\FrameworkException::forInvalidFile()
 2 SYSTEMPATH/Common.php(1142): CodeIgniter\View\View->render()
 3 APPPATH/Controllers/Pages.php(54): view()
 4 SYSTEMPATH/CodeIgniter.php(907): App\Controllers\Pages->view()
 5 SYSTEMPATH/CodeIgniter.php(457): CodeIgniter\CodeIgniter->runController()
 6 SYSTEMPATH/CodeIgniter.php(340): CodeIgniter\CodeIgniter->handleRequest()
 7 FCPATH/index.php(71): CodeIgniter\CodeIgniter->run()
CRITICAL - 2023-01-11 02:08:55 --> Invalid file: template/kinsmen-sky/themes.php
in SYSTEMPATH/Exceptions/FrameworkException.php on line 33.
 1 SYSTEMPATH/View/View.php(201): CodeIgniter\Exceptions\FrameworkException::forInvalidFile()
 2 SYSTEMPATH/Common.php(1142): CodeIgniter\View\View->render()
 3 APPPATH/Controllers/Pages.php(54): view()
 4 SYSTEMPATH/CodeIgniter.php(907): App\Controllers\Pages->view()
 5 SYSTEMPATH/CodeIgniter.php(457): CodeIgniter\CodeIgniter->runController()
 6 SYSTEMPATH/CodeIgniter.php(340): CodeIgniter\CodeIgniter->handleRequest()
 7 FCPATH/index.php(71): CodeIgniter\CodeIgniter->run()
CRITICAL - 2023-01-11 02:08:55 --> Invalid file: template/kinsmen-sky/themes.php
in SYSTEMPATH/Exceptions/FrameworkException.php on line 33.
 1 SYSTEMPATH/View/View.php(201): CodeIgniter\Exceptions\FrameworkException::forInvalidFile()
 2 SYSTEMPATH/Common.php(1142): CodeIgniter\View\View->render()
 3 APPPATH/Controllers/Pages.php(54): view()
 4 SYSTEMPATH/CodeIgniter.php(907): App\Controllers\Pages->view()
 5 SYSTEMPATH/CodeIgniter.php(457): CodeIgniter\CodeIgniter->runController()
 6 SYSTEMPATH/CodeIgniter.php(340): CodeIgniter\CodeIgniter->handleRequest()
 7 FCPATH/index.php(71): CodeIgniter\CodeIgniter->run()
CRITICAL - 2023-01-11 02:08:55 --> Invalid file: template/kinsmen-sky/themes.php
in SYSTEMPATH/Exceptions/FrameworkException.php on line 33.
 1 SYSTEMPATH/View/View.php(201): CodeIgniter\Exceptions\FrameworkException::forInvalidFile()
 2 SYSTEMPATH/Common.php(1142): CodeIgniter\View\View->render()
 3 APPPATH/Controllers/Pages.php(54): view()
 4 SYSTEMPATH/CodeIgniter.php(907): App\Controllers\Pages->view()
 5 SYSTEMPATH/CodeIgniter.php(457): CodeIgniter\CodeIgniter->runController()
 6 SYSTEMPATH/CodeIgniter.php(340): CodeIgniter\CodeIgniter->handleRequest()
 7 FCPATH/index.php(71): CodeIgniter\CodeIgniter->run()
CRITICAL - 2023-01-11 02:11:01 --> Invalid file: template/kinsmen-sky/themes.php
in SYSTEMPATH/Exceptions/FrameworkException.php on line 33.
 1 SYSTEMPATH/View/View.php(201): CodeIgniter\Exceptions\FrameworkException::forInvalidFile()
 2 SYSTEMPATH/Common.php(1142): CodeIgniter\View\View->render()
 3 APPPATH/Controllers/Pages.php(54): view()
 4 SYSTEMPATH/CodeIgniter.php(907): App\Controllers\Pages->view()
 5 SYSTEMPATH/CodeIgniter.php(457): CodeIgniter\CodeIgniter->runController()
 6 SYSTEMPATH/CodeIgniter.php(340): CodeIgniter\CodeIgniter->handleRequest()
 7 FCPATH/index.php(71): CodeIgniter\CodeIgniter->run()
CRITICAL - 2023-01-11 02:11:01 --> Invalid file: template/kinsmen-sky/themes.php
in SYSTEMPATH/Exceptions/FrameworkException.php on line 33.
 1 SYSTEMPATH/View/View.php(201): CodeIgniter\Exceptions\FrameworkException::forInvalidFile()
 2 SYSTEMPATH/Common.php(1142): CodeIgniter\View\View->render()
 3 APPPATH/Controllers/Pages.php(54): view()
 4 SYSTEMPATH/CodeIgniter.php(907): App\Controllers\Pages->view()
 5 SYSTEMPATH/CodeIgniter.php(457): CodeIgniter\CodeIgniter->runController()
 6 SYSTEMPATH/CodeIgniter.php(340): CodeIgniter\CodeIgniter->handleRequest()
 7 FCPATH/index.php(71): CodeIgniter\CodeIgniter->run()
CRITICAL - 2023-01-11 02:11:24 --> Invalid file: template/kinsmen-sky/themes.php
in SYSTEMPATH/Exceptions/FrameworkException.php on line 33.
 1 SYSTEMPATH/View/View.php(201): CodeIgniter\Exceptions\FrameworkException::forInvalidFile()
 2 SYSTEMPATH/Common.php(1142): CodeIgniter\View\View->render()
 3 APPPATH/Controllers/Pages.php(54): view()
 4 SYSTEMPATH/CodeIgniter.php(907): App\Controllers\Pages->view()
 5 SYSTEMPATH/CodeIgniter.php(457): CodeIgniter\CodeIgniter->runController()
 6 SYSTEMPATH/CodeIgniter.php(340): CodeIgniter\CodeIgniter->handleRequest()
 7 FCPATH/index.php(71): CodeIgniter\CodeIgniter->run()
CRITICAL - 2023-01-11 02:11:24 --> Invalid file: template/kinsmen-sky/themes.php
in SYSTEMPATH/Exceptions/FrameworkException.php on line 33.
 1 SYSTEMPATH/View/View.php(201): CodeIgniter\Exceptions\FrameworkException::forInvalidFile()
 2 SYSTEMPATH/Common.php(1142): CodeIgniter\View\View->render()
 3 APPPATH/Controllers/Pages.php(54): view()
 4 SYSTEMPATH/CodeIgniter.php(907): App\Controllers\Pages->view()
 5 SYSTEMPATH/CodeIgniter.php(457): CodeIgniter\CodeIgniter->runController()
 6 SYSTEMPATH/CodeIgniter.php(340): CodeIgniter\CodeIgniter->handleRequest()
 7 FCPATH/index.php(71): CodeIgniter\CodeIgniter->run()
CRITICAL - 2023-01-11 02:12:43 --> Invalid file: template/kinsmen-sky/themes.php
in SYSTEMPATH/Exceptions/FrameworkException.php on line 33.
 1 SYSTEMPATH/View/View.php(201): CodeIgniter\Exceptions\FrameworkException::forInvalidFile()
 2 SYSTEMPATH/Common.php(1142): CodeIgniter\View\View->render()
 3 APPPATH/Controllers/Pages.php(54): view()
 4 SYSTEMPATH/CodeIgniter.php(907): App\Controllers\Pages->view()
 5 SYSTEMPATH/CodeIgniter.php(457): CodeIgniter\CodeIgniter->runController()
 6 SYSTEMPATH/CodeIgniter.php(340): CodeIgniter\CodeIgniter->handleRequest()
 7 FCPATH/index.php(71): CodeIgniter\CodeIgniter->run()
CRITICAL - 2023-01-11 02:12:44 --> Invalid file: template/kinsmen-sky/themes.php
in SYSTEMPATH/Exceptions/FrameworkException.php on line 33.
 1 SYSTEMPATH/View/View.php(201): CodeIgniter\Exceptions\FrameworkException::forInvalidFile()
 2 SYSTEMPATH/Common.php(1142): CodeIgniter\View\View->render()
 3 APPPATH/Controllers/Pages.php(54): view()
 4 SYSTEMPATH/CodeIgniter.php(907): App\Controllers\Pages->view()
 5 SYSTEMPATH/CodeIgniter.php(457): CodeIgniter\CodeIgniter->runController()
 6 SYSTEMPATH/CodeIgniter.php(340): CodeIgniter\CodeIgniter->handleRequest()
 7 FCPATH/index.php(71): CodeIgniter\CodeIgniter->run()
CRITICAL - 2023-01-11 02:13:01 --> Invalid file: template/kinsmen-sky/themes.php
in SYSTEMPATH/Exceptions/FrameworkException.php on line 33.
 1 SYSTEMPATH/View/View.php(201): CodeIgniter\Exceptions\FrameworkException::forInvalidFile()
 2 SYSTEMPATH/Common.php(1142): CodeIgniter\View\View->render()
 3 APPPATH/Controllers/Pages.php(54): view()
 4 SYSTEMPATH/CodeIgniter.php(907): App\Controllers\Pages->view()
 5 SYSTEMPATH/CodeIgniter.php(457): CodeIgniter\CodeIgniter->runController()
 6 SYSTEMPATH/CodeIgniter.php(340): CodeIgniter\CodeIgniter->handleRequest()
 7 FCPATH/index.php(71): CodeIgniter\CodeIgniter->run()
CRITICAL - 2023-01-11 02:13:01 --> Invalid file: template/kinsmen-sky/themes.php
in SYSTEMPATH/Exceptions/FrameworkException.php on line 33.
 1 SYSTEMPATH/View/View.php(201): CodeIgniter\Exceptions\FrameworkException::forInvalidFile()
 2 SYSTEMPATH/Common.php(1142): CodeIgniter\View\View->render()
 3 APPPATH/Controllers/Pages.php(54): view()
 4 SYSTEMPATH/CodeIgniter.php(907): App\Controllers\Pages->view()
 5 SYSTEMPATH/CodeIgniter.php(457): CodeIgniter\CodeIgniter->runController()
 6 SYSTEMPATH/CodeIgniter.php(340): CodeIgniter\CodeIgniter->handleRequest()
 7 FCPATH/index.php(71): CodeIgniter\CodeIgniter->run()
CRITICAL - 2023-01-11 02:13:01 --> Invalid file: template/kinsmen-sky/themes.php
in SYSTEMPATH/Exceptions/FrameworkException.php on line 33.
 1 SYSTEMPATH/View/View.php(201): CodeIgniter\Exceptions\FrameworkException::forInvalidFile()
 2 SYSTEMPATH/Common.php(1142): CodeIgniter\View\View->render()
 3 APPPATH/Controllers/Pages.php(54): view()
 4 SYSTEMPATH/CodeIgniter.php(907): App\Controllers\Pages->view()
 5 SYSTEMPATH/CodeIgniter.php(457): CodeIgniter\CodeIgniter->runController()
 6 SYSTEMPATH/CodeIgniter.php(340): CodeIgniter\CodeIgniter->handleRequest()
 7 FCPATH/index.php(71): CodeIgniter\CodeIgniter->run()
CRITICAL - 2023-01-11 02:13:01 --> Invalid file: template/kinsmen-sky/themes.php
in SYSTEMPATH/Exceptions/FrameworkException.php on line 33.
 1 SYSTEMPATH/View/View.php(201): CodeIgniter\Exceptions\FrameworkException::forInvalidFile()
 2 SYSTEMPATH/Common.php(1142): CodeIgniter\View\View->render()
 3 APPPATH/Controllers/Pages.php(54): view()
 4 SYSTEMPATH/CodeIgniter.php(907): App\Controllers\Pages->view()
 5 SYSTEMPATH/CodeIgniter.php(457): CodeIgniter\CodeIgniter->runController()
 6 SYSTEMPATH/CodeIgniter.php(340): CodeIgniter\CodeIgniter->handleRequest()
 7 FCPATH/index.php(71): CodeIgniter\CodeIgniter->run()
CRITICAL - 2023-01-11 02:13:02 --> Invalid file: template/kinsmen-sky/themes.php
in SYSTEMPATH/Exceptions/FrameworkException.php on line 33.
 1 SYSTEMPATH/View/View.php(201): CodeIgniter\Exceptions\FrameworkException::forInvalidFile()
 2 SYSTEMPATH/Common.php(1142): CodeIgniter\View\View->render()
 3 APPPATH/Controllers/Pages.php(54): view()
 4 SYSTEMPATH/CodeIgniter.php(907): App\Controllers\Pages->view()
 5 SYSTEMPATH/CodeIgniter.php(457): CodeIgniter\CodeIgniter->runController()
 6 SYSTEMPATH/CodeIgniter.php(340): CodeIgniter\CodeIgniter->handleRequest()
 7 FCPATH/index.php(71): CodeIgniter\CodeIgniter->run()
CRITICAL - 2023-01-11 02:13:02 --> Invalid file: template/kinsmen-sky/themes.php
in SYSTEMPATH/Exceptions/FrameworkException.php on line 33.
 1 SYSTEMPATH/View/View.php(201): CodeIgniter\Exceptions\FrameworkException::forInvalidFile()
 2 SYSTEMPATH/Common.php(1142): CodeIgniter\View\View->render()
 3 APPPATH/Controllers/Pages.php(54): view()
 4 SYSTEMPATH/CodeIgniter.php(907): App\Controllers\Pages->view()
 5 SYSTEMPATH/CodeIgniter.php(457): CodeIgniter\CodeIgniter->runController()
 6 SYSTEMPATH/CodeIgniter.php(340): CodeIgniter\CodeIgniter->handleRequest()
 7 FCPATH/index.php(71): CodeIgniter\CodeIgniter->run()
CRITICAL - 2023-01-11 02:13:02 --> Invalid file: template/kinsmen-sky/themes.php
in SYSTEMPATH/Exceptions/FrameworkException.php on line 33.
 1 SYSTEMPATH/View/View.php(201): CodeIgniter\Exceptions\FrameworkException::forInvalidFile()
 2 SYSTEMPATH/Common.php(1142): CodeIgniter\View\View->render()
 3 APPPATH/Controllers/Pages.php(54): view()
 4 SYSTEMPATH/CodeIgniter.php(907): App\Controllers\Pages->view()
 5 SYSTEMPATH/CodeIgniter.php(457): CodeIgniter\CodeIgniter->runController()
 6 SYSTEMPATH/CodeIgniter.php(340): CodeIgniter\CodeIgniter->handleRequest()
 7 FCPATH/index.php(71): CodeIgniter\CodeIgniter->run()
CRITICAL - 2023-01-11 02:13:12 --> Invalid file: template/kinsmen-sky/themes.php
in SYSTEMPATH/Exceptions/FrameworkException.php on line 33.
 1 SYSTEMPATH/View/View.php(201): CodeIgniter\Exceptions\FrameworkException::forInvalidFile()
 2 SYSTEMPATH/Common.php(1142): CodeIgniter\View\View->render()
 3 APPPATH/Controllers/Pages.php(54): view()
 4 SYSTEMPATH/CodeIgniter.php(907): App\Controllers\Pages->view()
 5 SYSTEMPATH/CodeIgniter.php(457): CodeIgniter\CodeIgniter->runController()
 6 SYSTEMPATH/CodeIgniter.php(340): CodeIgniter\CodeIgniter->handleRequest()
 7 FCPATH/index.php(71): CodeIgniter\CodeIgniter->run()
CRITICAL - 2023-01-11 02:13:13 --> Invalid file: template/kinsmen-sky/themes.php
in SYSTEMPATH/Exceptions/FrameworkException.php on line 33.
 1 SYSTEMPATH/View/View.php(201): CodeIgniter\Exceptions\FrameworkException::forInvalidFile()
 2 SYSTEMPATH/Common.php(1142): CodeIgniter\View\View->render()
 3 APPPATH/Controllers/Pages.php(54): view()
 4 SYSTEMPATH/CodeIgniter.php(907): App\Controllers\Pages->view()
 5 SYSTEMPATH/CodeIgniter.php(457): CodeIgniter\CodeIgniter->runController()
 6 SYSTEMPATH/CodeIgniter.php(340): CodeIgniter\CodeIgniter->handleRequest()
 7 FCPATH/index.php(71): CodeIgniter\CodeIgniter->run()
CRITICAL - 2023-01-11 02:15:00 --> Invalid file: template/kinsmen-sky/themes.php
in SYSTEMPATH/Exceptions/FrameworkException.php on line 33.
 1 SYSTEMPATH/View/View.php(201): CodeIgniter\Exceptions\FrameworkException::forInvalidFile()
 2 SYSTEMPATH/Common.php(1142): CodeIgniter\View\View->render()
 3 APPPATH/Controllers/Pages.php(54): view()
 4 SYSTEMPATH/CodeIgniter.php(907): App\Controllers\Pages->view()
 5 SYSTEMPATH/CodeIgniter.php(457): CodeIgniter\CodeIgniter->runController()
 6 SYSTEMPATH/CodeIgniter.php(340): CodeIgniter\CodeIgniter->handleRequest()
 7 FCPATH/index.php(71): CodeIgniter\CodeIgniter->run()
CRITICAL - 2023-01-11 02:15:01 --> Invalid file: template/kinsmen-sky/themes.php
in SYSTEMPATH/Exceptions/FrameworkException.php on line 33.
 1 SYSTEMPATH/View/View.php(201): CodeIgniter\Exceptions\FrameworkException::forInvalidFile()
 2 SYSTEMPATH/Common.php(1142): CodeIgniter\View\View->render()
 3 APPPATH/Controllers/Pages.php(54): view()
 4 SYSTEMPATH/CodeIgniter.php(907): App\Controllers\Pages->view()
 5 SYSTEMPATH/CodeIgniter.php(457): CodeIgniter\CodeIgniter->runController()
 6 SYSTEMPATH/CodeIgniter.php(340): CodeIgniter\CodeIgniter->handleRequest()
 7 FCPATH/index.php(71): CodeIgniter\CodeIgniter->run()
CRITICAL - 2023-01-11 02:15:19 --> Invalid file: template/kinsmen-sky/themes.php
in SYSTEMPATH/Exceptions/FrameworkException.php on line 33.
 1 SYSTEMPATH/View/View.php(201): CodeIgniter\Exceptions\FrameworkException::forInvalidFile()
 2 SYSTEMPATH/Common.php(1142): CodeIgniter\View\View->render()
 3 APPPATH/Controllers/Pages.php(54): view()
 4 SYSTEMPATH/CodeIgniter.php(907): App\Controllers\Pages->view()
 5 SYSTEMPATH/CodeIgniter.php(457): CodeIgniter\CodeIgniter->runController()
 6 SYSTEMPATH/CodeIgniter.php(340): CodeIgniter\CodeIgniter->handleRequest()
 7 FCPATH/index.php(71): CodeIgniter\CodeIgniter->run()
CRITICAL - 2023-01-11 02:15:19 --> Invalid file: template/kinsmen-sky/themes.php
in SYSTEMPATH/Exceptions/FrameworkException.php on line 33.
 1 SYSTEMPATH/View/View.php(201): CodeIgniter\Exceptions\FrameworkException::forInvalidFile()
 2 SYSTEMPATH/Common.php(1142): CodeIgniter\View\View->render()
 3 APPPATH/Controllers/Pages.php(54): view()
 4 SYSTEMPATH/CodeIgniter.php(907): App\Controllers\Pages->view()
 5 SYSTEMPATH/CodeIgniter.php(457): CodeIgniter\CodeIgniter->runController()
 6 SYSTEMPATH/CodeIgniter.php(340): CodeIgniter\CodeIgniter->handleRequest()
 7 FCPATH/index.php(71): CodeIgniter\CodeIgniter->run()
CRITICAL - 2023-01-11 02:15:32 --> Invalid file: template/kinsmen-sky/themes.php
in SYSTEMPATH/Exceptions/FrameworkException.php on line 33.
 1 SYSTEMPATH/View/View.php(201): CodeIgniter\Exceptions\FrameworkException::forInvalidFile()
 2 SYSTEMPATH/Common.php(1142): CodeIgniter\View\View->render()
 3 APPPATH/Controllers/Pages.php(54): view()
 4 SYSTEMPATH/CodeIgniter.php(907): App\Controllers\Pages->view()
 5 SYSTEMPATH/CodeIgniter.php(457): CodeIgniter\CodeIgniter->runController()
 6 SYSTEMPATH/CodeIgniter.php(340): CodeIgniter\CodeIgniter->handleRequest()
 7 FCPATH/index.php(71): CodeIgniter\CodeIgniter->run()
CRITICAL - 2023-01-11 02:15:32 --> Invalid file: template/kinsmen-sky/themes.php
in SYSTEMPATH/Exceptions/FrameworkException.php on line 33.
 1 SYSTEMPATH/View/View.php(201): CodeIgniter\Exceptions\FrameworkException::forInvalidFile()
 2 SYSTEMPATH/Common.php(1142): CodeIgniter\View\View->render()
 3 APPPATH/Controllers/Pages.php(54): view()
 4 SYSTEMPATH/CodeIgniter.php(907): App\Controllers\Pages->view()
 5 SYSTEMPATH/CodeIgniter.php(457): CodeIgniter\CodeIgniter->runController()
 6 SYSTEMPATH/CodeIgniter.php(340): CodeIgniter\CodeIgniter->handleRequest()
 7 FCPATH/index.php(71): CodeIgniter\CodeIgniter->run()
CRITICAL - 2023-01-11 02:16:40 --> Invalid file: template/kinsmen-sky/themes.php
in SYSTEMPATH/Exceptions/FrameworkException.php on line 33.
 1 SYSTEMPATH/View/View.php(201): CodeIgniter\Exceptions\FrameworkException::forInvalidFile()
 2 SYSTEMPATH/Common.php(1142): CodeIgniter\View\View->render()
 3 APPPATH/Controllers/Pages.php(54): view()
 4 SYSTEMPATH/CodeIgniter.php(907): App\Controllers\Pages->view()
 5 SYSTEMPATH/CodeIgniter.php(457): CodeIgniter\CodeIgniter->runController()
 6 SYSTEMPATH/CodeIgniter.php(340): CodeIgniter\CodeIgniter->handleRequest()
 7 FCPATH/index.php(71): CodeIgniter\CodeIgniter->run()
CRITICAL - 2023-01-11 02:16:40 --> Invalid file: template/kinsmen-sky/themes.php
in SYSTEMPATH/Exceptions/FrameworkException.php on line 33.
 1 SYSTEMPATH/View/View.php(201): CodeIgniter\Exceptions\FrameworkException::forInvalidFile()
 2 SYSTEMPATH/Common.php(1142): CodeIgniter\View\View->render()
 3 APPPATH/Controllers/Pages.php(54): view()
 4 SYSTEMPATH/CodeIgniter.php(907): App\Controllers\Pages->view()
 5 SYSTEMPATH/CodeIgniter.php(457): CodeIgniter\CodeIgniter->runController()
 6 SYSTEMPATH/CodeIgniter.php(340): CodeIgniter\CodeIgniter->handleRequest()
 7 FCPATH/index.php(71): CodeIgniter\CodeIgniter->run()
CRITICAL - 2023-01-11 02:16:45 --> Invalid file: template/kinsmen-sky/themes.php
in SYSTEMPATH/Exceptions/FrameworkException.php on line 33.
 1 SYSTEMPATH/View/View.php(201): CodeIgniter\Exceptions\FrameworkException::forInvalidFile()
 2 SYSTEMPATH/Common.php(1142): CodeIgniter\View\View->render()
 3 APPPATH/Controllers/Pages.php(54): view()
 4 SYSTEMPATH/CodeIgniter.php(907): App\Controllers\Pages->view()
 5 SYSTEMPATH/CodeIgniter.php(457): CodeIgniter\CodeIgniter->runController()
 6 SYSTEMPATH/CodeIgniter.php(340): CodeIgniter\CodeIgniter->handleRequest()
 7 FCPATH/index.php(71): CodeIgniter\CodeIgniter->run()
CRITICAL - 2023-01-11 02:16:46 --> Invalid file: template/kinsmen-sky/themes.php
in SYSTEMPATH/Exceptions/FrameworkException.php on line 33.
 1 SYSTEMPATH/View/View.php(201): CodeIgniter\Exceptions\FrameworkException::forInvalidFile()
 2 SYSTEMPATH/Common.php(1142): CodeIgniter\View\View->render()
 3 APPPATH/Controllers/Pages.php(54): view()
 4 SYSTEMPATH/CodeIgniter.php(907): App\Controllers\Pages->view()
 5 SYSTEMPATH/CodeIgniter.php(457): CodeIgniter\CodeIgniter->runController()
 6 SYSTEMPATH/CodeIgniter.php(340): CodeIgniter\CodeIgniter->handleRequest()
 7 FCPATH/index.php(71): CodeIgniter\CodeIgniter->run()
CRITICAL - 2023-01-11 02:16:54 --> Invalid file: template/kinsmen-sky/themes.php
in SYSTEMPATH/Exceptions/FrameworkException.php on line 33.
 1 SYSTEMPATH/View/View.php(201): CodeIgniter\Exceptions\FrameworkException::forInvalidFile()
 2 SYSTEMPATH/Common.php(1142): CodeIgniter\View\View->render()
 3 APPPATH/Controllers/Pages.php(54): view()
 4 SYSTEMPATH/CodeIgniter.php(907): App\Controllers\Pages->view()
 5 SYSTEMPATH/CodeIgniter.php(457): CodeIgniter\CodeIgniter->runController()
 6 SYSTEMPATH/CodeIgniter.php(340): CodeIgniter\CodeIgniter->handleRequest()
 7 FCPATH/index.php(71): CodeIgniter\CodeIgniter->run()
CRITICAL - 2023-01-11 02:16:54 --> Invalid file: template/kinsmen-sky/themes.php
in SYSTEMPATH/Exceptions/FrameworkException.php on line 33.
 1 SYSTEMPATH/View/View.php(201): CodeIgniter\Exceptions\FrameworkException::forInvalidFile()
 2 SYSTEMPATH/Common.php(1142): CodeIgniter\View\View->render()
 3 APPPATH/Controllers/Pages.php(54): view()
 4 SYSTEMPATH/CodeIgniter.php(907): App\Controllers\Pages->view()
 5 SYSTEMPATH/CodeIgniter.php(457): CodeIgniter\CodeIgniter->runController()
 6 SYSTEMPATH/CodeIgniter.php(340): CodeIgniter\CodeIgniter->handleRequest()
 7 FCPATH/index.php(71): CodeIgniter\CodeIgniter->run()
CRITICAL - 2023-01-11 02:17:03 --> Invalid file: template/kinsmen-sky/themes.php
in SYSTEMPATH/Exceptions/FrameworkException.php on line 33.
 1 SYSTEMPATH/View/View.php(201): CodeIgniter\Exceptions\FrameworkException::forInvalidFile()
 2 SYSTEMPATH/Common.php(1142): CodeIgniter\View\View->render()
 3 APPPATH/Controllers/Pages.php(54): view()
 4 SYSTEMPATH/CodeIgniter.php(907): App\Controllers\Pages->view()
 5 SYSTEMPATH/CodeIgniter.php(457): CodeIgniter\CodeIgniter->runController()
 6 SYSTEMPATH/CodeIgniter.php(340): CodeIgniter\CodeIgniter->handleRequest()
 7 FCPATH/index.php(71): CodeIgniter\CodeIgniter->run()
CRITICAL - 2023-01-11 02:17:03 --> Invalid file: template/kinsmen-sky/themes.php
in SYSTEMPATH/Exceptions/FrameworkException.php on line 33.
 1 SYSTEMPATH/View/View.php(201): CodeIgniter\Exceptions\FrameworkException::forInvalidFile()
 2 SYSTEMPATH/Common.php(1142): CodeIgniter\View\View->render()
 3 APPPATH/Controllers/Pages.php(54): view()
 4 SYSTEMPATH/CodeIgniter.php(907): App\Controllers\Pages->view()
 5 SYSTEMPATH/CodeIgniter.php(457): CodeIgniter\CodeIgniter->runController()
 6 SYSTEMPATH/CodeIgniter.php(340): CodeIgniter\CodeIgniter->handleRequest()
 7 FCPATH/index.php(71): CodeIgniter\CodeIgniter->run()
CRITICAL - 2023-01-11 02:17:29 --> Invalid file: template/kinsmen-sky/themes.php
in SYSTEMPATH/Exceptions/FrameworkException.php on line 33.
 1 SYSTEMPATH/View/View.php(201): CodeIgniter\Exceptions\FrameworkException::forInvalidFile()
 2 SYSTEMPATH/Common.php(1142): CodeIgniter\View\View->render()
 3 APPPATH/Controllers/Pages.php(54): view()
 4 SYSTEMPATH/CodeIgniter.php(907): App\Controllers\Pages->view()
 5 SYSTEMPATH/CodeIgniter.php(457): CodeIgniter\CodeIgniter->runController()
 6 SYSTEMPATH/CodeIgniter.php(340): CodeIgniter\CodeIgniter->handleRequest()
 7 FCPATH/index.php(71): CodeIgniter\CodeIgniter->run()
CRITICAL - 2023-01-11 02:17:29 --> Invalid file: template/kinsmen-sky/themes.php
in SYSTEMPATH/Exceptions/FrameworkException.php on line 33.
 1 SYSTEMPATH/View/View.php(201): CodeIgniter\Exceptions\FrameworkException::forInvalidFile()
 2 SYSTEMPATH/Common.php(1142): CodeIgniter\View\View->render()
 3 APPPATH/Controllers/Pages.php(54): view()
 4 SYSTEMPATH/CodeIgniter.php(907): App\Controllers\Pages->view()
 5 SYSTEMPATH/CodeIgniter.php(457): CodeIgniter\CodeIgniter->runController()
 6 SYSTEMPATH/CodeIgniter.php(340): CodeIgniter\CodeIgniter->handleRequest()
 7 FCPATH/index.php(71): CodeIgniter\CodeIgniter->run()
CRITICAL - 2023-01-11 02:18:05 --> Invalid file: template/kinsmen-sky/themes.php
in SYSTEMPATH/Exceptions/FrameworkException.php on line 33.
 1 SYSTEMPATH/View/View.php(201): CodeIgniter\Exceptions\FrameworkException::forInvalidFile()
 2 SYSTEMPATH/Common.php(1142): CodeIgniter\View\View->render()
 3 APPPATH/Controllers/Pages.php(54): view()
 4 SYSTEMPATH/CodeIgniter.php(907): App\Controllers\Pages->view()
 5 SYSTEMPATH/CodeIgniter.php(457): CodeIgniter\CodeIgniter->runController()
 6 SYSTEMPATH/CodeIgniter.php(340): CodeIgniter\CodeIgniter->handleRequest()
 7 FCPATH/index.php(71): CodeIgniter\CodeIgniter->run()
CRITICAL - 2023-01-11 02:18:05 --> Invalid file: template/kinsmen-sky/themes.php
in SYSTEMPATH/Exceptions/FrameworkException.php on line 33.
 1 SYSTEMPATH/View/View.php(201): CodeIgniter\Exceptions\FrameworkException::forInvalidFile()
 2 SYSTEMPATH/Common.php(1142): CodeIgniter\View\View->render()
 3 APPPATH/Controllers/Pages.php(54): view()
 4 SYSTEMPATH/CodeIgniter.php(907): App\Controllers\Pages->view()
 5 SYSTEMPATH/CodeIgniter.php(457): CodeIgniter\CodeIgniter->runController()
 6 SYSTEMPATH/CodeIgniter.php(340): CodeIgniter\CodeIgniter->handleRequest()
 7 FCPATH/index.php(71): CodeIgniter\CodeIgniter->run()
CRITICAL - 2023-01-11 02:18:05 --> Invalid file: template/kinsmen-sky/themes.php
in SYSTEMPATH/Exceptions/FrameworkException.php on line 33.
 1 SYSTEMPATH/View/View.php(201): CodeIgniter\Exceptions\FrameworkException::forInvalidFile()
 2 SYSTEMPATH/Common.php(1142): CodeIgniter\View\View->render()
 3 APPPATH/Controllers/Pages.php(54): view()
 4 SYSTEMPATH/CodeIgniter.php(907): App\Controllers\Pages->view()
 5 SYSTEMPATH/CodeIgniter.php(457): CodeIgniter\CodeIgniter->runController()
 6 SYSTEMPATH/CodeIgniter.php(340): CodeIgniter\CodeIgniter->handleRequest()
 7 FCPATH/index.php(71): CodeIgniter\CodeIgniter->run()
CRITICAL - 2023-01-11 02:19:02 --> Invalid file: template/kinsmen-sky/themes.php
in SYSTEMPATH/Exceptions/FrameworkException.php on line 33.
 1 SYSTEMPATH/View/View.php(201): CodeIgniter\Exceptions\FrameworkException::forInvalidFile()
 2 SYSTEMPATH/Common.php(1142): CodeIgniter\View\View->render()
 3 APPPATH/Controllers/Pages.php(54): view()
 4 SYSTEMPATH/CodeIgniter.php(907): App\Controllers\Pages->view()
 5 SYSTEMPATH/CodeIgniter.php(457): CodeIgniter\CodeIgniter->runController()
 6 SYSTEMPATH/CodeIgniter.php(340): CodeIgniter\CodeIgniter->handleRequest()
 7 FCPATH/index.php(71): CodeIgniter\CodeIgniter->run()
CRITICAL - 2023-01-11 02:19:02 --> Invalid file: template/kinsmen-sky/themes.php
in SYSTEMPATH/Exceptions/FrameworkException.php on line 33.
 1 SYSTEMPATH/View/View.php(201): CodeIgniter\Exceptions\FrameworkException::forInvalidFile()
 2 SYSTEMPATH/Common.php(1142): CodeIgniter\View\View->render()
 3 APPPATH/Controllers/Pages.php(54): view()
 4 SYSTEMPATH/CodeIgniter.php(907): App\Controllers\Pages->view()
 5 SYSTEMPATH/CodeIgniter.php(457): CodeIgniter\CodeIgniter->runController()
 6 SYSTEMPATH/CodeIgniter.php(340): CodeIgniter\CodeIgniter->handleRequest()
 7 FCPATH/index.php(71): CodeIgniter\CodeIgniter->run()
CRITICAL - 2023-01-11 02:21:35 --> Invalid file: template/kinsmen-sky/themes.php
in SYSTEMPATH/Exceptions/FrameworkException.php on line 33.
 1 SYSTEMPATH/View/View.php(201): CodeIgniter\Exceptions\FrameworkException::forInvalidFile()
 2 SYSTEMPATH/Common.php(1142): CodeIgniter\View\View->render()
 3 APPPATH/Controllers/Pages.php(54): view()
 4 SYSTEMPATH/CodeIgniter.php(907): App\Controllers\Pages->view()
 5 SYSTEMPATH/CodeIgniter.php(457): CodeIgniter\CodeIgniter->runController()
 6 SYSTEMPATH/CodeIgniter.php(340): CodeIgniter\CodeIgniter->handleRequest()
 7 FCPATH/index.php(71): CodeIgniter\CodeIgniter->run()
CRITICAL - 2023-01-11 02:21:35 --> Invalid file: template/kinsmen-sky/themes.php
in SYSTEMPATH/Exceptions/FrameworkException.php on line 33.
 1 SYSTEMPATH/View/View.php(201): CodeIgniter\Exceptions\FrameworkException::forInvalidFile()
 2 SYSTEMPATH/Common.php(1142): CodeIgniter\View\View->render()
 3 APPPATH/Controllers/Pages.php(54): view()
 4 SYSTEMPATH/CodeIgniter.php(907): App\Controllers\Pages->view()
 5 SYSTEMPATH/CodeIgniter.php(457): CodeIgniter\CodeIgniter->runController()
 6 SYSTEMPATH/CodeIgniter.php(340): CodeIgniter\CodeIgniter->handleRequest()
 7 FCPATH/index.php(71): CodeIgniter\CodeIgniter->run()
CRITICAL - 2023-01-11 02:23:00 --> Invalid file: template/kinsmen-sky/themes.php
in SYSTEMPATH/Exceptions/FrameworkException.php on line 33.
 1 SYSTEMPATH/View/View.php(201): CodeIgniter\Exceptions\FrameworkException::forInvalidFile()
 2 SYSTEMPATH/Common.php(1142): CodeIgniter\View\View->render()
 3 APPPATH/Controllers/Pages.php(54): view()
 4 SYSTEMPATH/CodeIgniter.php(907): App\Controllers\Pages->view()
 5 SYSTEMPATH/CodeIgniter.php(457): CodeIgniter\CodeIgniter->runController()
 6 SYSTEMPATH/CodeIgniter.php(340): CodeIgniter\CodeIgniter->handleRequest()
 7 FCPATH/index.php(71): CodeIgniter\CodeIgniter->run()
CRITICAL - 2023-01-11 02:23:00 --> Invalid file: template/kinsmen-sky/themes.php
in SYSTEMPATH/Exceptions/FrameworkException.php on line 33.
 1 SYSTEMPATH/View/View.php(201): CodeIgniter\Exceptions\FrameworkException::forInvalidFile()
 2 SYSTEMPATH/Common.php(1142): CodeIgniter\View\View->render()
 3 APPPATH/Controllers/Pages.php(54): view()
 4 SYSTEMPATH/CodeIgniter.php(907): App\Controllers\Pages->view()
 5 SYSTEMPATH/CodeIgniter.php(457): CodeIgniter\CodeIgniter->runController()
 6 SYSTEMPATH/CodeIgniter.php(340): CodeIgniter\CodeIgniter->handleRequest()
 7 FCPATH/index.php(71): CodeIgniter\CodeIgniter->run()
CRITICAL - 2023-01-11 02:24:20 --> Invalid file: template/kinsmen-sky/themes.php
in SYSTEMPATH/Exceptions/FrameworkException.php on line 33.
 1 SYSTEMPATH/View/View.php(201): CodeIgniter\Exceptions\FrameworkException::forInvalidFile()
 2 SYSTEMPATH/Common.php(1142): CodeIgniter\View\View->render()
 3 APPPATH/Controllers/Pages.php(54): view()
 4 SYSTEMPATH/CodeIgniter.php(907): App\Controllers\Pages->view()
 5 SYSTEMPATH/CodeIgniter.php(457): CodeIgniter\CodeIgniter->runController()
 6 SYSTEMPATH/CodeIgniter.php(340): CodeIgniter\CodeIgniter->handleRequest()
 7 FCPATH/index.php(71): CodeIgniter\CodeIgniter->run()
CRITICAL - 2023-01-11 02:24:21 --> Invalid file: template/kinsmen-sky/themes.php
in SYSTEMPATH/Exceptions/FrameworkException.php on line 33.
 1 SYSTEMPATH/View/View.php(201): CodeIgniter\Exceptions\FrameworkException::forInvalidFile()
 2 SYSTEMPATH/Common.php(1142): CodeIgniter\View\View->render()
 3 APPPATH/Controllers/Pages.php(54): view()
 4 SYSTEMPATH/CodeIgniter.php(907): App\Controllers\Pages->view()
 5 SYSTEMPATH/CodeIgniter.php(457): CodeIgniter\CodeIgniter->runController()
 6 SYSTEMPATH/CodeIgniter.php(340): CodeIgniter\CodeIgniter->handleRequest()
 7 FCPATH/index.php(71): CodeIgniter\CodeIgniter->run()
CRITICAL - 2023-01-11 02:25:19 --> Invalid file: template/kinsmen-sky/themes.php
in SYSTEMPATH/Exceptions/FrameworkException.php on line 33.
 1 SYSTEMPATH/View/View.php(201): CodeIgniter\Exceptions\FrameworkException::forInvalidFile()
 2 SYSTEMPATH/Common.php(1142): CodeIgniter\View\View->render()
 3 APPPATH/Controllers/Pages.php(54): view()
 4 SYSTEMPATH/CodeIgniter.php(907): App\Controllers\Pages->view()
 5 SYSTEMPATH/CodeIgniter.php(457): CodeIgniter\CodeIgniter->runController()
 6 SYSTEMPATH/CodeIgniter.php(340): CodeIgniter\CodeIgniter->handleRequest()
 7 FCPATH/index.php(71): CodeIgniter\CodeIgniter->run()
CRITICAL - 2023-01-11 02:25:19 --> Invalid file: template/kinsmen-sky/themes.php
in SYSTEMPATH/Exceptions/FrameworkException.php on line 33.
 1 SYSTEMPATH/View/View.php(201): CodeIgniter\Exceptions\FrameworkException::forInvalidFile()
 2 SYSTEMPATH/Common.php(1142): CodeIgniter\View\View->render()
 3 APPPATH/Controllers/Pages.php(54): view()
 4 SYSTEMPATH/CodeIgniter.php(907): App\Controllers\Pages->view()
 5 SYSTEMPATH/CodeIgniter.php(457): CodeIgniter\CodeIgniter->runController()
 6 SYSTEMPATH/CodeIgniter.php(340): CodeIgniter\CodeIgniter->handleRequest()
 7 FCPATH/index.php(71): CodeIgniter\CodeIgniter->run()
CRITICAL - 2023-01-11 02:25:56 --> Invalid file: template/kinsmen-sky/themes.php
in SYSTEMPATH/Exceptions/FrameworkException.php on line 33.
 1 SYSTEMPATH/View/View.php(201): CodeIgniter\Exceptions\FrameworkException::forInvalidFile()
 2 SYSTEMPATH/Common.php(1142): CodeIgniter\View\View->render()
 3 APPPATH/Controllers/Pages.php(54): view()
 4 SYSTEMPATH/CodeIgniter.php(907): App\Controllers\Pages->view()
 5 SYSTEMPATH/CodeIgniter.php(457): CodeIgniter\CodeIgniter->runController()
 6 SYSTEMPATH/CodeIgniter.php(340): CodeIgniter\CodeIgniter->handleRequest()
 7 FCPATH/index.php(71): CodeIgniter\CodeIgniter->run()
CRITICAL - 2023-01-11 02:25:56 --> Invalid file: template/kinsmen-sky/themes.php
in SYSTEMPATH/Exceptions/FrameworkException.php on line 33.
 1 SYSTEMPATH/View/View.php(201): CodeIgniter\Exceptions\FrameworkException::forInvalidFile()
 2 SYSTEMPATH/Common.php(1142): CodeIgniter\View\View->render()
 3 APPPATH/Controllers/Pages.php(54): view()
 4 SYSTEMPATH/CodeIgniter.php(907): App\Controllers\Pages->view()
 5 SYSTEMPATH/CodeIgniter.php(457): CodeIgniter\CodeIgniter->runController()
 6 SYSTEMPATH/CodeIgniter.php(340): CodeIgniter\CodeIgniter->handleRequest()
 7 FCPATH/index.php(71): CodeIgniter\CodeIgniter->run()
CRITICAL - 2023-01-11 02:26:53 --> Invalid file: template/kinsmen-sky/themes.php
in SYSTEMPATH/Exceptions/FrameworkException.php on line 33.
 1 SYSTEMPATH/View/View.php(201): CodeIgniter\Exceptions\FrameworkException::forInvalidFile()
 2 SYSTEMPATH/Common.php(1142): CodeIgniter\View\View->render()
 3 APPPATH/Controllers/Pages.php(54): view()
 4 SYSTEMPATH/CodeIgniter.php(907): App\Controllers\Pages->view()
 5 SYSTEMPATH/CodeIgniter.php(457): CodeIgniter\CodeIgniter->runController()
 6 SYSTEMPATH/CodeIgniter.php(340): CodeIgniter\CodeIgniter->handleRequest()
 7 FCPATH/index.php(71): CodeIgniter\CodeIgniter->run()
CRITICAL - 2023-01-11 02:26:53 --> Invalid file: template/kinsmen-sky/themes.php
in SYSTEMPATH/Exceptions/FrameworkException.php on line 33.
 1 SYSTEMPATH/View/View.php(201): CodeIgniter\Exceptions\FrameworkException::forInvalidFile()
 2 SYSTEMPATH/Common.php(1142): CodeIgniter\View\View->render()
 3 APPPATH/Controllers/Pages.php(54): view()
 4 SYSTEMPATH/CodeIgniter.php(907): App\Controllers\Pages->view()
 5 SYSTEMPATH/CodeIgniter.php(457): CodeIgniter\CodeIgniter->runController()
 6 SYSTEMPATH/CodeIgniter.php(340): CodeIgniter\CodeIgniter->handleRequest()
 7 FCPATH/index.php(71): CodeIgniter\CodeIgniter->run()
CRITICAL - 2023-01-11 02:27:30 --> Invalid file: template/kinsmen-sky/themes.php
in SYSTEMPATH/Exceptions/FrameworkException.php on line 33.
 1 SYSTEMPATH/View/View.php(201): CodeIgniter\Exceptions\FrameworkException::forInvalidFile()
 2 SYSTEMPATH/Common.php(1142): CodeIgniter\View\View->render()
 3 APPPATH/Controllers/Pages.php(54): view()
 4 SYSTEMPATH/CodeIgniter.php(907): App\Controllers\Pages->view()
 5 SYSTEMPATH/CodeIgniter.php(457): CodeIgniter\CodeIgniter->runController()
 6 SYSTEMPATH/CodeIgniter.php(340): CodeIgniter\CodeIgniter->handleRequest()
 7 FCPATH/index.php(71): CodeIgniter\CodeIgniter->run()
CRITICAL - 2023-01-11 02:27:30 --> Invalid file: template/kinsmen-sky/themes.php
in SYSTEMPATH/Exceptions/FrameworkException.php on line 33.
 1 SYSTEMPATH/View/View.php(201): CodeIgniter\Exceptions\FrameworkException::forInvalidFile()
 2 SYSTEMPATH/Common.php(1142): CodeIgniter\View\View->render()
 3 APPPATH/Controllers/Pages.php(54): view()
 4 SYSTEMPATH/CodeIgniter.php(907): App\Controllers\Pages->view()
 5 SYSTEMPATH/CodeIgniter.php(457): CodeIgniter\CodeIgniter->runController()
 6 SYSTEMPATH/CodeIgniter.php(340): CodeIgniter\CodeIgniter->handleRequest()
 7 FCPATH/index.php(71): CodeIgniter\CodeIgniter->run()
CRITICAL - 2023-01-11 02:27:59 --> Invalid file: template/kinsmen-sky/themes.php
in SYSTEMPATH/Exceptions/FrameworkException.php on line 33.
 1 SYSTEMPATH/View/View.php(201): CodeIgniter\Exceptions\FrameworkException::forInvalidFile()
 2 SYSTEMPATH/Common.php(1142): CodeIgniter\View\View->render()
 3 APPPATH/Controllers/Pages.php(54): view()
 4 SYSTEMPATH/CodeIgniter.php(907): App\Controllers\Pages->view()
 5 SYSTEMPATH/CodeIgniter.php(457): CodeIgniter\CodeIgniter->runController()
 6 SYSTEMPATH/CodeIgniter.php(340): CodeIgniter\CodeIgniter->handleRequest()
 7 FCPATH/index.php(71): CodeIgniter\CodeIgniter->run()
CRITICAL - 2023-01-11 02:27:59 --> Invalid file: template/kinsmen-sky/themes.php
in SYSTEMPATH/Exceptions/FrameworkException.php on line 33.
 1 SYSTEMPATH/View/View.php(201): CodeIgniter\Exceptions\FrameworkException::forInvalidFile()
 2 SYSTEMPATH/Common.php(1142): CodeIgniter\View\View->render()
 3 APPPATH/Controllers/Pages.php(54): view()
 4 SYSTEMPATH/CodeIgniter.php(907): App\Controllers\Pages->view()
 5 SYSTEMPATH/CodeIgniter.php(457): CodeIgniter\CodeIgniter->runController()
 6 SYSTEMPATH/CodeIgniter.php(340): CodeIgniter\CodeIgniter->handleRequest()
 7 FCPATH/index.php(71): CodeIgniter\CodeIgniter->run()
CRITICAL - 2023-01-11 02:28:13 --> Invalid file: template/kinsmen-sky/themes.php
in SYSTEMPATH/Exceptions/FrameworkException.php on line 33.
 1 SYSTEMPATH/View/View.php(201): CodeIgniter\Exceptions\FrameworkException::forInvalidFile()
 2 SYSTEMPATH/Common.php(1142): CodeIgniter\View\View->render()
 3 APPPATH/Controllers/Pages.php(54): view()
 4 SYSTEMPATH/CodeIgniter.php(907): App\Controllers\Pages->view()
 5 SYSTEMPATH/CodeIgniter.php(457): CodeIgniter\CodeIgniter->runController()
 6 SYSTEMPATH/CodeIgniter.php(340): CodeIgniter\CodeIgniter->handleRequest()
 7 FCPATH/index.php(71): CodeIgniter\CodeIgniter->run()
CRITICAL - 2023-01-11 02:28:13 --> Invalid file: template/kinsmen-sky/themes.php
in SYSTEMPATH/Exceptions/FrameworkException.php on line 33.
 1 SYSTEMPATH/View/View.php(201): CodeIgniter\Exceptions\FrameworkException::forInvalidFile()
 2 SYSTEMPATH/Common.php(1142): CodeIgniter\View\View->render()
 3 APPPATH/Controllers/Pages.php(54): view()
 4 SYSTEMPATH/CodeIgniter.php(907): App\Controllers\Pages->view()
 5 SYSTEMPATH/CodeIgniter.php(457): CodeIgniter\CodeIgniter->runController()
 6 SYSTEMPATH/CodeIgniter.php(340): CodeIgniter\CodeIgniter->handleRequest()
 7 FCPATH/index.php(71): CodeIgniter\CodeIgniter->run()
CRITICAL - 2023-01-11 02:29:33 --> Invalid file: template/kinsmen-sky/themes.php
in SYSTEMPATH/Exceptions/FrameworkException.php on line 33.
 1 SYSTEMPATH/View/View.php(201): CodeIgniter\Exceptions\FrameworkException::forInvalidFile()
 2 SYSTEMPATH/Common.php(1142): CodeIgniter\View\View->render()
 3 APPPATH/Controllers/Pages.php(54): view()
 4 SYSTEMPATH/CodeIgniter.php(907): App\Controllers\Pages->view()
 5 SYSTEMPATH/CodeIgniter.php(457): CodeIgniter\CodeIgniter->runController()
 6 SYSTEMPATH/CodeIgniter.php(340): CodeIgniter\CodeIgniter->handleRequest()
 7 FCPATH/index.php(71): CodeIgniter\CodeIgniter->run()
CRITICAL - 2023-01-11 02:29:33 --> Invalid file: template/kinsmen-sky/themes.php
in SYSTEMPATH/Exceptions/FrameworkException.php on line 33.
 1 SYSTEMPATH/View/View.php(201): CodeIgniter\Exceptions\FrameworkException::forInvalidFile()
 2 SYSTEMPATH/Common.php(1142): CodeIgniter\View\View->render()
 3 APPPATH/Controllers/Pages.php(54): view()
 4 SYSTEMPATH/CodeIgniter.php(907): App\Controllers\Pages->view()
 5 SYSTEMPATH/CodeIgniter.php(457): CodeIgniter\CodeIgniter->runController()
 6 SYSTEMPATH/CodeIgniter.php(340): CodeIgniter\CodeIgniter->handleRequest()
 7 FCPATH/index.php(71): CodeIgniter\CodeIgniter->run()
CRITICAL - 2023-01-11 02:31:58 --> Invalid file: template/kinsmen-sky/themes.php
in SYSTEMPATH/Exceptions/FrameworkException.php on line 33.
 1 SYSTEMPATH/View/View.php(201): CodeIgniter\Exceptions\FrameworkException::forInvalidFile()
 2 SYSTEMPATH/Common.php(1142): CodeIgniter\View\View->render()
 3 APPPATH/Controllers/Pages.php(54): view()
 4 SYSTEMPATH/CodeIgniter.php(907): App\Controllers\Pages->view()
 5 SYSTEMPATH/CodeIgniter.php(457): CodeIgniter\CodeIgniter->runController()
 6 SYSTEMPATH/CodeIgniter.php(340): CodeIgniter\CodeIgniter->handleRequest()
 7 FCPATH/index.php(71): CodeIgniter\CodeIgniter->run()
CRITICAL - 2023-01-11 02:31:58 --> Invalid file: template/kinsmen-sky/themes.php
in SYSTEMPATH/Exceptions/FrameworkException.php on line 33.
 1 SYSTEMPATH/View/View.php(201): CodeIgniter\Exceptions\FrameworkException::forInvalidFile()
 2 SYSTEMPATH/Common.php(1142): CodeIgniter\View\View->render()
 3 APPPATH/Controllers/Pages.php(54): view()
 4 SYSTEMPATH/CodeIgniter.php(907): App\Controllers\Pages->view()
 5 SYSTEMPATH/CodeIgniter.php(457): CodeIgniter\CodeIgniter->runController()
 6 SYSTEMPATH/CodeIgniter.php(340): CodeIgniter\CodeIgniter->handleRequest()
 7 FCPATH/index.php(71): CodeIgniter\CodeIgniter->run()
CRITICAL - 2023-01-11 02:32:07 --> Invalid file: template/kinsmen-sky/themes.php
in SYSTEMPATH/Exceptions/FrameworkException.php on line 33.
 1 SYSTEMPATH/View/View.php(201): CodeIgniter\Exceptions\FrameworkException::forInvalidFile()
 2 SYSTEMPATH/Common.php(1142): CodeIgniter\View\View->render()
 3 APPPATH/Controllers/Pages.php(54): view()
 4 SYSTEMPATH/CodeIgniter.php(907): App\Controllers\Pages->view()
 5 SYSTEMPATH/CodeIgniter.php(457): CodeIgniter\CodeIgniter->runController()
 6 SYSTEMPATH/CodeIgniter.php(340): CodeIgniter\CodeIgniter->handleRequest()
 7 FCPATH/index.php(71): CodeIgniter\CodeIgniter->run()
CRITICAL - 2023-01-11 02:32:07 --> Invalid file: template/kinsmen-sky/themes.php
in SYSTEMPATH/Exceptions/FrameworkException.php on line 33.
 1 SYSTEMPATH/View/View.php(201): CodeIgniter\Exceptions\FrameworkException::forInvalidFile()
 2 SYSTEMPATH/Common.php(1142): CodeIgniter\View\View->render()
 3 APPPATH/Controllers/Pages.php(54): view()
 4 SYSTEMPATH/CodeIgniter.php(907): App\Controllers\Pages->view()
 5 SYSTEMPATH/CodeIgniter.php(457): CodeIgniter\CodeIgniter->runController()
 6 SYSTEMPATH/CodeIgniter.php(340): CodeIgniter\CodeIgniter->handleRequest()
 7 FCPATH/index.php(71): CodeIgniter\CodeIgniter->run()
CRITICAL - 2023-01-11 02:32:16 --> Invalid file: template/kinsmen-sky/themes.php
in SYSTEMPATH/Exceptions/FrameworkException.php on line 33.
 1 SYSTEMPATH/View/View.php(201): CodeIgniter\Exceptions\FrameworkException::forInvalidFile()
 2 SYSTEMPATH/Common.php(1142): CodeIgniter\View\View->render()
 3 APPPATH/Controllers/Pages.php(54): view()
 4 SYSTEMPATH/CodeIgniter.php(907): App\Controllers\Pages->view()
 5 SYSTEMPATH/CodeIgniter.php(457): CodeIgniter\CodeIgniter->runController()
 6 SYSTEMPATH/CodeIgniter.php(340): CodeIgniter\CodeIgniter->handleRequest()
 7 FCPATH/index.php(71): CodeIgniter\CodeIgniter->run()
CRITICAL - 2023-01-11 02:32:16 --> Invalid file: template/kinsmen-sky/themes.php
in SYSTEMPATH/Exceptions/FrameworkException.php on line 33.
 1 SYSTEMPATH/View/View.php(201): CodeIgniter\Exceptions\FrameworkException::forInvalidFile()
 2 SYSTEMPATH/Common.php(1142): CodeIgniter\View\View->render()
 3 APPPATH/Controllers/Pages.php(54): view()
 4 SYSTEMPATH/CodeIgniter.php(907): App\Controllers\Pages->view()
 5 SYSTEMPATH/CodeIgniter.php(457): CodeIgniter\CodeIgniter->runController()
 6 SYSTEMPATH/CodeIgniter.php(340): CodeIgniter\CodeIgniter->handleRequest()
 7 FCPATH/index.php(71): CodeIgniter\CodeIgniter->run()
CRITICAL - 2023-01-11 02:32:51 --> Invalid file: template/kinsmen-sky/themes.php
in SYSTEMPATH/Exceptions/FrameworkException.php on line 33.
 1 SYSTEMPATH/View/View.php(201): CodeIgniter\Exceptions\FrameworkException::forInvalidFile()
 2 SYSTEMPATH/Common.php(1142): CodeIgniter\View\View->render()
 3 APPPATH/Controllers/Pages.php(54): view()
 4 SYSTEMPATH/CodeIgniter.php(907): App\Controllers\Pages->view()
 5 SYSTEMPATH/CodeIgniter.php(457): CodeIgniter\CodeIgniter->runController()
 6 SYSTEMPATH/CodeIgniter.php(340): CodeIgniter\CodeIgniter->handleRequest()
 7 FCPATH/index.php(71): CodeIgniter\CodeIgniter->run()
CRITICAL - 2023-01-11 02:32:51 --> Invalid file: template/kinsmen-sky/themes.php
in SYSTEMPATH/Exceptions/FrameworkException.php on line 33.
 1 SYSTEMPATH/View/View.php(201): CodeIgniter\Exceptions\FrameworkException::forInvalidFile()
 2 SYSTEMPATH/Common.php(1142): CodeIgniter\View\View->render()
 3 APPPATH/Controllers/Pages.php(54): view()
 4 SYSTEMPATH/CodeIgniter.php(907): App\Controllers\Pages->view()
 5 SYSTEMPATH/CodeIgniter.php(457): CodeIgniter\CodeIgniter->runController()
 6 SYSTEMPATH/CodeIgniter.php(340): CodeIgniter\CodeIgniter->handleRequest()
 7 FCPATH/index.php(71): CodeIgniter\CodeIgniter->run()
CRITICAL - 2023-01-11 02:33:24 --> Invalid file: template/kinsmen-sky/themes.php
in SYSTEMPATH/Exceptions/FrameworkException.php on line 33.
 1 SYSTEMPATH/View/View.php(201): CodeIgniter\Exceptions\FrameworkException::forInvalidFile()
 2 SYSTEMPATH/Common.php(1142): CodeIgniter\View\View->render()
 3 APPPATH/Controllers/Pages.php(54): view()
 4 SYSTEMPATH/CodeIgniter.php(907): App\Controllers\Pages->view()
 5 SYSTEMPATH/CodeIgniter.php(457): CodeIgniter\CodeIgniter->runController()
 6 SYSTEMPATH/CodeIgniter.php(340): CodeIgniter\CodeIgniter->handleRequest()
 7 FCPATH/index.php(71): CodeIgniter\CodeIgniter->run()
CRITICAL - 2023-01-11 02:33:24 --> Invalid file: template/kinsmen-sky/themes.php
in SYSTEMPATH/Exceptions/FrameworkException.php on line 33.
 1 SYSTEMPATH/View/View.php(201): CodeIgniter\Exceptions\FrameworkException::forInvalidFile()
 2 SYSTEMPATH/Common.php(1142): CodeIgniter\View\View->render()
 3 APPPATH/Controllers/Pages.php(54): view()
 4 SYSTEMPATH/CodeIgniter.php(907): App\Controllers\Pages->view()
 5 SYSTEMPATH/CodeIgniter.php(457): CodeIgniter\CodeIgniter->runController()
 6 SYSTEMPATH/CodeIgniter.php(340): CodeIgniter\CodeIgniter->handleRequest()
 7 FCPATH/index.php(71): CodeIgniter\CodeIgniter->run()
CRITICAL - 2023-01-11 02:33:32 --> Invalid file: template/kinsmen-sky/themes.php
in SYSTEMPATH/Exceptions/FrameworkException.php on line 33.
 1 SYSTEMPATH/View/View.php(201): CodeIgniter\Exceptions\FrameworkException::forInvalidFile()
 2 SYSTEMPATH/Common.php(1142): CodeIgniter\View\View->render()
 3 APPPATH/Controllers/Pages.php(54): view()
 4 SYSTEMPATH/CodeIgniter.php(907): App\Controllers\Pages->view()
 5 SYSTEMPATH/CodeIgniter.php(457): CodeIgniter\CodeIgniter->runController()
 6 SYSTEMPATH/CodeIgniter.php(340): CodeIgniter\CodeIgniter->handleRequest()
 7 FCPATH/index.php(71): CodeIgniter\CodeIgniter->run()
CRITICAL - 2023-01-11 02:33:32 --> Invalid file: template/kinsmen-sky/themes.php
in SYSTEMPATH/Exceptions/FrameworkException.php on line 33.
 1 SYSTEMPATH/View/View.php(201): CodeIgniter\Exceptions\FrameworkException::forInvalidFile()
 2 SYSTEMPATH/Common.php(1142): CodeIgniter\View\View->render()
 3 APPPATH/Controllers/Pages.php(54): view()
 4 SYSTEMPATH/CodeIgniter.php(907): App\Controllers\Pages->view()
 5 SYSTEMPATH/CodeIgniter.php(457): CodeIgniter\CodeIgniter->runController()
 6 SYSTEMPATH/CodeIgniter.php(340): CodeIgniter\CodeIgniter->handleRequest()
 7 FCPATH/index.php(71): CodeIgniter\CodeIgniter->run()
CRITICAL - 2023-01-11 05:59:00 --> Invalid file: template/kinsmen-sky/themes.php
in SYSTEMPATH/Exceptions/FrameworkException.php on line 33.
 1 SYSTEMPATH/View/View.php(201): CodeIgniter\Exceptions\FrameworkException::forInvalidFile()
 2 SYSTEMPATH/Common.php(1142): CodeIgniter\View\View->render()
 3 APPPATH/Controllers/Pages.php(54): view()
 4 SYSTEMPATH/CodeIgniter.php(907): App\Controllers\Pages->view()
 5 SYSTEMPATH/CodeIgniter.php(457): CodeIgniter\CodeIgniter->runController()
 6 SYSTEMPATH/CodeIgniter.php(340): CodeIgniter\CodeIgniter->handleRequest()
 7 FCPATH/index.php(71): CodeIgniter\CodeIgniter->run()
CRITICAL - 2023-01-11 05:59:01 --> Invalid file: template/kinsmen-sky/themes.php
in SYSTEMPATH/Exceptions/FrameworkException.php on line 33.
 1 SYSTEMPATH/View/View.php(201): CodeIgniter\Exceptions\FrameworkException::forInvalidFile()
 2 SYSTEMPATH/Common.php(1142): CodeIgniter\View\View->render()
 3 APPPATH/Controllers/Pages.php(54): view()
 4 SYSTEMPATH/CodeIgniter.php(907): App\Controllers\Pages->view()
 5 SYSTEMPATH/CodeIgniter.php(457): CodeIgniter\CodeIgniter->runController()
 6 SYSTEMPATH/CodeIgniter.php(340): CodeIgniter\CodeIgniter->handleRequest()
 7 FCPATH/index.php(71): CodeIgniter\CodeIgniter->run()
CRITICAL - 2023-01-11 05:59:01 --> Invalid file: template/kinsmen-sky/themes.php
in SYSTEMPATH/Exceptions/FrameworkException.php on line 33.
 1 SYSTEMPATH/View/View.php(201): CodeIgniter\Exceptions\FrameworkException::forInvalidFile()
 2 SYSTEMPATH/Common.php(1142): CodeIgniter\View\View->render()
 3 APPPATH/Controllers/Pages.php(54): view()
 4 SYSTEMPATH/CodeIgniter.php(907): App\Controllers\Pages->view()
 5 SYSTEMPATH/CodeIgniter.php(457): CodeIgniter\CodeIgniter->runController()
 6 SYSTEMPATH/CodeIgniter.php(340): CodeIgniter\CodeIgniter->handleRequest()
 7 FCPATH/index.php(71): CodeIgniter\CodeIgniter->run()
CRITICAL - 2023-01-11 05:59:11 --> Invalid file: template/kinsmen-sky/themes.php
in SYSTEMPATH/Exceptions/FrameworkException.php on line 33.
 1 SYSTEMPATH/View/View.php(201): CodeIgniter\Exceptions\FrameworkException::forInvalidFile()
 2 SYSTEMPATH/Common.php(1142): CodeIgniter\View\View->render()
 3 APPPATH/Controllers/Pages.php(54): view()
 4 SYSTEMPATH/CodeIgniter.php(907): App\Controllers\Pages->view()
 5 SYSTEMPATH/CodeIgniter.php(457): CodeIgniter\CodeIgniter->runController()
 6 SYSTEMPATH/CodeIgniter.php(340): CodeIgniter\CodeIgniter->handleRequest()
 7 FCPATH/index.php(71): CodeIgniter\CodeIgniter->run()
CRITICAL - 2023-01-11 05:59:12 --> Invalid file: template/kinsmen-sky/themes.php
in SYSTEMPATH/Exceptions/FrameworkException.php on line 33.
 1 SYSTEMPATH/View/View.php(201): CodeIgniter\Exceptions\FrameworkException::forInvalidFile()
 2 SYSTEMPATH/Common.php(1142): CodeIgniter\View\View->render()
 3 APPPATH/Controllers/Pages.php(54): view()
 4 SYSTEMPATH/CodeIgniter.php(907): App\Controllers\Pages->view()
 5 SYSTEMPATH/CodeIgniter.php(457): CodeIgniter\CodeIgniter->runController()
 6 SYSTEMPATH/CodeIgniter.php(340): CodeIgniter\CodeIgniter->handleRequest()
 7 FCPATH/index.php(71): CodeIgniter\CodeIgniter->run()
CRITICAL - 2023-01-11 05:59:12 --> Invalid file: template/kinsmen-sky/themes.php
in SYSTEMPATH/Exceptions/FrameworkException.php on line 33.
 1 SYSTEMPATH/View/View.php(201): CodeIgniter\Exceptions\FrameworkException::forInvalidFile()
 2 SYSTEMPATH/Common.php(1142): CodeIgniter\View\View->render()
 3 APPPATH/Controllers/Pages.php(54): view()
 4 SYSTEMPATH/CodeIgniter.php(907): App\Controllers\Pages->view()
 5 SYSTEMPATH/CodeIgniter.php(457): CodeIgniter\CodeIgniter->runController()
 6 SYSTEMPATH/CodeIgniter.php(340): CodeIgniter\CodeIgniter->handleRequest()
 7 FCPATH/index.php(71): CodeIgniter\CodeIgniter->run()
CRITICAL - 2023-01-11 06:16:57 --> Invalid file: template/kinsmen-sky/assets.php
in SYSTEMPATH/Exceptions/FrameworkException.php on line 33.
 1 SYSTEMPATH/View/View.php(201): CodeIgniter\Exceptions\FrameworkException::forInvalidFile()
 2 SYSTEMPATH/Common.php(1142): CodeIgniter\View\View->render()
 3 APPPATH/Controllers/Pages.php(54): view()
 4 SYSTEMPATH/CodeIgniter.php(907): App\Controllers\Pages->view()
 5 SYSTEMPATH/CodeIgniter.php(457): CodeIgniter\CodeIgniter->runController()
 6 SYSTEMPATH/CodeIgniter.php(340): CodeIgniter\CodeIgniter->handleRequest()
 7 FCPATH/index.php(71): CodeIgniter\CodeIgniter->run()
CRITICAL - 2023-01-11 06:16:57 --> Invalid file: template/kinsmen-sky/assets.php
in SYSTEMPATH/Exceptions/FrameworkException.php on line 33.
 1 SYSTEMPATH/View/View.php(201): CodeIgniter\Exceptions\FrameworkException::forInvalidFile()
 2 SYSTEMPATH/Common.php(1142): CodeIgniter\View\View->render()
 3 APPPATH/Controllers/Pages.php(54): view()
 4 SYSTEMPATH/CodeIgniter.php(907): App\Controllers\Pages->view()
 5 SYSTEMPATH/CodeIgniter.php(457): CodeIgniter\CodeIgniter->runController()
 6 SYSTEMPATH/CodeIgniter.php(340): CodeIgniter\CodeIgniter->handleRequest()
 7 FCPATH/index.php(71): CodeIgniter\CodeIgniter->run()
CRITICAL - 2023-01-11 06:17:02 --> Invalid file: template/kinsmen-sky/assets.php
in SYSTEMPATH/Exceptions/FrameworkException.php on line 33.
 1 SYSTEMPATH/View/View.php(201): CodeIgniter\Exceptions\FrameworkException::forInvalidFile()
 2 SYSTEMPATH/Common.php(1142): CodeIgniter\View\View->render()
 3 APPPATH/Controllers/Pages.php(54): view()
 4 SYSTEMPATH/CodeIgniter.php(907): App\Controllers\Pages->view()
 5 SYSTEMPATH/CodeIgniter.php(457): CodeIgniter\CodeIgniter->runController()
 6 SYSTEMPATH/CodeIgniter.php(340): CodeIgniter\CodeIgniter->handleRequest()
 7 FCPATH/index.php(71): CodeIgniter\CodeIgniter->run()
CRITICAL - 2023-01-11 06:17:02 --> Invalid file: template/kinsmen-sky/assets.php
in SYSTEMPATH/Exceptions/FrameworkException.php on line 33.
 1 SYSTEMPATH/View/View.php(201): CodeIgniter\Exceptions\FrameworkException::forInvalidFile()
 2 SYSTEMPATH/Common.php(1142): CodeIgniter\View\View->render()
 3 APPPATH/Controllers/Pages.php(54): view()
 4 SYSTEMPATH/CodeIgniter.php(907): App\Controllers\Pages->view()
 5 SYSTEMPATH/CodeIgniter.php(457): CodeIgniter\CodeIgniter->runController()
 6 SYSTEMPATH/CodeIgniter.php(340): CodeIgniter\CodeIgniter->handleRequest()
 7 FCPATH/index.php(71): CodeIgniter\CodeIgniter->run()
CRITICAL - 2023-01-11 06:17:02 --> Invalid file: template/kinsmen-sky/assets.php
in SYSTEMPATH/Exceptions/FrameworkException.php on line 33.
 1 SYSTEMPATH/View/View.php(201): CodeIgniter\Exceptions\FrameworkException::forInvalidFile()
 2 SYSTEMPATH/Common.php(1142): CodeIgniter\View\View->render()
 3 APPPATH/Controllers/Pages.php(54): view()
 4 SYSTEMPATH/CodeIgniter.php(907): App\Controllers\Pages->view()
 5 SYSTEMPATH/CodeIgniter.php(457): CodeIgniter\CodeIgniter->runController()
 6 SYSTEMPATH/CodeIgniter.php(340): CodeIgniter\CodeIgniter->handleRequest()
 7 FCPATH/index.php(71): CodeIgniter\CodeIgniter->run()
CRITICAL - 2023-01-11 06:17:14 --> Invalid file: template/kinsmen-sky/assets.php
in SYSTEMPATH/Exceptions/FrameworkException.php on line 33.
 1 SYSTEMPATH/View/View.php(201): CodeIgniter\Exceptions\FrameworkException::forInvalidFile()
 2 SYSTEMPATH/Common.php(1142): CodeIgniter\View\View->render()
 3 APPPATH/Controllers/Pages.php(54): view()
 4 SYSTEMPATH/CodeIgniter.php(907): App\Controllers\Pages->view()
 5 SYSTEMPATH/CodeIgniter.php(457): CodeIgniter\CodeIgniter->runController()
 6 SYSTEMPATH/CodeIgniter.php(340): CodeIgniter\CodeIgniter->handleRequest()
 7 FCPATH/index.php(71): CodeIgniter\CodeIgniter->run()
CRITICAL - 2023-01-11 06:17:43 --> Invalid file: template/kinsmen-sky/assets.php
in SYSTEMPATH/Exceptions/FrameworkException.php on line 33.
 1 SYSTEMPATH/View/View.php(201): CodeIgniter\Exceptions\FrameworkException::forInvalidFile()
 2 SYSTEMPATH/Common.php(1142): CodeIgniter\View\View->render()
 3 APPPATH/Controllers/Pages.php(54): view()
 4 SYSTEMPATH/CodeIgniter.php(907): App\Controllers\Pages->view()
 5 SYSTEMPATH/CodeIgniter.php(457): CodeIgniter\CodeIgniter->runController()
 6 SYSTEMPATH/CodeIgniter.php(340): CodeIgniter\CodeIgniter->handleRequest()
 7 FCPATH/index.php(71): CodeIgniter\CodeIgniter->run()
CRITICAL - 2023-01-11 06:17:43 --> Invalid file: template/kinsmen-sky/assets.php
in SYSTEMPATH/Exceptions/FrameworkException.php on line 33.
 1 SYSTEMPATH/View/View.php(201): CodeIgniter\Exceptions\FrameworkException::forInvalidFile()
 2 SYSTEMPATH/Common.php(1142): CodeIgniter\View\View->render()
 3 APPPATH/Controllers/Pages.php(54): view()
 4 SYSTEMPATH/CodeIgniter.php(907): App\Controllers\Pages->view()
 5 SYSTEMPATH/CodeIgniter.php(457): CodeIgniter\CodeIgniter->runController()
 6 SYSTEMPATH/CodeIgniter.php(340): CodeIgniter\CodeIgniter->handleRequest()
 7 FCPATH/index.php(71): CodeIgniter\CodeIgniter->run()
CRITICAL - 2023-01-11 06:17:43 --> Invalid file: template/kinsmen-sky/assets.php
in SYSTEMPATH/Exceptions/FrameworkException.php on line 33.
 1 SYSTEMPATH/View/View.php(201): CodeIgniter\Exceptions\FrameworkException::forInvalidFile()
 2 SYSTEMPATH/Common.php(1142): CodeIgniter\View\View->render()
 3 APPPATH/Controllers/Pages.php(54): view()
 4 SYSTEMPATH/CodeIgniter.php(907): App\Controllers\Pages->view()
 5 SYSTEMPATH/CodeIgniter.php(457): CodeIgniter\CodeIgniter->runController()
 6 SYSTEMPATH/CodeIgniter.php(340): CodeIgniter\CodeIgniter->handleRequest()
 7 FCPATH/index.php(71): CodeIgniter\CodeIgniter->run()
CRITICAL - 2023-01-11 06:19:40 --> Invalid file: template/kinsmen-sky/assets.php
in SYSTEMPATH/Exceptions/FrameworkException.php on line 33.
 1 SYSTEMPATH/View/View.php(201): CodeIgniter\Exceptions\FrameworkException::forInvalidFile()
 2 SYSTEMPATH/Common.php(1142): CodeIgniter\View\View->render()
 3 APPPATH/Controllers/Pages.php(54): view()
 4 SYSTEMPATH/CodeIgniter.php(907): App\Controllers\Pages->view()
 5 SYSTEMPATH/CodeIgniter.php(457): CodeIgniter\CodeIgniter->runController()
 6 SYSTEMPATH/CodeIgniter.php(340): CodeIgniter\CodeIgniter->handleRequest()
 7 FCPATH/index.php(71): CodeIgniter\CodeIgniter->run()
CRITICAL - 2023-01-11 06:19:41 --> Invalid file: template/kinsmen-sky/assets.php
in SYSTEMPATH/Exceptions/FrameworkException.php on line 33.
 1 SYSTEMPATH/View/View.php(201): CodeIgniter\Exceptions\FrameworkException::forInvalidFile()
 2 SYSTEMPATH/Common.php(1142): CodeIgniter\View\View->render()
 3 APPPATH/Controllers/Pages.php(54): view()
 4 SYSTEMPATH/CodeIgniter.php(907): App\Controllers\Pages->view()
 5 SYSTEMPATH/CodeIgniter.php(457): CodeIgniter\CodeIgniter->runController()
 6 SYSTEMPATH/CodeIgniter.php(340): CodeIgniter\CodeIgniter->handleRequest()
 7 FCPATH/index.php(71): CodeIgniter\CodeIgniter->run()
CRITICAL - 2023-01-11 06:19:41 --> Invalid file: template/kinsmen-sky/assets.php
in SYSTEMPATH/Exceptions/FrameworkException.php on line 33.
 1 SYSTEMPATH/View/View.php(201): CodeIgniter\Exceptions\FrameworkException::forInvalidFile()
 2 SYSTEMPATH/Common.php(1142): CodeIgniter\View\View->render()
 3 APPPATH/Controllers/Pages.php(54): view()
 4 SYSTEMPATH/CodeIgniter.php(907): App\Controllers\Pages->view()
 5 SYSTEMPATH/CodeIgniter.php(457): CodeIgniter\CodeIgniter->runController()
 6 SYSTEMPATH/CodeIgniter.php(340): CodeIgniter\CodeIgniter->handleRequest()
 7 FCPATH/index.php(71): CodeIgniter\CodeIgniter->run()
CRITICAL - 2023-01-11 06:19:45 --> Invalid file: template/kinsmen-sky/assets.php
in SYSTEMPATH/Exceptions/FrameworkException.php on line 33.
 1 SYSTEMPATH/View/View.php(201): CodeIgniter\Exceptions\FrameworkException::forInvalidFile()
 2 SYSTEMPATH/Common.php(1142): CodeIgniter\View\View->render()
 3 APPPATH/Controllers/Pages.php(54): view()
 4 SYSTEMPATH/CodeIgniter.php(907): App\Controllers\Pages->view()
 5 SYSTEMPATH/CodeIgniter.php(457): CodeIgniter\CodeIgniter->runController()
 6 SYSTEMPATH/CodeIgniter.php(340): CodeIgniter\CodeIgniter->handleRequest()
 7 FCPATH/index.php(71): CodeIgniter\CodeIgniter->run()
CRITICAL - 2023-01-11 06:19:45 --> Invalid file: template/kinsmen-sky/assets.php
in SYSTEMPATH/Exceptions/FrameworkException.php on line 33.
 1 SYSTEMPATH/View/View.php(201): CodeIgniter\Exceptions\FrameworkException::forInvalidFile()
 2 SYSTEMPATH/Common.php(1142): CodeIgniter\View\View->render()
 3 APPPATH/Controllers/Pages.php(54): view()
 4 SYSTEMPATH/CodeIgniter.php(907): App\Controllers\Pages->view()
 5 SYSTEMPATH/CodeIgniter.php(457): CodeIgniter\CodeIgniter->runController()
 6 SYSTEMPATH/CodeIgniter.php(340): CodeIgniter\CodeIgniter->handleRequest()
 7 FCPATH/index.php(71): CodeIgniter\CodeIgniter->run()
CRITICAL - 2023-01-11 06:19:45 --> Invalid file: template/kinsmen-sky/assets.php
in SYSTEMPATH/Exceptions/FrameworkException.php on line 33.
 1 SYSTEMPATH/View/View.php(201): CodeIgniter\Exceptions\FrameworkException::forInvalidFile()
 2 SYSTEMPATH/Common.php(1142): CodeIgniter\View\View->render()
 3 APPPATH/Controllers/Pages.php(54): view()
 4 SYSTEMPATH/CodeIgniter.php(907): App\Controllers\Pages->view()
 5 SYSTEMPATH/CodeIgniter.php(457): CodeIgniter\CodeIgniter->runController()
 6 SYSTEMPATH/CodeIgniter.php(340): CodeIgniter\CodeIgniter->handleRequest()
 7 FCPATH/index.php(71): CodeIgniter\CodeIgniter->run()
CRITICAL - 2023-01-11 06:19:50 --> Invalid file: template/kinsmen-sky/themes.php
in SYSTEMPATH/Exceptions/FrameworkException.php on line 33.
 1 SYSTEMPATH/View/View.php(201): CodeIgniter\Exceptions\FrameworkException::forInvalidFile()
 2 SYSTEMPATH/Common.php(1142): CodeIgniter\View\View->render()
 3 APPPATH/Controllers/Pages.php(54): view()
 4 SYSTEMPATH/CodeIgniter.php(907): App\Controllers\Pages->view()
 5 SYSTEMPATH/CodeIgniter.php(457): CodeIgniter\CodeIgniter->runController()
 6 SYSTEMPATH/CodeIgniter.php(340): CodeIgniter\CodeIgniter->handleRequest()
 7 FCPATH/index.php(71): CodeIgniter\CodeIgniter->run()
CRITICAL - 2023-01-11 06:19:50 --> Invalid file: template/kinsmen-sky/themes.php
in SYSTEMPATH/Exceptions/FrameworkException.php on line 33.
 1 SYSTEMPATH/View/View.php(201): CodeIgniter\Exceptions\FrameworkException::forInvalidFile()
 2 SYSTEMPATH/Common.php(1142): CodeIgniter\View\View->render()
 3 APPPATH/Controllers/Pages.php(54): view()
 4 SYSTEMPATH/CodeIgniter.php(907): App\Controllers\Pages->view()
 5 SYSTEMPATH/CodeIgniter.php(457): CodeIgniter\CodeIgniter->runController()
 6 SYSTEMPATH/CodeIgniter.php(340): CodeIgniter\CodeIgniter->handleRequest()
 7 FCPATH/index.php(71): CodeIgniter\CodeIgniter->run()
CRITICAL - 2023-01-11 06:19:50 --> Invalid file: template/kinsmen-sky/themes.php
in SYSTEMPATH/Exceptions/FrameworkException.php on line 33.
 1 SYSTEMPATH/View/View.php(201): CodeIgniter\Exceptions\FrameworkException::forInvalidFile()
 2 SYSTEMPATH/Common.php(1142): CodeIgniter\View\View->render()
 3 APPPATH/Controllers/Pages.php(54): view()
 4 SYSTEMPATH/CodeIgniter.php(907): App\Controllers\Pages->view()
 5 SYSTEMPATH/CodeIgniter.php(457): CodeIgniter\CodeIgniter->runController()
 6 SYSTEMPATH/CodeIgniter.php(340): CodeIgniter\CodeIgniter->handleRequest()
 7 FCPATH/index.php(71): CodeIgniter\CodeIgniter->run()
CRITICAL - 2023-01-11 06:20:33 --> Invalid file: template/kinsmen-sky/assets.php
in SYSTEMPATH/Exceptions/FrameworkException.php on line 33.
 1 SYSTEMPATH/View/View.php(201): CodeIgniter\Exceptions\FrameworkException::forInvalidFile()
 2 SYSTEMPATH/Common.php(1142): CodeIgniter\View\View->render()
 3 APPPATH/Controllers/Pages.php(54): view()
 4 SYSTEMPATH/CodeIgniter.php(907): App\Controllers\Pages->view()
 5 SYSTEMPATH/CodeIgniter.php(457): CodeIgniter\CodeIgniter->runController()
 6 SYSTEMPATH/CodeIgniter.php(340): CodeIgniter\CodeIgniter->handleRequest()
 7 FCPATH/index.php(71): CodeIgniter\CodeIgniter->run()
CRITICAL - 2023-01-11 06:20:34 --> Invalid file: template/kinsmen-sky/assets.php
in SYSTEMPATH/Exceptions/FrameworkException.php on line 33.
 1 SYSTEMPATH/View/View.php(201): CodeIgniter\Exceptions\FrameworkException::forInvalidFile()
 2 SYSTEMPATH/Common.php(1142): CodeIgniter\View\View->render()
 3 APPPATH/Controllers/Pages.php(54): view()
 4 SYSTEMPATH/CodeIgniter.php(907): App\Controllers\Pages->view()
 5 SYSTEMPATH/CodeIgniter.php(457): CodeIgniter\CodeIgniter->runController()
 6 SYSTEMPATH/CodeIgniter.php(340): CodeIgniter\CodeIgniter->handleRequest()
 7 FCPATH/index.php(71): CodeIgniter\CodeIgniter->run()
CRITICAL - 2023-01-11 06:20:34 --> Invalid file: template/kinsmen-sky/assets.php
in SYSTEMPATH/Exceptions/FrameworkException.php on line 33.
 1 SYSTEMPATH/View/View.php(201): CodeIgniter\Exceptions\FrameworkException::forInvalidFile()
 2 SYSTEMPATH/Common.php(1142): CodeIgniter\View\View->render()
 3 APPPATH/Controllers/Pages.php(54): view()
 4 SYSTEMPATH/CodeIgniter.php(907): App\Controllers\Pages->view()
 5 SYSTEMPATH/CodeIgniter.php(457): CodeIgniter\CodeIgniter->runController()
 6 SYSTEMPATH/CodeIgniter.php(340): CodeIgniter\CodeIgniter->handleRequest()
 7 FCPATH/index.php(71): CodeIgniter\CodeIgniter->run()
CRITICAL - 2023-01-11 06:20:35 --> Invalid file: template/kinsmen-sky/themes.php
in SYSTEMPATH/Exceptions/FrameworkException.php on line 33.
 1 SYSTEMPATH/View/View.php(201): CodeIgniter\Exceptions\FrameworkException::forInvalidFile()
 2 SYSTEMPATH/Common.php(1142): CodeIgniter\View\View->render()
 3 APPPATH/Controllers/Pages.php(54): view()
 4 SYSTEMPATH/CodeIgniter.php(907): App\Controllers\Pages->view()
 5 SYSTEMPATH/CodeIgniter.php(457): CodeIgniter\CodeIgniter->runController()
 6 SYSTEMPATH/CodeIgniter.php(340): CodeIgniter\CodeIgniter->handleRequest()
 7 FCPATH/index.php(71): CodeIgniter\CodeIgniter->run()
CRITICAL - 2023-01-11 06:20:35 --> Invalid file: template/kinsmen-sky/themes.php
in SYSTEMPATH/Exceptions/FrameworkException.php on line 33.
 1 SYSTEMPATH/View/View.php(201): CodeIgniter\Exceptions\FrameworkException::forInvalidFile()
 2 SYSTEMPATH/Common.php(1142): CodeIgniter\View\View->render()
 3 APPPATH/Controllers/Pages.php(54): view()
 4 SYSTEMPATH/CodeIgniter.php(907): App\Controllers\Pages->view()
 5 SYSTEMPATH/CodeIgniter.php(457): CodeIgniter\CodeIgniter->runController()
 6 SYSTEMPATH/CodeIgniter.php(340): CodeIgniter\CodeIgniter->handleRequest()
 7 FCPATH/index.php(71): CodeIgniter\CodeIgniter->run()
CRITICAL - 2023-01-11 06:20:35 --> Invalid file: template/kinsmen-sky/themes.php
in SYSTEMPATH/Exceptions/FrameworkException.php on line 33.
 1 SYSTEMPATH/View/View.php(201): CodeIgniter\Exceptions\FrameworkException::forInvalidFile()
 2 SYSTEMPATH/Common.php(1142): CodeIgniter\View\View->render()
 3 APPPATH/Controllers/Pages.php(54): view()
 4 SYSTEMPATH/CodeIgniter.php(907): App\Controllers\Pages->view()
 5 SYSTEMPATH/CodeIgniter.php(457): CodeIgniter\CodeIgniter->runController()
 6 SYSTEMPATH/CodeIgniter.php(340): CodeIgniter\CodeIgniter->handleRequest()
 7 FCPATH/index.php(71): CodeIgniter\CodeIgniter->run()
CRITICAL - 2023-01-11 06:20:51 --> Invalid file: template/kinsmen-sky/themes.php
in SYSTEMPATH/Exceptions/FrameworkException.php on line 33.
 1 SYSTEMPATH/View/View.php(201): CodeIgniter\Exceptions\FrameworkException::forInvalidFile()
 2 SYSTEMPATH/Common.php(1142): CodeIgniter\View\View->render()
 3 APPPATH/Controllers/Pages.php(54): view()
 4 SYSTEMPATH/CodeIgniter.php(907): App\Controllers\Pages->view()
 5 SYSTEMPATH/CodeIgniter.php(457): CodeIgniter\CodeIgniter->runController()
 6 SYSTEMPATH/CodeIgniter.php(340): CodeIgniter\CodeIgniter->handleRequest()
 7 FCPATH/index.php(71): CodeIgniter\CodeIgniter->run()
CRITICAL - 2023-01-11 06:20:51 --> Invalid file: template/kinsmen-sky/themes.php
in SYSTEMPATH/Exceptions/FrameworkException.php on line 33.
 1 SYSTEMPATH/View/View.php(201): CodeIgniter\Exceptions\FrameworkException::forInvalidFile()
 2 SYSTEMPATH/Common.php(1142): CodeIgniter\View\View->render()
 3 APPPATH/Controllers/Pages.php(54): view()
 4 SYSTEMPATH/CodeIgniter.php(907): App\Controllers\Pages->view()
 5 SYSTEMPATH/CodeIgniter.php(457): CodeIgniter\CodeIgniter->runController()
 6 SYSTEMPATH/CodeIgniter.php(340): CodeIgniter\CodeIgniter->handleRequest()
 7 FCPATH/index.php(71): CodeIgniter\CodeIgniter->run()
CRITICAL - 2023-01-11 06:20:51 --> Invalid file: template/kinsmen-sky/themes.php
in SYSTEMPATH/Exceptions/FrameworkException.php on line 33.
 1 SYSTEMPATH/View/View.php(201): CodeIgniter\Exceptions\FrameworkException::forInvalidFile()
 2 SYSTEMPATH/Common.php(1142): CodeIgniter\View\View->render()
 3 APPPATH/Controllers/Pages.php(54): view()
 4 SYSTEMPATH/CodeIgniter.php(907): App\Controllers\Pages->view()
 5 SYSTEMPATH/CodeIgniter.php(457): CodeIgniter\CodeIgniter->runController()
 6 SYSTEMPATH/CodeIgniter.php(340): CodeIgniter\CodeIgniter->handleRequest()
 7 FCPATH/index.php(71): CodeIgniter\CodeIgniter->run()
CRITICAL - 2023-01-11 06:21:19 --> Invalid file: template/kinsmen-sky/themes.php
in SYSTEMPATH/Exceptions/FrameworkException.php on line 33.
 1 SYSTEMPATH/View/View.php(201): CodeIgniter\Exceptions\FrameworkException::forInvalidFile()
 2 SYSTEMPATH/Common.php(1142): CodeIgniter\View\View->render()
 3 APPPATH/Controllers/Pages.php(54): view()
 4 SYSTEMPATH/CodeIgniter.php(907): App\Controllers\Pages->view()
 5 SYSTEMPATH/CodeIgniter.php(457): CodeIgniter\CodeIgniter->runController()
 6 SYSTEMPATH/CodeIgniter.php(340): CodeIgniter\CodeIgniter->handleRequest()
 7 FCPATH/index.php(71): CodeIgniter\CodeIgniter->run()
CRITICAL - 2023-01-11 06:21:19 --> Invalid file: template/kinsmen-sky/themes.php
in SYSTEMPATH/Exceptions/FrameworkException.php on line 33.
 1 SYSTEMPATH/View/View.php(201): CodeIgniter\Exceptions\FrameworkException::forInvalidFile()
 2 SYSTEMPATH/Common.php(1142): CodeIgniter\View\View->render()
 3 APPPATH/Controllers/Pages.php(54): view()
 4 SYSTEMPATH/CodeIgniter.php(907): App\Controllers\Pages->view()
 5 SYSTEMPATH/CodeIgniter.php(457): CodeIgniter\CodeIgniter->runController()
 6 SYSTEMPATH/CodeIgniter.php(340): CodeIgniter\CodeIgniter->handleRequest()
 7 FCPATH/index.php(71): CodeIgniter\CodeIgniter->run()
CRITICAL - 2023-01-11 06:21:19 --> Invalid file: template/kinsmen-sky/themes.php
in SYSTEMPATH/Exceptions/FrameworkException.php on line 33.
 1 SYSTEMPATH/View/View.php(201): CodeIgniter\Exceptions\FrameworkException::forInvalidFile()
 2 SYSTEMPATH/Common.php(1142): CodeIgniter\View\View->render()
 3 APPPATH/Controllers/Pages.php(54): view()
 4 SYSTEMPATH/CodeIgniter.php(907): App\Controllers\Pages->view()
 5 SYSTEMPATH/CodeIgniter.php(457): CodeIgniter\CodeIgniter->runController()
 6 SYSTEMPATH/CodeIgniter.php(340): CodeIgniter\CodeIgniter->handleRequest()
 7 FCPATH/index.php(71): CodeIgniter\CodeIgniter->run()
CRITICAL - 2023-01-11 06:21:23 --> Invalid file: template/kinsmen-sky/themes.php
in SYSTEMPATH/Exceptions/FrameworkException.php on line 33.
 1 SYSTEMPATH/View/View.php(201): CodeIgniter\Exceptions\FrameworkException::forInvalidFile()
 2 SYSTEMPATH/Common.php(1142): CodeIgniter\View\View->render()
 3 APPPATH/Controllers/Pages.php(54): view()
 4 SYSTEMPATH/CodeIgniter.php(907): App\Controllers\Pages->view()
 5 SYSTEMPATH/CodeIgniter.php(457): CodeIgniter\CodeIgniter->runController()
 6 SYSTEMPATH/CodeIgniter.php(340): CodeIgniter\CodeIgniter->handleRequest()
 7 FCPATH/index.php(71): CodeIgniter\CodeIgniter->run()
CRITICAL - 2023-01-11 06:21:23 --> Invalid file: template/kinsmen-sky/themes.php
in SYSTEMPATH/Exceptions/FrameworkException.php on line 33.
 1 SYSTEMPATH/View/View.php(201): CodeIgniter\Exceptions\FrameworkException::forInvalidFile()
 2 SYSTEMPATH/Common.php(1142): CodeIgniter\View\View->render()
 3 APPPATH/Controllers/Pages.php(54): view()
 4 SYSTEMPATH/CodeIgniter.php(907): App\Controllers\Pages->view()
 5 SYSTEMPATH/CodeIgniter.php(457): CodeIgniter\CodeIgniter->runController()
 6 SYSTEMPATH/CodeIgniter.php(340): CodeIgniter\CodeIgniter->handleRequest()
 7 FCPATH/index.php(71): CodeIgniter\CodeIgniter->run()
CRITICAL - 2023-01-11 06:21:23 --> Invalid file: template/kinsmen-sky/themes.php
in SYSTEMPATH/Exceptions/FrameworkException.php on line 33.
 1 SYSTEMPATH/View/View.php(201): CodeIgniter\Exceptions\FrameworkException::forInvalidFile()
 2 SYSTEMPATH/Common.php(1142): CodeIgniter\View\View->render()
 3 APPPATH/Controllers/Pages.php(54): view()
 4 SYSTEMPATH/CodeIgniter.php(907): App\Controllers\Pages->view()
 5 SYSTEMPATH/CodeIgniter.php(457): CodeIgniter\CodeIgniter->runController()
 6 SYSTEMPATH/CodeIgniter.php(340): CodeIgniter\CodeIgniter->handleRequest()
 7 FCPATH/index.php(71): CodeIgniter\CodeIgniter->run()
CRITICAL - 2023-01-11 06:21:23 --> Invalid file: template/kinsmen-sky/themes.php
in SYSTEMPATH/Exceptions/FrameworkException.php on line 33.
 1 SYSTEMPATH/View/View.php(201): CodeIgniter\Exceptions\FrameworkException::forInvalidFile()
 2 SYSTEMPATH/Common.php(1142): CodeIgniter\View\View->render()
 3 APPPATH/Controllers/Pages.php(54): view()
 4 SYSTEMPATH/CodeIgniter.php(907): App\Controllers\Pages->view()
 5 SYSTEMPATH/CodeIgniter.php(457): CodeIgniter\CodeIgniter->runController()
 6 SYSTEMPATH/CodeIgniter.php(340): CodeIgniter\CodeIgniter->handleRequest()
 7 FCPATH/index.php(71): CodeIgniter\CodeIgniter->run()
CRITICAL - 2023-01-11 06:22:23 --> Invalid file: template/kinsmen-sky/themes.php
in SYSTEMPATH/Exceptions/FrameworkException.php on line 33.
 1 SYSTEMPATH/View/View.php(201): CodeIgniter\Exceptions\FrameworkException::forInvalidFile()
 2 SYSTEMPATH/Common.php(1142): CodeIgniter\View\View->render()
 3 APPPATH/Controllers/Pages.php(54): view()
 4 SYSTEMPATH/CodeIgniter.php(907): App\Controllers\Pages->view()
 5 SYSTEMPATH/CodeIgniter.php(457): CodeIgniter\CodeIgniter->runController()
 6 SYSTEMPATH/CodeIgniter.php(340): CodeIgniter\CodeIgniter->handleRequest()
 7 FCPATH/index.php(71): CodeIgniter\CodeIgniter->run()
CRITICAL - 2023-01-11 06:22:23 --> Invalid file: template/kinsmen-sky/themes.php
in SYSTEMPATH/Exceptions/FrameworkException.php on line 33.
 1 SYSTEMPATH/View/View.php(201): CodeIgniter\Exceptions\FrameworkException::forInvalidFile()
 2 SYSTEMPATH/Common.php(1142): CodeIgniter\View\View->render()
 3 APPPATH/Controllers/Pages.php(54): view()
 4 SYSTEMPATH/CodeIgniter.php(907): App\Controllers\Pages->view()
 5 SYSTEMPATH/CodeIgniter.php(457): CodeIgniter\CodeIgniter->runController()
 6 SYSTEMPATH/CodeIgniter.php(340): CodeIgniter\CodeIgniter->handleRequest()
 7 FCPATH/index.php(71): CodeIgniter\CodeIgniter->run()
CRITICAL - 2023-01-11 06:22:23 --> Invalid file: template/kinsmen-sky/themes.php
in SYSTEMPATH/Exceptions/FrameworkException.php on line 33.
 1 SYSTEMPATH/View/View.php(201): CodeIgniter\Exceptions\FrameworkException::forInvalidFile()
 2 SYSTEMPATH/Common.php(1142): CodeIgniter\View\View->render()
 3 APPPATH/Controllers/Pages.php(54): view()
 4 SYSTEMPATH/CodeIgniter.php(907): App\Controllers\Pages->view()
 5 SYSTEMPATH/CodeIgniter.php(457): CodeIgniter\CodeIgniter->runController()
 6 SYSTEMPATH/CodeIgniter.php(340): CodeIgniter\CodeIgniter->handleRequest()
 7 FCPATH/index.php(71): CodeIgniter\CodeIgniter->run()
CRITICAL - 2023-01-11 06:22:23 --> Invalid file: template/kinsmen-sky/themes.php
in SYSTEMPATH/Exceptions/FrameworkException.php on line 33.
 1 SYSTEMPATH/View/View.php(201): CodeIgniter\Exceptions\FrameworkException::forInvalidFile()
 2 SYSTEMPATH/Common.php(1142): CodeIgniter\View\View->render()
 3 APPPATH/Controllers/Pages.php(54): view()
 4 SYSTEMPATH/CodeIgniter.php(907): App\Controllers\Pages->view()
 5 SYSTEMPATH/CodeIgniter.php(457): CodeIgniter\CodeIgniter->runController()
 6 SYSTEMPATH/CodeIgniter.php(340): CodeIgniter\CodeIgniter->handleRequest()
 7 FCPATH/index.php(71): CodeIgniter\CodeIgniter->run()
CRITICAL - 2023-01-11 06:22:24 --> Invalid file: template/kinsmen-sky/themes.php
in SYSTEMPATH/Exceptions/FrameworkException.php on line 33.
 1 SYSTEMPATH/View/View.php(201): CodeIgniter\Exceptions\FrameworkException::forInvalidFile()
 2 SYSTEMPATH/Common.php(1142): CodeIgniter\View\View->render()
 3 APPPATH/Controllers/Pages.php(54): view()
 4 SYSTEMPATH/CodeIgniter.php(907): App\Controllers\Pages->view()
 5 SYSTEMPATH/CodeIgniter.php(457): CodeIgniter\CodeIgniter->runController()
 6 SYSTEMPATH/CodeIgniter.php(340): CodeIgniter\CodeIgniter->handleRequest()
 7 FCPATH/index.php(71): CodeIgniter\CodeIgniter->run()
CRITICAL - 2023-01-11 06:22:24 --> Invalid file: template/kinsmen-sky/themes.php
in SYSTEMPATH/Exceptions/FrameworkException.php on line 33.
 1 SYSTEMPATH/View/View.php(201): CodeIgniter\Exceptions\FrameworkException::forInvalidFile()
 2 SYSTEMPATH/Common.php(1142): CodeIgniter\View\View->render()
 3 APPPATH/Controllers/Pages.php(54): view()
 4 SYSTEMPATH/CodeIgniter.php(907): App\Controllers\Pages->view()
 5 SYSTEMPATH/CodeIgniter.php(457): CodeIgniter\CodeIgniter->runController()
 6 SYSTEMPATH/CodeIgniter.php(340): CodeIgniter\CodeIgniter->handleRequest()
 7 FCPATH/index.php(71): CodeIgniter\CodeIgniter->run()
CRITICAL - 2023-01-11 06:22:24 --> Invalid file: template/kinsmen-sky/themes.php
in SYSTEMPATH/Exceptions/FrameworkException.php on line 33.
 1 SYSTEMPATH/View/View.php(201): CodeIgniter\Exceptions\FrameworkException::forInvalidFile()
 2 SYSTEMPATH/Common.php(1142): CodeIgniter\View\View->render()
 3 APPPATH/Controllers/Pages.php(54): view()
 4 SYSTEMPATH/CodeIgniter.php(907): App\Controllers\Pages->view()
 5 SYSTEMPATH/CodeIgniter.php(457): CodeIgniter\CodeIgniter->runController()
 6 SYSTEMPATH/CodeIgniter.php(340): CodeIgniter\CodeIgniter->handleRequest()
 7 FCPATH/index.php(71): CodeIgniter\CodeIgniter->run()
CRITICAL - 2023-01-11 06:22:45 --> Invalid file: template/kinsmen-sky/themes.php
in SYSTEMPATH/Exceptions/FrameworkException.php on line 33.
 1 SYSTEMPATH/View/View.php(201): CodeIgniter\Exceptions\FrameworkException::forInvalidFile()
 2 SYSTEMPATH/Common.php(1142): CodeIgniter\View\View->render()
 3 APPPATH/Controllers/Pages.php(54): view()
 4 SYSTEMPATH/CodeIgniter.php(907): App\Controllers\Pages->view()
 5 SYSTEMPATH/CodeIgniter.php(457): CodeIgniter\CodeIgniter->runController()
 6 SYSTEMPATH/CodeIgniter.php(340): CodeIgniter\CodeIgniter->handleRequest()
 7 FCPATH/index.php(71): CodeIgniter\CodeIgniter->run()
CRITICAL - 2023-01-11 06:22:45 --> Invalid file: template/kinsmen-sky/themes.php
in SYSTEMPATH/Exceptions/FrameworkException.php on line 33.
 1 SYSTEMPATH/View/View.php(201): CodeIgniter\Exceptions\FrameworkException::forInvalidFile()
 2 SYSTEMPATH/Common.php(1142): CodeIgniter\View\View->render()
 3 APPPATH/Controllers/Pages.php(54): view()
 4 SYSTEMPATH/CodeIgniter.php(907): App\Controllers\Pages->view()
 5 SYSTEMPATH/CodeIgniter.php(457): CodeIgniter\CodeIgniter->runController()
 6 SYSTEMPATH/CodeIgniter.php(340): CodeIgniter\CodeIgniter->handleRequest()
 7 FCPATH/index.php(71): CodeIgniter\CodeIgniter->run()
CRITICAL - 2023-01-11 06:22:46 --> Invalid file: template/kinsmen-sky/themes.php
in SYSTEMPATH/Exceptions/FrameworkException.php on line 33.
 1 SYSTEMPATH/View/View.php(201): CodeIgniter\Exceptions\FrameworkException::forInvalidFile()
 2 SYSTEMPATH/Common.php(1142): CodeIgniter\View\View->render()
 3 APPPATH/Controllers/Pages.php(54): view()
 4 SYSTEMPATH/CodeIgniter.php(907): App\Controllers\Pages->view()
 5 SYSTEMPATH/CodeIgniter.php(457): CodeIgniter\CodeIgniter->runController()
 6 SYSTEMPATH/CodeIgniter.php(340): CodeIgniter\CodeIgniter->handleRequest()
 7 FCPATH/index.php(71): CodeIgniter\CodeIgniter->run()
CRITICAL - 2023-01-11 06:22:46 --> Invalid file: template/kinsmen-sky/themes.php
in SYSTEMPATH/Exceptions/FrameworkException.php on line 33.
 1 SYSTEMPATH/View/View.php(201): CodeIgniter\Exceptions\FrameworkException::forInvalidFile()
 2 SYSTEMPATH/Common.php(1142): CodeIgniter\View\View->render()
 3 APPPATH/Controllers/Pages.php(54): view()
 4 SYSTEMPATH/CodeIgniter.php(907): App\Controllers\Pages->view()
 5 SYSTEMPATH/CodeIgniter.php(457): CodeIgniter\CodeIgniter->runController()
 6 SYSTEMPATH/CodeIgniter.php(340): CodeIgniter\CodeIgniter->handleRequest()
 7 FCPATH/index.php(71): CodeIgniter\CodeIgniter->run()
CRITICAL - 2023-01-11 06:22:46 --> Invalid file: template/kinsmen-sky/themes.php
in SYSTEMPATH/Exceptions/FrameworkException.php on line 33.
 1 SYSTEMPATH/View/View.php(201): CodeIgniter\Exceptions\FrameworkException::forInvalidFile()
 2 SYSTEMPATH/Common.php(1142): CodeIgniter\View\View->render()
 3 APPPATH/Controllers/Pages.php(54): view()
 4 SYSTEMPATH/CodeIgniter.php(907): App\Controllers\Pages->view()
 5 SYSTEMPATH/CodeIgniter.php(457): CodeIgniter\CodeIgniter->runController()
 6 SYSTEMPATH/CodeIgniter.php(340): CodeIgniter\CodeIgniter->handleRequest()
 7 FCPATH/index.php(71): CodeIgniter\CodeIgniter->run()
CRITICAL - 2023-01-11 06:22:46 --> Invalid file: template/kinsmen-sky/themes.php
in SYSTEMPATH/Exceptions/FrameworkException.php on line 33.
 1 SYSTEMPATH/View/View.php(201): CodeIgniter\Exceptions\FrameworkException::forInvalidFile()
 2 SYSTEMPATH/Common.php(1142): CodeIgniter\View\View->render()
 3 APPPATH/Controllers/Pages.php(54): view()
 4 SYSTEMPATH/CodeIgniter.php(907): App\Controllers\Pages->view()
 5 SYSTEMPATH/CodeIgniter.php(457): CodeIgniter\CodeIgniter->runController()
 6 SYSTEMPATH/CodeIgniter.php(340): CodeIgniter\CodeIgniter->handleRequest()
 7 FCPATH/index.php(71): CodeIgniter\CodeIgniter->run()
CRITICAL - 2023-01-11 06:22:46 --> Invalid file: template/kinsmen-sky/themes.php
in SYSTEMPATH/Exceptions/FrameworkException.php on line 33.
 1 SYSTEMPATH/View/View.php(201): CodeIgniter\Exceptions\FrameworkException::forInvalidFile()
 2 SYSTEMPATH/Common.php(1142): CodeIgniter\View\View->render()
 3 APPPATH/Controllers/Pages.php(54): view()
 4 SYSTEMPATH/CodeIgniter.php(907): App\Controllers\Pages->view()
 5 SYSTEMPATH/CodeIgniter.php(457): CodeIgniter\CodeIgniter->runController()
 6 SYSTEMPATH/CodeIgniter.php(340): CodeIgniter\CodeIgniter->handleRequest()
 7 FCPATH/index.php(71): CodeIgniter\CodeIgniter->run()
CRITICAL - 2023-01-11 06:23:33 --> Invalid file: template/kinsmen-sky/themes.php
in SYSTEMPATH/Exceptions/FrameworkException.php on line 33.
 1 SYSTEMPATH/View/View.php(201): CodeIgniter\Exceptions\FrameworkException::forInvalidFile()
 2 SYSTEMPATH/Common.php(1142): CodeIgniter\View\View->render()
 3 APPPATH/Controllers/Pages.php(54): view()
 4 SYSTEMPATH/CodeIgniter.php(907): App\Controllers\Pages->view()
 5 SYSTEMPATH/CodeIgniter.php(457): CodeIgniter\CodeIgniter->runController()
 6 SYSTEMPATH/CodeIgniter.php(340): CodeIgniter\CodeIgniter->handleRequest()
 7 FCPATH/index.php(71): CodeIgniter\CodeIgniter->run()
CRITICAL - 2023-01-11 06:23:33 --> Invalid file: template/kinsmen-sky/themes.php
in SYSTEMPATH/Exceptions/FrameworkException.php on line 33.
 1 SYSTEMPATH/View/View.php(201): CodeIgniter\Exceptions\FrameworkException::forInvalidFile()
 2 SYSTEMPATH/Common.php(1142): CodeIgniter\View\View->render()
 3 APPPATH/Controllers/Pages.php(54): view()
 4 SYSTEMPATH/CodeIgniter.php(907): App\Controllers\Pages->view()
 5 SYSTEMPATH/CodeIgniter.php(457): CodeIgniter\CodeIgniter->runController()
 6 SYSTEMPATH/CodeIgniter.php(340): CodeIgniter\CodeIgniter->handleRequest()
 7 FCPATH/index.php(71): CodeIgniter\CodeIgniter->run()
CRITICAL - 2023-01-11 06:23:33 --> Invalid file: template/kinsmen-sky/themes.php
in SYSTEMPATH/Exceptions/FrameworkException.php on line 33.
 1 SYSTEMPATH/View/View.php(201): CodeIgniter\Exceptions\FrameworkException::forInvalidFile()
 2 SYSTEMPATH/Common.php(1142): CodeIgniter\View\View->render()
 3 APPPATH/Controllers/Pages.php(54): view()
 4 SYSTEMPATH/CodeIgniter.php(907): App\Controllers\Pages->view()
 5 SYSTEMPATH/CodeIgniter.php(457): CodeIgniter\CodeIgniter->runController()
 6 SYSTEMPATH/CodeIgniter.php(340): CodeIgniter\CodeIgniter->handleRequest()
 7 FCPATH/index.php(71): CodeIgniter\CodeIgniter->run()
CRITICAL - 2023-01-11 06:23:33 --> Invalid file: template/kinsmen-sky/themes.php
in SYSTEMPATH/Exceptions/FrameworkException.php on line 33.
 1 SYSTEMPATH/View/View.php(201): CodeIgniter\Exceptions\FrameworkException::forInvalidFile()
 2 SYSTEMPATH/Common.php(1142): CodeIgniter\View\View->render()
 3 APPPATH/Controllers/Pages.php(54): view()
 4 SYSTEMPATH/CodeIgniter.php(907): App\Controllers\Pages->view()
 5 SYSTEMPATH/CodeIgniter.php(457): CodeIgniter\CodeIgniter->runController()
 6 SYSTEMPATH/CodeIgniter.php(340): CodeIgniter\CodeIgniter->handleRequest()
 7 FCPATH/index.php(71): CodeIgniter\CodeIgniter->run()
CRITICAL - 2023-01-11 06:23:33 --> Invalid file: template/kinsmen-sky/themes.php
in SYSTEMPATH/Exceptions/FrameworkException.php on line 33.
 1 SYSTEMPATH/View/View.php(201): CodeIgniter\Exceptions\FrameworkException::forInvalidFile()
 2 SYSTEMPATH/Common.php(1142): CodeIgniter\View\View->render()
 3 APPPATH/Controllers/Pages.php(54): view()
 4 SYSTEMPATH/CodeIgniter.php(907): App\Controllers\Pages->view()
 5 SYSTEMPATH/CodeIgniter.php(457): CodeIgniter\CodeIgniter->runController()
 6 SYSTEMPATH/CodeIgniter.php(340): CodeIgniter\CodeIgniter->handleRequest()
 7 FCPATH/index.php(71): CodeIgniter\CodeIgniter->run()
CRITICAL - 2023-01-11 06:23:33 --> Invalid file: template/kinsmen-sky/themes.php
in SYSTEMPATH/Exceptions/FrameworkException.php on line 33.
 1 SYSTEMPATH/View/View.php(201): CodeIgniter\Exceptions\FrameworkException::forInvalidFile()
 2 SYSTEMPATH/Common.php(1142): CodeIgniter\View\View->render()
 3 APPPATH/Controllers/Pages.php(54): view()
 4 SYSTEMPATH/CodeIgniter.php(907): App\Controllers\Pages->view()
 5 SYSTEMPATH/CodeIgniter.php(457): CodeIgniter\CodeIgniter->runController()
 6 SYSTEMPATH/CodeIgniter.php(340): CodeIgniter\CodeIgniter->handleRequest()
 7 FCPATH/index.php(71): CodeIgniter\CodeIgniter->run()
CRITICAL - 2023-01-11 06:23:33 --> Invalid file: template/kinsmen-sky/themes.php
in SYSTEMPATH/Exceptions/FrameworkException.php on line 33.
 1 SYSTEMPATH/View/View.php(201): CodeIgniter\Exceptions\FrameworkException::forInvalidFile()
 2 SYSTEMPATH/Common.php(1142): CodeIgniter\View\View->render()
 3 APPPATH/Controllers/Pages.php(54): view()
 4 SYSTEMPATH/CodeIgniter.php(907): App\Controllers\Pages->view()
 5 SYSTEMPATH/CodeIgniter.php(457): CodeIgniter\CodeIgniter->runController()
 6 SYSTEMPATH/CodeIgniter.php(340): CodeIgniter\CodeIgniter->handleRequest()
 7 FCPATH/index.php(71): CodeIgniter\CodeIgniter->run()
CRITICAL - 2023-01-11 06:24:15 --> Invalid file: template/kinsmen-sky/themes.php
in SYSTEMPATH/Exceptions/FrameworkException.php on line 33.
 1 SYSTEMPATH/View/View.php(201): CodeIgniter\Exceptions\FrameworkException::forInvalidFile()
 2 SYSTEMPATH/Common.php(1142): CodeIgniter\View\View->render()
 3 APPPATH/Controllers/Pages.php(54): view()
 4 SYSTEMPATH/CodeIgniter.php(907): App\Controllers\Pages->view()
 5 SYSTEMPATH/CodeIgniter.php(457): CodeIgniter\CodeIgniter->runController()
 6 SYSTEMPATH/CodeIgniter.php(340): CodeIgniter\CodeIgniter->handleRequest()
 7 FCPATH/index.php(71): CodeIgniter\CodeIgniter->run()
CRITICAL - 2023-01-11 06:24:15 --> Invalid file: template/kinsmen-sky/themes.php
in SYSTEMPATH/Exceptions/FrameworkException.php on line 33.
 1 SYSTEMPATH/View/View.php(201): CodeIgniter\Exceptions\FrameworkException::forInvalidFile()
 2 SYSTEMPATH/Common.php(1142): CodeIgniter\View\View->render()
 3 APPPATH/Controllers/Pages.php(54): view()
 4 SYSTEMPATH/CodeIgniter.php(907): App\Controllers\Pages->view()
 5 SYSTEMPATH/CodeIgniter.php(457): CodeIgniter\CodeIgniter->runController()
 6 SYSTEMPATH/CodeIgniter.php(340): CodeIgniter\CodeIgniter->handleRequest()
 7 FCPATH/index.php(71): CodeIgniter\CodeIgniter->run()
CRITICAL - 2023-01-11 06:24:15 --> Invalid file: template/kinsmen-sky/themes.php
in SYSTEMPATH/Exceptions/FrameworkException.php on line 33.
 1 SYSTEMPATH/View/View.php(201): CodeIgniter\Exceptions\FrameworkException::forInvalidFile()
 2 SYSTEMPATH/Common.php(1142): CodeIgniter\View\View->render()
 3 APPPATH/Controllers/Pages.php(54): view()
 4 SYSTEMPATH/CodeIgniter.php(907): App\Controllers\Pages->view()
 5 SYSTEMPATH/CodeIgniter.php(457): CodeIgniter\CodeIgniter->runController()
 6 SYSTEMPATH/CodeIgniter.php(340): CodeIgniter\CodeIgniter->handleRequest()
 7 FCPATH/index.php(71): CodeIgniter\CodeIgniter->run()
CRITICAL - 2023-01-11 06:24:15 --> Invalid file: template/kinsmen-sky/themes.php
in SYSTEMPATH/Exceptions/FrameworkException.php on line 33.
 1 SYSTEMPATH/View/View.php(201): CodeIgniter\Exceptions\FrameworkException::forInvalidFile()
 2 SYSTEMPATH/Common.php(1142): CodeIgniter\View\View->render()
 3 APPPATH/Controllers/Pages.php(54): view()
 4 SYSTEMPATH/CodeIgniter.php(907): App\Controllers\Pages->view()
 5 SYSTEMPATH/CodeIgniter.php(457): CodeIgniter\CodeIgniter->runController()
 6 SYSTEMPATH/CodeIgniter.php(340): CodeIgniter\CodeIgniter->handleRequest()
 7 FCPATH/index.php(71): CodeIgniter\CodeIgniter->run()
CRITICAL - 2023-01-11 06:24:15 --> Invalid file: template/kinsmen-sky/themes.php
in SYSTEMPATH/Exceptions/FrameworkException.php on line 33.
 1 SYSTEMPATH/View/View.php(201): CodeIgniter\Exceptions\FrameworkException::forInvalidFile()
 2 SYSTEMPATH/Common.php(1142): CodeIgniter\View\View->render()
 3 APPPATH/Controllers/Pages.php(54): view()
 4 SYSTEMPATH/CodeIgniter.php(907): App\Controllers\Pages->view()
 5 SYSTEMPATH/CodeIgniter.php(457): CodeIgniter\CodeIgniter->runController()
 6 SYSTEMPATH/CodeIgniter.php(340): CodeIgniter\CodeIgniter->handleRequest()
 7 FCPATH/index.php(71): CodeIgniter\CodeIgniter->run()
CRITICAL - 2023-01-11 06:24:15 --> Invalid file: template/kinsmen-sky/themes.php
in SYSTEMPATH/Exceptions/FrameworkException.php on line 33.
 1 SYSTEMPATH/View/View.php(201): CodeIgniter\Exceptions\FrameworkException::forInvalidFile()
 2 SYSTEMPATH/Common.php(1142): CodeIgniter\View\View->render()
 3 APPPATH/Controllers/Pages.php(54): view()
 4 SYSTEMPATH/CodeIgniter.php(907): App\Controllers\Pages->view()
 5 SYSTEMPATH/CodeIgniter.php(457): CodeIgniter\CodeIgniter->runController()
 6 SYSTEMPATH/CodeIgniter.php(340): CodeIgniter\CodeIgniter->handleRequest()
 7 FCPATH/index.php(71): CodeIgniter\CodeIgniter->run()
CRITICAL - 2023-01-11 06:24:15 --> Invalid file: template/kinsmen-sky/themes.php
in SYSTEMPATH/Exceptions/FrameworkException.php on line 33.
 1 SYSTEMPATH/View/View.php(201): CodeIgniter\Exceptions\FrameworkException::forInvalidFile()
 2 SYSTEMPATH/Common.php(1142): CodeIgniter\View\View->render()
 3 APPPATH/Controllers/Pages.php(54): view()
 4 SYSTEMPATH/CodeIgniter.php(907): App\Controllers\Pages->view()
 5 SYSTEMPATH/CodeIgniter.php(457): CodeIgniter\CodeIgniter->runController()
 6 SYSTEMPATH/CodeIgniter.php(340): CodeIgniter\CodeIgniter->handleRequest()
 7 FCPATH/index.php(71): CodeIgniter\CodeIgniter->run()
CRITICAL - 2023-01-11 06:24:35 --> Invalid file: template/kinsmen-sky/themes.php
in SYSTEMPATH/Exceptions/FrameworkException.php on line 33.
 1 SYSTEMPATH/View/View.php(201): CodeIgniter\Exceptions\FrameworkException::forInvalidFile()
 2 SYSTEMPATH/Common.php(1142): CodeIgniter\View\View->render()
 3 APPPATH/Controllers/Pages.php(54): view()
 4 SYSTEMPATH/CodeIgniter.php(907): App\Controllers\Pages->view()
 5 SYSTEMPATH/CodeIgniter.php(457): CodeIgniter\CodeIgniter->runController()
 6 SYSTEMPATH/CodeIgniter.php(340): CodeIgniter\CodeIgniter->handleRequest()
 7 FCPATH/index.php(71): CodeIgniter\CodeIgniter->run()
CRITICAL - 2023-01-11 06:24:35 --> Invalid file: template/kinsmen-sky/themes.php
in SYSTEMPATH/Exceptions/FrameworkException.php on line 33.
 1 SYSTEMPATH/View/View.php(201): CodeIgniter\Exceptions\FrameworkException::forInvalidFile()
 2 SYSTEMPATH/Common.php(1142): CodeIgniter\View\View->render()
 3 APPPATH/Controllers/Pages.php(54): view()
 4 SYSTEMPATH/CodeIgniter.php(907): App\Controllers\Pages->view()
 5 SYSTEMPATH/CodeIgniter.php(457): CodeIgniter\CodeIgniter->runController()
 6 SYSTEMPATH/CodeIgniter.php(340): CodeIgniter\CodeIgniter->handleRequest()
 7 FCPATH/index.php(71): CodeIgniter\CodeIgniter->run()
CRITICAL - 2023-01-11 06:24:35 --> Invalid file: template/kinsmen-sky/themes.php
in SYSTEMPATH/Exceptions/FrameworkException.php on line 33.
 1 SYSTEMPATH/View/View.php(201): CodeIgniter\Exceptions\FrameworkException::forInvalidFile()
 2 SYSTEMPATH/Common.php(1142): CodeIgniter\View\View->render()
 3 APPPATH/Controllers/Pages.php(54): view()
 4 SYSTEMPATH/CodeIgniter.php(907): App\Controllers\Pages->view()
 5 SYSTEMPATH/CodeIgniter.php(457): CodeIgniter\CodeIgniter->runController()
 6 SYSTEMPATH/CodeIgniter.php(340): CodeIgniter\CodeIgniter->handleRequest()
 7 FCPATH/index.php(71): CodeIgniter\CodeIgniter->run()
CRITICAL - 2023-01-11 06:24:35 --> Invalid file: template/kinsmen-sky/themes.php
in SYSTEMPATH/Exceptions/FrameworkException.php on line 33.
 1 SYSTEMPATH/View/View.php(201): CodeIgniter\Exceptions\FrameworkException::forInvalidFile()
 2 SYSTEMPATH/Common.php(1142): CodeIgniter\View\View->render()
 3 APPPATH/Controllers/Pages.php(54): view()
 4 SYSTEMPATH/CodeIgniter.php(907): App\Controllers\Pages->view()
 5 SYSTEMPATH/CodeIgniter.php(457): CodeIgniter\CodeIgniter->runController()
 6 SYSTEMPATH/CodeIgniter.php(340): CodeIgniter\CodeIgniter->handleRequest()
 7 FCPATH/index.php(71): CodeIgniter\CodeIgniter->run()
CRITICAL - 2023-01-11 06:24:35 --> Invalid file: template/kinsmen-sky/themes.php
in SYSTEMPATH/Exceptions/FrameworkException.php on line 33.
 1 SYSTEMPATH/View/View.php(201): CodeIgniter\Exceptions\FrameworkException::forInvalidFile()
 2 SYSTEMPATH/Common.php(1142): CodeIgniter\View\View->render()
 3 APPPATH/Controllers/Pages.php(54): view()
 4 SYSTEMPATH/CodeIgniter.php(907): App\Controllers\Pages->view()
 5 SYSTEMPATH/CodeIgniter.php(457): CodeIgniter\CodeIgniter->runController()
 6 SYSTEMPATH/CodeIgniter.php(340): CodeIgniter\CodeIgniter->handleRequest()
 7 FCPATH/index.php(71): CodeIgniter\CodeIgniter->run()
CRITICAL - 2023-01-11 06:24:35 --> Invalid file: template/kinsmen-sky/themes.php
in SYSTEMPATH/Exceptions/FrameworkException.php on line 33.
 1 SYSTEMPATH/View/View.php(201): CodeIgniter\Exceptions\FrameworkException::forInvalidFile()
 2 SYSTEMPATH/Common.php(1142): CodeIgniter\View\View->render()
 3 APPPATH/Controllers/Pages.php(54): view()
 4 SYSTEMPATH/CodeIgniter.php(907): App\Controllers\Pages->view()
 5 SYSTEMPATH/CodeIgniter.php(457): CodeIgniter\CodeIgniter->runController()
 6 SYSTEMPATH/CodeIgniter.php(340): CodeIgniter\CodeIgniter->handleRequest()
 7 FCPATH/index.php(71): CodeIgniter\CodeIgniter->run()
CRITICAL - 2023-01-11 06:24:35 --> Invalid file: template/kinsmen-sky/themes.php
in SYSTEMPATH/Exceptions/FrameworkException.php on line 33.
 1 SYSTEMPATH/View/View.php(201): CodeIgniter\Exceptions\FrameworkException::forInvalidFile()
 2 SYSTEMPATH/Common.php(1142): CodeIgniter\View\View->render()
 3 APPPATH/Controllers/Pages.php(54): view()
 4 SYSTEMPATH/CodeIgniter.php(907): App\Controllers\Pages->view()
 5 SYSTEMPATH/CodeIgniter.php(457): CodeIgniter\CodeIgniter->runController()
 6 SYSTEMPATH/CodeIgniter.php(340): CodeIgniter\CodeIgniter->handleRequest()
 7 FCPATH/index.php(71): CodeIgniter\CodeIgniter->run()
CRITICAL - 2023-01-11 06:25:17 --> Invalid file: template/kinsmen-sky/themes.php
in SYSTEMPATH/Exceptions/FrameworkException.php on line 33.
 1 SYSTEMPATH/View/View.php(201): CodeIgniter\Exceptions\FrameworkException::forInvalidFile()
 2 SYSTEMPATH/Common.php(1142): CodeIgniter\View\View->render()
 3 APPPATH/Controllers/Pages.php(54): view()
 4 SYSTEMPATH/CodeIgniter.php(907): App\Controllers\Pages->view()
 5 SYSTEMPATH/CodeIgniter.php(457): CodeIgniter\CodeIgniter->runController()
 6 SYSTEMPATH/CodeIgniter.php(340): CodeIgniter\CodeIgniter->handleRequest()
 7 FCPATH/index.php(71): CodeIgniter\CodeIgniter->run()
CRITICAL - 2023-01-11 06:25:17 --> Invalid file: template/kinsmen-sky/themes.php
in SYSTEMPATH/Exceptions/FrameworkException.php on line 33.
 1 SYSTEMPATH/View/View.php(201): CodeIgniter\Exceptions\FrameworkException::forInvalidFile()
 2 SYSTEMPATH/Common.php(1142): CodeIgniter\View\View->render()
 3 APPPATH/Controllers/Pages.php(54): view()
 4 SYSTEMPATH/CodeIgniter.php(907): App\Controllers\Pages->view()
 5 SYSTEMPATH/CodeIgniter.php(457): CodeIgniter\CodeIgniter->runController()
 6 SYSTEMPATH/CodeIgniter.php(340): CodeIgniter\CodeIgniter->handleRequest()
 7 FCPATH/index.php(71): CodeIgniter\CodeIgniter->run()
CRITICAL - 2023-01-11 06:25:17 --> Invalid file: template/kinsmen-sky/themes.php
in SYSTEMPATH/Exceptions/FrameworkException.php on line 33.
 1 SYSTEMPATH/View/View.php(201): CodeIgniter\Exceptions\FrameworkException::forInvalidFile()
 2 SYSTEMPATH/Common.php(1142): CodeIgniter\View\View->render()
 3 APPPATH/Controllers/Pages.php(54): view()
 4 SYSTEMPATH/CodeIgniter.php(907): App\Controllers\Pages->view()
 5 SYSTEMPATH/CodeIgniter.php(457): CodeIgniter\CodeIgniter->runController()
 6 SYSTEMPATH/CodeIgniter.php(340): CodeIgniter\CodeIgniter->handleRequest()
 7 FCPATH/index.php(71): CodeIgniter\CodeIgniter->run()
CRITICAL - 2023-01-11 06:25:17 --> Invalid file: template/kinsmen-sky/themes.php
in SYSTEMPATH/Exceptions/FrameworkException.php on line 33.
 1 SYSTEMPATH/View/View.php(201): CodeIgniter\Exceptions\FrameworkException::forInvalidFile()
 2 SYSTEMPATH/Common.php(1142): CodeIgniter\View\View->render()
 3 APPPATH/Controllers/Pages.php(54): view()
 4 SYSTEMPATH/CodeIgniter.php(907): App\Controllers\Pages->view()
 5 SYSTEMPATH/CodeIgniter.php(457): CodeIgniter\CodeIgniter->runController()
 6 SYSTEMPATH/CodeIgniter.php(340): CodeIgniter\CodeIgniter->handleRequest()
 7 FCPATH/index.php(71): CodeIgniter\CodeIgniter->run()
CRITICAL - 2023-01-11 06:25:17 --> Invalid file: template/kinsmen-sky/themes.php
in SYSTEMPATH/Exceptions/FrameworkException.php on line 33.
 1 SYSTEMPATH/View/View.php(201): CodeIgniter\Exceptions\FrameworkException::forInvalidFile()
 2 SYSTEMPATH/Common.php(1142): CodeIgniter\View\View->render()
 3 APPPATH/Controllers/Pages.php(54): view()
 4 SYSTEMPATH/CodeIgniter.php(907): App\Controllers\Pages->view()
 5 SYSTEMPATH/CodeIgniter.php(457): CodeIgniter\CodeIgniter->runController()
 6 SYSTEMPATH/CodeIgniter.php(340): CodeIgniter\CodeIgniter->handleRequest()
 7 FCPATH/index.php(71): CodeIgniter\CodeIgniter->run()
CRITICAL - 2023-01-11 06:25:17 --> Invalid file: template/kinsmen-sky/themes.php
in SYSTEMPATH/Exceptions/FrameworkException.php on line 33.
 1 SYSTEMPATH/View/View.php(201): CodeIgniter\Exceptions\FrameworkException::forInvalidFile()
 2 SYSTEMPATH/Common.php(1142): CodeIgniter\View\View->render()
 3 APPPATH/Controllers/Pages.php(54): view()
 4 SYSTEMPATH/CodeIgniter.php(907): App\Controllers\Pages->view()
 5 SYSTEMPATH/CodeIgniter.php(457): CodeIgniter\CodeIgniter->runController()
 6 SYSTEMPATH/CodeIgniter.php(340): CodeIgniter\CodeIgniter->handleRequest()
 7 FCPATH/index.php(71): CodeIgniter\CodeIgniter->run()
CRITICAL - 2023-01-11 06:25:17 --> Invalid file: template/kinsmen-sky/themes.php
in SYSTEMPATH/Exceptions/FrameworkException.php on line 33.
 1 SYSTEMPATH/View/View.php(201): CodeIgniter\Exceptions\FrameworkException::forInvalidFile()
 2 SYSTEMPATH/Common.php(1142): CodeIgniter\View\View->render()
 3 APPPATH/Controllers/Pages.php(54): view()
 4 SYSTEMPATH/CodeIgniter.php(907): App\Controllers\Pages->view()
 5 SYSTEMPATH/CodeIgniter.php(457): CodeIgniter\CodeIgniter->runController()
 6 SYSTEMPATH/CodeIgniter.php(340): CodeIgniter\CodeIgniter->handleRequest()
 7 FCPATH/index.php(71): CodeIgniter\CodeIgniter->run()
CRITICAL - 2023-01-11 06:25:37 --> Invalid file: template/kinsmen-sky/themes.php
in SYSTEMPATH/Exceptions/FrameworkException.php on line 33.
 1 SYSTEMPATH/View/View.php(201): CodeIgniter\Exceptions\FrameworkException::forInvalidFile()
 2 SYSTEMPATH/Common.php(1142): CodeIgniter\View\View->render()
 3 APPPATH/Controllers/Pages.php(54): view()
 4 SYSTEMPATH/CodeIgniter.php(907): App\Controllers\Pages->view()
 5 SYSTEMPATH/CodeIgniter.php(457): CodeIgniter\CodeIgniter->runController()
 6 SYSTEMPATH/CodeIgniter.php(340): CodeIgniter\CodeIgniter->handleRequest()
 7 FCPATH/index.php(71): CodeIgniter\CodeIgniter->run()
CRITICAL - 2023-01-11 06:25:37 --> Invalid file: template/kinsmen-sky/themes.php
in SYSTEMPATH/Exceptions/FrameworkException.php on line 33.
 1 SYSTEMPATH/View/View.php(201): CodeIgniter\Exceptions\FrameworkException::forInvalidFile()
 2 SYSTEMPATH/Common.php(1142): CodeIgniter\View\View->render()
 3 APPPATH/Controllers/Pages.php(54): view()
 4 SYSTEMPATH/CodeIgniter.php(907): App\Controllers\Pages->view()
 5 SYSTEMPATH/CodeIgniter.php(457): CodeIgniter\CodeIgniter->runController()
 6 SYSTEMPATH/CodeIgniter.php(340): CodeIgniter\CodeIgniter->handleRequest()
 7 FCPATH/index.php(71): CodeIgniter\CodeIgniter->run()
CRITICAL - 2023-01-11 06:25:37 --> Invalid file: template/kinsmen-sky/themes.php
in SYSTEMPATH/Exceptions/FrameworkException.php on line 33.
 1 SYSTEMPATH/View/View.php(201): CodeIgniter\Exceptions\FrameworkException::forInvalidFile()
 2 SYSTEMPATH/Common.php(1142): CodeIgniter\View\View->render()
 3 APPPATH/Controllers/Pages.php(54): view()
 4 SYSTEMPATH/CodeIgniter.php(907): App\Controllers\Pages->view()
 5 SYSTEMPATH/CodeIgniter.php(457): CodeIgniter\CodeIgniter->runController()
 6 SYSTEMPATH/CodeIgniter.php(340): CodeIgniter\CodeIgniter->handleRequest()
 7 FCPATH/index.php(71): CodeIgniter\CodeIgniter->run()
CRITICAL - 2023-01-11 06:25:37 --> Invalid file: template/kinsmen-sky/themes.php
in SYSTEMPATH/Exceptions/FrameworkException.php on line 33.
 1 SYSTEMPATH/View/View.php(201): CodeIgniter\Exceptions\FrameworkException::forInvalidFile()
 2 SYSTEMPATH/Common.php(1142): CodeIgniter\View\View->render()
 3 APPPATH/Controllers/Pages.php(54): view()
 4 SYSTEMPATH/CodeIgniter.php(907): App\Controllers\Pages->view()
 5 SYSTEMPATH/CodeIgniter.php(457): CodeIgniter\CodeIgniter->runController()
 6 SYSTEMPATH/CodeIgniter.php(340): CodeIgniter\CodeIgniter->handleRequest()
 7 FCPATH/index.php(71): CodeIgniter\CodeIgniter->run()
CRITICAL - 2023-01-11 06:25:37 --> Invalid file: template/kinsmen-sky/themes.php
in SYSTEMPATH/Exceptions/FrameworkException.php on line 33.
 1 SYSTEMPATH/View/View.php(201): CodeIgniter\Exceptions\FrameworkException::forInvalidFile()
 2 SYSTEMPATH/Common.php(1142): CodeIgniter\View\View->render()
 3 APPPATH/Controllers/Pages.php(54): view()
 4 SYSTEMPATH/CodeIgniter.php(907): App\Controllers\Pages->view()
 5 SYSTEMPATH/CodeIgniter.php(457): CodeIgniter\CodeIgniter->runController()
 6 SYSTEMPATH/CodeIgniter.php(340): CodeIgniter\CodeIgniter->handleRequest()
 7 FCPATH/index.php(71): CodeIgniter\CodeIgniter->run()
CRITICAL - 2023-01-11 06:25:37 --> Invalid file: template/kinsmen-sky/themes.php
in SYSTEMPATH/Exceptions/FrameworkException.php on line 33.
 1 SYSTEMPATH/View/View.php(201): CodeIgniter\Exceptions\FrameworkException::forInvalidFile()
 2 SYSTEMPATH/Common.php(1142): CodeIgniter\View\View->render()
 3 APPPATH/Controllers/Pages.php(54): view()
 4 SYSTEMPATH/CodeIgniter.php(907): App\Controllers\Pages->view()
 5 SYSTEMPATH/CodeIgniter.php(457): CodeIgniter\CodeIgniter->runController()
 6 SYSTEMPATH/CodeIgniter.php(340): CodeIgniter\CodeIgniter->handleRequest()
 7 FCPATH/index.php(71): CodeIgniter\CodeIgniter->run()
CRITICAL - 2023-01-11 06:25:37 --> Invalid file: template/kinsmen-sky/themes.php
in SYSTEMPATH/Exceptions/FrameworkException.php on line 33.
 1 SYSTEMPATH/View/View.php(201): CodeIgniter\Exceptions\FrameworkException::forInvalidFile()
 2 SYSTEMPATH/Common.php(1142): CodeIgniter\View\View->render()
 3 APPPATH/Controllers/Pages.php(54): view()
 4 SYSTEMPATH/CodeIgniter.php(907): App\Controllers\Pages->view()
 5 SYSTEMPATH/CodeIgniter.php(457): CodeIgniter\CodeIgniter->runController()
 6 SYSTEMPATH/CodeIgniter.php(340): CodeIgniter\CodeIgniter->handleRequest()
 7 FCPATH/index.php(71): CodeIgniter\CodeIgniter->run()
CRITICAL - 2023-01-11 06:27:10 --> Invalid file: template/kinsmen-sky/themes.php
in SYSTEMPATH/Exceptions/FrameworkException.php on line 33.
 1 SYSTEMPATH/View/View.php(201): CodeIgniter\Exceptions\FrameworkException::forInvalidFile()
 2 SYSTEMPATH/Common.php(1142): CodeIgniter\View\View->render()
 3 APPPATH/Controllers/Pages.php(54): view()
 4 SYSTEMPATH/CodeIgniter.php(907): App\Controllers\Pages->view()
 5 SYSTEMPATH/CodeIgniter.php(457): CodeIgniter\CodeIgniter->runController()
 6 SYSTEMPATH/CodeIgniter.php(340): CodeIgniter\CodeIgniter->handleRequest()
 7 FCPATH/index.php(71): CodeIgniter\CodeIgniter->run()
CRITICAL - 2023-01-11 06:27:10 --> Invalid file: template/kinsmen-sky/themes.php
in SYSTEMPATH/Exceptions/FrameworkException.php on line 33.
 1 SYSTEMPATH/View/View.php(201): CodeIgniter\Exceptions\FrameworkException::forInvalidFile()
 2 SYSTEMPATH/Common.php(1142): CodeIgniter\View\View->render()
 3 APPPATH/Controllers/Pages.php(54): view()
 4 SYSTEMPATH/CodeIgniter.php(907): App\Controllers\Pages->view()
 5 SYSTEMPATH/CodeIgniter.php(457): CodeIgniter\CodeIgniter->runController()
 6 SYSTEMPATH/CodeIgniter.php(340): CodeIgniter\CodeIgniter->handleRequest()
 7 FCPATH/index.php(71): CodeIgniter\CodeIgniter->run()
CRITICAL - 2023-01-11 06:27:10 --> Invalid file: template/kinsmen-sky/themes.php
in SYSTEMPATH/Exceptions/FrameworkException.php on line 33.
 1 SYSTEMPATH/View/View.php(201): CodeIgniter\Exceptions\FrameworkException::forInvalidFile()
 2 SYSTEMPATH/Common.php(1142): CodeIgniter\View\View->render()
 3 APPPATH/Controllers/Pages.php(54): view()
 4 SYSTEMPATH/CodeIgniter.php(907): App\Controllers\Pages->view()
 5 SYSTEMPATH/CodeIgniter.php(457): CodeIgniter\CodeIgniter->runController()
 6 SYSTEMPATH/CodeIgniter.php(340): CodeIgniter\CodeIgniter->handleRequest()
 7 FCPATH/index.php(71): CodeIgniter\CodeIgniter->run()
CRITICAL - 2023-01-11 06:27:10 --> Invalid file: template/kinsmen-sky/themes.php
in SYSTEMPATH/Exceptions/FrameworkException.php on line 33.
 1 SYSTEMPATH/View/View.php(201): CodeIgniter\Exceptions\FrameworkException::forInvalidFile()
 2 SYSTEMPATH/Common.php(1142): CodeIgniter\View\View->render()
 3 APPPATH/Controllers/Pages.php(54): view()
 4 SYSTEMPATH/CodeIgniter.php(907): App\Controllers\Pages->view()
 5 SYSTEMPATH/CodeIgniter.php(457): CodeIgniter\CodeIgniter->runController()
 6 SYSTEMPATH/CodeIgniter.php(340): CodeIgniter\CodeIgniter->handleRequest()
 7 FCPATH/index.php(71): CodeIgniter\CodeIgniter->run()
CRITICAL - 2023-01-11 06:27:10 --> Invalid file: template/kinsmen-sky/themes.php
in SYSTEMPATH/Exceptions/FrameworkException.php on line 33.
 1 SYSTEMPATH/View/View.php(201): CodeIgniter\Exceptions\FrameworkException::forInvalidFile()
 2 SYSTEMPATH/Common.php(1142): CodeIgniter\View\View->render()
 3 APPPATH/Controllers/Pages.php(54): view()
 4 SYSTEMPATH/CodeIgniter.php(907): App\Controllers\Pages->view()
 5 SYSTEMPATH/CodeIgniter.php(457): CodeIgniter\CodeIgniter->runController()
 6 SYSTEMPATH/CodeIgniter.php(340): CodeIgniter\CodeIgniter->handleRequest()
 7 FCPATH/index.php(71): CodeIgniter\CodeIgniter->run()
CRITICAL - 2023-01-11 06:27:10 --> Invalid file: template/kinsmen-sky/themes.php
in SYSTEMPATH/Exceptions/FrameworkException.php on line 33.
 1 SYSTEMPATH/View/View.php(201): CodeIgniter\Exceptions\FrameworkException::forInvalidFile()
 2 SYSTEMPATH/Common.php(1142): CodeIgniter\View\View->render()
 3 APPPATH/Controllers/Pages.php(54): view()
 4 SYSTEMPATH/CodeIgniter.php(907): App\Controllers\Pages->view()
 5 SYSTEMPATH/CodeIgniter.php(457): CodeIgniter\CodeIgniter->runController()
 6 SYSTEMPATH/CodeIgniter.php(340): CodeIgniter\CodeIgniter->handleRequest()
 7 FCPATH/index.php(71): CodeIgniter\CodeIgniter->run()
CRITICAL - 2023-01-11 06:27:10 --> Invalid file: template/kinsmen-sky/themes.php
in SYSTEMPATH/Exceptions/FrameworkException.php on line 33.
 1 SYSTEMPATH/View/View.php(201): CodeIgniter\Exceptions\FrameworkException::forInvalidFile()
 2 SYSTEMPATH/Common.php(1142): CodeIgniter\View\View->render()
 3 APPPATH/Controllers/Pages.php(54): view()
 4 SYSTEMPATH/CodeIgniter.php(907): App\Controllers\Pages->view()
 5 SYSTEMPATH/CodeIgniter.php(457): CodeIgniter\CodeIgniter->runController()
 6 SYSTEMPATH/CodeIgniter.php(340): CodeIgniter\CodeIgniter->handleRequest()
 7 FCPATH/index.php(71): CodeIgniter\CodeIgniter->run()
CRITICAL - 2023-01-11 06:27:36 --> Invalid file: template/kinsmen-sky/themes.php
in SYSTEMPATH/Exceptions/FrameworkException.php on line 33.
 1 SYSTEMPATH/View/View.php(201): CodeIgniter\Exceptions\FrameworkException::forInvalidFile()
 2 SYSTEMPATH/Common.php(1142): CodeIgniter\View\View->render()
 3 APPPATH/Controllers/Pages.php(54): view()
 4 SYSTEMPATH/CodeIgniter.php(907): App\Controllers\Pages->view()
 5 SYSTEMPATH/CodeIgniter.php(457): CodeIgniter\CodeIgniter->runController()
 6 SYSTEMPATH/CodeIgniter.php(340): CodeIgniter\CodeIgniter->handleRequest()
 7 FCPATH/index.php(71): CodeIgniter\CodeIgniter->run()
CRITICAL - 2023-01-11 06:27:37 --> Invalid file: template/kinsmen-sky/themes.php
in SYSTEMPATH/Exceptions/FrameworkException.php on line 33.
 1 SYSTEMPATH/View/View.php(201): CodeIgniter\Exceptions\FrameworkException::forInvalidFile()
 2 SYSTEMPATH/Common.php(1142): CodeIgniter\View\View->render()
 3 APPPATH/Controllers/Pages.php(54): view()
 4 SYSTEMPATH/CodeIgniter.php(907): App\Controllers\Pages->view()
 5 SYSTEMPATH/CodeIgniter.php(457): CodeIgniter\CodeIgniter->runController()
 6 SYSTEMPATH/CodeIgniter.php(340): CodeIgniter\CodeIgniter->handleRequest()
 7 FCPATH/index.php(71): CodeIgniter\CodeIgniter->run()
CRITICAL - 2023-01-11 06:27:37 --> Invalid file: template/kinsmen-sky/themes.php
in SYSTEMPATH/Exceptions/FrameworkException.php on line 33.
 1 SYSTEMPATH/View/View.php(201): CodeIgniter\Exceptions\FrameworkException::forInvalidFile()
 2 SYSTEMPATH/Common.php(1142): CodeIgniter\View\View->render()
 3 APPPATH/Controllers/Pages.php(54): view()
 4 SYSTEMPATH/CodeIgniter.php(907): App\Controllers\Pages->view()
 5 SYSTEMPATH/CodeIgniter.php(457): CodeIgniter\CodeIgniter->runController()
 6 SYSTEMPATH/CodeIgniter.php(340): CodeIgniter\CodeIgniter->handleRequest()
 7 FCPATH/index.php(71): CodeIgniter\CodeIgniter->run()
CRITICAL - 2023-01-11 06:27:37 --> Invalid file: template/kinsmen-sky/themes.php
in SYSTEMPATH/Exceptions/FrameworkException.php on line 33.
 1 SYSTEMPATH/View/View.php(201): CodeIgniter\Exceptions\FrameworkException::forInvalidFile()
 2 SYSTEMPATH/Common.php(1142): CodeIgniter\View\View->render()
 3 APPPATH/Controllers/Pages.php(54): view()
 4 SYSTEMPATH/CodeIgniter.php(907): App\Controllers\Pages->view()
 5 SYSTEMPATH/CodeIgniter.php(457): CodeIgniter\CodeIgniter->runController()
 6 SYSTEMPATH/CodeIgniter.php(340): CodeIgniter\CodeIgniter->handleRequest()
 7 FCPATH/index.php(71): CodeIgniter\CodeIgniter->run()
CRITICAL - 2023-01-11 06:27:37 --> Invalid file: template/kinsmen-sky/themes.php
in SYSTEMPATH/Exceptions/FrameworkException.php on line 33.
 1 SYSTEMPATH/View/View.php(201): CodeIgniter\Exceptions\FrameworkException::forInvalidFile()
 2 SYSTEMPATH/Common.php(1142): CodeIgniter\View\View->render()
 3 APPPATH/Controllers/Pages.php(54): view()
 4 SYSTEMPATH/CodeIgniter.php(907): App\Controllers\Pages->view()
 5 SYSTEMPATH/CodeIgniter.php(457): CodeIgniter\CodeIgniter->runController()
 6 SYSTEMPATH/CodeIgniter.php(340): CodeIgniter\CodeIgniter->handleRequest()
 7 FCPATH/index.php(71): CodeIgniter\CodeIgniter->run()
CRITICAL - 2023-01-11 06:27:37 --> Invalid file: template/kinsmen-sky/themes.php
in SYSTEMPATH/Exceptions/FrameworkException.php on line 33.
 1 SYSTEMPATH/View/View.php(201): CodeIgniter\Exceptions\FrameworkException::forInvalidFile()
 2 SYSTEMPATH/Common.php(1142): CodeIgniter\View\View->render()
 3 APPPATH/Controllers/Pages.php(54): view()
 4 SYSTEMPATH/CodeIgniter.php(907): App\Controllers\Pages->view()
 5 SYSTEMPATH/CodeIgniter.php(457): CodeIgniter\CodeIgniter->runController()
 6 SYSTEMPATH/CodeIgniter.php(340): CodeIgniter\CodeIgniter->handleRequest()
 7 FCPATH/index.php(71): CodeIgniter\CodeIgniter->run()
CRITICAL - 2023-01-11 06:27:37 --> Invalid file: template/kinsmen-sky/themes.php
in SYSTEMPATH/Exceptions/FrameworkException.php on line 33.
 1 SYSTEMPATH/View/View.php(201): CodeIgniter\Exceptions\FrameworkException::forInvalidFile()
 2 SYSTEMPATH/Common.php(1142): CodeIgniter\View\View->render()
 3 APPPATH/Controllers/Pages.php(54): view()
 4 SYSTEMPATH/CodeIgniter.php(907): App\Controllers\Pages->view()
 5 SYSTEMPATH/CodeIgniter.php(457): CodeIgniter\CodeIgniter->runController()
 6 SYSTEMPATH/CodeIgniter.php(340): CodeIgniter\CodeIgniter->handleRequest()
 7 FCPATH/index.php(71): CodeIgniter\CodeIgniter->run()
CRITICAL - 2023-01-11 06:27:43 --> Invalid file: template/kinsmen-sky/themes.php
in SYSTEMPATH/Exceptions/FrameworkException.php on line 33.
 1 SYSTEMPATH/View/View.php(201): CodeIgniter\Exceptions\FrameworkException::forInvalidFile()
 2 SYSTEMPATH/Common.php(1142): CodeIgniter\View\View->render()
 3 APPPATH/Controllers/Pages.php(54): view()
 4 SYSTEMPATH/CodeIgniter.php(907): App\Controllers\Pages->view()
 5 SYSTEMPATH/CodeIgniter.php(457): CodeIgniter\CodeIgniter->runController()
 6 SYSTEMPATH/CodeIgniter.php(340): CodeIgniter\CodeIgniter->handleRequest()
 7 FCPATH/index.php(71): CodeIgniter\CodeIgniter->run()
CRITICAL - 2023-01-11 06:27:43 --> Invalid file: template/kinsmen-sky/themes.php
in SYSTEMPATH/Exceptions/FrameworkException.php on line 33.
 1 SYSTEMPATH/View/View.php(201): CodeIgniter\Exceptions\FrameworkException::forInvalidFile()
 2 SYSTEMPATH/Common.php(1142): CodeIgniter\View\View->render()
 3 APPPATH/Controllers/Pages.php(54): view()
 4 SYSTEMPATH/CodeIgniter.php(907): App\Controllers\Pages->view()
 5 SYSTEMPATH/CodeIgniter.php(457): CodeIgniter\CodeIgniter->runController()
 6 SYSTEMPATH/CodeIgniter.php(340): CodeIgniter\CodeIgniter->handleRequest()
 7 FCPATH/index.php(71): CodeIgniter\CodeIgniter->run()
CRITICAL - 2023-01-11 06:27:43 --> Invalid file: template/kinsmen-sky/themes.php
in SYSTEMPATH/Exceptions/FrameworkException.php on line 33.
 1 SYSTEMPATH/View/View.php(201): CodeIgniter\Exceptions\FrameworkException::forInvalidFile()
 2 SYSTEMPATH/Common.php(1142): CodeIgniter\View\View->render()
 3 APPPATH/Controllers/Pages.php(54): view()
 4 SYSTEMPATH/CodeIgniter.php(907): App\Controllers\Pages->view()
 5 SYSTEMPATH/CodeIgniter.php(457): CodeIgniter\CodeIgniter->runController()
 6 SYSTEMPATH/CodeIgniter.php(340): CodeIgniter\CodeIgniter->handleRequest()
 7 FCPATH/index.php(71): CodeIgniter\CodeIgniter->run()
CRITICAL - 2023-01-11 06:28:00 --> Invalid file: template/kinsmen-sky/themes.php
in SYSTEMPATH/Exceptions/FrameworkException.php on line 33.
 1 SYSTEMPATH/View/View.php(201): CodeIgniter\Exceptions\FrameworkException::forInvalidFile()
 2 SYSTEMPATH/Common.php(1142): CodeIgniter\View\View->render()
 3 APPPATH/Controllers/Pages.php(54): view()
 4 SYSTEMPATH/CodeIgniter.php(907): App\Controllers\Pages->view()
 5 SYSTEMPATH/CodeIgniter.php(457): CodeIgniter\CodeIgniter->runController()
 6 SYSTEMPATH/CodeIgniter.php(340): CodeIgniter\CodeIgniter->handleRequest()
 7 FCPATH/index.php(71): CodeIgniter\CodeIgniter->run()
CRITICAL - 2023-01-11 06:28:00 --> Invalid file: template/kinsmen-sky/themes.php
in SYSTEMPATH/Exceptions/FrameworkException.php on line 33.
 1 SYSTEMPATH/View/View.php(201): CodeIgniter\Exceptions\FrameworkException::forInvalidFile()
 2 SYSTEMPATH/Common.php(1142): CodeIgniter\View\View->render()
 3 APPPATH/Controllers/Pages.php(54): view()
 4 SYSTEMPATH/CodeIgniter.php(907): App\Controllers\Pages->view()
 5 SYSTEMPATH/CodeIgniter.php(457): CodeIgniter\CodeIgniter->runController()
 6 SYSTEMPATH/CodeIgniter.php(340): CodeIgniter\CodeIgniter->handleRequest()
 7 FCPATH/index.php(71): CodeIgniter\CodeIgniter->run()
CRITICAL - 2023-01-11 06:28:00 --> Invalid file: template/kinsmen-sky/themes.php
in SYSTEMPATH/Exceptions/FrameworkException.php on line 33.
 1 SYSTEMPATH/View/View.php(201): CodeIgniter\Exceptions\FrameworkException::forInvalidFile()
 2 SYSTEMPATH/Common.php(1142): CodeIgniter\View\View->render()
 3 APPPATH/Controllers/Pages.php(54): view()
 4 SYSTEMPATH/CodeIgniter.php(907): App\Controllers\Pages->view()
 5 SYSTEMPATH/CodeIgniter.php(457): CodeIgniter\CodeIgniter->runController()
 6 SYSTEMPATH/CodeIgniter.php(340): CodeIgniter\CodeIgniter->handleRequest()
 7 FCPATH/index.php(71): CodeIgniter\CodeIgniter->run()
CRITICAL - 2023-01-11 06:28:17 --> Invalid file: template/kinsmen-sky/themes.php
in SYSTEMPATH/Exceptions/FrameworkException.php on line 33.
 1 SYSTEMPATH/View/View.php(201): CodeIgniter\Exceptions\FrameworkException::forInvalidFile()
 2 SYSTEMPATH/Common.php(1142): CodeIgniter\View\View->render()
 3 APPPATH/Controllers/Pages.php(54): view()
 4 SYSTEMPATH/CodeIgniter.php(907): App\Controllers\Pages->view()
 5 SYSTEMPATH/CodeIgniter.php(457): CodeIgniter\CodeIgniter->runController()
 6 SYSTEMPATH/CodeIgniter.php(340): CodeIgniter\CodeIgniter->handleRequest()
 7 FCPATH/index.php(71): CodeIgniter\CodeIgniter->run()
CRITICAL - 2023-01-11 06:28:17 --> Invalid file: template/kinsmen-sky/themes.php
in SYSTEMPATH/Exceptions/FrameworkException.php on line 33.
 1 SYSTEMPATH/View/View.php(201): CodeIgniter\Exceptions\FrameworkException::forInvalidFile()
 2 SYSTEMPATH/Common.php(1142): CodeIgniter\View\View->render()
 3 APPPATH/Controllers/Pages.php(54): view()
 4 SYSTEMPATH/CodeIgniter.php(907): App\Controllers\Pages->view()
 5 SYSTEMPATH/CodeIgniter.php(457): CodeIgniter\CodeIgniter->runController()
 6 SYSTEMPATH/CodeIgniter.php(340): CodeIgniter\CodeIgniter->handleRequest()
 7 FCPATH/index.php(71): CodeIgniter\CodeIgniter->run()
CRITICAL - 2023-01-11 06:28:17 --> Invalid file: template/kinsmen-sky/themes.php
in SYSTEMPATH/Exceptions/FrameworkException.php on line 33.
 1 SYSTEMPATH/View/View.php(201): CodeIgniter\Exceptions\FrameworkException::forInvalidFile()
 2 SYSTEMPATH/Common.php(1142): CodeIgniter\View\View->render()
 3 APPPATH/Controllers/Pages.php(54): view()
 4 SYSTEMPATH/CodeIgniter.php(907): App\Controllers\Pages->view()
 5 SYSTEMPATH/CodeIgniter.php(457): CodeIgniter\CodeIgniter->runController()
 6 SYSTEMPATH/CodeIgniter.php(340): CodeIgniter\CodeIgniter->handleRequest()
 7 FCPATH/index.php(71): CodeIgniter\CodeIgniter->run()
CRITICAL - 2023-01-11 06:28:17 --> Invalid file: template/kinsmen-sky/themes.php
in SYSTEMPATH/Exceptions/FrameworkException.php on line 33.
 1 SYSTEMPATH/View/View.php(201): CodeIgniter\Exceptions\FrameworkException::forInvalidFile()
 2 SYSTEMPATH/Common.php(1142): CodeIgniter\View\View->render()
 3 APPPATH/Controllers/Pages.php(54): view()
 4 SYSTEMPATH/CodeIgniter.php(907): App\Controllers\Pages->view()
 5 SYSTEMPATH/CodeIgniter.php(457): CodeIgniter\CodeIgniter->runController()
 6 SYSTEMPATH/CodeIgniter.php(340): CodeIgniter\CodeIgniter->handleRequest()
 7 FCPATH/index.php(71): CodeIgniter\CodeIgniter->run()
CRITICAL - 2023-01-11 06:28:21 --> Invalid file: template/kinsmen-sky/themes.php
in SYSTEMPATH/Exceptions/FrameworkException.php on line 33.
 1 SYSTEMPATH/View/View.php(201): CodeIgniter\Exceptions\FrameworkException::forInvalidFile()
 2 SYSTEMPATH/Common.php(1142): CodeIgniter\View\View->render()
 3 APPPATH/Controllers/Pages.php(54): view()
 4 SYSTEMPATH/CodeIgniter.php(907): App\Controllers\Pages->view()
 5 SYSTEMPATH/CodeIgniter.php(457): CodeIgniter\CodeIgniter->runController()
 6 SYSTEMPATH/CodeIgniter.php(340): CodeIgniter\CodeIgniter->handleRequest()
 7 FCPATH/index.php(71): CodeIgniter\CodeIgniter->run()
CRITICAL - 2023-01-11 06:28:21 --> Invalid file: template/kinsmen-sky/themes.php
in SYSTEMPATH/Exceptions/FrameworkException.php on line 33.
 1 SYSTEMPATH/View/View.php(201): CodeIgniter\Exceptions\FrameworkException::forInvalidFile()
 2 SYSTEMPATH/Common.php(1142): CodeIgniter\View\View->render()
 3 APPPATH/Controllers/Pages.php(54): view()
 4 SYSTEMPATH/CodeIgniter.php(907): App\Controllers\Pages->view()
 5 SYSTEMPATH/CodeIgniter.php(457): CodeIgniter\CodeIgniter->runController()
 6 SYSTEMPATH/CodeIgniter.php(340): CodeIgniter\CodeIgniter->handleRequest()
 7 FCPATH/index.php(71): CodeIgniter\CodeIgniter->run()
CRITICAL - 2023-01-11 06:28:21 --> Invalid file: template/kinsmen-sky/themes.php
in SYSTEMPATH/Exceptions/FrameworkException.php on line 33.
 1 SYSTEMPATH/View/View.php(201): CodeIgniter\Exceptions\FrameworkException::forInvalidFile()
 2 SYSTEMPATH/Common.php(1142): CodeIgniter\View\View->render()
 3 APPPATH/Controllers/Pages.php(54): view()
 4 SYSTEMPATH/CodeIgniter.php(907): App\Controllers\Pages->view()
 5 SYSTEMPATH/CodeIgniter.php(457): CodeIgniter\CodeIgniter->runController()
 6 SYSTEMPATH/CodeIgniter.php(340): CodeIgniter\CodeIgniter->handleRequest()
 7 FCPATH/index.php(71): CodeIgniter\CodeIgniter->run()
CRITICAL - 2023-01-11 06:28:21 --> Invalid file: template/kinsmen-sky/themes.php
in SYSTEMPATH/Exceptions/FrameworkException.php on line 33.
 1 SYSTEMPATH/View/View.php(201): CodeIgniter\Exceptions\FrameworkException::forInvalidFile()
 2 SYSTEMPATH/Common.php(1142): CodeIgniter\View\View->render()
 3 APPPATH/Controllers/Pages.php(54): view()
 4 SYSTEMPATH/CodeIgniter.php(907): App\Controllers\Pages->view()
 5 SYSTEMPATH/CodeIgniter.php(457): CodeIgniter\CodeIgniter->runController()
 6 SYSTEMPATH/CodeIgniter.php(340): CodeIgniter\CodeIgniter->handleRequest()
 7 FCPATH/index.php(71): CodeIgniter\CodeIgniter->run()
CRITICAL - 2023-01-11 06:28:22 --> Invalid file: template/kinsmen-sky/themes.php
in SYSTEMPATH/Exceptions/FrameworkException.php on line 33.
 1 SYSTEMPATH/View/View.php(201): CodeIgniter\Exceptions\FrameworkException::forInvalidFile()
 2 SYSTEMPATH/Common.php(1142): CodeIgniter\View\View->render()
 3 APPPATH/Controllers/Pages.php(54): view()
 4 SYSTEMPATH/CodeIgniter.php(907): App\Controllers\Pages->view()
 5 SYSTEMPATH/CodeIgniter.php(457): CodeIgniter\CodeIgniter->runController()
 6 SYSTEMPATH/CodeIgniter.php(340): CodeIgniter\CodeIgniter->handleRequest()
 7 FCPATH/index.php(71): CodeIgniter\CodeIgniter->run()
CRITICAL - 2023-01-11 06:28:22 --> Invalid file: template/kinsmen-sky/themes.php
in SYSTEMPATH/Exceptions/FrameworkException.php on line 33.
 1 SYSTEMPATH/View/View.php(201): CodeIgniter\Exceptions\FrameworkException::forInvalidFile()
 2 SYSTEMPATH/Common.php(1142): CodeIgniter\View\View->render()
 3 APPPATH/Controllers/Pages.php(54): view()
 4 SYSTEMPATH/CodeIgniter.php(907): App\Controllers\Pages->view()
 5 SYSTEMPATH/CodeIgniter.php(457): CodeIgniter\CodeIgniter->runController()
 6 SYSTEMPATH/CodeIgniter.php(340): CodeIgniter\CodeIgniter->handleRequest()
 7 FCPATH/index.php(71): CodeIgniter\CodeIgniter->run()
CRITICAL - 2023-01-11 06:28:22 --> Invalid file: template/kinsmen-sky/themes.php
in SYSTEMPATH/Exceptions/FrameworkException.php on line 33.
 1 SYSTEMPATH/View/View.php(201): CodeIgniter\Exceptions\FrameworkException::forInvalidFile()
 2 SYSTEMPATH/Common.php(1142): CodeIgniter\View\View->render()
 3 APPPATH/Controllers/Pages.php(54): view()
 4 SYSTEMPATH/CodeIgniter.php(907): App\Controllers\Pages->view()
 5 SYSTEMPATH/CodeIgniter.php(457): CodeIgniter\CodeIgniter->runController()
 6 SYSTEMPATH/CodeIgniter.php(340): CodeIgniter\CodeIgniter->handleRequest()
 7 FCPATH/index.php(71): CodeIgniter\CodeIgniter->run()
CRITICAL - 2023-01-11 06:29:12 --> Invalid file: template/kinsmen-sky/themes.php
in SYSTEMPATH/Exceptions/FrameworkException.php on line 33.
 1 SYSTEMPATH/View/View.php(201): CodeIgniter\Exceptions\FrameworkException::forInvalidFile()
 2 SYSTEMPATH/Common.php(1142): CodeIgniter\View\View->render()
 3 APPPATH/Controllers/Pages.php(54): view()
 4 SYSTEMPATH/CodeIgniter.php(907): App\Controllers\Pages->view()
 5 SYSTEMPATH/CodeIgniter.php(457): CodeIgniter\CodeIgniter->runController()
 6 SYSTEMPATH/CodeIgniter.php(340): CodeIgniter\CodeIgniter->handleRequest()
 7 FCPATH/index.php(71): CodeIgniter\CodeIgniter->run()
CRITICAL - 2023-01-11 06:29:12 --> Invalid file: template/kinsmen-sky/themes.php
in SYSTEMPATH/Exceptions/FrameworkException.php on line 33.
 1 SYSTEMPATH/View/View.php(201): CodeIgniter\Exceptions\FrameworkException::forInvalidFile()
 2 SYSTEMPATH/Common.php(1142): CodeIgniter\View\View->render()
 3 APPPATH/Controllers/Pages.php(54): view()
 4 SYSTEMPATH/CodeIgniter.php(907): App\Controllers\Pages->view()
 5 SYSTEMPATH/CodeIgniter.php(457): CodeIgniter\CodeIgniter->runController()
 6 SYSTEMPATH/CodeIgniter.php(340): CodeIgniter\CodeIgniter->handleRequest()
 7 FCPATH/index.php(71): CodeIgniter\CodeIgniter->run()
CRITICAL - 2023-01-11 06:29:12 --> Invalid file: template/kinsmen-sky/themes.php
in SYSTEMPATH/Exceptions/FrameworkException.php on line 33.
 1 SYSTEMPATH/View/View.php(201): CodeIgniter\Exceptions\FrameworkException::forInvalidFile()
 2 SYSTEMPATH/Common.php(1142): CodeIgniter\View\View->render()
 3 APPPATH/Controllers/Pages.php(54): view()
 4 SYSTEMPATH/CodeIgniter.php(907): App\Controllers\Pages->view()
 5 SYSTEMPATH/CodeIgniter.php(457): CodeIgniter\CodeIgniter->runController()
 6 SYSTEMPATH/CodeIgniter.php(340): CodeIgniter\CodeIgniter->handleRequest()
 7 FCPATH/index.php(71): CodeIgniter\CodeIgniter->run()
CRITICAL - 2023-01-11 06:29:12 --> Invalid file: template/kinsmen-sky/themes.php
in SYSTEMPATH/Exceptions/FrameworkException.php on line 33.
 1 SYSTEMPATH/View/View.php(201): CodeIgniter\Exceptions\FrameworkException::forInvalidFile()
 2 SYSTEMPATH/Common.php(1142): CodeIgniter\View\View->render()
 3 APPPATH/Controllers/Pages.php(54): view()
 4 SYSTEMPATH/CodeIgniter.php(907): App\Controllers\Pages->view()
 5 SYSTEMPATH/CodeIgniter.php(457): CodeIgniter\CodeIgniter->runController()
 6 SYSTEMPATH/CodeIgniter.php(340): CodeIgniter\CodeIgniter->handleRequest()
 7 FCPATH/index.php(71): CodeIgniter\CodeIgniter->run()
CRITICAL - 2023-01-11 06:29:12 --> Invalid file: template/kinsmen-sky/themes.php
in SYSTEMPATH/Exceptions/FrameworkException.php on line 33.
 1 SYSTEMPATH/View/View.php(201): CodeIgniter\Exceptions\FrameworkException::forInvalidFile()
 2 SYSTEMPATH/Common.php(1142): CodeIgniter\View\View->render()
 3 APPPATH/Controllers/Pages.php(54): view()
 4 SYSTEMPATH/CodeIgniter.php(907): App\Controllers\Pages->view()
 5 SYSTEMPATH/CodeIgniter.php(457): CodeIgniter\CodeIgniter->runController()
 6 SYSTEMPATH/CodeIgniter.php(340): CodeIgniter\CodeIgniter->handleRequest()
 7 FCPATH/index.php(71): CodeIgniter\CodeIgniter->run()
CRITICAL - 2023-01-11 06:29:13 --> Invalid file: template/kinsmen-sky/themes.php
in SYSTEMPATH/Exceptions/FrameworkException.php on line 33.
 1 SYSTEMPATH/View/View.php(201): CodeIgniter\Exceptions\FrameworkException::forInvalidFile()
 2 SYSTEMPATH/Common.php(1142): CodeIgniter\View\View->render()
 3 APPPATH/Controllers/Pages.php(54): view()
 4 SYSTEMPATH/CodeIgniter.php(907): App\Controllers\Pages->view()
 5 SYSTEMPATH/CodeIgniter.php(457): CodeIgniter\CodeIgniter->runController()
 6 SYSTEMPATH/CodeIgniter.php(340): CodeIgniter\CodeIgniter->handleRequest()
 7 FCPATH/index.php(71): CodeIgniter\CodeIgniter->run()
CRITICAL - 2023-01-11 06:29:13 --> Invalid file: template/kinsmen-sky/themes.php
in SYSTEMPATH/Exceptions/FrameworkException.php on line 33.
 1 SYSTEMPATH/View/View.php(201): CodeIgniter\Exceptions\FrameworkException::forInvalidFile()
 2 SYSTEMPATH/Common.php(1142): CodeIgniter\View\View->render()
 3 APPPATH/Controllers/Pages.php(54): view()
 4 SYSTEMPATH/CodeIgniter.php(907): App\Controllers\Pages->view()
 5 SYSTEMPATH/CodeIgniter.php(457): CodeIgniter\CodeIgniter->runController()
 6 SYSTEMPATH/CodeIgniter.php(340): CodeIgniter\CodeIgniter->handleRequest()
 7 FCPATH/index.php(71): CodeIgniter\CodeIgniter->run()
CRITICAL - 2023-01-11 06:29:30 --> Invalid file: template/kinsmen-sky/themes.php
in SYSTEMPATH/Exceptions/FrameworkException.php on line 33.
 1 SYSTEMPATH/View/View.php(201): CodeIgniter\Exceptions\FrameworkException::forInvalidFile()
 2 SYSTEMPATH/Common.php(1142): CodeIgniter\View\View->render()
 3 APPPATH/Controllers/Pages.php(54): view()
 4 SYSTEMPATH/CodeIgniter.php(907): App\Controllers\Pages->view()
 5 SYSTEMPATH/CodeIgniter.php(457): CodeIgniter\CodeIgniter->runController()
 6 SYSTEMPATH/CodeIgniter.php(340): CodeIgniter\CodeIgniter->handleRequest()
 7 FCPATH/index.php(71): CodeIgniter\CodeIgniter->run()
CRITICAL - 2023-01-11 06:29:31 --> Invalid file: template/kinsmen-sky/themes.php
in SYSTEMPATH/Exceptions/FrameworkException.php on line 33.
 1 SYSTEMPATH/View/View.php(201): CodeIgniter\Exceptions\FrameworkException::forInvalidFile()
 2 SYSTEMPATH/Common.php(1142): CodeIgniter\View\View->render()
 3 APPPATH/Controllers/Pages.php(54): view()
 4 SYSTEMPATH/CodeIgniter.php(907): App\Controllers\Pages->view()
 5 SYSTEMPATH/CodeIgniter.php(457): CodeIgniter\CodeIgniter->runController()
 6 SYSTEMPATH/CodeIgniter.php(340): CodeIgniter\CodeIgniter->handleRequest()
 7 FCPATH/index.php(71): CodeIgniter\CodeIgniter->run()
CRITICAL - 2023-01-11 06:29:31 --> Invalid file: template/kinsmen-sky/themes.php
in SYSTEMPATH/Exceptions/FrameworkException.php on line 33.
 1 SYSTEMPATH/View/View.php(201): CodeIgniter\Exceptions\FrameworkException::forInvalidFile()
 2 SYSTEMPATH/Common.php(1142): CodeIgniter\View\View->render()
 3 APPPATH/Controllers/Pages.php(54): view()
 4 SYSTEMPATH/CodeIgniter.php(907): App\Controllers\Pages->view()
 5 SYSTEMPATH/CodeIgniter.php(457): CodeIgniter\CodeIgniter->runController()
 6 SYSTEMPATH/CodeIgniter.php(340): CodeIgniter\CodeIgniter->handleRequest()
 7 FCPATH/index.php(71): CodeIgniter\CodeIgniter->run()
CRITICAL - 2023-01-11 06:29:31 --> Invalid file: template/kinsmen-sky/themes.php
in SYSTEMPATH/Exceptions/FrameworkException.php on line 33.
 1 SYSTEMPATH/View/View.php(201): CodeIgniter\Exceptions\FrameworkException::forInvalidFile()
 2 SYSTEMPATH/Common.php(1142): CodeIgniter\View\View->render()
 3 APPPATH/Controllers/Pages.php(54): view()
 4 SYSTEMPATH/CodeIgniter.php(907): App\Controllers\Pages->view()
 5 SYSTEMPATH/CodeIgniter.php(457): CodeIgniter\CodeIgniter->runController()
 6 SYSTEMPATH/CodeIgniter.php(340): CodeIgniter\CodeIgniter->handleRequest()
 7 FCPATH/index.php(71): CodeIgniter\CodeIgniter->run()
CRITICAL - 2023-01-11 06:29:31 --> Invalid file: template/kinsmen-sky/themes.php
in SYSTEMPATH/Exceptions/FrameworkException.php on line 33.
 1 SYSTEMPATH/View/View.php(201): CodeIgniter\Exceptions\FrameworkException::forInvalidFile()
 2 SYSTEMPATH/Common.php(1142): CodeIgniter\View\View->render()
 3 APPPATH/Controllers/Pages.php(54): view()
 4 SYSTEMPATH/CodeIgniter.php(907): App\Controllers\Pages->view()
 5 SYSTEMPATH/CodeIgniter.php(457): CodeIgniter\CodeIgniter->runController()
 6 SYSTEMPATH/CodeIgniter.php(340): CodeIgniter\CodeIgniter->handleRequest()
 7 FCPATH/index.php(71): CodeIgniter\CodeIgniter->run()
CRITICAL - 2023-01-11 06:29:31 --> Invalid file: template/kinsmen-sky/themes.php
in SYSTEMPATH/Exceptions/FrameworkException.php on line 33.
 1 SYSTEMPATH/View/View.php(201): CodeIgniter\Exceptions\FrameworkException::forInvalidFile()
 2 SYSTEMPATH/Common.php(1142): CodeIgniter\View\View->render()
 3 APPPATH/Controllers/Pages.php(54): view()
 4 SYSTEMPATH/CodeIgniter.php(907): App\Controllers\Pages->view()
 5 SYSTEMPATH/CodeIgniter.php(457): CodeIgniter\CodeIgniter->runController()
 6 SYSTEMPATH/CodeIgniter.php(340): CodeIgniter\CodeIgniter->handleRequest()
 7 FCPATH/index.php(71): CodeIgniter\CodeIgniter->run()
CRITICAL - 2023-01-11 06:29:31 --> Invalid file: template/kinsmen-sky/themes.php
in SYSTEMPATH/Exceptions/FrameworkException.php on line 33.
 1 SYSTEMPATH/View/View.php(201): CodeIgniter\Exceptions\FrameworkException::forInvalidFile()
 2 SYSTEMPATH/Common.php(1142): CodeIgniter\View\View->render()
 3 APPPATH/Controllers/Pages.php(54): view()
 4 SYSTEMPATH/CodeIgniter.php(907): App\Controllers\Pages->view()
 5 SYSTEMPATH/CodeIgniter.php(457): CodeIgniter\CodeIgniter->runController()
 6 SYSTEMPATH/CodeIgniter.php(340): CodeIgniter\CodeIgniter->handleRequest()
 7 FCPATH/index.php(71): CodeIgniter\CodeIgniter->run()
CRITICAL - 2023-01-11 06:30:08 --> Invalid file: template/kinsmen-sky/themes.php
in SYSTEMPATH/Exceptions/FrameworkException.php on line 33.
 1 SYSTEMPATH/View/View.php(201): CodeIgniter\Exceptions\FrameworkException::forInvalidFile()
 2 SYSTEMPATH/Common.php(1142): CodeIgniter\View\View->render()
 3 APPPATH/Controllers/Pages.php(54): view()
 4 SYSTEMPATH/CodeIgniter.php(907): App\Controllers\Pages->view()
 5 SYSTEMPATH/CodeIgniter.php(457): CodeIgniter\CodeIgniter->runController()
 6 SYSTEMPATH/CodeIgniter.php(340): CodeIgniter\CodeIgniter->handleRequest()
 7 FCPATH/index.php(71): CodeIgniter\CodeIgniter->run()
CRITICAL - 2023-01-11 06:30:08 --> Invalid file: template/kinsmen-sky/themes.php
in SYSTEMPATH/Exceptions/FrameworkException.php on line 33.
 1 SYSTEMPATH/View/View.php(201): CodeIgniter\Exceptions\FrameworkException::forInvalidFile()
 2 SYSTEMPATH/Common.php(1142): CodeIgniter\View\View->render()
 3 APPPATH/Controllers/Pages.php(54): view()
 4 SYSTEMPATH/CodeIgniter.php(907): App\Controllers\Pages->view()
 5 SYSTEMPATH/CodeIgniter.php(457): CodeIgniter\CodeIgniter->runController()
 6 SYSTEMPATH/CodeIgniter.php(340): CodeIgniter\CodeIgniter->handleRequest()
 7 FCPATH/index.php(71): CodeIgniter\CodeIgniter->run()
CRITICAL - 2023-01-11 06:30:08 --> Invalid file: template/kinsmen-sky/themes.php
in SYSTEMPATH/Exceptions/FrameworkException.php on line 33.
 1 SYSTEMPATH/View/View.php(201): CodeIgniter\Exceptions\FrameworkException::forInvalidFile()
 2 SYSTEMPATH/Common.php(1142): CodeIgniter\View\View->render()
 3 APPPATH/Controllers/Pages.php(54): view()
 4 SYSTEMPATH/CodeIgniter.php(907): App\Controllers\Pages->view()
 5 SYSTEMPATH/CodeIgniter.php(457): CodeIgniter\CodeIgniter->runController()
 6 SYSTEMPATH/CodeIgniter.php(340): CodeIgniter\CodeIgniter->handleRequest()
 7 FCPATH/index.php(71): CodeIgniter\CodeIgniter->run()
CRITICAL - 2023-01-11 06:30:08 --> Invalid file: template/kinsmen-sky/themes.php
in SYSTEMPATH/Exceptions/FrameworkException.php on line 33.
 1 SYSTEMPATH/View/View.php(201): CodeIgniter\Exceptions\FrameworkException::forInvalidFile()
 2 SYSTEMPATH/Common.php(1142): CodeIgniter\View\View->render()
 3 APPPATH/Controllers/Pages.php(54): view()
 4 SYSTEMPATH/CodeIgniter.php(907): App\Controllers\Pages->view()
 5 SYSTEMPATH/CodeIgniter.php(457): CodeIgniter\CodeIgniter->runController()
 6 SYSTEMPATH/CodeIgniter.php(340): CodeIgniter\CodeIgniter->handleRequest()
 7 FCPATH/index.php(71): CodeIgniter\CodeIgniter->run()
CRITICAL - 2023-01-11 06:30:08 --> Invalid file: template/kinsmen-sky/themes.php
in SYSTEMPATH/Exceptions/FrameworkException.php on line 33.
 1 SYSTEMPATH/View/View.php(201): CodeIgniter\Exceptions\FrameworkException::forInvalidFile()
 2 SYSTEMPATH/Common.php(1142): CodeIgniter\View\View->render()
 3 APPPATH/Controllers/Pages.php(54): view()
 4 SYSTEMPATH/CodeIgniter.php(907): App\Controllers\Pages->view()
 5 SYSTEMPATH/CodeIgniter.php(457): CodeIgniter\CodeIgniter->runController()
 6 SYSTEMPATH/CodeIgniter.php(340): CodeIgniter\CodeIgniter->handleRequest()
 7 FCPATH/index.php(71): CodeIgniter\CodeIgniter->run()
CRITICAL - 2023-01-11 06:30:08 --> Invalid file: template/kinsmen-sky/themes.php
in SYSTEMPATH/Exceptions/FrameworkException.php on line 33.
 1 SYSTEMPATH/View/View.php(201): CodeIgniter\Exceptions\FrameworkException::forInvalidFile()
 2 SYSTEMPATH/Common.php(1142): CodeIgniter\View\View->render()
 3 APPPATH/Controllers/Pages.php(54): view()
 4 SYSTEMPATH/CodeIgniter.php(907): App\Controllers\Pages->view()
 5 SYSTEMPATH/CodeIgniter.php(457): CodeIgniter\CodeIgniter->runController()
 6 SYSTEMPATH/CodeIgniter.php(340): CodeIgniter\CodeIgniter->handleRequest()
 7 FCPATH/index.php(71): CodeIgniter\CodeIgniter->run()
CRITICAL - 2023-01-11 06:30:08 --> Invalid file: template/kinsmen-sky/themes.php
in SYSTEMPATH/Exceptions/FrameworkException.php on line 33.
 1 SYSTEMPATH/View/View.php(201): CodeIgniter\Exceptions\FrameworkException::forInvalidFile()
 2 SYSTEMPATH/Common.php(1142): CodeIgniter\View\View->render()
 3 APPPATH/Controllers/Pages.php(54): view()
 4 SYSTEMPATH/CodeIgniter.php(907): App\Controllers\Pages->view()
 5 SYSTEMPATH/CodeIgniter.php(457): CodeIgniter\CodeIgniter->runController()
 6 SYSTEMPATH/CodeIgniter.php(340): CodeIgniter\CodeIgniter->handleRequest()
 7 FCPATH/index.php(71): CodeIgniter\CodeIgniter->run()
CRITICAL - 2023-01-11 06:30:28 --> Invalid file: template/kinsmen-sky/themes.php
in SYSTEMPATH/Exceptions/FrameworkException.php on line 33.
 1 SYSTEMPATH/View/View.php(201): CodeIgniter\Exceptions\FrameworkException::forInvalidFile()
 2 SYSTEMPATH/Common.php(1142): CodeIgniter\View\View->render()
 3 APPPATH/Controllers/Pages.php(54): view()
 4 SYSTEMPATH/CodeIgniter.php(907): App\Controllers\Pages->view()
 5 SYSTEMPATH/CodeIgniter.php(457): CodeIgniter\CodeIgniter->runController()
 6 SYSTEMPATH/CodeIgniter.php(340): CodeIgniter\CodeIgniter->handleRequest()
 7 FCPATH/index.php(71): CodeIgniter\CodeIgniter->run()
CRITICAL - 2023-01-11 06:30:28 --> Invalid file: template/kinsmen-sky/themes.php
in SYSTEMPATH/Exceptions/FrameworkException.php on line 33.
 1 SYSTEMPATH/View/View.php(201): CodeIgniter\Exceptions\FrameworkException::forInvalidFile()
 2 SYSTEMPATH/Common.php(1142): CodeIgniter\View\View->render()
 3 APPPATH/Controllers/Pages.php(54): view()
 4 SYSTEMPATH/CodeIgniter.php(907): App\Controllers\Pages->view()
 5 SYSTEMPATH/CodeIgniter.php(457): CodeIgniter\CodeIgniter->runController()
 6 SYSTEMPATH/CodeIgniter.php(340): CodeIgniter\CodeIgniter->handleRequest()
 7 FCPATH/index.php(71): CodeIgniter\CodeIgniter->run()
CRITICAL - 2023-01-11 06:30:29 --> Invalid file: template/kinsmen-sky/themes.php
in SYSTEMPATH/Exceptions/FrameworkException.php on line 33.
 1 SYSTEMPATH/View/View.php(201): CodeIgniter\Exceptions\FrameworkException::forInvalidFile()
 2 SYSTEMPATH/Common.php(1142): CodeIgniter\View\View->render()
 3 APPPATH/Controllers/Pages.php(54): view()
 4 SYSTEMPATH/CodeIgniter.php(907): App\Controllers\Pages->view()
 5 SYSTEMPATH/CodeIgniter.php(457): CodeIgniter\CodeIgniter->runController()
 6 SYSTEMPATH/CodeIgniter.php(340): CodeIgniter\CodeIgniter->handleRequest()
 7 FCPATH/index.php(71): CodeIgniter\CodeIgniter->run()
CRITICAL - 2023-01-11 06:30:29 --> Invalid file: template/kinsmen-sky/themes.php
in SYSTEMPATH/Exceptions/FrameworkException.php on line 33.
 1 SYSTEMPATH/View/View.php(201): CodeIgniter\Exceptions\FrameworkException::forInvalidFile()
 2 SYSTEMPATH/Common.php(1142): CodeIgniter\View\View->render()
 3 APPPATH/Controllers/Pages.php(54): view()
 4 SYSTEMPATH/CodeIgniter.php(907): App\Controllers\Pages->view()
 5 SYSTEMPATH/CodeIgniter.php(457): CodeIgniter\CodeIgniter->runController()
 6 SYSTEMPATH/CodeIgniter.php(340): CodeIgniter\CodeIgniter->handleRequest()
 7 FCPATH/index.php(71): CodeIgniter\CodeIgniter->run()
CRITICAL - 2023-01-11 06:30:29 --> Invalid file: template/kinsmen-sky/themes.php
in SYSTEMPATH/Exceptions/FrameworkException.php on line 33.
 1 SYSTEMPATH/View/View.php(201): CodeIgniter\Exceptions\FrameworkException::forInvalidFile()
 2 SYSTEMPATH/Common.php(1142): CodeIgniter\View\View->render()
 3 APPPATH/Controllers/Pages.php(54): view()
 4 SYSTEMPATH/CodeIgniter.php(907): App\Controllers\Pages->view()
 5 SYSTEMPATH/CodeIgniter.php(457): CodeIgniter\CodeIgniter->runController()
 6 SYSTEMPATH/CodeIgniter.php(340): CodeIgniter\CodeIgniter->handleRequest()
 7 FCPATH/index.php(71): CodeIgniter\CodeIgniter->run()
CRITICAL - 2023-01-11 06:30:29 --> Invalid file: template/kinsmen-sky/themes.php
in SYSTEMPATH/Exceptions/FrameworkException.php on line 33.
 1 SYSTEMPATH/View/View.php(201): CodeIgniter\Exceptions\FrameworkException::forInvalidFile()
 2 SYSTEMPATH/Common.php(1142): CodeIgniter\View\View->render()
 3 APPPATH/Controllers/Pages.php(54): view()
 4 SYSTEMPATH/CodeIgniter.php(907): App\Controllers\Pages->view()
 5 SYSTEMPATH/CodeIgniter.php(457): CodeIgniter\CodeIgniter->runController()
 6 SYSTEMPATH/CodeIgniter.php(340): CodeIgniter\CodeIgniter->handleRequest()
 7 FCPATH/index.php(71): CodeIgniter\CodeIgniter->run()
CRITICAL - 2023-01-11 06:30:29 --> Invalid file: template/kinsmen-sky/themes.php
in SYSTEMPATH/Exceptions/FrameworkException.php on line 33.
 1 SYSTEMPATH/View/View.php(201): CodeIgniter\Exceptions\FrameworkException::forInvalidFile()
 2 SYSTEMPATH/Common.php(1142): CodeIgniter\View\View->render()
 3 APPPATH/Controllers/Pages.php(54): view()
 4 SYSTEMPATH/CodeIgniter.php(907): App\Controllers\Pages->view()
 5 SYSTEMPATH/CodeIgniter.php(457): CodeIgniter\CodeIgniter->runController()
 6 SYSTEMPATH/CodeIgniter.php(340): CodeIgniter\CodeIgniter->handleRequest()
 7 FCPATH/index.php(71): CodeIgniter\CodeIgniter->run()
CRITICAL - 2023-01-11 06:30:42 --> Invalid file: template/kinsmen-sky/themes.php
in SYSTEMPATH/Exceptions/FrameworkException.php on line 33.
 1 SYSTEMPATH/View/View.php(201): CodeIgniter\Exceptions\FrameworkException::forInvalidFile()
 2 SYSTEMPATH/Common.php(1142): CodeIgniter\View\View->render()
 3 APPPATH/Controllers/Pages.php(54): view()
 4 SYSTEMPATH/CodeIgniter.php(907): App\Controllers\Pages->view()
 5 SYSTEMPATH/CodeIgniter.php(457): CodeIgniter\CodeIgniter->runController()
 6 SYSTEMPATH/CodeIgniter.php(340): CodeIgniter\CodeIgniter->handleRequest()
 7 FCPATH/index.php(71): CodeIgniter\CodeIgniter->run()
CRITICAL - 2023-01-11 06:30:42 --> Invalid file: template/kinsmen-sky/themes.php
in SYSTEMPATH/Exceptions/FrameworkException.php on line 33.
 1 SYSTEMPATH/View/View.php(201): CodeIgniter\Exceptions\FrameworkException::forInvalidFile()
 2 SYSTEMPATH/Common.php(1142): CodeIgniter\View\View->render()
 3 APPPATH/Controllers/Pages.php(54): view()
 4 SYSTEMPATH/CodeIgniter.php(907): App\Controllers\Pages->view()
 5 SYSTEMPATH/CodeIgniter.php(457): CodeIgniter\CodeIgniter->runController()
 6 SYSTEMPATH/CodeIgniter.php(340): CodeIgniter\CodeIgniter->handleRequest()
 7 FCPATH/index.php(71): CodeIgniter\CodeIgniter->run()
CRITICAL - 2023-01-11 06:30:42 --> Invalid file: template/kinsmen-sky/themes.php
in SYSTEMPATH/Exceptions/FrameworkException.php on line 33.
 1 SYSTEMPATH/View/View.php(201): CodeIgniter\Exceptions\FrameworkException::forInvalidFile()
 2 SYSTEMPATH/Common.php(1142): CodeIgniter\View\View->render()
 3 APPPATH/Controllers/Pages.php(54): view()
 4 SYSTEMPATH/CodeIgniter.php(907): App\Controllers\Pages->view()
 5 SYSTEMPATH/CodeIgniter.php(457): CodeIgniter\CodeIgniter->runController()
 6 SYSTEMPATH/CodeIgniter.php(340): CodeIgniter\CodeIgniter->handleRequest()
 7 FCPATH/index.php(71): CodeIgniter\CodeIgniter->run()
CRITICAL - 2023-01-11 06:30:42 --> Invalid file: template/kinsmen-sky/themes.php
in SYSTEMPATH/Exceptions/FrameworkException.php on line 33.
 1 SYSTEMPATH/View/View.php(201): CodeIgniter\Exceptions\FrameworkException::forInvalidFile()
 2 SYSTEMPATH/Common.php(1142): CodeIgniter\View\View->render()
 3 APPPATH/Controllers/Pages.php(54): view()
 4 SYSTEMPATH/CodeIgniter.php(907): App\Controllers\Pages->view()
 5 SYSTEMPATH/CodeIgniter.php(457): CodeIgniter\CodeIgniter->runController()
 6 SYSTEMPATH/CodeIgniter.php(340): CodeIgniter\CodeIgniter->handleRequest()
 7 FCPATH/index.php(71): CodeIgniter\CodeIgniter->run()
CRITICAL - 2023-01-11 06:30:42 --> Invalid file: template/kinsmen-sky/themes.php
in SYSTEMPATH/Exceptions/FrameworkException.php on line 33.
 1 SYSTEMPATH/View/View.php(201): CodeIgniter\Exceptions\FrameworkException::forInvalidFile()
 2 SYSTEMPATH/Common.php(1142): CodeIgniter\View\View->render()
 3 APPPATH/Controllers/Pages.php(54): view()
 4 SYSTEMPATH/CodeIgniter.php(907): App\Controllers\Pages->view()
 5 SYSTEMPATH/CodeIgniter.php(457): CodeIgniter\CodeIgniter->runController()
 6 SYSTEMPATH/CodeIgniter.php(340): CodeIgniter\CodeIgniter->handleRequest()
 7 FCPATH/index.php(71): CodeIgniter\CodeIgniter->run()
CRITICAL - 2023-01-11 06:31:08 --> Invalid file: template/kinsmen-sky/themes.php
in SYSTEMPATH/Exceptions/FrameworkException.php on line 33.
 1 SYSTEMPATH/View/View.php(201): CodeIgniter\Exceptions\FrameworkException::forInvalidFile()
 2 SYSTEMPATH/Common.php(1142): CodeIgniter\View\View->render()
 3 APPPATH/Controllers/Pages.php(54): view()
 4 SYSTEMPATH/CodeIgniter.php(907): App\Controllers\Pages->view()
 5 SYSTEMPATH/CodeIgniter.php(457): CodeIgniter\CodeIgniter->runController()
 6 SYSTEMPATH/CodeIgniter.php(340): CodeIgniter\CodeIgniter->handleRequest()
 7 FCPATH/index.php(71): CodeIgniter\CodeIgniter->run()
CRITICAL - 2023-01-11 06:31:08 --> Invalid file: template/kinsmen-sky/themes.php
in SYSTEMPATH/Exceptions/FrameworkException.php on line 33.
 1 SYSTEMPATH/View/View.php(201): CodeIgniter\Exceptions\FrameworkException::forInvalidFile()
 2 SYSTEMPATH/Common.php(1142): CodeIgniter\View\View->render()
 3 APPPATH/Controllers/Pages.php(54): view()
 4 SYSTEMPATH/CodeIgniter.php(907): App\Controllers\Pages->view()
 5 SYSTEMPATH/CodeIgniter.php(457): CodeIgniter\CodeIgniter->runController()
 6 SYSTEMPATH/CodeIgniter.php(340): CodeIgniter\CodeIgniter->handleRequest()
 7 FCPATH/index.php(71): CodeIgniter\CodeIgniter->run()
CRITICAL - 2023-01-11 06:31:08 --> Invalid file: template/kinsmen-sky/themes.php
in SYSTEMPATH/Exceptions/FrameworkException.php on line 33.
 1 SYSTEMPATH/View/View.php(201): CodeIgniter\Exceptions\FrameworkException::forInvalidFile()
 2 SYSTEMPATH/Common.php(1142): CodeIgniter\View\View->render()
 3 APPPATH/Controllers/Pages.php(54): view()
 4 SYSTEMPATH/CodeIgniter.php(907): App\Controllers\Pages->view()
 5 SYSTEMPATH/CodeIgniter.php(457): CodeIgniter\CodeIgniter->runController()
 6 SYSTEMPATH/CodeIgniter.php(340): CodeIgniter\CodeIgniter->handleRequest()
 7 FCPATH/index.php(71): CodeIgniter\CodeIgniter->run()
CRITICAL - 2023-01-11 06:31:29 --> Invalid file: template/kinsmen-sky/themes.php
in SYSTEMPATH/Exceptions/FrameworkException.php on line 33.
 1 SYSTEMPATH/View/View.php(201): CodeIgniter\Exceptions\FrameworkException::forInvalidFile()
 2 SYSTEMPATH/Common.php(1142): CodeIgniter\View\View->render()
 3 APPPATH/Controllers/Pages.php(54): view()
 4 SYSTEMPATH/CodeIgniter.php(907): App\Controllers\Pages->view()
 5 SYSTEMPATH/CodeIgniter.php(457): CodeIgniter\CodeIgniter->runController()
 6 SYSTEMPATH/CodeIgniter.php(340): CodeIgniter\CodeIgniter->handleRequest()
 7 FCPATH/index.php(71): CodeIgniter\CodeIgniter->run()
CRITICAL - 2023-01-11 06:31:29 --> Invalid file: template/kinsmen-sky/themes.php
in SYSTEMPATH/Exceptions/FrameworkException.php on line 33.
 1 SYSTEMPATH/View/View.php(201): CodeIgniter\Exceptions\FrameworkException::forInvalidFile()
 2 SYSTEMPATH/Common.php(1142): CodeIgniter\View\View->render()
 3 APPPATH/Controllers/Pages.php(54): view()
 4 SYSTEMPATH/CodeIgniter.php(907): App\Controllers\Pages->view()
 5 SYSTEMPATH/CodeIgniter.php(457): CodeIgniter\CodeIgniter->runController()
 6 SYSTEMPATH/CodeIgniter.php(340): CodeIgniter\CodeIgniter->handleRequest()
 7 FCPATH/index.php(71): CodeIgniter\CodeIgniter->run()
CRITICAL - 2023-01-11 06:31:29 --> Invalid file: template/kinsmen-sky/themes.php
in SYSTEMPATH/Exceptions/FrameworkException.php on line 33.
 1 SYSTEMPATH/View/View.php(201): CodeIgniter\Exceptions\FrameworkException::forInvalidFile()
 2 SYSTEMPATH/Common.php(1142): CodeIgniter\View\View->render()
 3 APPPATH/Controllers/Pages.php(54): view()
 4 SYSTEMPATH/CodeIgniter.php(907): App\Controllers\Pages->view()
 5 SYSTEMPATH/CodeIgniter.php(457): CodeIgniter\CodeIgniter->runController()
 6 SYSTEMPATH/CodeIgniter.php(340): CodeIgniter\CodeIgniter->handleRequest()
 7 FCPATH/index.php(71): CodeIgniter\CodeIgniter->run()
CRITICAL - 2023-01-11 06:31:29 --> Invalid file: template/kinsmen-sky/themes.php
in SYSTEMPATH/Exceptions/FrameworkException.php on line 33.
 1 SYSTEMPATH/View/View.php(201): CodeIgniter\Exceptions\FrameworkException::forInvalidFile()
 2 SYSTEMPATH/Common.php(1142): CodeIgniter\View\View->render()
 3 APPPATH/Controllers/Pages.php(54): view()
 4 SYSTEMPATH/CodeIgniter.php(907): App\Controllers\Pages->view()
 5 SYSTEMPATH/CodeIgniter.php(457): CodeIgniter\CodeIgniter->runController()
 6 SYSTEMPATH/CodeIgniter.php(340): CodeIgniter\CodeIgniter->handleRequest()
 7 FCPATH/index.php(71): CodeIgniter\CodeIgniter->run()
CRITICAL - 2023-01-11 06:32:23 --> Invalid file: template/kinsmen-sky/themes.php
in SYSTEMPATH/Exceptions/FrameworkException.php on line 33.
 1 SYSTEMPATH/View/View.php(201): CodeIgniter\Exceptions\FrameworkException::forInvalidFile()
 2 SYSTEMPATH/Common.php(1142): CodeIgniter\View\View->render()
 3 APPPATH/Controllers/Pages.php(54): view()
 4 SYSTEMPATH/CodeIgniter.php(907): App\Controllers\Pages->view()
 5 SYSTEMPATH/CodeIgniter.php(457): CodeIgniter\CodeIgniter->runController()
 6 SYSTEMPATH/CodeIgniter.php(340): CodeIgniter\CodeIgniter->handleRequest()
 7 FCPATH/index.php(71): CodeIgniter\CodeIgniter->run()
CRITICAL - 2023-01-11 06:32:23 --> Invalid file: template/kinsmen-sky/themes.php
in SYSTEMPATH/Exceptions/FrameworkException.php on line 33.
 1 SYSTEMPATH/View/View.php(201): CodeIgniter\Exceptions\FrameworkException::forInvalidFile()
 2 SYSTEMPATH/Common.php(1142): CodeIgniter\View\View->render()
 3 APPPATH/Controllers/Pages.php(54): view()
 4 SYSTEMPATH/CodeIgniter.php(907): App\Controllers\Pages->view()
 5 SYSTEMPATH/CodeIgniter.php(457): CodeIgniter\CodeIgniter->runController()
 6 SYSTEMPATH/CodeIgniter.php(340): CodeIgniter\CodeIgniter->handleRequest()
 7 FCPATH/index.php(71): CodeIgniter\CodeIgniter->run()
CRITICAL - 2023-01-11 06:32:23 --> Invalid file: template/kinsmen-sky/themes.php
in SYSTEMPATH/Exceptions/FrameworkException.php on line 33.
 1 SYSTEMPATH/View/View.php(201): CodeIgniter\Exceptions\FrameworkException::forInvalidFile()
 2 SYSTEMPATH/Common.php(1142): CodeIgniter\View\View->render()
 3 APPPATH/Controllers/Pages.php(54): view()
 4 SYSTEMPATH/CodeIgniter.php(907): App\Controllers\Pages->view()
 5 SYSTEMPATH/CodeIgniter.php(457): CodeIgniter\CodeIgniter->runController()
 6 SYSTEMPATH/CodeIgniter.php(340): CodeIgniter\CodeIgniter->handleRequest()
 7 FCPATH/index.php(71): CodeIgniter\CodeIgniter->run()
CRITICAL - 2023-01-11 06:32:23 --> Invalid file: template/kinsmen-sky/themes.php
in SYSTEMPATH/Exceptions/FrameworkException.php on line 33.
 1 SYSTEMPATH/View/View.php(201): CodeIgniter\Exceptions\FrameworkException::forInvalidFile()
 2 SYSTEMPATH/Common.php(1142): CodeIgniter\View\View->render()
 3 APPPATH/Controllers/Pages.php(54): view()
 4 SYSTEMPATH/CodeIgniter.php(907): App\Controllers\Pages->view()
 5 SYSTEMPATH/CodeIgniter.php(457): CodeIgniter\CodeIgniter->runController()
 6 SYSTEMPATH/CodeIgniter.php(340): CodeIgniter\CodeIgniter->handleRequest()
 7 FCPATH/index.php(71): CodeIgniter\CodeIgniter->run()
CRITICAL - 2023-01-11 06:32:23 --> Invalid file: template/kinsmen-sky/themes.php
in SYSTEMPATH/Exceptions/FrameworkException.php on line 33.
 1 SYSTEMPATH/View/View.php(201): CodeIgniter\Exceptions\FrameworkException::forInvalidFile()
 2 SYSTEMPATH/Common.php(1142): CodeIgniter\View\View->render()
 3 APPPATH/Controllers/Pages.php(54): view()
 4 SYSTEMPATH/CodeIgniter.php(907): App\Controllers\Pages->view()
 5 SYSTEMPATH/CodeIgniter.php(457): CodeIgniter\CodeIgniter->runController()
 6 SYSTEMPATH/CodeIgniter.php(340): CodeIgniter\CodeIgniter->handleRequest()
 7 FCPATH/index.php(71): CodeIgniter\CodeIgniter->run()
CRITICAL - 2023-01-11 06:32:23 --> Invalid file: template/kinsmen-sky/themes.php
in SYSTEMPATH/Exceptions/FrameworkException.php on line 33.
 1 SYSTEMPATH/View/View.php(201): CodeIgniter\Exceptions\FrameworkException::forInvalidFile()
 2 SYSTEMPATH/Common.php(1142): CodeIgniter\View\View->render()
 3 APPPATH/Controllers/Pages.php(54): view()
 4 SYSTEMPATH/CodeIgniter.php(907): App\Controllers\Pages->view()
 5 SYSTEMPATH/CodeIgniter.php(457): CodeIgniter\CodeIgniter->runController()
 6 SYSTEMPATH/CodeIgniter.php(340): CodeIgniter\CodeIgniter->handleRequest()
 7 FCPATH/index.php(71): CodeIgniter\CodeIgniter->run()
CRITICAL - 2023-01-11 06:32:23 --> Invalid file: template/kinsmen-sky/themes.php
in SYSTEMPATH/Exceptions/FrameworkException.php on line 33.
 1 SYSTEMPATH/View/View.php(201): CodeIgniter\Exceptions\FrameworkException::forInvalidFile()
 2 SYSTEMPATH/Common.php(1142): CodeIgniter\View\View->render()
 3 APPPATH/Controllers/Pages.php(54): view()
 4 SYSTEMPATH/CodeIgniter.php(907): App\Controllers\Pages->view()
 5 SYSTEMPATH/CodeIgniter.php(457): CodeIgniter\CodeIgniter->runController()
 6 SYSTEMPATH/CodeIgniter.php(340): CodeIgniter\CodeIgniter->handleRequest()
 7 FCPATH/index.php(71): CodeIgniter\CodeIgniter->run()
CRITICAL - 2023-01-11 06:33:56 --> Invalid file: template/kinsmen-sky/themes.php
in SYSTEMPATH/Exceptions/FrameworkException.php on line 33.
 1 SYSTEMPATH/View/View.php(201): CodeIgniter\Exceptions\FrameworkException::forInvalidFile()
 2 SYSTEMPATH/Common.php(1142): CodeIgniter\View\View->render()
 3 APPPATH/Controllers/Pages.php(54): view()
 4 SYSTEMPATH/CodeIgniter.php(907): App\Controllers\Pages->view()
 5 SYSTEMPATH/CodeIgniter.php(457): CodeIgniter\CodeIgniter->runController()
 6 SYSTEMPATH/CodeIgniter.php(340): CodeIgniter\CodeIgniter->handleRequest()
 7 FCPATH/index.php(71): CodeIgniter\CodeIgniter->run()
CRITICAL - 2023-01-11 06:33:56 --> Invalid file: template/kinsmen-sky/themes.php
in SYSTEMPATH/Exceptions/FrameworkException.php on line 33.
 1 SYSTEMPATH/View/View.php(201): CodeIgniter\Exceptions\FrameworkException::forInvalidFile()
 2 SYSTEMPATH/Common.php(1142): CodeIgniter\View\View->render()
 3 APPPATH/Controllers/Pages.php(54): view()
 4 SYSTEMPATH/CodeIgniter.php(907): App\Controllers\Pages->view()
 5 SYSTEMPATH/CodeIgniter.php(457): CodeIgniter\CodeIgniter->runController()
 6 SYSTEMPATH/CodeIgniter.php(340): CodeIgniter\CodeIgniter->handleRequest()
 7 FCPATH/index.php(71): CodeIgniter\CodeIgniter->run()
CRITICAL - 2023-01-11 06:33:56 --> Invalid file: template/kinsmen-sky/themes.php
in SYSTEMPATH/Exceptions/FrameworkException.php on line 33.
 1 SYSTEMPATH/View/View.php(201): CodeIgniter\Exceptions\FrameworkException::forInvalidFile()
 2 SYSTEMPATH/Common.php(1142): CodeIgniter\View\View->render()
 3 APPPATH/Controllers/Pages.php(54): view()
 4 SYSTEMPATH/CodeIgniter.php(907): App\Controllers\Pages->view()
 5 SYSTEMPATH/CodeIgniter.php(457): CodeIgniter\CodeIgniter->runController()
 6 SYSTEMPATH/CodeIgniter.php(340): CodeIgniter\CodeIgniter->handleRequest()
 7 FCPATH/index.php(71): CodeIgniter\CodeIgniter->run()
CRITICAL - 2023-01-11 06:33:56 --> Invalid file: template/kinsmen-sky/themes.php
in SYSTEMPATH/Exceptions/FrameworkException.php on line 33.
 1 SYSTEMPATH/View/View.php(201): CodeIgniter\Exceptions\FrameworkException::forInvalidFile()
 2 SYSTEMPATH/Common.php(1142): CodeIgniter\View\View->render()
 3 APPPATH/Controllers/Pages.php(54): view()
 4 SYSTEMPATH/CodeIgniter.php(907): App\Controllers\Pages->view()
 5 SYSTEMPATH/CodeIgniter.php(457): CodeIgniter\CodeIgniter->runController()
 6 SYSTEMPATH/CodeIgniter.php(340): CodeIgniter\CodeIgniter->handleRequest()
 7 FCPATH/index.php(71): CodeIgniter\CodeIgniter->run()
CRITICAL - 2023-01-11 06:33:56 --> Invalid file: template/kinsmen-sky/themes.php
in SYSTEMPATH/Exceptions/FrameworkException.php on line 33.
 1 SYSTEMPATH/View/View.php(201): CodeIgniter\Exceptions\FrameworkException::forInvalidFile()
 2 SYSTEMPATH/Common.php(1142): CodeIgniter\View\View->render()
 3 APPPATH/Controllers/Pages.php(54): view()
 4 SYSTEMPATH/CodeIgniter.php(907): App\Controllers\Pages->view()
 5 SYSTEMPATH/CodeIgniter.php(457): CodeIgniter\CodeIgniter->runController()
 6 SYSTEMPATH/CodeIgniter.php(340): CodeIgniter\CodeIgniter->handleRequest()
 7 FCPATH/index.php(71): CodeIgniter\CodeIgniter->run()
CRITICAL - 2023-01-11 06:33:56 --> Invalid file: template/kinsmen-sky/themes.php
in SYSTEMPATH/Exceptions/FrameworkException.php on line 33.
 1 SYSTEMPATH/View/View.php(201): CodeIgniter\Exceptions\FrameworkException::forInvalidFile()
 2 SYSTEMPATH/Common.php(1142): CodeIgniter\View\View->render()
 3 APPPATH/Controllers/Pages.php(54): view()
 4 SYSTEMPATH/CodeIgniter.php(907): App\Controllers\Pages->view()
 5 SYSTEMPATH/CodeIgniter.php(457): CodeIgniter\CodeIgniter->runController()
 6 SYSTEMPATH/CodeIgniter.php(340): CodeIgniter\CodeIgniter->handleRequest()
 7 FCPATH/index.php(71): CodeIgniter\CodeIgniter->run()
CRITICAL - 2023-01-11 06:33:56 --> Invalid file: template/kinsmen-sky/themes.php
in SYSTEMPATH/Exceptions/FrameworkException.php on line 33.
 1 SYSTEMPATH/View/View.php(201): CodeIgniter\Exceptions\FrameworkException::forInvalidFile()
 2 SYSTEMPATH/Common.php(1142): CodeIgniter\View\View->render()
 3 APPPATH/Controllers/Pages.php(54): view()
 4 SYSTEMPATH/CodeIgniter.php(907): App\Controllers\Pages->view()
 5 SYSTEMPATH/CodeIgniter.php(457): CodeIgniter\CodeIgniter->runController()
 6 SYSTEMPATH/CodeIgniter.php(340): CodeIgniter\CodeIgniter->handleRequest()
 7 FCPATH/index.php(71): CodeIgniter\CodeIgniter->run()
CRITICAL - 2023-01-11 06:34:15 --> Invalid file: template/kinsmen-sky/themes.php
in SYSTEMPATH/Exceptions/FrameworkException.php on line 33.
 1 SYSTEMPATH/View/View.php(201): CodeIgniter\Exceptions\FrameworkException::forInvalidFile()
 2 SYSTEMPATH/Common.php(1142): CodeIgniter\View\View->render()
 3 APPPATH/Controllers/Pages.php(54): view()
 4 SYSTEMPATH/CodeIgniter.php(907): App\Controllers\Pages->view()
 5 SYSTEMPATH/CodeIgniter.php(457): CodeIgniter\CodeIgniter->runController()
 6 SYSTEMPATH/CodeIgniter.php(340): CodeIgniter\CodeIgniter->handleRequest()
 7 FCPATH/index.php(71): CodeIgniter\CodeIgniter->run()
CRITICAL - 2023-01-11 06:34:15 --> Invalid file: template/kinsmen-sky/themes.php
in SYSTEMPATH/Exceptions/FrameworkException.php on line 33.
 1 SYSTEMPATH/View/View.php(201): CodeIgniter\Exceptions\FrameworkException::forInvalidFile()
 2 SYSTEMPATH/Common.php(1142): CodeIgniter\View\View->render()
 3 APPPATH/Controllers/Pages.php(54): view()
 4 SYSTEMPATH/CodeIgniter.php(907): App\Controllers\Pages->view()
 5 SYSTEMPATH/CodeIgniter.php(457): CodeIgniter\CodeIgniter->runController()
 6 SYSTEMPATH/CodeIgniter.php(340): CodeIgniter\CodeIgniter->handleRequest()
 7 FCPATH/index.php(71): CodeIgniter\CodeIgniter->run()
CRITICAL - 2023-01-11 06:34:16 --> Invalid file: template/kinsmen-sky/themes.php
in SYSTEMPATH/Exceptions/FrameworkException.php on line 33.
 1 SYSTEMPATH/View/View.php(201): CodeIgniter\Exceptions\FrameworkException::forInvalidFile()
 2 SYSTEMPATH/Common.php(1142): CodeIgniter\View\View->render()
 3 APPPATH/Controllers/Pages.php(54): view()
 4 SYSTEMPATH/CodeIgniter.php(907): App\Controllers\Pages->view()
 5 SYSTEMPATH/CodeIgniter.php(457): CodeIgniter\CodeIgniter->runController()
 6 SYSTEMPATH/CodeIgniter.php(340): CodeIgniter\CodeIgniter->handleRequest()
 7 FCPATH/index.php(71): CodeIgniter\CodeIgniter->run()
CRITICAL - 2023-01-11 06:34:16 --> Invalid file: template/kinsmen-sky/themes.php
in SYSTEMPATH/Exceptions/FrameworkException.php on line 33.
 1 SYSTEMPATH/View/View.php(201): CodeIgniter\Exceptions\FrameworkException::forInvalidFile()
 2 SYSTEMPATH/Common.php(1142): CodeIgniter\View\View->render()
 3 APPPATH/Controllers/Pages.php(54): view()
 4 SYSTEMPATH/CodeIgniter.php(907): App\Controllers\Pages->view()
 5 SYSTEMPATH/CodeIgniter.php(457): CodeIgniter\CodeIgniter->runController()
 6 SYSTEMPATH/CodeIgniter.php(340): CodeIgniter\CodeIgniter->handleRequest()
 7 FCPATH/index.php(71): CodeIgniter\CodeIgniter->run()
CRITICAL - 2023-01-11 06:34:16 --> Invalid file: template/kinsmen-sky/themes.php
in SYSTEMPATH/Exceptions/FrameworkException.php on line 33.
 1 SYSTEMPATH/View/View.php(201): CodeIgniter\Exceptions\FrameworkException::forInvalidFile()
 2 SYSTEMPATH/Common.php(1142): CodeIgniter\View\View->render()
 3 APPPATH/Controllers/Pages.php(54): view()
 4 SYSTEMPATH/CodeIgniter.php(907): App\Controllers\Pages->view()
 5 SYSTEMPATH/CodeIgniter.php(457): CodeIgniter\CodeIgniter->runController()
 6 SYSTEMPATH/CodeIgniter.php(340): CodeIgniter\CodeIgniter->handleRequest()
 7 FCPATH/index.php(71): CodeIgniter\CodeIgniter->run()
CRITICAL - 2023-01-11 06:34:16 --> Invalid file: template/kinsmen-sky/themes.php
in SYSTEMPATH/Exceptions/FrameworkException.php on line 33.
 1 SYSTEMPATH/View/View.php(201): CodeIgniter\Exceptions\FrameworkException::forInvalidFile()
 2 SYSTEMPATH/Common.php(1142): CodeIgniter\View\View->render()
 3 APPPATH/Controllers/Pages.php(54): view()
 4 SYSTEMPATH/CodeIgniter.php(907): App\Controllers\Pages->view()
 5 SYSTEMPATH/CodeIgniter.php(457): CodeIgniter\CodeIgniter->runController()
 6 SYSTEMPATH/CodeIgniter.php(340): CodeIgniter\CodeIgniter->handleRequest()
 7 FCPATH/index.php(71): CodeIgniter\CodeIgniter->run()
CRITICAL - 2023-01-11 06:34:16 --> Invalid file: template/kinsmen-sky/themes.php
in SYSTEMPATH/Exceptions/FrameworkException.php on line 33.
 1 SYSTEMPATH/View/View.php(201): CodeIgniter\Exceptions\FrameworkException::forInvalidFile()
 2 SYSTEMPATH/Common.php(1142): CodeIgniter\View\View->render()
 3 APPPATH/Controllers/Pages.php(54): view()
 4 SYSTEMPATH/CodeIgniter.php(907): App\Controllers\Pages->view()
 5 SYSTEMPATH/CodeIgniter.php(457): CodeIgniter\CodeIgniter->runController()
 6 SYSTEMPATH/CodeIgniter.php(340): CodeIgniter\CodeIgniter->handleRequest()
 7 FCPATH/index.php(71): CodeIgniter\CodeIgniter->run()
CRITICAL - 2023-01-11 06:36:06 --> Invalid file: template/kinsmen-sky/themes.php
in SYSTEMPATH/Exceptions/FrameworkException.php on line 33.
 1 SYSTEMPATH/View/View.php(201): CodeIgniter\Exceptions\FrameworkException::forInvalidFile()
 2 SYSTEMPATH/Common.php(1142): CodeIgniter\View\View->render()
 3 APPPATH/Controllers/Pages.php(54): view()
 4 SYSTEMPATH/CodeIgniter.php(907): App\Controllers\Pages->view()
 5 SYSTEMPATH/CodeIgniter.php(457): CodeIgniter\CodeIgniter->runController()
 6 SYSTEMPATH/CodeIgniter.php(340): CodeIgniter\CodeIgniter->handleRequest()
 7 FCPATH/index.php(71): CodeIgniter\CodeIgniter->run()
CRITICAL - 2023-01-11 06:36:06 --> Invalid file: template/kinsmen-sky/themes.php
in SYSTEMPATH/Exceptions/FrameworkException.php on line 33.
 1 SYSTEMPATH/View/View.php(201): CodeIgniter\Exceptions\FrameworkException::forInvalidFile()
 2 SYSTEMPATH/Common.php(1142): CodeIgniter\View\View->render()
 3 APPPATH/Controllers/Pages.php(54): view()
 4 SYSTEMPATH/CodeIgniter.php(907): App\Controllers\Pages->view()
 5 SYSTEMPATH/CodeIgniter.php(457): CodeIgniter\CodeIgniter->runController()
 6 SYSTEMPATH/CodeIgniter.php(340): CodeIgniter\CodeIgniter->handleRequest()
 7 FCPATH/index.php(71): CodeIgniter\CodeIgniter->run()
CRITICAL - 2023-01-11 06:36:07 --> Invalid file: template/kinsmen-sky/themes.php
in SYSTEMPATH/Exceptions/FrameworkException.php on line 33.
 1 SYSTEMPATH/View/View.php(201): CodeIgniter\Exceptions\FrameworkException::forInvalidFile()
 2 SYSTEMPATH/Common.php(1142): CodeIgniter\View\View->render()
 3 APPPATH/Controllers/Pages.php(54): view()
 4 SYSTEMPATH/CodeIgniter.php(907): App\Controllers\Pages->view()
 5 SYSTEMPATH/CodeIgniter.php(457): CodeIgniter\CodeIgniter->runController()
 6 SYSTEMPATH/CodeIgniter.php(340): CodeIgniter\CodeIgniter->handleRequest()
 7 FCPATH/index.php(71): CodeIgniter\CodeIgniter->run()
CRITICAL - 2023-01-11 06:36:31 --> Invalid file: template/kinsmen-sky/themes.php
in SYSTEMPATH/Exceptions/FrameworkException.php on line 33.
 1 SYSTEMPATH/View/View.php(201): CodeIgniter\Exceptions\FrameworkException::forInvalidFile()
 2 SYSTEMPATH/Common.php(1142): CodeIgniter\View\View->render()
 3 APPPATH/Controllers/Pages.php(54): view()
 4 SYSTEMPATH/CodeIgniter.php(907): App\Controllers\Pages->view()
 5 SYSTEMPATH/CodeIgniter.php(457): CodeIgniter\CodeIgniter->runController()
 6 SYSTEMPATH/CodeIgniter.php(340): CodeIgniter\CodeIgniter->handleRequest()
 7 FCPATH/index.php(71): CodeIgniter\CodeIgniter->run()
CRITICAL - 2023-01-11 06:36:31 --> Invalid file: template/kinsmen-sky/themes.php
in SYSTEMPATH/Exceptions/FrameworkException.php on line 33.
 1 SYSTEMPATH/View/View.php(201): CodeIgniter\Exceptions\FrameworkException::forInvalidFile()
 2 SYSTEMPATH/Common.php(1142): CodeIgniter\View\View->render()
 3 APPPATH/Controllers/Pages.php(54): view()
 4 SYSTEMPATH/CodeIgniter.php(907): App\Controllers\Pages->view()
 5 SYSTEMPATH/CodeIgniter.php(457): CodeIgniter\CodeIgniter->runController()
 6 SYSTEMPATH/CodeIgniter.php(340): CodeIgniter\CodeIgniter->handleRequest()
 7 FCPATH/index.php(71): CodeIgniter\CodeIgniter->run()
CRITICAL - 2023-01-11 06:36:31 --> Invalid file: template/kinsmen-sky/themes.php
in SYSTEMPATH/Exceptions/FrameworkException.php on line 33.
 1 SYSTEMPATH/View/View.php(201): CodeIgniter\Exceptions\FrameworkException::forInvalidFile()
 2 SYSTEMPATH/Common.php(1142): CodeIgniter\View\View->render()
 3 APPPATH/Controllers/Pages.php(54): view()
 4 SYSTEMPATH/CodeIgniter.php(907): App\Controllers\Pages->view()
 5 SYSTEMPATH/CodeIgniter.php(457): CodeIgniter\CodeIgniter->runController()
 6 SYSTEMPATH/CodeIgniter.php(340): CodeIgniter\CodeIgniter->handleRequest()
 7 FCPATH/index.php(71): CodeIgniter\CodeIgniter->run()
CRITICAL - 2023-01-11 06:39:04 --> Invalid file: template/kinsmen-sky/themes.php
in SYSTEMPATH/Exceptions/FrameworkException.php on line 33.
 1 SYSTEMPATH/View/View.php(201): CodeIgniter\Exceptions\FrameworkException::forInvalidFile()
 2 SYSTEMPATH/Common.php(1142): CodeIgniter\View\View->render()
 3 APPPATH/Controllers/Pages.php(54): view()
 4 SYSTEMPATH/CodeIgniter.php(907): App\Controllers\Pages->view()
 5 SYSTEMPATH/CodeIgniter.php(457): CodeIgniter\CodeIgniter->runController()
 6 SYSTEMPATH/CodeIgniter.php(340): CodeIgniter\CodeIgniter->handleRequest()
 7 FCPATH/index.php(71): CodeIgniter\CodeIgniter->run()
CRITICAL - 2023-01-11 06:39:04 --> Invalid file: template/kinsmen-sky/themes.php
in SYSTEMPATH/Exceptions/FrameworkException.php on line 33.
 1 SYSTEMPATH/View/View.php(201): CodeIgniter\Exceptions\FrameworkException::forInvalidFile()
 2 SYSTEMPATH/Common.php(1142): CodeIgniter\View\View->render()
 3 APPPATH/Controllers/Pages.php(54): view()
 4 SYSTEMPATH/CodeIgniter.php(907): App\Controllers\Pages->view()
 5 SYSTEMPATH/CodeIgniter.php(457): CodeIgniter\CodeIgniter->runController()
 6 SYSTEMPATH/CodeIgniter.php(340): CodeIgniter\CodeIgniter->handleRequest()
 7 FCPATH/index.php(71): CodeIgniter\CodeIgniter->run()
CRITICAL - 2023-01-11 06:40:14 --> Invalid file: template/kinsmen-sky/themes.php
in SYSTEMPATH/Exceptions/FrameworkException.php on line 33.
 1 SYSTEMPATH/View/View.php(201): CodeIgniter\Exceptions\FrameworkException::forInvalidFile()
 2 SYSTEMPATH/Common.php(1142): CodeIgniter\View\View->render()
 3 APPPATH/Controllers/Pages.php(54): view()
 4 SYSTEMPATH/CodeIgniter.php(907): App\Controllers\Pages->view()
 5 SYSTEMPATH/CodeIgniter.php(457): CodeIgniter\CodeIgniter->runController()
 6 SYSTEMPATH/CodeIgniter.php(340): CodeIgniter\CodeIgniter->handleRequest()
 7 FCPATH/index.php(71): CodeIgniter\CodeIgniter->run()
CRITICAL - 2023-01-11 06:40:14 --> Invalid file: template/kinsmen-sky/themes.php
in SYSTEMPATH/Exceptions/FrameworkException.php on line 33.
 1 SYSTEMPATH/View/View.php(201): CodeIgniter\Exceptions\FrameworkException::forInvalidFile()
 2 SYSTEMPATH/Common.php(1142): CodeIgniter\View\View->render()
 3 APPPATH/Controllers/Pages.php(54): view()
 4 SYSTEMPATH/CodeIgniter.php(907): App\Controllers\Pages->view()
 5 SYSTEMPATH/CodeIgniter.php(457): CodeIgniter\CodeIgniter->runController()
 6 SYSTEMPATH/CodeIgniter.php(340): CodeIgniter\CodeIgniter->handleRequest()
 7 FCPATH/index.php(71): CodeIgniter\CodeIgniter->run()
CRITICAL - 2023-01-11 06:40:29 --> Invalid file: template/kinsmen-sky/themes.php
in SYSTEMPATH/Exceptions/FrameworkException.php on line 33.
 1 SYSTEMPATH/View/View.php(201): CodeIgniter\Exceptions\FrameworkException::forInvalidFile()
 2 SYSTEMPATH/Common.php(1142): CodeIgniter\View\View->render()
 3 APPPATH/Controllers/Pages.php(54): view()
 4 SYSTEMPATH/CodeIgniter.php(907): App\Controllers\Pages->view()
 5 SYSTEMPATH/CodeIgniter.php(457): CodeIgniter\CodeIgniter->runController()
 6 SYSTEMPATH/CodeIgniter.php(340): CodeIgniter\CodeIgniter->handleRequest()
 7 FCPATH/index.php(71): CodeIgniter\CodeIgniter->run()
CRITICAL - 2023-01-11 06:40:29 --> Invalid file: template/kinsmen-sky/themes.php
in SYSTEMPATH/Exceptions/FrameworkException.php on line 33.
 1 SYSTEMPATH/View/View.php(201): CodeIgniter\Exceptions\FrameworkException::forInvalidFile()
 2 SYSTEMPATH/Common.php(1142): CodeIgniter\View\View->render()
 3 APPPATH/Controllers/Pages.php(54): view()
 4 SYSTEMPATH/CodeIgniter.php(907): App\Controllers\Pages->view()
 5 SYSTEMPATH/CodeIgniter.php(457): CodeIgniter\CodeIgniter->runController()
 6 SYSTEMPATH/CodeIgniter.php(340): CodeIgniter\CodeIgniter->handleRequest()
 7 FCPATH/index.php(71): CodeIgniter\CodeIgniter->run()
CRITICAL - 2023-01-11 06:40:45 --> Invalid file: template/kinsmen-sky/themes.php
in SYSTEMPATH/Exceptions/FrameworkException.php on line 33.
 1 SYSTEMPATH/View/View.php(201): CodeIgniter\Exceptions\FrameworkException::forInvalidFile()
 2 SYSTEMPATH/Common.php(1142): CodeIgniter\View\View->render()
 3 APPPATH/Controllers/Pages.php(54): view()
 4 SYSTEMPATH/CodeIgniter.php(907): App\Controllers\Pages->view()
 5 SYSTEMPATH/CodeIgniter.php(457): CodeIgniter\CodeIgniter->runController()
 6 SYSTEMPATH/CodeIgniter.php(340): CodeIgniter\CodeIgniter->handleRequest()
 7 FCPATH/index.php(71): CodeIgniter\CodeIgniter->run()
CRITICAL - 2023-01-11 06:40:45 --> Invalid file: template/kinsmen-sky/themes.php
in SYSTEMPATH/Exceptions/FrameworkException.php on line 33.
 1 SYSTEMPATH/View/View.php(201): CodeIgniter\Exceptions\FrameworkException::forInvalidFile()
 2 SYSTEMPATH/Common.php(1142): CodeIgniter\View\View->render()
 3 APPPATH/Controllers/Pages.php(54): view()
 4 SYSTEMPATH/CodeIgniter.php(907): App\Controllers\Pages->view()
 5 SYSTEMPATH/CodeIgniter.php(457): CodeIgniter\CodeIgniter->runController()
 6 SYSTEMPATH/CodeIgniter.php(340): CodeIgniter\CodeIgniter->handleRequest()
 7 FCPATH/index.php(71): CodeIgniter\CodeIgniter->run()
CRITICAL - 2023-01-11 06:41:13 --> Invalid file: template/kinsmen-sky/themes.php
in SYSTEMPATH/Exceptions/FrameworkException.php on line 33.
 1 SYSTEMPATH/View/View.php(201): CodeIgniter\Exceptions\FrameworkException::forInvalidFile()
 2 SYSTEMPATH/Common.php(1142): CodeIgniter\View\View->render()
 3 APPPATH/Controllers/Pages.php(54): view()
 4 SYSTEMPATH/CodeIgniter.php(907): App\Controllers\Pages->view()
 5 SYSTEMPATH/CodeIgniter.php(457): CodeIgniter\CodeIgniter->runController()
 6 SYSTEMPATH/CodeIgniter.php(340): CodeIgniter\CodeIgniter->handleRequest()
 7 FCPATH/index.php(71): CodeIgniter\CodeIgniter->run()
CRITICAL - 2023-01-11 06:41:13 --> Invalid file: template/kinsmen-sky/themes.php
in SYSTEMPATH/Exceptions/FrameworkException.php on line 33.
 1 SYSTEMPATH/View/View.php(201): CodeIgniter\Exceptions\FrameworkException::forInvalidFile()
 2 SYSTEMPATH/Common.php(1142): CodeIgniter\View\View->render()
 3 APPPATH/Controllers/Pages.php(54): view()
 4 SYSTEMPATH/CodeIgniter.php(907): App\Controllers\Pages->view()
 5 SYSTEMPATH/CodeIgniter.php(457): CodeIgniter\CodeIgniter->runController()
 6 SYSTEMPATH/CodeIgniter.php(340): CodeIgniter\CodeIgniter->handleRequest()
 7 FCPATH/index.php(71): CodeIgniter\CodeIgniter->run()
CRITICAL - 2023-01-11 06:42:13 --> Invalid file: template/kinsmen-sky/themes.php
in SYSTEMPATH/Exceptions/FrameworkException.php on line 33.
 1 SYSTEMPATH/View/View.php(201): CodeIgniter\Exceptions\FrameworkException::forInvalidFile()
 2 SYSTEMPATH/Common.php(1142): CodeIgniter\View\View->render()
 3 APPPATH/Controllers/Pages.php(54): view()
 4 SYSTEMPATH/CodeIgniter.php(907): App\Controllers\Pages->view()
 5 SYSTEMPATH/CodeIgniter.php(457): CodeIgniter\CodeIgniter->runController()
 6 SYSTEMPATH/CodeIgniter.php(340): CodeIgniter\CodeIgniter->handleRequest()
 7 FCPATH/index.php(71): CodeIgniter\CodeIgniter->run()
CRITICAL - 2023-01-11 06:42:13 --> Invalid file: template/kinsmen-sky/themes.php
in SYSTEMPATH/Exceptions/FrameworkException.php on line 33.
 1 SYSTEMPATH/View/View.php(201): CodeIgniter\Exceptions\FrameworkException::forInvalidFile()
 2 SYSTEMPATH/Common.php(1142): CodeIgniter\View\View->render()
 3 APPPATH/Controllers/Pages.php(54): view()
 4 SYSTEMPATH/CodeIgniter.php(907): App\Controllers\Pages->view()
 5 SYSTEMPATH/CodeIgniter.php(457): CodeIgniter\CodeIgniter->runController()
 6 SYSTEMPATH/CodeIgniter.php(340): CodeIgniter\CodeIgniter->handleRequest()
 7 FCPATH/index.php(71): CodeIgniter\CodeIgniter->run()
CRITICAL - 2023-01-11 06:42:51 --> Invalid file: template/kinsmen-sky/themes.php
in SYSTEMPATH/Exceptions/FrameworkException.php on line 33.
 1 SYSTEMPATH/View/View.php(201): CodeIgniter\Exceptions\FrameworkException::forInvalidFile()
 2 SYSTEMPATH/Common.php(1142): CodeIgniter\View\View->render()
 3 APPPATH/Controllers/Pages.php(54): view()
 4 SYSTEMPATH/CodeIgniter.php(907): App\Controllers\Pages->view()
 5 SYSTEMPATH/CodeIgniter.php(457): CodeIgniter\CodeIgniter->runController()
 6 SYSTEMPATH/CodeIgniter.php(340): CodeIgniter\CodeIgniter->handleRequest()
 7 FCPATH/index.php(71): CodeIgniter\CodeIgniter->run()
CRITICAL - 2023-01-11 06:42:51 --> Invalid file: template/kinsmen-sky/themes.php
in SYSTEMPATH/Exceptions/FrameworkException.php on line 33.
 1 SYSTEMPATH/View/View.php(201): CodeIgniter\Exceptions\FrameworkException::forInvalidFile()
 2 SYSTEMPATH/Common.php(1142): CodeIgniter\View\View->render()
 3 APPPATH/Controllers/Pages.php(54): view()
 4 SYSTEMPATH/CodeIgniter.php(907): App\Controllers\Pages->view()
 5 SYSTEMPATH/CodeIgniter.php(457): CodeIgniter\CodeIgniter->runController()
 6 SYSTEMPATH/CodeIgniter.php(340): CodeIgniter\CodeIgniter->handleRequest()
 7 FCPATH/index.php(71): CodeIgniter\CodeIgniter->run()
CRITICAL - 2023-01-11 06:42:56 --> Invalid file: template/kinsmen-sky/apple-touch-icon-120x120-precomposed.png
in SYSTEMPATH/Exceptions/FrameworkException.php on line 33.
 1 SYSTEMPATH/View/View.php(201): CodeIgniter\Exceptions\FrameworkException::forInvalidFile()
 2 SYSTEMPATH/Common.php(1142): CodeIgniter\View\View->render()
 3 APPPATH/Controllers/Pages.php(54): view()
 4 SYSTEMPATH/CodeIgniter.php(907): App\Controllers\Pages->view()
 5 SYSTEMPATH/CodeIgniter.php(457): CodeIgniter\CodeIgniter->runController()
 6 SYSTEMPATH/CodeIgniter.php(340): CodeIgniter\CodeIgniter->handleRequest()
 7 FCPATH/index.php(71): CodeIgniter\CodeIgniter->run()
CRITICAL - 2023-01-11 06:42:57 --> Invalid file: template/kinsmen-sky/apple-touch-icon-120x120.png
in SYSTEMPATH/Exceptions/FrameworkException.php on line 33.
 1 SYSTEMPATH/View/View.php(201): CodeIgniter\Exceptions\FrameworkException::forInvalidFile()
 2 SYSTEMPATH/Common.php(1142): CodeIgniter\View\View->render()
 3 APPPATH/Controllers/Pages.php(54): view()
 4 SYSTEMPATH/CodeIgniter.php(907): App\Controllers\Pages->view()
 5 SYSTEMPATH/CodeIgniter.php(457): CodeIgniter\CodeIgniter->runController()
 6 SYSTEMPATH/CodeIgniter.php(340): CodeIgniter\CodeIgniter->handleRequest()
 7 FCPATH/index.php(71): CodeIgniter\CodeIgniter->run()
CRITICAL - 2023-01-11 06:43:10 --> Invalid file: template/kinsmen-sky/themes.php
in SYSTEMPATH/Exceptions/FrameworkException.php on line 33.
 1 SYSTEMPATH/View/View.php(201): CodeIgniter\Exceptions\FrameworkException::forInvalidFile()
 2 SYSTEMPATH/Common.php(1142): CodeIgniter\View\View->render()
 3 APPPATH/Controllers/Pages.php(54): view()
 4 SYSTEMPATH/CodeIgniter.php(907): App\Controllers\Pages->view()
 5 SYSTEMPATH/CodeIgniter.php(457): CodeIgniter\CodeIgniter->runController()
 6 SYSTEMPATH/CodeIgniter.php(340): CodeIgniter\CodeIgniter->handleRequest()
 7 FCPATH/index.php(71): CodeIgniter\CodeIgniter->run()
CRITICAL - 2023-01-11 06:43:10 --> Invalid file: template/kinsmen-sky/themes.php
in SYSTEMPATH/Exceptions/FrameworkException.php on line 33.
 1 SYSTEMPATH/View/View.php(201): CodeIgniter\Exceptions\FrameworkException::forInvalidFile()
 2 SYSTEMPATH/Common.php(1142): CodeIgniter\View\View->render()
 3 APPPATH/Controllers/Pages.php(54): view()
 4 SYSTEMPATH/CodeIgniter.php(907): App\Controllers\Pages->view()
 5 SYSTEMPATH/CodeIgniter.php(457): CodeIgniter\CodeIgniter->runController()
 6 SYSTEMPATH/CodeIgniter.php(340): CodeIgniter\CodeIgniter->handleRequest()
 7 FCPATH/index.php(71): CodeIgniter\CodeIgniter->run()
CRITICAL - 2023-01-11 06:43:26 --> Invalid file: template/kinsmen-sky/themes.php
in SYSTEMPATH/Exceptions/FrameworkException.php on line 33.
 1 SYSTEMPATH/View/View.php(201): CodeIgniter\Exceptions\FrameworkException::forInvalidFile()
 2 SYSTEMPATH/Common.php(1142): CodeIgniter\View\View->render()
 3 APPPATH/Controllers/Pages.php(54): view()
 4 SYSTEMPATH/CodeIgniter.php(907): App\Controllers\Pages->view()
 5 SYSTEMPATH/CodeIgniter.php(457): CodeIgniter\CodeIgniter->runController()
 6 SYSTEMPATH/CodeIgniter.php(340): CodeIgniter\CodeIgniter->handleRequest()
 7 FCPATH/index.php(71): CodeIgniter\CodeIgniter->run()
CRITICAL - 2023-01-11 06:43:26 --> Invalid file: template/kinsmen-sky/themes.php
in SYSTEMPATH/Exceptions/FrameworkException.php on line 33.
 1 SYSTEMPATH/View/View.php(201): CodeIgniter\Exceptions\FrameworkException::forInvalidFile()
 2 SYSTEMPATH/Common.php(1142): CodeIgniter\View\View->render()
 3 APPPATH/Controllers/Pages.php(54): view()
 4 SYSTEMPATH/CodeIgniter.php(907): App\Controllers\Pages->view()
 5 SYSTEMPATH/CodeIgniter.php(457): CodeIgniter\CodeIgniter->runController()
 6 SYSTEMPATH/CodeIgniter.php(340): CodeIgniter\CodeIgniter->handleRequest()
 7 FCPATH/index.php(71): CodeIgniter\CodeIgniter->run()
CRITICAL - 2023-01-11 06:43:40 --> Invalid file: template/kinsmen-sky/themes.php
in SYSTEMPATH/Exceptions/FrameworkException.php on line 33.
 1 SYSTEMPATH/View/View.php(201): CodeIgniter\Exceptions\FrameworkException::forInvalidFile()
 2 SYSTEMPATH/Common.php(1142): CodeIgniter\View\View->render()
 3 APPPATH/Controllers/Pages.php(54): view()
 4 SYSTEMPATH/CodeIgniter.php(907): App\Controllers\Pages->view()
 5 SYSTEMPATH/CodeIgniter.php(457): CodeIgniter\CodeIgniter->runController()
 6 SYSTEMPATH/CodeIgniter.php(340): CodeIgniter\CodeIgniter->handleRequest()
 7 FCPATH/index.php(71): CodeIgniter\CodeIgniter->run()
CRITICAL - 2023-01-11 06:43:40 --> Invalid file: template/kinsmen-sky/themes.php
in SYSTEMPATH/Exceptions/FrameworkException.php on line 33.
 1 SYSTEMPATH/View/View.php(201): CodeIgniter\Exceptions\FrameworkException::forInvalidFile()
 2 SYSTEMPATH/Common.php(1142): CodeIgniter\View\View->render()
 3 APPPATH/Controllers/Pages.php(54): view()
 4 SYSTEMPATH/CodeIgniter.php(907): App\Controllers\Pages->view()
 5 SYSTEMPATH/CodeIgniter.php(457): CodeIgniter\CodeIgniter->runController()
 6 SYSTEMPATH/CodeIgniter.php(340): CodeIgniter\CodeIgniter->handleRequest()
 7 FCPATH/index.php(71): CodeIgniter\CodeIgniter->run()
CRITICAL - 2023-01-11 06:43:40 --> Invalid file: template/kinsmen-sky/themes.php
in SYSTEMPATH/Exceptions/FrameworkException.php on line 33.
 1 SYSTEMPATH/View/View.php(201): CodeIgniter\Exceptions\FrameworkException::forInvalidFile()
 2 SYSTEMPATH/Common.php(1142): CodeIgniter\View\View->render()
 3 APPPATH/Controllers/Pages.php(54): view()
 4 SYSTEMPATH/CodeIgniter.php(907): App\Controllers\Pages->view()
 5 SYSTEMPATH/CodeIgniter.php(457): CodeIgniter\CodeIgniter->runController()
 6 SYSTEMPATH/CodeIgniter.php(340): CodeIgniter\CodeIgniter->handleRequest()
 7 FCPATH/index.php(71): CodeIgniter\CodeIgniter->run()
CRITICAL - 2023-01-11 06:44:17 --> Invalid file: template/kinsmen-sky/themes.php
in SYSTEMPATH/Exceptions/FrameworkException.php on line 33.
 1 SYSTEMPATH/View/View.php(201): CodeIgniter\Exceptions\FrameworkException::forInvalidFile()
 2 SYSTEMPATH/Common.php(1142): CodeIgniter\View\View->render()
 3 APPPATH/Controllers/Pages.php(54): view()
 4 SYSTEMPATH/CodeIgniter.php(907): App\Controllers\Pages->view()
 5 SYSTEMPATH/CodeIgniter.php(457): CodeIgniter\CodeIgniter->runController()
 6 SYSTEMPATH/CodeIgniter.php(340): CodeIgniter\CodeIgniter->handleRequest()
 7 FCPATH/index.php(71): CodeIgniter\CodeIgniter->run()
CRITICAL - 2023-01-11 06:44:17 --> Invalid file: template/kinsmen-sky/themes.php
in SYSTEMPATH/Exceptions/FrameworkException.php on line 33.
 1 SYSTEMPATH/View/View.php(201): CodeIgniter\Exceptions\FrameworkException::forInvalidFile()
 2 SYSTEMPATH/Common.php(1142): CodeIgniter\View\View->render()
 3 APPPATH/Controllers/Pages.php(54): view()
 4 SYSTEMPATH/CodeIgniter.php(907): App\Controllers\Pages->view()
 5 SYSTEMPATH/CodeIgniter.php(457): CodeIgniter\CodeIgniter->runController()
 6 SYSTEMPATH/CodeIgniter.php(340): CodeIgniter\CodeIgniter->handleRequest()
 7 FCPATH/index.php(71): CodeIgniter\CodeIgniter->run()
CRITICAL - 2023-01-11 06:44:17 --> Invalid file: template/kinsmen-sky/themes.php
in SYSTEMPATH/Exceptions/FrameworkException.php on line 33.
 1 SYSTEMPATH/View/View.php(201): CodeIgniter\Exceptions\FrameworkException::forInvalidFile()
 2 SYSTEMPATH/Common.php(1142): CodeIgniter\View\View->render()
 3 APPPATH/Controllers/Pages.php(54): view()
 4 SYSTEMPATH/CodeIgniter.php(907): App\Controllers\Pages->view()
 5 SYSTEMPATH/CodeIgniter.php(457): CodeIgniter\CodeIgniter->runController()
 6 SYSTEMPATH/CodeIgniter.php(340): CodeIgniter\CodeIgniter->handleRequest()
 7 FCPATH/index.php(71): CodeIgniter\CodeIgniter->run()
CRITICAL - 2023-01-11 06:44:45 --> Invalid file: template/kinsmen-sky/themes.php
in SYSTEMPATH/Exceptions/FrameworkException.php on line 33.
 1 SYSTEMPATH/View/View.php(201): CodeIgniter\Exceptions\FrameworkException::forInvalidFile()
 2 SYSTEMPATH/Common.php(1142): CodeIgniter\View\View->render()
 3 APPPATH/Controllers/Pages.php(54): view()
 4 SYSTEMPATH/CodeIgniter.php(907): App\Controllers\Pages->view()
 5 SYSTEMPATH/CodeIgniter.php(457): CodeIgniter\CodeIgniter->runController()
 6 SYSTEMPATH/CodeIgniter.php(340): CodeIgniter\CodeIgniter->handleRequest()
 7 FCPATH/index.php(71): CodeIgniter\CodeIgniter->run()
CRITICAL - 2023-01-11 06:44:45 --> Invalid file: template/kinsmen-sky/themes.php
in SYSTEMPATH/Exceptions/FrameworkException.php on line 33.
 1 SYSTEMPATH/View/View.php(201): CodeIgniter\Exceptions\FrameworkException::forInvalidFile()
 2 SYSTEMPATH/Common.php(1142): CodeIgniter\View\View->render()
 3 APPPATH/Controllers/Pages.php(54): view()
 4 SYSTEMPATH/CodeIgniter.php(907): App\Controllers\Pages->view()
 5 SYSTEMPATH/CodeIgniter.php(457): CodeIgniter\CodeIgniter->runController()
 6 SYSTEMPATH/CodeIgniter.php(340): CodeIgniter\CodeIgniter->handleRequest()
 7 FCPATH/index.php(71): CodeIgniter\CodeIgniter->run()
CRITICAL - 2023-01-11 06:44:46 --> Invalid file: template/kinsmen-sky/themes.php
in SYSTEMPATH/Exceptions/FrameworkException.php on line 33.
 1 SYSTEMPATH/View/View.php(201): CodeIgniter\Exceptions\FrameworkException::forInvalidFile()
 2 SYSTEMPATH/Common.php(1142): CodeIgniter\View\View->render()
 3 APPPATH/Controllers/Pages.php(54): view()
 4 SYSTEMPATH/CodeIgniter.php(907): App\Controllers\Pages->view()
 5 SYSTEMPATH/CodeIgniter.php(457): CodeIgniter\CodeIgniter->runController()
 6 SYSTEMPATH/CodeIgniter.php(340): CodeIgniter\CodeIgniter->handleRequest()
 7 FCPATH/index.php(71): CodeIgniter\CodeIgniter->run()
CRITICAL - 2023-01-11 06:45:07 --> Invalid file: template/kinsmen-sky/themes.php
in SYSTEMPATH/Exceptions/FrameworkException.php on line 33.
 1 SYSTEMPATH/View/View.php(201): CodeIgniter\Exceptions\FrameworkException::forInvalidFile()
 2 SYSTEMPATH/Common.php(1142): CodeIgniter\View\View->render()
 3 APPPATH/Controllers/Pages.php(54): view()
 4 SYSTEMPATH/CodeIgniter.php(907): App\Controllers\Pages->view()
 5 SYSTEMPATH/CodeIgniter.php(457): CodeIgniter\CodeIgniter->runController()
 6 SYSTEMPATH/CodeIgniter.php(340): CodeIgniter\CodeIgniter->handleRequest()
 7 FCPATH/index.php(71): CodeIgniter\CodeIgniter->run()
CRITICAL - 2023-01-11 06:45:07 --> Invalid file: template/kinsmen-sky/themes.php
in SYSTEMPATH/Exceptions/FrameworkException.php on line 33.
 1 SYSTEMPATH/View/View.php(201): CodeIgniter\Exceptions\FrameworkException::forInvalidFile()
 2 SYSTEMPATH/Common.php(1142): CodeIgniter\View\View->render()
 3 APPPATH/Controllers/Pages.php(54): view()
 4 SYSTEMPATH/CodeIgniter.php(907): App\Controllers\Pages->view()
 5 SYSTEMPATH/CodeIgniter.php(457): CodeIgniter\CodeIgniter->runController()
 6 SYSTEMPATH/CodeIgniter.php(340): CodeIgniter\CodeIgniter->handleRequest()
 7 FCPATH/index.php(71): CodeIgniter\CodeIgniter->run()
CRITICAL - 2023-01-11 06:45:07 --> Invalid file: template/kinsmen-sky/themes.php
in SYSTEMPATH/Exceptions/FrameworkException.php on line 33.
 1 SYSTEMPATH/View/View.php(201): CodeIgniter\Exceptions\FrameworkException::forInvalidFile()
 2 SYSTEMPATH/Common.php(1142): CodeIgniter\View\View->render()
 3 APPPATH/Controllers/Pages.php(54): view()
 4 SYSTEMPATH/CodeIgniter.php(907): App\Controllers\Pages->view()
 5 SYSTEMPATH/CodeIgniter.php(457): CodeIgniter\CodeIgniter->runController()
 6 SYSTEMPATH/CodeIgniter.php(340): CodeIgniter\CodeIgniter->handleRequest()
 7 FCPATH/index.php(71): CodeIgniter\CodeIgniter->run()
CRITICAL - 2023-01-11 06:46:17 --> Invalid file: template/kinsmen-sky/themes.php
in SYSTEMPATH/Exceptions/FrameworkException.php on line 33.
 1 SYSTEMPATH/View/View.php(201): CodeIgniter\Exceptions\FrameworkException::forInvalidFile()
 2 SYSTEMPATH/Common.php(1142): CodeIgniter\View\View->render()
 3 APPPATH/Controllers/Pages.php(54): view()
 4 SYSTEMPATH/CodeIgniter.php(907): App\Controllers\Pages->view()
 5 SYSTEMPATH/CodeIgniter.php(457): CodeIgniter\CodeIgniter->runController()
 6 SYSTEMPATH/CodeIgniter.php(340): CodeIgniter\CodeIgniter->handleRequest()
 7 FCPATH/index.php(71): CodeIgniter\CodeIgniter->run()
CRITICAL - 2023-01-11 06:46:17 --> Invalid file: template/kinsmen-sky/themes.php
in SYSTEMPATH/Exceptions/FrameworkException.php on line 33.
 1 SYSTEMPATH/View/View.php(201): CodeIgniter\Exceptions\FrameworkException::forInvalidFile()
 2 SYSTEMPATH/Common.php(1142): CodeIgniter\View\View->render()
 3 APPPATH/Controllers/Pages.php(54): view()
 4 SYSTEMPATH/CodeIgniter.php(907): App\Controllers\Pages->view()
 5 SYSTEMPATH/CodeIgniter.php(457): CodeIgniter\CodeIgniter->runController()
 6 SYSTEMPATH/CodeIgniter.php(340): CodeIgniter\CodeIgniter->handleRequest()
 7 FCPATH/index.php(71): CodeIgniter\CodeIgniter->run()
CRITICAL - 2023-01-11 06:46:23 --> Invalid file: template/kinsmen-sky/themes.php
in SYSTEMPATH/Exceptions/FrameworkException.php on line 33.
 1 SYSTEMPATH/View/View.php(201): CodeIgniter\Exceptions\FrameworkException::forInvalidFile()
 2 SYSTEMPATH/Common.php(1142): CodeIgniter\View\View->render()
 3 APPPATH/Controllers/Pages.php(54): view()
 4 SYSTEMPATH/CodeIgniter.php(907): App\Controllers\Pages->view()
 5 SYSTEMPATH/CodeIgniter.php(457): CodeIgniter\CodeIgniter->runController()
 6 SYSTEMPATH/CodeIgniter.php(340): CodeIgniter\CodeIgniter->handleRequest()
 7 FCPATH/index.php(71): CodeIgniter\CodeIgniter->run()
CRITICAL - 2023-01-11 06:46:23 --> Invalid file: template/kinsmen-sky/themes.php
in SYSTEMPATH/Exceptions/FrameworkException.php on line 33.
 1 SYSTEMPATH/View/View.php(201): CodeIgniter\Exceptions\FrameworkException::forInvalidFile()
 2 SYSTEMPATH/Common.php(1142): CodeIgniter\View\View->render()
 3 APPPATH/Controllers/Pages.php(54): view()
 4 SYSTEMPATH/CodeIgniter.php(907): App\Controllers\Pages->view()
 5 SYSTEMPATH/CodeIgniter.php(457): CodeIgniter\CodeIgniter->runController()
 6 SYSTEMPATH/CodeIgniter.php(340): CodeIgniter\CodeIgniter->handleRequest()
 7 FCPATH/index.php(71): CodeIgniter\CodeIgniter->run()
CRITICAL - 2023-01-11 06:46:23 --> Invalid file: template/kinsmen-sky/themes.php
in SYSTEMPATH/Exceptions/FrameworkException.php on line 33.
 1 SYSTEMPATH/View/View.php(201): CodeIgniter\Exceptions\FrameworkException::forInvalidFile()
 2 SYSTEMPATH/Common.php(1142): CodeIgniter\View\View->render()
 3 APPPATH/Controllers/Pages.php(54): view()
 4 SYSTEMPATH/CodeIgniter.php(907): App\Controllers\Pages->view()
 5 SYSTEMPATH/CodeIgniter.php(457): CodeIgniter\CodeIgniter->runController()
 6 SYSTEMPATH/CodeIgniter.php(340): CodeIgniter\CodeIgniter->handleRequest()
 7 FCPATH/index.php(71): CodeIgniter\CodeIgniter->run()
CRITICAL - 2023-01-11 06:47:00 --> Invalid file: template/kinsmen-sky/themes.php
in SYSTEMPATH/Exceptions/FrameworkException.php on line 33.
 1 SYSTEMPATH/View/View.php(201): CodeIgniter\Exceptions\FrameworkException::forInvalidFile()
 2 SYSTEMPATH/Common.php(1142): CodeIgniter\View\View->render()
 3 APPPATH/Controllers/Pages.php(54): view()
 4 SYSTEMPATH/CodeIgniter.php(907): App\Controllers\Pages->view()
 5 SYSTEMPATH/CodeIgniter.php(457): CodeIgniter\CodeIgniter->runController()
 6 SYSTEMPATH/CodeIgniter.php(340): CodeIgniter\CodeIgniter->handleRequest()
 7 FCPATH/index.php(71): CodeIgniter\CodeIgniter->run()
CRITICAL - 2023-01-11 06:47:00 --> Invalid file: template/kinsmen-sky/themes.php
in SYSTEMPATH/Exceptions/FrameworkException.php on line 33.
 1 SYSTEMPATH/View/View.php(201): CodeIgniter\Exceptions\FrameworkException::forInvalidFile()
 2 SYSTEMPATH/Common.php(1142): CodeIgniter\View\View->render()
 3 APPPATH/Controllers/Pages.php(54): view()
 4 SYSTEMPATH/CodeIgniter.php(907): App\Controllers\Pages->view()
 5 SYSTEMPATH/CodeIgniter.php(457): CodeIgniter\CodeIgniter->runController()
 6 SYSTEMPATH/CodeIgniter.php(340): CodeIgniter\CodeIgniter->handleRequest()
 7 FCPATH/index.php(71): CodeIgniter\CodeIgniter->run()
CRITICAL - 2023-01-11 06:47:11 --> Invalid file: template/kinsmen-sky/themes.php
in SYSTEMPATH/Exceptions/FrameworkException.php on line 33.
 1 SYSTEMPATH/View/View.php(201): CodeIgniter\Exceptions\FrameworkException::forInvalidFile()
 2 SYSTEMPATH/Common.php(1142): CodeIgniter\View\View->render()
 3 APPPATH/Controllers/Pages.php(54): view()
 4 SYSTEMPATH/CodeIgniter.php(907): App\Controllers\Pages->view()
 5 SYSTEMPATH/CodeIgniter.php(457): CodeIgniter\CodeIgniter->runController()
 6 SYSTEMPATH/CodeIgniter.php(340): CodeIgniter\CodeIgniter->handleRequest()
 7 FCPATH/index.php(71): CodeIgniter\CodeIgniter->run()
CRITICAL - 2023-01-11 06:47:11 --> Invalid file: template/kinsmen-sky/themes.php
in SYSTEMPATH/Exceptions/FrameworkException.php on line 33.
 1 SYSTEMPATH/View/View.php(201): CodeIgniter\Exceptions\FrameworkException::forInvalidFile()
 2 SYSTEMPATH/Common.php(1142): CodeIgniter\View\View->render()
 3 APPPATH/Controllers/Pages.php(54): view()
 4 SYSTEMPATH/CodeIgniter.php(907): App\Controllers\Pages->view()
 5 SYSTEMPATH/CodeIgniter.php(457): CodeIgniter\CodeIgniter->runController()
 6 SYSTEMPATH/CodeIgniter.php(340): CodeIgniter\CodeIgniter->handleRequest()
 7 FCPATH/index.php(71): CodeIgniter\CodeIgniter->run()
CRITICAL - 2023-01-11 06:47:19 --> Invalid file: template/kinsmen-sky/themes.php
in SYSTEMPATH/Exceptions/FrameworkException.php on line 33.
 1 SYSTEMPATH/View/View.php(201): CodeIgniter\Exceptions\FrameworkException::forInvalidFile()
 2 SYSTEMPATH/Common.php(1142): CodeIgniter\View\View->render()
 3 APPPATH/Controllers/Pages.php(54): view()
 4 SYSTEMPATH/CodeIgniter.php(907): App\Controllers\Pages->view()
 5 SYSTEMPATH/CodeIgniter.php(457): CodeIgniter\CodeIgniter->runController()
 6 SYSTEMPATH/CodeIgniter.php(340): CodeIgniter\CodeIgniter->handleRequest()
 7 FCPATH/index.php(71): CodeIgniter\CodeIgniter->run()
CRITICAL - 2023-01-11 06:47:19 --> Invalid file: template/kinsmen-sky/themes.php
in SYSTEMPATH/Exceptions/FrameworkException.php on line 33.
 1 SYSTEMPATH/View/View.php(201): CodeIgniter\Exceptions\FrameworkException::forInvalidFile()
 2 SYSTEMPATH/Common.php(1142): CodeIgniter\View\View->render()
 3 APPPATH/Controllers/Pages.php(54): view()
 4 SYSTEMPATH/CodeIgniter.php(907): App\Controllers\Pages->view()
 5 SYSTEMPATH/CodeIgniter.php(457): CodeIgniter\CodeIgniter->runController()
 6 SYSTEMPATH/CodeIgniter.php(340): CodeIgniter\CodeIgniter->handleRequest()
 7 FCPATH/index.php(71): CodeIgniter\CodeIgniter->run()
CRITICAL - 2023-01-11 06:47:26 --> Invalid file: template/kinsmen-sky/themes.php
in SYSTEMPATH/Exceptions/FrameworkException.php on line 33.
 1 SYSTEMPATH/View/View.php(201): CodeIgniter\Exceptions\FrameworkException::forInvalidFile()
 2 SYSTEMPATH/Common.php(1142): CodeIgniter\View\View->render()
 3 APPPATH/Controllers/Pages.php(54): view()
 4 SYSTEMPATH/CodeIgniter.php(907): App\Controllers\Pages->view()
 5 SYSTEMPATH/CodeIgniter.php(457): CodeIgniter\CodeIgniter->runController()
 6 SYSTEMPATH/CodeIgniter.php(340): CodeIgniter\CodeIgniter->handleRequest()
 7 FCPATH/index.php(71): CodeIgniter\CodeIgniter->run()
CRITICAL - 2023-01-11 06:47:26 --> Invalid file: template/kinsmen-sky/themes.php
in SYSTEMPATH/Exceptions/FrameworkException.php on line 33.
 1 SYSTEMPATH/View/View.php(201): CodeIgniter\Exceptions\FrameworkException::forInvalidFile()
 2 SYSTEMPATH/Common.php(1142): CodeIgniter\View\View->render()
 3 APPPATH/Controllers/Pages.php(54): view()
 4 SYSTEMPATH/CodeIgniter.php(907): App\Controllers\Pages->view()
 5 SYSTEMPATH/CodeIgniter.php(457): CodeIgniter\CodeIgniter->runController()
 6 SYSTEMPATH/CodeIgniter.php(340): CodeIgniter\CodeIgniter->handleRequest()
 7 FCPATH/index.php(71): CodeIgniter\CodeIgniter->run()
CRITICAL - 2023-01-11 06:47:26 --> Invalid file: template/kinsmen-sky/themes.php
in SYSTEMPATH/Exceptions/FrameworkException.php on line 33.
 1 SYSTEMPATH/View/View.php(201): CodeIgniter\Exceptions\FrameworkException::forInvalidFile()
 2 SYSTEMPATH/Common.php(1142): CodeIgniter\View\View->render()
 3 APPPATH/Controllers/Pages.php(54): view()
 4 SYSTEMPATH/CodeIgniter.php(907): App\Controllers\Pages->view()
 5 SYSTEMPATH/CodeIgniter.php(457): CodeIgniter\CodeIgniter->runController()
 6 SYSTEMPATH/CodeIgniter.php(340): CodeIgniter\CodeIgniter->handleRequest()
 7 FCPATH/index.php(71): CodeIgniter\CodeIgniter->run()
CRITICAL - 2023-01-11 06:53:50 --> Invalid file: template/kinsmen-sky/themes.php
in SYSTEMPATH/Exceptions/FrameworkException.php on line 33.
 1 SYSTEMPATH/View/View.php(201): CodeIgniter\Exceptions\FrameworkException::forInvalidFile()
 2 SYSTEMPATH/Common.php(1142): CodeIgniter\View\View->render()
 3 APPPATH/Controllers/Pages.php(54): view()
 4 SYSTEMPATH/CodeIgniter.php(907): App\Controllers\Pages->view()
 5 SYSTEMPATH/CodeIgniter.php(457): CodeIgniter\CodeIgniter->runController()
 6 SYSTEMPATH/CodeIgniter.php(340): CodeIgniter\CodeIgniter->handleRequest()
 7 FCPATH/index.php(71): CodeIgniter\CodeIgniter->run()
CRITICAL - 2023-01-11 06:53:50 --> Invalid file: template/kinsmen-sky/themes.php
in SYSTEMPATH/Exceptions/FrameworkException.php on line 33.
 1 SYSTEMPATH/View/View.php(201): CodeIgniter\Exceptions\FrameworkException::forInvalidFile()
 2 SYSTEMPATH/Common.php(1142): CodeIgniter\View\View->render()
 3 APPPATH/Controllers/Pages.php(54): view()
 4 SYSTEMPATH/CodeIgniter.php(907): App\Controllers\Pages->view()
 5 SYSTEMPATH/CodeIgniter.php(457): CodeIgniter\CodeIgniter->runController()
 6 SYSTEMPATH/CodeIgniter.php(340): CodeIgniter\CodeIgniter->handleRequest()
 7 FCPATH/index.php(71): CodeIgniter\CodeIgniter->run()
CRITICAL - 2023-01-11 06:53:50 --> Invalid file: template/kinsmen-sky/themes.php
in SYSTEMPATH/Exceptions/FrameworkException.php on line 33.
 1 SYSTEMPATH/View/View.php(201): CodeIgniter\Exceptions\FrameworkException::forInvalidFile()
 2 SYSTEMPATH/Common.php(1142): CodeIgniter\View\View->render()
 3 APPPATH/Controllers/Pages.php(54): view()
 4 SYSTEMPATH/CodeIgniter.php(907): App\Controllers\Pages->view()
 5 SYSTEMPATH/CodeIgniter.php(457): CodeIgniter\CodeIgniter->runController()
 6 SYSTEMPATH/CodeIgniter.php(340): CodeIgniter\CodeIgniter->handleRequest()
 7 FCPATH/index.php(71): CodeIgniter\CodeIgniter->run()
CRITICAL - 2023-01-11 06:55:11 --> Invalid file: template/kinsmen-sky/themes.php
in SYSTEMPATH/Exceptions/FrameworkException.php on line 33.
 1 SYSTEMPATH/View/View.php(201): CodeIgniter\Exceptions\FrameworkException::forInvalidFile()
 2 SYSTEMPATH/Common.php(1142): CodeIgniter\View\View->render()
 3 APPPATH/Controllers/Pages.php(54): view()
 4 SYSTEMPATH/CodeIgniter.php(907): App\Controllers\Pages->view()
 5 SYSTEMPATH/CodeIgniter.php(457): CodeIgniter\CodeIgniter->runController()
 6 SYSTEMPATH/CodeIgniter.php(340): CodeIgniter\CodeIgniter->handleRequest()
 7 FCPATH/index.php(71): CodeIgniter\CodeIgniter->run()
CRITICAL - 2023-01-11 06:55:11 --> Invalid file: template/kinsmen-sky/themes.php
in SYSTEMPATH/Exceptions/FrameworkException.php on line 33.
 1 SYSTEMPATH/View/View.php(201): CodeIgniter\Exceptions\FrameworkException::forInvalidFile()
 2 SYSTEMPATH/Common.php(1142): CodeIgniter\View\View->render()
 3 APPPATH/Controllers/Pages.php(54): view()
 4 SYSTEMPATH/CodeIgniter.php(907): App\Controllers\Pages->view()
 5 SYSTEMPATH/CodeIgniter.php(457): CodeIgniter\CodeIgniter->runController()
 6 SYSTEMPATH/CodeIgniter.php(340): CodeIgniter\CodeIgniter->handleRequest()
 7 FCPATH/index.php(71): CodeIgniter\CodeIgniter->run()
CRITICAL - 2023-01-11 06:55:12 --> Invalid file: template/kinsmen-sky/themes.php
in SYSTEMPATH/Exceptions/FrameworkException.php on line 33.
 1 SYSTEMPATH/View/View.php(201): CodeIgniter\Exceptions\FrameworkException::forInvalidFile()
 2 SYSTEMPATH/Common.php(1142): CodeIgniter\View\View->render()
 3 APPPATH/Controllers/Pages.php(54): view()
 4 SYSTEMPATH/CodeIgniter.php(907): App\Controllers\Pages->view()
 5 SYSTEMPATH/CodeIgniter.php(457): CodeIgniter\CodeIgniter->runController()
 6 SYSTEMPATH/CodeIgniter.php(340): CodeIgniter\CodeIgniter->handleRequest()
 7 FCPATH/index.php(71): CodeIgniter\CodeIgniter->run()
CRITICAL - 2023-01-11 06:57:10 --> Invalid file: template/kinsmen-sky/themes.php
in SYSTEMPATH/Exceptions/FrameworkException.php on line 33.
 1 SYSTEMPATH/View/View.php(201): CodeIgniter\Exceptions\FrameworkException::forInvalidFile()
 2 SYSTEMPATH/Common.php(1142): CodeIgniter\View\View->render()
 3 APPPATH/Controllers/Pages.php(54): view()
 4 SYSTEMPATH/CodeIgniter.php(907): App\Controllers\Pages->view()
 5 SYSTEMPATH/CodeIgniter.php(457): CodeIgniter\CodeIgniter->runController()
 6 SYSTEMPATH/CodeIgniter.php(340): CodeIgniter\CodeIgniter->handleRequest()
 7 FCPATH/index.php(71): CodeIgniter\CodeIgniter->run()
CRITICAL - 2023-01-11 06:57:10 --> Invalid file: template/kinsmen-sky/themes.php
in SYSTEMPATH/Exceptions/FrameworkException.php on line 33.
 1 SYSTEMPATH/View/View.php(201): CodeIgniter\Exceptions\FrameworkException::forInvalidFile()
 2 SYSTEMPATH/Common.php(1142): CodeIgniter\View\View->render()
 3 APPPATH/Controllers/Pages.php(54): view()
 4 SYSTEMPATH/CodeIgniter.php(907): App\Controllers\Pages->view()
 5 SYSTEMPATH/CodeIgniter.php(457): CodeIgniter\CodeIgniter->runController()
 6 SYSTEMPATH/CodeIgniter.php(340): CodeIgniter\CodeIgniter->handleRequest()
 7 FCPATH/index.php(71): CodeIgniter\CodeIgniter->run()
CRITICAL - 2023-01-11 06:57:10 --> Invalid file: template/kinsmen-sky/themes.php
in SYSTEMPATH/Exceptions/FrameworkException.php on line 33.
 1 SYSTEMPATH/View/View.php(201): CodeIgniter\Exceptions\FrameworkException::forInvalidFile()
 2 SYSTEMPATH/Common.php(1142): CodeIgniter\View\View->render()
 3 APPPATH/Controllers/Pages.php(54): view()
 4 SYSTEMPATH/CodeIgniter.php(907): App\Controllers\Pages->view()
 5 SYSTEMPATH/CodeIgniter.php(457): CodeIgniter\CodeIgniter->runController()
 6 SYSTEMPATH/CodeIgniter.php(340): CodeIgniter\CodeIgniter->handleRequest()
 7 FCPATH/index.php(71): CodeIgniter\CodeIgniter->run()
CRITICAL - 2023-01-11 06:57:33 --> Invalid file: template/kinsmen-sky/themes.php
in SYSTEMPATH/Exceptions/FrameworkException.php on line 33.
 1 SYSTEMPATH/View/View.php(201): CodeIgniter\Exceptions\FrameworkException::forInvalidFile()
 2 SYSTEMPATH/Common.php(1142): CodeIgniter\View\View->render()
 3 APPPATH/Controllers/Pages.php(54): view()
 4 SYSTEMPATH/CodeIgniter.php(907): App\Controllers\Pages->view()
 5 SYSTEMPATH/CodeIgniter.php(457): CodeIgniter\CodeIgniter->runController()
 6 SYSTEMPATH/CodeIgniter.php(340): CodeIgniter\CodeIgniter->handleRequest()
 7 FCPATH/index.php(71): CodeIgniter\CodeIgniter->run()
CRITICAL - 2023-01-11 06:57:34 --> Invalid file: template/kinsmen-sky/themes.php
in SYSTEMPATH/Exceptions/FrameworkException.php on line 33.
 1 SYSTEMPATH/View/View.php(201): CodeIgniter\Exceptions\FrameworkException::forInvalidFile()
 2 SYSTEMPATH/Common.php(1142): CodeIgniter\View\View->render()
 3 APPPATH/Controllers/Pages.php(54): view()
 4 SYSTEMPATH/CodeIgniter.php(907): App\Controllers\Pages->view()
 5 SYSTEMPATH/CodeIgniter.php(457): CodeIgniter\CodeIgniter->runController()
 6 SYSTEMPATH/CodeIgniter.php(340): CodeIgniter\CodeIgniter->handleRequest()
 7 FCPATH/index.php(71): CodeIgniter\CodeIgniter->run()
CRITICAL - 2023-01-11 06:57:34 --> Invalid file: template/kinsmen-sky/themes.php
in SYSTEMPATH/Exceptions/FrameworkException.php on line 33.
 1 SYSTEMPATH/View/View.php(201): CodeIgniter\Exceptions\FrameworkException::forInvalidFile()
 2 SYSTEMPATH/Common.php(1142): CodeIgniter\View\View->render()
 3 APPPATH/Controllers/Pages.php(54): view()
 4 SYSTEMPATH/CodeIgniter.php(907): App\Controllers\Pages->view()
 5 SYSTEMPATH/CodeIgniter.php(457): CodeIgniter\CodeIgniter->runController()
 6 SYSTEMPATH/CodeIgniter.php(340): CodeIgniter\CodeIgniter->handleRequest()
 7 FCPATH/index.php(71): CodeIgniter\CodeIgniter->run()
CRITICAL - 2023-01-11 06:58:54 --> Invalid file: template/kinsmen-sky/themes.php
in SYSTEMPATH/Exceptions/FrameworkException.php on line 33.
 1 SYSTEMPATH/View/View.php(201): CodeIgniter\Exceptions\FrameworkException::forInvalidFile()
 2 SYSTEMPATH/Common.php(1142): CodeIgniter\View\View->render()
 3 APPPATH/Controllers/Pages.php(54): view()
 4 SYSTEMPATH/CodeIgniter.php(907): App\Controllers\Pages->view()
 5 SYSTEMPATH/CodeIgniter.php(457): CodeIgniter\CodeIgniter->runController()
 6 SYSTEMPATH/CodeIgniter.php(340): CodeIgniter\CodeIgniter->handleRequest()
 7 FCPATH/index.php(71): CodeIgniter\CodeIgniter->run()
CRITICAL - 2023-01-11 06:58:54 --> Invalid file: template/kinsmen-sky/themes.php
in SYSTEMPATH/Exceptions/FrameworkException.php on line 33.
 1 SYSTEMPATH/View/View.php(201): CodeIgniter\Exceptions\FrameworkException::forInvalidFile()
 2 SYSTEMPATH/Common.php(1142): CodeIgniter\View\View->render()
 3 APPPATH/Controllers/Pages.php(54): view()
 4 SYSTEMPATH/CodeIgniter.php(907): App\Controllers\Pages->view()
 5 SYSTEMPATH/CodeIgniter.php(457): CodeIgniter\CodeIgniter->runController()
 6 SYSTEMPATH/CodeIgniter.php(340): CodeIgniter\CodeIgniter->handleRequest()
 7 FCPATH/index.php(71): CodeIgniter\CodeIgniter->run()
CRITICAL - 2023-01-11 06:58:54 --> Invalid file: template/kinsmen-sky/themes.php
in SYSTEMPATH/Exceptions/FrameworkException.php on line 33.
 1 SYSTEMPATH/View/View.php(201): CodeIgniter\Exceptions\FrameworkException::forInvalidFile()
 2 SYSTEMPATH/Common.php(1142): CodeIgniter\View\View->render()
 3 APPPATH/Controllers/Pages.php(54): view()
 4 SYSTEMPATH/CodeIgniter.php(907): App\Controllers\Pages->view()
 5 SYSTEMPATH/CodeIgniter.php(457): CodeIgniter\CodeIgniter->runController()
 6 SYSTEMPATH/CodeIgniter.php(340): CodeIgniter\CodeIgniter->handleRequest()
 7 FCPATH/index.php(71): CodeIgniter\CodeIgniter->run()
CRITICAL - 2023-01-11 06:59:18 --> Invalid file: template/kinsmen-sky/themes.php
in SYSTEMPATH/Exceptions/FrameworkException.php on line 33.
 1 SYSTEMPATH/View/View.php(201): CodeIgniter\Exceptions\FrameworkException::forInvalidFile()
 2 SYSTEMPATH/Common.php(1142): CodeIgniter\View\View->render()
 3 APPPATH/Controllers/Pages.php(54): view()
 4 SYSTEMPATH/CodeIgniter.php(907): App\Controllers\Pages->view()
 5 SYSTEMPATH/CodeIgniter.php(457): CodeIgniter\CodeIgniter->runController()
 6 SYSTEMPATH/CodeIgniter.php(340): CodeIgniter\CodeIgniter->handleRequest()
 7 FCPATH/index.php(71): CodeIgniter\CodeIgniter->run()
CRITICAL - 2023-01-11 06:59:19 --> Invalid file: template/kinsmen-sky/themes.php
in SYSTEMPATH/Exceptions/FrameworkException.php on line 33.
 1 SYSTEMPATH/View/View.php(201): CodeIgniter\Exceptions\FrameworkException::forInvalidFile()
 2 SYSTEMPATH/Common.php(1142): CodeIgniter\View\View->render()
 3 APPPATH/Controllers/Pages.php(54): view()
 4 SYSTEMPATH/CodeIgniter.php(907): App\Controllers\Pages->view()
 5 SYSTEMPATH/CodeIgniter.php(457): CodeIgniter\CodeIgniter->runController()
 6 SYSTEMPATH/CodeIgniter.php(340): CodeIgniter\CodeIgniter->handleRequest()
 7 FCPATH/index.php(71): CodeIgniter\CodeIgniter->run()
CRITICAL - 2023-01-11 06:59:19 --> Invalid file: template/kinsmen-sky/themes.php
in SYSTEMPATH/Exceptions/FrameworkException.php on line 33.
 1 SYSTEMPATH/View/View.php(201): CodeIgniter\Exceptions\FrameworkException::forInvalidFile()
 2 SYSTEMPATH/Common.php(1142): CodeIgniter\View\View->render()
 3 APPPATH/Controllers/Pages.php(54): view()
 4 SYSTEMPATH/CodeIgniter.php(907): App\Controllers\Pages->view()
 5 SYSTEMPATH/CodeIgniter.php(457): CodeIgniter\CodeIgniter->runController()
 6 SYSTEMPATH/CodeIgniter.php(340): CodeIgniter\CodeIgniter->handleRequest()
 7 FCPATH/index.php(71): CodeIgniter\CodeIgniter->run()
CRITICAL - 2023-01-11 06:59:48 --> Invalid file: template/kinsmen-sky/themes.php
in SYSTEMPATH/Exceptions/FrameworkException.php on line 33.
 1 SYSTEMPATH/View/View.php(201): CodeIgniter\Exceptions\FrameworkException::forInvalidFile()
 2 SYSTEMPATH/Common.php(1142): CodeIgniter\View\View->render()
 3 APPPATH/Controllers/Pages.php(54): view()
 4 SYSTEMPATH/CodeIgniter.php(907): App\Controllers\Pages->view()
 5 SYSTEMPATH/CodeIgniter.php(457): CodeIgniter\CodeIgniter->runController()
 6 SYSTEMPATH/CodeIgniter.php(340): CodeIgniter\CodeIgniter->handleRequest()
 7 FCPATH/index.php(71): CodeIgniter\CodeIgniter->run()
CRITICAL - 2023-01-11 06:59:48 --> Invalid file: template/kinsmen-sky/themes.php
in SYSTEMPATH/Exceptions/FrameworkException.php on line 33.
 1 SYSTEMPATH/View/View.php(201): CodeIgniter\Exceptions\FrameworkException::forInvalidFile()
 2 SYSTEMPATH/Common.php(1142): CodeIgniter\View\View->render()
 3 APPPATH/Controllers/Pages.php(54): view()
 4 SYSTEMPATH/CodeIgniter.php(907): App\Controllers\Pages->view()
 5 SYSTEMPATH/CodeIgniter.php(457): CodeIgniter\CodeIgniter->runController()
 6 SYSTEMPATH/CodeIgniter.php(340): CodeIgniter\CodeIgniter->handleRequest()
 7 FCPATH/index.php(71): CodeIgniter\CodeIgniter->run()
CRITICAL - 2023-01-11 06:59:48 --> Invalid file: template/kinsmen-sky/themes.php
in SYSTEMPATH/Exceptions/FrameworkException.php on line 33.
 1 SYSTEMPATH/View/View.php(201): CodeIgniter\Exceptions\FrameworkException::forInvalidFile()
 2 SYSTEMPATH/Common.php(1142): CodeIgniter\View\View->render()
 3 APPPATH/Controllers/Pages.php(54): view()
 4 SYSTEMPATH/CodeIgniter.php(907): App\Controllers\Pages->view()
 5 SYSTEMPATH/CodeIgniter.php(457): CodeIgniter\CodeIgniter->runController()
 6 SYSTEMPATH/CodeIgniter.php(340): CodeIgniter\CodeIgniter->handleRequest()
 7 FCPATH/index.php(71): CodeIgniter\CodeIgniter->run()
CRITICAL - 2023-01-11 07:00:09 --> Invalid file: template/kinsmen-sky/themes.php
in SYSTEMPATH/Exceptions/FrameworkException.php on line 33.
 1 SYSTEMPATH/View/View.php(201): CodeIgniter\Exceptions\FrameworkException::forInvalidFile()
 2 SYSTEMPATH/Common.php(1142): CodeIgniter\View\View->render()
 3 APPPATH/Controllers/Pages.php(54): view()
 4 SYSTEMPATH/CodeIgniter.php(907): App\Controllers\Pages->view()
 5 SYSTEMPATH/CodeIgniter.php(457): CodeIgniter\CodeIgniter->runController()
 6 SYSTEMPATH/CodeIgniter.php(340): CodeIgniter\CodeIgniter->handleRequest()
 7 FCPATH/index.php(71): CodeIgniter\CodeIgniter->run()
CRITICAL - 2023-01-11 07:00:09 --> Invalid file: template/kinsmen-sky/themes.php
in SYSTEMPATH/Exceptions/FrameworkException.php on line 33.
 1 SYSTEMPATH/View/View.php(201): CodeIgniter\Exceptions\FrameworkException::forInvalidFile()
 2 SYSTEMPATH/Common.php(1142): CodeIgniter\View\View->render()
 3 APPPATH/Controllers/Pages.php(54): view()
 4 SYSTEMPATH/CodeIgniter.php(907): App\Controllers\Pages->view()
 5 SYSTEMPATH/CodeIgniter.php(457): CodeIgniter\CodeIgniter->runController()
 6 SYSTEMPATH/CodeIgniter.php(340): CodeIgniter\CodeIgniter->handleRequest()
 7 FCPATH/index.php(71): CodeIgniter\CodeIgniter->run()
CRITICAL - 2023-01-11 07:00:09 --> Invalid file: template/kinsmen-sky/themes.php
in SYSTEMPATH/Exceptions/FrameworkException.php on line 33.
 1 SYSTEMPATH/View/View.php(201): CodeIgniter\Exceptions\FrameworkException::forInvalidFile()
 2 SYSTEMPATH/Common.php(1142): CodeIgniter\View\View->render()
 3 APPPATH/Controllers/Pages.php(54): view()
 4 SYSTEMPATH/CodeIgniter.php(907): App\Controllers\Pages->view()
 5 SYSTEMPATH/CodeIgniter.php(457): CodeIgniter\CodeIgniter->runController()
 6 SYSTEMPATH/CodeIgniter.php(340): CodeIgniter\CodeIgniter->handleRequest()
 7 FCPATH/index.php(71): CodeIgniter\CodeIgniter->run()
CRITICAL - 2023-01-11 07:03:08 --> Invalid file: template/kinsmen-sky/themes.php
in SYSTEMPATH/Exceptions/FrameworkException.php on line 33.
 1 SYSTEMPATH/View/View.php(201): CodeIgniter\Exceptions\FrameworkException::forInvalidFile()
 2 SYSTEMPATH/Common.php(1142): CodeIgniter\View\View->render()
 3 APPPATH/Controllers/Pages.php(54): view()
 4 SYSTEMPATH/CodeIgniter.php(907): App\Controllers\Pages->view()
 5 SYSTEMPATH/CodeIgniter.php(457): CodeIgniter\CodeIgniter->runController()
 6 SYSTEMPATH/CodeIgniter.php(340): CodeIgniter\CodeIgniter->handleRequest()
 7 FCPATH/index.php(71): CodeIgniter\CodeIgniter->run()
CRITICAL - 2023-01-11 07:03:08 --> Invalid file: template/kinsmen-sky/themes.php
in SYSTEMPATH/Exceptions/FrameworkException.php on line 33.
 1 SYSTEMPATH/View/View.php(201): CodeIgniter\Exceptions\FrameworkException::forInvalidFile()
 2 SYSTEMPATH/Common.php(1142): CodeIgniter\View\View->render()
 3 APPPATH/Controllers/Pages.php(54): view()
 4 SYSTEMPATH/CodeIgniter.php(907): App\Controllers\Pages->view()
 5 SYSTEMPATH/CodeIgniter.php(457): CodeIgniter\CodeIgniter->runController()
 6 SYSTEMPATH/CodeIgniter.php(340): CodeIgniter\CodeIgniter->handleRequest()
 7 FCPATH/index.php(71): CodeIgniter\CodeIgniter->run()
CRITICAL - 2023-01-11 07:03:08 --> Invalid file: template/kinsmen-sky/themes.php
in SYSTEMPATH/Exceptions/FrameworkException.php on line 33.
 1 SYSTEMPATH/View/View.php(201): CodeIgniter\Exceptions\FrameworkException::forInvalidFile()
 2 SYSTEMPATH/Common.php(1142): CodeIgniter\View\View->render()
 3 APPPATH/Controllers/Pages.php(54): view()
 4 SYSTEMPATH/CodeIgniter.php(907): App\Controllers\Pages->view()
 5 SYSTEMPATH/CodeIgniter.php(457): CodeIgniter\CodeIgniter->runController()
 6 SYSTEMPATH/CodeIgniter.php(340): CodeIgniter\CodeIgniter->handleRequest()
 7 FCPATH/index.php(71): CodeIgniter\CodeIgniter->run()
CRITICAL - 2023-01-11 07:03:35 --> Invalid file: template/kinsmen-sky/themes.php
in SYSTEMPATH/Exceptions/FrameworkException.php on line 33.
 1 SYSTEMPATH/View/View.php(201): CodeIgniter\Exceptions\FrameworkException::forInvalidFile()
 2 SYSTEMPATH/Common.php(1142): CodeIgniter\View\View->render()
 3 APPPATH/Controllers/Pages.php(54): view()
 4 SYSTEMPATH/CodeIgniter.php(907): App\Controllers\Pages->view()
 5 SYSTEMPATH/CodeIgniter.php(457): CodeIgniter\CodeIgniter->runController()
 6 SYSTEMPATH/CodeIgniter.php(340): CodeIgniter\CodeIgniter->handleRequest()
 7 FCPATH/index.php(71): CodeIgniter\CodeIgniter->run()
CRITICAL - 2023-01-11 07:03:35 --> Invalid file: template/kinsmen-sky/themes.php
in SYSTEMPATH/Exceptions/FrameworkException.php on line 33.
 1 SYSTEMPATH/View/View.php(201): CodeIgniter\Exceptions\FrameworkException::forInvalidFile()
 2 SYSTEMPATH/Common.php(1142): CodeIgniter\View\View->render()
 3 APPPATH/Controllers/Pages.php(54): view()
 4 SYSTEMPATH/CodeIgniter.php(907): App\Controllers\Pages->view()
 5 SYSTEMPATH/CodeIgniter.php(457): CodeIgniter\CodeIgniter->runController()
 6 SYSTEMPATH/CodeIgniter.php(340): CodeIgniter\CodeIgniter->handleRequest()
 7 FCPATH/index.php(71): CodeIgniter\CodeIgniter->run()
CRITICAL - 2023-01-11 07:03:35 --> Invalid file: template/kinsmen-sky/themes.php
in SYSTEMPATH/Exceptions/FrameworkException.php on line 33.
 1 SYSTEMPATH/View/View.php(201): CodeIgniter\Exceptions\FrameworkException::forInvalidFile()
 2 SYSTEMPATH/Common.php(1142): CodeIgniter\View\View->render()
 3 APPPATH/Controllers/Pages.php(54): view()
 4 SYSTEMPATH/CodeIgniter.php(907): App\Controllers\Pages->view()
 5 SYSTEMPATH/CodeIgniter.php(457): CodeIgniter\CodeIgniter->runController()
 6 SYSTEMPATH/CodeIgniter.php(340): CodeIgniter\CodeIgniter->handleRequest()
 7 FCPATH/index.php(71): CodeIgniter\CodeIgniter->run()
CRITICAL - 2023-01-11 07:04:02 --> Invalid file: template/kinsmen-sky/themes.php
in SYSTEMPATH/Exceptions/FrameworkException.php on line 33.
 1 SYSTEMPATH/View/View.php(201): CodeIgniter\Exceptions\FrameworkException::forInvalidFile()
 2 SYSTEMPATH/Common.php(1142): CodeIgniter\View\View->render()
 3 APPPATH/Controllers/Pages.php(54): view()
 4 SYSTEMPATH/CodeIgniter.php(907): App\Controllers\Pages->view()
 5 SYSTEMPATH/CodeIgniter.php(457): CodeIgniter\CodeIgniter->runController()
 6 SYSTEMPATH/CodeIgniter.php(340): CodeIgniter\CodeIgniter->handleRequest()
 7 FCPATH/index.php(71): CodeIgniter\CodeIgniter->run()
CRITICAL - 2023-01-11 07:04:02 --> Invalid file: template/kinsmen-sky/themes.php
in SYSTEMPATH/Exceptions/FrameworkException.php on line 33.
 1 SYSTEMPATH/View/View.php(201): CodeIgniter\Exceptions\FrameworkException::forInvalidFile()
 2 SYSTEMPATH/Common.php(1142): CodeIgniter\View\View->render()
 3 APPPATH/Controllers/Pages.php(54): view()
 4 SYSTEMPATH/CodeIgniter.php(907): App\Controllers\Pages->view()
 5 SYSTEMPATH/CodeIgniter.php(457): CodeIgniter\CodeIgniter->runController()
 6 SYSTEMPATH/CodeIgniter.php(340): CodeIgniter\CodeIgniter->handleRequest()
 7 FCPATH/index.php(71): CodeIgniter\CodeIgniter->run()
CRITICAL - 2023-01-11 07:04:02 --> Invalid file: template/kinsmen-sky/themes.php
in SYSTEMPATH/Exceptions/FrameworkException.php on line 33.
 1 SYSTEMPATH/View/View.php(201): CodeIgniter\Exceptions\FrameworkException::forInvalidFile()
 2 SYSTEMPATH/Common.php(1142): CodeIgniter\View\View->render()
 3 APPPATH/Controllers/Pages.php(54): view()
 4 SYSTEMPATH/CodeIgniter.php(907): App\Controllers\Pages->view()
 5 SYSTEMPATH/CodeIgniter.php(457): CodeIgniter\CodeIgniter->runController()
 6 SYSTEMPATH/CodeIgniter.php(340): CodeIgniter\CodeIgniter->handleRequest()
 7 FCPATH/index.php(71): CodeIgniter\CodeIgniter->run()
CRITICAL - 2023-01-11 07:04:28 --> Invalid file: template/kinsmen-sky/themes.php
in SYSTEMPATH/Exceptions/FrameworkException.php on line 33.
 1 SYSTEMPATH/View/View.php(201): CodeIgniter\Exceptions\FrameworkException::forInvalidFile()
 2 SYSTEMPATH/Common.php(1142): CodeIgniter\View\View->render()
 3 APPPATH/Controllers/Pages.php(54): view()
 4 SYSTEMPATH/CodeIgniter.php(907): App\Controllers\Pages->view()
 5 SYSTEMPATH/CodeIgniter.php(457): CodeIgniter\CodeIgniter->runController()
 6 SYSTEMPATH/CodeIgniter.php(340): CodeIgniter\CodeIgniter->handleRequest()
 7 FCPATH/index.php(71): CodeIgniter\CodeIgniter->run()
CRITICAL - 2023-01-11 07:04:28 --> Invalid file: template/kinsmen-sky/themes.php
in SYSTEMPATH/Exceptions/FrameworkException.php on line 33.
 1 SYSTEMPATH/View/View.php(201): CodeIgniter\Exceptions\FrameworkException::forInvalidFile()
 2 SYSTEMPATH/Common.php(1142): CodeIgniter\View\View->render()
 3 APPPATH/Controllers/Pages.php(54): view()
 4 SYSTEMPATH/CodeIgniter.php(907): App\Controllers\Pages->view()
 5 SYSTEMPATH/CodeIgniter.php(457): CodeIgniter\CodeIgniter->runController()
 6 SYSTEMPATH/CodeIgniter.php(340): CodeIgniter\CodeIgniter->handleRequest()
 7 FCPATH/index.php(71): CodeIgniter\CodeIgniter->run()
CRITICAL - 2023-01-11 07:04:28 --> Invalid file: template/kinsmen-sky/themes.php
in SYSTEMPATH/Exceptions/FrameworkException.php on line 33.
 1 SYSTEMPATH/View/View.php(201): CodeIgniter\Exceptions\FrameworkException::forInvalidFile()
 2 SYSTEMPATH/Common.php(1142): CodeIgniter\View\View->render()
 3 APPPATH/Controllers/Pages.php(54): view()
 4 SYSTEMPATH/CodeIgniter.php(907): App\Controllers\Pages->view()
 5 SYSTEMPATH/CodeIgniter.php(457): CodeIgniter\CodeIgniter->runController()
 6 SYSTEMPATH/CodeIgniter.php(340): CodeIgniter\CodeIgniter->handleRequest()
 7 FCPATH/index.php(71): CodeIgniter\CodeIgniter->run()
CRITICAL - 2023-01-11 07:06:54 --> Invalid file: template/kinsmen-sky/themes.php
in SYSTEMPATH/Exceptions/FrameworkException.php on line 33.
 1 SYSTEMPATH/View/View.php(201): CodeIgniter\Exceptions\FrameworkException::forInvalidFile()
 2 SYSTEMPATH/Common.php(1142): CodeIgniter\View\View->render()
 3 APPPATH/Controllers/Pages.php(54): view()
 4 SYSTEMPATH/CodeIgniter.php(907): App\Controllers\Pages->view()
 5 SYSTEMPATH/CodeIgniter.php(457): CodeIgniter\CodeIgniter->runController()
 6 SYSTEMPATH/CodeIgniter.php(340): CodeIgniter\CodeIgniter->handleRequest()
 7 FCPATH/index.php(71): CodeIgniter\CodeIgniter->run()
CRITICAL - 2023-01-11 07:06:54 --> Invalid file: template/kinsmen-sky/themes.php
in SYSTEMPATH/Exceptions/FrameworkException.php on line 33.
 1 SYSTEMPATH/View/View.php(201): CodeIgniter\Exceptions\FrameworkException::forInvalidFile()
 2 SYSTEMPATH/Common.php(1142): CodeIgniter\View\View->render()
 3 APPPATH/Controllers/Pages.php(54): view()
 4 SYSTEMPATH/CodeIgniter.php(907): App\Controllers\Pages->view()
 5 SYSTEMPATH/CodeIgniter.php(457): CodeIgniter\CodeIgniter->runController()
 6 SYSTEMPATH/CodeIgniter.php(340): CodeIgniter\CodeIgniter->handleRequest()
 7 FCPATH/index.php(71): CodeIgniter\CodeIgniter->run()
CRITICAL - 2023-01-11 07:06:54 --> Invalid file: template/kinsmen-sky/assets.php
in SYSTEMPATH/Exceptions/FrameworkException.php on line 33.
 1 SYSTEMPATH/View/View.php(201): CodeIgniter\Exceptions\FrameworkException::forInvalidFile()
 2 SYSTEMPATH/Common.php(1142): CodeIgniter\View\View->render()
 3 APPPATH/Controllers/Pages.php(54): view()
 4 SYSTEMPATH/CodeIgniter.php(907): App\Controllers\Pages->view()
 5 SYSTEMPATH/CodeIgniter.php(457): CodeIgniter\CodeIgniter->runController()
 6 SYSTEMPATH/CodeIgniter.php(340): CodeIgniter\CodeIgniter->handleRequest()
 7 FCPATH/index.php(71): CodeIgniter\CodeIgniter->run()
CRITICAL - 2023-01-11 07:06:54 --> Invalid file: template/kinsmen-sky/assets.php
in SYSTEMPATH/Exceptions/FrameworkException.php on line 33.
 1 SYSTEMPATH/View/View.php(201): CodeIgniter\Exceptions\FrameworkException::forInvalidFile()
 2 SYSTEMPATH/Common.php(1142): CodeIgniter\View\View->render()
 3 APPPATH/Controllers/Pages.php(54): view()
 4 SYSTEMPATH/CodeIgniter.php(907): App\Controllers\Pages->view()
 5 SYSTEMPATH/CodeIgniter.php(457): CodeIgniter\CodeIgniter->runController()
 6 SYSTEMPATH/CodeIgniter.php(340): CodeIgniter\CodeIgniter->handleRequest()
 7 FCPATH/index.php(71): CodeIgniter\CodeIgniter->run()
CRITICAL - 2023-01-11 07:06:54 --> Invalid file: template/kinsmen-sky/themes.php
in SYSTEMPATH/Exceptions/FrameworkException.php on line 33.
 1 SYSTEMPATH/View/View.php(201): CodeIgniter\Exceptions\FrameworkException::forInvalidFile()
 2 SYSTEMPATH/Common.php(1142): CodeIgniter\View\View->render()
 3 APPPATH/Controllers/Pages.php(54): view()
 4 SYSTEMPATH/CodeIgniter.php(907): App\Controllers\Pages->view()
 5 SYSTEMPATH/CodeIgniter.php(457): CodeIgniter\CodeIgniter->runController()
 6 SYSTEMPATH/CodeIgniter.php(340): CodeIgniter\CodeIgniter->handleRequest()
 7 FCPATH/index.php(71): CodeIgniter\CodeIgniter->run()
CRITICAL - 2023-01-11 07:07:11 --> Invalid file: template/kinsmen-sky/themes.php
in SYSTEMPATH/Exceptions/FrameworkException.php on line 33.
 1 SYSTEMPATH/View/View.php(201): CodeIgniter\Exceptions\FrameworkException::forInvalidFile()
 2 SYSTEMPATH/Common.php(1142): CodeIgniter\View\View->render()
 3 APPPATH/Controllers/Pages.php(54): view()
 4 SYSTEMPATH/CodeIgniter.php(907): App\Controllers\Pages->view()
 5 SYSTEMPATH/CodeIgniter.php(457): CodeIgniter\CodeIgniter->runController()
 6 SYSTEMPATH/CodeIgniter.php(340): CodeIgniter\CodeIgniter->handleRequest()
 7 FCPATH/index.php(71): CodeIgniter\CodeIgniter->run()
CRITICAL - 2023-01-11 07:07:11 --> Invalid file: template/kinsmen-sky/themes.php
in SYSTEMPATH/Exceptions/FrameworkException.php on line 33.
 1 SYSTEMPATH/View/View.php(201): CodeIgniter\Exceptions\FrameworkException::forInvalidFile()
 2 SYSTEMPATH/Common.php(1142): CodeIgniter\View\View->render()
 3 APPPATH/Controllers/Pages.php(54): view()
 4 SYSTEMPATH/CodeIgniter.php(907): App\Controllers\Pages->view()
 5 SYSTEMPATH/CodeIgniter.php(457): CodeIgniter\CodeIgniter->runController()
 6 SYSTEMPATH/CodeIgniter.php(340): CodeIgniter\CodeIgniter->handleRequest()
 7 FCPATH/index.php(71): CodeIgniter\CodeIgniter->run()
CRITICAL - 2023-01-11 07:07:11 --> Invalid file: template/kinsmen-sky/themes.php
in SYSTEMPATH/Exceptions/FrameworkException.php on line 33.
 1 SYSTEMPATH/View/View.php(201): CodeIgniter\Exceptions\FrameworkException::forInvalidFile()
 2 SYSTEMPATH/Common.php(1142): CodeIgniter\View\View->render()
 3 APPPATH/Controllers/Pages.php(54): view()
 4 SYSTEMPATH/CodeIgniter.php(907): App\Controllers\Pages->view()
 5 SYSTEMPATH/CodeIgniter.php(457): CodeIgniter\CodeIgniter->runController()
 6 SYSTEMPATH/CodeIgniter.php(340): CodeIgniter\CodeIgniter->handleRequest()
 7 FCPATH/index.php(71): CodeIgniter\CodeIgniter->run()
CRITICAL - 2023-01-11 07:07:11 --> Invalid file: template/kinsmen-sky/themes.php
in SYSTEMPATH/Exceptions/FrameworkException.php on line 33.
 1 SYSTEMPATH/View/View.php(201): CodeIgniter\Exceptions\FrameworkException::forInvalidFile()
 2 SYSTEMPATH/Common.php(1142): CodeIgniter\View\View->render()
 3 APPPATH/Controllers/Pages.php(54): view()
 4 SYSTEMPATH/CodeIgniter.php(907): App\Controllers\Pages->view()
 5 SYSTEMPATH/CodeIgniter.php(457): CodeIgniter\CodeIgniter->runController()
 6 SYSTEMPATH/CodeIgniter.php(340): CodeIgniter\CodeIgniter->handleRequest()
 7 FCPATH/index.php(71): CodeIgniter\CodeIgniter->run()
CRITICAL - 2023-01-11 07:08:33 --> Invalid file: template/kinsmen-sky/assets.php
in SYSTEMPATH/Exceptions/FrameworkException.php on line 33.
 1 SYSTEMPATH/View/View.php(201): CodeIgniter\Exceptions\FrameworkException::forInvalidFile()
 2 SYSTEMPATH/Common.php(1142): CodeIgniter\View\View->render()
 3 APPPATH/Controllers/Pages.php(54): view()
 4 SYSTEMPATH/CodeIgniter.php(907): App\Controllers\Pages->view()
 5 SYSTEMPATH/CodeIgniter.php(457): CodeIgniter\CodeIgniter->runController()
 6 SYSTEMPATH/CodeIgniter.php(340): CodeIgniter\CodeIgniter->handleRequest()
 7 FCPATH/index.php(71): CodeIgniter\CodeIgniter->run()
CRITICAL - 2023-01-11 07:08:33 --> Invalid file: template/kinsmen-sky/assets.php
in SYSTEMPATH/Exceptions/FrameworkException.php on line 33.
 1 SYSTEMPATH/View/View.php(201): CodeIgniter\Exceptions\FrameworkException::forInvalidFile()
 2 SYSTEMPATH/Common.php(1142): CodeIgniter\View\View->render()
 3 APPPATH/Controllers/Pages.php(54): view()
 4 SYSTEMPATH/CodeIgniter.php(907): App\Controllers\Pages->view()
 5 SYSTEMPATH/CodeIgniter.php(457): CodeIgniter\CodeIgniter->runController()
 6 SYSTEMPATH/CodeIgniter.php(340): CodeIgniter\CodeIgniter->handleRequest()
 7 FCPATH/index.php(71): CodeIgniter\CodeIgniter->run()
CRITICAL - 2023-01-11 07:08:33 --> Invalid file: template/kinsmen-sky/themes.php
in SYSTEMPATH/Exceptions/FrameworkException.php on line 33.
 1 SYSTEMPATH/View/View.php(201): CodeIgniter\Exceptions\FrameworkException::forInvalidFile()
 2 SYSTEMPATH/Common.php(1142): CodeIgniter\View\View->render()
 3 APPPATH/Controllers/Pages.php(54): view()
 4 SYSTEMPATH/CodeIgniter.php(907): App\Controllers\Pages->view()
 5 SYSTEMPATH/CodeIgniter.php(457): CodeIgniter\CodeIgniter->runController()
 6 SYSTEMPATH/CodeIgniter.php(340): CodeIgniter\CodeIgniter->handleRequest()
 7 FCPATH/index.php(71): CodeIgniter\CodeIgniter->run()
CRITICAL - 2023-01-11 07:08:33 --> Invalid file: template/kinsmen-sky/themes.php
in SYSTEMPATH/Exceptions/FrameworkException.php on line 33.
 1 SYSTEMPATH/View/View.php(201): CodeIgniter\Exceptions\FrameworkException::forInvalidFile()
 2 SYSTEMPATH/Common.php(1142): CodeIgniter\View\View->render()
 3 APPPATH/Controllers/Pages.php(54): view()
 4 SYSTEMPATH/CodeIgniter.php(907): App\Controllers\Pages->view()
 5 SYSTEMPATH/CodeIgniter.php(457): CodeIgniter\CodeIgniter->runController()
 6 SYSTEMPATH/CodeIgniter.php(340): CodeIgniter\CodeIgniter->handleRequest()
 7 FCPATH/index.php(71): CodeIgniter\CodeIgniter->run()
CRITICAL - 2023-01-11 07:08:34 --> Invalid file: template/kinsmen-sky/themes.php
in SYSTEMPATH/Exceptions/FrameworkException.php on line 33.
 1 SYSTEMPATH/View/View.php(201): CodeIgniter\Exceptions\FrameworkException::forInvalidFile()
 2 SYSTEMPATH/Common.php(1142): CodeIgniter\View\View->render()
 3 APPPATH/Controllers/Pages.php(54): view()
 4 SYSTEMPATH/CodeIgniter.php(907): App\Controllers\Pages->view()
 5 SYSTEMPATH/CodeIgniter.php(457): CodeIgniter\CodeIgniter->runController()
 6 SYSTEMPATH/CodeIgniter.php(340): CodeIgniter\CodeIgniter->handleRequest()
 7 FCPATH/index.php(71): CodeIgniter\CodeIgniter->run()
CRITICAL - 2023-01-11 07:08:34 --> Invalid file: template/kinsmen-sky/assets.php
in SYSTEMPATH/Exceptions/FrameworkException.php on line 33.
 1 SYSTEMPATH/View/View.php(201): CodeIgniter\Exceptions\FrameworkException::forInvalidFile()
 2 SYSTEMPATH/Common.php(1142): CodeIgniter\View\View->render()
 3 APPPATH/Controllers/Pages.php(54): view()
 4 SYSTEMPATH/CodeIgniter.php(907): App\Controllers\Pages->view()
 5 SYSTEMPATH/CodeIgniter.php(457): CodeIgniter\CodeIgniter->runController()
 6 SYSTEMPATH/CodeIgniter.php(340): CodeIgniter\CodeIgniter->handleRequest()
 7 FCPATH/index.php(71): CodeIgniter\CodeIgniter->run()
CRITICAL - 2023-01-11 07:08:34 --> Invalid file: template/kinsmen-sky/themes.php
in SYSTEMPATH/Exceptions/FrameworkException.php on line 33.
 1 SYSTEMPATH/View/View.php(201): CodeIgniter\Exceptions\FrameworkException::forInvalidFile()
 2 SYSTEMPATH/Common.php(1142): CodeIgniter\View\View->render()
 3 APPPATH/Controllers/Pages.php(54): view()
 4 SYSTEMPATH/CodeIgniter.php(907): App\Controllers\Pages->view()
 5 SYSTEMPATH/CodeIgniter.php(457): CodeIgniter\CodeIgniter->runController()
 6 SYSTEMPATH/CodeIgniter.php(340): CodeIgniter\CodeIgniter->handleRequest()
 7 FCPATH/index.php(71): CodeIgniter\CodeIgniter->run()
CRITICAL - 2023-01-11 07:08:34 --> Invalid file: template/kinsmen-sky/assets.php
in SYSTEMPATH/Exceptions/FrameworkException.php on line 33.
 1 SYSTEMPATH/View/View.php(201): CodeIgniter\Exceptions\FrameworkException::forInvalidFile()
 2 SYSTEMPATH/Common.php(1142): CodeIgniter\View\View->render()
 3 APPPATH/Controllers/Pages.php(54): view()
 4 SYSTEMPATH/CodeIgniter.php(907): App\Controllers\Pages->view()
 5 SYSTEMPATH/CodeIgniter.php(457): CodeIgniter\CodeIgniter->runController()
 6 SYSTEMPATH/CodeIgniter.php(340): CodeIgniter\CodeIgniter->handleRequest()
 7 FCPATH/index.php(71): CodeIgniter\CodeIgniter->run()
CRITICAL - 2023-01-11 07:08:34 --> Invalid file: template/kinsmen-sky/themes.php
in SYSTEMPATH/Exceptions/FrameworkException.php on line 33.
 1 SYSTEMPATH/View/View.php(201): CodeIgniter\Exceptions\FrameworkException::forInvalidFile()
 2 SYSTEMPATH/Common.php(1142): CodeIgniter\View\View->render()
 3 APPPATH/Controllers/Pages.php(54): view()
 4 SYSTEMPATH/CodeIgniter.php(907): App\Controllers\Pages->view()
 5 SYSTEMPATH/CodeIgniter.php(457): CodeIgniter\CodeIgniter->runController()
 6 SYSTEMPATH/CodeIgniter.php(340): CodeIgniter\CodeIgniter->handleRequest()
 7 FCPATH/index.php(71): CodeIgniter\CodeIgniter->run()
CRITICAL - 2023-01-11 07:08:34 --> Invalid file: template/kinsmen-sky/themes.php
in SYSTEMPATH/Exceptions/FrameworkException.php on line 33.
 1 SYSTEMPATH/View/View.php(201): CodeIgniter\Exceptions\FrameworkException::forInvalidFile()
 2 SYSTEMPATH/Common.php(1142): CodeIgniter\View\View->render()
 3 APPPATH/Controllers/Pages.php(54): view()
 4 SYSTEMPATH/CodeIgniter.php(907): App\Controllers\Pages->view()
 5 SYSTEMPATH/CodeIgniter.php(457): CodeIgniter\CodeIgniter->runController()
 6 SYSTEMPATH/CodeIgniter.php(340): CodeIgniter\CodeIgniter->handleRequest()
 7 FCPATH/index.php(71): CodeIgniter\CodeIgniter->run()
CRITICAL - 2023-01-11 07:08:35 --> Invalid file: template/kinsmen-sky/themes.php
in SYSTEMPATH/Exceptions/FrameworkException.php on line 33.
 1 SYSTEMPATH/View/View.php(201): CodeIgniter\Exceptions\FrameworkException::forInvalidFile()
 2 SYSTEMPATH/Common.php(1142): CodeIgniter\View\View->render()
 3 APPPATH/Controllers/Pages.php(54): view()
 4 SYSTEMPATH/CodeIgniter.php(907): App\Controllers\Pages->view()
 5 SYSTEMPATH/CodeIgniter.php(457): CodeIgniter\CodeIgniter->runController()
 6 SYSTEMPATH/CodeIgniter.php(340): CodeIgniter\CodeIgniter->handleRequest()
 7 FCPATH/index.php(71): CodeIgniter\CodeIgniter->run()
CRITICAL - 2023-01-11 07:08:35 --> Invalid file: template/kinsmen-sky/themes.php
in SYSTEMPATH/Exceptions/FrameworkException.php on line 33.
 1 SYSTEMPATH/View/View.php(201): CodeIgniter\Exceptions\FrameworkException::forInvalidFile()
 2 SYSTEMPATH/Common.php(1142): CodeIgniter\View\View->render()
 3 APPPATH/Controllers/Pages.php(54): view()
 4 SYSTEMPATH/CodeIgniter.php(907): App\Controllers\Pages->view()
 5 SYSTEMPATH/CodeIgniter.php(457): CodeIgniter\CodeIgniter->runController()
 6 SYSTEMPATH/CodeIgniter.php(340): CodeIgniter\CodeIgniter->handleRequest()
 7 FCPATH/index.php(71): CodeIgniter\CodeIgniter->run()
CRITICAL - 2023-01-11 07:08:35 --> Invalid file: template/kinsmen-sky/themes.php
in SYSTEMPATH/Exceptions/FrameworkException.php on line 33.
 1 SYSTEMPATH/View/View.php(201): CodeIgniter\Exceptions\FrameworkException::forInvalidFile()
 2 SYSTEMPATH/Common.php(1142): CodeIgniter\View\View->render()
 3 APPPATH/Controllers/Pages.php(54): view()
 4 SYSTEMPATH/CodeIgniter.php(907): App\Controllers\Pages->view()
 5 SYSTEMPATH/CodeIgniter.php(457): CodeIgniter\CodeIgniter->runController()
 6 SYSTEMPATH/CodeIgniter.php(340): CodeIgniter\CodeIgniter->handleRequest()
 7 FCPATH/index.php(71): CodeIgniter\CodeIgniter->run()
CRITICAL - 2023-01-11 07:48:24 --> Invalid file: template/kinsmen-sky/cssf522.html
in SYSTEMPATH/Exceptions/FrameworkException.php on line 33.
 1 SYSTEMPATH/View/View.php(201): CodeIgniter\Exceptions\FrameworkException::forInvalidFile()
 2 SYSTEMPATH/Common.php(1142): CodeIgniter\View\View->render()
 3 APPPATH/Controllers/Pages.php(54): view()
 4 SYSTEMPATH/CodeIgniter.php(907): App\Controllers\Pages->view()
 5 SYSTEMPATH/CodeIgniter.php(457): CodeIgniter\CodeIgniter->runController()
 6 SYSTEMPATH/CodeIgniter.php(340): CodeIgniter\CodeIgniter->handleRequest()
 7 FCPATH/index.php(71): CodeIgniter\CodeIgniter->run()
CRITICAL - 2023-01-11 07:48:25 --> Invalid file: template/kinsmen-sky/templates.php
in SYSTEMPATH/Exceptions/FrameworkException.php on line 33.
 1 SYSTEMPATH/View/View.php(201): CodeIgniter\Exceptions\FrameworkException::forInvalidFile()
 2 SYSTEMPATH/Common.php(1142): CodeIgniter\View\View->render()
 3 APPPATH/Controllers/Pages.php(54): view()
 4 SYSTEMPATH/CodeIgniter.php(907): App\Controllers\Pages->view()
 5 SYSTEMPATH/CodeIgniter.php(457): CodeIgniter\CodeIgniter->runController()
 6 SYSTEMPATH/CodeIgniter.php(340): CodeIgniter\CodeIgniter->handleRequest()
 7 FCPATH/index.php(71): CodeIgniter\CodeIgniter->run()
CRITICAL - 2023-01-11 07:48:25 --> Invalid file: template/kinsmen-sky/templates.php
in SYSTEMPATH/Exceptions/FrameworkException.php on line 33.
 1 SYSTEMPATH/View/View.php(201): CodeIgniter\Exceptions\FrameworkException::forInvalidFile()
 2 SYSTEMPATH/Common.php(1142): CodeIgniter\View\View->render()
 3 APPPATH/Controllers/Pages.php(54): view()
 4 SYSTEMPATH/CodeIgniter.php(907): App\Controllers\Pages->view()
 5 SYSTEMPATH/CodeIgniter.php(457): CodeIgniter\CodeIgniter->runController()
 6 SYSTEMPATH/CodeIgniter.php(340): CodeIgniter\CodeIgniter->handleRequest()
 7 FCPATH/index.php(71): CodeIgniter\CodeIgniter->run()
CRITICAL - 2023-01-11 07:48:26 --> Invalid file: template/kinsmen-sky/templates.php
in SYSTEMPATH/Exceptions/FrameworkException.php on line 33.
 1 SYSTEMPATH/View/View.php(201): CodeIgniter\Exceptions\FrameworkException::forInvalidFile()
 2 SYSTEMPATH/Common.php(1142): CodeIgniter\View\View->render()
 3 APPPATH/Controllers/Pages.php(54): view()
 4 SYSTEMPATH/CodeIgniter.php(907): App\Controllers\Pages->view()
 5 SYSTEMPATH/CodeIgniter.php(457): CodeIgniter\CodeIgniter->runController()
 6 SYSTEMPATH/CodeIgniter.php(340): CodeIgniter\CodeIgniter->handleRequest()
 7 FCPATH/index.php(71): CodeIgniter\CodeIgniter->run()
CRITICAL - 2023-01-11 08:10:33 --> Invalid file: template/kinsmen-sky/themes.php
in SYSTEMPATH/Exceptions/FrameworkException.php on line 33.
 1 SYSTEMPATH/View/View.php(201): CodeIgniter\Exceptions\FrameworkException::forInvalidFile()
 2 SYSTEMPATH/Common.php(1142): CodeIgniter\View\View->render()
 3 APPPATH/Controllers/Pages.php(54): view()
 4 SYSTEMPATH/CodeIgniter.php(907): App\Controllers\Pages->view()
 5 SYSTEMPATH/CodeIgniter.php(457): CodeIgniter\CodeIgniter->runController()
 6 SYSTEMPATH/CodeIgniter.php(340): CodeIgniter\CodeIgniter->handleRequest()
 7 FCPATH/index.php(71): CodeIgniter\CodeIgniter->run()
CRITICAL - 2023-01-11 08:10:33 --> Invalid file: template/kinsmen-sky/themes.php
in SYSTEMPATH/Exceptions/FrameworkException.php on line 33.
 1 SYSTEMPATH/View/View.php(201): CodeIgniter\Exceptions\FrameworkException::forInvalidFile()
 2 SYSTEMPATH/Common.php(1142): CodeIgniter\View\View->render()
 3 APPPATH/Controllers/Pages.php(54): view()
 4 SYSTEMPATH/CodeIgniter.php(907): App\Controllers\Pages->view()
 5 SYSTEMPATH/CodeIgniter.php(457): CodeIgniter\CodeIgniter->runController()
 6 SYSTEMPATH/CodeIgniter.php(340): CodeIgniter\CodeIgniter->handleRequest()
 7 FCPATH/index.php(71): CodeIgniter\CodeIgniter->run()
CRITICAL - 2023-01-11 08:10:33 --> Invalid file: template/kinsmen-sky/assets.php
in SYSTEMPATH/Exceptions/FrameworkException.php on line 33.
 1 SYSTEMPATH/View/View.php(201): CodeIgniter\Exceptions\FrameworkException::forInvalidFile()
 2 SYSTEMPATH/Common.php(1142): CodeIgniter\View\View->render()
 3 APPPATH/Controllers/Pages.php(54): view()
 4 SYSTEMPATH/CodeIgniter.php(907): App\Controllers\Pages->view()
 5 SYSTEMPATH/CodeIgniter.php(457): CodeIgniter\CodeIgniter->runController()
 6 SYSTEMPATH/CodeIgniter.php(340): CodeIgniter\CodeIgniter->handleRequest()
 7 FCPATH/index.php(71): CodeIgniter\CodeIgniter->run()
CRITICAL - 2023-01-11 08:10:33 --> Invalid file: template/kinsmen-sky/assets.php
in SYSTEMPATH/Exceptions/FrameworkException.php on line 33.
 1 SYSTEMPATH/View/View.php(201): CodeIgniter\Exceptions\FrameworkException::forInvalidFile()
 2 SYSTEMPATH/Common.php(1142): CodeIgniter\View\View->render()
 3 APPPATH/Controllers/Pages.php(54): view()
 4 SYSTEMPATH/CodeIgniter.php(907): App\Controllers\Pages->view()
 5 SYSTEMPATH/CodeIgniter.php(457): CodeIgniter\CodeIgniter->runController()
 6 SYSTEMPATH/CodeIgniter.php(340): CodeIgniter\CodeIgniter->handleRequest()
 7 FCPATH/index.php(71): CodeIgniter\CodeIgniter->run()
CRITICAL - 2023-01-11 08:11:38 --> Invalid file: template/kinsmen-sky/themes.php
in SYSTEMPATH/Exceptions/FrameworkException.php on line 33.
 1 SYSTEMPATH/View/View.php(201): CodeIgniter\Exceptions\FrameworkException::forInvalidFile()
 2 SYSTEMPATH/Common.php(1142): CodeIgniter\View\View->render()
 3 APPPATH/Controllers/Pages.php(54): view()
 4 SYSTEMPATH/CodeIgniter.php(907): App\Controllers\Pages->view()
 5 SYSTEMPATH/CodeIgniter.php(457): CodeIgniter\CodeIgniter->runController()
 6 SYSTEMPATH/CodeIgniter.php(340): CodeIgniter\CodeIgniter->handleRequest()
 7 FCPATH/index.php(71): CodeIgniter\CodeIgniter->run()
CRITICAL - 2023-01-11 08:11:38 --> Invalid file: template/kinsmen-sky/themes.php
in SYSTEMPATH/Exceptions/FrameworkException.php on line 33.
 1 SYSTEMPATH/View/View.php(201): CodeIgniter\Exceptions\FrameworkException::forInvalidFile()
 2 SYSTEMPATH/Common.php(1142): CodeIgniter\View\View->render()
 3 APPPATH/Controllers/Pages.php(54): view()
 4 SYSTEMPATH/CodeIgniter.php(907): App\Controllers\Pages->view()
 5 SYSTEMPATH/CodeIgniter.php(457): CodeIgniter\CodeIgniter->runController()
 6 SYSTEMPATH/CodeIgniter.php(340): CodeIgniter\CodeIgniter->handleRequest()
 7 FCPATH/index.php(71): CodeIgniter\CodeIgniter->run()
CRITICAL - 2023-01-11 08:11:38 --> Invalid file: template/kinsmen-sky/assets.php
in SYSTEMPATH/Exceptions/FrameworkException.php on line 33.
 1 SYSTEMPATH/View/View.php(201): CodeIgniter\Exceptions\FrameworkException::forInvalidFile()
 2 SYSTEMPATH/Common.php(1142): CodeIgniter\View\View->render()
 3 APPPATH/Controllers/Pages.php(54): view()
 4 SYSTEMPATH/CodeIgniter.php(907): App\Controllers\Pages->view()
 5 SYSTEMPATH/CodeIgniter.php(457): CodeIgniter\CodeIgniter->runController()
 6 SYSTEMPATH/CodeIgniter.php(340): CodeIgniter\CodeIgniter->handleRequest()
 7 FCPATH/index.php(71): CodeIgniter\CodeIgniter->run()
CRITICAL - 2023-01-11 08:11:38 --> Invalid file: template/kinsmen-sky/assets.php
in SYSTEMPATH/Exceptions/FrameworkException.php on line 33.
 1 SYSTEMPATH/View/View.php(201): CodeIgniter\Exceptions\FrameworkException::forInvalidFile()
 2 SYSTEMPATH/Common.php(1142): CodeIgniter\View\View->render()
 3 APPPATH/Controllers/Pages.php(54): view()
 4 SYSTEMPATH/CodeIgniter.php(907): App\Controllers\Pages->view()
 5 SYSTEMPATH/CodeIgniter.php(457): CodeIgniter\CodeIgniter->runController()
 6 SYSTEMPATH/CodeIgniter.php(340): CodeIgniter\CodeIgniter->handleRequest()
 7 FCPATH/index.php(71): CodeIgniter\CodeIgniter->run()
CRITICAL - 2023-01-11 08:12:20 --> Invalid file: template/kinsmen-sky/themes.php
in SYSTEMPATH/Exceptions/FrameworkException.php on line 33.
 1 SYSTEMPATH/View/View.php(201): CodeIgniter\Exceptions\FrameworkException::forInvalidFile()
 2 SYSTEMPATH/Common.php(1142): CodeIgniter\View\View->render()
 3 APPPATH/Controllers/Pages.php(54): view()
 4 SYSTEMPATH/CodeIgniter.php(907): App\Controllers\Pages->view()
 5 SYSTEMPATH/CodeIgniter.php(457): CodeIgniter\CodeIgniter->runController()
 6 SYSTEMPATH/CodeIgniter.php(340): CodeIgniter\CodeIgniter->handleRequest()
 7 FCPATH/index.php(71): CodeIgniter\CodeIgniter->run()
CRITICAL - 2023-01-11 08:12:20 --> Invalid file: template/kinsmen-sky/themes.php
in SYSTEMPATH/Exceptions/FrameworkException.php on line 33.
 1 SYSTEMPATH/View/View.php(201): CodeIgniter\Exceptions\FrameworkException::forInvalidFile()
 2 SYSTEMPATH/Common.php(1142): CodeIgniter\View\View->render()
 3 APPPATH/Controllers/Pages.php(54): view()
 4 SYSTEMPATH/CodeIgniter.php(907): App\Controllers\Pages->view()
 5 SYSTEMPATH/CodeIgniter.php(457): CodeIgniter\CodeIgniter->runController()
 6 SYSTEMPATH/CodeIgniter.php(340): CodeIgniter\CodeIgniter->handleRequest()
 7 FCPATH/index.php(71): CodeIgniter\CodeIgniter->run()
CRITICAL - 2023-01-11 08:12:21 --> Invalid file: template/kinsmen-sky/assets.php
in SYSTEMPATH/Exceptions/FrameworkException.php on line 33.
 1 SYSTEMPATH/View/View.php(201): CodeIgniter\Exceptions\FrameworkException::forInvalidFile()
 2 SYSTEMPATH/Common.php(1142): CodeIgniter\View\View->render()
 3 APPPATH/Controllers/Pages.php(54): view()
 4 SYSTEMPATH/CodeIgniter.php(907): App\Controllers\Pages->view()
 5 SYSTEMPATH/CodeIgniter.php(457): CodeIgniter\CodeIgniter->runController()
 6 SYSTEMPATH/CodeIgniter.php(340): CodeIgniter\CodeIgniter->handleRequest()
 7 FCPATH/index.php(71): CodeIgniter\CodeIgniter->run()
CRITICAL - 2023-01-11 08:12:21 --> Invalid file: template/kinsmen-sky/assets.php
in SYSTEMPATH/Exceptions/FrameworkException.php on line 33.
 1 SYSTEMPATH/View/View.php(201): CodeIgniter\Exceptions\FrameworkException::forInvalidFile()
 2 SYSTEMPATH/Common.php(1142): CodeIgniter\View\View->render()
 3 APPPATH/Controllers/Pages.php(54): view()
 4 SYSTEMPATH/CodeIgniter.php(907): App\Controllers\Pages->view()
 5 SYSTEMPATH/CodeIgniter.php(457): CodeIgniter\CodeIgniter->runController()
 6 SYSTEMPATH/CodeIgniter.php(340): CodeIgniter\CodeIgniter->handleRequest()
 7 FCPATH/index.php(71): CodeIgniter\CodeIgniter->run()
CRITICAL - 2023-01-11 08:12:40 --> Invalid file: template/kinsmen-sky/themes.php
in SYSTEMPATH/Exceptions/FrameworkException.php on line 33.
 1 SYSTEMPATH/View/View.php(201): CodeIgniter\Exceptions\FrameworkException::forInvalidFile()
 2 SYSTEMPATH/Common.php(1142): CodeIgniter\View\View->render()
 3 APPPATH/Controllers/Pages.php(54): view()
 4 SYSTEMPATH/CodeIgniter.php(907): App\Controllers\Pages->view()
 5 SYSTEMPATH/CodeIgniter.php(457): CodeIgniter\CodeIgniter->runController()
 6 SYSTEMPATH/CodeIgniter.php(340): CodeIgniter\CodeIgniter->handleRequest()
 7 FCPATH/index.php(71): CodeIgniter\CodeIgniter->run()
CRITICAL - 2023-01-11 08:12:40 --> Invalid file: template/kinsmen-sky/themes.php
in SYSTEMPATH/Exceptions/FrameworkException.php on line 33.
 1 SYSTEMPATH/View/View.php(201): CodeIgniter\Exceptions\FrameworkException::forInvalidFile()
 2 SYSTEMPATH/Common.php(1142): CodeIgniter\View\View->render()
 3 APPPATH/Controllers/Pages.php(54): view()
 4 SYSTEMPATH/CodeIgniter.php(907): App\Controllers\Pages->view()
 5 SYSTEMPATH/CodeIgniter.php(457): CodeIgniter\CodeIgniter->runController()
 6 SYSTEMPATH/CodeIgniter.php(340): CodeIgniter\CodeIgniter->handleRequest()
 7 FCPATH/index.php(71): CodeIgniter\CodeIgniter->run()
CRITICAL - 2023-01-11 08:12:40 --> Invalid file: template/kinsmen-sky/assets.php
in SYSTEMPATH/Exceptions/FrameworkException.php on line 33.
 1 SYSTEMPATH/View/View.php(201): CodeIgniter\Exceptions\FrameworkException::forInvalidFile()
 2 SYSTEMPATH/Common.php(1142): CodeIgniter\View\View->render()
 3 APPPATH/Controllers/Pages.php(54): view()
 4 SYSTEMPATH/CodeIgniter.php(907): App\Controllers\Pages->view()
 5 SYSTEMPATH/CodeIgniter.php(457): CodeIgniter\CodeIgniter->runController()
 6 SYSTEMPATH/CodeIgniter.php(340): CodeIgniter\CodeIgniter->handleRequest()
 7 FCPATH/index.php(71): CodeIgniter\CodeIgniter->run()
CRITICAL - 2023-01-11 08:12:40 --> Invalid file: template/kinsmen-sky/assets.php
in SYSTEMPATH/Exceptions/FrameworkException.php on line 33.
 1 SYSTEMPATH/View/View.php(201): CodeIgniter\Exceptions\FrameworkException::forInvalidFile()
 2 SYSTEMPATH/Common.php(1142): CodeIgniter\View\View->render()
 3 APPPATH/Controllers/Pages.php(54): view()
 4 SYSTEMPATH/CodeIgniter.php(907): App\Controllers\Pages->view()
 5 SYSTEMPATH/CodeIgniter.php(457): CodeIgniter\CodeIgniter->runController()
 6 SYSTEMPATH/CodeIgniter.php(340): CodeIgniter\CodeIgniter->handleRequest()
 7 FCPATH/index.php(71): CodeIgniter\CodeIgniter->run()
CRITICAL - 2023-01-11 08:13:11 --> Invalid file: template/kinsmen-sky/themes.php
in SYSTEMPATH/Exceptions/FrameworkException.php on line 33.
 1 SYSTEMPATH/View/View.php(201): CodeIgniter\Exceptions\FrameworkException::forInvalidFile()
 2 SYSTEMPATH/Common.php(1142): CodeIgniter\View\View->render()
 3 APPPATH/Controllers/Pages.php(54): view()
 4 SYSTEMPATH/CodeIgniter.php(907): App\Controllers\Pages->view()
 5 SYSTEMPATH/CodeIgniter.php(457): CodeIgniter\CodeIgniter->runController()
 6 SYSTEMPATH/CodeIgniter.php(340): CodeIgniter\CodeIgniter->handleRequest()
 7 FCPATH/index.php(71): CodeIgniter\CodeIgniter->run()
CRITICAL - 2023-01-11 08:13:11 --> Invalid file: template/kinsmen-sky/themes.php
in SYSTEMPATH/Exceptions/FrameworkException.php on line 33.
 1 SYSTEMPATH/View/View.php(201): CodeIgniter\Exceptions\FrameworkException::forInvalidFile()
 2 SYSTEMPATH/Common.php(1142): CodeIgniter\View\View->render()
 3 APPPATH/Controllers/Pages.php(54): view()
 4 SYSTEMPATH/CodeIgniter.php(907): App\Controllers\Pages->view()
 5 SYSTEMPATH/CodeIgniter.php(457): CodeIgniter\CodeIgniter->runController()
 6 SYSTEMPATH/CodeIgniter.php(340): CodeIgniter\CodeIgniter->handleRequest()
 7 FCPATH/index.php(71): CodeIgniter\CodeIgniter->run()
CRITICAL - 2023-01-11 08:13:11 --> Invalid file: template/kinsmen-sky/assets.php
in SYSTEMPATH/Exceptions/FrameworkException.php on line 33.
 1 SYSTEMPATH/View/View.php(201): CodeIgniter\Exceptions\FrameworkException::forInvalidFile()
 2 SYSTEMPATH/Common.php(1142): CodeIgniter\View\View->render()
 3 APPPATH/Controllers/Pages.php(54): view()
 4 SYSTEMPATH/CodeIgniter.php(907): App\Controllers\Pages->view()
 5 SYSTEMPATH/CodeIgniter.php(457): CodeIgniter\CodeIgniter->runController()
 6 SYSTEMPATH/CodeIgniter.php(340): CodeIgniter\CodeIgniter->handleRequest()
 7 FCPATH/index.php(71): CodeIgniter\CodeIgniter->run()
CRITICAL - 2023-01-11 08:13:11 --> Invalid file: template/kinsmen-sky/assets.php
in SYSTEMPATH/Exceptions/FrameworkException.php on line 33.
 1 SYSTEMPATH/View/View.php(201): CodeIgniter\Exceptions\FrameworkException::forInvalidFile()
 2 SYSTEMPATH/Common.php(1142): CodeIgniter\View\View->render()
 3 APPPATH/Controllers/Pages.php(54): view()
 4 SYSTEMPATH/CodeIgniter.php(907): App\Controllers\Pages->view()
 5 SYSTEMPATH/CodeIgniter.php(457): CodeIgniter\CodeIgniter->runController()
 6 SYSTEMPATH/CodeIgniter.php(340): CodeIgniter\CodeIgniter->handleRequest()
 7 FCPATH/index.php(71): CodeIgniter\CodeIgniter->run()
CRITICAL - 2023-01-11 08:14:15 --> Invalid file: template/kinsmen-sky/themes.php
in SYSTEMPATH/Exceptions/FrameworkException.php on line 33.
 1 SYSTEMPATH/View/View.php(201): CodeIgniter\Exceptions\FrameworkException::forInvalidFile()
 2 SYSTEMPATH/Common.php(1142): CodeIgniter\View\View->render()
 3 APPPATH/Controllers/Pages.php(54): view()
 4 SYSTEMPATH/CodeIgniter.php(907): App\Controllers\Pages->view()
 5 SYSTEMPATH/CodeIgniter.php(457): CodeIgniter\CodeIgniter->runController()
 6 SYSTEMPATH/CodeIgniter.php(340): CodeIgniter\CodeIgniter->handleRequest()
 7 FCPATH/index.php(71): CodeIgniter\CodeIgniter->run()
CRITICAL - 2023-01-11 08:14:15 --> Invalid file: template/kinsmen-sky/themes.php
in SYSTEMPATH/Exceptions/FrameworkException.php on line 33.
 1 SYSTEMPATH/View/View.php(201): CodeIgniter\Exceptions\FrameworkException::forInvalidFile()
 2 SYSTEMPATH/Common.php(1142): CodeIgniter\View\View->render()
 3 APPPATH/Controllers/Pages.php(54): view()
 4 SYSTEMPATH/CodeIgniter.php(907): App\Controllers\Pages->view()
 5 SYSTEMPATH/CodeIgniter.php(457): CodeIgniter\CodeIgniter->runController()
 6 SYSTEMPATH/CodeIgniter.php(340): CodeIgniter\CodeIgniter->handleRequest()
 7 FCPATH/index.php(71): CodeIgniter\CodeIgniter->run()
CRITICAL - 2023-01-11 08:17:34 --> Invalid file: template/kinsmen-sky/themes.php
in SYSTEMPATH/Exceptions/FrameworkException.php on line 33.
 1 SYSTEMPATH/View/View.php(201): CodeIgniter\Exceptions\FrameworkException::forInvalidFile()
 2 SYSTEMPATH/Common.php(1142): CodeIgniter\View\View->render()
 3 APPPATH/Controllers/Pages.php(54): view()
 4 SYSTEMPATH/CodeIgniter.php(907): App\Controllers\Pages->view()
 5 SYSTEMPATH/CodeIgniter.php(457): CodeIgniter\CodeIgniter->runController()
 6 SYSTEMPATH/CodeIgniter.php(340): CodeIgniter\CodeIgniter->handleRequest()
 7 FCPATH/index.php(71): CodeIgniter\CodeIgniter->run()
CRITICAL - 2023-01-11 08:17:34 --> Invalid file: template/kinsmen-sky/themes.php
in SYSTEMPATH/Exceptions/FrameworkException.php on line 33.
 1 SYSTEMPATH/View/View.php(201): CodeIgniter\Exceptions\FrameworkException::forInvalidFile()
 2 SYSTEMPATH/Common.php(1142): CodeIgniter\View\View->render()
 3 APPPATH/Controllers/Pages.php(54): view()
 4 SYSTEMPATH/CodeIgniter.php(907): App\Controllers\Pages->view()
 5 SYSTEMPATH/CodeIgniter.php(457): CodeIgniter\CodeIgniter->runController()
 6 SYSTEMPATH/CodeIgniter.php(340): CodeIgniter\CodeIgniter->handleRequest()
 7 FCPATH/index.php(71): CodeIgniter\CodeIgniter->run()
CRITICAL - 2023-01-11 08:18:18 --> Invalid file: template/kinsmen-sky/themes.php
in SYSTEMPATH/Exceptions/FrameworkException.php on line 33.
 1 SYSTEMPATH/View/View.php(201): CodeIgniter\Exceptions\FrameworkException::forInvalidFile()
 2 SYSTEMPATH/Common.php(1142): CodeIgniter\View\View->render()
 3 APPPATH/Controllers/Pages.php(54): view()
 4 SYSTEMPATH/CodeIgniter.php(907): App\Controllers\Pages->view()
 5 SYSTEMPATH/CodeIgniter.php(457): CodeIgniter\CodeIgniter->runController()
 6 SYSTEMPATH/CodeIgniter.php(340): CodeIgniter\CodeIgniter->handleRequest()
 7 FCPATH/index.php(71): CodeIgniter\CodeIgniter->run()
CRITICAL - 2023-01-11 08:18:18 --> Invalid file: template/kinsmen-sky/themes.php
in SYSTEMPATH/Exceptions/FrameworkException.php on line 33.
 1 SYSTEMPATH/View/View.php(201): CodeIgniter\Exceptions\FrameworkException::forInvalidFile()
 2 SYSTEMPATH/Common.php(1142): CodeIgniter\View\View->render()
 3 APPPATH/Controllers/Pages.php(54): view()
 4 SYSTEMPATH/CodeIgniter.php(907): App\Controllers\Pages->view()
 5 SYSTEMPATH/CodeIgniter.php(457): CodeIgniter\CodeIgniter->runController()
 6 SYSTEMPATH/CodeIgniter.php(340): CodeIgniter\CodeIgniter->handleRequest()
 7 FCPATH/index.php(71): CodeIgniter\CodeIgniter->run()
CRITICAL - 2023-01-11 08:18:18 --> Invalid file: template/kinsmen-sky/themes.php
in SYSTEMPATH/Exceptions/FrameworkException.php on line 33.
 1 SYSTEMPATH/View/View.php(201): CodeIgniter\Exceptions\FrameworkException::forInvalidFile()
 2 SYSTEMPATH/Common.php(1142): CodeIgniter\View\View->render()
 3 APPPATH/Controllers/Pages.php(54): view()
 4 SYSTEMPATH/CodeIgniter.php(907): App\Controllers\Pages->view()
 5 SYSTEMPATH/CodeIgniter.php(457): CodeIgniter\CodeIgniter->runController()
 6 SYSTEMPATH/CodeIgniter.php(340): CodeIgniter\CodeIgniter->handleRequest()
 7 FCPATH/index.php(71): CodeIgniter\CodeIgniter->run()
CRITICAL - 2023-01-11 08:18:27 --> Invalid file: template/kinsmen-sky/themes.php
in SYSTEMPATH/Exceptions/FrameworkException.php on line 33.
 1 SYSTEMPATH/View/View.php(201): CodeIgniter\Exceptions\FrameworkException::forInvalidFile()
 2 SYSTEMPATH/Common.php(1142): CodeIgniter\View\View->render()
 3 APPPATH/Controllers/Pages.php(54): view()
 4 SYSTEMPATH/CodeIgniter.php(907): App\Controllers\Pages->view()
 5 SYSTEMPATH/CodeIgniter.php(457): CodeIgniter\CodeIgniter->runController()
 6 SYSTEMPATH/CodeIgniter.php(340): CodeIgniter\CodeIgniter->handleRequest()
 7 FCPATH/index.php(71): CodeIgniter\CodeIgniter->run()
CRITICAL - 2023-01-11 08:18:27 --> Invalid file: template/kinsmen-sky/themes.php
in SYSTEMPATH/Exceptions/FrameworkException.php on line 33.
 1 SYSTEMPATH/View/View.php(201): CodeIgniter\Exceptions\FrameworkException::forInvalidFile()
 2 SYSTEMPATH/Common.php(1142): CodeIgniter\View\View->render()
 3 APPPATH/Controllers/Pages.php(54): view()
 4 SYSTEMPATH/CodeIgniter.php(907): App\Controllers\Pages->view()
 5 SYSTEMPATH/CodeIgniter.php(457): CodeIgniter\CodeIgniter->runController()
 6 SYSTEMPATH/CodeIgniter.php(340): CodeIgniter\CodeIgniter->handleRequest()
 7 FCPATH/index.php(71): CodeIgniter\CodeIgniter->run()
CRITICAL - 2023-01-11 08:18:27 --> Invalid file: template/kinsmen-sky/themes.php
in SYSTEMPATH/Exceptions/FrameworkException.php on line 33.
 1 SYSTEMPATH/View/View.php(201): CodeIgniter\Exceptions\FrameworkException::forInvalidFile()
 2 SYSTEMPATH/Common.php(1142): CodeIgniter\View\View->render()
 3 APPPATH/Controllers/Pages.php(54): view()
 4 SYSTEMPATH/CodeIgniter.php(907): App\Controllers\Pages->view()
 5 SYSTEMPATH/CodeIgniter.php(457): CodeIgniter\CodeIgniter->runController()
 6 SYSTEMPATH/CodeIgniter.php(340): CodeIgniter\CodeIgniter->handleRequest()
 7 FCPATH/index.php(71): CodeIgniter\CodeIgniter->run()
CRITICAL - 2023-01-11 08:19:16 --> Invalid file: template/kinsmen-sky/themes.php
in SYSTEMPATH/Exceptions/FrameworkException.php on line 33.
 1 SYSTEMPATH/View/View.php(201): CodeIgniter\Exceptions\FrameworkException::forInvalidFile()
 2 SYSTEMPATH/Common.php(1142): CodeIgniter\View\View->render()
 3 APPPATH/Controllers/Pages.php(54): view()
 4 SYSTEMPATH/CodeIgniter.php(907): App\Controllers\Pages->view()
 5 SYSTEMPATH/CodeIgniter.php(457): CodeIgniter\CodeIgniter->runController()
 6 SYSTEMPATH/CodeIgniter.php(340): CodeIgniter\CodeIgniter->handleRequest()
 7 FCPATH/index.php(71): CodeIgniter\CodeIgniter->run()
CRITICAL - 2023-01-11 08:19:16 --> Invalid file: template/kinsmen-sky/themes.php
in SYSTEMPATH/Exceptions/FrameworkException.php on line 33.
 1 SYSTEMPATH/View/View.php(201): CodeIgniter\Exceptions\FrameworkException::forInvalidFile()
 2 SYSTEMPATH/Common.php(1142): CodeIgniter\View\View->render()
 3 APPPATH/Controllers/Pages.php(54): view()
 4 SYSTEMPATH/CodeIgniter.php(907): App\Controllers\Pages->view()
 5 SYSTEMPATH/CodeIgniter.php(457): CodeIgniter\CodeIgniter->runController()
 6 SYSTEMPATH/CodeIgniter.php(340): CodeIgniter\CodeIgniter->handleRequest()
 7 FCPATH/index.php(71): CodeIgniter\CodeIgniter->run()
CRITICAL - 2023-01-11 08:19:16 --> Invalid file: template/kinsmen-sky/themes.php
in SYSTEMPATH/Exceptions/FrameworkException.php on line 33.
 1 SYSTEMPATH/View/View.php(201): CodeIgniter\Exceptions\FrameworkException::forInvalidFile()
 2 SYSTEMPATH/Common.php(1142): CodeIgniter\View\View->render()
 3 APPPATH/Controllers/Pages.php(54): view()
 4 SYSTEMPATH/CodeIgniter.php(907): App\Controllers\Pages->view()
 5 SYSTEMPATH/CodeIgniter.php(457): CodeIgniter\CodeIgniter->runController()
 6 SYSTEMPATH/CodeIgniter.php(340): CodeIgniter\CodeIgniter->handleRequest()
 7 FCPATH/index.php(71): CodeIgniter\CodeIgniter->run()
CRITICAL - 2023-01-11 08:20:50 --> Invalid file: template/kinsmen-sky/themes.php
in SYSTEMPATH/Exceptions/FrameworkException.php on line 33.
 1 SYSTEMPATH/View/View.php(201): CodeIgniter\Exceptions\FrameworkException::forInvalidFile()
 2 SYSTEMPATH/Common.php(1142): CodeIgniter\View\View->render()
 3 APPPATH/Controllers/Pages.php(54): view()
 4 SYSTEMPATH/CodeIgniter.php(907): App\Controllers\Pages->view()
 5 SYSTEMPATH/CodeIgniter.php(457): CodeIgniter\CodeIgniter->runController()
 6 SYSTEMPATH/CodeIgniter.php(340): CodeIgniter\CodeIgniter->handleRequest()
 7 FCPATH/index.php(71): CodeIgniter\CodeIgniter->run()
CRITICAL - 2023-01-11 08:20:50 --> Invalid file: template/kinsmen-sky/themes.php
in SYSTEMPATH/Exceptions/FrameworkException.php on line 33.
 1 SYSTEMPATH/View/View.php(201): CodeIgniter\Exceptions\FrameworkException::forInvalidFile()
 2 SYSTEMPATH/Common.php(1142): CodeIgniter\View\View->render()
 3 APPPATH/Controllers/Pages.php(54): view()
 4 SYSTEMPATH/CodeIgniter.php(907): App\Controllers\Pages->view()
 5 SYSTEMPATH/CodeIgniter.php(457): CodeIgniter\CodeIgniter->runController()
 6 SYSTEMPATH/CodeIgniter.php(340): CodeIgniter\CodeIgniter->handleRequest()
 7 FCPATH/index.php(71): CodeIgniter\CodeIgniter->run()
CRITICAL - 2023-01-11 08:20:51 --> Invalid file: template/kinsmen-sky/themes.php
in SYSTEMPATH/Exceptions/FrameworkException.php on line 33.
 1 SYSTEMPATH/View/View.php(201): CodeIgniter\Exceptions\FrameworkException::forInvalidFile()
 2 SYSTEMPATH/Common.php(1142): CodeIgniter\View\View->render()
 3 APPPATH/Controllers/Pages.php(54): view()
 4 SYSTEMPATH/CodeIgniter.php(907): App\Controllers\Pages->view()
 5 SYSTEMPATH/CodeIgniter.php(457): CodeIgniter\CodeIgniter->runController()
 6 SYSTEMPATH/CodeIgniter.php(340): CodeIgniter\CodeIgniter->handleRequest()
 7 FCPATH/index.php(71): CodeIgniter\CodeIgniter->run()
CRITICAL - 2023-01-11 08:22:00 --> Invalid file: template/kinsmen-sky/themes.php
in SYSTEMPATH/Exceptions/FrameworkException.php on line 33.
 1 SYSTEMPATH/View/View.php(201): CodeIgniter\Exceptions\FrameworkException::forInvalidFile()
 2 SYSTEMPATH/Common.php(1142): CodeIgniter\View\View->render()
 3 APPPATH/Controllers/Pages.php(54): view()
 4 SYSTEMPATH/CodeIgniter.php(907): App\Controllers\Pages->view()
 5 SYSTEMPATH/CodeIgniter.php(457): CodeIgniter\CodeIgniter->runController()
 6 SYSTEMPATH/CodeIgniter.php(340): CodeIgniter\CodeIgniter->handleRequest()
 7 FCPATH/index.php(71): CodeIgniter\CodeIgniter->run()
CRITICAL - 2023-01-11 08:22:00 --> Invalid file: template/kinsmen-sky/themes.php
in SYSTEMPATH/Exceptions/FrameworkException.php on line 33.
 1 SYSTEMPATH/View/View.php(201): CodeIgniter\Exceptions\FrameworkException::forInvalidFile()
 2 SYSTEMPATH/Common.php(1142): CodeIgniter\View\View->render()
 3 APPPATH/Controllers/Pages.php(54): view()
 4 SYSTEMPATH/CodeIgniter.php(907): App\Controllers\Pages->view()
 5 SYSTEMPATH/CodeIgniter.php(457): CodeIgniter\CodeIgniter->runController()
 6 SYSTEMPATH/CodeIgniter.php(340): CodeIgniter\CodeIgniter->handleRequest()
 7 FCPATH/index.php(71): CodeIgniter\CodeIgniter->run()
CRITICAL - 2023-01-11 08:22:00 --> Invalid file: template/kinsmen-sky/themes.php
in SYSTEMPATH/Exceptions/FrameworkException.php on line 33.
 1 SYSTEMPATH/View/View.php(201): CodeIgniter\Exceptions\FrameworkException::forInvalidFile()
 2 SYSTEMPATH/Common.php(1142): CodeIgniter\View\View->render()
 3 APPPATH/Controllers/Pages.php(54): view()
 4 SYSTEMPATH/CodeIgniter.php(907): App\Controllers\Pages->view()
 5 SYSTEMPATH/CodeIgniter.php(457): CodeIgniter\CodeIgniter->runController()
 6 SYSTEMPATH/CodeIgniter.php(340): CodeIgniter\CodeIgniter->handleRequest()
 7 FCPATH/index.php(71): CodeIgniter\CodeIgniter->run()
CRITICAL - 2023-01-11 08:24:16 --> Invalid file: template/kinsmen-sky/themes.php
in SYSTEMPATH/Exceptions/FrameworkException.php on line 33.
 1 SYSTEMPATH/View/View.php(201): CodeIgniter\Exceptions\FrameworkException::forInvalidFile()
 2 SYSTEMPATH/Common.php(1142): CodeIgniter\View\View->render()
 3 APPPATH/Controllers/Pages.php(54): view()
 4 SYSTEMPATH/CodeIgniter.php(907): App\Controllers\Pages->view()
 5 SYSTEMPATH/CodeIgniter.php(457): CodeIgniter\CodeIgniter->runController()
 6 SYSTEMPATH/CodeIgniter.php(340): CodeIgniter\CodeIgniter->handleRequest()
 7 FCPATH/index.php(71): CodeIgniter\CodeIgniter->run()
CRITICAL - 2023-01-11 08:24:16 --> Invalid file: template/kinsmen-sky/themes.php
in SYSTEMPATH/Exceptions/FrameworkException.php on line 33.
 1 SYSTEMPATH/View/View.php(201): CodeIgniter\Exceptions\FrameworkException::forInvalidFile()
 2 SYSTEMPATH/Common.php(1142): CodeIgniter\View\View->render()
 3 APPPATH/Controllers/Pages.php(54): view()
 4 SYSTEMPATH/CodeIgniter.php(907): App\Controllers\Pages->view()
 5 SYSTEMPATH/CodeIgniter.php(457): CodeIgniter\CodeIgniter->runController()
 6 SYSTEMPATH/CodeIgniter.php(340): CodeIgniter\CodeIgniter->handleRequest()
 7 FCPATH/index.php(71): CodeIgniter\CodeIgniter->run()
CRITICAL - 2023-01-11 08:25:26 --> Invalid file: template/kinsmen-sky/themes.php
in SYSTEMPATH/Exceptions/FrameworkException.php on line 33.
 1 SYSTEMPATH/View/View.php(201): CodeIgniter\Exceptions\FrameworkException::forInvalidFile()
 2 SYSTEMPATH/Common.php(1142): CodeIgniter\View\View->render()
 3 APPPATH/Controllers/Pages.php(54): view()
 4 SYSTEMPATH/CodeIgniter.php(907): App\Controllers\Pages->view()
 5 SYSTEMPATH/CodeIgniter.php(457): CodeIgniter\CodeIgniter->runController()
 6 SYSTEMPATH/CodeIgniter.php(340): CodeIgniter\CodeIgniter->handleRequest()
 7 FCPATH/index.php(71): CodeIgniter\CodeIgniter->run()
CRITICAL - 2023-01-11 08:25:26 --> Invalid file: template/kinsmen-sky/themes.php
in SYSTEMPATH/Exceptions/FrameworkException.php on line 33.
 1 SYSTEMPATH/View/View.php(201): CodeIgniter\Exceptions\FrameworkException::forInvalidFile()
 2 SYSTEMPATH/Common.php(1142): CodeIgniter\View\View->render()
 3 APPPATH/Controllers/Pages.php(54): view()
 4 SYSTEMPATH/CodeIgniter.php(907): App\Controllers\Pages->view()
 5 SYSTEMPATH/CodeIgniter.php(457): CodeIgniter\CodeIgniter->runController()
 6 SYSTEMPATH/CodeIgniter.php(340): CodeIgniter\CodeIgniter->handleRequest()
 7 FCPATH/index.php(71): CodeIgniter\CodeIgniter->run()
CRITICAL - 2023-01-11 08:26:01 --> Invalid file: template/kinsmen-sky/themes.php
in SYSTEMPATH/Exceptions/FrameworkException.php on line 33.
 1 SYSTEMPATH/View/View.php(201): CodeIgniter\Exceptions\FrameworkException::forInvalidFile()
 2 SYSTEMPATH/Common.php(1142): CodeIgniter\View\View->render()
 3 APPPATH/Controllers/Pages.php(54): view()
 4 SYSTEMPATH/CodeIgniter.php(907): App\Controllers\Pages->view()
 5 SYSTEMPATH/CodeIgniter.php(457): CodeIgniter\CodeIgniter->runController()
 6 SYSTEMPATH/CodeIgniter.php(340): CodeIgniter\CodeIgniter->handleRequest()
 7 FCPATH/index.php(71): CodeIgniter\CodeIgniter->run()
CRITICAL - 2023-01-11 08:26:01 --> Invalid file: template/kinsmen-sky/themes.php
in SYSTEMPATH/Exceptions/FrameworkException.php on line 33.
 1 SYSTEMPATH/View/View.php(201): CodeIgniter\Exceptions\FrameworkException::forInvalidFile()
 2 SYSTEMPATH/Common.php(1142): CodeIgniter\View\View->render()
 3 APPPATH/Controllers/Pages.php(54): view()
 4 SYSTEMPATH/CodeIgniter.php(907): App\Controllers\Pages->view()
 5 SYSTEMPATH/CodeIgniter.php(457): CodeIgniter\CodeIgniter->runController()
 6 SYSTEMPATH/CodeIgniter.php(340): CodeIgniter\CodeIgniter->handleRequest()
 7 FCPATH/index.php(71): CodeIgniter\CodeIgniter->run()
CRITICAL - 2023-01-11 08:26:52 --> Invalid file: template/kinsmen-sky/themes.php
in SYSTEMPATH/Exceptions/FrameworkException.php on line 33.
 1 SYSTEMPATH/View/View.php(201): CodeIgniter\Exceptions\FrameworkException::forInvalidFile()
 2 SYSTEMPATH/Common.php(1142): CodeIgniter\View\View->render()
 3 APPPATH/Controllers/Pages.php(54): view()
 4 SYSTEMPATH/CodeIgniter.php(907): App\Controllers\Pages->view()
 5 SYSTEMPATH/CodeIgniter.php(457): CodeIgniter\CodeIgniter->runController()
 6 SYSTEMPATH/CodeIgniter.php(340): CodeIgniter\CodeIgniter->handleRequest()
 7 FCPATH/index.php(71): CodeIgniter\CodeIgniter->run()
CRITICAL - 2023-01-11 08:26:52 --> Invalid file: template/kinsmen-sky/themes.php
in SYSTEMPATH/Exceptions/FrameworkException.php on line 33.
 1 SYSTEMPATH/View/View.php(201): CodeIgniter\Exceptions\FrameworkException::forInvalidFile()
 2 SYSTEMPATH/Common.php(1142): CodeIgniter\View\View->render()
 3 APPPATH/Controllers/Pages.php(54): view()
 4 SYSTEMPATH/CodeIgniter.php(907): App\Controllers\Pages->view()
 5 SYSTEMPATH/CodeIgniter.php(457): CodeIgniter\CodeIgniter->runController()
 6 SYSTEMPATH/CodeIgniter.php(340): CodeIgniter\CodeIgniter->handleRequest()
 7 FCPATH/index.php(71): CodeIgniter\CodeIgniter->run()
CRITICAL - 2023-01-11 08:27:21 --> Invalid file: template/kinsmen-sky/themes.php
in SYSTEMPATH/Exceptions/FrameworkException.php on line 33.
 1 SYSTEMPATH/View/View.php(201): CodeIgniter\Exceptions\FrameworkException::forInvalidFile()
 2 SYSTEMPATH/Common.php(1142): CodeIgniter\View\View->render()
 3 APPPATH/Controllers/Pages.php(54): view()
 4 SYSTEMPATH/CodeIgniter.php(907): App\Controllers\Pages->view()
 5 SYSTEMPATH/CodeIgniter.php(457): CodeIgniter\CodeIgniter->runController()
 6 SYSTEMPATH/CodeIgniter.php(340): CodeIgniter\CodeIgniter->handleRequest()
 7 FCPATH/index.php(71): CodeIgniter\CodeIgniter->run()
CRITICAL - 2023-01-11 08:27:21 --> Invalid file: template/kinsmen-sky/themes.php
in SYSTEMPATH/Exceptions/FrameworkException.php on line 33.
 1 SYSTEMPATH/View/View.php(201): CodeIgniter\Exceptions\FrameworkException::forInvalidFile()
 2 SYSTEMPATH/Common.php(1142): CodeIgniter\View\View->render()
 3 APPPATH/Controllers/Pages.php(54): view()
 4 SYSTEMPATH/CodeIgniter.php(907): App\Controllers\Pages->view()
 5 SYSTEMPATH/CodeIgniter.php(457): CodeIgniter\CodeIgniter->runController()
 6 SYSTEMPATH/CodeIgniter.php(340): CodeIgniter\CodeIgniter->handleRequest()
 7 FCPATH/index.php(71): CodeIgniter\CodeIgniter->run()
CRITICAL - 2023-01-11 08:27:49 --> Invalid file: template/kinsmen-sky/themes.php
in SYSTEMPATH/Exceptions/FrameworkException.php on line 33.
 1 SYSTEMPATH/View/View.php(201): CodeIgniter\Exceptions\FrameworkException::forInvalidFile()
 2 SYSTEMPATH/Common.php(1142): CodeIgniter\View\View->render()
 3 APPPATH/Controllers/Pages.php(54): view()
 4 SYSTEMPATH/CodeIgniter.php(907): App\Controllers\Pages->view()
 5 SYSTEMPATH/CodeIgniter.php(457): CodeIgniter\CodeIgniter->runController()
 6 SYSTEMPATH/CodeIgniter.php(340): CodeIgniter\CodeIgniter->handleRequest()
 7 FCPATH/index.php(71): CodeIgniter\CodeIgniter->run()
CRITICAL - 2023-01-11 08:27:50 --> Invalid file: template/kinsmen-sky/themes.php
in SYSTEMPATH/Exceptions/FrameworkException.php on line 33.
 1 SYSTEMPATH/View/View.php(201): CodeIgniter\Exceptions\FrameworkException::forInvalidFile()
 2 SYSTEMPATH/Common.php(1142): CodeIgniter\View\View->render()
 3 APPPATH/Controllers/Pages.php(54): view()
 4 SYSTEMPATH/CodeIgniter.php(907): App\Controllers\Pages->view()
 5 SYSTEMPATH/CodeIgniter.php(457): CodeIgniter\CodeIgniter->runController()
 6 SYSTEMPATH/CodeIgniter.php(340): CodeIgniter\CodeIgniter->handleRequest()
 7 FCPATH/index.php(71): CodeIgniter\CodeIgniter->run()
CRITICAL - 2023-01-11 08:28:16 --> Invalid file: template/kinsmen-sky/themes.php
in SYSTEMPATH/Exceptions/FrameworkException.php on line 33.
 1 SYSTEMPATH/View/View.php(201): CodeIgniter\Exceptions\FrameworkException::forInvalidFile()
 2 SYSTEMPATH/Common.php(1142): CodeIgniter\View\View->render()
 3 APPPATH/Controllers/Pages.php(54): view()
 4 SYSTEMPATH/CodeIgniter.php(907): App\Controllers\Pages->view()
 5 SYSTEMPATH/CodeIgniter.php(457): CodeIgniter\CodeIgniter->runController()
 6 SYSTEMPATH/CodeIgniter.php(340): CodeIgniter\CodeIgniter->handleRequest()
 7 FCPATH/index.php(71): CodeIgniter\CodeIgniter->run()
CRITICAL - 2023-01-11 08:28:16 --> Invalid file: template/kinsmen-sky/themes.php
in SYSTEMPATH/Exceptions/FrameworkException.php on line 33.
 1 SYSTEMPATH/View/View.php(201): CodeIgniter\Exceptions\FrameworkException::forInvalidFile()
 2 SYSTEMPATH/Common.php(1142): CodeIgniter\View\View->render()
 3 APPPATH/Controllers/Pages.php(54): view()
 4 SYSTEMPATH/CodeIgniter.php(907): App\Controllers\Pages->view()
 5 SYSTEMPATH/CodeIgniter.php(457): CodeIgniter\CodeIgniter->runController()
 6 SYSTEMPATH/CodeIgniter.php(340): CodeIgniter\CodeIgniter->handleRequest()
 7 FCPATH/index.php(71): CodeIgniter\CodeIgniter->run()
CRITICAL - 2023-01-11 08:28:53 --> Invalid file: template/kinsmen-sky/themes.php
in SYSTEMPATH/Exceptions/FrameworkException.php on line 33.
 1 SYSTEMPATH/View/View.php(201): CodeIgniter\Exceptions\FrameworkException::forInvalidFile()
 2 SYSTEMPATH/Common.php(1142): CodeIgniter\View\View->render()
 3 APPPATH/Controllers/Pages.php(54): view()
 4 SYSTEMPATH/CodeIgniter.php(907): App\Controllers\Pages->view()
 5 SYSTEMPATH/CodeIgniter.php(457): CodeIgniter\CodeIgniter->runController()
 6 SYSTEMPATH/CodeIgniter.php(340): CodeIgniter\CodeIgniter->handleRequest()
 7 FCPATH/index.php(71): CodeIgniter\CodeIgniter->run()
CRITICAL - 2023-01-11 08:28:53 --> Invalid file: template/kinsmen-sky/themes.php
in SYSTEMPATH/Exceptions/FrameworkException.php on line 33.
 1 SYSTEMPATH/View/View.php(201): CodeIgniter\Exceptions\FrameworkException::forInvalidFile()
 2 SYSTEMPATH/Common.php(1142): CodeIgniter\View\View->render()
 3 APPPATH/Controllers/Pages.php(54): view()
 4 SYSTEMPATH/CodeIgniter.php(907): App\Controllers\Pages->view()
 5 SYSTEMPATH/CodeIgniter.php(457): CodeIgniter\CodeIgniter->runController()
 6 SYSTEMPATH/CodeIgniter.php(340): CodeIgniter\CodeIgniter->handleRequest()
 7 FCPATH/index.php(71): CodeIgniter\CodeIgniter->run()
CRITICAL - 2023-01-11 08:30:00 --> Invalid file: template/kinsmen-sky/themes.php
in SYSTEMPATH/Exceptions/FrameworkException.php on line 33.
 1 SYSTEMPATH/View/View.php(201): CodeIgniter\Exceptions\FrameworkException::forInvalidFile()
 2 SYSTEMPATH/Common.php(1142): CodeIgniter\View\View->render()
 3 APPPATH/Controllers/Pages.php(54): view()
 4 SYSTEMPATH/CodeIgniter.php(907): App\Controllers\Pages->view()
 5 SYSTEMPATH/CodeIgniter.php(457): CodeIgniter\CodeIgniter->runController()
 6 SYSTEMPATH/CodeIgniter.php(340): CodeIgniter\CodeIgniter->handleRequest()
 7 FCPATH/index.php(71): CodeIgniter\CodeIgniter->run()
CRITICAL - 2023-01-11 08:30:00 --> Invalid file: template/kinsmen-sky/themes.php
in SYSTEMPATH/Exceptions/FrameworkException.php on line 33.
 1 SYSTEMPATH/View/View.php(201): CodeIgniter\Exceptions\FrameworkException::forInvalidFile()
 2 SYSTEMPATH/Common.php(1142): CodeIgniter\View\View->render()
 3 APPPATH/Controllers/Pages.php(54): view()
 4 SYSTEMPATH/CodeIgniter.php(907): App\Controllers\Pages->view()
 5 SYSTEMPATH/CodeIgniter.php(457): CodeIgniter\CodeIgniter->runController()
 6 SYSTEMPATH/CodeIgniter.php(340): CodeIgniter\CodeIgniter->handleRequest()
 7 FCPATH/index.php(71): CodeIgniter\CodeIgniter->run()
CRITICAL - 2023-01-11 08:30:20 --> Invalid file: template/kinsmen-sky/themes.php
in SYSTEMPATH/Exceptions/FrameworkException.php on line 33.
 1 SYSTEMPATH/View/View.php(201): CodeIgniter\Exceptions\FrameworkException::forInvalidFile()
 2 SYSTEMPATH/Common.php(1142): CodeIgniter\View\View->render()
 3 APPPATH/Controllers/Pages.php(54): view()
 4 SYSTEMPATH/CodeIgniter.php(907): App\Controllers\Pages->view()
 5 SYSTEMPATH/CodeIgniter.php(457): CodeIgniter\CodeIgniter->runController()
 6 SYSTEMPATH/CodeIgniter.php(340): CodeIgniter\CodeIgniter->handleRequest()
 7 FCPATH/index.php(71): CodeIgniter\CodeIgniter->run()
CRITICAL - 2023-01-11 08:30:20 --> Invalid file: template/kinsmen-sky/themes.php
in SYSTEMPATH/Exceptions/FrameworkException.php on line 33.
 1 SYSTEMPATH/View/View.php(201): CodeIgniter\Exceptions\FrameworkException::forInvalidFile()
 2 SYSTEMPATH/Common.php(1142): CodeIgniter\View\View->render()
 3 APPPATH/Controllers/Pages.php(54): view()
 4 SYSTEMPATH/CodeIgniter.php(907): App\Controllers\Pages->view()
 5 SYSTEMPATH/CodeIgniter.php(457): CodeIgniter\CodeIgniter->runController()
 6 SYSTEMPATH/CodeIgniter.php(340): CodeIgniter\CodeIgniter->handleRequest()
 7 FCPATH/index.php(71): CodeIgniter\CodeIgniter->run()
CRITICAL - 2023-01-11 08:32:38 --> Invalid file: template/kinsmen-sky/themes.php
in SYSTEMPATH/Exceptions/FrameworkException.php on line 33.
 1 SYSTEMPATH/View/View.php(201): CodeIgniter\Exceptions\FrameworkException::forInvalidFile()
 2 SYSTEMPATH/Common.php(1142): CodeIgniter\View\View->render()
 3 APPPATH/Controllers/Pages.php(54): view()
 4 SYSTEMPATH/CodeIgniter.php(907): App\Controllers\Pages->view()
 5 SYSTEMPATH/CodeIgniter.php(457): CodeIgniter\CodeIgniter->runController()
 6 SYSTEMPATH/CodeIgniter.php(340): CodeIgniter\CodeIgniter->handleRequest()
 7 FCPATH/index.php(71): CodeIgniter\CodeIgniter->run()
CRITICAL - 2023-01-11 08:32:38 --> Invalid file: template/kinsmen-sky/themes.php
in SYSTEMPATH/Exceptions/FrameworkException.php on line 33.
 1 SYSTEMPATH/View/View.php(201): CodeIgniter\Exceptions\FrameworkException::forInvalidFile()
 2 SYSTEMPATH/Common.php(1142): CodeIgniter\View\View->render()
 3 APPPATH/Controllers/Pages.php(54): view()
 4 SYSTEMPATH/CodeIgniter.php(907): App\Controllers\Pages->view()
 5 SYSTEMPATH/CodeIgniter.php(457): CodeIgniter\CodeIgniter->runController()
 6 SYSTEMPATH/CodeIgniter.php(340): CodeIgniter\CodeIgniter->handleRequest()
 7 FCPATH/index.php(71): CodeIgniter\CodeIgniter->run()
CRITICAL - 2023-01-11 08:32:47 --> Invalid file: template/kinsmen-sky/themes.php
in SYSTEMPATH/Exceptions/FrameworkException.php on line 33.
 1 SYSTEMPATH/View/View.php(201): CodeIgniter\Exceptions\FrameworkException::forInvalidFile()
 2 SYSTEMPATH/Common.php(1142): CodeIgniter\View\View->render()
 3 APPPATH/Controllers/Pages.php(54): view()
 4 SYSTEMPATH/CodeIgniter.php(907): App\Controllers\Pages->view()
 5 SYSTEMPATH/CodeIgniter.php(457): CodeIgniter\CodeIgniter->runController()
 6 SYSTEMPATH/CodeIgniter.php(340): CodeIgniter\CodeIgniter->handleRequest()
 7 FCPATH/index.php(71): CodeIgniter\CodeIgniter->run()
CRITICAL - 2023-01-11 08:32:47 --> Invalid file: template/kinsmen-sky/themes.php
in SYSTEMPATH/Exceptions/FrameworkException.php on line 33.
 1 SYSTEMPATH/View/View.php(201): CodeIgniter\Exceptions\FrameworkException::forInvalidFile()
 2 SYSTEMPATH/Common.php(1142): CodeIgniter\View\View->render()
 3 APPPATH/Controllers/Pages.php(54): view()
 4 SYSTEMPATH/CodeIgniter.php(907): App\Controllers\Pages->view()
 5 SYSTEMPATH/CodeIgniter.php(457): CodeIgniter\CodeIgniter->runController()
 6 SYSTEMPATH/CodeIgniter.php(340): CodeIgniter\CodeIgniter->handleRequest()
 7 FCPATH/index.php(71): CodeIgniter\CodeIgniter->run()
CRITICAL - 2023-01-11 08:33:06 --> Invalid file: template/kinsmen-sky/themes.php
in SYSTEMPATH/Exceptions/FrameworkException.php on line 33.
 1 SYSTEMPATH/View/View.php(201): CodeIgniter\Exceptions\FrameworkException::forInvalidFile()
 2 SYSTEMPATH/Common.php(1142): CodeIgniter\View\View->render()
 3 APPPATH/Controllers/Pages.php(54): view()
 4 SYSTEMPATH/CodeIgniter.php(907): App\Controllers\Pages->view()
 5 SYSTEMPATH/CodeIgniter.php(457): CodeIgniter\CodeIgniter->runController()
 6 SYSTEMPATH/CodeIgniter.php(340): CodeIgniter\CodeIgniter->handleRequest()
 7 FCPATH/index.php(71): CodeIgniter\CodeIgniter->run()
CRITICAL - 2023-01-11 08:33:06 --> Invalid file: template/kinsmen-sky/themes.php
in SYSTEMPATH/Exceptions/FrameworkException.php on line 33.
 1 SYSTEMPATH/View/View.php(201): CodeIgniter\Exceptions\FrameworkException::forInvalidFile()
 2 SYSTEMPATH/Common.php(1142): CodeIgniter\View\View->render()
 3 APPPATH/Controllers/Pages.php(54): view()
 4 SYSTEMPATH/CodeIgniter.php(907): App\Controllers\Pages->view()
 5 SYSTEMPATH/CodeIgniter.php(457): CodeIgniter\CodeIgniter->runController()
 6 SYSTEMPATH/CodeIgniter.php(340): CodeIgniter\CodeIgniter->handleRequest()
 7 FCPATH/index.php(71): CodeIgniter\CodeIgniter->run()
CRITICAL - 2023-01-11 08:33:11 --> Invalid file: template/kinsmen-sky/themes.php
in SYSTEMPATH/Exceptions/FrameworkException.php on line 33.
 1 SYSTEMPATH/View/View.php(201): CodeIgniter\Exceptions\FrameworkException::forInvalidFile()
 2 SYSTEMPATH/Common.php(1142): CodeIgniter\View\View->render()
 3 APPPATH/Controllers/Pages.php(54): view()
 4 SYSTEMPATH/CodeIgniter.php(907): App\Controllers\Pages->view()
 5 SYSTEMPATH/CodeIgniter.php(457): CodeIgniter\CodeIgniter->runController()
 6 SYSTEMPATH/CodeIgniter.php(340): CodeIgniter\CodeIgniter->handleRequest()
 7 FCPATH/index.php(71): CodeIgniter\CodeIgniter->run()
CRITICAL - 2023-01-11 08:33:11 --> Invalid file: template/kinsmen-sky/themes.php
in SYSTEMPATH/Exceptions/FrameworkException.php on line 33.
 1 SYSTEMPATH/View/View.php(201): CodeIgniter\Exceptions\FrameworkException::forInvalidFile()
 2 SYSTEMPATH/Common.php(1142): CodeIgniter\View\View->render()
 3 APPPATH/Controllers/Pages.php(54): view()
 4 SYSTEMPATH/CodeIgniter.php(907): App\Controllers\Pages->view()
 5 SYSTEMPATH/CodeIgniter.php(457): CodeIgniter\CodeIgniter->runController()
 6 SYSTEMPATH/CodeIgniter.php(340): CodeIgniter\CodeIgniter->handleRequest()
 7 FCPATH/index.php(71): CodeIgniter\CodeIgniter->run()
CRITICAL - 2023-01-11 08:33:31 --> Invalid file: template/kinsmen-sky/themes.php
in SYSTEMPATH/Exceptions/FrameworkException.php on line 33.
 1 SYSTEMPATH/View/View.php(201): CodeIgniter\Exceptions\FrameworkException::forInvalidFile()
 2 SYSTEMPATH/Common.php(1142): CodeIgniter\View\View->render()
 3 APPPATH/Controllers/Pages.php(54): view()
 4 SYSTEMPATH/CodeIgniter.php(907): App\Controllers\Pages->view()
 5 SYSTEMPATH/CodeIgniter.php(457): CodeIgniter\CodeIgniter->runController()
 6 SYSTEMPATH/CodeIgniter.php(340): CodeIgniter\CodeIgniter->handleRequest()
 7 FCPATH/index.php(71): CodeIgniter\CodeIgniter->run()
CRITICAL - 2023-01-11 08:33:31 --> Invalid file: template/kinsmen-sky/themes.php
in SYSTEMPATH/Exceptions/FrameworkException.php on line 33.
 1 SYSTEMPATH/View/View.php(201): CodeIgniter\Exceptions\FrameworkException::forInvalidFile()
 2 SYSTEMPATH/Common.php(1142): CodeIgniter\View\View->render()
 3 APPPATH/Controllers/Pages.php(54): view()
 4 SYSTEMPATH/CodeIgniter.php(907): App\Controllers\Pages->view()
 5 SYSTEMPATH/CodeIgniter.php(457): CodeIgniter\CodeIgniter->runController()
 6 SYSTEMPATH/CodeIgniter.php(340): CodeIgniter\CodeIgniter->handleRequest()
 7 FCPATH/index.php(71): CodeIgniter\CodeIgniter->run()
CRITICAL - 2023-01-11 08:33:42 --> Invalid file: template/kinsmen-sky/themes.php
in SYSTEMPATH/Exceptions/FrameworkException.php on line 33.
 1 SYSTEMPATH/View/View.php(201): CodeIgniter\Exceptions\FrameworkException::forInvalidFile()
 2 SYSTEMPATH/Common.php(1142): CodeIgniter\View\View->render()
 3 APPPATH/Controllers/Pages.php(54): view()
 4 SYSTEMPATH/CodeIgniter.php(907): App\Controllers\Pages->view()
 5 SYSTEMPATH/CodeIgniter.php(457): CodeIgniter\CodeIgniter->runController()
 6 SYSTEMPATH/CodeIgniter.php(340): CodeIgniter\CodeIgniter->handleRequest()
 7 FCPATH/index.php(71): CodeIgniter\CodeIgniter->run()
CRITICAL - 2023-01-11 08:33:42 --> Invalid file: template/kinsmen-sky/themes.php
in SYSTEMPATH/Exceptions/FrameworkException.php on line 33.
 1 SYSTEMPATH/View/View.php(201): CodeIgniter\Exceptions\FrameworkException::forInvalidFile()
 2 SYSTEMPATH/Common.php(1142): CodeIgniter\View\View->render()
 3 APPPATH/Controllers/Pages.php(54): view()
 4 SYSTEMPATH/CodeIgniter.php(907): App\Controllers\Pages->view()
 5 SYSTEMPATH/CodeIgniter.php(457): CodeIgniter\CodeIgniter->runController()
 6 SYSTEMPATH/CodeIgniter.php(340): CodeIgniter\CodeIgniter->handleRequest()
 7 FCPATH/index.php(71): CodeIgniter\CodeIgniter->run()
CRITICAL - 2023-01-11 08:33:50 --> Invalid file: template/kinsmen-sky/themes.php
in SYSTEMPATH/Exceptions/FrameworkException.php on line 33.
 1 SYSTEMPATH/View/View.php(201): CodeIgniter\Exceptions\FrameworkException::forInvalidFile()
 2 SYSTEMPATH/Common.php(1142): CodeIgniter\View\View->render()
 3 APPPATH/Controllers/Pages.php(54): view()
 4 SYSTEMPATH/CodeIgniter.php(907): App\Controllers\Pages->view()
 5 SYSTEMPATH/CodeIgniter.php(457): CodeIgniter\CodeIgniter->runController()
 6 SYSTEMPATH/CodeIgniter.php(340): CodeIgniter\CodeIgniter->handleRequest()
 7 FCPATH/index.php(71): CodeIgniter\CodeIgniter->run()
CRITICAL - 2023-01-11 08:33:50 --> Invalid file: template/kinsmen-sky/themes.php
in SYSTEMPATH/Exceptions/FrameworkException.php on line 33.
 1 SYSTEMPATH/View/View.php(201): CodeIgniter\Exceptions\FrameworkException::forInvalidFile()
 2 SYSTEMPATH/Common.php(1142): CodeIgniter\View\View->render()
 3 APPPATH/Controllers/Pages.php(54): view()
 4 SYSTEMPATH/CodeIgniter.php(907): App\Controllers\Pages->view()
 5 SYSTEMPATH/CodeIgniter.php(457): CodeIgniter\CodeIgniter->runController()
 6 SYSTEMPATH/CodeIgniter.php(340): CodeIgniter\CodeIgniter->handleRequest()
 7 FCPATH/index.php(71): CodeIgniter\CodeIgniter->run()
CRITICAL - 2023-01-11 08:34:46 --> Invalid file: template/kinsmen-sky/themes.php
in SYSTEMPATH/Exceptions/FrameworkException.php on line 33.
 1 SYSTEMPATH/View/View.php(201): CodeIgniter\Exceptions\FrameworkException::forInvalidFile()
 2 SYSTEMPATH/Common.php(1142): CodeIgniter\View\View->render()
 3 APPPATH/Controllers/Pages.php(54): view()
 4 SYSTEMPATH/CodeIgniter.php(907): App\Controllers\Pages->view()
 5 SYSTEMPATH/CodeIgniter.php(457): CodeIgniter\CodeIgniter->runController()
 6 SYSTEMPATH/CodeIgniter.php(340): CodeIgniter\CodeIgniter->handleRequest()
 7 FCPATH/index.php(71): CodeIgniter\CodeIgniter->run()
CRITICAL - 2023-01-11 08:34:47 --> Invalid file: template/kinsmen-sky/themes.php
in SYSTEMPATH/Exceptions/FrameworkException.php on line 33.
 1 SYSTEMPATH/View/View.php(201): CodeIgniter\Exceptions\FrameworkException::forInvalidFile()
 2 SYSTEMPATH/Common.php(1142): CodeIgniter\View\View->render()
 3 APPPATH/Controllers/Pages.php(54): view()
 4 SYSTEMPATH/CodeIgniter.php(907): App\Controllers\Pages->view()
 5 SYSTEMPATH/CodeIgniter.php(457): CodeIgniter\CodeIgniter->runController()
 6 SYSTEMPATH/CodeIgniter.php(340): CodeIgniter\CodeIgniter->handleRequest()
 7 FCPATH/index.php(71): CodeIgniter\CodeIgniter->run()
CRITICAL - 2023-01-11 08:35:17 --> Invalid file: template/kinsmen-sky/themes.php
in SYSTEMPATH/Exceptions/FrameworkException.php on line 33.
 1 SYSTEMPATH/View/View.php(201): CodeIgniter\Exceptions\FrameworkException::forInvalidFile()
 2 SYSTEMPATH/Common.php(1142): CodeIgniter\View\View->render()
 3 APPPATH/Controllers/Pages.php(54): view()
 4 SYSTEMPATH/CodeIgniter.php(907): App\Controllers\Pages->view()
 5 SYSTEMPATH/CodeIgniter.php(457): CodeIgniter\CodeIgniter->runController()
 6 SYSTEMPATH/CodeIgniter.php(340): CodeIgniter\CodeIgniter->handleRequest()
 7 FCPATH/index.php(71): CodeIgniter\CodeIgniter->run()
CRITICAL - 2023-01-11 08:35:17 --> Invalid file: template/kinsmen-sky/themes.php
in SYSTEMPATH/Exceptions/FrameworkException.php on line 33.
 1 SYSTEMPATH/View/View.php(201): CodeIgniter\Exceptions\FrameworkException::forInvalidFile()
 2 SYSTEMPATH/Common.php(1142): CodeIgniter\View\View->render()
 3 APPPATH/Controllers/Pages.php(54): view()
 4 SYSTEMPATH/CodeIgniter.php(907): App\Controllers\Pages->view()
 5 SYSTEMPATH/CodeIgniter.php(457): CodeIgniter\CodeIgniter->runController()
 6 SYSTEMPATH/CodeIgniter.php(340): CodeIgniter\CodeIgniter->handleRequest()
 7 FCPATH/index.php(71): CodeIgniter\CodeIgniter->run()
CRITICAL - 2023-01-11 08:35:39 --> Invalid file: template/kinsmen-sky/themes.php
in SYSTEMPATH/Exceptions/FrameworkException.php on line 33.
 1 SYSTEMPATH/View/View.php(201): CodeIgniter\Exceptions\FrameworkException::forInvalidFile()
 2 SYSTEMPATH/Common.php(1142): CodeIgniter\View\View->render()
 3 APPPATH/Controllers/Pages.php(54): view()
 4 SYSTEMPATH/CodeIgniter.php(907): App\Controllers\Pages->view()
 5 SYSTEMPATH/CodeIgniter.php(457): CodeIgniter\CodeIgniter->runController()
 6 SYSTEMPATH/CodeIgniter.php(340): CodeIgniter\CodeIgniter->handleRequest()
 7 FCPATH/index.php(71): CodeIgniter\CodeIgniter->run()
CRITICAL - 2023-01-11 08:35:39 --> Invalid file: template/kinsmen-sky/themes.php
in SYSTEMPATH/Exceptions/FrameworkException.php on line 33.
 1 SYSTEMPATH/View/View.php(201): CodeIgniter\Exceptions\FrameworkException::forInvalidFile()
 2 SYSTEMPATH/Common.php(1142): CodeIgniter\View\View->render()
 3 APPPATH/Controllers/Pages.php(54): view()
 4 SYSTEMPATH/CodeIgniter.php(907): App\Controllers\Pages->view()
 5 SYSTEMPATH/CodeIgniter.php(457): CodeIgniter\CodeIgniter->runController()
 6 SYSTEMPATH/CodeIgniter.php(340): CodeIgniter\CodeIgniter->handleRequest()
 7 FCPATH/index.php(71): CodeIgniter\CodeIgniter->run()
CRITICAL - 2023-01-11 08:35:43 --> Invalid file: template/kinsmen-sky/themes.php
in SYSTEMPATH/Exceptions/FrameworkException.php on line 33.
 1 SYSTEMPATH/View/View.php(201): CodeIgniter\Exceptions\FrameworkException::forInvalidFile()
 2 SYSTEMPATH/Common.php(1142): CodeIgniter\View\View->render()
 3 APPPATH/Controllers/Pages.php(54): view()
 4 SYSTEMPATH/CodeIgniter.php(907): App\Controllers\Pages->view()
 5 SYSTEMPATH/CodeIgniter.php(457): CodeIgniter\CodeIgniter->runController()
 6 SYSTEMPATH/CodeIgniter.php(340): CodeIgniter\CodeIgniter->handleRequest()
 7 FCPATH/index.php(71): CodeIgniter\CodeIgniter->run()
CRITICAL - 2023-01-11 08:35:43 --> Invalid file: template/kinsmen-sky/themes.php
in SYSTEMPATH/Exceptions/FrameworkException.php on line 33.
 1 SYSTEMPATH/View/View.php(201): CodeIgniter\Exceptions\FrameworkException::forInvalidFile()
 2 SYSTEMPATH/Common.php(1142): CodeIgniter\View\View->render()
 3 APPPATH/Controllers/Pages.php(54): view()
 4 SYSTEMPATH/CodeIgniter.php(907): App\Controllers\Pages->view()
 5 SYSTEMPATH/CodeIgniter.php(457): CodeIgniter\CodeIgniter->runController()
 6 SYSTEMPATH/CodeIgniter.php(340): CodeIgniter\CodeIgniter->handleRequest()
 7 FCPATH/index.php(71): CodeIgniter\CodeIgniter->run()
CRITICAL - 2023-01-11 08:36:37 --> Invalid file: template/kinsmen-sky/themes.php
in SYSTEMPATH/Exceptions/FrameworkException.php on line 33.
 1 SYSTEMPATH/View/View.php(201): CodeIgniter\Exceptions\FrameworkException::forInvalidFile()
 2 SYSTEMPATH/Common.php(1142): CodeIgniter\View\View->render()
 3 APPPATH/Controllers/Pages.php(54): view()
 4 SYSTEMPATH/CodeIgniter.php(907): App\Controllers\Pages->view()
 5 SYSTEMPATH/CodeIgniter.php(457): CodeIgniter\CodeIgniter->runController()
 6 SYSTEMPATH/CodeIgniter.php(340): CodeIgniter\CodeIgniter->handleRequest()
 7 FCPATH/index.php(71): CodeIgniter\CodeIgniter->run()
CRITICAL - 2023-01-11 08:36:37 --> Invalid file: template/kinsmen-sky/themes.php
in SYSTEMPATH/Exceptions/FrameworkException.php on line 33.
 1 SYSTEMPATH/View/View.php(201): CodeIgniter\Exceptions\FrameworkException::forInvalidFile()
 2 SYSTEMPATH/Common.php(1142): CodeIgniter\View\View->render()
 3 APPPATH/Controllers/Pages.php(54): view()
 4 SYSTEMPATH/CodeIgniter.php(907): App\Controllers\Pages->view()
 5 SYSTEMPATH/CodeIgniter.php(457): CodeIgniter\CodeIgniter->runController()
 6 SYSTEMPATH/CodeIgniter.php(340): CodeIgniter\CodeIgniter->handleRequest()
 7 FCPATH/index.php(71): CodeIgniter\CodeIgniter->run()
CRITICAL - 2023-01-11 08:37:13 --> Invalid file: template/kinsmen-sky/themes.php
in SYSTEMPATH/Exceptions/FrameworkException.php on line 33.
 1 SYSTEMPATH/View/View.php(201): CodeIgniter\Exceptions\FrameworkException::forInvalidFile()
 2 SYSTEMPATH/Common.php(1142): CodeIgniter\View\View->render()
 3 APPPATH/Controllers/Pages.php(54): view()
 4 SYSTEMPATH/CodeIgniter.php(907): App\Controllers\Pages->view()
 5 SYSTEMPATH/CodeIgniter.php(457): CodeIgniter\CodeIgniter->runController()
 6 SYSTEMPATH/CodeIgniter.php(340): CodeIgniter\CodeIgniter->handleRequest()
 7 FCPATH/index.php(71): CodeIgniter\CodeIgniter->run()
CRITICAL - 2023-01-11 08:37:13 --> Invalid file: template/kinsmen-sky/themes.php
in SYSTEMPATH/Exceptions/FrameworkException.php on line 33.
 1 SYSTEMPATH/View/View.php(201): CodeIgniter\Exceptions\FrameworkException::forInvalidFile()
 2 SYSTEMPATH/Common.php(1142): CodeIgniter\View\View->render()
 3 APPPATH/Controllers/Pages.php(54): view()
 4 SYSTEMPATH/CodeIgniter.php(907): App\Controllers\Pages->view()
 5 SYSTEMPATH/CodeIgniter.php(457): CodeIgniter\CodeIgniter->runController()
 6 SYSTEMPATH/CodeIgniter.php(340): CodeIgniter\CodeIgniter->handleRequest()
 7 FCPATH/index.php(71): CodeIgniter\CodeIgniter->run()
CRITICAL - 2023-01-11 08:37:27 --> Invalid file: template/kinsmen-sky/themes.php
in SYSTEMPATH/Exceptions/FrameworkException.php on line 33.
 1 SYSTEMPATH/View/View.php(201): CodeIgniter\Exceptions\FrameworkException::forInvalidFile()
 2 SYSTEMPATH/Common.php(1142): CodeIgniter\View\View->render()
 3 APPPATH/Controllers/Pages.php(54): view()
 4 SYSTEMPATH/CodeIgniter.php(907): App\Controllers\Pages->view()
 5 SYSTEMPATH/CodeIgniter.php(457): CodeIgniter\CodeIgniter->runController()
 6 SYSTEMPATH/CodeIgniter.php(340): CodeIgniter\CodeIgniter->handleRequest()
 7 FCPATH/index.php(71): CodeIgniter\CodeIgniter->run()
CRITICAL - 2023-01-11 08:37:28 --> Invalid file: template/kinsmen-sky/themes.php
in SYSTEMPATH/Exceptions/FrameworkException.php on line 33.
 1 SYSTEMPATH/View/View.php(201): CodeIgniter\Exceptions\FrameworkException::forInvalidFile()
 2 SYSTEMPATH/Common.php(1142): CodeIgniter\View\View->render()
 3 APPPATH/Controllers/Pages.php(54): view()
 4 SYSTEMPATH/CodeIgniter.php(907): App\Controllers\Pages->view()
 5 SYSTEMPATH/CodeIgniter.php(457): CodeIgniter\CodeIgniter->runController()
 6 SYSTEMPATH/CodeIgniter.php(340): CodeIgniter\CodeIgniter->handleRequest()
 7 FCPATH/index.php(71): CodeIgniter\CodeIgniter->run()
CRITICAL - 2023-01-11 08:40:12 --> Invalid file: template/kinsmen-sky/themes.php
in SYSTEMPATH/Exceptions/FrameworkException.php on line 33.
 1 SYSTEMPATH/View/View.php(201): CodeIgniter\Exceptions\FrameworkException::forInvalidFile()
 2 SYSTEMPATH/Common.php(1142): CodeIgniter\View\View->render()
 3 APPPATH/Controllers/Pages.php(54): view()
 4 SYSTEMPATH/CodeIgniter.php(907): App\Controllers\Pages->view()
 5 SYSTEMPATH/CodeIgniter.php(457): CodeIgniter\CodeIgniter->runController()
 6 SYSTEMPATH/CodeIgniter.php(340): CodeIgniter\CodeIgniter->handleRequest()
 7 FCPATH/index.php(71): CodeIgniter\CodeIgniter->run()
CRITICAL - 2023-01-11 08:40:12 --> Invalid file: template/kinsmen-sky/themes.php
in SYSTEMPATH/Exceptions/FrameworkException.php on line 33.
 1 SYSTEMPATH/View/View.php(201): CodeIgniter\Exceptions\FrameworkException::forInvalidFile()
 2 SYSTEMPATH/Common.php(1142): CodeIgniter\View\View->render()
 3 APPPATH/Controllers/Pages.php(54): view()
 4 SYSTEMPATH/CodeIgniter.php(907): App\Controllers\Pages->view()
 5 SYSTEMPATH/CodeIgniter.php(457): CodeIgniter\CodeIgniter->runController()
 6 SYSTEMPATH/CodeIgniter.php(340): CodeIgniter\CodeIgniter->handleRequest()
 7 FCPATH/index.php(71): CodeIgniter\CodeIgniter->run()
CRITICAL - 2023-01-11 08:40:21 --> Invalid file: template/kinsmen-sky/themes.php
in SYSTEMPATH/Exceptions/FrameworkException.php on line 33.
 1 SYSTEMPATH/View/View.php(201): CodeIgniter\Exceptions\FrameworkException::forInvalidFile()
 2 SYSTEMPATH/Common.php(1142): CodeIgniter\View\View->render()
 3 APPPATH/Controllers/Pages.php(54): view()
 4 SYSTEMPATH/CodeIgniter.php(907): App\Controllers\Pages->view()
 5 SYSTEMPATH/CodeIgniter.php(457): CodeIgniter\CodeIgniter->runController()
 6 SYSTEMPATH/CodeIgniter.php(340): CodeIgniter\CodeIgniter->handleRequest()
 7 FCPATH/index.php(71): CodeIgniter\CodeIgniter->run()
CRITICAL - 2023-01-11 08:40:21 --> Invalid file: template/kinsmen-sky/themes.php
in SYSTEMPATH/Exceptions/FrameworkException.php on line 33.
 1 SYSTEMPATH/View/View.php(201): CodeIgniter\Exceptions\FrameworkException::forInvalidFile()
 2 SYSTEMPATH/Common.php(1142): CodeIgniter\View\View->render()
 3 APPPATH/Controllers/Pages.php(54): view()
 4 SYSTEMPATH/CodeIgniter.php(907): App\Controllers\Pages->view()
 5 SYSTEMPATH/CodeIgniter.php(457): CodeIgniter\CodeIgniter->runController()
 6 SYSTEMPATH/CodeIgniter.php(340): CodeIgniter\CodeIgniter->handleRequest()
 7 FCPATH/index.php(71): CodeIgniter\CodeIgniter->run()
CRITICAL - 2023-01-11 08:40:31 --> Invalid file: template/kinsmen-sky/themes.php
in SYSTEMPATH/Exceptions/FrameworkException.php on line 33.
 1 SYSTEMPATH/View/View.php(201): CodeIgniter\Exceptions\FrameworkException::forInvalidFile()
 2 SYSTEMPATH/Common.php(1142): CodeIgniter\View\View->render()
 3 APPPATH/Controllers/Pages.php(54): view()
 4 SYSTEMPATH/CodeIgniter.php(907): App\Controllers\Pages->view()
 5 SYSTEMPATH/CodeIgniter.php(457): CodeIgniter\CodeIgniter->runController()
 6 SYSTEMPATH/CodeIgniter.php(340): CodeIgniter\CodeIgniter->handleRequest()
 7 FCPATH/index.php(71): CodeIgniter\CodeIgniter->run()
CRITICAL - 2023-01-11 08:40:31 --> Invalid file: template/kinsmen-sky/themes.php
in SYSTEMPATH/Exceptions/FrameworkException.php on line 33.
 1 SYSTEMPATH/View/View.php(201): CodeIgniter\Exceptions\FrameworkException::forInvalidFile()
 2 SYSTEMPATH/Common.php(1142): CodeIgniter\View\View->render()
 3 APPPATH/Controllers/Pages.php(54): view()
 4 SYSTEMPATH/CodeIgniter.php(907): App\Controllers\Pages->view()
 5 SYSTEMPATH/CodeIgniter.php(457): CodeIgniter\CodeIgniter->runController()
 6 SYSTEMPATH/CodeIgniter.php(340): CodeIgniter\CodeIgniter->handleRequest()
 7 FCPATH/index.php(71): CodeIgniter\CodeIgniter->run()
CRITICAL - 2023-01-11 08:40:36 --> Invalid file: template/kinsmen-sky/themes.php
in SYSTEMPATH/Exceptions/FrameworkException.php on line 33.
 1 SYSTEMPATH/View/View.php(201): CodeIgniter\Exceptions\FrameworkException::forInvalidFile()
 2 SYSTEMPATH/Common.php(1142): CodeIgniter\View\View->render()
 3 APPPATH/Controllers/Pages.php(54): view()
 4 SYSTEMPATH/CodeIgniter.php(907): App\Controllers\Pages->view()
 5 SYSTEMPATH/CodeIgniter.php(457): CodeIgniter\CodeIgniter->runController()
 6 SYSTEMPATH/CodeIgniter.php(340): CodeIgniter\CodeIgniter->handleRequest()
 7 FCPATH/index.php(71): CodeIgniter\CodeIgniter->run()
CRITICAL - 2023-01-11 08:40:36 --> Invalid file: template/kinsmen-sky/themes.php
in SYSTEMPATH/Exceptions/FrameworkException.php on line 33.
 1 SYSTEMPATH/View/View.php(201): CodeIgniter\Exceptions\FrameworkException::forInvalidFile()
 2 SYSTEMPATH/Common.php(1142): CodeIgniter\View\View->render()
 3 APPPATH/Controllers/Pages.php(54): view()
 4 SYSTEMPATH/CodeIgniter.php(907): App\Controllers\Pages->view()
 5 SYSTEMPATH/CodeIgniter.php(457): CodeIgniter\CodeIgniter->runController()
 6 SYSTEMPATH/CodeIgniter.php(340): CodeIgniter\CodeIgniter->handleRequest()
 7 FCPATH/index.php(71): CodeIgniter\CodeIgniter->run()
