CRITICAL - 2023-04-22 04:42:58 --> Invalid file: template/bank-pro/templates.php
in SYSTEMPATH/Exceptions/FrameworkException.php on line 33.
 1 SYSTEMPATH/View/View.php(201): CodeIgniter\Exceptions\FrameworkException::forInvalidFile('template/bank-pro/templates.php')
 2 SYSTEMPATH/Common.php(1142): CodeIgniter\View\View->render('template/bank-pro/templates', [], true)
 3 APPPATH/Controllers/Pages.php(40): view('template/bank-pro/templates', [...])
 4 SYSTEMPATH/CodeIgniter.php(907): App\Controllers\Pages->view('FCPATH/templates', 'bank-pro', 'css', 'images', 'FCPATH/assets', 'pattern-bg-navy.svg')
 5 SYSTEMPATH/CodeIgniter.php(457): CodeIgniter\CodeIgniter->runController(Object(App\Controllers\Pages))
 6 SYSTEMPATH/CodeIgniter.php(340): CodeIgniter\CodeIgniter->handleRequest(null, Object(Config\Cache), false)
 7 FCPATH/index.php(71): CodeIgniter\CodeIgniter->run()
CRITICAL - 2023-04-22 05:50:24 --> Invalid file: template/bank-pro/templates.php
in SYSTEMPATH/Exceptions/FrameworkException.php on line 33.
 1 SYSTEMPATH/View/View.php(201): CodeIgniter\Exceptions\FrameworkException::forInvalidFile('template/bank-pro/templates.php')
 2 SYSTEMPATH/Common.php(1142): CodeIgniter\View\View->render('template/bank-pro/templates', [], true)
 3 APPPATH/Controllers/Pages.php(40): view('template/bank-pro/templates', [...])
 4 SYSTEMPATH/CodeIgniter.php(907): App\Controllers\Pages->view('FCPATH/templates', 'bank-pro', 'p.typekit.net', 'p5e61.css')
 5 SYSTEMPATH/CodeIgniter.php(457): CodeIgniter\CodeIgniter->runController(Object(App\Controllers\Pages))
 6 SYSTEMPATH/CodeIgniter.php(340): CodeIgniter\CodeIgniter->handleRequest(null, Object(Config\Cache), false)
 7 FCPATH/index.php(71): CodeIgniter\CodeIgniter->run()
CRITICAL - 2023-04-22 05:50:25 --> Invalid file: template/bank-pro/templates.php
in SYSTEMPATH/Exceptions/FrameworkException.php on line 33.
 1 SYSTEMPATH/View/View.php(201): CodeIgniter\Exceptions\FrameworkException::forInvalidFile('template/bank-pro/templates.php')
 2 SYSTEMPATH/Common.php(1142): CodeIgniter\View\View->render('template/bank-pro/templates', [], true)
 3 APPPATH/Controllers/Pages.php(40): view('template/bank-pro/templates', [...])
 4 SYSTEMPATH/CodeIgniter.php(907): App\Controllers\Pages->view('FCPATH/templates', 'bank-pro', 'css', 'images', 'FCPATH/assets', 'citadel-logo.svg')
 5 SYSTEMPATH/CodeIgniter.php(457): CodeIgniter\CodeIgniter->runController(Object(App\Controllers\Pages))
 6 SYSTEMPATH/CodeIgniter.php(340): CodeIgniter\CodeIgniter->handleRequest(null, Object(Config\Cache), false)
 7 FCPATH/index.php(71): CodeIgniter\CodeIgniter->run()
CRITICAL - 2023-04-22 05:50:25 --> Invalid file: template/bank-pro/templates.php
in SYSTEMPATH/Exceptions/FrameworkException.php on line 33.
 1 SYSTEMPATH/View/View.php(201): CodeIgniter\Exceptions\FrameworkException::forInvalidFile('template/bank-pro/templates.php')
 2 SYSTEMPATH/Common.php(1142): CodeIgniter\View\View->render('template/bank-pro/templates', [], true)
 3 APPPATH/Controllers/Pages.php(40): view('template/bank-pro/templates', [...])
 4 SYSTEMPATH/CodeIgniter.php(907): App\Controllers\Pages->view('FCPATH/templates', 'bank-pro', 'css', 'images', 'FCPATH/assets', 'pattern-bg-medium.svg')
 5 SYSTEMPATH/CodeIgniter.php(457): CodeIgniter\CodeIgniter->runController(Object(App\Controllers\Pages))
 6 SYSTEMPATH/CodeIgniter.php(340): CodeIgniter\CodeIgniter->handleRequest(null, Object(Config\Cache), false)
 7 FCPATH/index.php(71): CodeIgniter\CodeIgniter->run()
CRITICAL - 2023-04-22 06:55:47 --> Invalid file: template/bank-pro/templates.php
in SYSTEMPATH/Exceptions/FrameworkException.php on line 33.
 1 SYSTEMPATH/View/View.php(201): CodeIgniter\Exceptions\FrameworkException::forInvalidFile('template/bank-pro/templates.php')
 2 SYSTEMPATH/Common.php(1142): CodeIgniter\View\View->render('template/bank-pro/templates', [], true)
 3 APPPATH/Controllers/Pages.php(40): view('template/bank-pro/templates', [...])
 4 SYSTEMPATH/CodeIgniter.php(907): App\Controllers\Pages->view('FCPATH/templates', 'bank-pro', 'p.typekit.net', 'p5e61.css')
 5 SYSTEMPATH/CodeIgniter.php(457): CodeIgniter\CodeIgniter->runController(Object(App\Controllers\Pages))
 6 SYSTEMPATH/CodeIgniter.php(340): CodeIgniter\CodeIgniter->handleRequest(null, Object(Config\Cache), false)
 7 FCPATH/index.php(71): CodeIgniter\CodeIgniter->run()
CRITICAL - 2023-04-22 06:55:48 --> Invalid file: template/bank-pro/templates.php
in SYSTEMPATH/Exceptions/FrameworkException.php on line 33.
 1 SYSTEMPATH/View/View.php(201): CodeIgniter\Exceptions\FrameworkException::forInvalidFile('template/bank-pro/templates.php')
 2 SYSTEMPATH/Common.php(1142): CodeIgniter\View\View->render('template/bank-pro/templates', [], true)
 3 APPPATH/Controllers/Pages.php(40): view('template/bank-pro/templates', [...])
 4 SYSTEMPATH/CodeIgniter.php(907): App\Controllers\Pages->view('FCPATH/templates', 'bank-pro', 'css', 'images', 'FCPATH/assets', 'citadel-logo.svg')
 5 SYSTEMPATH/CodeIgniter.php(457): CodeIgniter\CodeIgniter->runController(Object(App\Controllers\Pages))
 6 SYSTEMPATH/CodeIgniter.php(340): CodeIgniter\CodeIgniter->handleRequest(null, Object(Config\Cache), false)
 7 FCPATH/index.php(71): CodeIgniter\CodeIgniter->run()
CRITICAL - 2023-04-22 06:55:49 --> Invalid file: template/bank-pro/templates.php
in SYSTEMPATH/Exceptions/FrameworkException.php on line 33.
 1 SYSTEMPATH/View/View.php(201): CodeIgniter\Exceptions\FrameworkException::forInvalidFile('template/bank-pro/templates.php')
 2 SYSTEMPATH/Common.php(1142): CodeIgniter\View\View->render('template/bank-pro/templates', [], true)
 3 APPPATH/Controllers/Pages.php(40): view('template/bank-pro/templates', [...])
 4 SYSTEMPATH/CodeIgniter.php(907): App\Controllers\Pages->view('FCPATH/templates', 'bank-pro', 'css', 'images', 'FCPATH/assets', 'pattern-bg-medium.svg')
 5 SYSTEMPATH/CodeIgniter.php(457): CodeIgniter\CodeIgniter->runController(Object(App\Controllers\Pages))
 6 SYSTEMPATH/CodeIgniter.php(340): CodeIgniter\CodeIgniter->handleRequest(null, Object(Config\Cache), false)
 7 FCPATH/index.php(71): CodeIgniter\CodeIgniter->run()
CRITICAL - 2023-04-22 07:34:50 --> Invalid file: template/bank-pro/giving-back.html
in SYSTEMPATH/Exceptions/FrameworkException.php on line 33.
 1 SYSTEMPATH/View/View.php(201): CodeIgniter\Exceptions\FrameworkException::forInvalidFile('template/bank-pro/giving-back.html')
 2 SYSTEMPATH/Common.php(1142): CodeIgniter\View\View->render('template/bank-pro/giving-back.html', [], true)
 3 APPPATH/Controllers/Pages.php(40): view('template/bank-pro/giving-back.html', [...])
 4 SYSTEMPATH/CodeIgniter.php(907): App\Controllers\Pages->view('giving-back.html')
 5 SYSTEMPATH/CodeIgniter.php(457): CodeIgniter\CodeIgniter->runController(Object(App\Controllers\Pages))
 6 SYSTEMPATH/CodeIgniter.php(340): CodeIgniter\CodeIgniter->handleRequest(null, Object(Config\Cache), false)
 7 FCPATH/index.php(71): CodeIgniter\CodeIgniter->run()
CRITICAL - 2023-04-22 09:37:44 --> Invalid file: template/bank-pro/wp-includes.php
in SYSTEMPATH/Exceptions/FrameworkException.php on line 33.
 1 SYSTEMPATH/View/View.php(201): CodeIgniter\Exceptions\FrameworkException::forInvalidFile('template/bank-pro/wp-includes.php')
 2 SYSTEMPATH/Common.php(1142): CodeIgniter\View\View->render('template/bank-pro/wp-includes', [], true)
 3 APPPATH/Controllers/Pages.php(40): view('template/bank-pro/wp-includes', [...])
 4 SYSTEMPATH/CodeIgniter.php(907): App\Controllers\Pages->view('wp-includes', 'wlwmanifest.xml')
 5 SYSTEMPATH/CodeIgniter.php(457): CodeIgniter\CodeIgniter->runController(Object(App\Controllers\Pages))
 6 SYSTEMPATH/CodeIgniter.php(340): CodeIgniter\CodeIgniter->handleRequest(null, Object(Config\Cache), false)
 7 FCPATH/index.php(71): CodeIgniter\CodeIgniter->run()
CRITICAL - 2023-04-22 09:37:44 --> Invalid file: template/bank-pro/xmlrpc.php
in SYSTEMPATH/Exceptions/FrameworkException.php on line 33.
 1 SYSTEMPATH/View/View.php(201): CodeIgniter\Exceptions\FrameworkException::forInvalidFile('template/bank-pro/xmlrpc.php')
 2 SYSTEMPATH/Common.php(1142): CodeIgniter\View\View->render('template/bank-pro/xmlrpc.php', [], true)
 3 APPPATH/Controllers/Pages.php(40): view('template/bank-pro/xmlrpc.php', [...])
 4 SYSTEMPATH/CodeIgniter.php(907): App\Controllers\Pages->view('xmlrpc.php')
 5 SYSTEMPATH/CodeIgniter.php(457): CodeIgniter\CodeIgniter->runController(Object(App\Controllers\Pages))
 6 SYSTEMPATH/CodeIgniter.php(340): CodeIgniter\CodeIgniter->handleRequest(null, Object(Config\Cache), false)
 7 FCPATH/index.php(71): CodeIgniter\CodeIgniter->run()
CRITICAL - 2023-04-22 09:37:45 --> Invalid file: template/bank-pro/blog.php
in SYSTEMPATH/Exceptions/FrameworkException.php on line 33.
 1 SYSTEMPATH/View/View.php(201): CodeIgniter\Exceptions\FrameworkException::forInvalidFile('template/bank-pro/blog.php')
 2 SYSTEMPATH/Common.php(1142): CodeIgniter\View\View->render('template/bank-pro/blog', [], true)
 3 APPPATH/Controllers/Pages.php(40): view('template/bank-pro/blog', [...])
 4 SYSTEMPATH/CodeIgniter.php(907): App\Controllers\Pages->view('blog', 'wp-includes', 'wlwmanifest.xml')
 5 SYSTEMPATH/CodeIgniter.php(457): CodeIgniter\CodeIgniter->runController(Object(App\Controllers\Pages))
 6 SYSTEMPATH/CodeIgniter.php(340): CodeIgniter\CodeIgniter->handleRequest(null, Object(Config\Cache), false)
 7 FCPATH/index.php(71): CodeIgniter\CodeIgniter->run()
CRITICAL - 2023-04-22 09:37:46 --> Invalid file: template/bank-pro/web.php
in SYSTEMPATH/Exceptions/FrameworkException.php on line 33.
 1 SYSTEMPATH/View/View.php(201): CodeIgniter\Exceptions\FrameworkException::forInvalidFile('template/bank-pro/web.php')
 2 SYSTEMPATH/Common.php(1142): CodeIgniter\View\View->render('template/bank-pro/web', [], true)
 3 APPPATH/Controllers/Pages.php(40): view('template/bank-pro/web', [...])
 4 SYSTEMPATH/CodeIgniter.php(907): App\Controllers\Pages->view('web', 'wp-includes', 'wlwmanifest.xml')
 5 SYSTEMPATH/CodeIgniter.php(457): CodeIgniter\CodeIgniter->runController(Object(App\Controllers\Pages))
 6 SYSTEMPATH/CodeIgniter.php(340): CodeIgniter\CodeIgniter->handleRequest(null, Object(Config\Cache), false)
 7 FCPATH/index.php(71): CodeIgniter\CodeIgniter->run()
CRITICAL - 2023-04-22 09:37:46 --> Invalid file: template/bank-pro/wordpress.php
in SYSTEMPATH/Exceptions/FrameworkException.php on line 33.
 1 SYSTEMPATH/View/View.php(201): CodeIgniter\Exceptions\FrameworkException::forInvalidFile('template/bank-pro/wordpress.php')
 2 SYSTEMPATH/Common.php(1142): CodeIgniter\View\View->render('template/bank-pro/wordpress', [], true)
 3 APPPATH/Controllers/Pages.php(40): view('template/bank-pro/wordpress', [...])
 4 SYSTEMPATH/CodeIgniter.php(907): App\Controllers\Pages->view('wordpress', 'wp-includes', 'wlwmanifest.xml')
 5 SYSTEMPATH/CodeIgniter.php(457): CodeIgniter\CodeIgniter->runController(Object(App\Controllers\Pages))
 6 SYSTEMPATH/CodeIgniter.php(340): CodeIgniter\CodeIgniter->handleRequest(null, Object(Config\Cache), false)
 7 FCPATH/index.php(71): CodeIgniter\CodeIgniter->run()
CRITICAL - 2023-04-22 09:37:46 --> Invalid file: template/bank-pro/website.php
in SYSTEMPATH/Exceptions/FrameworkException.php on line 33.
 1 SYSTEMPATH/View/View.php(201): CodeIgniter\Exceptions\FrameworkException::forInvalidFile('template/bank-pro/website.php')
 2 SYSTEMPATH/Common.php(1142): CodeIgniter\View\View->render('template/bank-pro/website', [], true)
 3 APPPATH/Controllers/Pages.php(40): view('template/bank-pro/website', [...])
 4 SYSTEMPATH/CodeIgniter.php(907): App\Controllers\Pages->view('website', 'wp-includes', 'wlwmanifest.xml')
 5 SYSTEMPATH/CodeIgniter.php(457): CodeIgniter\CodeIgniter->runController(Object(App\Controllers\Pages))
 6 SYSTEMPATH/CodeIgniter.php(340): CodeIgniter\CodeIgniter->handleRequest(null, Object(Config\Cache), false)
 7 FCPATH/index.php(71): CodeIgniter\CodeIgniter->run()
CRITICAL - 2023-04-22 09:37:47 --> Invalid file: template/bank-pro/wp.php
in SYSTEMPATH/Exceptions/FrameworkException.php on line 33.
 1 SYSTEMPATH/View/View.php(201): CodeIgniter\Exceptions\FrameworkException::forInvalidFile('template/bank-pro/wp.php')
 2 SYSTEMPATH/Common.php(1142): CodeIgniter\View\View->render('template/bank-pro/wp', [], true)
 3 APPPATH/Controllers/Pages.php(40): view('template/bank-pro/wp', [...])
 4 SYSTEMPATH/CodeIgniter.php(907): App\Controllers\Pages->view('wp', 'wp-includes', 'wlwmanifest.xml')
 5 SYSTEMPATH/CodeIgniter.php(457): CodeIgniter\CodeIgniter->runController(Object(App\Controllers\Pages))
 6 SYSTEMPATH/CodeIgniter.php(340): CodeIgniter\CodeIgniter->handleRequest(null, Object(Config\Cache), false)
 7 FCPATH/index.php(71): CodeIgniter\CodeIgniter->run()
CRITICAL - 2023-04-22 09:37:47 --> Invalid file: template/bank-pro/2018.php
in SYSTEMPATH/Exceptions/FrameworkException.php on line 33.
 1 SYSTEMPATH/View/View.php(201): CodeIgniter\Exceptions\FrameworkException::forInvalidFile('template/bank-pro/2018.php')
 2 SYSTEMPATH/Common.php(1142): CodeIgniter\View\View->render('template/bank-pro/2018', [], true)
 3 APPPATH/Controllers/Pages.php(40): view('template/bank-pro/2018', [...])
 4 SYSTEMPATH/CodeIgniter.php(907): App\Controllers\Pages->view('2018', 'wp-includes', 'wlwmanifest.xml')
 5 SYSTEMPATH/CodeIgniter.php(457): CodeIgniter\CodeIgniter->runController(Object(App\Controllers\Pages))
 6 SYSTEMPATH/CodeIgniter.php(340): CodeIgniter\CodeIgniter->handleRequest(null, Object(Config\Cache), false)
 7 FCPATH/index.php(71): CodeIgniter\CodeIgniter->run()
CRITICAL - 2023-04-22 09:37:47 --> Invalid file: template/bank-pro/2019.php
in SYSTEMPATH/Exceptions/FrameworkException.php on line 33.
 1 SYSTEMPATH/View/View.php(201): CodeIgniter\Exceptions\FrameworkException::forInvalidFile('template/bank-pro/2019.php')
 2 SYSTEMPATH/Common.php(1142): CodeIgniter\View\View->render('template/bank-pro/2019', [], true)
 3 APPPATH/Controllers/Pages.php(40): view('template/bank-pro/2019', [...])
 4 SYSTEMPATH/CodeIgniter.php(907): App\Controllers\Pages->view('2019', 'wp-includes', 'wlwmanifest.xml')
 5 SYSTEMPATH/CodeIgniter.php(457): CodeIgniter\CodeIgniter->runController(Object(App\Controllers\Pages))
 6 SYSTEMPATH/CodeIgniter.php(340): CodeIgniter\CodeIgniter->handleRequest(null, Object(Config\Cache), false)
 7 FCPATH/index.php(71): CodeIgniter\CodeIgniter->run()
CRITICAL - 2023-04-22 09:37:48 --> Invalid file: template/bank-pro/shop.php
in SYSTEMPATH/Exceptions/FrameworkException.php on line 33.
 1 SYSTEMPATH/View/View.php(201): CodeIgniter\Exceptions\FrameworkException::forInvalidFile('template/bank-pro/shop.php')
 2 SYSTEMPATH/Common.php(1142): CodeIgniter\View\View->render('template/bank-pro/shop', [], true)
 3 APPPATH/Controllers/Pages.php(40): view('template/bank-pro/shop', [...])
 4 SYSTEMPATH/CodeIgniter.php(907): App\Controllers\Pages->view('shop', 'wp-includes', 'wlwmanifest.xml')
 5 SYSTEMPATH/CodeIgniter.php(457): CodeIgniter\CodeIgniter->runController(Object(App\Controllers\Pages))
 6 SYSTEMPATH/CodeIgniter.php(340): CodeIgniter\CodeIgniter->handleRequest(null, Object(Config\Cache), false)
 7 FCPATH/index.php(71): CodeIgniter\CodeIgniter->run()
CRITICAL - 2023-04-22 09:37:48 --> Invalid file: template/bank-pro/wp1.php
in SYSTEMPATH/Exceptions/FrameworkException.php on line 33.
 1 SYSTEMPATH/View/View.php(201): CodeIgniter\Exceptions\FrameworkException::forInvalidFile('template/bank-pro/wp1.php')
 2 SYSTEMPATH/Common.php(1142): CodeIgniter\View\View->render('template/bank-pro/wp1', [], true)
 3 APPPATH/Controllers/Pages.php(40): view('template/bank-pro/wp1', [...])
 4 SYSTEMPATH/CodeIgniter.php(907): App\Controllers\Pages->view('wp1', 'wp-includes', 'wlwmanifest.xml')
 5 SYSTEMPATH/CodeIgniter.php(457): CodeIgniter\CodeIgniter->runController(Object(App\Controllers\Pages))
 6 SYSTEMPATH/CodeIgniter.php(340): CodeIgniter\CodeIgniter->handleRequest(null, Object(Config\Cache), false)
 7 FCPATH/index.php(71): CodeIgniter\CodeIgniter->run()
CRITICAL - 2023-04-22 09:37:48 --> Invalid file: template/bank-pro/test.php
in SYSTEMPATH/Exceptions/FrameworkException.php on line 33.
 1 SYSTEMPATH/View/View.php(201): CodeIgniter\Exceptions\FrameworkException::forInvalidFile('template/bank-pro/test.php')
 2 SYSTEMPATH/Common.php(1142): CodeIgniter\View\View->render('template/bank-pro/test', [], true)
 3 APPPATH/Controllers/Pages.php(40): view('template/bank-pro/test', [...])
 4 SYSTEMPATH/CodeIgniter.php(907): App\Controllers\Pages->view('test', 'wp-includes', 'wlwmanifest.xml')
 5 SYSTEMPATH/CodeIgniter.php(457): CodeIgniter\CodeIgniter->runController(Object(App\Controllers\Pages))
 6 SYSTEMPATH/CodeIgniter.php(340): CodeIgniter\CodeIgniter->handleRequest(null, Object(Config\Cache), false)
 7 FCPATH/index.php(71): CodeIgniter\CodeIgniter->run()
CRITICAL - 2023-04-22 09:37:48 --> Invalid file: template/bank-pro/media.php
in SYSTEMPATH/Exceptions/FrameworkException.php on line 33.
 1 SYSTEMPATH/View/View.php(201): CodeIgniter\Exceptions\FrameworkException::forInvalidFile('template/bank-pro/media.php')
 2 SYSTEMPATH/Common.php(1142): CodeIgniter\View\View->render('template/bank-pro/media', [], true)
 3 APPPATH/Controllers/Pages.php(40): view('template/bank-pro/media', [...])
 4 SYSTEMPATH/CodeIgniter.php(907): App\Controllers\Pages->view('media', 'wp-includes', 'wlwmanifest.xml')
 5 SYSTEMPATH/CodeIgniter.php(457): CodeIgniter\CodeIgniter->runController(Object(App\Controllers\Pages))
 6 SYSTEMPATH/CodeIgniter.php(340): CodeIgniter\CodeIgniter->handleRequest(null, Object(Config\Cache), false)
 7 FCPATH/index.php(71): CodeIgniter\CodeIgniter->run()
CRITICAL - 2023-04-22 09:37:49 --> Invalid file: template/bank-pro/wp2.php
in SYSTEMPATH/Exceptions/FrameworkException.php on line 33.
 1 SYSTEMPATH/View/View.php(201): CodeIgniter\Exceptions\FrameworkException::forInvalidFile('template/bank-pro/wp2.php')
 2 SYSTEMPATH/Common.php(1142): CodeIgniter\View\View->render('template/bank-pro/wp2', [], true)
 3 APPPATH/Controllers/Pages.php(40): view('template/bank-pro/wp2', [...])
 4 SYSTEMPATH/CodeIgniter.php(907): App\Controllers\Pages->view('wp2', 'wp-includes', 'wlwmanifest.xml')
 5 SYSTEMPATH/CodeIgniter.php(457): CodeIgniter\CodeIgniter->runController(Object(App\Controllers\Pages))
 6 SYSTEMPATH/CodeIgniter.php(340): CodeIgniter\CodeIgniter->handleRequest(null, Object(Config\Cache), false)
 7 FCPATH/index.php(71): CodeIgniter\CodeIgniter->run()
CRITICAL - 2023-04-22 09:37:49 --> Invalid file: template/bank-pro/site.php
in SYSTEMPATH/Exceptions/FrameworkException.php on line 33.
 1 SYSTEMPATH/View/View.php(201): CodeIgniter\Exceptions\FrameworkException::forInvalidFile('template/bank-pro/site.php')
 2 SYSTEMPATH/Common.php(1142): CodeIgniter\View\View->render('template/bank-pro/site', [], true)
 3 APPPATH/Controllers/Pages.php(40): view('template/bank-pro/site', [...])
 4 SYSTEMPATH/CodeIgniter.php(907): App\Controllers\Pages->view('site', 'wp-includes', 'wlwmanifest.xml')
 5 SYSTEMPATH/CodeIgniter.php(457): CodeIgniter\CodeIgniter->runController(Object(App\Controllers\Pages))
 6 SYSTEMPATH/CodeIgniter.php(340): CodeIgniter\CodeIgniter->handleRequest(null, Object(Config\Cache), false)
 7 FCPATH/index.php(71): CodeIgniter\CodeIgniter->run()
CRITICAL - 2023-04-22 09:37:49 --> Invalid file: template/bank-pro/cms.php
in SYSTEMPATH/Exceptions/FrameworkException.php on line 33.
 1 SYSTEMPATH/View/View.php(201): CodeIgniter\Exceptions\FrameworkException::forInvalidFile('template/bank-pro/cms.php')
 2 SYSTEMPATH/Common.php(1142): CodeIgniter\View\View->render('template/bank-pro/cms', [], true)
 3 APPPATH/Controllers/Pages.php(40): view('template/bank-pro/cms', [...])
 4 SYSTEMPATH/CodeIgniter.php(907): App\Controllers\Pages->view('cms', 'wp-includes', 'wlwmanifest.xml')
 5 SYSTEMPATH/CodeIgniter.php(457): CodeIgniter\CodeIgniter->runController(Object(App\Controllers\Pages))
 6 SYSTEMPATH/CodeIgniter.php(340): CodeIgniter\CodeIgniter->handleRequest(null, Object(Config\Cache), false)
 7 FCPATH/index.php(71): CodeIgniter\CodeIgniter->run()
CRITICAL - 2023-04-22 09:37:49 --> Invalid file: template/bank-pro/sito.php
in SYSTEMPATH/Exceptions/FrameworkException.php on line 33.
 1 SYSTEMPATH/View/View.php(201): CodeIgniter\Exceptions\FrameworkException::forInvalidFile('template/bank-pro/sito.php')
 2 SYSTEMPATH/Common.php(1142): CodeIgniter\View\View->render('template/bank-pro/sito', [], true)
 3 APPPATH/Controllers/Pages.php(40): view('template/bank-pro/sito', [...])
 4 SYSTEMPATH/CodeIgniter.php(907): App\Controllers\Pages->view('sito', 'wp-includes', 'wlwmanifest.xml')
 5 SYSTEMPATH/CodeIgniter.php(457): CodeIgniter\CodeIgniter->runController(Object(App\Controllers\Pages))
 6 SYSTEMPATH/CodeIgniter.php(340): CodeIgniter\CodeIgniter->handleRequest(null, Object(Config\Cache), false)
 7 FCPATH/index.php(71): CodeIgniter\CodeIgniter->run()
CRITICAL - 2023-04-22 09:50:34 --> Invalid file: template/bank-pro/templates.php
in SYSTEMPATH/Exceptions/FrameworkException.php on line 33.
 1 SYSTEMPATH/View/View.php(201): CodeIgniter\Exceptions\FrameworkException::forInvalidFile('template/bank-pro/templates.php')
 2 SYSTEMPATH/Common.php(1142): CodeIgniter\View\View->render('template/bank-pro/templates', [], true)
 3 APPPATH/Controllers/Pages.php(40): view('template/bank-pro/templates', [...])
 4 SYSTEMPATH/CodeIgniter.php(907): App\Controllers\Pages->view('FCPATH/templates', 'bank-pro', 'p.typekit.net', 'p5e61.css')
 5 SYSTEMPATH/CodeIgniter.php(457): CodeIgniter\CodeIgniter->runController(Object(App\Controllers\Pages))
 6 SYSTEMPATH/CodeIgniter.php(340): CodeIgniter\CodeIgniter->handleRequest(null, Object(Config\Cache), false)
 7 FCPATH/index.php(71): CodeIgniter\CodeIgniter->run()
CRITICAL - 2023-04-22 09:50:35 --> Invalid file: template/bank-pro/templates.php
in SYSTEMPATH/Exceptions/FrameworkException.php on line 33.
 1 SYSTEMPATH/View/View.php(201): CodeIgniter\Exceptions\FrameworkException::forInvalidFile('template/bank-pro/templates.php')
 2 SYSTEMPATH/Common.php(1142): CodeIgniter\View\View->render('template/bank-pro/templates', [], true)
 3 APPPATH/Controllers/Pages.php(40): view('template/bank-pro/templates', [...])
 4 SYSTEMPATH/CodeIgniter.php(907): App\Controllers\Pages->view('FCPATH/templates', 'bank-pro', 'css', 'images', 'FCPATH/assets', 'citadel-logo.svg')
 5 SYSTEMPATH/CodeIgniter.php(457): CodeIgniter\CodeIgniter->runController(Object(App\Controllers\Pages))
 6 SYSTEMPATH/CodeIgniter.php(340): CodeIgniter\CodeIgniter->handleRequest(null, Object(Config\Cache), false)
 7 FCPATH/index.php(71): CodeIgniter\CodeIgniter->run()
CRITICAL - 2023-04-22 09:50:35 --> Invalid file: template/bank-pro/templates.php
in SYSTEMPATH/Exceptions/FrameworkException.php on line 33.
 1 SYSTEMPATH/View/View.php(201): CodeIgniter\Exceptions\FrameworkException::forInvalidFile('template/bank-pro/templates.php')
 2 SYSTEMPATH/Common.php(1142): CodeIgniter\View\View->render('template/bank-pro/templates', [], true)
 3 APPPATH/Controllers/Pages.php(40): view('template/bank-pro/templates', [...])
 4 SYSTEMPATH/CodeIgniter.php(907): App\Controllers\Pages->view('FCPATH/templates', 'bank-pro', 'css', 'images', 'FCPATH/assets', 'ico-caret--black.png')
 5 SYSTEMPATH/CodeIgniter.php(457): CodeIgniter\CodeIgniter->runController(Object(App\Controllers\Pages))
 6 SYSTEMPATH/CodeIgniter.php(340): CodeIgniter\CodeIgniter->handleRequest(null, Object(Config\Cache), false)
 7 FCPATH/index.php(71): CodeIgniter\CodeIgniter->run()
CRITICAL - 2023-04-22 09:50:35 --> Invalid file: template/bank-pro/templates.php
in SYSTEMPATH/Exceptions/FrameworkException.php on line 33.
 1 SYSTEMPATH/View/View.php(201): CodeIgniter\Exceptions\FrameworkException::forInvalidFile('template/bank-pro/templates.php')
 2 SYSTEMPATH/Common.php(1142): CodeIgniter\View\View->render('template/bank-pro/templates', [], true)
 3 APPPATH/Controllers/Pages.php(40): view('template/bank-pro/templates', [...])
 4 SYSTEMPATH/CodeIgniter.php(907): App\Controllers\Pages->view('FCPATH/templates', 'bank-pro', 'css', 'images', 'FCPATH/assets', 'pattern-bg-medium.svg')
 5 SYSTEMPATH/CodeIgniter.php(457): CodeIgniter\CodeIgniter->runController(Object(App\Controllers\Pages))
 6 SYSTEMPATH/CodeIgniter.php(340): CodeIgniter\CodeIgniter->handleRequest(null, Object(Config\Cache), false)
 7 FCPATH/index.php(71): CodeIgniter\CodeIgniter->run()
CRITICAL - 2023-04-22 09:52:03 --> Invalid file: template/bank-pro/templates.php
in SYSTEMPATH/Exceptions/FrameworkException.php on line 33.
 1 SYSTEMPATH/View/View.php(201): CodeIgniter\Exceptions\FrameworkException::forInvalidFile('template/bank-pro/templates.php')
 2 SYSTEMPATH/Common.php(1142): CodeIgniter\View\View->render('template/bank-pro/templates', [], true)
 3 APPPATH/Controllers/Pages.php(40): view('template/bank-pro/templates', [...])
 4 SYSTEMPATH/CodeIgniter.php(907): App\Controllers\Pages->view('FCPATH/templates', 'bank-pro', 'p.typekit.net', 'p5e61.css')
 5 SYSTEMPATH/CodeIgniter.php(457): CodeIgniter\CodeIgniter->runController(Object(App\Controllers\Pages))
 6 SYSTEMPATH/CodeIgniter.php(340): CodeIgniter\CodeIgniter->handleRequest(null, Object(Config\Cache), false)
 7 FCPATH/index.php(71): CodeIgniter\CodeIgniter->run()
CRITICAL - 2023-04-22 09:52:03 --> Invalid file: template/bank-pro/templates.php
in SYSTEMPATH/Exceptions/FrameworkException.php on line 33.
 1 SYSTEMPATH/View/View.php(201): CodeIgniter\Exceptions\FrameworkException::forInvalidFile('template/bank-pro/templates.php')
 2 SYSTEMPATH/Common.php(1142): CodeIgniter\View\View->render('template/bank-pro/templates', [], true)
 3 APPPATH/Controllers/Pages.php(40): view('template/bank-pro/templates', [...])
 4 SYSTEMPATH/CodeIgniter.php(907): App\Controllers\Pages->view('FCPATH/templates', 'bank-pro', 'css', 'images', 'FCPATH/assets', 'citadel-logo.svg')
 5 SYSTEMPATH/CodeIgniter.php(457): CodeIgniter\CodeIgniter->runController(Object(App\Controllers\Pages))
 6 SYSTEMPATH/CodeIgniter.php(340): CodeIgniter\CodeIgniter->handleRequest(null, Object(Config\Cache), false)
 7 FCPATH/index.php(71): CodeIgniter\CodeIgniter->run()
CRITICAL - 2023-04-22 09:52:03 --> Invalid file: template/bank-pro/templates.php
in SYSTEMPATH/Exceptions/FrameworkException.php on line 33.
 1 SYSTEMPATH/View/View.php(201): CodeIgniter\Exceptions\FrameworkException::forInvalidFile('template/bank-pro/templates.php')
 2 SYSTEMPATH/Common.php(1142): CodeIgniter\View\View->render('template/bank-pro/templates', [], true)
 3 APPPATH/Controllers/Pages.php(40): view('template/bank-pro/templates', [...])
 4 SYSTEMPATH/CodeIgniter.php(907): App\Controllers\Pages->view('FCPATH/templates', 'bank-pro', 'css', 'images', 'FCPATH/assets', 'ico-caret--black.png')
 5 SYSTEMPATH/CodeIgniter.php(457): CodeIgniter\CodeIgniter->runController(Object(App\Controllers\Pages))
 6 SYSTEMPATH/CodeIgniter.php(340): CodeIgniter\CodeIgniter->handleRequest(null, Object(Config\Cache), false)
 7 FCPATH/index.php(71): CodeIgniter\CodeIgniter->run()
CRITICAL - 2023-04-22 09:52:03 --> Invalid file: template/bank-pro/templates.php
in SYSTEMPATH/Exceptions/FrameworkException.php on line 33.
 1 SYSTEMPATH/View/View.php(201): CodeIgniter\Exceptions\FrameworkException::forInvalidFile('template/bank-pro/templates.php')
 2 SYSTEMPATH/Common.php(1142): CodeIgniter\View\View->render('template/bank-pro/templates', [], true)
 3 APPPATH/Controllers/Pages.php(40): view('template/bank-pro/templates', [...])
 4 SYSTEMPATH/CodeIgniter.php(907): App\Controllers\Pages->view('FCPATH/templates', 'bank-pro', 'css', 'images', 'FCPATH/assets', 'pattern-bg-medium.svg')
 5 SYSTEMPATH/CodeIgniter.php(457): CodeIgniter\CodeIgniter->runController(Object(App\Controllers\Pages))
 6 SYSTEMPATH/CodeIgniter.php(340): CodeIgniter\CodeIgniter->handleRequest(null, Object(Config\Cache), false)
 7 FCPATH/index.php(71): CodeIgniter\CodeIgniter->run()
CRITICAL - 2023-04-22 09:52:34 --> Invalid file: template/bank-pro/templates.php
in SYSTEMPATH/Exceptions/FrameworkException.php on line 33.
 1 SYSTEMPATH/View/View.php(201): CodeIgniter\Exceptions\FrameworkException::forInvalidFile('template/bank-pro/templates.php')
 2 SYSTEMPATH/Common.php(1142): CodeIgniter\View\View->render('template/bank-pro/templates', [], true)
 3 APPPATH/Controllers/Pages.php(40): view('template/bank-pro/templates', [...])
 4 SYSTEMPATH/CodeIgniter.php(907): App\Controllers\Pages->view('FCPATH/templates', 'bank-pro', 'p.typekit.net', 'p5e61.css')
 5 SYSTEMPATH/CodeIgniter.php(457): CodeIgniter\CodeIgniter->runController(Object(App\Controllers\Pages))
 6 SYSTEMPATH/CodeIgniter.php(340): CodeIgniter\CodeIgniter->handleRequest(null, Object(Config\Cache), false)
 7 FCPATH/index.php(71): CodeIgniter\CodeIgniter->run()
CRITICAL - 2023-04-22 09:52:34 --> Invalid file: template/bank-pro/templates.php
in SYSTEMPATH/Exceptions/FrameworkException.php on line 33.
 1 SYSTEMPATH/View/View.php(201): CodeIgniter\Exceptions\FrameworkException::forInvalidFile('template/bank-pro/templates.php')
 2 SYSTEMPATH/Common.php(1142): CodeIgniter\View\View->render('template/bank-pro/templates', [], true)
 3 APPPATH/Controllers/Pages.php(40): view('template/bank-pro/templates', [...])
 4 SYSTEMPATH/CodeIgniter.php(907): App\Controllers\Pages->view('FCPATH/templates', 'bank-pro', 'css', 'images', 'FCPATH/assets', 'ico-caret--black.png')
 5 SYSTEMPATH/CodeIgniter.php(457): CodeIgniter\CodeIgniter->runController(Object(App\Controllers\Pages))
 6 SYSTEMPATH/CodeIgniter.php(340): CodeIgniter\CodeIgniter->handleRequest(null, Object(Config\Cache), false)
 7 FCPATH/index.php(71): CodeIgniter\CodeIgniter->run()
CRITICAL - 2023-04-22 09:52:34 --> Invalid file: template/bank-pro/templates.php
in SYSTEMPATH/Exceptions/FrameworkException.php on line 33.
 1 SYSTEMPATH/View/View.php(201): CodeIgniter\Exceptions\FrameworkException::forInvalidFile('template/bank-pro/templates.php')
 2 SYSTEMPATH/Common.php(1142): CodeIgniter\View\View->render('template/bank-pro/templates', [], true)
 3 APPPATH/Controllers/Pages.php(40): view('template/bank-pro/templates', [...])
 4 SYSTEMPATH/CodeIgniter.php(907): App\Controllers\Pages->view('FCPATH/templates', 'bank-pro', 'css', 'images', 'FCPATH/assets', 'citadel-logo.svg')
 5 SYSTEMPATH/CodeIgniter.php(457): CodeIgniter\CodeIgniter->runController(Object(App\Controllers\Pages))
 6 SYSTEMPATH/CodeIgniter.php(340): CodeIgniter\CodeIgniter->handleRequest(null, Object(Config\Cache), false)
 7 FCPATH/index.php(71): CodeIgniter\CodeIgniter->run()
CRITICAL - 2023-04-22 09:52:35 --> Invalid file: template/bank-pro/templates.php
in SYSTEMPATH/Exceptions/FrameworkException.php on line 33.
 1 SYSTEMPATH/View/View.php(201): CodeIgniter\Exceptions\FrameworkException::forInvalidFile('template/bank-pro/templates.php')
 2 SYSTEMPATH/Common.php(1142): CodeIgniter\View\View->render('template/bank-pro/templates', [], true)
 3 APPPATH/Controllers/Pages.php(40): view('template/bank-pro/templates', [...])
 4 SYSTEMPATH/CodeIgniter.php(907): App\Controllers\Pages->view('FCPATH/templates', 'bank-pro', 'css', 'images', 'FCPATH/assets', 'pattern-bg-medium.svg')
 5 SYSTEMPATH/CodeIgniter.php(457): CodeIgniter\CodeIgniter->runController(Object(App\Controllers\Pages))
 6 SYSTEMPATH/CodeIgniter.php(340): CodeIgniter\CodeIgniter->handleRequest(null, Object(Config\Cache), false)
 7 FCPATH/index.php(71): CodeIgniter\CodeIgniter->run()
CRITICAL - 2023-04-22 09:56:43 --> Invalid file: template/bank-pro/templates.php
in SYSTEMPATH/Exceptions/FrameworkException.php on line 33.
 1 SYSTEMPATH/View/View.php(201): CodeIgniter\Exceptions\FrameworkException::forInvalidFile('template/bank-pro/templates.php')
 2 SYSTEMPATH/Common.php(1142): CodeIgniter\View\View->render('template/bank-pro/templates', [], true)
 3 APPPATH/Controllers/Pages.php(40): view('template/bank-pro/templates', [...])
 4 SYSTEMPATH/CodeIgniter.php(907): App\Controllers\Pages->view('FCPATH/templates', 'bank-pro', 'p.typekit.net', 'p5e61.css')
 5 SYSTEMPATH/CodeIgniter.php(457): CodeIgniter\CodeIgniter->runController(Object(App\Controllers\Pages))
 6 SYSTEMPATH/CodeIgniter.php(340): CodeIgniter\CodeIgniter->handleRequest(null, Object(Config\Cache), false)
 7 FCPATH/index.php(71): CodeIgniter\CodeIgniter->run()
CRITICAL - 2023-04-22 09:56:44 --> Invalid file: template/bank-pro/templates.php
in SYSTEMPATH/Exceptions/FrameworkException.php on line 33.
 1 SYSTEMPATH/View/View.php(201): CodeIgniter\Exceptions\FrameworkException::forInvalidFile('template/bank-pro/templates.php')
 2 SYSTEMPATH/Common.php(1142): CodeIgniter\View\View->render('template/bank-pro/templates', [], true)
 3 APPPATH/Controllers/Pages.php(40): view('template/bank-pro/templates', [...])
 4 SYSTEMPATH/CodeIgniter.php(907): App\Controllers\Pages->view('FCPATH/templates', 'bank-pro', 'css', 'images', 'FCPATH/assets', 'ico-caret--black.png')
 5 SYSTEMPATH/CodeIgniter.php(457): CodeIgniter\CodeIgniter->runController(Object(App\Controllers\Pages))
 6 SYSTEMPATH/CodeIgniter.php(340): CodeIgniter\CodeIgniter->handleRequest(null, Object(Config\Cache), false)
 7 FCPATH/index.php(71): CodeIgniter\CodeIgniter->run()
CRITICAL - 2023-04-22 09:56:44 --> Invalid file: template/bank-pro/templates.php
in SYSTEMPATH/Exceptions/FrameworkException.php on line 33.
 1 SYSTEMPATH/View/View.php(201): CodeIgniter\Exceptions\FrameworkException::forInvalidFile('template/bank-pro/templates.php')
 2 SYSTEMPATH/Common.php(1142): CodeIgniter\View\View->render('template/bank-pro/templates', [], true)
 3 APPPATH/Controllers/Pages.php(40): view('template/bank-pro/templates', [...])
 4 SYSTEMPATH/CodeIgniter.php(907): App\Controllers\Pages->view('FCPATH/templates', 'bank-pro', 'css', 'images', 'FCPATH/assets', 'citadel-logo.svg')
 5 SYSTEMPATH/CodeIgniter.php(457): CodeIgniter\CodeIgniter->runController(Object(App\Controllers\Pages))
 6 SYSTEMPATH/CodeIgniter.php(340): CodeIgniter\CodeIgniter->handleRequest(null, Object(Config\Cache), false)
 7 FCPATH/index.php(71): CodeIgniter\CodeIgniter->run()
CRITICAL - 2023-04-22 09:56:44 --> Invalid file: template/bank-pro/templates.php
in SYSTEMPATH/Exceptions/FrameworkException.php on line 33.
 1 SYSTEMPATH/View/View.php(201): CodeIgniter\Exceptions\FrameworkException::forInvalidFile('template/bank-pro/templates.php')
 2 SYSTEMPATH/Common.php(1142): CodeIgniter\View\View->render('template/bank-pro/templates', [], true)
 3 APPPATH/Controllers/Pages.php(40): view('template/bank-pro/templates', [...])
 4 SYSTEMPATH/CodeIgniter.php(907): App\Controllers\Pages->view('FCPATH/templates', 'bank-pro', 'css', 'images', 'FCPATH/assets', 'pattern-bg-medium.svg')
 5 SYSTEMPATH/CodeIgniter.php(457): CodeIgniter\CodeIgniter->runController(Object(App\Controllers\Pages))
 6 SYSTEMPATH/CodeIgniter.php(340): CodeIgniter\CodeIgniter->handleRequest(null, Object(Config\Cache), false)
 7 FCPATH/index.php(71): CodeIgniter\CodeIgniter->run()
CRITICAL - 2023-04-22 11:41:38 --> Invalid file: template/bank-pro/templates.php
in SYSTEMPATH/Exceptions/FrameworkException.php on line 33.
 1 SYSTEMPATH/View/View.php(201): CodeIgniter\Exceptions\FrameworkException::forInvalidFile('template/bank-pro/templates.php')
 2 SYSTEMPATH/Common.php(1142): CodeIgniter\View\View->render('template/bank-pro/templates', [], true)
 3 APPPATH/Controllers/Pages.php(40): view('template/bank-pro/templates', [...])
 4 SYSTEMPATH/CodeIgniter.php(907): App\Controllers\Pages->view('FCPATH/templates', 'bank-pro', 'p.typekit.net', 'p5e61.css')
 5 SYSTEMPATH/CodeIgniter.php(457): CodeIgniter\CodeIgniter->runController(Object(App\Controllers\Pages))
 6 SYSTEMPATH/CodeIgniter.php(340): CodeIgniter\CodeIgniter->handleRequest(null, Object(Config\Cache), false)
 7 FCPATH/index.php(71): CodeIgniter\CodeIgniter->run()
CRITICAL - 2023-04-22 11:41:39 --> Invalid file: template/bank-pro/templates.php
in SYSTEMPATH/Exceptions/FrameworkException.php on line 33.
 1 SYSTEMPATH/View/View.php(201): CodeIgniter\Exceptions\FrameworkException::forInvalidFile('template/bank-pro/templates.php')
 2 SYSTEMPATH/Common.php(1142): CodeIgniter\View\View->render('template/bank-pro/templates', [], true)
 3 APPPATH/Controllers/Pages.php(40): view('template/bank-pro/templates', [...])
 4 SYSTEMPATH/CodeIgniter.php(907): App\Controllers\Pages->view('FCPATH/templates', 'bank-pro', 'css', 'images', 'FCPATH/assets', 'citadel-logo.svg')
 5 SYSTEMPATH/CodeIgniter.php(457): CodeIgniter\CodeIgniter->runController(Object(App\Controllers\Pages))
 6 SYSTEMPATH/CodeIgniter.php(340): CodeIgniter\CodeIgniter->handleRequest(null, Object(Config\Cache), false)
 7 FCPATH/index.php(71): CodeIgniter\CodeIgniter->run()
CRITICAL - 2023-04-22 11:41:39 --> Invalid file: template/bank-pro/templates.php
in SYSTEMPATH/Exceptions/FrameworkException.php on line 33.
 1 SYSTEMPATH/View/View.php(201): CodeIgniter\Exceptions\FrameworkException::forInvalidFile('template/bank-pro/templates.php')
 2 SYSTEMPATH/Common.php(1142): CodeIgniter\View\View->render('template/bank-pro/templates', [], true)
 3 APPPATH/Controllers/Pages.php(40): view('template/bank-pro/templates', [...])
 4 SYSTEMPATH/CodeIgniter.php(907): App\Controllers\Pages->view('FCPATH/templates', 'bank-pro', 'css', 'images', 'FCPATH/assets', 'ico-caret--black.png')
 5 SYSTEMPATH/CodeIgniter.php(457): CodeIgniter\CodeIgniter->runController(Object(App\Controllers\Pages))
 6 SYSTEMPATH/CodeIgniter.php(340): CodeIgniter\CodeIgniter->handleRequest(null, Object(Config\Cache), false)
 7 FCPATH/index.php(71): CodeIgniter\CodeIgniter->run()
CRITICAL - 2023-04-22 11:41:39 --> Invalid file: template/bank-pro/templates.php
in SYSTEMPATH/Exceptions/FrameworkException.php on line 33.
 1 SYSTEMPATH/View/View.php(201): CodeIgniter\Exceptions\FrameworkException::forInvalidFile('template/bank-pro/templates.php')
 2 SYSTEMPATH/Common.php(1142): CodeIgniter\View\View->render('template/bank-pro/templates', [], true)
 3 APPPATH/Controllers/Pages.php(40): view('template/bank-pro/templates', [...])
 4 SYSTEMPATH/CodeIgniter.php(907): App\Controllers\Pages->view('FCPATH/templates', 'bank-pro', 'css', 'images', 'FCPATH/assets', 'pattern-bg-medium.svg')
 5 SYSTEMPATH/CodeIgniter.php(457): CodeIgniter\CodeIgniter->runController(Object(App\Controllers\Pages))
 6 SYSTEMPATH/CodeIgniter.php(340): CodeIgniter\CodeIgniter->handleRequest(null, Object(Config\Cache), false)
 7 FCPATH/index.php(71): CodeIgniter\CodeIgniter->run()
CRITICAL - 2023-04-22 12:55:41 --> Invalid file: template/bank-pro/templates.php
in SYSTEMPATH/Exceptions/FrameworkException.php on line 33.
 1 SYSTEMPATH/View/View.php(201): CodeIgniter\Exceptions\FrameworkException::forInvalidFile('template/bank-pro/templates.php')
 2 SYSTEMPATH/Common.php(1142): CodeIgniter\View\View->render('template/bank-pro/templates', [], true)
 3 APPPATH/Controllers/Pages.php(40): view('template/bank-pro/templates', [...])
 4 SYSTEMPATH/CodeIgniter.php(907): App\Controllers\Pages->view('FCPATH/templates', 'bank-pro', 'p.typekit.net', 'p5e61.css')
 5 SYSTEMPATH/CodeIgniter.php(457): CodeIgniter\CodeIgniter->runController(Object(App\Controllers\Pages))
 6 SYSTEMPATH/CodeIgniter.php(340): CodeIgniter\CodeIgniter->handleRequest(null, Object(Config\Cache), false)
 7 FCPATH/index.php(71): CodeIgniter\CodeIgniter->run()
CRITICAL - 2023-04-22 12:55:41 --> Invalid file: template/bank-pro/templates.php
in SYSTEMPATH/Exceptions/FrameworkException.php on line 33.
 1 SYSTEMPATH/View/View.php(201): CodeIgniter\Exceptions\FrameworkException::forInvalidFile('template/bank-pro/templates.php')
 2 SYSTEMPATH/Common.php(1142): CodeIgniter\View\View->render('template/bank-pro/templates', [], true)
 3 APPPATH/Controllers/Pages.php(40): view('template/bank-pro/templates', [...])
 4 SYSTEMPATH/CodeIgniter.php(907): App\Controllers\Pages->view('FCPATH/templates', 'bank-pro', 'css', 'images', 'FCPATH/assets', 'pattern-bg-medium.svg')
 5 SYSTEMPATH/CodeIgniter.php(457): CodeIgniter\CodeIgniter->runController(Object(App\Controllers\Pages))
 6 SYSTEMPATH/CodeIgniter.php(340): CodeIgniter\CodeIgniter->handleRequest(null, Object(Config\Cache), false)
 7 FCPATH/index.php(71): CodeIgniter\CodeIgniter->run()
CRITICAL - 2023-04-22 12:55:41 --> Invalid file: template/bank-pro/templates.php
in SYSTEMPATH/Exceptions/FrameworkException.php on line 33.
 1 SYSTEMPATH/View/View.php(201): CodeIgniter\Exceptions\FrameworkException::forInvalidFile('template/bank-pro/templates.php')
 2 SYSTEMPATH/Common.php(1142): CodeIgniter\View\View->render('template/bank-pro/templates', [], true)
 3 APPPATH/Controllers/Pages.php(40): view('template/bank-pro/templates', [...])
 4 SYSTEMPATH/CodeIgniter.php(907): App\Controllers\Pages->view('FCPATH/templates', 'bank-pro', 'css', 'images', 'FCPATH/assets', 'pattern-bg-teal.svg')
 5 SYSTEMPATH/CodeIgniter.php(457): CodeIgniter\CodeIgniter->runController(Object(App\Controllers\Pages))
 6 SYSTEMPATH/CodeIgniter.php(340): CodeIgniter\CodeIgniter->handleRequest(null, Object(Config\Cache), false)
 7 FCPATH/index.php(71): CodeIgniter\CodeIgniter->run()
CRITICAL - 2023-04-22 12:55:42 --> Invalid file: template/bank-pro/templates.php
in SYSTEMPATH/Exceptions/FrameworkException.php on line 33.
 1 SYSTEMPATH/View/View.php(201): CodeIgniter\Exceptions\FrameworkException::forInvalidFile('template/bank-pro/templates.php')
 2 SYSTEMPATH/Common.php(1142): CodeIgniter\View\View->render('template/bank-pro/templates', [], true)
 3 APPPATH/Controllers/Pages.php(40): view('template/bank-pro/templates', [...])
 4 SYSTEMPATH/CodeIgniter.php(907): App\Controllers\Pages->view('FCPATH/templates', 'bank-pro', 'css', 'images', 'FCPATH/assets', 'citadel-logo.svg')
 5 SYSTEMPATH/CodeIgniter.php(457): CodeIgniter\CodeIgniter->runController(Object(App\Controllers\Pages))
 6 SYSTEMPATH/CodeIgniter.php(340): CodeIgniter\CodeIgniter->handleRequest(null, Object(Config\Cache), false)
 7 FCPATH/index.php(71): CodeIgniter\CodeIgniter->run()
CRITICAL - 2023-04-22 12:55:43 --> Invalid file: template/bank-pro/templates.php
in SYSTEMPATH/Exceptions/FrameworkException.php on line 33.
 1 SYSTEMPATH/View/View.php(201): CodeIgniter\Exceptions\FrameworkException::forInvalidFile('template/bank-pro/templates.php')
 2 SYSTEMPATH/Common.php(1142): CodeIgniter\View\View->render('template/bank-pro/templates', [], true)
 3 APPPATH/Controllers/Pages.php(40): view('template/bank-pro/templates', [...])
 4 SYSTEMPATH/CodeIgniter.php(907): App\Controllers\Pages->view('FCPATH/templates', 'bank-pro', 'css', 'images', 'FCPATH/assets', 'pattern-bg-navy.svg')
 5 SYSTEMPATH/CodeIgniter.php(457): CodeIgniter\CodeIgniter->runController(Object(App\Controllers\Pages))
 6 SYSTEMPATH/CodeIgniter.php(340): CodeIgniter\CodeIgniter->handleRequest(null, Object(Config\Cache), false)
 7 FCPATH/index.php(71): CodeIgniter\CodeIgniter->run()
CRITICAL - 2023-04-22 15:42:18 --> Invalid file: template/bank-pro/templates.php
in SYSTEMPATH/Exceptions/FrameworkException.php on line 33.
 1 SYSTEMPATH/View/View.php(201): CodeIgniter\Exceptions\FrameworkException::forInvalidFile('template/bank-pro/templates.php')
 2 SYSTEMPATH/Common.php(1142): CodeIgniter\View\View->render('template/bank-pro/templates', [], true)
 3 APPPATH/Controllers/Pages.php(40): view('template/bank-pro/templates', [...])
 4 SYSTEMPATH/CodeIgniter.php(907): App\Controllers\Pages->view('FCPATH/templates', 'bank-pro', 'p.typekit.net', 'p5e61.css')
 5 SYSTEMPATH/CodeIgniter.php(457): CodeIgniter\CodeIgniter->runController(Object(App\Controllers\Pages))
 6 SYSTEMPATH/CodeIgniter.php(340): CodeIgniter\CodeIgniter->handleRequest(null, Object(Config\Cache), false)
 7 FCPATH/index.php(71): CodeIgniter\CodeIgniter->run()
CRITICAL - 2023-04-22 15:42:18 --> Invalid file: template/bank-pro/templates.php
in SYSTEMPATH/Exceptions/FrameworkException.php on line 33.
 1 SYSTEMPATH/View/View.php(201): CodeIgniter\Exceptions\FrameworkException::forInvalidFile('template/bank-pro/templates.php')
 2 SYSTEMPATH/Common.php(1142): CodeIgniter\View\View->render('template/bank-pro/templates', [], true)
 3 APPPATH/Controllers/Pages.php(40): view('template/bank-pro/templates', [...])
 4 SYSTEMPATH/CodeIgniter.php(907): App\Controllers\Pages->view('FCPATH/templates', 'bank-pro', 'css', 'images', 'FCPATH/assets', 'citadel-logo.svg')
 5 SYSTEMPATH/CodeIgniter.php(457): CodeIgniter\CodeIgniter->runController(Object(App\Controllers\Pages))
 6 SYSTEMPATH/CodeIgniter.php(340): CodeIgniter\CodeIgniter->handleRequest(null, Object(Config\Cache), false)
 7 FCPATH/index.php(71): CodeIgniter\CodeIgniter->run()
CRITICAL - 2023-04-22 15:42:19 --> Invalid file: template/bank-pro/templates.php
in SYSTEMPATH/Exceptions/FrameworkException.php on line 33.
 1 SYSTEMPATH/View/View.php(201): CodeIgniter\Exceptions\FrameworkException::forInvalidFile('template/bank-pro/templates.php')
 2 SYSTEMPATH/Common.php(1142): CodeIgniter\View\View->render('template/bank-pro/templates', [], true)
 3 APPPATH/Controllers/Pages.php(40): view('template/bank-pro/templates', [...])
 4 SYSTEMPATH/CodeIgniter.php(907): App\Controllers\Pages->view('FCPATH/templates', 'bank-pro', 'css', 'images', 'FCPATH/assets', 'pattern-bg-medium.svg')
 5 SYSTEMPATH/CodeIgniter.php(457): CodeIgniter\CodeIgniter->runController(Object(App\Controllers\Pages))
 6 SYSTEMPATH/CodeIgniter.php(340): CodeIgniter\CodeIgniter->handleRequest(null, Object(Config\Cache), false)
 7 FCPATH/index.php(71): CodeIgniter\CodeIgniter->run()
CRITICAL - 2023-04-22 19:42:16 --> Invalid file: template/bank-pro/humans.txt
in SYSTEMPATH/Exceptions/FrameworkException.php on line 33.
 1 SYSTEMPATH/View/View.php(201): CodeIgniter\Exceptions\FrameworkException::forInvalidFile('template/bank-pro/humans.txt')
 2 SYSTEMPATH/Common.php(1142): CodeIgniter\View\View->render('template/bank-pro/humans.txt', [], true)
 3 APPPATH/Controllers/Pages.php(40): view('template/bank-pro/humans.txt', [...])
 4 SYSTEMPATH/CodeIgniter.php(907): App\Controllers\Pages->view('humans.txt')
 5 SYSTEMPATH/CodeIgniter.php(457): CodeIgniter\CodeIgniter->runController(Object(App\Controllers\Pages))
 6 SYSTEMPATH/CodeIgniter.php(340): CodeIgniter\CodeIgniter->handleRequest(null, Object(Config\Cache), false)
 7 FCPATH/index.php(71): CodeIgniter\CodeIgniter->run()
CRITICAL - 2023-04-22 19:42:17 --> Invalid file: template/bank-pro/ads.txt
in SYSTEMPATH/Exceptions/FrameworkException.php on line 33.
 1 SYSTEMPATH/View/View.php(201): CodeIgniter\Exceptions\FrameworkException::forInvalidFile('template/bank-pro/ads.txt')
 2 SYSTEMPATH/Common.php(1142): CodeIgniter\View\View->render('template/bank-pro/ads.txt', [], true)
 3 APPPATH/Controllers/Pages.php(40): view('template/bank-pro/ads.txt', [...])
 4 SYSTEMPATH/CodeIgniter.php(907): App\Controllers\Pages->view('ads.txt')
 5 SYSTEMPATH/CodeIgniter.php(457): CodeIgniter\CodeIgniter->runController(Object(App\Controllers\Pages))
 6 SYSTEMPATH/CodeIgniter.php(340): CodeIgniter\CodeIgniter->handleRequest(null, Object(Config\Cache), false)
 7 FCPATH/index.php(71): CodeIgniter\CodeIgniter->run()
CRITICAL - 2023-04-22 19:56:04 --> Invalid file: template/bank-pro/templates.php
in SYSTEMPATH/Exceptions/FrameworkException.php on line 33.
 1 SYSTEMPATH/View/View.php(201): CodeIgniter\Exceptions\FrameworkException::forInvalidFile('template/bank-pro/templates.php')
 2 SYSTEMPATH/Common.php(1142): CodeIgniter\View\View->render('template/bank-pro/templates', [], true)
 3 APPPATH/Controllers/Pages.php(40): view('template/bank-pro/templates', [...])
 4 SYSTEMPATH/CodeIgniter.php(907): App\Controllers\Pages->view('FCPATH/templates', 'bank-pro', 'css', 'images', 'FCPATH/assets', 'pattern-bg-navy.svg')
 5 SYSTEMPATH/CodeIgniter.php(457): CodeIgniter\CodeIgniter->runController(Object(App\Controllers\Pages))
 6 SYSTEMPATH/CodeIgniter.php(340): CodeIgniter\CodeIgniter->handleRequest(null, Object(Config\Cache), false)
 7 FCPATH/index.php(71): CodeIgniter\CodeIgniter->run()
CRITICAL - 2023-04-22 22:20:25 --> Invalid file: template/bank-pro/templates.php
in SYSTEMPATH/Exceptions/FrameworkException.php on line 33.
 1 SYSTEMPATH/View/View.php(201): CodeIgniter\Exceptions\FrameworkException::forInvalidFile('template/bank-pro/templates.php')
 2 SYSTEMPATH/Common.php(1142): CodeIgniter\View\View->render('template/bank-pro/templates', [], true)
 3 APPPATH/Controllers/Pages.php(40): view('template/bank-pro/templates', [...])
 4 SYSTEMPATH/CodeIgniter.php(907): App\Controllers\Pages->view('FCPATH/templates', 'bank-pro', 'p.typekit.net', 'p5e61.css')
 5 SYSTEMPATH/CodeIgniter.php(457): CodeIgniter\CodeIgniter->runController(Object(App\Controllers\Pages))
 6 SYSTEMPATH/CodeIgniter.php(340): CodeIgniter\CodeIgniter->handleRequest(null, Object(Config\Cache), false)
 7 FCPATH/index.php(71): CodeIgniter\CodeIgniter->run()
CRITICAL - 2023-04-22 22:20:26 --> Invalid file: template/bank-pro/templates.php
in SYSTEMPATH/Exceptions/FrameworkException.php on line 33.
 1 SYSTEMPATH/View/View.php(201): CodeIgniter\Exceptions\FrameworkException::forInvalidFile('template/bank-pro/templates.php')
 2 SYSTEMPATH/Common.php(1142): CodeIgniter\View\View->render('template/bank-pro/templates', [], true)
 3 APPPATH/Controllers/Pages.php(40): view('template/bank-pro/templates', [...])
 4 SYSTEMPATH/CodeIgniter.php(907): App\Controllers\Pages->view('FCPATH/templates', 'bank-pro', 'css', 'images', 'FCPATH/assets', 'citadel-logo.svg')
 5 SYSTEMPATH/CodeIgniter.php(457): CodeIgniter\CodeIgniter->runController(Object(App\Controllers\Pages))
 6 SYSTEMPATH/CodeIgniter.php(340): CodeIgniter\CodeIgniter->handleRequest(null, Object(Config\Cache), false)
 7 FCPATH/index.php(71): CodeIgniter\CodeIgniter->run()
CRITICAL - 2023-04-22 22:20:26 --> Invalid file: template/bank-pro/templates.php
in SYSTEMPATH/Exceptions/FrameworkException.php on line 33.
 1 SYSTEMPATH/View/View.php(201): CodeIgniter\Exceptions\FrameworkException::forInvalidFile('template/bank-pro/templates.php')
 2 SYSTEMPATH/Common.php(1142): CodeIgniter\View\View->render('template/bank-pro/templates', [], true)
 3 APPPATH/Controllers/Pages.php(40): view('template/bank-pro/templates', [...])
 4 SYSTEMPATH/CodeIgniter.php(907): App\Controllers\Pages->view('FCPATH/templates', 'bank-pro', 'css', 'images', 'FCPATH/assets', 'ico-caret--black.png')
 5 SYSTEMPATH/CodeIgniter.php(457): CodeIgniter\CodeIgniter->runController(Object(App\Controllers\Pages))
 6 SYSTEMPATH/CodeIgniter.php(340): CodeIgniter\CodeIgniter->handleRequest(null, Object(Config\Cache), false)
 7 FCPATH/index.php(71): CodeIgniter\CodeIgniter->run()
CRITICAL - 2023-04-22 22:20:26 --> Invalid file: template/bank-pro/templates.php
in SYSTEMPATH/Exceptions/FrameworkException.php on line 33.
 1 SYSTEMPATH/View/View.php(201): CodeIgniter\Exceptions\FrameworkException::forInvalidFile('template/bank-pro/templates.php')
 2 SYSTEMPATH/Common.php(1142): CodeIgniter\View\View->render('template/bank-pro/templates', [], true)
 3 APPPATH/Controllers/Pages.php(40): view('template/bank-pro/templates', [...])
 4 SYSTEMPATH/CodeIgniter.php(907): App\Controllers\Pages->view('FCPATH/templates', 'bank-pro', 'css', 'images', 'FCPATH/assets', 'pattern-bg-medium.svg')
 5 SYSTEMPATH/CodeIgniter.php(457): CodeIgniter\CodeIgniter->runController(Object(App\Controllers\Pages))
 6 SYSTEMPATH/CodeIgniter.php(340): CodeIgniter\CodeIgniter->handleRequest(null, Object(Config\Cache), false)
 7 FCPATH/index.php(71): CodeIgniter\CodeIgniter->run()
CRITICAL - 2023-04-22 22:20:41 --> Invalid file: template/bank-pro/templates.php
in SYSTEMPATH/Exceptions/FrameworkException.php on line 33.
 1 SYSTEMPATH/View/View.php(201): CodeIgniter\Exceptions\FrameworkException::forInvalidFile('template/bank-pro/templates.php')
 2 SYSTEMPATH/Common.php(1142): CodeIgniter\View\View->render('template/bank-pro/templates', [], true)
 3 APPPATH/Controllers/Pages.php(40): view('template/bank-pro/templates', [...])
 4 SYSTEMPATH/CodeIgniter.php(907): App\Controllers\Pages->view('FCPATH/templates', 'bank-pro', 'p.typekit.net', 'p5e61.css')
 5 SYSTEMPATH/CodeIgniter.php(457): CodeIgniter\CodeIgniter->runController(Object(App\Controllers\Pages))
 6 SYSTEMPATH/CodeIgniter.php(340): CodeIgniter\CodeIgniter->handleRequest(null, Object(Config\Cache), false)
 7 FCPATH/index.php(71): CodeIgniter\CodeIgniter->run()
CRITICAL - 2023-04-22 22:20:42 --> Invalid file: template/bank-pro/templates.php
in SYSTEMPATH/Exceptions/FrameworkException.php on line 33.
 1 SYSTEMPATH/View/View.php(201): CodeIgniter\Exceptions\FrameworkException::forInvalidFile('template/bank-pro/templates.php')
 2 SYSTEMPATH/Common.php(1142): CodeIgniter\View\View->render('template/bank-pro/templates', [], true)
 3 APPPATH/Controllers/Pages.php(40): view('template/bank-pro/templates', [...])
 4 SYSTEMPATH/CodeIgniter.php(907): App\Controllers\Pages->view('FCPATH/templates', 'bank-pro', 'css', 'images', 'FCPATH/assets', 'citadel-logo.svg')
 5 SYSTEMPATH/CodeIgniter.php(457): CodeIgniter\CodeIgniter->runController(Object(App\Controllers\Pages))
 6 SYSTEMPATH/CodeIgniter.php(340): CodeIgniter\CodeIgniter->handleRequest(null, Object(Config\Cache), false)
 7 FCPATH/index.php(71): CodeIgniter\CodeIgniter->run()
CRITICAL - 2023-04-22 22:20:42 --> Invalid file: template/bank-pro/templates.php
in SYSTEMPATH/Exceptions/FrameworkException.php on line 33.
 1 SYSTEMPATH/View/View.php(201): CodeIgniter\Exceptions\FrameworkException::forInvalidFile('template/bank-pro/templates.php')
 2 SYSTEMPATH/Common.php(1142): CodeIgniter\View\View->render('template/bank-pro/templates', [], true)
 3 APPPATH/Controllers/Pages.php(40): view('template/bank-pro/templates', [...])
 4 SYSTEMPATH/CodeIgniter.php(907): App\Controllers\Pages->view('FCPATH/templates', 'bank-pro', 'css', 'images', 'FCPATH/assets', 'ico-caret--black.png')
 5 SYSTEMPATH/CodeIgniter.php(457): CodeIgniter\CodeIgniter->runController(Object(App\Controllers\Pages))
 6 SYSTEMPATH/CodeIgniter.php(340): CodeIgniter\CodeIgniter->handleRequest(null, Object(Config\Cache), false)
 7 FCPATH/index.php(71): CodeIgniter\CodeIgniter->run()
CRITICAL - 2023-04-22 22:20:42 --> Invalid file: template/bank-pro/templates.php
in SYSTEMPATH/Exceptions/FrameworkException.php on line 33.
 1 SYSTEMPATH/View/View.php(201): CodeIgniter\Exceptions\FrameworkException::forInvalidFile('template/bank-pro/templates.php')
 2 SYSTEMPATH/Common.php(1142): CodeIgniter\View\View->render('template/bank-pro/templates', [], true)
 3 APPPATH/Controllers/Pages.php(40): view('template/bank-pro/templates', [...])
 4 SYSTEMPATH/CodeIgniter.php(907): App\Controllers\Pages->view('FCPATH/templates', 'bank-pro', 'css', 'images', 'FCPATH/assets', 'pattern-bg-medium.svg')
 5 SYSTEMPATH/CodeIgniter.php(457): CodeIgniter\CodeIgniter->runController(Object(App\Controllers\Pages))
 6 SYSTEMPATH/CodeIgniter.php(340): CodeIgniter\CodeIgniter->handleRequest(null, Object(Config\Cache), false)
 7 FCPATH/index.php(71): CodeIgniter\CodeIgniter->run()
CRITICAL - 2023-04-22 22:21:22 --> Invalid file: template/bank-pro/templates.php
in SYSTEMPATH/Exceptions/FrameworkException.php on line 33.
 1 SYSTEMPATH/View/View.php(201): CodeIgniter\Exceptions\FrameworkException::forInvalidFile('template/bank-pro/templates.php')
 2 SYSTEMPATH/Common.php(1142): CodeIgniter\View\View->render('template/bank-pro/templates', [], true)
 3 APPPATH/Controllers/Pages.php(40): view('template/bank-pro/templates', [...])
 4 SYSTEMPATH/CodeIgniter.php(907): App\Controllers\Pages->view('FCPATH/templates', 'bank-pro', 'p.typekit.net', 'p5e61.css')
 5 SYSTEMPATH/CodeIgniter.php(457): CodeIgniter\CodeIgniter->runController(Object(App\Controllers\Pages))
 6 SYSTEMPATH/CodeIgniter.php(340): CodeIgniter\CodeIgniter->handleRequest(null, Object(Config\Cache), false)
 7 FCPATH/index.php(71): CodeIgniter\CodeIgniter->run()
CRITICAL - 2023-04-22 22:21:23 --> Invalid file: template/bank-pro/templates.php
in SYSTEMPATH/Exceptions/FrameworkException.php on line 33.
 1 SYSTEMPATH/View/View.php(201): CodeIgniter\Exceptions\FrameworkException::forInvalidFile('template/bank-pro/templates.php')
 2 SYSTEMPATH/Common.php(1142): CodeIgniter\View\View->render('template/bank-pro/templates', [], true)
 3 APPPATH/Controllers/Pages.php(40): view('template/bank-pro/templates', [...])
 4 SYSTEMPATH/CodeIgniter.php(907): App\Controllers\Pages->view('FCPATH/templates', 'bank-pro', 'css', 'images', 'FCPATH/assets', 'citadel-logo.svg')
 5 SYSTEMPATH/CodeIgniter.php(457): CodeIgniter\CodeIgniter->runController(Object(App\Controllers\Pages))
 6 SYSTEMPATH/CodeIgniter.php(340): CodeIgniter\CodeIgniter->handleRequest(null, Object(Config\Cache), false)
 7 FCPATH/index.php(71): CodeIgniter\CodeIgniter->run()
CRITICAL - 2023-04-22 22:21:23 --> Invalid file: template/bank-pro/templates.php
in SYSTEMPATH/Exceptions/FrameworkException.php on line 33.
 1 SYSTEMPATH/View/View.php(201): CodeIgniter\Exceptions\FrameworkException::forInvalidFile('template/bank-pro/templates.php')
 2 SYSTEMPATH/Common.php(1142): CodeIgniter\View\View->render('template/bank-pro/templates', [], true)
 3 APPPATH/Controllers/Pages.php(40): view('template/bank-pro/templates', [...])
 4 SYSTEMPATH/CodeIgniter.php(907): App\Controllers\Pages->view('FCPATH/templates', 'bank-pro', 'css', 'images', 'FCPATH/assets', 'ico-caret--black.png')
 5 SYSTEMPATH/CodeIgniter.php(457): CodeIgniter\CodeIgniter->runController(Object(App\Controllers\Pages))
 6 SYSTEMPATH/CodeIgniter.php(340): CodeIgniter\CodeIgniter->handleRequest(null, Object(Config\Cache), false)
 7 FCPATH/index.php(71): CodeIgniter\CodeIgniter->run()
CRITICAL - 2023-04-22 22:21:23 --> Invalid file: template/bank-pro/templates.php
in SYSTEMPATH/Exceptions/FrameworkException.php on line 33.
 1 SYSTEMPATH/View/View.php(201): CodeIgniter\Exceptions\FrameworkException::forInvalidFile('template/bank-pro/templates.php')
 2 SYSTEMPATH/Common.php(1142): CodeIgniter\View\View->render('template/bank-pro/templates', [], true)
 3 APPPATH/Controllers/Pages.php(40): view('template/bank-pro/templates', [...])
 4 SYSTEMPATH/CodeIgniter.php(907): App\Controllers\Pages->view('FCPATH/templates', 'bank-pro', 'css', 'images', 'FCPATH/assets', 'pattern-bg-medium.svg')
 5 SYSTEMPATH/CodeIgniter.php(457): CodeIgniter\CodeIgniter->runController(Object(App\Controllers\Pages))
 6 SYSTEMPATH/CodeIgniter.php(340): CodeIgniter\CodeIgniter->handleRequest(null, Object(Config\Cache), false)
 7 FCPATH/index.php(71): CodeIgniter\CodeIgniter->run()
CRITICAL - 2023-04-22 22:21:58 --> Invalid file: template/bank-pro/templates.php
in SYSTEMPATH/Exceptions/FrameworkException.php on line 33.
 1 SYSTEMPATH/View/View.php(201): CodeIgniter\Exceptions\FrameworkException::forInvalidFile('template/bank-pro/templates.php')
 2 SYSTEMPATH/Common.php(1142): CodeIgniter\View\View->render('template/bank-pro/templates', [], true)
 3 APPPATH/Controllers/Pages.php(40): view('template/bank-pro/templates', [...])
 4 SYSTEMPATH/CodeIgniter.php(907): App\Controllers\Pages->view('FCPATH/templates', 'bank-pro', 'p.typekit.net', 'p5e61.css')
 5 SYSTEMPATH/CodeIgniter.php(457): CodeIgniter\CodeIgniter->runController(Object(App\Controllers\Pages))
 6 SYSTEMPATH/CodeIgniter.php(340): CodeIgniter\CodeIgniter->handleRequest(null, Object(Config\Cache), false)
 7 FCPATH/index.php(71): CodeIgniter\CodeIgniter->run()
CRITICAL - 2023-04-22 22:21:59 --> Invalid file: template/bank-pro/templates.php
in SYSTEMPATH/Exceptions/FrameworkException.php on line 33.
 1 SYSTEMPATH/View/View.php(201): CodeIgniter\Exceptions\FrameworkException::forInvalidFile('template/bank-pro/templates.php')
 2 SYSTEMPATH/Common.php(1142): CodeIgniter\View\View->render('template/bank-pro/templates', [], true)
 3 APPPATH/Controllers/Pages.php(40): view('template/bank-pro/templates', [...])
 4 SYSTEMPATH/CodeIgniter.php(907): App\Controllers\Pages->view('FCPATH/templates', 'bank-pro', 'css', 'images', 'FCPATH/assets', 'citadel-logo.svg')
 5 SYSTEMPATH/CodeIgniter.php(457): CodeIgniter\CodeIgniter->runController(Object(App\Controllers\Pages))
 6 SYSTEMPATH/CodeIgniter.php(340): CodeIgniter\CodeIgniter->handleRequest(null, Object(Config\Cache), false)
 7 FCPATH/index.php(71): CodeIgniter\CodeIgniter->run()
CRITICAL - 2023-04-22 22:21:59 --> Invalid file: template/bank-pro/templates.php
in SYSTEMPATH/Exceptions/FrameworkException.php on line 33.
 1 SYSTEMPATH/View/View.php(201): CodeIgniter\Exceptions\FrameworkException::forInvalidFile('template/bank-pro/templates.php')
 2 SYSTEMPATH/Common.php(1142): CodeIgniter\View\View->render('template/bank-pro/templates', [], true)
 3 APPPATH/Controllers/Pages.php(40): view('template/bank-pro/templates', [...])
 4 SYSTEMPATH/CodeIgniter.php(907): App\Controllers\Pages->view('FCPATH/templates', 'bank-pro', 'css', 'images', 'FCPATH/assets', 'ico-caret--black.png')
 5 SYSTEMPATH/CodeIgniter.php(457): CodeIgniter\CodeIgniter->runController(Object(App\Controllers\Pages))
 6 SYSTEMPATH/CodeIgniter.php(340): CodeIgniter\CodeIgniter->handleRequest(null, Object(Config\Cache), false)
 7 FCPATH/index.php(71): CodeIgniter\CodeIgniter->run()
CRITICAL - 2023-04-22 22:21:59 --> Invalid file: template/bank-pro/templates.php
in SYSTEMPATH/Exceptions/FrameworkException.php on line 33.
 1 SYSTEMPATH/View/View.php(201): CodeIgniter\Exceptions\FrameworkException::forInvalidFile('template/bank-pro/templates.php')
 2 SYSTEMPATH/Common.php(1142): CodeIgniter\View\View->render('template/bank-pro/templates', [], true)
 3 APPPATH/Controllers/Pages.php(40): view('template/bank-pro/templates', [...])
 4 SYSTEMPATH/CodeIgniter.php(907): App\Controllers\Pages->view('FCPATH/templates', 'bank-pro', 'css', 'images', 'FCPATH/assets', 'pattern-bg-medium.svg')
 5 SYSTEMPATH/CodeIgniter.php(457): CodeIgniter\CodeIgniter->runController(Object(App\Controllers\Pages))
 6 SYSTEMPATH/CodeIgniter.php(340): CodeIgniter\CodeIgniter->handleRequest(null, Object(Config\Cache), false)
 7 FCPATH/index.php(71): CodeIgniter\CodeIgniter->run()
CRITICAL - 2023-04-22 22:22:03 --> Invalid file: template/bank-pro/templates.php
in SYSTEMPATH/Exceptions/FrameworkException.php on line 33.
 1 SYSTEMPATH/View/View.php(201): CodeIgniter\Exceptions\FrameworkException::forInvalidFile('template/bank-pro/templates.php')
 2 SYSTEMPATH/Common.php(1142): CodeIgniter\View\View->render('template/bank-pro/templates', [], true)
 3 APPPATH/Controllers/Pages.php(40): view('template/bank-pro/templates', [...])
 4 SYSTEMPATH/CodeIgniter.php(907): App\Controllers\Pages->view('FCPATH/templates', 'bank-pro', 'p.typekit.net', 'p5e61.css')
 5 SYSTEMPATH/CodeIgniter.php(457): CodeIgniter\CodeIgniter->runController(Object(App\Controllers\Pages))
 6 SYSTEMPATH/CodeIgniter.php(340): CodeIgniter\CodeIgniter->handleRequest(null, Object(Config\Cache), false)
 7 FCPATH/index.php(71): CodeIgniter\CodeIgniter->run()
CRITICAL - 2023-04-22 22:22:03 --> Invalid file: template/bank-pro/templates.php
in SYSTEMPATH/Exceptions/FrameworkException.php on line 33.
 1 SYSTEMPATH/View/View.php(201): CodeIgniter\Exceptions\FrameworkException::forInvalidFile('template/bank-pro/templates.php')
 2 SYSTEMPATH/Common.php(1142): CodeIgniter\View\View->render('template/bank-pro/templates', [], true)
 3 APPPATH/Controllers/Pages.php(40): view('template/bank-pro/templates', [...])
 4 SYSTEMPATH/CodeIgniter.php(907): App\Controllers\Pages->view('FCPATH/templates', 'bank-pro', 'css', 'images', 'FCPATH/assets', 'citadel-logo.svg')
 5 SYSTEMPATH/CodeIgniter.php(457): CodeIgniter\CodeIgniter->runController(Object(App\Controllers\Pages))
 6 SYSTEMPATH/CodeIgniter.php(340): CodeIgniter\CodeIgniter->handleRequest(null, Object(Config\Cache), false)
 7 FCPATH/index.php(71): CodeIgniter\CodeIgniter->run()
CRITICAL - 2023-04-22 22:22:03 --> Invalid file: template/bank-pro/templates.php
in SYSTEMPATH/Exceptions/FrameworkException.php on line 33.
 1 SYSTEMPATH/View/View.php(201): CodeIgniter\Exceptions\FrameworkException::forInvalidFile('template/bank-pro/templates.php')
 2 SYSTEMPATH/Common.php(1142): CodeIgniter\View\View->render('template/bank-pro/templates', [], true)
 3 APPPATH/Controllers/Pages.php(40): view('template/bank-pro/templates', [...])
 4 SYSTEMPATH/CodeIgniter.php(907): App\Controllers\Pages->view('FCPATH/templates', 'bank-pro', 'css', 'images', 'FCPATH/assets', 'ico-caret--black.png')
 5 SYSTEMPATH/CodeIgniter.php(457): CodeIgniter\CodeIgniter->runController(Object(App\Controllers\Pages))
 6 SYSTEMPATH/CodeIgniter.php(340): CodeIgniter\CodeIgniter->handleRequest(null, Object(Config\Cache), false)
 7 FCPATH/index.php(71): CodeIgniter\CodeIgniter->run()
CRITICAL - 2023-04-22 22:22:04 --> Invalid file: template/bank-pro/templates.php
in SYSTEMPATH/Exceptions/FrameworkException.php on line 33.
 1 SYSTEMPATH/View/View.php(201): CodeIgniter\Exceptions\FrameworkException::forInvalidFile('template/bank-pro/templates.php')
 2 SYSTEMPATH/Common.php(1142): CodeIgniter\View\View->render('template/bank-pro/templates', [], true)
 3 APPPATH/Controllers/Pages.php(40): view('template/bank-pro/templates', [...])
 4 SYSTEMPATH/CodeIgniter.php(907): App\Controllers\Pages->view('FCPATH/templates', 'bank-pro', 'css', 'images', 'FCPATH/assets', 'pattern-bg-medium.svg')
 5 SYSTEMPATH/CodeIgniter.php(457): CodeIgniter\CodeIgniter->runController(Object(App\Controllers\Pages))
 6 SYSTEMPATH/CodeIgniter.php(340): CodeIgniter\CodeIgniter->handleRequest(null, Object(Config\Cache), false)
 7 FCPATH/index.php(71): CodeIgniter\CodeIgniter->run()
CRITICAL - 2023-04-22 22:22:30 --> Invalid file: template/bank-pro/assets.php
in SYSTEMPATH/Exceptions/FrameworkException.php on line 33.
 1 SYSTEMPATH/View/View.php(201): CodeIgniter\Exceptions\FrameworkException::forInvalidFile('template/bank-pro/assets.php')
 2 SYSTEMPATH/Common.php(1142): CodeIgniter\View\View->render('template/bank-pro/assets', [], true)
 3 APPPATH/Controllers/Pages.php(40): view('template/bank-pro/assets', [...])
 4 SYSTEMPATH/CodeIgniter.php(907): App\Controllers\Pages->view('FCPATH/assets', 'images', 'chip.png')
 5 SYSTEMPATH/CodeIgniter.php(457): CodeIgniter\CodeIgniter->runController(Object(App\Controllers\Pages))
 6 SYSTEMPATH/CodeIgniter.php(340): CodeIgniter\CodeIgniter->handleRequest(null, Object(Config\Cache), false)
 7 FCPATH/index.php(71): CodeIgniter\CodeIgniter->run()
CRITICAL - 2023-04-22 22:22:30 --> Invalid file: template/bank-pro/assets.php
in SYSTEMPATH/Exceptions/FrameworkException.php on line 33.
 1 SYSTEMPATH/View/View.php(201): CodeIgniter\Exceptions\FrameworkException::forInvalidFile('template/bank-pro/assets.php')
 2 SYSTEMPATH/Common.php(1142): CodeIgniter\View\View->render('template/bank-pro/assets', [], true)
 3 APPPATH/Controllers/Pages.php(40): view('template/bank-pro/assets', [...])
 4 SYSTEMPATH/CodeIgniter.php(907): App\Controllers\Pages->view('FCPATH/assets', 'images', 'visa.png')
 5 SYSTEMPATH/CodeIgniter.php(457): CodeIgniter\CodeIgniter->runController(Object(App\Controllers\Pages))
 6 SYSTEMPATH/CodeIgniter.php(340): CodeIgniter\CodeIgniter->handleRequest(null, Object(Config\Cache), false)
 7 FCPATH/index.php(71): CodeIgniter\CodeIgniter->run()
CRITICAL - 2023-04-22 22:22:31 --> Invalid file: template/bank-pro/themes.php
in SYSTEMPATH/Exceptions/FrameworkException.php on line 33.
 1 SYSTEMPATH/View/View.php(201): CodeIgniter\Exceptions\FrameworkException::forInvalidFile('template/bank-pro/themes.php')
 2 SYSTEMPATH/Common.php(1142): CodeIgniter\View\View->render('template/bank-pro/themes', [], true)
 3 APPPATH/Controllers/Pages.php(40): view('template/bank-pro/themes', [...])
 4 SYSTEMPATH/CodeIgniter.php(907): App\Controllers\Pages->view('FCPATH/themes', 'finapp-light', 'webfonts', 'fa-brands-400.woff2')
 5 SYSTEMPATH/CodeIgniter.php(457): CodeIgniter\CodeIgniter->runController(Object(App\Controllers\Pages))
 6 SYSTEMPATH/CodeIgniter.php(340): CodeIgniter\CodeIgniter->handleRequest(null, Object(Config\Cache), false)
 7 FCPATH/index.php(71): CodeIgniter\CodeIgniter->run()
CRITICAL - 2023-04-22 22:22:31 --> Invalid file: template/bank-pro/themes.php
in SYSTEMPATH/Exceptions/FrameworkException.php on line 33.
 1 SYSTEMPATH/View/View.php(201): CodeIgniter\Exceptions\FrameworkException::forInvalidFile('template/bank-pro/themes.php')
 2 SYSTEMPATH/Common.php(1142): CodeIgniter\View\View->render('template/bank-pro/themes', [], true)
 3 APPPATH/Controllers/Pages.php(40): view('template/bank-pro/themes', [...])
 4 SYSTEMPATH/CodeIgniter.php(907): App\Controllers\Pages->view('FCPATH/themes', 'finapp-light', 'webfonts', 'fa-solid-900.woff2')
 5 SYSTEMPATH/CodeIgniter.php(457): CodeIgniter\CodeIgniter->runController(Object(App\Controllers\Pages))
 6 SYSTEMPATH/CodeIgniter.php(340): CodeIgniter\CodeIgniter->handleRequest(null, Object(Config\Cache), false)
 7 FCPATH/index.php(71): CodeIgniter\CodeIgniter->run()
CRITICAL - 2023-04-22 22:22:31 --> Invalid file: template/bank-pro/themes.php
in SYSTEMPATH/Exceptions/FrameworkException.php on line 33.
 1 SYSTEMPATH/View/View.php(201): CodeIgniter\Exceptions\FrameworkException::forInvalidFile('template/bank-pro/themes.php')
 2 SYSTEMPATH/Common.php(1142): CodeIgniter\View\View->render('template/bank-pro/themes', [], true)
 3 APPPATH/Controllers/Pages.php(40): view('template/bank-pro/themes', [...])
 4 SYSTEMPATH/CodeIgniter.php(907): App\Controllers\Pages->view('FCPATH/themes', 'finapp-light', 'webfonts', 'fa-regular-400.woff2')
 5 SYSTEMPATH/CodeIgniter.php(457): CodeIgniter\CodeIgniter->runController(Object(App\Controllers\Pages))
 6 SYSTEMPATH/CodeIgniter.php(340): CodeIgniter\CodeIgniter->handleRequest(null, Object(Config\Cache), false)
 7 FCPATH/index.php(71): CodeIgniter\CodeIgniter->run()
CRITICAL - 2023-04-22 22:22:31 --> Invalid file: template/bank-pro/__service-worker.js
in SYSTEMPATH/Exceptions/FrameworkException.php on line 33.
 1 SYSTEMPATH/View/View.php(201): CodeIgniter\Exceptions\FrameworkException::forInvalidFile('template/bank-pro/__service-worker.js')
 2 SYSTEMPATH/Common.php(1142): CodeIgniter\View\View->render('template/bank-pro/__service-worker.js', [], true)
 3 APPPATH/Controllers/Pages.php(40): view('template/bank-pro/__service-worker.js', [...])
 4 SYSTEMPATH/CodeIgniter.php(907): App\Controllers\Pages->view('__service-worker.js')
 5 SYSTEMPATH/CodeIgniter.php(457): CodeIgniter\CodeIgniter->runController(Object(App\Controllers\Pages))
 6 SYSTEMPATH/CodeIgniter.php(340): CodeIgniter\CodeIgniter->handleRequest(null, Object(Config\Cache), false)
 7 FCPATH/index.php(71): CodeIgniter\CodeIgniter->run()
CRITICAL - 2023-04-22 22:22:32 --> Invalid file: template/bank-pro/themes.php
in SYSTEMPATH/Exceptions/FrameworkException.php on line 33.
 1 SYSTEMPATH/View/View.php(201): CodeIgniter\Exceptions\FrameworkException::forInvalidFile('template/bank-pro/themes.php')
 2 SYSTEMPATH/Common.php(1142): CodeIgniter\View\View->render('template/bank-pro/themes', [], true)
 3 APPPATH/Controllers/Pages.php(40): view('template/bank-pro/themes', [...])
 4 SYSTEMPATH/CodeIgniter.php(907): App\Controllers\Pages->view('FCPATH/themes', 'finapp-light', 'webfonts', 'fa-brands-400.woff')
 5 SYSTEMPATH/CodeIgniter.php(457): CodeIgniter\CodeIgniter->runController(Object(App\Controllers\Pages))
 6 SYSTEMPATH/CodeIgniter.php(340): CodeIgniter\CodeIgniter->handleRequest(null, Object(Config\Cache), false)
 7 FCPATH/index.php(71): CodeIgniter\CodeIgniter->run()
CRITICAL - 2023-04-22 22:22:32 --> Invalid file: template/bank-pro/themes.php
in SYSTEMPATH/Exceptions/FrameworkException.php on line 33.
 1 SYSTEMPATH/View/View.php(201): CodeIgniter\Exceptions\FrameworkException::forInvalidFile('template/bank-pro/themes.php')
 2 SYSTEMPATH/Common.php(1142): CodeIgniter\View\View->render('template/bank-pro/themes', [], true)
 3 APPPATH/Controllers/Pages.php(40): view('template/bank-pro/themes', [...])
 4 SYSTEMPATH/CodeIgniter.php(907): App\Controllers\Pages->view('FCPATH/themes', 'finapp-light', 'webfonts', 'fa-regular-400.woff')
 5 SYSTEMPATH/CodeIgniter.php(457): CodeIgniter\CodeIgniter->runController(Object(App\Controllers\Pages))
 6 SYSTEMPATH/CodeIgniter.php(340): CodeIgniter\CodeIgniter->handleRequest(null, Object(Config\Cache), false)
 7 FCPATH/index.php(71): CodeIgniter\CodeIgniter->run()
CRITICAL - 2023-04-22 22:22:32 --> Invalid file: template/bank-pro/themes.php
in SYSTEMPATH/Exceptions/FrameworkException.php on line 33.
 1 SYSTEMPATH/View/View.php(201): CodeIgniter\Exceptions\FrameworkException::forInvalidFile('template/bank-pro/themes.php')
 2 SYSTEMPATH/Common.php(1142): CodeIgniter\View\View->render('template/bank-pro/themes', [], true)
 3 APPPATH/Controllers/Pages.php(40): view('template/bank-pro/themes', [...])
 4 SYSTEMPATH/CodeIgniter.php(907): App\Controllers\Pages->view('FCPATH/themes', 'finapp-light', 'webfonts', 'fa-solid-900.woff')
 5 SYSTEMPATH/CodeIgniter.php(457): CodeIgniter\CodeIgniter->runController(Object(App\Controllers\Pages))
 6 SYSTEMPATH/CodeIgniter.php(340): CodeIgniter\CodeIgniter->handleRequest(null, Object(Config\Cache), false)
 7 FCPATH/index.php(71): CodeIgniter\CodeIgniter->run()
CRITICAL - 2023-04-22 22:22:33 --> Invalid file: template/bank-pro/themes.php
in SYSTEMPATH/Exceptions/FrameworkException.php on line 33.
 1 SYSTEMPATH/View/View.php(201): CodeIgniter\Exceptions\FrameworkException::forInvalidFile('template/bank-pro/themes.php')
 2 SYSTEMPATH/Common.php(1142): CodeIgniter\View\View->render('template/bank-pro/themes', [], true)
 3 APPPATH/Controllers/Pages.php(40): view('template/bank-pro/themes', [...])
 4 SYSTEMPATH/CodeIgniter.php(907): App\Controllers\Pages->view('FCPATH/themes', 'finapp-light', 'webfonts', 'fa-brands-400.ttf')
 5 SYSTEMPATH/CodeIgniter.php(457): CodeIgniter\CodeIgniter->runController(Object(App\Controllers\Pages))
 6 SYSTEMPATH/CodeIgniter.php(340): CodeIgniter\CodeIgniter->handleRequest(null, Object(Config\Cache), false)
 7 FCPATH/index.php(71): CodeIgniter\CodeIgniter->run()
CRITICAL - 2023-04-22 22:22:33 --> Invalid file: template/bank-pro/themes.php
in SYSTEMPATH/Exceptions/FrameworkException.php on line 33.
 1 SYSTEMPATH/View/View.php(201): CodeIgniter\Exceptions\FrameworkException::forInvalidFile('template/bank-pro/themes.php')
 2 SYSTEMPATH/Common.php(1142): CodeIgniter\View\View->render('template/bank-pro/themes', [], true)
 3 APPPATH/Controllers/Pages.php(40): view('template/bank-pro/themes', [...])
 4 SYSTEMPATH/CodeIgniter.php(907): App\Controllers\Pages->view('FCPATH/themes', 'finapp-light', 'webfonts', 'fa-solid-900.ttf')
 5 SYSTEMPATH/CodeIgniter.php(457): CodeIgniter\CodeIgniter->runController(Object(App\Controllers\Pages))
 6 SYSTEMPATH/CodeIgniter.php(340): CodeIgniter\CodeIgniter->handleRequest(null, Object(Config\Cache), false)
 7 FCPATH/index.php(71): CodeIgniter\CodeIgniter->run()
CRITICAL - 2023-04-22 22:22:33 --> Invalid file: template/bank-pro/themes.php
in SYSTEMPATH/Exceptions/FrameworkException.php on line 33.
 1 SYSTEMPATH/View/View.php(201): CodeIgniter\Exceptions\FrameworkException::forInvalidFile('template/bank-pro/themes.php')
 2 SYSTEMPATH/Common.php(1142): CodeIgniter\View\View->render('template/bank-pro/themes', [], true)
 3 APPPATH/Controllers/Pages.php(40): view('template/bank-pro/themes', [...])
 4 SYSTEMPATH/CodeIgniter.php(907): App\Controllers\Pages->view('FCPATH/themes', 'finapp-light', 'webfonts', 'fa-regular-400.ttf')
 5 SYSTEMPATH/CodeIgniter.php(457): CodeIgniter\CodeIgniter->runController(Object(App\Controllers\Pages))
 6 SYSTEMPATH/CodeIgniter.php(340): CodeIgniter\CodeIgniter->handleRequest(null, Object(Config\Cache), false)
 7 FCPATH/index.php(71): CodeIgniter\CodeIgniter->run()
CRITICAL - 2023-04-22 22:23:36 --> Invalid file: template/bank-pro/themes.php
in SYSTEMPATH/Exceptions/FrameworkException.php on line 33.
 1 SYSTEMPATH/View/View.php(201): CodeIgniter\Exceptions\FrameworkException::forInvalidFile('template/bank-pro/themes.php')
 2 SYSTEMPATH/Common.php(1142): CodeIgniter\View\View->render('template/bank-pro/themes', [], true)
 3 APPPATH/Controllers/Pages.php(40): view('template/bank-pro/themes', [...])
 4 SYSTEMPATH/CodeIgniter.php(907): App\Controllers\Pages->view('FCPATH/themes', 'finapp-light', 'webfonts', 'fa-solid-900.woff2')
 5 SYSTEMPATH/CodeIgniter.php(457): CodeIgniter\CodeIgniter->runController(Object(App\Controllers\Pages))
 6 SYSTEMPATH/CodeIgniter.php(340): CodeIgniter\CodeIgniter->handleRequest(null, Object(Config\Cache), false)
 7 FCPATH/index.php(71): CodeIgniter\CodeIgniter->run()
CRITICAL - 2023-04-22 22:23:37 --> Invalid file: template/bank-pro/themes.php
in SYSTEMPATH/Exceptions/FrameworkException.php on line 33.
 1 SYSTEMPATH/View/View.php(201): CodeIgniter\Exceptions\FrameworkException::forInvalidFile('template/bank-pro/themes.php')
 2 SYSTEMPATH/Common.php(1142): CodeIgniter\View\View->render('template/bank-pro/themes', [], true)
 3 APPPATH/Controllers/Pages.php(40): view('template/bank-pro/themes', [...])
 4 SYSTEMPATH/CodeIgniter.php(907): App\Controllers\Pages->view('FCPATH/themes', 'finapp-light', 'webfonts', 'fa-solid-900.woff')
 5 SYSTEMPATH/CodeIgniter.php(457): CodeIgniter\CodeIgniter->runController(Object(App\Controllers\Pages))
 6 SYSTEMPATH/CodeIgniter.php(340): CodeIgniter\CodeIgniter->handleRequest(null, Object(Config\Cache), false)
 7 FCPATH/index.php(71): CodeIgniter\CodeIgniter->run()
CRITICAL - 2023-04-22 22:23:37 --> Invalid file: template/bank-pro/themes.php
in SYSTEMPATH/Exceptions/FrameworkException.php on line 33.
 1 SYSTEMPATH/View/View.php(201): CodeIgniter\Exceptions\FrameworkException::forInvalidFile('template/bank-pro/themes.php')
 2 SYSTEMPATH/Common.php(1142): CodeIgniter\View\View->render('template/bank-pro/themes', [], true)
 3 APPPATH/Controllers/Pages.php(40): view('template/bank-pro/themes', [...])
 4 SYSTEMPATH/CodeIgniter.php(907): App\Controllers\Pages->view('FCPATH/themes', 'finapp-light', 'webfonts', 'fa-regular-400.woff2')
 5 SYSTEMPATH/CodeIgniter.php(457): CodeIgniter\CodeIgniter->runController(Object(App\Controllers\Pages))
 6 SYSTEMPATH/CodeIgniter.php(340): CodeIgniter\CodeIgniter->handleRequest(null, Object(Config\Cache), false)
 7 FCPATH/index.php(71): CodeIgniter\CodeIgniter->run()
CRITICAL - 2023-04-22 22:23:37 --> Invalid file: template/bank-pro/themes.php
in SYSTEMPATH/Exceptions/FrameworkException.php on line 33.
 1 SYSTEMPATH/View/View.php(201): CodeIgniter\Exceptions\FrameworkException::forInvalidFile('template/bank-pro/themes.php')
 2 SYSTEMPATH/Common.php(1142): CodeIgniter\View\View->render('template/bank-pro/themes', [], true)
 3 APPPATH/Controllers/Pages.php(40): view('template/bank-pro/themes', [...])
 4 SYSTEMPATH/CodeIgniter.php(907): App\Controllers\Pages->view('FCPATH/themes', 'finapp-light', 'webfonts', 'fa-solid-900.ttf')
 5 SYSTEMPATH/CodeIgniter.php(457): CodeIgniter\CodeIgniter->runController(Object(App\Controllers\Pages))
 6 SYSTEMPATH/CodeIgniter.php(340): CodeIgniter\CodeIgniter->handleRequest(null, Object(Config\Cache), false)
 7 FCPATH/index.php(71): CodeIgniter\CodeIgniter->run()
CRITICAL - 2023-04-22 22:23:38 --> Invalid file: template/bank-pro/themes.php
in SYSTEMPATH/Exceptions/FrameworkException.php on line 33.
 1 SYSTEMPATH/View/View.php(201): CodeIgniter\Exceptions\FrameworkException::forInvalidFile('template/bank-pro/themes.php')
 2 SYSTEMPATH/Common.php(1142): CodeIgniter\View\View->render('template/bank-pro/themes', [], true)
 3 APPPATH/Controllers/Pages.php(40): view('template/bank-pro/themes', [...])
 4 SYSTEMPATH/CodeIgniter.php(907): App\Controllers\Pages->view('FCPATH/themes', 'finapp-light', 'webfonts', 'fa-regular-400.woff')
 5 SYSTEMPATH/CodeIgniter.php(457): CodeIgniter\CodeIgniter->runController(Object(App\Controllers\Pages))
 6 SYSTEMPATH/CodeIgniter.php(340): CodeIgniter\CodeIgniter->handleRequest(null, Object(Config\Cache), false)
 7 FCPATH/index.php(71): CodeIgniter\CodeIgniter->run()
CRITICAL - 2023-04-22 22:23:38 --> Invalid file: template/bank-pro/themes.php
in SYSTEMPATH/Exceptions/FrameworkException.php on line 33.
 1 SYSTEMPATH/View/View.php(201): CodeIgniter\Exceptions\FrameworkException::forInvalidFile('template/bank-pro/themes.php')
 2 SYSTEMPATH/Common.php(1142): CodeIgniter\View\View->render('template/bank-pro/themes', [], true)
 3 APPPATH/Controllers/Pages.php(40): view('template/bank-pro/themes', [...])
 4 SYSTEMPATH/CodeIgniter.php(907): App\Controllers\Pages->view('FCPATH/themes', 'finapp-light', 'webfonts', 'fa-regular-400.ttf')
 5 SYSTEMPATH/CodeIgniter.php(457): CodeIgniter\CodeIgniter->runController(Object(App\Controllers\Pages))
 6 SYSTEMPATH/CodeIgniter.php(340): CodeIgniter\CodeIgniter->handleRequest(null, Object(Config\Cache), false)
 7 FCPATH/index.php(71): CodeIgniter\CodeIgniter->run()
CRITICAL - 2023-04-22 22:25:47 --> Invalid file: template/bank-pro/themes.php
in SYSTEMPATH/Exceptions/FrameworkException.php on line 33.
 1 SYSTEMPATH/View/View.php(201): CodeIgniter\Exceptions\FrameworkException::forInvalidFile('template/bank-pro/themes.php')
 2 SYSTEMPATH/Common.php(1142): CodeIgniter\View\View->render('template/bank-pro/themes', [], true)
 3 APPPATH/Controllers/Pages.php(40): view('template/bank-pro/themes', [...])
 4 SYSTEMPATH/CodeIgniter.php(907): App\Controllers\Pages->view('FCPATH/themes', 'finapp-light', 'webfonts', 'fa-solid-900.woff2')
 5 SYSTEMPATH/CodeIgniter.php(457): CodeIgniter\CodeIgniter->runController(Object(App\Controllers\Pages))
 6 SYSTEMPATH/CodeIgniter.php(340): CodeIgniter\CodeIgniter->handleRequest(null, Object(Config\Cache), false)
 7 FCPATH/index.php(71): CodeIgniter\CodeIgniter->run()
CRITICAL - 2023-04-22 22:25:47 --> Invalid file: template/bank-pro/themes.php
in SYSTEMPATH/Exceptions/FrameworkException.php on line 33.
 1 SYSTEMPATH/View/View.php(201): CodeIgniter\Exceptions\FrameworkException::forInvalidFile('template/bank-pro/themes.php')
 2 SYSTEMPATH/Common.php(1142): CodeIgniter\View\View->render('template/bank-pro/themes', [], true)
 3 APPPATH/Controllers/Pages.php(40): view('template/bank-pro/themes', [...])
 4 SYSTEMPATH/CodeIgniter.php(907): App\Controllers\Pages->view('FCPATH/themes', 'finapp-light', 'webfonts', 'fa-regular-400.woff2')
 5 SYSTEMPATH/CodeIgniter.php(457): CodeIgniter\CodeIgniter->runController(Object(App\Controllers\Pages))
 6 SYSTEMPATH/CodeIgniter.php(340): CodeIgniter\CodeIgniter->handleRequest(null, Object(Config\Cache), false)
 7 FCPATH/index.php(71): CodeIgniter\CodeIgniter->run()
CRITICAL - 2023-04-22 22:25:50 --> Invalid file: template/bank-pro/themes.php
in SYSTEMPATH/Exceptions/FrameworkException.php on line 33.
 1 SYSTEMPATH/View/View.php(201): CodeIgniter\Exceptions\FrameworkException::forInvalidFile('template/bank-pro/themes.php')
 2 SYSTEMPATH/Common.php(1142): CodeIgniter\View\View->render('template/bank-pro/themes', [], true)
 3 APPPATH/Controllers/Pages.php(40): view('template/bank-pro/themes', [...])
 4 SYSTEMPATH/CodeIgniter.php(907): App\Controllers\Pages->view('FCPATH/themes', 'finapp-light', 'webfonts', 'fa-solid-900.woff2')
 5 SYSTEMPATH/CodeIgniter.php(457): CodeIgniter\CodeIgniter->runController(Object(App\Controllers\Pages))
 6 SYSTEMPATH/CodeIgniter.php(340): CodeIgniter\CodeIgniter->handleRequest(null, Object(Config\Cache), false)
 7 FCPATH/index.php(71): CodeIgniter\CodeIgniter->run()
CRITICAL - 2023-04-22 22:25:50 --> Invalid file: template/bank-pro/themes.php
in SYSTEMPATH/Exceptions/FrameworkException.php on line 33.
 1 SYSTEMPATH/View/View.php(201): CodeIgniter\Exceptions\FrameworkException::forInvalidFile('template/bank-pro/themes.php')
 2 SYSTEMPATH/Common.php(1142): CodeIgniter\View\View->render('template/bank-pro/themes', [], true)
 3 APPPATH/Controllers/Pages.php(40): view('template/bank-pro/themes', [...])
 4 SYSTEMPATH/CodeIgniter.php(907): App\Controllers\Pages->view('FCPATH/themes', 'finapp-light', 'webfonts', 'fa-regular-400.woff2')
 5 SYSTEMPATH/CodeIgniter.php(457): CodeIgniter\CodeIgniter->runController(Object(App\Controllers\Pages))
 6 SYSTEMPATH/CodeIgniter.php(340): CodeIgniter\CodeIgniter->handleRequest(null, Object(Config\Cache), false)
 7 FCPATH/index.php(71): CodeIgniter\CodeIgniter->run()
CRITICAL - 2023-04-22 22:25:50 --> Invalid file: template/bank-pro/themes.php
in SYSTEMPATH/Exceptions/FrameworkException.php on line 33.
 1 SYSTEMPATH/View/View.php(201): CodeIgniter\Exceptions\FrameworkException::forInvalidFile('template/bank-pro/themes.php')
 2 SYSTEMPATH/Common.php(1142): CodeIgniter\View\View->render('template/bank-pro/themes', [], true)
 3 APPPATH/Controllers/Pages.php(40): view('template/bank-pro/themes', [...])
 4 SYSTEMPATH/CodeIgniter.php(907): App\Controllers\Pages->view('FCPATH/themes', 'finapp-light', 'webfonts', 'fa-regular-400.woff')
 5 SYSTEMPATH/CodeIgniter.php(457): CodeIgniter\CodeIgniter->runController(Object(App\Controllers\Pages))
 6 SYSTEMPATH/CodeIgniter.php(340): CodeIgniter\CodeIgniter->handleRequest(null, Object(Config\Cache), false)
 7 FCPATH/index.php(71): CodeIgniter\CodeIgniter->run()
CRITICAL - 2023-04-22 22:25:50 --> Invalid file: template/bank-pro/themes.php
in SYSTEMPATH/Exceptions/FrameworkException.php on line 33.
 1 SYSTEMPATH/View/View.php(201): CodeIgniter\Exceptions\FrameworkException::forInvalidFile('template/bank-pro/themes.php')
 2 SYSTEMPATH/Common.php(1142): CodeIgniter\View\View->render('template/bank-pro/themes', [], true)
 3 APPPATH/Controllers/Pages.php(40): view('template/bank-pro/themes', [...])
 4 SYSTEMPATH/CodeIgniter.php(907): App\Controllers\Pages->view('FCPATH/themes', 'finapp-light', 'webfonts', 'fa-solid-900.woff')
 5 SYSTEMPATH/CodeIgniter.php(457): CodeIgniter\CodeIgniter->runController(Object(App\Controllers\Pages))
 6 SYSTEMPATH/CodeIgniter.php(340): CodeIgniter\CodeIgniter->handleRequest(null, Object(Config\Cache), false)
 7 FCPATH/index.php(71): CodeIgniter\CodeIgniter->run()
CRITICAL - 2023-04-22 22:25:51 --> Invalid file: template/bank-pro/themes.php
in SYSTEMPATH/Exceptions/FrameworkException.php on line 33.
 1 SYSTEMPATH/View/View.php(201): CodeIgniter\Exceptions\FrameworkException::forInvalidFile('template/bank-pro/themes.php')
 2 SYSTEMPATH/Common.php(1142): CodeIgniter\View\View->render('template/bank-pro/themes', [], true)
 3 APPPATH/Controllers/Pages.php(40): view('template/bank-pro/themes', [...])
 4 SYSTEMPATH/CodeIgniter.php(907): App\Controllers\Pages->view('FCPATH/themes', 'finapp-light', 'webfonts', 'fa-regular-400.ttf')
 5 SYSTEMPATH/CodeIgniter.php(457): CodeIgniter\CodeIgniter->runController(Object(App\Controllers\Pages))
 6 SYSTEMPATH/CodeIgniter.php(340): CodeIgniter\CodeIgniter->handleRequest(null, Object(Config\Cache), false)
 7 FCPATH/index.php(71): CodeIgniter\CodeIgniter->run()
CRITICAL - 2023-04-22 22:25:51 --> Invalid file: template/bank-pro/themes.php
in SYSTEMPATH/Exceptions/FrameworkException.php on line 33.
 1 SYSTEMPATH/View/View.php(201): CodeIgniter\Exceptions\FrameworkException::forInvalidFile('template/bank-pro/themes.php')
 2 SYSTEMPATH/Common.php(1142): CodeIgniter\View\View->render('template/bank-pro/themes', [], true)
 3 APPPATH/Controllers/Pages.php(40): view('template/bank-pro/themes', [...])
 4 SYSTEMPATH/CodeIgniter.php(907): App\Controllers\Pages->view('FCPATH/themes', 'finapp-light', 'webfonts', 'fa-solid-900.ttf')
 5 SYSTEMPATH/CodeIgniter.php(457): CodeIgniter\CodeIgniter->runController(Object(App\Controllers\Pages))
 6 SYSTEMPATH/CodeIgniter.php(340): CodeIgniter\CodeIgniter->handleRequest(null, Object(Config\Cache), false)
 7 FCPATH/index.php(71): CodeIgniter\CodeIgniter->run()
CRITICAL - 2023-04-22 22:43:56 --> Invalid file: template/bank-pro/themes.php
in SYSTEMPATH/Exceptions/FrameworkException.php on line 33.
 1 SYSTEMPATH/View/View.php(201): CodeIgniter\Exceptions\FrameworkException::forInvalidFile('template/bank-pro/themes.php')
 2 SYSTEMPATH/Common.php(1142): CodeIgniter\View\View->render('template/bank-pro/themes', [], true)
 3 APPPATH/Controllers/Pages.php(40): view('template/bank-pro/themes', [...])
 4 SYSTEMPATH/CodeIgniter.php(907): App\Controllers\Pages->view('FCPATH/themes', 'finapp-light', 'webfonts', 'fa-solid-900.woff2')
 5 SYSTEMPATH/CodeIgniter.php(457): CodeIgniter\CodeIgniter->runController(Object(App\Controllers\Pages))
 6 SYSTEMPATH/CodeIgniter.php(340): CodeIgniter\CodeIgniter->handleRequest(null, Object(Config\Cache), false)
 7 FCPATH/index.php(71): CodeIgniter\CodeIgniter->run()
CRITICAL - 2023-04-22 22:43:56 --> Invalid file: template/bank-pro/themes.php
in SYSTEMPATH/Exceptions/FrameworkException.php on line 33.
 1 SYSTEMPATH/View/View.php(201): CodeIgniter\Exceptions\FrameworkException::forInvalidFile('template/bank-pro/themes.php')
 2 SYSTEMPATH/Common.php(1142): CodeIgniter\View\View->render('template/bank-pro/themes', [], true)
 3 APPPATH/Controllers/Pages.php(40): view('template/bank-pro/themes', [...])
 4 SYSTEMPATH/CodeIgniter.php(907): App\Controllers\Pages->view('FCPATH/themes', 'finapp-light', 'webfonts', 'fa-regular-400.woff2')
 5 SYSTEMPATH/CodeIgniter.php(457): CodeIgniter\CodeIgniter->runController(Object(App\Controllers\Pages))
 6 SYSTEMPATH/CodeIgniter.php(340): CodeIgniter\CodeIgniter->handleRequest(null, Object(Config\Cache), false)
 7 FCPATH/index.php(71): CodeIgniter\CodeIgniter->run()
CRITICAL - 2023-04-22 22:43:59 --> Invalid file: template/bank-pro/themes.php
in SYSTEMPATH/Exceptions/FrameworkException.php on line 33.
 1 SYSTEMPATH/View/View.php(201): CodeIgniter\Exceptions\FrameworkException::forInvalidFile('template/bank-pro/themes.php')
 2 SYSTEMPATH/Common.php(1142): CodeIgniter\View\View->render('template/bank-pro/themes', [], true)
 3 APPPATH/Controllers/Pages.php(40): view('template/bank-pro/themes', [...])
 4 SYSTEMPATH/CodeIgniter.php(907): App\Controllers\Pages->view('FCPATH/themes', 'finapp-light', 'webfonts', 'fa-solid-900.woff2')
 5 SYSTEMPATH/CodeIgniter.php(457): CodeIgniter\CodeIgniter->runController(Object(App\Controllers\Pages))
 6 SYSTEMPATH/CodeIgniter.php(340): CodeIgniter\CodeIgniter->handleRequest(null, Object(Config\Cache), false)
 7 FCPATH/index.php(71): CodeIgniter\CodeIgniter->run()
CRITICAL - 2023-04-22 22:43:59 --> Invalid file: template/bank-pro/themes.php
in SYSTEMPATH/Exceptions/FrameworkException.php on line 33.
 1 SYSTEMPATH/View/View.php(201): CodeIgniter\Exceptions\FrameworkException::forInvalidFile('template/bank-pro/themes.php')
 2 SYSTEMPATH/Common.php(1142): CodeIgniter\View\View->render('template/bank-pro/themes', [], true)
 3 APPPATH/Controllers/Pages.php(40): view('template/bank-pro/themes', [...])
 4 SYSTEMPATH/CodeIgniter.php(907): App\Controllers\Pages->view('FCPATH/themes', 'finapp-light', 'webfonts', 'fa-regular-400.woff2')
 5 SYSTEMPATH/CodeIgniter.php(457): CodeIgniter\CodeIgniter->runController(Object(App\Controllers\Pages))
 6 SYSTEMPATH/CodeIgniter.php(340): CodeIgniter\CodeIgniter->handleRequest(null, Object(Config\Cache), false)
 7 FCPATH/index.php(71): CodeIgniter\CodeIgniter->run()
CRITICAL - 2023-04-22 22:44:00 --> Invalid file: template/bank-pro/themes.php
in SYSTEMPATH/Exceptions/FrameworkException.php on line 33.
 1 SYSTEMPATH/View/View.php(201): CodeIgniter\Exceptions\FrameworkException::forInvalidFile('template/bank-pro/themes.php')
 2 SYSTEMPATH/Common.php(1142): CodeIgniter\View\View->render('template/bank-pro/themes', [], true)
 3 APPPATH/Controllers/Pages.php(40): view('template/bank-pro/themes', [...])
 4 SYSTEMPATH/CodeIgniter.php(907): App\Controllers\Pages->view('FCPATH/themes', 'finapp-light', 'webfonts', 'fa-solid-900.woff')
 5 SYSTEMPATH/CodeIgniter.php(457): CodeIgniter\CodeIgniter->runController(Object(App\Controllers\Pages))
 6 SYSTEMPATH/CodeIgniter.php(340): CodeIgniter\CodeIgniter->handleRequest(null, Object(Config\Cache), false)
 7 FCPATH/index.php(71): CodeIgniter\CodeIgniter->run()
CRITICAL - 2023-04-22 22:44:00 --> Invalid file: template/bank-pro/themes.php
in SYSTEMPATH/Exceptions/FrameworkException.php on line 33.
 1 SYSTEMPATH/View/View.php(201): CodeIgniter\Exceptions\FrameworkException::forInvalidFile('template/bank-pro/themes.php')
 2 SYSTEMPATH/Common.php(1142): CodeIgniter\View\View->render('template/bank-pro/themes', [], true)
 3 APPPATH/Controllers/Pages.php(40): view('template/bank-pro/themes', [...])
 4 SYSTEMPATH/CodeIgniter.php(907): App\Controllers\Pages->view('FCPATH/themes', 'finapp-light', 'webfonts', 'fa-regular-400.woff')
 5 SYSTEMPATH/CodeIgniter.php(457): CodeIgniter\CodeIgniter->runController(Object(App\Controllers\Pages))
 6 SYSTEMPATH/CodeIgniter.php(340): CodeIgniter\CodeIgniter->handleRequest(null, Object(Config\Cache), false)
 7 FCPATH/index.php(71): CodeIgniter\CodeIgniter->run()
CRITICAL - 2023-04-22 22:44:00 --> Invalid file: template/bank-pro/themes.php
in SYSTEMPATH/Exceptions/FrameworkException.php on line 33.
 1 SYSTEMPATH/View/View.php(201): CodeIgniter\Exceptions\FrameworkException::forInvalidFile('template/bank-pro/themes.php')
 2 SYSTEMPATH/Common.php(1142): CodeIgniter\View\View->render('template/bank-pro/themes', [], true)
 3 APPPATH/Controllers/Pages.php(40): view('template/bank-pro/themes', [...])
 4 SYSTEMPATH/CodeIgniter.php(907): App\Controllers\Pages->view('FCPATH/themes', 'finapp-light', 'webfonts', 'fa-solid-900.ttf')
 5 SYSTEMPATH/CodeIgniter.php(457): CodeIgniter\CodeIgniter->runController(Object(App\Controllers\Pages))
 6 SYSTEMPATH/CodeIgniter.php(340): CodeIgniter\CodeIgniter->handleRequest(null, Object(Config\Cache), false)
 7 FCPATH/index.php(71): CodeIgniter\CodeIgniter->run()
CRITICAL - 2023-04-22 22:44:00 --> Invalid file: template/bank-pro/themes.php
in SYSTEMPATH/Exceptions/FrameworkException.php on line 33.
 1 SYSTEMPATH/View/View.php(201): CodeIgniter\Exceptions\FrameworkException::forInvalidFile('template/bank-pro/themes.php')
 2 SYSTEMPATH/Common.php(1142): CodeIgniter\View\View->render('template/bank-pro/themes', [], true)
 3 APPPATH/Controllers/Pages.php(40): view('template/bank-pro/themes', [...])
 4 SYSTEMPATH/CodeIgniter.php(907): App\Controllers\Pages->view('FCPATH/themes', 'finapp-light', 'webfonts', 'fa-regular-400.ttf')
 5 SYSTEMPATH/CodeIgniter.php(457): CodeIgniter\CodeIgniter->runController(Object(App\Controllers\Pages))
 6 SYSTEMPATH/CodeIgniter.php(340): CodeIgniter\CodeIgniter->handleRequest(null, Object(Config\Cache), false)
 7 FCPATH/index.php(71): CodeIgniter\CodeIgniter->run()
CRITICAL - 2023-04-22 22:44:03 --> Invalid file: template/bank-pro/themes.php
in SYSTEMPATH/Exceptions/FrameworkException.php on line 33.
 1 SYSTEMPATH/View/View.php(201): CodeIgniter\Exceptions\FrameworkException::forInvalidFile('template/bank-pro/themes.php')
 2 SYSTEMPATH/Common.php(1142): CodeIgniter\View\View->render('template/bank-pro/themes', [], true)
 3 APPPATH/Controllers/Pages.php(40): view('template/bank-pro/themes', [...])
 4 SYSTEMPATH/CodeIgniter.php(907): App\Controllers\Pages->view('FCPATH/themes', 'finapp-light', 'webfonts', 'fa-solid-900.woff2')
 5 SYSTEMPATH/CodeIgniter.php(457): CodeIgniter\CodeIgniter->runController(Object(App\Controllers\Pages))
 6 SYSTEMPATH/CodeIgniter.php(340): CodeIgniter\CodeIgniter->handleRequest(null, Object(Config\Cache), false)
 7 FCPATH/index.php(71): CodeIgniter\CodeIgniter->run()
CRITICAL - 2023-04-22 22:44:03 --> Invalid file: template/bank-pro/themes.php
in SYSTEMPATH/Exceptions/FrameworkException.php on line 33.
 1 SYSTEMPATH/View/View.php(201): CodeIgniter\Exceptions\FrameworkException::forInvalidFile('template/bank-pro/themes.php')
 2 SYSTEMPATH/Common.php(1142): CodeIgniter\View\View->render('template/bank-pro/themes', [], true)
 3 APPPATH/Controllers/Pages.php(40): view('template/bank-pro/themes', [...])
 4 SYSTEMPATH/CodeIgniter.php(907): App\Controllers\Pages->view('FCPATH/themes', 'finapp-light', 'webfonts', 'fa-brands-400.woff2')
 5 SYSTEMPATH/CodeIgniter.php(457): CodeIgniter\CodeIgniter->runController(Object(App\Controllers\Pages))
 6 SYSTEMPATH/CodeIgniter.php(340): CodeIgniter\CodeIgniter->handleRequest(null, Object(Config\Cache), false)
 7 FCPATH/index.php(71): CodeIgniter\CodeIgniter->run()
CRITICAL - 2023-04-22 22:44:03 --> Invalid file: template/bank-pro/themes.php
in SYSTEMPATH/Exceptions/FrameworkException.php on line 33.
 1 SYSTEMPATH/View/View.php(201): CodeIgniter\Exceptions\FrameworkException::forInvalidFile('template/bank-pro/themes.php')
 2 SYSTEMPATH/Common.php(1142): CodeIgniter\View\View->render('template/bank-pro/themes', [], true)
 3 APPPATH/Controllers/Pages.php(40): view('template/bank-pro/themes', [...])
 4 SYSTEMPATH/CodeIgniter.php(907): App\Controllers\Pages->view('FCPATH/themes', 'finapp-light', 'webfonts', 'fa-regular-400.woff2')
 5 SYSTEMPATH/CodeIgniter.php(457): CodeIgniter\CodeIgniter->runController(Object(App\Controllers\Pages))
 6 SYSTEMPATH/CodeIgniter.php(340): CodeIgniter\CodeIgniter->handleRequest(null, Object(Config\Cache), false)
 7 FCPATH/index.php(71): CodeIgniter\CodeIgniter->run()
CRITICAL - 2023-04-22 22:44:03 --> Invalid file: template/bank-pro/__service-worker.js
in SYSTEMPATH/Exceptions/FrameworkException.php on line 33.
 1 SYSTEMPATH/View/View.php(201): CodeIgniter\Exceptions\FrameworkException::forInvalidFile('template/bank-pro/__service-worker.js')
 2 SYSTEMPATH/Common.php(1142): CodeIgniter\View\View->render('template/bank-pro/__service-worker.js', [], true)
 3 APPPATH/Controllers/Pages.php(40): view('template/bank-pro/__service-worker.js', [...])
 4 SYSTEMPATH/CodeIgniter.php(907): App\Controllers\Pages->view('__service-worker.js')
 5 SYSTEMPATH/CodeIgniter.php(457): CodeIgniter\CodeIgniter->runController(Object(App\Controllers\Pages))
 6 SYSTEMPATH/CodeIgniter.php(340): CodeIgniter\CodeIgniter->handleRequest(null, Object(Config\Cache), false)
 7 FCPATH/index.php(71): CodeIgniter\CodeIgniter->run()
CRITICAL - 2023-04-22 22:44:03 --> Invalid file: template/bank-pro/assets.php
in SYSTEMPATH/Exceptions/FrameworkException.php on line 33.
 1 SYSTEMPATH/View/View.php(201): CodeIgniter\Exceptions\FrameworkException::forInvalidFile('template/bank-pro/assets.php')
 2 SYSTEMPATH/Common.php(1142): CodeIgniter\View\View->render('template/bank-pro/assets', [], true)
 3 APPPATH/Controllers/Pages.php(40): view('template/bank-pro/assets', [...])
 4 SYSTEMPATH/CodeIgniter.php(907): App\Controllers\Pages->view('FCPATH/assets', 'images', 'chip.png')
 5 SYSTEMPATH/CodeIgniter.php(457): CodeIgniter\CodeIgniter->runController(Object(App\Controllers\Pages))
 6 SYSTEMPATH/CodeIgniter.php(340): CodeIgniter\CodeIgniter->handleRequest(null, Object(Config\Cache), false)
 7 FCPATH/index.php(71): CodeIgniter\CodeIgniter->run()
CRITICAL - 2023-04-22 22:44:03 --> Invalid file: template/bank-pro/assets.php
in SYSTEMPATH/Exceptions/FrameworkException.php on line 33.
 1 SYSTEMPATH/View/View.php(201): CodeIgniter\Exceptions\FrameworkException::forInvalidFile('template/bank-pro/assets.php')
 2 SYSTEMPATH/Common.php(1142): CodeIgniter\View\View->render('template/bank-pro/assets', [], true)
 3 APPPATH/Controllers/Pages.php(40): view('template/bank-pro/assets', [...])
 4 SYSTEMPATH/CodeIgniter.php(907): App\Controllers\Pages->view('FCPATH/assets', 'images', 'visa.png')
 5 SYSTEMPATH/CodeIgniter.php(457): CodeIgniter\CodeIgniter->runController(Object(App\Controllers\Pages))
 6 SYSTEMPATH/CodeIgniter.php(340): CodeIgniter\CodeIgniter->handleRequest(null, Object(Config\Cache), false)
 7 FCPATH/index.php(71): CodeIgniter\CodeIgniter->run()
CRITICAL - 2023-04-22 22:44:07 --> Invalid file: template/bank-pro/themes.php
in SYSTEMPATH/Exceptions/FrameworkException.php on line 33.
 1 SYSTEMPATH/View/View.php(201): CodeIgniter\Exceptions\FrameworkException::forInvalidFile('template/bank-pro/themes.php')
 2 SYSTEMPATH/Common.php(1142): CodeIgniter\View\View->render('template/bank-pro/themes', [], true)
 3 APPPATH/Controllers/Pages.php(40): view('template/bank-pro/themes', [...])
 4 SYSTEMPATH/CodeIgniter.php(907): App\Controllers\Pages->view('FCPATH/themes', 'finapp-light', 'webfonts', 'fa-solid-900.woff2')
 5 SYSTEMPATH/CodeIgniter.php(457): CodeIgniter\CodeIgniter->runController(Object(App\Controllers\Pages))
 6 SYSTEMPATH/CodeIgniter.php(340): CodeIgniter\CodeIgniter->handleRequest(null, Object(Config\Cache), false)
 7 FCPATH/index.php(71): CodeIgniter\CodeIgniter->run()
CRITICAL - 2023-04-22 22:44:07 --> Invalid file: template/bank-pro/themes.php
in SYSTEMPATH/Exceptions/FrameworkException.php on line 33.
 1 SYSTEMPATH/View/View.php(201): CodeIgniter\Exceptions\FrameworkException::forInvalidFile('template/bank-pro/themes.php')
 2 SYSTEMPATH/Common.php(1142): CodeIgniter\View\View->render('template/bank-pro/themes', [], true)
 3 APPPATH/Controllers/Pages.php(40): view('template/bank-pro/themes', [...])
 4 SYSTEMPATH/CodeIgniter.php(907): App\Controllers\Pages->view('FCPATH/themes', 'finapp-light', 'webfonts', 'fa-regular-400.woff2')
 5 SYSTEMPATH/CodeIgniter.php(457): CodeIgniter\CodeIgniter->runController(Object(App\Controllers\Pages))
 6 SYSTEMPATH/CodeIgniter.php(340): CodeIgniter\CodeIgniter->handleRequest(null, Object(Config\Cache), false)
 7 FCPATH/index.php(71): CodeIgniter\CodeIgniter->run()
CRITICAL - 2023-04-22 22:44:07 --> Invalid file: template/bank-pro/themes.php
in SYSTEMPATH/Exceptions/FrameworkException.php on line 33.
 1 SYSTEMPATH/View/View.php(201): CodeIgniter\Exceptions\FrameworkException::forInvalidFile('template/bank-pro/themes.php')
 2 SYSTEMPATH/Common.php(1142): CodeIgniter\View\View->render('template/bank-pro/themes', [], true)
 3 APPPATH/Controllers/Pages.php(40): view('template/bank-pro/themes', [...])
 4 SYSTEMPATH/CodeIgniter.php(907): App\Controllers\Pages->view('FCPATH/themes', 'finapp-light', 'webfonts', 'fa-brands-400.woff2')
 5 SYSTEMPATH/CodeIgniter.php(457): CodeIgniter\CodeIgniter->runController(Object(App\Controllers\Pages))
 6 SYSTEMPATH/CodeIgniter.php(340): CodeIgniter\CodeIgniter->handleRequest(null, Object(Config\Cache), false)
 7 FCPATH/index.php(71): CodeIgniter\CodeIgniter->run()
CRITICAL - 2023-04-22 22:44:07 --> Invalid file: template/bank-pro/themes.php
in SYSTEMPATH/Exceptions/FrameworkException.php on line 33.
 1 SYSTEMPATH/View/View.php(201): CodeIgniter\Exceptions\FrameworkException::forInvalidFile('template/bank-pro/themes.php')
 2 SYSTEMPATH/Common.php(1142): CodeIgniter\View\View->render('template/bank-pro/themes', [], true)
 3 APPPATH/Controllers/Pages.php(40): view('template/bank-pro/themes', [...])
 4 SYSTEMPATH/CodeIgniter.php(907): App\Controllers\Pages->view('FCPATH/themes', 'finapp-light', 'webfonts', 'fa-solid-900.woff')
 5 SYSTEMPATH/CodeIgniter.php(457): CodeIgniter\CodeIgniter->runController(Object(App\Controllers\Pages))
 6 SYSTEMPATH/CodeIgniter.php(340): CodeIgniter\CodeIgniter->handleRequest(null, Object(Config\Cache), false)
 7 FCPATH/index.php(71): CodeIgniter\CodeIgniter->run()
CRITICAL - 2023-04-22 22:44:07 --> Invalid file: template/bank-pro/themes.php
in SYSTEMPATH/Exceptions/FrameworkException.php on line 33.
 1 SYSTEMPATH/View/View.php(201): CodeIgniter\Exceptions\FrameworkException::forInvalidFile('template/bank-pro/themes.php')
 2 SYSTEMPATH/Common.php(1142): CodeIgniter\View\View->render('template/bank-pro/themes', [], true)
 3 APPPATH/Controllers/Pages.php(40): view('template/bank-pro/themes', [...])
 4 SYSTEMPATH/CodeIgniter.php(907): App\Controllers\Pages->view('FCPATH/themes', 'finapp-light', 'webfonts', 'fa-regular-400.woff')
 5 SYSTEMPATH/CodeIgniter.php(457): CodeIgniter\CodeIgniter->runController(Object(App\Controllers\Pages))
 6 SYSTEMPATH/CodeIgniter.php(340): CodeIgniter\CodeIgniter->handleRequest(null, Object(Config\Cache), false)
 7 FCPATH/index.php(71): CodeIgniter\CodeIgniter->run()
CRITICAL - 2023-04-22 22:44:07 --> Invalid file: template/bank-pro/themes.php
in SYSTEMPATH/Exceptions/FrameworkException.php on line 33.
 1 SYSTEMPATH/View/View.php(201): CodeIgniter\Exceptions\FrameworkException::forInvalidFile('template/bank-pro/themes.php')
 2 SYSTEMPATH/Common.php(1142): CodeIgniter\View\View->render('template/bank-pro/themes', [], true)
 3 APPPATH/Controllers/Pages.php(40): view('template/bank-pro/themes', [...])
 4 SYSTEMPATH/CodeIgniter.php(907): App\Controllers\Pages->view('FCPATH/themes', 'finapp-light', 'webfonts', 'fa-brands-400.woff')
 5 SYSTEMPATH/CodeIgniter.php(457): CodeIgniter\CodeIgniter->runController(Object(App\Controllers\Pages))
 6 SYSTEMPATH/CodeIgniter.php(340): CodeIgniter\CodeIgniter->handleRequest(null, Object(Config\Cache), false)
 7 FCPATH/index.php(71): CodeIgniter\CodeIgniter->run()
CRITICAL - 2023-04-22 22:44:07 --> Invalid file: template/bank-pro/assets.php
in SYSTEMPATH/Exceptions/FrameworkException.php on line 33.
 1 SYSTEMPATH/View/View.php(201): CodeIgniter\Exceptions\FrameworkException::forInvalidFile('template/bank-pro/assets.php')
 2 SYSTEMPATH/Common.php(1142): CodeIgniter\View\View->render('template/bank-pro/assets', [], true)
 3 APPPATH/Controllers/Pages.php(40): view('template/bank-pro/assets', [...])
 4 SYSTEMPATH/CodeIgniter.php(907): App\Controllers\Pages->view('FCPATH/assets', 'images', 'visa.png')
 5 SYSTEMPATH/CodeIgniter.php(457): CodeIgniter\CodeIgniter->runController(Object(App\Controllers\Pages))
 6 SYSTEMPATH/CodeIgniter.php(340): CodeIgniter\CodeIgniter->handleRequest(null, Object(Config\Cache), false)
 7 FCPATH/index.php(71): CodeIgniter\CodeIgniter->run()
CRITICAL - 2023-04-22 22:44:07 --> Invalid file: template/bank-pro/assets.php
in SYSTEMPATH/Exceptions/FrameworkException.php on line 33.
 1 SYSTEMPATH/View/View.php(201): CodeIgniter\Exceptions\FrameworkException::forInvalidFile('template/bank-pro/assets.php')
 2 SYSTEMPATH/Common.php(1142): CodeIgniter\View\View->render('template/bank-pro/assets', [], true)
 3 APPPATH/Controllers/Pages.php(40): view('template/bank-pro/assets', [...])
 4 SYSTEMPATH/CodeIgniter.php(907): App\Controllers\Pages->view('FCPATH/assets', 'images', 'chip.png')
 5 SYSTEMPATH/CodeIgniter.php(457): CodeIgniter\CodeIgniter->runController(Object(App\Controllers\Pages))
 6 SYSTEMPATH/CodeIgniter.php(340): CodeIgniter\CodeIgniter->handleRequest(null, Object(Config\Cache), false)
 7 FCPATH/index.php(71): CodeIgniter\CodeIgniter->run()
CRITICAL - 2023-04-22 22:44:07 --> Invalid file: template/bank-pro/__service-worker.js
in SYSTEMPATH/Exceptions/FrameworkException.php on line 33.
 1 SYSTEMPATH/View/View.php(201): CodeIgniter\Exceptions\FrameworkException::forInvalidFile('template/bank-pro/__service-worker.js')
 2 SYSTEMPATH/Common.php(1142): CodeIgniter\View\View->render('template/bank-pro/__service-worker.js', [], true)
 3 APPPATH/Controllers/Pages.php(40): view('template/bank-pro/__service-worker.js', [...])
 4 SYSTEMPATH/CodeIgniter.php(907): App\Controllers\Pages->view('__service-worker.js')
 5 SYSTEMPATH/CodeIgniter.php(457): CodeIgniter\CodeIgniter->runController(Object(App\Controllers\Pages))
 6 SYSTEMPATH/CodeIgniter.php(340): CodeIgniter\CodeIgniter->handleRequest(null, Object(Config\Cache), false)
 7 FCPATH/index.php(71): CodeIgniter\CodeIgniter->run()
CRITICAL - 2023-04-22 22:44:07 --> Invalid file: template/bank-pro/themes.php
in SYSTEMPATH/Exceptions/FrameworkException.php on line 33.
 1 SYSTEMPATH/View/View.php(201): CodeIgniter\Exceptions\FrameworkException::forInvalidFile('template/bank-pro/themes.php')
 2 SYSTEMPATH/Common.php(1142): CodeIgniter\View\View->render('template/bank-pro/themes', [], true)
 3 APPPATH/Controllers/Pages.php(40): view('template/bank-pro/themes', [...])
 4 SYSTEMPATH/CodeIgniter.php(907): App\Controllers\Pages->view('FCPATH/themes', 'finapp-light', 'webfonts', 'fa-solid-900.ttf')
 5 SYSTEMPATH/CodeIgniter.php(457): CodeIgniter\CodeIgniter->runController(Object(App\Controllers\Pages))
 6 SYSTEMPATH/CodeIgniter.php(340): CodeIgniter\CodeIgniter->handleRequest(null, Object(Config\Cache), false)
 7 FCPATH/index.php(71): CodeIgniter\CodeIgniter->run()
CRITICAL - 2023-04-22 22:44:07 --> Invalid file: template/bank-pro/themes.php
in SYSTEMPATH/Exceptions/FrameworkException.php on line 33.
 1 SYSTEMPATH/View/View.php(201): CodeIgniter\Exceptions\FrameworkException::forInvalidFile('template/bank-pro/themes.php')
 2 SYSTEMPATH/Common.php(1142): CodeIgniter\View\View->render('template/bank-pro/themes', [], true)
 3 APPPATH/Controllers/Pages.php(40): view('template/bank-pro/themes', [...])
 4 SYSTEMPATH/CodeIgniter.php(907): App\Controllers\Pages->view('FCPATH/themes', 'finapp-light', 'webfonts', 'fa-regular-400.ttf')
 5 SYSTEMPATH/CodeIgniter.php(457): CodeIgniter\CodeIgniter->runController(Object(App\Controllers\Pages))
 6 SYSTEMPATH/CodeIgniter.php(340): CodeIgniter\CodeIgniter->handleRequest(null, Object(Config\Cache), false)
 7 FCPATH/index.php(71): CodeIgniter\CodeIgniter->run()
CRITICAL - 2023-04-22 22:44:08 --> Invalid file: template/bank-pro/themes.php
in SYSTEMPATH/Exceptions/FrameworkException.php on line 33.
 1 SYSTEMPATH/View/View.php(201): CodeIgniter\Exceptions\FrameworkException::forInvalidFile('template/bank-pro/themes.php')
 2 SYSTEMPATH/Common.php(1142): CodeIgniter\View\View->render('template/bank-pro/themes', [], true)
 3 APPPATH/Controllers/Pages.php(40): view('template/bank-pro/themes', [...])
 4 SYSTEMPATH/CodeIgniter.php(907): App\Controllers\Pages->view('FCPATH/themes', 'finapp-light', 'webfonts', 'fa-brands-400.ttf')
 5 SYSTEMPATH/CodeIgniter.php(457): CodeIgniter\CodeIgniter->runController(Object(App\Controllers\Pages))
 6 SYSTEMPATH/CodeIgniter.php(340): CodeIgniter\CodeIgniter->handleRequest(null, Object(Config\Cache), false)
 7 FCPATH/index.php(71): CodeIgniter\CodeIgniter->run()
CRITICAL - 2023-04-22 22:44:31 --> Invalid file: template/bank-pro/templates.php
in SYSTEMPATH/Exceptions/FrameworkException.php on line 33.
 1 SYSTEMPATH/View/View.php(201): CodeIgniter\Exceptions\FrameworkException::forInvalidFile('template/bank-pro/templates.php')
 2 SYSTEMPATH/Common.php(1142): CodeIgniter\View\View->render('template/bank-pro/templates', [], true)
 3 APPPATH/Controllers/Pages.php(40): view('template/bank-pro/templates', [...])
 4 SYSTEMPATH/CodeIgniter.php(907): App\Controllers\Pages->view('FCPATH/templates', 'bank-pro', 'p.typekit.net', 'p5e61.css')
 5 SYSTEMPATH/CodeIgniter.php(457): CodeIgniter\CodeIgniter->runController(Object(App\Controllers\Pages))
 6 SYSTEMPATH/CodeIgniter.php(340): CodeIgniter\CodeIgniter->handleRequest(null, Object(Config\Cache), false)
 7 FCPATH/index.php(71): CodeIgniter\CodeIgniter->run()
CRITICAL - 2023-04-22 22:54:09 --> Invalid file: template/bank-pro/templates.php
in SYSTEMPATH/Exceptions/FrameworkException.php on line 33.
 1 SYSTEMPATH/View/View.php(201): CodeIgniter\Exceptions\FrameworkException::forInvalidFile('template/bank-pro/templates.php')
 2 SYSTEMPATH/Common.php(1142): CodeIgniter\View\View->render('template/bank-pro/templates', [], true)
 3 APPPATH/Controllers/Pages.php(40): view('template/bank-pro/templates', [...])
 4 SYSTEMPATH/CodeIgniter.php(907): App\Controllers\Pages->view('FCPATH/templates', 'bank-pro', 'p.typekit.net', 'p5e61.css')
 5 SYSTEMPATH/CodeIgniter.php(457): CodeIgniter\CodeIgniter->runController(Object(App\Controllers\Pages))
 6 SYSTEMPATH/CodeIgniter.php(340): CodeIgniter\CodeIgniter->handleRequest(null, Object(Config\Cache), false)
 7 FCPATH/index.php(71): CodeIgniter\CodeIgniter->run()
CRITICAL - 2023-04-22 22:54:11 --> Invalid file: template/bank-pro/templates.php
in SYSTEMPATH/Exceptions/FrameworkException.php on line 33.
 1 SYSTEMPATH/View/View.php(201): CodeIgniter\Exceptions\FrameworkException::forInvalidFile('template/bank-pro/templates.php')
 2 SYSTEMPATH/Common.php(1142): CodeIgniter\View\View->render('template/bank-pro/templates', [], true)
 3 APPPATH/Controllers/Pages.php(40): view('template/bank-pro/templates', [...])
 4 SYSTEMPATH/CodeIgniter.php(907): App\Controllers\Pages->view('FCPATH/templates', 'bank-pro', 'css', 'images', 'FCPATH/assets', 'pattern-bg-medium.svg')
 5 SYSTEMPATH/CodeIgniter.php(457): CodeIgniter\CodeIgniter->runController(Object(App\Controllers\Pages))
 6 SYSTEMPATH/CodeIgniter.php(340): CodeIgniter\CodeIgniter->handleRequest(null, Object(Config\Cache), false)
 7 FCPATH/index.php(71): CodeIgniter\CodeIgniter->run()
CRITICAL - 2023-04-22 22:54:11 --> Invalid file: template/bank-pro/templates.php
in SYSTEMPATH/Exceptions/FrameworkException.php on line 33.
 1 SYSTEMPATH/View/View.php(201): CodeIgniter\Exceptions\FrameworkException::forInvalidFile('template/bank-pro/templates.php')
 2 SYSTEMPATH/Common.php(1142): CodeIgniter\View\View->render('template/bank-pro/templates', [], true)
 3 APPPATH/Controllers/Pages.php(40): view('template/bank-pro/templates', [...])
 4 SYSTEMPATH/CodeIgniter.php(907): App\Controllers\Pages->view('FCPATH/templates', 'bank-pro', 'css', 'images', 'FCPATH/assets', 'citadel-logo.svg')
 5 SYSTEMPATH/CodeIgniter.php(457): CodeIgniter\CodeIgniter->runController(Object(App\Controllers\Pages))
 6 SYSTEMPATH/CodeIgniter.php(340): CodeIgniter\CodeIgniter->handleRequest(null, Object(Config\Cache), false)
 7 FCPATH/index.php(71): CodeIgniter\CodeIgniter->run()
CRITICAL - 2023-04-22 23:59:45 --> Invalid file: template/bank-pro/wp-login.php
in SYSTEMPATH/Exceptions/FrameworkException.php on line 33.
 1 SYSTEMPATH/View/View.php(201): CodeIgniter\Exceptions\FrameworkException::forInvalidFile('template/bank-pro/wp-login.php')
 2 SYSTEMPATH/Common.php(1142): CodeIgniter\View\View->render('template/bank-pro/wp-login.php', [], true)
 3 APPPATH/Controllers/Pages.php(40): view('template/bank-pro/wp-login.php', [...])
 4 SYSTEMPATH/CodeIgniter.php(907): App\Controllers\Pages->view('wp-login.php')
 5 SYSTEMPATH/CodeIgniter.php(457): CodeIgniter\CodeIgniter->runController(Object(App\Controllers\Pages))
 6 SYSTEMPATH/CodeIgniter.php(340): CodeIgniter\CodeIgniter->handleRequest(null, Object(Config\Cache), false)
 7 FCPATH/index.php(71): CodeIgniter\CodeIgniter->run()
CRITICAL - 2023-04-22 23:59:45 --> Invalid file: template/bank-pro/xmlrpc.php
in SYSTEMPATH/Exceptions/FrameworkException.php on line 33.
 1 SYSTEMPATH/View/View.php(201): CodeIgniter\Exceptions\FrameworkException::forInvalidFile('template/bank-pro/xmlrpc.php')
 2 SYSTEMPATH/Common.php(1142): CodeIgniter\View\View->render('template/bank-pro/xmlrpc.php', [], true)
 3 APPPATH/Controllers/Pages.php(40): view('template/bank-pro/xmlrpc.php', [...])
 4 SYSTEMPATH/CodeIgniter.php(907): App\Controllers\Pages->view('xmlrpc.php')
 5 SYSTEMPATH/CodeIgniter.php(457): CodeIgniter\CodeIgniter->runController(Object(App\Controllers\Pages))
 6 SYSTEMPATH/CodeIgniter.php(340): CodeIgniter\CodeIgniter->handleRequest(null, Object(Config\Cache), false)
 7 FCPATH/index.php(71): CodeIgniter\CodeIgniter->run()
CRITICAL - 2023-04-22 23:59:45 --> Invalid file: template/bank-pro/wp-login.php
in SYSTEMPATH/Exceptions/FrameworkException.php on line 33.
 1 SYSTEMPATH/View/View.php(201): CodeIgniter\Exceptions\FrameworkException::forInvalidFile('template/bank-pro/wp-login.php')
 2 SYSTEMPATH/Common.php(1142): CodeIgniter\View\View->render('template/bank-pro/wp-login.php', [], true)
 3 APPPATH/Controllers/Pages.php(40): view('template/bank-pro/wp-login.php', [...])
 4 SYSTEMPATH/CodeIgniter.php(907): App\Controllers\Pages->view('wp-login.php')
 5 SYSTEMPATH/CodeIgniter.php(457): CodeIgniter\CodeIgniter->runController(Object(App\Controllers\Pages))
 6 SYSTEMPATH/CodeIgniter.php(340): CodeIgniter\CodeIgniter->handleRequest(null, Object(Config\Cache), false)
 7 FCPATH/index.php(71): CodeIgniter\CodeIgniter->run()
CRITICAL - 2023-04-22 23:59:45 --> Invalid file: template/bank-pro/xmlrpc.php
in SYSTEMPATH/Exceptions/FrameworkException.php on line 33.
 1 SYSTEMPATH/View/View.php(201): CodeIgniter\Exceptions\FrameworkException::forInvalidFile('template/bank-pro/xmlrpc.php')
 2 SYSTEMPATH/Common.php(1142): CodeIgniter\View\View->render('template/bank-pro/xmlrpc.php', [], true)
 3 APPPATH/Controllers/Pages.php(40): view('template/bank-pro/xmlrpc.php', [...])
 4 SYSTEMPATH/CodeIgniter.php(907): App\Controllers\Pages->view('xmlrpc.php')
 5 SYSTEMPATH/CodeIgniter.php(457): CodeIgniter\CodeIgniter->runController(Object(App\Controllers\Pages))
 6 SYSTEMPATH/CodeIgniter.php(340): CodeIgniter\CodeIgniter->handleRequest(null, Object(Config\Cache), false)
 7 FCPATH/index.php(71): CodeIgniter\CodeIgniter->run()
