CRITICAL - 2023-06-28 00:47:49 --> Invalid file: template/bank-pro/templates.php
in SYSTEMPATH/Exceptions/FrameworkException.php on line 33.
 1 SYSTEMPATH/View/View.php(201): CodeIgniter\Exceptions\FrameworkException::forInvalidFile('template/bank-pro/templates.php')
 2 SYSTEMPATH/Common.php(1142): CodeIgniter\View\View->render('template/bank-pro/templates', [], true)
 3 APPPATH/Controllers/Pages.php(40): view('template/bank-pro/templates', [...])
 4 SYSTEMPATH/CodeIgniter.php(907): App\Controllers\Pages->view('FCPATH/templates', 'bank-pro', 'p.typekit.net', 'p5e61.css')
 5 SYSTEMPATH/CodeIgniter.php(457): CodeIgniter\CodeIgniter->runController(Object(App\Controllers\Pages))
 6 SYSTEMPATH/CodeIgniter.php(340): CodeIgniter\CodeIgniter->handleRequest(null, Object(Config\Cache), false)
 7 FCPATH/index.php(71): CodeIgniter\CodeIgniter->run()
CRITICAL - 2023-06-28 00:47:49 --> Invalid file: template/bank-pro/templates.php
in SYSTEMPATH/Exceptions/FrameworkException.php on line 33.
 1 SYSTEMPATH/View/View.php(201): CodeIgniter\Exceptions\FrameworkException::forInvalidFile('template/bank-pro/templates.php')
 2 SYSTEMPATH/Common.php(1142): CodeIgniter\View\View->render('template/bank-pro/templates', [], true)
 3 APPPATH/Controllers/Pages.php(40): view('template/bank-pro/templates', [...])
 4 SYSTEMPATH/CodeIgniter.php(907): App\Controllers\Pages->view('FCPATH/templates', 'bank-pro', 'css', 'images', 'FCPATH/assets', 'citadel-logo.svg')
 5 SYSTEMPATH/CodeIgniter.php(457): CodeIgniter\CodeIgniter->runController(Object(App\Controllers\Pages))
 6 SYSTEMPATH/CodeIgniter.php(340): CodeIgniter\CodeIgniter->handleRequest(null, Object(Config\Cache), false)
 7 FCPATH/index.php(71): CodeIgniter\CodeIgniter->run()
CRITICAL - 2023-06-28 00:47:49 --> Invalid file: template/bank-pro/templates.php
in SYSTEMPATH/Exceptions/FrameworkException.php on line 33.
 1 SYSTEMPATH/View/View.php(201): CodeIgniter\Exceptions\FrameworkException::forInvalidFile('template/bank-pro/templates.php')
 2 SYSTEMPATH/Common.php(1142): CodeIgniter\View\View->render('template/bank-pro/templates', [], true)
 3 APPPATH/Controllers/Pages.php(40): view('template/bank-pro/templates', [...])
 4 SYSTEMPATH/CodeIgniter.php(907): App\Controllers\Pages->view('FCPATH/templates', 'bank-pro', 'css', 'images', 'FCPATH/assets', 'ico-caret--black.png')
 5 SYSTEMPATH/CodeIgniter.php(457): CodeIgniter\CodeIgniter->runController(Object(App\Controllers\Pages))
 6 SYSTEMPATH/CodeIgniter.php(340): CodeIgniter\CodeIgniter->handleRequest(null, Object(Config\Cache), false)
 7 FCPATH/index.php(71): CodeIgniter\CodeIgniter->run()
CRITICAL - 2023-06-28 00:47:49 --> Invalid file: template/bank-pro/templates.php
in SYSTEMPATH/Exceptions/FrameworkException.php on line 33.
 1 SYSTEMPATH/View/View.php(201): CodeIgniter\Exceptions\FrameworkException::forInvalidFile('template/bank-pro/templates.php')
 2 SYSTEMPATH/Common.php(1142): CodeIgniter\View\View->render('template/bank-pro/templates', [], true)
 3 APPPATH/Controllers/Pages.php(40): view('template/bank-pro/templates', [...])
 4 SYSTEMPATH/CodeIgniter.php(907): App\Controllers\Pages->view('FCPATH/templates', 'bank-pro', 'css', 'images', 'FCPATH/assets', 'pattern-bg-medium.svg')
 5 SYSTEMPATH/CodeIgniter.php(457): CodeIgniter\CodeIgniter->runController(Object(App\Controllers\Pages))
 6 SYSTEMPATH/CodeIgniter.php(340): CodeIgniter\CodeIgniter->handleRequest(null, Object(Config\Cache), false)
 7 FCPATH/index.php(71): CodeIgniter\CodeIgniter->run()
CRITICAL - 2023-06-28 00:48:55 --> Invalid file: template/bank-pro/templates.php
in SYSTEMPATH/Exceptions/FrameworkException.php on line 33.
 1 SYSTEMPATH/View/View.php(201): CodeIgniter\Exceptions\FrameworkException::forInvalidFile('template/bank-pro/templates.php')
 2 SYSTEMPATH/Common.php(1142): CodeIgniter\View\View->render('template/bank-pro/templates', [], true)
 3 APPPATH/Controllers/Pages.php(40): view('template/bank-pro/templates', [...])
 4 SYSTEMPATH/CodeIgniter.php(907): App\Controllers\Pages->view('FCPATH/templates', 'bank-pro', 'p.typekit.net', 'p5e61.css')
 5 SYSTEMPATH/CodeIgniter.php(457): CodeIgniter\CodeIgniter->runController(Object(App\Controllers\Pages))
 6 SYSTEMPATH/CodeIgniter.php(340): CodeIgniter\CodeIgniter->handleRequest(null, Object(Config\Cache), false)
 7 FCPATH/index.php(71): CodeIgniter\CodeIgniter->run()
CRITICAL - 2023-06-28 00:48:55 --> Invalid file: template/bank-pro/templates.php
in SYSTEMPATH/Exceptions/FrameworkException.php on line 33.
 1 SYSTEMPATH/View/View.php(201): CodeIgniter\Exceptions\FrameworkException::forInvalidFile('template/bank-pro/templates.php')
 2 SYSTEMPATH/Common.php(1142): CodeIgniter\View\View->render('template/bank-pro/templates', [], true)
 3 APPPATH/Controllers/Pages.php(40): view('template/bank-pro/templates', [...])
 4 SYSTEMPATH/CodeIgniter.php(907): App\Controllers\Pages->view('FCPATH/templates', 'bank-pro', 'css', 'images', 'FCPATH/assets', 'citadel-logo.svg')
 5 SYSTEMPATH/CodeIgniter.php(457): CodeIgniter\CodeIgniter->runController(Object(App\Controllers\Pages))
 6 SYSTEMPATH/CodeIgniter.php(340): CodeIgniter\CodeIgniter->handleRequest(null, Object(Config\Cache), false)
 7 FCPATH/index.php(71): CodeIgniter\CodeIgniter->run()
CRITICAL - 2023-06-28 00:48:55 --> Invalid file: template/bank-pro/templates.php
in SYSTEMPATH/Exceptions/FrameworkException.php on line 33.
 1 SYSTEMPATH/View/View.php(201): CodeIgniter\Exceptions\FrameworkException::forInvalidFile('template/bank-pro/templates.php')
 2 SYSTEMPATH/Common.php(1142): CodeIgniter\View\View->render('template/bank-pro/templates', [], true)
 3 APPPATH/Controllers/Pages.php(40): view('template/bank-pro/templates', [...])
 4 SYSTEMPATH/CodeIgniter.php(907): App\Controllers\Pages->view('FCPATH/templates', 'bank-pro', 'css', 'images', 'FCPATH/assets', 'ico-caret--black.png')
 5 SYSTEMPATH/CodeIgniter.php(457): CodeIgniter\CodeIgniter->runController(Object(App\Controllers\Pages))
 6 SYSTEMPATH/CodeIgniter.php(340): CodeIgniter\CodeIgniter->handleRequest(null, Object(Config\Cache), false)
 7 FCPATH/index.php(71): CodeIgniter\CodeIgniter->run()
CRITICAL - 2023-06-28 00:48:55 --> Invalid file: template/bank-pro/templates.php
in SYSTEMPATH/Exceptions/FrameworkException.php on line 33.
 1 SYSTEMPATH/View/View.php(201): CodeIgniter\Exceptions\FrameworkException::forInvalidFile('template/bank-pro/templates.php')
 2 SYSTEMPATH/Common.php(1142): CodeIgniter\View\View->render('template/bank-pro/templates', [], true)
 3 APPPATH/Controllers/Pages.php(40): view('template/bank-pro/templates', [...])
 4 SYSTEMPATH/CodeIgniter.php(907): App\Controllers\Pages->view('FCPATH/templates', 'bank-pro', 'css', 'images', 'FCPATH/assets', 'pattern-bg-medium.svg')
 5 SYSTEMPATH/CodeIgniter.php(457): CodeIgniter\CodeIgniter->runController(Object(App\Controllers\Pages))
 6 SYSTEMPATH/CodeIgniter.php(340): CodeIgniter\CodeIgniter->handleRequest(null, Object(Config\Cache), false)
 7 FCPATH/index.php(71): CodeIgniter\CodeIgniter->run()
CRITICAL - 2023-06-28 00:49:29 --> Invalid file: template/bank-pro/templates.php
in SYSTEMPATH/Exceptions/FrameworkException.php on line 33.
 1 SYSTEMPATH/View/View.php(201): CodeIgniter\Exceptions\FrameworkException::forInvalidFile('template/bank-pro/templates.php')
 2 SYSTEMPATH/Common.php(1142): CodeIgniter\View\View->render('template/bank-pro/templates', [], true)
 3 APPPATH/Controllers/Pages.php(40): view('template/bank-pro/templates', [...])
 4 SYSTEMPATH/CodeIgniter.php(907): App\Controllers\Pages->view('FCPATH/templates', 'bank-pro', 'p.typekit.net', 'p5e61.css')
 5 SYSTEMPATH/CodeIgniter.php(457): CodeIgniter\CodeIgniter->runController(Object(App\Controllers\Pages))
 6 SYSTEMPATH/CodeIgniter.php(340): CodeIgniter\CodeIgniter->handleRequest(null, Object(Config\Cache), false)
 7 FCPATH/index.php(71): CodeIgniter\CodeIgniter->run()
CRITICAL - 2023-06-28 00:49:29 --> Invalid file: template/bank-pro/templates.php
in SYSTEMPATH/Exceptions/FrameworkException.php on line 33.
 1 SYSTEMPATH/View/View.php(201): CodeIgniter\Exceptions\FrameworkException::forInvalidFile('template/bank-pro/templates.php')
 2 SYSTEMPATH/Common.php(1142): CodeIgniter\View\View->render('template/bank-pro/templates', [], true)
 3 APPPATH/Controllers/Pages.php(40): view('template/bank-pro/templates', [...])
 4 SYSTEMPATH/CodeIgniter.php(907): App\Controllers\Pages->view('FCPATH/templates', 'bank-pro', 'css', 'images', 'FCPATH/assets', 'pattern-bg-medium.svg')
 5 SYSTEMPATH/CodeIgniter.php(457): CodeIgniter\CodeIgniter->runController(Object(App\Controllers\Pages))
 6 SYSTEMPATH/CodeIgniter.php(340): CodeIgniter\CodeIgniter->handleRequest(null, Object(Config\Cache), false)
 7 FCPATH/index.php(71): CodeIgniter\CodeIgniter->run()
CRITICAL - 2023-06-28 00:49:29 --> Invalid file: template/bank-pro/templates.php
in SYSTEMPATH/Exceptions/FrameworkException.php on line 33.
 1 SYSTEMPATH/View/View.php(201): CodeIgniter\Exceptions\FrameworkException::forInvalidFile('template/bank-pro/templates.php')
 2 SYSTEMPATH/Common.php(1142): CodeIgniter\View\View->render('template/bank-pro/templates', [], true)
 3 APPPATH/Controllers/Pages.php(40): view('template/bank-pro/templates', [...])
 4 SYSTEMPATH/CodeIgniter.php(907): App\Controllers\Pages->view('FCPATH/templates', 'bank-pro', 'css', 'images', 'FCPATH/assets', 'citadel-logo.svg')
 5 SYSTEMPATH/CodeIgniter.php(457): CodeIgniter\CodeIgniter->runController(Object(App\Controllers\Pages))
 6 SYSTEMPATH/CodeIgniter.php(340): CodeIgniter\CodeIgniter->handleRequest(null, Object(Config\Cache), false)
 7 FCPATH/index.php(71): CodeIgniter\CodeIgniter->run()
CRITICAL - 2023-06-28 00:49:29 --> Invalid file: template/bank-pro/templates.php
in SYSTEMPATH/Exceptions/FrameworkException.php on line 33.
 1 SYSTEMPATH/View/View.php(201): CodeIgniter\Exceptions\FrameworkException::forInvalidFile('template/bank-pro/templates.php')
 2 SYSTEMPATH/Common.php(1142): CodeIgniter\View\View->render('template/bank-pro/templates', [], true)
 3 APPPATH/Controllers/Pages.php(40): view('template/bank-pro/templates', [...])
 4 SYSTEMPATH/CodeIgniter.php(907): App\Controllers\Pages->view('FCPATH/templates', 'bank-pro', 'css', 'images', 'FCPATH/assets', 'ico-caret--black.png')
 5 SYSTEMPATH/CodeIgniter.php(457): CodeIgniter\CodeIgniter->runController(Object(App\Controllers\Pages))
 6 SYSTEMPATH/CodeIgniter.php(340): CodeIgniter\CodeIgniter->handleRequest(null, Object(Config\Cache), false)
 7 FCPATH/index.php(71): CodeIgniter\CodeIgniter->run()
CRITICAL - 2023-06-28 00:49:33 --> Invalid file: template/bank-pro/templates.php
in SYSTEMPATH/Exceptions/FrameworkException.php on line 33.
 1 SYSTEMPATH/View/View.php(201): CodeIgniter\Exceptions\FrameworkException::forInvalidFile('template/bank-pro/templates.php')
 2 SYSTEMPATH/Common.php(1142): CodeIgniter\View\View->render('template/bank-pro/templates', [], true)
 3 APPPATH/Controllers/Pages.php(40): view('template/bank-pro/templates', [...])
 4 SYSTEMPATH/CodeIgniter.php(907): App\Controllers\Pages->view('FCPATH/templates', 'bank-pro', 'p.typekit.net', 'p5e61.css')
 5 SYSTEMPATH/CodeIgniter.php(457): CodeIgniter\CodeIgniter->runController(Object(App\Controllers\Pages))
 6 SYSTEMPATH/CodeIgniter.php(340): CodeIgniter\CodeIgniter->handleRequest(null, Object(Config\Cache), false)
 7 FCPATH/index.php(71): CodeIgniter\CodeIgniter->run()
CRITICAL - 2023-06-28 00:49:33 --> Invalid file: template/bank-pro/templates.php
in SYSTEMPATH/Exceptions/FrameworkException.php on line 33.
 1 SYSTEMPATH/View/View.php(201): CodeIgniter\Exceptions\FrameworkException::forInvalidFile('template/bank-pro/templates.php')
 2 SYSTEMPATH/Common.php(1142): CodeIgniter\View\View->render('template/bank-pro/templates', [], true)
 3 APPPATH/Controllers/Pages.php(40): view('template/bank-pro/templates', [...])
 4 SYSTEMPATH/CodeIgniter.php(907): App\Controllers\Pages->view('FCPATH/templates', 'bank-pro', 'css', 'images', 'FCPATH/assets', 'ico-caret--black.png')
 5 SYSTEMPATH/CodeIgniter.php(457): CodeIgniter\CodeIgniter->runController(Object(App\Controllers\Pages))
 6 SYSTEMPATH/CodeIgniter.php(340): CodeIgniter\CodeIgniter->handleRequest(null, Object(Config\Cache), false)
 7 FCPATH/index.php(71): CodeIgniter\CodeIgniter->run()
CRITICAL - 2023-06-28 00:49:33 --> Invalid file: template/bank-pro/templates.php
in SYSTEMPATH/Exceptions/FrameworkException.php on line 33.
 1 SYSTEMPATH/View/View.php(201): CodeIgniter\Exceptions\FrameworkException::forInvalidFile('template/bank-pro/templates.php')
 2 SYSTEMPATH/Common.php(1142): CodeIgniter\View\View->render('template/bank-pro/templates', [], true)
 3 APPPATH/Controllers/Pages.php(40): view('template/bank-pro/templates', [...])
 4 SYSTEMPATH/CodeIgniter.php(907): App\Controllers\Pages->view('FCPATH/templates', 'bank-pro', 'css', 'images', 'FCPATH/assets', 'citadel-logo.svg')
 5 SYSTEMPATH/CodeIgniter.php(457): CodeIgniter\CodeIgniter->runController(Object(App\Controllers\Pages))
 6 SYSTEMPATH/CodeIgniter.php(340): CodeIgniter\CodeIgniter->handleRequest(null, Object(Config\Cache), false)
 7 FCPATH/index.php(71): CodeIgniter\CodeIgniter->run()
CRITICAL - 2023-06-28 00:49:33 --> Invalid file: template/bank-pro/templates.php
in SYSTEMPATH/Exceptions/FrameworkException.php on line 33.
 1 SYSTEMPATH/View/View.php(201): CodeIgniter\Exceptions\FrameworkException::forInvalidFile('template/bank-pro/templates.php')
 2 SYSTEMPATH/Common.php(1142): CodeIgniter\View\View->render('template/bank-pro/templates', [], true)
 3 APPPATH/Controllers/Pages.php(40): view('template/bank-pro/templates', [...])
 4 SYSTEMPATH/CodeIgniter.php(907): App\Controllers\Pages->view('FCPATH/templates', 'bank-pro', 'css', 'images', 'FCPATH/assets', 'pattern-bg-teal.svg')
 5 SYSTEMPATH/CodeIgniter.php(457): CodeIgniter\CodeIgniter->runController(Object(App\Controllers\Pages))
 6 SYSTEMPATH/CodeIgniter.php(340): CodeIgniter\CodeIgniter->handleRequest(null, Object(Config\Cache), false)
 7 FCPATH/index.php(71): CodeIgniter\CodeIgniter->run()
CRITICAL - 2023-06-28 00:49:33 --> Invalid file: template/bank-pro/templates.php
in SYSTEMPATH/Exceptions/FrameworkException.php on line 33.
 1 SYSTEMPATH/View/View.php(201): CodeIgniter\Exceptions\FrameworkException::forInvalidFile('template/bank-pro/templates.php')
 2 SYSTEMPATH/Common.php(1142): CodeIgniter\View\View->render('template/bank-pro/templates', [], true)
 3 APPPATH/Controllers/Pages.php(40): view('template/bank-pro/templates', [...])
 4 SYSTEMPATH/CodeIgniter.php(907): App\Controllers\Pages->view('FCPATH/templates', 'bank-pro', 'css', 'images', 'FCPATH/assets', 'pattern-bg-medium.svg')
 5 SYSTEMPATH/CodeIgniter.php(457): CodeIgniter\CodeIgniter->runController(Object(App\Controllers\Pages))
 6 SYSTEMPATH/CodeIgniter.php(340): CodeIgniter\CodeIgniter->handleRequest(null, Object(Config\Cache), false)
 7 FCPATH/index.php(71): CodeIgniter\CodeIgniter->run()
CRITICAL - 2023-06-28 00:49:33 --> Invalid file: template/bank-pro/templates.php
in SYSTEMPATH/Exceptions/FrameworkException.php on line 33.
 1 SYSTEMPATH/View/View.php(201): CodeIgniter\Exceptions\FrameworkException::forInvalidFile('template/bank-pro/templates.php')
 2 SYSTEMPATH/Common.php(1142): CodeIgniter\View\View->render('template/bank-pro/templates', [], true)
 3 APPPATH/Controllers/Pages.php(40): view('template/bank-pro/templates', [...])
 4 SYSTEMPATH/CodeIgniter.php(907): App\Controllers\Pages->view('FCPATH/templates', 'bank-pro', 'css', 'images', 'FCPATH/assets', 'ico-caret--white.png')
 5 SYSTEMPATH/CodeIgniter.php(457): CodeIgniter\CodeIgniter->runController(Object(App\Controllers\Pages))
 6 SYSTEMPATH/CodeIgniter.php(340): CodeIgniter\CodeIgniter->handleRequest(null, Object(Config\Cache), false)
 7 FCPATH/index.php(71): CodeIgniter\CodeIgniter->run()
CRITICAL - 2023-06-28 06:05:53 --> Invalid file: template/bank-pro/templates.php
in SYSTEMPATH/Exceptions/FrameworkException.php on line 33.
 1 SYSTEMPATH/View/View.php(201): CodeIgniter\Exceptions\FrameworkException::forInvalidFile('template/bank-pro/templates.php')
 2 SYSTEMPATH/Common.php(1142): CodeIgniter\View\View->render('template/bank-pro/templates', [], true)
 3 APPPATH/Controllers/Pages.php(40): view('template/bank-pro/templates', [...])
 4 SYSTEMPATH/CodeIgniter.php(907): App\Controllers\Pages->view('FCPATH/templates', 'bank-pro', 'p.typekit.net', 'p5e61.css')
 5 SYSTEMPATH/CodeIgniter.php(457): CodeIgniter\CodeIgniter->runController(Object(App\Controllers\Pages))
 6 SYSTEMPATH/CodeIgniter.php(340): CodeIgniter\CodeIgniter->handleRequest(null, Object(Config\Cache), false)
 7 FCPATH/index.php(71): CodeIgniter\CodeIgniter->run()
CRITICAL - 2023-06-28 06:05:53 --> Invalid file: template/bank-pro/templates.php
in SYSTEMPATH/Exceptions/FrameworkException.php on line 33.
 1 SYSTEMPATH/View/View.php(201): CodeIgniter\Exceptions\FrameworkException::forInvalidFile('template/bank-pro/templates.php')
 2 SYSTEMPATH/Common.php(1142): CodeIgniter\View\View->render('template/bank-pro/templates', [], true)
 3 APPPATH/Controllers/Pages.php(40): view('template/bank-pro/templates', [...])
 4 SYSTEMPATH/CodeIgniter.php(907): App\Controllers\Pages->view('FCPATH/templates', 'bank-pro', 'css', 'images', 'FCPATH/assets', 'citadel-logo.svg')
 5 SYSTEMPATH/CodeIgniter.php(457): CodeIgniter\CodeIgniter->runController(Object(App\Controllers\Pages))
 6 SYSTEMPATH/CodeIgniter.php(340): CodeIgniter\CodeIgniter->handleRequest(null, Object(Config\Cache), false)
 7 FCPATH/index.php(71): CodeIgniter\CodeIgniter->run()
CRITICAL - 2023-06-28 06:05:53 --> Invalid file: template/bank-pro/templates.php
in SYSTEMPATH/Exceptions/FrameworkException.php on line 33.
 1 SYSTEMPATH/View/View.php(201): CodeIgniter\Exceptions\FrameworkException::forInvalidFile('template/bank-pro/templates.php')
 2 SYSTEMPATH/Common.php(1142): CodeIgniter\View\View->render('template/bank-pro/templates', [], true)
 3 APPPATH/Controllers/Pages.php(40): view('template/bank-pro/templates', [...])
 4 SYSTEMPATH/CodeIgniter.php(907): App\Controllers\Pages->view('FCPATH/templates', 'bank-pro', 'css', 'images', 'FCPATH/assets', 'ico-caret--black.png')
 5 SYSTEMPATH/CodeIgniter.php(457): CodeIgniter\CodeIgniter->runController(Object(App\Controllers\Pages))
 6 SYSTEMPATH/CodeIgniter.php(340): CodeIgniter\CodeIgniter->handleRequest(null, Object(Config\Cache), false)
 7 FCPATH/index.php(71): CodeIgniter\CodeIgniter->run()
CRITICAL - 2023-06-28 06:05:53 --> Invalid file: template/bank-pro/templates.php
in SYSTEMPATH/Exceptions/FrameworkException.php on line 33.
 1 SYSTEMPATH/View/View.php(201): CodeIgniter\Exceptions\FrameworkException::forInvalidFile('template/bank-pro/templates.php')
 2 SYSTEMPATH/Common.php(1142): CodeIgniter\View\View->render('template/bank-pro/templates', [], true)
 3 APPPATH/Controllers/Pages.php(40): view('template/bank-pro/templates', [...])
 4 SYSTEMPATH/CodeIgniter.php(907): App\Controllers\Pages->view('FCPATH/templates', 'bank-pro', 'css', 'images', 'FCPATH/assets', 'pattern-bg-medium.svg')
 5 SYSTEMPATH/CodeIgniter.php(457): CodeIgniter\CodeIgniter->runController(Object(App\Controllers\Pages))
 6 SYSTEMPATH/CodeIgniter.php(340): CodeIgniter\CodeIgniter->handleRequest(null, Object(Config\Cache), false)
 7 FCPATH/index.php(71): CodeIgniter\CodeIgniter->run()
CRITICAL - 2023-06-28 09:21:01 --> Invalid file: template/bank-pro/sitemap_index.xml
in SYSTEMPATH/Exceptions/FrameworkException.php on line 33.
 1 SYSTEMPATH/View/View.php(201): CodeIgniter\Exceptions\FrameworkException::forInvalidFile('template/bank-pro/sitemap_index.xml')
 2 SYSTEMPATH/Common.php(1142): CodeIgniter\View\View->render('template/bank-pro/sitemap_index.xml', [], true)
 3 APPPATH/Controllers/Pages.php(40): view('template/bank-pro/sitemap_index.xml', [...])
 4 SYSTEMPATH/CodeIgniter.php(907): App\Controllers\Pages->view('sitemap_index.xml')
 5 SYSTEMPATH/CodeIgniter.php(457): CodeIgniter\CodeIgniter->runController(Object(App\Controllers\Pages))
 6 SYSTEMPATH/CodeIgniter.php(340): CodeIgniter\CodeIgniter->handleRequest(null, Object(Config\Cache), false)
 7 FCPATH/index.php(71): CodeIgniter\CodeIgniter->run()
CRITICAL - 2023-06-28 09:24:21 --> Invalid file: template/bank-pro/sitemap.xml.gz
in SYSTEMPATH/Exceptions/FrameworkException.php on line 33.
 1 SYSTEMPATH/View/View.php(201): CodeIgniter\Exceptions\FrameworkException::forInvalidFile('template/bank-pro/sitemap.xml.gz')
 2 SYSTEMPATH/Common.php(1142): CodeIgniter\View\View->render('template/bank-pro/sitemap.xml.gz', [], true)
 3 APPPATH/Controllers/Pages.php(40): view('template/bank-pro/sitemap.xml.gz', [...])
 4 SYSTEMPATH/CodeIgniter.php(907): App\Controllers\Pages->view('sitemap.xml.gz')
 5 SYSTEMPATH/CodeIgniter.php(457): CodeIgniter\CodeIgniter->runController(Object(App\Controllers\Pages))
 6 SYSTEMPATH/CodeIgniter.php(340): CodeIgniter\CodeIgniter->handleRequest(null, Object(Config\Cache), false)
 7 FCPATH/index.php(71): CodeIgniter\CodeIgniter->run()
CRITICAL - 2023-06-28 09:26:53 --> Invalid file: template/bank-pro/sitemap.xml
in SYSTEMPATH/Exceptions/FrameworkException.php on line 33.
 1 SYSTEMPATH/View/View.php(201): CodeIgniter\Exceptions\FrameworkException::forInvalidFile('template/bank-pro/sitemap.xml')
 2 SYSTEMPATH/Common.php(1142): CodeIgniter\View\View->render('template/bank-pro/sitemap.xml', [], true)
 3 APPPATH/Controllers/Pages.php(40): view('template/bank-pro/sitemap.xml', [...])
 4 SYSTEMPATH/CodeIgniter.php(907): App\Controllers\Pages->view('sitemap.xml')
 5 SYSTEMPATH/CodeIgniter.php(457): CodeIgniter\CodeIgniter->runController(Object(App\Controllers\Pages))
 6 SYSTEMPATH/CodeIgniter.php(340): CodeIgniter\CodeIgniter->handleRequest(null, Object(Config\Cache), false)
 7 FCPATH/index.php(71): CodeIgniter\CodeIgniter->run()
CRITICAL - 2023-06-28 09:27:21 --> Invalid file: template/bank-pro/sitemap.xml.gz
in SYSTEMPATH/Exceptions/FrameworkException.php on line 33.
 1 SYSTEMPATH/View/View.php(201): CodeIgniter\Exceptions\FrameworkException::forInvalidFile('template/bank-pro/sitemap.xml.gz')
 2 SYSTEMPATH/Common.php(1142): CodeIgniter\View\View->render('template/bank-pro/sitemap.xml.gz', [], true)
 3 APPPATH/Controllers/Pages.php(40): view('template/bank-pro/sitemap.xml.gz', [...])
 4 SYSTEMPATH/CodeIgniter.php(907): App\Controllers\Pages->view('sitemap.xml.gz')
 5 SYSTEMPATH/CodeIgniter.php(457): CodeIgniter\CodeIgniter->runController(Object(App\Controllers\Pages))
 6 SYSTEMPATH/CodeIgniter.php(340): CodeIgniter\CodeIgniter->handleRequest(null, Object(Config\Cache), false)
 7 FCPATH/index.php(71): CodeIgniter\CodeIgniter->run()
CRITICAL - 2023-06-28 09:30:12 --> Invalid file: template/bank-pro/sitemap.txt
in SYSTEMPATH/Exceptions/FrameworkException.php on line 33.
 1 SYSTEMPATH/View/View.php(201): CodeIgniter\Exceptions\FrameworkException::forInvalidFile('template/bank-pro/sitemap.txt')
 2 SYSTEMPATH/Common.php(1142): CodeIgniter\View\View->render('template/bank-pro/sitemap.txt', [], true)
 3 APPPATH/Controllers/Pages.php(40): view('template/bank-pro/sitemap.txt', [...])
 4 SYSTEMPATH/CodeIgniter.php(907): App\Controllers\Pages->view('sitemap.txt')
 5 SYSTEMPATH/CodeIgniter.php(457): CodeIgniter\CodeIgniter->runController(Object(App\Controllers\Pages))
 6 SYSTEMPATH/CodeIgniter.php(340): CodeIgniter\CodeIgniter->handleRequest(null, Object(Config\Cache), false)
 7 FCPATH/index.php(71): CodeIgniter\CodeIgniter->run()
CRITICAL - 2023-06-28 09:38:32 --> Invalid file: template/bank-pro/atom.xml
in SYSTEMPATH/Exceptions/FrameworkException.php on line 33.
 1 SYSTEMPATH/View/View.php(201): CodeIgniter\Exceptions\FrameworkException::forInvalidFile('template/bank-pro/atom.xml')
 2 SYSTEMPATH/Common.php(1142): CodeIgniter\View\View->render('template/bank-pro/atom.xml', [], true)
 3 APPPATH/Controllers/Pages.php(40): view('template/bank-pro/atom.xml', [...])
 4 SYSTEMPATH/CodeIgniter.php(907): App\Controllers\Pages->view('atom.xml')
 5 SYSTEMPATH/CodeIgniter.php(457): CodeIgniter\CodeIgniter->runController(Object(App\Controllers\Pages))
 6 SYSTEMPATH/CodeIgniter.php(340): CodeIgniter\CodeIgniter->handleRequest(null, Object(Config\Cache), false)
 7 FCPATH/index.php(71): CodeIgniter\CodeIgniter->run()
CRITICAL - 2023-06-28 09:48:15 --> Invalid file: template/bank-pro/sitemap.xml
in SYSTEMPATH/Exceptions/FrameworkException.php on line 33.
 1 SYSTEMPATH/View/View.php(201): CodeIgniter\Exceptions\FrameworkException::forInvalidFile('template/bank-pro/sitemap.xml')
 2 SYSTEMPATH/Common.php(1142): CodeIgniter\View\View->render('template/bank-pro/sitemap.xml', [], true)
 3 APPPATH/Controllers/Pages.php(40): view('template/bank-pro/sitemap.xml', [...])
 4 SYSTEMPATH/CodeIgniter.php(907): App\Controllers\Pages->view('sitemap.xml')
 5 SYSTEMPATH/CodeIgniter.php(457): CodeIgniter\CodeIgniter->runController(Object(App\Controllers\Pages))
 6 SYSTEMPATH/CodeIgniter.php(340): CodeIgniter\CodeIgniter->handleRequest(null, Object(Config\Cache), false)
 7 FCPATH/index.php(71): CodeIgniter\CodeIgniter->run()
CRITICAL - 2023-06-28 10:14:28 --> Invalid file: template/bank-pro/sitemap_index.xml
in SYSTEMPATH/Exceptions/FrameworkException.php on line 33.
 1 SYSTEMPATH/View/View.php(201): CodeIgniter\Exceptions\FrameworkException::forInvalidFile('template/bank-pro/sitemap_index.xml')
 2 SYSTEMPATH/Common.php(1142): CodeIgniter\View\View->render('template/bank-pro/sitemap_index.xml', [], true)
 3 APPPATH/Controllers/Pages.php(40): view('template/bank-pro/sitemap_index.xml', [...])
 4 SYSTEMPATH/CodeIgniter.php(907): App\Controllers\Pages->view('sitemap_index.xml')
 5 SYSTEMPATH/CodeIgniter.php(457): CodeIgniter\CodeIgniter->runController(Object(App\Controllers\Pages))
 6 SYSTEMPATH/CodeIgniter.php(340): CodeIgniter\CodeIgniter->handleRequest(null, Object(Config\Cache), false)
 7 FCPATH/index.php(71): CodeIgniter\CodeIgniter->run()
CRITICAL - 2023-06-28 10:19:55 --> Invalid file: template/bank-pro/sitemaps.xml
in SYSTEMPATH/Exceptions/FrameworkException.php on line 33.
 1 SYSTEMPATH/View/View.php(201): CodeIgniter\Exceptions\FrameworkException::forInvalidFile('template/bank-pro/sitemaps.xml')
 2 SYSTEMPATH/Common.php(1142): CodeIgniter\View\View->render('template/bank-pro/sitemaps.xml', [], true)
 3 APPPATH/Controllers/Pages.php(40): view('template/bank-pro/sitemaps.xml', [...])
 4 SYSTEMPATH/CodeIgniter.php(907): App\Controllers\Pages->view('sitemaps.xml')
 5 SYSTEMPATH/CodeIgniter.php(457): CodeIgniter\CodeIgniter->runController(Object(App\Controllers\Pages))
 6 SYSTEMPATH/CodeIgniter.php(340): CodeIgniter\CodeIgniter->handleRequest(null, Object(Config\Cache), false)
 7 FCPATH/index.php(71): CodeIgniter\CodeIgniter->run()
CRITICAL - 2023-06-28 10:57:53 --> Invalid file: template/bank-pro/sitemaps.xml
in SYSTEMPATH/Exceptions/FrameworkException.php on line 33.
 1 SYSTEMPATH/View/View.php(201): CodeIgniter\Exceptions\FrameworkException::forInvalidFile('template/bank-pro/sitemaps.xml')
 2 SYSTEMPATH/Common.php(1142): CodeIgniter\View\View->render('template/bank-pro/sitemaps.xml', [], true)
 3 APPPATH/Controllers/Pages.php(40): view('template/bank-pro/sitemaps.xml', [...])
 4 SYSTEMPATH/CodeIgniter.php(907): App\Controllers\Pages->view('sitemaps.xml')
 5 SYSTEMPATH/CodeIgniter.php(457): CodeIgniter\CodeIgniter->runController(Object(App\Controllers\Pages))
 6 SYSTEMPATH/CodeIgniter.php(340): CodeIgniter\CodeIgniter->handleRequest(null, Object(Config\Cache), false)
 7 FCPATH/index.php(71): CodeIgniter\CodeIgniter->run()
CRITICAL - 2023-06-28 12:00:22 --> Invalid file: template/bank-pro/templates.php
in SYSTEMPATH/Exceptions/FrameworkException.php on line 33.
 1 SYSTEMPATH/View/View.php(201): CodeIgniter\Exceptions\FrameworkException::forInvalidFile('template/bank-pro/templates.php')
 2 SYSTEMPATH/Common.php(1142): CodeIgniter\View\View->render('template/bank-pro/templates', [], true)
 3 APPPATH/Controllers/Pages.php(40): view('template/bank-pro/templates', [...])
 4 SYSTEMPATH/CodeIgniter.php(907): App\Controllers\Pages->view('FCPATH/templates', 'bank-pro', 'p.typekit.net', 'p5e61.css')
 5 SYSTEMPATH/CodeIgniter.php(457): CodeIgniter\CodeIgniter->runController(Object(App\Controllers\Pages))
 6 SYSTEMPATH/CodeIgniter.php(340): CodeIgniter\CodeIgniter->handleRequest(null, Object(Config\Cache), false)
 7 FCPATH/index.php(71): CodeIgniter\CodeIgniter->run()
CRITICAL - 2023-06-28 12:00:22 --> Invalid file: template/bank-pro/templates.php
in SYSTEMPATH/Exceptions/FrameworkException.php on line 33.
 1 SYSTEMPATH/View/View.php(201): CodeIgniter\Exceptions\FrameworkException::forInvalidFile('template/bank-pro/templates.php')
 2 SYSTEMPATH/Common.php(1142): CodeIgniter\View\View->render('template/bank-pro/templates', [], true)
 3 APPPATH/Controllers/Pages.php(40): view('template/bank-pro/templates', [...])
 4 SYSTEMPATH/CodeIgniter.php(907): App\Controllers\Pages->view('FCPATH/templates', 'bank-pro', 'css', 'images', 'FCPATH/assets', 'ico-caret--black.png')
 5 SYSTEMPATH/CodeIgniter.php(457): CodeIgniter\CodeIgniter->runController(Object(App\Controllers\Pages))
 6 SYSTEMPATH/CodeIgniter.php(340): CodeIgniter\CodeIgniter->handleRequest(null, Object(Config\Cache), false)
 7 FCPATH/index.php(71): CodeIgniter\CodeIgniter->run()
CRITICAL - 2023-06-28 12:00:22 --> Invalid file: template/bank-pro/templates.php
in SYSTEMPATH/Exceptions/FrameworkException.php on line 33.
 1 SYSTEMPATH/View/View.php(201): CodeIgniter\Exceptions\FrameworkException::forInvalidFile('template/bank-pro/templates.php')
 2 SYSTEMPATH/Common.php(1142): CodeIgniter\View\View->render('template/bank-pro/templates', [], true)
 3 APPPATH/Controllers/Pages.php(40): view('template/bank-pro/templates', [...])
 4 SYSTEMPATH/CodeIgniter.php(907): App\Controllers\Pages->view('FCPATH/templates', 'bank-pro', 'css', 'images', 'FCPATH/assets', 'citadel-logo.svg')
 5 SYSTEMPATH/CodeIgniter.php(457): CodeIgniter\CodeIgniter->runController(Object(App\Controllers\Pages))
 6 SYSTEMPATH/CodeIgniter.php(340): CodeIgniter\CodeIgniter->handleRequest(null, Object(Config\Cache), false)
 7 FCPATH/index.php(71): CodeIgniter\CodeIgniter->run()
CRITICAL - 2023-06-28 12:00:23 --> Invalid file: template/bank-pro/templates.php
in SYSTEMPATH/Exceptions/FrameworkException.php on line 33.
 1 SYSTEMPATH/View/View.php(201): CodeIgniter\Exceptions\FrameworkException::forInvalidFile('template/bank-pro/templates.php')
 2 SYSTEMPATH/Common.php(1142): CodeIgniter\View\View->render('template/bank-pro/templates', [], true)
 3 APPPATH/Controllers/Pages.php(40): view('template/bank-pro/templates', [...])
 4 SYSTEMPATH/CodeIgniter.php(907): App\Controllers\Pages->view('FCPATH/templates', 'bank-pro', 'css', 'images', 'FCPATH/assets', 'pattern-bg-medium.svg')
 5 SYSTEMPATH/CodeIgniter.php(457): CodeIgniter\CodeIgniter->runController(Object(App\Controllers\Pages))
 6 SYSTEMPATH/CodeIgniter.php(340): CodeIgniter\CodeIgniter->handleRequest(null, Object(Config\Cache), false)
 7 FCPATH/index.php(71): CodeIgniter\CodeIgniter->run()
CRITICAL - 2023-06-28 12:00:44 --> Invalid file: template/bank-pro/assets.php
in SYSTEMPATH/Exceptions/FrameworkException.php on line 33.
 1 SYSTEMPATH/View/View.php(201): CodeIgniter\Exceptions\FrameworkException::forInvalidFile('template/bank-pro/assets.php')
 2 SYSTEMPATH/Common.php(1142): CodeIgniter\View\View->render('template/bank-pro/assets', [], true)
 3 APPPATH/Controllers/Pages.php(40): view('template/bank-pro/assets', [...])
 4 SYSTEMPATH/CodeIgniter.php(907): App\Controllers\Pages->view('FCPATH/assets', 'images', 'chip.png')
 5 SYSTEMPATH/CodeIgniter.php(457): CodeIgniter\CodeIgniter->runController(Object(App\Controllers\Pages))
 6 SYSTEMPATH/CodeIgniter.php(340): CodeIgniter\CodeIgniter->handleRequest(null, Object(Config\Cache), false)
 7 FCPATH/index.php(71): CodeIgniter\CodeIgniter->run()
CRITICAL - 2023-06-28 12:00:44 --> Invalid file: template/bank-pro/assets.php
in SYSTEMPATH/Exceptions/FrameworkException.php on line 33.
 1 SYSTEMPATH/View/View.php(201): CodeIgniter\Exceptions\FrameworkException::forInvalidFile('template/bank-pro/assets.php')
 2 SYSTEMPATH/Common.php(1142): CodeIgniter\View\View->render('template/bank-pro/assets', [], true)
 3 APPPATH/Controllers/Pages.php(40): view('template/bank-pro/assets', [...])
 4 SYSTEMPATH/CodeIgniter.php(907): App\Controllers\Pages->view('FCPATH/assets', 'images', 'visa.png')
 5 SYSTEMPATH/CodeIgniter.php(457): CodeIgniter\CodeIgniter->runController(Object(App\Controllers\Pages))
 6 SYSTEMPATH/CodeIgniter.php(340): CodeIgniter\CodeIgniter->handleRequest(null, Object(Config\Cache), false)
 7 FCPATH/index.php(71): CodeIgniter\CodeIgniter->run()
CRITICAL - 2023-06-28 12:00:44 --> Invalid file: template/bank-pro/themes.php
in SYSTEMPATH/Exceptions/FrameworkException.php on line 33.
 1 SYSTEMPATH/View/View.php(201): CodeIgniter\Exceptions\FrameworkException::forInvalidFile('template/bank-pro/themes.php')
 2 SYSTEMPATH/Common.php(1142): CodeIgniter\View\View->render('template/bank-pro/themes', [], true)
 3 APPPATH/Controllers/Pages.php(40): view('template/bank-pro/themes', [...])
 4 SYSTEMPATH/CodeIgniter.php(907): App\Controllers\Pages->view('FCPATH/themes', 'finapp-light', 'webfonts', 'fa-brands-400.woff2')
 5 SYSTEMPATH/CodeIgniter.php(457): CodeIgniter\CodeIgniter->runController(Object(App\Controllers\Pages))
 6 SYSTEMPATH/CodeIgniter.php(340): CodeIgniter\CodeIgniter->handleRequest(null, Object(Config\Cache), false)
 7 FCPATH/index.php(71): CodeIgniter\CodeIgniter->run()
CRITICAL - 2023-06-28 12:00:44 --> Invalid file: template/bank-pro/themes.php
in SYSTEMPATH/Exceptions/FrameworkException.php on line 33.
 1 SYSTEMPATH/View/View.php(201): CodeIgniter\Exceptions\FrameworkException::forInvalidFile('template/bank-pro/themes.php')
 2 SYSTEMPATH/Common.php(1142): CodeIgniter\View\View->render('template/bank-pro/themes', [], true)
 3 APPPATH/Controllers/Pages.php(40): view('template/bank-pro/themes', [...])
 4 SYSTEMPATH/CodeIgniter.php(907): App\Controllers\Pages->view('FCPATH/themes', 'finapp-light', 'webfonts', 'fa-solid-900.woff2')
 5 SYSTEMPATH/CodeIgniter.php(457): CodeIgniter\CodeIgniter->runController(Object(App\Controllers\Pages))
 6 SYSTEMPATH/CodeIgniter.php(340): CodeIgniter\CodeIgniter->handleRequest(null, Object(Config\Cache), false)
 7 FCPATH/index.php(71): CodeIgniter\CodeIgniter->run()
CRITICAL - 2023-06-28 12:00:44 --> Invalid file: template/bank-pro/themes.php
in SYSTEMPATH/Exceptions/FrameworkException.php on line 33.
 1 SYSTEMPATH/View/View.php(201): CodeIgniter\Exceptions\FrameworkException::forInvalidFile('template/bank-pro/themes.php')
 2 SYSTEMPATH/Common.php(1142): CodeIgniter\View\View->render('template/bank-pro/themes', [], true)
 3 APPPATH/Controllers/Pages.php(40): view('template/bank-pro/themes', [...])
 4 SYSTEMPATH/CodeIgniter.php(907): App\Controllers\Pages->view('FCPATH/themes', 'finapp-light', 'webfonts', 'fa-regular-400.woff2')
 5 SYSTEMPATH/CodeIgniter.php(457): CodeIgniter\CodeIgniter->runController(Object(App\Controllers\Pages))
 6 SYSTEMPATH/CodeIgniter.php(340): CodeIgniter\CodeIgniter->handleRequest(null, Object(Config\Cache), false)
 7 FCPATH/index.php(71): CodeIgniter\CodeIgniter->run()
CRITICAL - 2023-06-28 12:00:44 --> Invalid file: template/bank-pro/__service-worker.js
in SYSTEMPATH/Exceptions/FrameworkException.php on line 33.
 1 SYSTEMPATH/View/View.php(201): CodeIgniter\Exceptions\FrameworkException::forInvalidFile('template/bank-pro/__service-worker.js')
 2 SYSTEMPATH/Common.php(1142): CodeIgniter\View\View->render('template/bank-pro/__service-worker.js', [], true)
 3 APPPATH/Controllers/Pages.php(40): view('template/bank-pro/__service-worker.js', [...])
 4 SYSTEMPATH/CodeIgniter.php(907): App\Controllers\Pages->view('__service-worker.js')
 5 SYSTEMPATH/CodeIgniter.php(457): CodeIgniter\CodeIgniter->runController(Object(App\Controllers\Pages))
 6 SYSTEMPATH/CodeIgniter.php(340): CodeIgniter\CodeIgniter->handleRequest(null, Object(Config\Cache), false)
 7 FCPATH/index.php(71): CodeIgniter\CodeIgniter->run()
CRITICAL - 2023-06-28 12:00:44 --> Invalid file: template/bank-pro/themes.php
in SYSTEMPATH/Exceptions/FrameworkException.php on line 33.
 1 SYSTEMPATH/View/View.php(201): CodeIgniter\Exceptions\FrameworkException::forInvalidFile('template/bank-pro/themes.php')
 2 SYSTEMPATH/Common.php(1142): CodeIgniter\View\View->render('template/bank-pro/themes', [], true)
 3 APPPATH/Controllers/Pages.php(40): view('template/bank-pro/themes', [...])
 4 SYSTEMPATH/CodeIgniter.php(907): App\Controllers\Pages->view('FCPATH/themes', 'finapp-light', 'webfonts', 'fa-brands-400.woff')
 5 SYSTEMPATH/CodeIgniter.php(457): CodeIgniter\CodeIgniter->runController(Object(App\Controllers\Pages))
 6 SYSTEMPATH/CodeIgniter.php(340): CodeIgniter\CodeIgniter->handleRequest(null, Object(Config\Cache), false)
 7 FCPATH/index.php(71): CodeIgniter\CodeIgniter->run()
CRITICAL - 2023-06-28 12:00:44 --> Invalid file: template/bank-pro/themes.php
in SYSTEMPATH/Exceptions/FrameworkException.php on line 33.
 1 SYSTEMPATH/View/View.php(201): CodeIgniter\Exceptions\FrameworkException::forInvalidFile('template/bank-pro/themes.php')
 2 SYSTEMPATH/Common.php(1142): CodeIgniter\View\View->render('template/bank-pro/themes', [], true)
 3 APPPATH/Controllers/Pages.php(40): view('template/bank-pro/themes', [...])
 4 SYSTEMPATH/CodeIgniter.php(907): App\Controllers\Pages->view('FCPATH/themes', 'finapp-light', 'webfonts', 'fa-brands-400.ttf')
 5 SYSTEMPATH/CodeIgniter.php(457): CodeIgniter\CodeIgniter->runController(Object(App\Controllers\Pages))
 6 SYSTEMPATH/CodeIgniter.php(340): CodeIgniter\CodeIgniter->handleRequest(null, Object(Config\Cache), false)
 7 FCPATH/index.php(71): CodeIgniter\CodeIgniter->run()
CRITICAL - 2023-06-28 12:00:44 --> Invalid file: template/bank-pro/themes.php
in SYSTEMPATH/Exceptions/FrameworkException.php on line 33.
 1 SYSTEMPATH/View/View.php(201): CodeIgniter\Exceptions\FrameworkException::forInvalidFile('template/bank-pro/themes.php')
 2 SYSTEMPATH/Common.php(1142): CodeIgniter\View\View->render('template/bank-pro/themes', [], true)
 3 APPPATH/Controllers/Pages.php(40): view('template/bank-pro/themes', [...])
 4 SYSTEMPATH/CodeIgniter.php(907): App\Controllers\Pages->view('FCPATH/themes', 'finapp-light', 'webfonts', 'fa-solid-900.woff')
 5 SYSTEMPATH/CodeIgniter.php(457): CodeIgniter\CodeIgniter->runController(Object(App\Controllers\Pages))
 6 SYSTEMPATH/CodeIgniter.php(340): CodeIgniter\CodeIgniter->handleRequest(null, Object(Config\Cache), false)
 7 FCPATH/index.php(71): CodeIgniter\CodeIgniter->run()
CRITICAL - 2023-06-28 12:00:44 --> Invalid file: template/bank-pro/themes.php
in SYSTEMPATH/Exceptions/FrameworkException.php on line 33.
 1 SYSTEMPATH/View/View.php(201): CodeIgniter\Exceptions\FrameworkException::forInvalidFile('template/bank-pro/themes.php')
 2 SYSTEMPATH/Common.php(1142): CodeIgniter\View\View->render('template/bank-pro/themes', [], true)
 3 APPPATH/Controllers/Pages.php(40): view('template/bank-pro/themes', [...])
 4 SYSTEMPATH/CodeIgniter.php(907): App\Controllers\Pages->view('FCPATH/themes', 'finapp-light', 'webfonts', 'fa-regular-400.woff')
 5 SYSTEMPATH/CodeIgniter.php(457): CodeIgniter\CodeIgniter->runController(Object(App\Controllers\Pages))
 6 SYSTEMPATH/CodeIgniter.php(340): CodeIgniter\CodeIgniter->handleRequest(null, Object(Config\Cache), false)
 7 FCPATH/index.php(71): CodeIgniter\CodeIgniter->run()
CRITICAL - 2023-06-28 12:00:44 --> Invalid file: template/bank-pro/themes.php
in SYSTEMPATH/Exceptions/FrameworkException.php on line 33.
 1 SYSTEMPATH/View/View.php(201): CodeIgniter\Exceptions\FrameworkException::forInvalidFile('template/bank-pro/themes.php')
 2 SYSTEMPATH/Common.php(1142): CodeIgniter\View\View->render('template/bank-pro/themes', [], true)
 3 APPPATH/Controllers/Pages.php(40): view('template/bank-pro/themes', [...])
 4 SYSTEMPATH/CodeIgniter.php(907): App\Controllers\Pages->view('FCPATH/themes', 'finapp-light', 'webfonts', 'fa-solid-900.ttf')
 5 SYSTEMPATH/CodeIgniter.php(457): CodeIgniter\CodeIgniter->runController(Object(App\Controllers\Pages))
 6 SYSTEMPATH/CodeIgniter.php(340): CodeIgniter\CodeIgniter->handleRequest(null, Object(Config\Cache), false)
 7 FCPATH/index.php(71): CodeIgniter\CodeIgniter->run()
CRITICAL - 2023-06-28 12:00:44 --> Invalid file: template/bank-pro/themes.php
in SYSTEMPATH/Exceptions/FrameworkException.php on line 33.
 1 SYSTEMPATH/View/View.php(201): CodeIgniter\Exceptions\FrameworkException::forInvalidFile('template/bank-pro/themes.php')
 2 SYSTEMPATH/Common.php(1142): CodeIgniter\View\View->render('template/bank-pro/themes', [], true)
 3 APPPATH/Controllers/Pages.php(40): view('template/bank-pro/themes', [...])
 4 SYSTEMPATH/CodeIgniter.php(907): App\Controllers\Pages->view('FCPATH/themes', 'finapp-light', 'webfonts', 'fa-regular-400.ttf')
 5 SYSTEMPATH/CodeIgniter.php(457): CodeIgniter\CodeIgniter->runController(Object(App\Controllers\Pages))
 6 SYSTEMPATH/CodeIgniter.php(340): CodeIgniter\CodeIgniter->handleRequest(null, Object(Config\Cache), false)
 7 FCPATH/index.php(71): CodeIgniter\CodeIgniter->run()
CRITICAL - 2023-06-28 12:00:54 --> Invalid file: template/bank-pro/templates.php
in SYSTEMPATH/Exceptions/FrameworkException.php on line 33.
 1 SYSTEMPATH/View/View.php(201): CodeIgniter\Exceptions\FrameworkException::forInvalidFile('template/bank-pro/templates.php')
 2 SYSTEMPATH/Common.php(1142): CodeIgniter\View\View->render('template/bank-pro/templates', [], true)
 3 APPPATH/Controllers/Pages.php(40): view('template/bank-pro/templates', [...])
 4 SYSTEMPATH/CodeIgniter.php(907): App\Controllers\Pages->view('FCPATH/templates', 'bank-pro', 'p.typekit.net', 'p5e61.css')
 5 SYSTEMPATH/CodeIgniter.php(457): CodeIgniter\CodeIgniter->runController(Object(App\Controllers\Pages))
 6 SYSTEMPATH/CodeIgniter.php(340): CodeIgniter\CodeIgniter->handleRequest(null, Object(Config\Cache), false)
 7 FCPATH/index.php(71): CodeIgniter\CodeIgniter->run()
CRITICAL - 2023-06-28 12:00:54 --> Invalid file: template/bank-pro/templates.php
in SYSTEMPATH/Exceptions/FrameworkException.php on line 33.
 1 SYSTEMPATH/View/View.php(201): CodeIgniter\Exceptions\FrameworkException::forInvalidFile('template/bank-pro/templates.php')
 2 SYSTEMPATH/Common.php(1142): CodeIgniter\View\View->render('template/bank-pro/templates', [], true)
 3 APPPATH/Controllers/Pages.php(40): view('template/bank-pro/templates', [...])
 4 SYSTEMPATH/CodeIgniter.php(907): App\Controllers\Pages->view('FCPATH/templates', 'bank-pro', 'css', 'images', 'FCPATH/assets', 'citadel-logo.svg')
 5 SYSTEMPATH/CodeIgniter.php(457): CodeIgniter\CodeIgniter->runController(Object(App\Controllers\Pages))
 6 SYSTEMPATH/CodeIgniter.php(340): CodeIgniter\CodeIgniter->handleRequest(null, Object(Config\Cache), false)
 7 FCPATH/index.php(71): CodeIgniter\CodeIgniter->run()
CRITICAL - 2023-06-28 12:00:54 --> Invalid file: template/bank-pro/templates.php
in SYSTEMPATH/Exceptions/FrameworkException.php on line 33.
 1 SYSTEMPATH/View/View.php(201): CodeIgniter\Exceptions\FrameworkException::forInvalidFile('template/bank-pro/templates.php')
 2 SYSTEMPATH/Common.php(1142): CodeIgniter\View\View->render('template/bank-pro/templates', [], true)
 3 APPPATH/Controllers/Pages.php(40): view('template/bank-pro/templates', [...])
 4 SYSTEMPATH/CodeIgniter.php(907): App\Controllers\Pages->view('FCPATH/templates', 'bank-pro', 'css', 'images', 'FCPATH/assets', 'ico-caret--black.png')
 5 SYSTEMPATH/CodeIgniter.php(457): CodeIgniter\CodeIgniter->runController(Object(App\Controllers\Pages))
 6 SYSTEMPATH/CodeIgniter.php(340): CodeIgniter\CodeIgniter->handleRequest(null, Object(Config\Cache), false)
 7 FCPATH/index.php(71): CodeIgniter\CodeIgniter->run()
CRITICAL - 2023-06-28 12:00:54 --> Invalid file: template/bank-pro/templates.php
in SYSTEMPATH/Exceptions/FrameworkException.php on line 33.
 1 SYSTEMPATH/View/View.php(201): CodeIgniter\Exceptions\FrameworkException::forInvalidFile('template/bank-pro/templates.php')
 2 SYSTEMPATH/Common.php(1142): CodeIgniter\View\View->render('template/bank-pro/templates', [], true)
 3 APPPATH/Controllers/Pages.php(40): view('template/bank-pro/templates', [...])
 4 SYSTEMPATH/CodeIgniter.php(907): App\Controllers\Pages->view('FCPATH/templates', 'bank-pro', 'css', 'images', 'FCPATH/assets', 'pattern-bg-medium.svg')
 5 SYSTEMPATH/CodeIgniter.php(457): CodeIgniter\CodeIgniter->runController(Object(App\Controllers\Pages))
 6 SYSTEMPATH/CodeIgniter.php(340): CodeIgniter\CodeIgniter->handleRequest(null, Object(Config\Cache), false)
 7 FCPATH/index.php(71): CodeIgniter\CodeIgniter->run()
CRITICAL - 2023-06-28 14:14:33 --> Invalid file: template/bank-pro/templates.php
in SYSTEMPATH/Exceptions/FrameworkException.php on line 33.
 1 SYSTEMPATH/View/View.php(201): CodeIgniter\Exceptions\FrameworkException::forInvalidFile('template/bank-pro/templates.php')
 2 SYSTEMPATH/Common.php(1142): CodeIgniter\View\View->render('template/bank-pro/templates', [], true)
 3 APPPATH/Controllers/Pages.php(40): view('template/bank-pro/templates', [...])
 4 SYSTEMPATH/CodeIgniter.php(907): App\Controllers\Pages->view('FCPATH/templates', 'bank-pro', 'p.typekit.net', 'p5e61.css')
 5 SYSTEMPATH/CodeIgniter.php(457): CodeIgniter\CodeIgniter->runController(Object(App\Controllers\Pages))
 6 SYSTEMPATH/CodeIgniter.php(340): CodeIgniter\CodeIgniter->handleRequest(null, Object(Config\Cache), false)
 7 FCPATH/index.php(71): CodeIgniter\CodeIgniter->run()
CRITICAL - 2023-06-28 14:14:34 --> Invalid file: template/bank-pro/templates.php
in SYSTEMPATH/Exceptions/FrameworkException.php on line 33.
 1 SYSTEMPATH/View/View.php(201): CodeIgniter\Exceptions\FrameworkException::forInvalidFile('template/bank-pro/templates.php')
 2 SYSTEMPATH/Common.php(1142): CodeIgniter\View\View->render('template/bank-pro/templates', [], true)
 3 APPPATH/Controllers/Pages.php(40): view('template/bank-pro/templates', [...])
 4 SYSTEMPATH/CodeIgniter.php(907): App\Controllers\Pages->view('FCPATH/templates', 'bank-pro', 'css', 'images', 'FCPATH/assets', 'citadel-logo.svg')
 5 SYSTEMPATH/CodeIgniter.php(457): CodeIgniter\CodeIgniter->runController(Object(App\Controllers\Pages))
 6 SYSTEMPATH/CodeIgniter.php(340): CodeIgniter\CodeIgniter->handleRequest(null, Object(Config\Cache), false)
 7 FCPATH/index.php(71): CodeIgniter\CodeIgniter->run()
CRITICAL - 2023-06-28 14:14:34 --> Invalid file: template/bank-pro/templates.php
in SYSTEMPATH/Exceptions/FrameworkException.php on line 33.
 1 SYSTEMPATH/View/View.php(201): CodeIgniter\Exceptions\FrameworkException::forInvalidFile('template/bank-pro/templates.php')
 2 SYSTEMPATH/Common.php(1142): CodeIgniter\View\View->render('template/bank-pro/templates', [], true)
 3 APPPATH/Controllers/Pages.php(40): view('template/bank-pro/templates', [...])
 4 SYSTEMPATH/CodeIgniter.php(907): App\Controllers\Pages->view('FCPATH/templates', 'bank-pro', 'css', 'images', 'FCPATH/assets', 'ico-caret--black.png')
 5 SYSTEMPATH/CodeIgniter.php(457): CodeIgniter\CodeIgniter->runController(Object(App\Controllers\Pages))
 6 SYSTEMPATH/CodeIgniter.php(340): CodeIgniter\CodeIgniter->handleRequest(null, Object(Config\Cache), false)
 7 FCPATH/index.php(71): CodeIgniter\CodeIgniter->run()
CRITICAL - 2023-06-28 14:14:34 --> Invalid file: template/bank-pro/templates.php
in SYSTEMPATH/Exceptions/FrameworkException.php on line 33.
 1 SYSTEMPATH/View/View.php(201): CodeIgniter\Exceptions\FrameworkException::forInvalidFile('template/bank-pro/templates.php')
 2 SYSTEMPATH/Common.php(1142): CodeIgniter\View\View->render('template/bank-pro/templates', [], true)
 3 APPPATH/Controllers/Pages.php(40): view('template/bank-pro/templates', [...])
 4 SYSTEMPATH/CodeIgniter.php(907): App\Controllers\Pages->view('FCPATH/templates', 'bank-pro', 'css', 'images', 'FCPATH/assets', 'pattern-bg-medium.svg')
 5 SYSTEMPATH/CodeIgniter.php(457): CodeIgniter\CodeIgniter->runController(Object(App\Controllers\Pages))
 6 SYSTEMPATH/CodeIgniter.php(340): CodeIgniter\CodeIgniter->handleRequest(null, Object(Config\Cache), false)
 7 FCPATH/index.php(71): CodeIgniter\CodeIgniter->run()
CRITICAL - 2023-06-28 14:14:50 --> Invalid file: template/bank-pro/themes.php
in SYSTEMPATH/Exceptions/FrameworkException.php on line 33.
 1 SYSTEMPATH/View/View.php(201): CodeIgniter\Exceptions\FrameworkException::forInvalidFile('template/bank-pro/themes.php')
 2 SYSTEMPATH/Common.php(1142): CodeIgniter\View\View->render('template/bank-pro/themes', [], true)
 3 APPPATH/Controllers/Pages.php(40): view('template/bank-pro/themes', [...])
 4 SYSTEMPATH/CodeIgniter.php(907): App\Controllers\Pages->view('FCPATH/themes', 'finapp-light', 'webfonts', 'fa-solid-900.woff2')
 5 SYSTEMPATH/CodeIgniter.php(457): CodeIgniter\CodeIgniter->runController(Object(App\Controllers\Pages))
 6 SYSTEMPATH/CodeIgniter.php(340): CodeIgniter\CodeIgniter->handleRequest(null, Object(Config\Cache), false)
 7 FCPATH/index.php(71): CodeIgniter\CodeIgniter->run()
CRITICAL - 2023-06-28 14:14:50 --> Invalid file: template/bank-pro/themes.php
in SYSTEMPATH/Exceptions/FrameworkException.php on line 33.
 1 SYSTEMPATH/View/View.php(201): CodeIgniter\Exceptions\FrameworkException::forInvalidFile('template/bank-pro/themes.php')
 2 SYSTEMPATH/Common.php(1142): CodeIgniter\View\View->render('template/bank-pro/themes', [], true)
 3 APPPATH/Controllers/Pages.php(40): view('template/bank-pro/themes', [...])
 4 SYSTEMPATH/CodeIgniter.php(907): App\Controllers\Pages->view('FCPATH/themes', 'finapp-light', 'webfonts', 'fa-regular-400.woff2')
 5 SYSTEMPATH/CodeIgniter.php(457): CodeIgniter\CodeIgniter->runController(Object(App\Controllers\Pages))
 6 SYSTEMPATH/CodeIgniter.php(340): CodeIgniter\CodeIgniter->handleRequest(null, Object(Config\Cache), false)
 7 FCPATH/index.php(71): CodeIgniter\CodeIgniter->run()
CRITICAL - 2023-06-28 14:14:50 --> Invalid file: template/bank-pro/themes.php
in SYSTEMPATH/Exceptions/FrameworkException.php on line 33.
 1 SYSTEMPATH/View/View.php(201): CodeIgniter\Exceptions\FrameworkException::forInvalidFile('template/bank-pro/themes.php')
 2 SYSTEMPATH/Common.php(1142): CodeIgniter\View\View->render('template/bank-pro/themes', [], true)
 3 APPPATH/Controllers/Pages.php(40): view('template/bank-pro/themes', [...])
 4 SYSTEMPATH/CodeIgniter.php(907): App\Controllers\Pages->view('FCPATH/themes', 'finapp-light', 'webfonts', 'fa-brands-400.woff2')
 5 SYSTEMPATH/CodeIgniter.php(457): CodeIgniter\CodeIgniter->runController(Object(App\Controllers\Pages))
 6 SYSTEMPATH/CodeIgniter.php(340): CodeIgniter\CodeIgniter->handleRequest(null, Object(Config\Cache), false)
 7 FCPATH/index.php(71): CodeIgniter\CodeIgniter->run()
CRITICAL - 2023-06-28 14:14:50 --> Invalid file: template/bank-pro/assets.php
in SYSTEMPATH/Exceptions/FrameworkException.php on line 33.
 1 SYSTEMPATH/View/View.php(201): CodeIgniter\Exceptions\FrameworkException::forInvalidFile('template/bank-pro/assets.php')
 2 SYSTEMPATH/Common.php(1142): CodeIgniter\View\View->render('template/bank-pro/assets', [], true)
 3 APPPATH/Controllers/Pages.php(40): view('template/bank-pro/assets', [...])
 4 SYSTEMPATH/CodeIgniter.php(907): App\Controllers\Pages->view('FCPATH/assets', 'images', 'chip.png')
 5 SYSTEMPATH/CodeIgniter.php(457): CodeIgniter\CodeIgniter->runController(Object(App\Controllers\Pages))
 6 SYSTEMPATH/CodeIgniter.php(340): CodeIgniter\CodeIgniter->handleRequest(null, Object(Config\Cache), false)
 7 FCPATH/index.php(71): CodeIgniter\CodeIgniter->run()
CRITICAL - 2023-06-28 14:14:50 --> Invalid file: template/bank-pro/assets.php
in SYSTEMPATH/Exceptions/FrameworkException.php on line 33.
 1 SYSTEMPATH/View/View.php(201): CodeIgniter\Exceptions\FrameworkException::forInvalidFile('template/bank-pro/assets.php')
 2 SYSTEMPATH/Common.php(1142): CodeIgniter\View\View->render('template/bank-pro/assets', [], true)
 3 APPPATH/Controllers/Pages.php(40): view('template/bank-pro/assets', [...])
 4 SYSTEMPATH/CodeIgniter.php(907): App\Controllers\Pages->view('FCPATH/assets', 'images', 'visa.png')
 5 SYSTEMPATH/CodeIgniter.php(457): CodeIgniter\CodeIgniter->runController(Object(App\Controllers\Pages))
 6 SYSTEMPATH/CodeIgniter.php(340): CodeIgniter\CodeIgniter->handleRequest(null, Object(Config\Cache), false)
 7 FCPATH/index.php(71): CodeIgniter\CodeIgniter->run()
CRITICAL - 2023-06-28 14:14:50 --> Invalid file: template/bank-pro/__service-worker.js
in SYSTEMPATH/Exceptions/FrameworkException.php on line 33.
 1 SYSTEMPATH/View/View.php(201): CodeIgniter\Exceptions\FrameworkException::forInvalidFile('template/bank-pro/__service-worker.js')
 2 SYSTEMPATH/Common.php(1142): CodeIgniter\View\View->render('template/bank-pro/__service-worker.js', [], true)
 3 APPPATH/Controllers/Pages.php(40): view('template/bank-pro/__service-worker.js', [...])
 4 SYSTEMPATH/CodeIgniter.php(907): App\Controllers\Pages->view('__service-worker.js')
 5 SYSTEMPATH/CodeIgniter.php(457): CodeIgniter\CodeIgniter->runController(Object(App\Controllers\Pages))
 6 SYSTEMPATH/CodeIgniter.php(340): CodeIgniter\CodeIgniter->handleRequest(null, Object(Config\Cache), false)
 7 FCPATH/index.php(71): CodeIgniter\CodeIgniter->run()
CRITICAL - 2023-06-28 14:14:51 --> Invalid file: template/bank-pro/themes.php
in SYSTEMPATH/Exceptions/FrameworkException.php on line 33.
 1 SYSTEMPATH/View/View.php(201): CodeIgniter\Exceptions\FrameworkException::forInvalidFile('template/bank-pro/themes.php')
 2 SYSTEMPATH/Common.php(1142): CodeIgniter\View\View->render('template/bank-pro/themes', [], true)
 3 APPPATH/Controllers/Pages.php(40): view('template/bank-pro/themes', [...])
 4 SYSTEMPATH/CodeIgniter.php(907): App\Controllers\Pages->view('FCPATH/themes', 'finapp-light', 'webfonts', 'fa-solid-900.woff')
 5 SYSTEMPATH/CodeIgniter.php(457): CodeIgniter\CodeIgniter->runController(Object(App\Controllers\Pages))
 6 SYSTEMPATH/CodeIgniter.php(340): CodeIgniter\CodeIgniter->handleRequest(null, Object(Config\Cache), false)
 7 FCPATH/index.php(71): CodeIgniter\CodeIgniter->run()
CRITICAL - 2023-06-28 14:14:51 --> Invalid file: template/bank-pro/themes.php
in SYSTEMPATH/Exceptions/FrameworkException.php on line 33.
 1 SYSTEMPATH/View/View.php(201): CodeIgniter\Exceptions\FrameworkException::forInvalidFile('template/bank-pro/themes.php')
 2 SYSTEMPATH/Common.php(1142): CodeIgniter\View\View->render('template/bank-pro/themes', [], true)
 3 APPPATH/Controllers/Pages.php(40): view('template/bank-pro/themes', [...])
 4 SYSTEMPATH/CodeIgniter.php(907): App\Controllers\Pages->view('FCPATH/themes', 'finapp-light', 'webfonts', 'fa-regular-400.woff')
 5 SYSTEMPATH/CodeIgniter.php(457): CodeIgniter\CodeIgniter->runController(Object(App\Controllers\Pages))
 6 SYSTEMPATH/CodeIgniter.php(340): CodeIgniter\CodeIgniter->handleRequest(null, Object(Config\Cache), false)
 7 FCPATH/index.php(71): CodeIgniter\CodeIgniter->run()
CRITICAL - 2023-06-28 14:14:51 --> Invalid file: template/bank-pro/themes.php
in SYSTEMPATH/Exceptions/FrameworkException.php on line 33.
 1 SYSTEMPATH/View/View.php(201): CodeIgniter\Exceptions\FrameworkException::forInvalidFile('template/bank-pro/themes.php')
 2 SYSTEMPATH/Common.php(1142): CodeIgniter\View\View->render('template/bank-pro/themes', [], true)
 3 APPPATH/Controllers/Pages.php(40): view('template/bank-pro/themes', [...])
 4 SYSTEMPATH/CodeIgniter.php(907): App\Controllers\Pages->view('FCPATH/themes', 'finapp-light', 'webfonts', 'fa-brands-400.woff')
 5 SYSTEMPATH/CodeIgniter.php(457): CodeIgniter\CodeIgniter->runController(Object(App\Controllers\Pages))
 6 SYSTEMPATH/CodeIgniter.php(340): CodeIgniter\CodeIgniter->handleRequest(null, Object(Config\Cache), false)
 7 FCPATH/index.php(71): CodeIgniter\CodeIgniter->run()
CRITICAL - 2023-06-28 14:14:51 --> Invalid file: template/bank-pro/themes.php
in SYSTEMPATH/Exceptions/FrameworkException.php on line 33.
 1 SYSTEMPATH/View/View.php(201): CodeIgniter\Exceptions\FrameworkException::forInvalidFile('template/bank-pro/themes.php')
 2 SYSTEMPATH/Common.php(1142): CodeIgniter\View\View->render('template/bank-pro/themes', [], true)
 3 APPPATH/Controllers/Pages.php(40): view('template/bank-pro/themes', [...])
 4 SYSTEMPATH/CodeIgniter.php(907): App\Controllers\Pages->view('FCPATH/themes', 'finapp-light', 'webfonts', 'fa-solid-900.ttf')
 5 SYSTEMPATH/CodeIgniter.php(457): CodeIgniter\CodeIgniter->runController(Object(App\Controllers\Pages))
 6 SYSTEMPATH/CodeIgniter.php(340): CodeIgniter\CodeIgniter->handleRequest(null, Object(Config\Cache), false)
 7 FCPATH/index.php(71): CodeIgniter\CodeIgniter->run()
CRITICAL - 2023-06-28 14:14:51 --> Invalid file: template/bank-pro/themes.php
in SYSTEMPATH/Exceptions/FrameworkException.php on line 33.
 1 SYSTEMPATH/View/View.php(201): CodeIgniter\Exceptions\FrameworkException::forInvalidFile('template/bank-pro/themes.php')
 2 SYSTEMPATH/Common.php(1142): CodeIgniter\View\View->render('template/bank-pro/themes', [], true)
 3 APPPATH/Controllers/Pages.php(40): view('template/bank-pro/themes', [...])
 4 SYSTEMPATH/CodeIgniter.php(907): App\Controllers\Pages->view('FCPATH/themes', 'finapp-light', 'webfonts', 'fa-regular-400.ttf')
 5 SYSTEMPATH/CodeIgniter.php(457): CodeIgniter\CodeIgniter->runController(Object(App\Controllers\Pages))
 6 SYSTEMPATH/CodeIgniter.php(340): CodeIgniter\CodeIgniter->handleRequest(null, Object(Config\Cache), false)
 7 FCPATH/index.php(71): CodeIgniter\CodeIgniter->run()
CRITICAL - 2023-06-28 14:14:51 --> Invalid file: template/bank-pro/themes.php
in SYSTEMPATH/Exceptions/FrameworkException.php on line 33.
 1 SYSTEMPATH/View/View.php(201): CodeIgniter\Exceptions\FrameworkException::forInvalidFile('template/bank-pro/themes.php')
 2 SYSTEMPATH/Common.php(1142): CodeIgniter\View\View->render('template/bank-pro/themes', [], true)
 3 APPPATH/Controllers/Pages.php(40): view('template/bank-pro/themes', [...])
 4 SYSTEMPATH/CodeIgniter.php(907): App\Controllers\Pages->view('FCPATH/themes', 'finapp-light', 'webfonts', 'fa-brands-400.ttf')
 5 SYSTEMPATH/CodeIgniter.php(457): CodeIgniter\CodeIgniter->runController(Object(App\Controllers\Pages))
 6 SYSTEMPATH/CodeIgniter.php(340): CodeIgniter\CodeIgniter->handleRequest(null, Object(Config\Cache), false)
 7 FCPATH/index.php(71): CodeIgniter\CodeIgniter->run()
CRITICAL - 2023-06-28 14:14:56 --> Invalid file: template/bank-pro/templates.php
in SYSTEMPATH/Exceptions/FrameworkException.php on line 33.
 1 SYSTEMPATH/View/View.php(201): CodeIgniter\Exceptions\FrameworkException::forInvalidFile('template/bank-pro/templates.php')
 2 SYSTEMPATH/Common.php(1142): CodeIgniter\View\View->render('template/bank-pro/templates', [], true)
 3 APPPATH/Controllers/Pages.php(40): view('template/bank-pro/templates', [...])
 4 SYSTEMPATH/CodeIgniter.php(907): App\Controllers\Pages->view('FCPATH/templates', 'bank-pro', 'p.typekit.net', 'p5e61.css')
 5 SYSTEMPATH/CodeIgniter.php(457): CodeIgniter\CodeIgniter->runController(Object(App\Controllers\Pages))
 6 SYSTEMPATH/CodeIgniter.php(340): CodeIgniter\CodeIgniter->handleRequest(null, Object(Config\Cache), false)
 7 FCPATH/index.php(71): CodeIgniter\CodeIgniter->run()
CRITICAL - 2023-06-28 14:14:56 --> Invalid file: template/bank-pro/templates.php
in SYSTEMPATH/Exceptions/FrameworkException.php on line 33.
 1 SYSTEMPATH/View/View.php(201): CodeIgniter\Exceptions\FrameworkException::forInvalidFile('template/bank-pro/templates.php')
 2 SYSTEMPATH/Common.php(1142): CodeIgniter\View\View->render('template/bank-pro/templates', [], true)
 3 APPPATH/Controllers/Pages.php(40): view('template/bank-pro/templates', [...])
 4 SYSTEMPATH/CodeIgniter.php(907): App\Controllers\Pages->view('FCPATH/templates', 'bank-pro', 'css', 'images', 'FCPATH/assets', 'citadel-logo.svg')
 5 SYSTEMPATH/CodeIgniter.php(457): CodeIgniter\CodeIgniter->runController(Object(App\Controllers\Pages))
 6 SYSTEMPATH/CodeIgniter.php(340): CodeIgniter\CodeIgniter->handleRequest(null, Object(Config\Cache), false)
 7 FCPATH/index.php(71): CodeIgniter\CodeIgniter->run()
CRITICAL - 2023-06-28 14:14:56 --> Invalid file: template/bank-pro/templates.php
in SYSTEMPATH/Exceptions/FrameworkException.php on line 33.
 1 SYSTEMPATH/View/View.php(201): CodeIgniter\Exceptions\FrameworkException::forInvalidFile('template/bank-pro/templates.php')
 2 SYSTEMPATH/Common.php(1142): CodeIgniter\View\View->render('template/bank-pro/templates', [], true)
 3 APPPATH/Controllers/Pages.php(40): view('template/bank-pro/templates', [...])
 4 SYSTEMPATH/CodeIgniter.php(907): App\Controllers\Pages->view('FCPATH/templates', 'bank-pro', 'css', 'images', 'FCPATH/assets', 'ico-caret--black.png')
 5 SYSTEMPATH/CodeIgniter.php(457): CodeIgniter\CodeIgniter->runController(Object(App\Controllers\Pages))
 6 SYSTEMPATH/CodeIgniter.php(340): CodeIgniter\CodeIgniter->handleRequest(null, Object(Config\Cache), false)
 7 FCPATH/index.php(71): CodeIgniter\CodeIgniter->run()
CRITICAL - 2023-06-28 14:14:56 --> Invalid file: template/bank-pro/templates.php
in SYSTEMPATH/Exceptions/FrameworkException.php on line 33.
 1 SYSTEMPATH/View/View.php(201): CodeIgniter\Exceptions\FrameworkException::forInvalidFile('template/bank-pro/templates.php')
 2 SYSTEMPATH/Common.php(1142): CodeIgniter\View\View->render('template/bank-pro/templates', [], true)
 3 APPPATH/Controllers/Pages.php(40): view('template/bank-pro/templates', [...])
 4 SYSTEMPATH/CodeIgniter.php(907): App\Controllers\Pages->view('FCPATH/templates', 'bank-pro', 'css', 'images', 'FCPATH/assets', 'pattern-bg-medium.svg')
 5 SYSTEMPATH/CodeIgniter.php(457): CodeIgniter\CodeIgniter->runController(Object(App\Controllers\Pages))
 6 SYSTEMPATH/CodeIgniter.php(340): CodeIgniter\CodeIgniter->handleRequest(null, Object(Config\Cache), false)
 7 FCPATH/index.php(71): CodeIgniter\CodeIgniter->run()
CRITICAL - 2023-06-28 14:55:01 --> Invalid file: template/bank-pro/templates.php
in SYSTEMPATH/Exceptions/FrameworkException.php on line 33.
 1 SYSTEMPATH/View/View.php(201): CodeIgniter\Exceptions\FrameworkException::forInvalidFile('template/bank-pro/templates.php')
 2 SYSTEMPATH/Common.php(1142): CodeIgniter\View\View->render('template/bank-pro/templates', [], true)
 3 APPPATH/Controllers/Pages.php(40): view('template/bank-pro/templates', [...])
 4 SYSTEMPATH/CodeIgniter.php(907): App\Controllers\Pages->view('FCPATH/templates', 'bank-pro', 'p.typekit.net', 'p5e61.css')
 5 SYSTEMPATH/CodeIgniter.php(457): CodeIgniter\CodeIgniter->runController(Object(App\Controllers\Pages))
 6 SYSTEMPATH/CodeIgniter.php(340): CodeIgniter\CodeIgniter->handleRequest(null, Object(Config\Cache), false)
 7 FCPATH/index.php(71): CodeIgniter\CodeIgniter->run()
CRITICAL - 2023-06-28 14:55:01 --> Invalid file: template/bank-pro/templates.php
in SYSTEMPATH/Exceptions/FrameworkException.php on line 33.
 1 SYSTEMPATH/View/View.php(201): CodeIgniter\Exceptions\FrameworkException::forInvalidFile('template/bank-pro/templates.php')
 2 SYSTEMPATH/Common.php(1142): CodeIgniter\View\View->render('template/bank-pro/templates', [], true)
 3 APPPATH/Controllers/Pages.php(40): view('template/bank-pro/templates', [...])
 4 SYSTEMPATH/CodeIgniter.php(907): App\Controllers\Pages->view('FCPATH/templates', 'bank-pro', 'css', 'images', 'FCPATH/assets', 'citadel-logo.svg')
 5 SYSTEMPATH/CodeIgniter.php(457): CodeIgniter\CodeIgniter->runController(Object(App\Controllers\Pages))
 6 SYSTEMPATH/CodeIgniter.php(340): CodeIgniter\CodeIgniter->handleRequest(null, Object(Config\Cache), false)
 7 FCPATH/index.php(71): CodeIgniter\CodeIgniter->run()
CRITICAL - 2023-06-28 14:55:01 --> Invalid file: template/bank-pro/templates.php
in SYSTEMPATH/Exceptions/FrameworkException.php on line 33.
 1 SYSTEMPATH/View/View.php(201): CodeIgniter\Exceptions\FrameworkException::forInvalidFile('template/bank-pro/templates.php')
 2 SYSTEMPATH/Common.php(1142): CodeIgniter\View\View->render('template/bank-pro/templates', [], true)
 3 APPPATH/Controllers/Pages.php(40): view('template/bank-pro/templates', [...])
 4 SYSTEMPATH/CodeIgniter.php(907): App\Controllers\Pages->view('FCPATH/templates', 'bank-pro', 'css', 'images', 'FCPATH/assets', 'ico-caret--black.png')
 5 SYSTEMPATH/CodeIgniter.php(457): CodeIgniter\CodeIgniter->runController(Object(App\Controllers\Pages))
 6 SYSTEMPATH/CodeIgniter.php(340): CodeIgniter\CodeIgniter->handleRequest(null, Object(Config\Cache), false)
 7 FCPATH/index.php(71): CodeIgniter\CodeIgniter->run()
CRITICAL - 2023-06-28 14:55:01 --> Invalid file: template/bank-pro/templates.php
in SYSTEMPATH/Exceptions/FrameworkException.php on line 33.
 1 SYSTEMPATH/View/View.php(201): CodeIgniter\Exceptions\FrameworkException::forInvalidFile('template/bank-pro/templates.php')
 2 SYSTEMPATH/Common.php(1142): CodeIgniter\View\View->render('template/bank-pro/templates', [], true)
 3 APPPATH/Controllers/Pages.php(40): view('template/bank-pro/templates', [...])
 4 SYSTEMPATH/CodeIgniter.php(907): App\Controllers\Pages->view('FCPATH/templates', 'bank-pro', 'css', 'images', 'FCPATH/assets', 'pattern-bg-medium.svg')
 5 SYSTEMPATH/CodeIgniter.php(457): CodeIgniter\CodeIgniter->runController(Object(App\Controllers\Pages))
 6 SYSTEMPATH/CodeIgniter.php(340): CodeIgniter\CodeIgniter->handleRequest(null, Object(Config\Cache), false)
 7 FCPATH/index.php(71): CodeIgniter\CodeIgniter->run()
CRITICAL - 2023-06-28 14:57:58 --> Invalid file: template/bank-pro/us.php
in SYSTEMPATH/Exceptions/FrameworkException.php on line 33.
 1 SYSTEMPATH/View/View.php(201): CodeIgniter\Exceptions\FrameworkException::forInvalidFile('template/bank-pro/us.php')
 2 SYSTEMPATH/Common.php(1142): CodeIgniter\View\View->render('template/bank-pro/us', [], true)
 3 APPPATH/Controllers/Pages.php(40): view('template/bank-pro/us', [...])
 4 SYSTEMPATH/CodeIgniter.php(907): App\Controllers\Pages->view('us')
 5 SYSTEMPATH/CodeIgniter.php(457): CodeIgniter\CodeIgniter->runController(Object(App\Controllers\Pages))
 6 SYSTEMPATH/CodeIgniter.php(340): CodeIgniter\CodeIgniter->handleRequest(null, Object(Config\Cache), false)
 7 FCPATH/index.php(71): CodeIgniter\CodeIgniter->run()
CRITICAL - 2023-06-28 14:57:59 --> Invalid file: template/bank-pro/us.php
in SYSTEMPATH/Exceptions/FrameworkException.php on line 33.
 1 SYSTEMPATH/View/View.php(201): CodeIgniter\Exceptions\FrameworkException::forInvalidFile('template/bank-pro/us.php')
 2 SYSTEMPATH/Common.php(1142): CodeIgniter\View\View->render('template/bank-pro/us', [], true)
 3 APPPATH/Controllers/Pages.php(40): view('template/bank-pro/us', [...])
 4 SYSTEMPATH/CodeIgniter.php(907): App\Controllers\Pages->view('us')
 5 SYSTEMPATH/CodeIgniter.php(457): CodeIgniter\CodeIgniter->runController(Object(App\Controllers\Pages))
 6 SYSTEMPATH/CodeIgniter.php(340): CodeIgniter\CodeIgniter->handleRequest(null, Object(Config\Cache), false)
 7 FCPATH/index.php(71): CodeIgniter\CodeIgniter->run()
CRITICAL - 2023-06-28 14:57:59 --> Invalid file: template/bank-pro/ca.php
in SYSTEMPATH/Exceptions/FrameworkException.php on line 33.
 1 SYSTEMPATH/View/View.php(201): CodeIgniter\Exceptions\FrameworkException::forInvalidFile('template/bank-pro/ca.php')
 2 SYSTEMPATH/Common.php(1142): CodeIgniter\View\View->render('template/bank-pro/ca', [], true)
 3 APPPATH/Controllers/Pages.php(40): view('template/bank-pro/ca', [...])
 4 SYSTEMPATH/CodeIgniter.php(907): App\Controllers\Pages->view('ca')
 5 SYSTEMPATH/CodeIgniter.php(457): CodeIgniter\CodeIgniter->runController(Object(App\Controllers\Pages))
 6 SYSTEMPATH/CodeIgniter.php(340): CodeIgniter\CodeIgniter->handleRequest(null, Object(Config\Cache), false)
 7 FCPATH/index.php(71): CodeIgniter\CodeIgniter->run()
CRITICAL - 2023-06-28 14:57:59 --> Invalid file: template/bank-pro/ca.php
in SYSTEMPATH/Exceptions/FrameworkException.php on line 33.
 1 SYSTEMPATH/View/View.php(201): CodeIgniter\Exceptions\FrameworkException::forInvalidFile('template/bank-pro/ca.php')
 2 SYSTEMPATH/Common.php(1142): CodeIgniter\View\View->render('template/bank-pro/ca', [], true)
 3 APPPATH/Controllers/Pages.php(40): view('template/bank-pro/ca', [...])
 4 SYSTEMPATH/CodeIgniter.php(907): App\Controllers\Pages->view('ca')
 5 SYSTEMPATH/CodeIgniter.php(457): CodeIgniter\CodeIgniter->runController(Object(App\Controllers\Pages))
 6 SYSTEMPATH/CodeIgniter.php(340): CodeIgniter\CodeIgniter->handleRequest(null, Object(Config\Cache), false)
 7 FCPATH/index.php(71): CodeIgniter\CodeIgniter->run()
CRITICAL - 2023-06-28 14:58:00 --> Invalid file: template/bank-pro/templates.php
in SYSTEMPATH/Exceptions/FrameworkException.php on line 33.
 1 SYSTEMPATH/View/View.php(201): CodeIgniter\Exceptions\FrameworkException::forInvalidFile('template/bank-pro/templates.php')
 2 SYSTEMPATH/Common.php(1142): CodeIgniter\View\View->render('template/bank-pro/templates', [], true)
 3 APPPATH/Controllers/Pages.php(40): view('template/bank-pro/templates', [...])
 4 SYSTEMPATH/CodeIgniter.php(907): App\Controllers\Pages->view('FCPATH/templates', 'bank-pro', 'p.typekit.net', 'p5e61.css')
 5 SYSTEMPATH/CodeIgniter.php(457): CodeIgniter\CodeIgniter->runController(Object(App\Controllers\Pages))
 6 SYSTEMPATH/CodeIgniter.php(340): CodeIgniter\CodeIgniter->handleRequest(null, Object(Config\Cache), false)
 7 FCPATH/index.php(71): CodeIgniter\CodeIgniter->run()
CRITICAL - 2023-06-28 14:58:00 --> Invalid file: template/bank-pro/templates.php
in SYSTEMPATH/Exceptions/FrameworkException.php on line 33.
 1 SYSTEMPATH/View/View.php(201): CodeIgniter\Exceptions\FrameworkException::forInvalidFile('template/bank-pro/templates.php')
 2 SYSTEMPATH/Common.php(1142): CodeIgniter\View\View->render('template/bank-pro/templates', [], true)
 3 APPPATH/Controllers/Pages.php(40): view('template/bank-pro/templates', [...])
 4 SYSTEMPATH/CodeIgniter.php(907): App\Controllers\Pages->view('FCPATH/templates', 'bank-pro', 'css', 'images', 'FCPATH/assets', 'citadel-logo.svg')
 5 SYSTEMPATH/CodeIgniter.php(457): CodeIgniter\CodeIgniter->runController(Object(App\Controllers\Pages))
 6 SYSTEMPATH/CodeIgniter.php(340): CodeIgniter\CodeIgniter->handleRequest(null, Object(Config\Cache), false)
 7 FCPATH/index.php(71): CodeIgniter\CodeIgniter->run()
CRITICAL - 2023-06-28 14:58:00 --> Invalid file: template/bank-pro/templates.php
in SYSTEMPATH/Exceptions/FrameworkException.php on line 33.
 1 SYSTEMPATH/View/View.php(201): CodeIgniter\Exceptions\FrameworkException::forInvalidFile('template/bank-pro/templates.php')
 2 SYSTEMPATH/Common.php(1142): CodeIgniter\View\View->render('template/bank-pro/templates', [], true)
 3 APPPATH/Controllers/Pages.php(40): view('template/bank-pro/templates', [...])
 4 SYSTEMPATH/CodeIgniter.php(907): App\Controllers\Pages->view('FCPATH/templates', 'bank-pro', 'css', 'images', 'FCPATH/assets', 'ico-caret--black.png')
 5 SYSTEMPATH/CodeIgniter.php(457): CodeIgniter\CodeIgniter->runController(Object(App\Controllers\Pages))
 6 SYSTEMPATH/CodeIgniter.php(340): CodeIgniter\CodeIgniter->handleRequest(null, Object(Config\Cache), false)
 7 FCPATH/index.php(71): CodeIgniter\CodeIgniter->run()
CRITICAL - 2023-06-28 14:58:00 --> Invalid file: template/bank-pro/templates.php
in SYSTEMPATH/Exceptions/FrameworkException.php on line 33.
 1 SYSTEMPATH/View/View.php(201): CodeIgniter\Exceptions\FrameworkException::forInvalidFile('template/bank-pro/templates.php')
 2 SYSTEMPATH/Common.php(1142): CodeIgniter\View\View->render('template/bank-pro/templates', [], true)
 3 APPPATH/Controllers/Pages.php(40): view('template/bank-pro/templates', [...])
 4 SYSTEMPATH/CodeIgniter.php(907): App\Controllers\Pages->view('FCPATH/templates', 'bank-pro', 'css', 'images', 'FCPATH/assets', 'pattern-bg-medium.svg')
 5 SYSTEMPATH/CodeIgniter.php(457): CodeIgniter\CodeIgniter->runController(Object(App\Controllers\Pages))
 6 SYSTEMPATH/CodeIgniter.php(340): CodeIgniter\CodeIgniter->handleRequest(null, Object(Config\Cache), false)
 7 FCPATH/index.php(71): CodeIgniter\CodeIgniter->run()
CRITICAL - 2023-06-28 14:58:04 --> Invalid file: template/bank-pro/en.php
in SYSTEMPATH/Exceptions/FrameworkException.php on line 33.
 1 SYSTEMPATH/View/View.php(201): CodeIgniter\Exceptions\FrameworkException::forInvalidFile('template/bank-pro/en.php')
 2 SYSTEMPATH/Common.php(1142): CodeIgniter\View\View->render('template/bank-pro/en', [], true)
 3 APPPATH/Controllers/Pages.php(40): view('template/bank-pro/en', [...])
 4 SYSTEMPATH/CodeIgniter.php(907): App\Controllers\Pages->view('en')
 5 SYSTEMPATH/CodeIgniter.php(457): CodeIgniter\CodeIgniter->runController(Object(App\Controllers\Pages))
 6 SYSTEMPATH/CodeIgniter.php(340): CodeIgniter\CodeIgniter->handleRequest(null, Object(Config\Cache), false)
 7 FCPATH/index.php(71): CodeIgniter\CodeIgniter->run()
CRITICAL - 2023-06-28 14:58:28 --> Invalid file: template/bank-pro/templates.php
in SYSTEMPATH/Exceptions/FrameworkException.php on line 33.
 1 SYSTEMPATH/View/View.php(201): CodeIgniter\Exceptions\FrameworkException::forInvalidFile('template/bank-pro/templates.php')
 2 SYSTEMPATH/Common.php(1142): CodeIgniter\View\View->render('template/bank-pro/templates', [], true)
 3 APPPATH/Controllers/Pages.php(40): view('template/bank-pro/templates', [...])
 4 SYSTEMPATH/CodeIgniter.php(907): App\Controllers\Pages->view('FCPATH/templates', 'bank-pro', 'p.typekit.net', 'p5e61.css')
 5 SYSTEMPATH/CodeIgniter.php(457): CodeIgniter\CodeIgniter->runController(Object(App\Controllers\Pages))
 6 SYSTEMPATH/CodeIgniter.php(340): CodeIgniter\CodeIgniter->handleRequest(null, Object(Config\Cache), false)
 7 FCPATH/index.php(71): CodeIgniter\CodeIgniter->run()
CRITICAL - 2023-06-28 14:58:28 --> Invalid file: template/bank-pro/templates.php
in SYSTEMPATH/Exceptions/FrameworkException.php on line 33.
 1 SYSTEMPATH/View/View.php(201): CodeIgniter\Exceptions\FrameworkException::forInvalidFile('template/bank-pro/templates.php')
 2 SYSTEMPATH/Common.php(1142): CodeIgniter\View\View->render('template/bank-pro/templates', [], true)
 3 APPPATH/Controllers/Pages.php(40): view('template/bank-pro/templates', [...])
 4 SYSTEMPATH/CodeIgniter.php(907): App\Controllers\Pages->view('FCPATH/templates', 'bank-pro', 'css', 'images', 'FCPATH/assets', 'ico-caret--black.png')
 5 SYSTEMPATH/CodeIgniter.php(457): CodeIgniter\CodeIgniter->runController(Object(App\Controllers\Pages))
 6 SYSTEMPATH/CodeIgniter.php(340): CodeIgniter\CodeIgniter->handleRequest(null, Object(Config\Cache), false)
 7 FCPATH/index.php(71): CodeIgniter\CodeIgniter->run()
CRITICAL - 2023-06-28 14:58:28 --> Invalid file: template/bank-pro/templates.php
in SYSTEMPATH/Exceptions/FrameworkException.php on line 33.
 1 SYSTEMPATH/View/View.php(201): CodeIgniter\Exceptions\FrameworkException::forInvalidFile('template/bank-pro/templates.php')
 2 SYSTEMPATH/Common.php(1142): CodeIgniter\View\View->render('template/bank-pro/templates', [], true)
 3 APPPATH/Controllers/Pages.php(40): view('template/bank-pro/templates', [...])
 4 SYSTEMPATH/CodeIgniter.php(907): App\Controllers\Pages->view('FCPATH/templates', 'bank-pro', 'css', 'images', 'FCPATH/assets', 'citadel-logo.svg')
 5 SYSTEMPATH/CodeIgniter.php(457): CodeIgniter\CodeIgniter->runController(Object(App\Controllers\Pages))
 6 SYSTEMPATH/CodeIgniter.php(340): CodeIgniter\CodeIgniter->handleRequest(null, Object(Config\Cache), false)
 7 FCPATH/index.php(71): CodeIgniter\CodeIgniter->run()
CRITICAL - 2023-06-28 14:58:28 --> Invalid file: template/bank-pro/templates.php
in SYSTEMPATH/Exceptions/FrameworkException.php on line 33.
 1 SYSTEMPATH/View/View.php(201): CodeIgniter\Exceptions\FrameworkException::forInvalidFile('template/bank-pro/templates.php')
 2 SYSTEMPATH/Common.php(1142): CodeIgniter\View\View->render('template/bank-pro/templates', [], true)
 3 APPPATH/Controllers/Pages.php(40): view('template/bank-pro/templates', [...])
 4 SYSTEMPATH/CodeIgniter.php(907): App\Controllers\Pages->view('FCPATH/templates', 'bank-pro', 'css', 'images', 'FCPATH/assets', 'pattern-bg-medium.svg')
 5 SYSTEMPATH/CodeIgniter.php(457): CodeIgniter\CodeIgniter->runController(Object(App\Controllers\Pages))
 6 SYSTEMPATH/CodeIgniter.php(340): CodeIgniter\CodeIgniter->handleRequest(null, Object(Config\Cache), false)
 7 FCPATH/index.php(71): CodeIgniter\CodeIgniter->run()
CRITICAL - 2023-06-28 14:58:31 --> Invalid file: template/bank-pro/en.php
in SYSTEMPATH/Exceptions/FrameworkException.php on line 33.
 1 SYSTEMPATH/View/View.php(201): CodeIgniter\Exceptions\FrameworkException::forInvalidFile('template/bank-pro/en.php')
 2 SYSTEMPATH/Common.php(1142): CodeIgniter\View\View->render('template/bank-pro/en', [], true)
 3 APPPATH/Controllers/Pages.php(40): view('template/bank-pro/en', [...])
 4 SYSTEMPATH/CodeIgniter.php(907): App\Controllers\Pages->view('en')
 5 SYSTEMPATH/CodeIgniter.php(457): CodeIgniter\CodeIgniter->runController(Object(App\Controllers\Pages))
 6 SYSTEMPATH/CodeIgniter.php(340): CodeIgniter\CodeIgniter->handleRequest(null, Object(Config\Cache), false)
 7 FCPATH/index.php(71): CodeIgniter\CodeIgniter->run()
CRITICAL - 2023-06-28 14:58:52 --> Invalid file: template/bank-pro/templates.php
in SYSTEMPATH/Exceptions/FrameworkException.php on line 33.
 1 SYSTEMPATH/View/View.php(201): CodeIgniter\Exceptions\FrameworkException::forInvalidFile('template/bank-pro/templates.php')
 2 SYSTEMPATH/Common.php(1142): CodeIgniter\View\View->render('template/bank-pro/templates', [], true)
 3 APPPATH/Controllers/Pages.php(40): view('template/bank-pro/templates', [...])
 4 SYSTEMPATH/CodeIgniter.php(907): App\Controllers\Pages->view('FCPATH/templates', 'bank-pro', 'p.typekit.net', 'p5e61.css')
 5 SYSTEMPATH/CodeIgniter.php(457): CodeIgniter\CodeIgniter->runController(Object(App\Controllers\Pages))
 6 SYSTEMPATH/CodeIgniter.php(340): CodeIgniter\CodeIgniter->handleRequest(null, Object(Config\Cache), false)
 7 FCPATH/index.php(71): CodeIgniter\CodeIgniter->run()
CRITICAL - 2023-06-28 14:58:52 --> Invalid file: template/bank-pro/templates.php
in SYSTEMPATH/Exceptions/FrameworkException.php on line 33.
 1 SYSTEMPATH/View/View.php(201): CodeIgniter\Exceptions\FrameworkException::forInvalidFile('template/bank-pro/templates.php')
 2 SYSTEMPATH/Common.php(1142): CodeIgniter\View\View->render('template/bank-pro/templates', [], true)
 3 APPPATH/Controllers/Pages.php(40): view('template/bank-pro/templates', [...])
 4 SYSTEMPATH/CodeIgniter.php(907): App\Controllers\Pages->view('FCPATH/templates', 'bank-pro', 'css', 'images', 'FCPATH/assets', 'citadel-logo.svg')
 5 SYSTEMPATH/CodeIgniter.php(457): CodeIgniter\CodeIgniter->runController(Object(App\Controllers\Pages))
 6 SYSTEMPATH/CodeIgniter.php(340): CodeIgniter\CodeIgniter->handleRequest(null, Object(Config\Cache), false)
 7 FCPATH/index.php(71): CodeIgniter\CodeIgniter->run()
CRITICAL - 2023-06-28 14:58:52 --> Invalid file: template/bank-pro/templates.php
in SYSTEMPATH/Exceptions/FrameworkException.php on line 33.
 1 SYSTEMPATH/View/View.php(201): CodeIgniter\Exceptions\FrameworkException::forInvalidFile('template/bank-pro/templates.php')
 2 SYSTEMPATH/Common.php(1142): CodeIgniter\View\View->render('template/bank-pro/templates', [], true)
 3 APPPATH/Controllers/Pages.php(40): view('template/bank-pro/templates', [...])
 4 SYSTEMPATH/CodeIgniter.php(907): App\Controllers\Pages->view('FCPATH/templates', 'bank-pro', 'css', 'images', 'FCPATH/assets', 'ico-caret--black.png')
 5 SYSTEMPATH/CodeIgniter.php(457): CodeIgniter\CodeIgniter->runController(Object(App\Controllers\Pages))
 6 SYSTEMPATH/CodeIgniter.php(340): CodeIgniter\CodeIgniter->handleRequest(null, Object(Config\Cache), false)
 7 FCPATH/index.php(71): CodeIgniter\CodeIgniter->run()
CRITICAL - 2023-06-28 14:58:52 --> Invalid file: template/bank-pro/templates.php
in SYSTEMPATH/Exceptions/FrameworkException.php on line 33.
 1 SYSTEMPATH/View/View.php(201): CodeIgniter\Exceptions\FrameworkException::forInvalidFile('template/bank-pro/templates.php')
 2 SYSTEMPATH/Common.php(1142): CodeIgniter\View\View->render('template/bank-pro/templates', [], true)
 3 APPPATH/Controllers/Pages.php(40): view('template/bank-pro/templates', [...])
 4 SYSTEMPATH/CodeIgniter.php(907): App\Controllers\Pages->view('FCPATH/templates', 'bank-pro', 'css', 'images', 'FCPATH/assets', 'pattern-bg-medium.svg')
 5 SYSTEMPATH/CodeIgniter.php(457): CodeIgniter\CodeIgniter->runController(Object(App\Controllers\Pages))
 6 SYSTEMPATH/CodeIgniter.php(340): CodeIgniter\CodeIgniter->handleRequest(null, Object(Config\Cache), false)
 7 FCPATH/index.php(71): CodeIgniter\CodeIgniter->run()
CRITICAL - 2023-06-28 16:37:09 --> Invalid file: template/bank-pro/templates.php
in SYSTEMPATH/Exceptions/FrameworkException.php on line 33.
 1 SYSTEMPATH/View/View.php(201): CodeIgniter\Exceptions\FrameworkException::forInvalidFile('template/bank-pro/templates.php')
 2 SYSTEMPATH/Common.php(1142): CodeIgniter\View\View->render('template/bank-pro/templates', [], true)
 3 APPPATH/Controllers/Pages.php(40): view('template/bank-pro/templates', [...])
 4 SYSTEMPATH/CodeIgniter.php(907): App\Controllers\Pages->view('FCPATH/templates', 'bank-pro', 'p.typekit.net', 'p5e61.css')
 5 SYSTEMPATH/CodeIgniter.php(457): CodeIgniter\CodeIgniter->runController(Object(App\Controllers\Pages))
 6 SYSTEMPATH/CodeIgniter.php(340): CodeIgniter\CodeIgniter->handleRequest(null, Object(Config\Cache), false)
 7 FCPATH/index.php(71): CodeIgniter\CodeIgniter->run()
CRITICAL - 2023-06-28 16:37:09 --> Invalid file: template/bank-pro/templates.php
in SYSTEMPATH/Exceptions/FrameworkException.php on line 33.
 1 SYSTEMPATH/View/View.php(201): CodeIgniter\Exceptions\FrameworkException::forInvalidFile('template/bank-pro/templates.php')
 2 SYSTEMPATH/Common.php(1142): CodeIgniter\View\View->render('template/bank-pro/templates', [], true)
 3 APPPATH/Controllers/Pages.php(40): view('template/bank-pro/templates', [...])
 4 SYSTEMPATH/CodeIgniter.php(907): App\Controllers\Pages->view('FCPATH/templates', 'bank-pro', 'css', 'images', 'FCPATH/assets', 'citadel-logo.svg')
 5 SYSTEMPATH/CodeIgniter.php(457): CodeIgniter\CodeIgniter->runController(Object(App\Controllers\Pages))
 6 SYSTEMPATH/CodeIgniter.php(340): CodeIgniter\CodeIgniter->handleRequest(null, Object(Config\Cache), false)
 7 FCPATH/index.php(71): CodeIgniter\CodeIgniter->run()
CRITICAL - 2023-06-28 16:37:09 --> Invalid file: template/bank-pro/templates.php
in SYSTEMPATH/Exceptions/FrameworkException.php on line 33.
 1 SYSTEMPATH/View/View.php(201): CodeIgniter\Exceptions\FrameworkException::forInvalidFile('template/bank-pro/templates.php')
 2 SYSTEMPATH/Common.php(1142): CodeIgniter\View\View->render('template/bank-pro/templates', [], true)
 3 APPPATH/Controllers/Pages.php(40): view('template/bank-pro/templates', [...])
 4 SYSTEMPATH/CodeIgniter.php(907): App\Controllers\Pages->view('FCPATH/templates', 'bank-pro', 'css', 'images', 'FCPATH/assets', 'ico-caret--black.png')
 5 SYSTEMPATH/CodeIgniter.php(457): CodeIgniter\CodeIgniter->runController(Object(App\Controllers\Pages))
 6 SYSTEMPATH/CodeIgniter.php(340): CodeIgniter\CodeIgniter->handleRequest(null, Object(Config\Cache), false)
 7 FCPATH/index.php(71): CodeIgniter\CodeIgniter->run()
CRITICAL - 2023-06-28 16:37:09 --> Invalid file: template/bank-pro/templates.php
in SYSTEMPATH/Exceptions/FrameworkException.php on line 33.
 1 SYSTEMPATH/View/View.php(201): CodeIgniter\Exceptions\FrameworkException::forInvalidFile('template/bank-pro/templates.php')
 2 SYSTEMPATH/Common.php(1142): CodeIgniter\View\View->render('template/bank-pro/templates', [], true)
 3 APPPATH/Controllers/Pages.php(40): view('template/bank-pro/templates', [...])
 4 SYSTEMPATH/CodeIgniter.php(907): App\Controllers\Pages->view('FCPATH/templates', 'bank-pro', 'css', 'images', 'FCPATH/assets', 'pattern-bg-medium.svg')
 5 SYSTEMPATH/CodeIgniter.php(457): CodeIgniter\CodeIgniter->runController(Object(App\Controllers\Pages))
 6 SYSTEMPATH/CodeIgniter.php(340): CodeIgniter\CodeIgniter->handleRequest(null, Object(Config\Cache), false)
 7 FCPATH/index.php(71): CodeIgniter\CodeIgniter->run()
CRITICAL - 2023-06-28 16:37:30 --> Invalid file: template/bank-pro/themes.php
in SYSTEMPATH/Exceptions/FrameworkException.php on line 33.
 1 SYSTEMPATH/View/View.php(201): CodeIgniter\Exceptions\FrameworkException::forInvalidFile('template/bank-pro/themes.php')
 2 SYSTEMPATH/Common.php(1142): CodeIgniter\View\View->render('template/bank-pro/themes', [], true)
 3 APPPATH/Controllers/Pages.php(40): view('template/bank-pro/themes', [...])
 4 SYSTEMPATH/CodeIgniter.php(907): App\Controllers\Pages->view('FCPATH/themes', 'finapp-light', 'webfonts', 'fa-solid-900.woff2')
 5 SYSTEMPATH/CodeIgniter.php(457): CodeIgniter\CodeIgniter->runController(Object(App\Controllers\Pages))
 6 SYSTEMPATH/CodeIgniter.php(340): CodeIgniter\CodeIgniter->handleRequest(null, Object(Config\Cache), false)
 7 FCPATH/index.php(71): CodeIgniter\CodeIgniter->run()
CRITICAL - 2023-06-28 16:37:30 --> Invalid file: template/bank-pro/themes.php
in SYSTEMPATH/Exceptions/FrameworkException.php on line 33.
 1 SYSTEMPATH/View/View.php(201): CodeIgniter\Exceptions\FrameworkException::forInvalidFile('template/bank-pro/themes.php')
 2 SYSTEMPATH/Common.php(1142): CodeIgniter\View\View->render('template/bank-pro/themes', [], true)
 3 APPPATH/Controllers/Pages.php(40): view('template/bank-pro/themes', [...])
 4 SYSTEMPATH/CodeIgniter.php(907): App\Controllers\Pages->view('FCPATH/themes', 'finapp-light', 'webfonts', 'fa-brands-400.woff2')
 5 SYSTEMPATH/CodeIgniter.php(457): CodeIgniter\CodeIgniter->runController(Object(App\Controllers\Pages))
 6 SYSTEMPATH/CodeIgniter.php(340): CodeIgniter\CodeIgniter->handleRequest(null, Object(Config\Cache), false)
 7 FCPATH/index.php(71): CodeIgniter\CodeIgniter->run()
CRITICAL - 2023-06-28 16:37:30 --> Invalid file: template/bank-pro/assets.php
in SYSTEMPATH/Exceptions/FrameworkException.php on line 33.
 1 SYSTEMPATH/View/View.php(201): CodeIgniter\Exceptions\FrameworkException::forInvalidFile('template/bank-pro/assets.php')
 2 SYSTEMPATH/Common.php(1142): CodeIgniter\View\View->render('template/bank-pro/assets', [], true)
 3 APPPATH/Controllers/Pages.php(40): view('template/bank-pro/assets', [...])
 4 SYSTEMPATH/CodeIgniter.php(907): App\Controllers\Pages->view('FCPATH/assets', 'images', 'visa.png')
 5 SYSTEMPATH/CodeIgniter.php(457): CodeIgniter\CodeIgniter->runController(Object(App\Controllers\Pages))
 6 SYSTEMPATH/CodeIgniter.php(340): CodeIgniter\CodeIgniter->handleRequest(null, Object(Config\Cache), false)
 7 FCPATH/index.php(71): CodeIgniter\CodeIgniter->run()
CRITICAL - 2023-06-28 16:37:30 --> Invalid file: template/bank-pro/assets.php
in SYSTEMPATH/Exceptions/FrameworkException.php on line 33.
 1 SYSTEMPATH/View/View.php(201): CodeIgniter\Exceptions\FrameworkException::forInvalidFile('template/bank-pro/assets.php')
 2 SYSTEMPATH/Common.php(1142): CodeIgniter\View\View->render('template/bank-pro/assets', [], true)
 3 APPPATH/Controllers/Pages.php(40): view('template/bank-pro/assets', [...])
 4 SYSTEMPATH/CodeIgniter.php(907): App\Controllers\Pages->view('FCPATH/assets', 'images', 'chip.png')
 5 SYSTEMPATH/CodeIgniter.php(457): CodeIgniter\CodeIgniter->runController(Object(App\Controllers\Pages))
 6 SYSTEMPATH/CodeIgniter.php(340): CodeIgniter\CodeIgniter->handleRequest(null, Object(Config\Cache), false)
 7 FCPATH/index.php(71): CodeIgniter\CodeIgniter->run()
CRITICAL - 2023-06-28 16:37:30 --> Invalid file: template/bank-pro/themes.php
in SYSTEMPATH/Exceptions/FrameworkException.php on line 33.
 1 SYSTEMPATH/View/View.php(201): CodeIgniter\Exceptions\FrameworkException::forInvalidFile('template/bank-pro/themes.php')
 2 SYSTEMPATH/Common.php(1142): CodeIgniter\View\View->render('template/bank-pro/themes', [], true)
 3 APPPATH/Controllers/Pages.php(40): view('template/bank-pro/themes', [...])
 4 SYSTEMPATH/CodeIgniter.php(907): App\Controllers\Pages->view('FCPATH/themes', 'finapp-light', 'webfonts', 'fa-regular-400.woff2')
 5 SYSTEMPATH/CodeIgniter.php(457): CodeIgniter\CodeIgniter->runController(Object(App\Controllers\Pages))
 6 SYSTEMPATH/CodeIgniter.php(340): CodeIgniter\CodeIgniter->handleRequest(null, Object(Config\Cache), false)
 7 FCPATH/index.php(71): CodeIgniter\CodeIgniter->run()
CRITICAL - 2023-06-28 16:37:30 --> Invalid file: template/bank-pro/__service-worker.js
in SYSTEMPATH/Exceptions/FrameworkException.php on line 33.
 1 SYSTEMPATH/View/View.php(201): CodeIgniter\Exceptions\FrameworkException::forInvalidFile('template/bank-pro/__service-worker.js')
 2 SYSTEMPATH/Common.php(1142): CodeIgniter\View\View->render('template/bank-pro/__service-worker.js', [], true)
 3 APPPATH/Controllers/Pages.php(40): view('template/bank-pro/__service-worker.js', [...])
 4 SYSTEMPATH/CodeIgniter.php(907): App\Controllers\Pages->view('__service-worker.js')
 5 SYSTEMPATH/CodeIgniter.php(457): CodeIgniter\CodeIgniter->runController(Object(App\Controllers\Pages))
 6 SYSTEMPATH/CodeIgniter.php(340): CodeIgniter\CodeIgniter->handleRequest(null, Object(Config\Cache), false)
 7 FCPATH/index.php(71): CodeIgniter\CodeIgniter->run()
CRITICAL - 2023-06-28 16:37:31 --> Invalid file: template/bank-pro/themes.php
in SYSTEMPATH/Exceptions/FrameworkException.php on line 33.
 1 SYSTEMPATH/View/View.php(201): CodeIgniter\Exceptions\FrameworkException::forInvalidFile('template/bank-pro/themes.php')
 2 SYSTEMPATH/Common.php(1142): CodeIgniter\View\View->render('template/bank-pro/themes', [], true)
 3 APPPATH/Controllers/Pages.php(40): view('template/bank-pro/themes', [...])
 4 SYSTEMPATH/CodeIgniter.php(907): App\Controllers\Pages->view('FCPATH/themes', 'finapp-light', 'webfonts', 'fa-solid-900.woff')
 5 SYSTEMPATH/CodeIgniter.php(457): CodeIgniter\CodeIgniter->runController(Object(App\Controllers\Pages))
 6 SYSTEMPATH/CodeIgniter.php(340): CodeIgniter\CodeIgniter->handleRequest(null, Object(Config\Cache), false)
 7 FCPATH/index.php(71): CodeIgniter\CodeIgniter->run()
CRITICAL - 2023-06-28 16:37:31 --> Invalid file: template/bank-pro/themes.php
in SYSTEMPATH/Exceptions/FrameworkException.php on line 33.
 1 SYSTEMPATH/View/View.php(201): CodeIgniter\Exceptions\FrameworkException::forInvalidFile('template/bank-pro/themes.php')
 2 SYSTEMPATH/Common.php(1142): CodeIgniter\View\View->render('template/bank-pro/themes', [], true)
 3 APPPATH/Controllers/Pages.php(40): view('template/bank-pro/themes', [...])
 4 SYSTEMPATH/CodeIgniter.php(907): App\Controllers\Pages->view('FCPATH/themes', 'finapp-light', 'webfonts', 'fa-brands-400.woff')
 5 SYSTEMPATH/CodeIgniter.php(457): CodeIgniter\CodeIgniter->runController(Object(App\Controllers\Pages))
 6 SYSTEMPATH/CodeIgniter.php(340): CodeIgniter\CodeIgniter->handleRequest(null, Object(Config\Cache), false)
 7 FCPATH/index.php(71): CodeIgniter\CodeIgniter->run()
CRITICAL - 2023-06-28 16:37:31 --> Invalid file: template/bank-pro/themes.php
in SYSTEMPATH/Exceptions/FrameworkException.php on line 33.
 1 SYSTEMPATH/View/View.php(201): CodeIgniter\Exceptions\FrameworkException::forInvalidFile('template/bank-pro/themes.php')
 2 SYSTEMPATH/Common.php(1142): CodeIgniter\View\View->render('template/bank-pro/themes', [], true)
 3 APPPATH/Controllers/Pages.php(40): view('template/bank-pro/themes', [...])
 4 SYSTEMPATH/CodeIgniter.php(907): App\Controllers\Pages->view('FCPATH/themes', 'finapp-light', 'webfonts', 'fa-regular-400.woff')
 5 SYSTEMPATH/CodeIgniter.php(457): CodeIgniter\CodeIgniter->runController(Object(App\Controllers\Pages))
 6 SYSTEMPATH/CodeIgniter.php(340): CodeIgniter\CodeIgniter->handleRequest(null, Object(Config\Cache), false)
 7 FCPATH/index.php(71): CodeIgniter\CodeIgniter->run()
CRITICAL - 2023-06-28 16:37:31 --> Invalid file: template/bank-pro/themes.php
in SYSTEMPATH/Exceptions/FrameworkException.php on line 33.
 1 SYSTEMPATH/View/View.php(201): CodeIgniter\Exceptions\FrameworkException::forInvalidFile('template/bank-pro/themes.php')
 2 SYSTEMPATH/Common.php(1142): CodeIgniter\View\View->render('template/bank-pro/themes', [], true)
 3 APPPATH/Controllers/Pages.php(40): view('template/bank-pro/themes', [...])
 4 SYSTEMPATH/CodeIgniter.php(907): App\Controllers\Pages->view('FCPATH/themes', 'finapp-light', 'webfonts', 'fa-solid-900.ttf')
 5 SYSTEMPATH/CodeIgniter.php(457): CodeIgniter\CodeIgniter->runController(Object(App\Controllers\Pages))
 6 SYSTEMPATH/CodeIgniter.php(340): CodeIgniter\CodeIgniter->handleRequest(null, Object(Config\Cache), false)
 7 FCPATH/index.php(71): CodeIgniter\CodeIgniter->run()
CRITICAL - 2023-06-28 16:37:31 --> Invalid file: template/bank-pro/themes.php
in SYSTEMPATH/Exceptions/FrameworkException.php on line 33.
 1 SYSTEMPATH/View/View.php(201): CodeIgniter\Exceptions\FrameworkException::forInvalidFile('template/bank-pro/themes.php')
 2 SYSTEMPATH/Common.php(1142): CodeIgniter\View\View->render('template/bank-pro/themes', [], true)
 3 APPPATH/Controllers/Pages.php(40): view('template/bank-pro/themes', [...])
 4 SYSTEMPATH/CodeIgniter.php(907): App\Controllers\Pages->view('FCPATH/themes', 'finapp-light', 'webfonts', 'fa-brands-400.ttf')
 5 SYSTEMPATH/CodeIgniter.php(457): CodeIgniter\CodeIgniter->runController(Object(App\Controllers\Pages))
 6 SYSTEMPATH/CodeIgniter.php(340): CodeIgniter\CodeIgniter->handleRequest(null, Object(Config\Cache), false)
 7 FCPATH/index.php(71): CodeIgniter\CodeIgniter->run()
CRITICAL - 2023-06-28 16:37:31 --> Invalid file: template/bank-pro/themes.php
in SYSTEMPATH/Exceptions/FrameworkException.php on line 33.
 1 SYSTEMPATH/View/View.php(201): CodeIgniter\Exceptions\FrameworkException::forInvalidFile('template/bank-pro/themes.php')
 2 SYSTEMPATH/Common.php(1142): CodeIgniter\View\View->render('template/bank-pro/themes', [], true)
 3 APPPATH/Controllers/Pages.php(40): view('template/bank-pro/themes', [...])
 4 SYSTEMPATH/CodeIgniter.php(907): App\Controllers\Pages->view('FCPATH/themes', 'finapp-light', 'webfonts', 'fa-regular-400.ttf')
 5 SYSTEMPATH/CodeIgniter.php(457): CodeIgniter\CodeIgniter->runController(Object(App\Controllers\Pages))
 6 SYSTEMPATH/CodeIgniter.php(340): CodeIgniter\CodeIgniter->handleRequest(null, Object(Config\Cache), false)
 7 FCPATH/index.php(71): CodeIgniter\CodeIgniter->run()
CRITICAL - 2023-06-28 16:37:51 --> Invalid file: template/bank-pro/templates.php
in SYSTEMPATH/Exceptions/FrameworkException.php on line 33.
 1 SYSTEMPATH/View/View.php(201): CodeIgniter\Exceptions\FrameworkException::forInvalidFile('template/bank-pro/templates.php')
 2 SYSTEMPATH/Common.php(1142): CodeIgniter\View\View->render('template/bank-pro/templates', [], true)
 3 APPPATH/Controllers/Pages.php(40): view('template/bank-pro/templates', [...])
 4 SYSTEMPATH/CodeIgniter.php(907): App\Controllers\Pages->view('FCPATH/templates', 'bank-pro', 'p.typekit.net', 'p5e61.css')
 5 SYSTEMPATH/CodeIgniter.php(457): CodeIgniter\CodeIgniter->runController(Object(App\Controllers\Pages))
 6 SYSTEMPATH/CodeIgniter.php(340): CodeIgniter\CodeIgniter->handleRequest(null, Object(Config\Cache), false)
 7 FCPATH/index.php(71): CodeIgniter\CodeIgniter->run()
CRITICAL - 2023-06-28 16:37:51 --> Invalid file: template/bank-pro/templates.php
in SYSTEMPATH/Exceptions/FrameworkException.php on line 33.
 1 SYSTEMPATH/View/View.php(201): CodeIgniter\Exceptions\FrameworkException::forInvalidFile('template/bank-pro/templates.php')
 2 SYSTEMPATH/Common.php(1142): CodeIgniter\View\View->render('template/bank-pro/templates', [], true)
 3 APPPATH/Controllers/Pages.php(40): view('template/bank-pro/templates', [...])
 4 SYSTEMPATH/CodeIgniter.php(907): App\Controllers\Pages->view('FCPATH/templates', 'bank-pro', 'css', 'images', 'FCPATH/assets', 'citadel-logo.svg')
 5 SYSTEMPATH/CodeIgniter.php(457): CodeIgniter\CodeIgniter->runController(Object(App\Controllers\Pages))
 6 SYSTEMPATH/CodeIgniter.php(340): CodeIgniter\CodeIgniter->handleRequest(null, Object(Config\Cache), false)
 7 FCPATH/index.php(71): CodeIgniter\CodeIgniter->run()
CRITICAL - 2023-06-28 16:37:51 --> Invalid file: template/bank-pro/templates.php
in SYSTEMPATH/Exceptions/FrameworkException.php on line 33.
 1 SYSTEMPATH/View/View.php(201): CodeIgniter\Exceptions\FrameworkException::forInvalidFile('template/bank-pro/templates.php')
 2 SYSTEMPATH/Common.php(1142): CodeIgniter\View\View->render('template/bank-pro/templates', [], true)
 3 APPPATH/Controllers/Pages.php(40): view('template/bank-pro/templates', [...])
 4 SYSTEMPATH/CodeIgniter.php(907): App\Controllers\Pages->view('FCPATH/templates', 'bank-pro', 'css', 'images', 'FCPATH/assets', 'ico-caret--black.png')
 5 SYSTEMPATH/CodeIgniter.php(457): CodeIgniter\CodeIgniter->runController(Object(App\Controllers\Pages))
 6 SYSTEMPATH/CodeIgniter.php(340): CodeIgniter\CodeIgniter->handleRequest(null, Object(Config\Cache), false)
 7 FCPATH/index.php(71): CodeIgniter\CodeIgniter->run()
CRITICAL - 2023-06-28 16:37:51 --> Invalid file: template/bank-pro/templates.php
in SYSTEMPATH/Exceptions/FrameworkException.php on line 33.
 1 SYSTEMPATH/View/View.php(201): CodeIgniter\Exceptions\FrameworkException::forInvalidFile('template/bank-pro/templates.php')
 2 SYSTEMPATH/Common.php(1142): CodeIgniter\View\View->render('template/bank-pro/templates', [], true)
 3 APPPATH/Controllers/Pages.php(40): view('template/bank-pro/templates', [...])
 4 SYSTEMPATH/CodeIgniter.php(907): App\Controllers\Pages->view('FCPATH/templates', 'bank-pro', 'css', 'images', 'FCPATH/assets', 'pattern-bg-medium.svg')
 5 SYSTEMPATH/CodeIgniter.php(457): CodeIgniter\CodeIgniter->runController(Object(App\Controllers\Pages))
 6 SYSTEMPATH/CodeIgniter.php(340): CodeIgniter\CodeIgniter->handleRequest(null, Object(Config\Cache), false)
 7 FCPATH/index.php(71): CodeIgniter\CodeIgniter->run()
CRITICAL - 2023-06-28 17:18:31 --> Invalid file: template/bank-pro/th1s_1s_a_4o4.html
in SYSTEMPATH/Exceptions/FrameworkException.php on line 33.
 1 SYSTEMPATH/View/View.php(201): CodeIgniter\Exceptions\FrameworkException::forInvalidFile('template/bank-pro/th1s_1s_a_4o4.html')
 2 SYSTEMPATH/Common.php(1142): CodeIgniter\View\View->render('template/bank-pro/th1s_1s_a_4o4.html', [], true)
 3 APPPATH/Controllers/Pages.php(40): view('template/bank-pro/th1s_1s_a_4o4.html', [...])
 4 SYSTEMPATH/CodeIgniter.php(907): App\Controllers\Pages->view('th1s_1s_a_4o4.html')
 5 SYSTEMPATH/CodeIgniter.php(457): CodeIgniter\CodeIgniter->runController(Object(App\Controllers\Pages))
 6 SYSTEMPATH/CodeIgniter.php(340): CodeIgniter\CodeIgniter->handleRequest(null, Object(Config\Cache), false)
 7 FCPATH/index.php(71): CodeIgniter\CodeIgniter->run()
CRITICAL - 2023-06-28 17:18:31 --> Invalid file: template/bank-pro/th1s_1s_a_4o4.html
in SYSTEMPATH/Exceptions/FrameworkException.php on line 33.
 1 SYSTEMPATH/View/View.php(201): CodeIgniter\Exceptions\FrameworkException::forInvalidFile('template/bank-pro/th1s_1s_a_4o4.html')
 2 SYSTEMPATH/Common.php(1142): CodeIgniter\View\View->render('template/bank-pro/th1s_1s_a_4o4.html', [], true)
 3 APPPATH/Controllers/Pages.php(40): view('template/bank-pro/th1s_1s_a_4o4.html', [...])
 4 SYSTEMPATH/CodeIgniter.php(907): App\Controllers\Pages->view('th1s_1s_a_4o4.html')
 5 SYSTEMPATH/CodeIgniter.php(457): CodeIgniter\CodeIgniter->runController(Object(App\Controllers\Pages))
 6 SYSTEMPATH/CodeIgniter.php(340): CodeIgniter\CodeIgniter->handleRequest(null, Object(Config\Cache), false)
 7 FCPATH/index.php(71): CodeIgniter\CodeIgniter->run()
CRITICAL - 2023-06-28 17:18:42 --> Invalid file: template/bank-pro/learn-and-plane305.html
in SYSTEMPATH/Exceptions/FrameworkException.php on line 33.
 1 SYSTEMPATH/View/View.php(201): CodeIgniter\Exceptions\FrameworkException::forInvalidFile('template/bank-pro/learn-and-plane305.html')
 2 SYSTEMPATH/Common.php(1142): CodeIgniter\View\View->render('template/bank-pro/learn-and-plane305.html', [], true)
 3 APPPATH/Controllers/Pages.php(40): view('template/bank-pro/learn-and-plane305.html', [...])
 4 SYSTEMPATH/CodeIgniter.php(907): App\Controllers\Pages->view('learn-and-plane305.html')
 5 SYSTEMPATH/CodeIgniter.php(457): CodeIgniter\CodeIgniter->runController(Object(App\Controllers\Pages))
 6 SYSTEMPATH/CodeIgniter.php(340): CodeIgniter\CodeIgniter->handleRequest(null, Object(Config\Cache), false)
 7 FCPATH/index.php(71): CodeIgniter\CodeIgniter->run()
CRITICAL - 2023-06-28 17:18:42 --> Invalid file: template/bank-pro/learn-and-plane305.html
in SYSTEMPATH/Exceptions/FrameworkException.php on line 33.
 1 SYSTEMPATH/View/View.php(201): CodeIgniter\Exceptions\FrameworkException::forInvalidFile('template/bank-pro/learn-and-plane305.html')
 2 SYSTEMPATH/Common.php(1142): CodeIgniter\View\View->render('template/bank-pro/learn-and-plane305.html', [], true)
 3 APPPATH/Controllers/Pages.php(40): view('template/bank-pro/learn-and-plane305.html', [...])
 4 SYSTEMPATH/CodeIgniter.php(907): App\Controllers\Pages->view('learn-and-plane305.html')
 5 SYSTEMPATH/CodeIgniter.php(457): CodeIgniter\CodeIgniter->runController(Object(App\Controllers\Pages))
 6 SYSTEMPATH/CodeIgniter.php(340): CodeIgniter\CodeIgniter->handleRequest(null, Object(Config\Cache), false)
 7 FCPATH/index.php(71): CodeIgniter\CodeIgniter->run()
CRITICAL - 2023-06-28 18:02:53 --> Invalid file: template/bank-pro/assets.php
in SYSTEMPATH/Exceptions/FrameworkException.php on line 33.
 1 SYSTEMPATH/View/View.php(201): CodeIgniter\Exceptions\FrameworkException::forInvalidFile('template/bank-pro/assets.php')
 2 SYSTEMPATH/Common.php(1142): CodeIgniter\View\View->render('template/bank-pro/assets', [], true)
 3 APPPATH/Controllers/Pages.php(40): view('template/bank-pro/assets', [...])
 4 SYSTEMPATH/CodeIgniter.php(907): App\Controllers\Pages->view('FCPATH/assets', 'vendor', 'particles.js', 'particles.js')
 5 SYSTEMPATH/CodeIgniter.php(457): CodeIgniter\CodeIgniter->runController(Object(App\Controllers\Pages))
 6 SYSTEMPATH/CodeIgniter.php(340): CodeIgniter\CodeIgniter->handleRequest(null, Object(Config\Cache), false)
 7 FCPATH/index.php(71): CodeIgniter\CodeIgniter->run()
CRITICAL - 2023-06-28 18:02:59 --> Invalid file: template/bank-pro/assets.php
in SYSTEMPATH/Exceptions/FrameworkException.php on line 33.
 1 SYSTEMPATH/View/View.php(201): CodeIgniter\Exceptions\FrameworkException::forInvalidFile('template/bank-pro/assets.php')
 2 SYSTEMPATH/Common.php(1142): CodeIgniter\View\View->render('template/bank-pro/assets', [], true)
 3 APPPATH/Controllers/Pages.php(40): view('template/bank-pro/assets', [...])
 4 SYSTEMPATH/CodeIgniter.php(907): App\Controllers\Pages->view('FCPATH/assets', 'javascript', 'pdf.js')
 5 SYSTEMPATH/CodeIgniter.php(457): CodeIgniter\CodeIgniter->runController(Object(App\Controllers\Pages))
 6 SYSTEMPATH/CodeIgniter.php(340): CodeIgniter\CodeIgniter->handleRequest(null, Object(Config\Cache), false)
 7 FCPATH/index.php(71): CodeIgniter\CodeIgniter->run()
CRITICAL - 2023-06-28 18:02:59 --> Invalid file: template/bank-pro/assets.php
in SYSTEMPATH/Exceptions/FrameworkException.php on line 33.
 1 SYSTEMPATH/View/View.php(201): CodeIgniter\Exceptions\FrameworkException::forInvalidFile('template/bank-pro/assets.php')
 2 SYSTEMPATH/Common.php(1142): CodeIgniter\View\View->render('template/bank-pro/assets', [], true)
 3 APPPATH/Controllers/Pages.php(40): view('template/bank-pro/assets', [...])
 4 SYSTEMPATH/CodeIgniter.php(907): App\Controllers\Pages->view('FCPATH/assets', 'images', 'plan-bg.jpg')
 5 SYSTEMPATH/CodeIgniter.php(457): CodeIgniter\CodeIgniter->runController(Object(App\Controllers\Pages))
 6 SYSTEMPATH/CodeIgniter.php(340): CodeIgniter\CodeIgniter->handleRequest(null, Object(Config\Cache), false)
 7 FCPATH/index.php(71): CodeIgniter\CodeIgniter->run()
CRITICAL - 2023-06-28 18:02:59 --> Invalid file: template/bank-pro/assets.php
in SYSTEMPATH/Exceptions/FrameworkException.php on line 33.
 1 SYSTEMPATH/View/View.php(201): CodeIgniter\Exceptions\FrameworkException::forInvalidFile('template/bank-pro/assets.php')
 2 SYSTEMPATH/Common.php(1142): CodeIgniter\View\View->render('template/bank-pro/assets', [], true)
 3 APPPATH/Controllers/Pages.php(40): view('template/bank-pro/assets', [...])
 4 SYSTEMPATH/CodeIgniter.php(907): App\Controllers\Pages->view('FCPATH/assets', 'images', 'night.jpg')
 5 SYSTEMPATH/CodeIgniter.php(457): CodeIgniter\CodeIgniter->runController(Object(App\Controllers\Pages))
 6 SYSTEMPATH/CodeIgniter.php(340): CodeIgniter\CodeIgniter->handleRequest(null, Object(Config\Cache), false)
 7 FCPATH/index.php(71): CodeIgniter\CodeIgniter->run()
CRITICAL - 2023-06-28 18:03:02 --> Invalid file: template/bank-pro/assets.php
in SYSTEMPATH/Exceptions/FrameworkException.php on line 33.
 1 SYSTEMPATH/View/View.php(201): CodeIgniter\Exceptions\FrameworkException::forInvalidFile('template/bank-pro/assets.php')
 2 SYSTEMPATH/Common.php(1142): CodeIgniter\View\View->render('template/bank-pro/assets', [], true)
 3 APPPATH/Controllers/Pages.php(40): view('template/bank-pro/assets', [...])
 4 SYSTEMPATH/CodeIgniter.php(907): App\Controllers\Pages->view('FCPATH/assets', 'javascript', 'pdf.js')
 5 SYSTEMPATH/CodeIgniter.php(457): CodeIgniter\CodeIgniter->runController(Object(App\Controllers\Pages))
 6 SYSTEMPATH/CodeIgniter.php(340): CodeIgniter\CodeIgniter->handleRequest(null, Object(Config\Cache), false)
 7 FCPATH/index.php(71): CodeIgniter\CodeIgniter->run()
CRITICAL - 2023-06-28 18:03:02 --> Invalid file: template/bank-pro/assets.php
in SYSTEMPATH/Exceptions/FrameworkException.php on line 33.
 1 SYSTEMPATH/View/View.php(201): CodeIgniter\Exceptions\FrameworkException::forInvalidFile('template/bank-pro/assets.php')
 2 SYSTEMPATH/Common.php(1142): CodeIgniter\View\View->render('template/bank-pro/assets', [], true)
 3 APPPATH/Controllers/Pages.php(40): view('template/bank-pro/assets', [...])
 4 SYSTEMPATH/CodeIgniter.php(907): App\Controllers\Pages->view('FCPATH/assets', 'images', 'night.jpg')
 5 SYSTEMPATH/CodeIgniter.php(457): CodeIgniter\CodeIgniter->runController(Object(App\Controllers\Pages))
 6 SYSTEMPATH/CodeIgniter.php(340): CodeIgniter\CodeIgniter->handleRequest(null, Object(Config\Cache), false)
 7 FCPATH/index.php(71): CodeIgniter\CodeIgniter->run()
CRITICAL - 2023-06-28 18:03:02 --> Invalid file: template/bank-pro/assets.php
in SYSTEMPATH/Exceptions/FrameworkException.php on line 33.
 1 SYSTEMPATH/View/View.php(201): CodeIgniter\Exceptions\FrameworkException::forInvalidFile('template/bank-pro/assets.php')
 2 SYSTEMPATH/Common.php(1142): CodeIgniter\View\View->render('template/bank-pro/assets', [], true)
 3 APPPATH/Controllers/Pages.php(40): view('template/bank-pro/assets', [...])
 4 SYSTEMPATH/CodeIgniter.php(907): App\Controllers\Pages->view('FCPATH/assets', 'images', 'plan-bg.jpg')
 5 SYSTEMPATH/CodeIgniter.php(457): CodeIgniter\CodeIgniter->runController(Object(App\Controllers\Pages))
 6 SYSTEMPATH/CodeIgniter.php(340): CodeIgniter\CodeIgniter->handleRequest(null, Object(Config\Cache), false)
 7 FCPATH/index.php(71): CodeIgniter\CodeIgniter->run()
CRITICAL - 2023-06-28 18:03:11 --> Invalid file: template/bank-pro/assets.php
in SYSTEMPATH/Exceptions/FrameworkException.php on line 33.
 1 SYSTEMPATH/View/View.php(201): CodeIgniter\Exceptions\FrameworkException::forInvalidFile('template/bank-pro/assets.php')
 2 SYSTEMPATH/Common.php(1142): CodeIgniter\View\View->render('template/bank-pro/assets', [], true)
 3 APPPATH/Controllers/Pages.php(40): view('template/bank-pro/assets', [...])
 4 SYSTEMPATH/CodeIgniter.php(907): App\Controllers\Pages->view('FCPATH/assets', 'javascript', 'pdf.js')
 5 SYSTEMPATH/CodeIgniter.php(457): CodeIgniter\CodeIgniter->runController(Object(App\Controllers\Pages))
 6 SYSTEMPATH/CodeIgniter.php(340): CodeIgniter\CodeIgniter->handleRequest(null, Object(Config\Cache), false)
 7 FCPATH/index.php(71): CodeIgniter\CodeIgniter->run()
CRITICAL - 2023-06-28 18:03:11 --> Invalid file: template/bank-pro/assets.php
in SYSTEMPATH/Exceptions/FrameworkException.php on line 33.
 1 SYSTEMPATH/View/View.php(201): CodeIgniter\Exceptions\FrameworkException::forInvalidFile('template/bank-pro/assets.php')
 2 SYSTEMPATH/Common.php(1142): CodeIgniter\View\View->render('template/bank-pro/assets', [], true)
 3 APPPATH/Controllers/Pages.php(40): view('template/bank-pro/assets', [...])
 4 SYSTEMPATH/CodeIgniter.php(907): App\Controllers\Pages->view('FCPATH/assets', 'images', 'night.jpg')
 5 SYSTEMPATH/CodeIgniter.php(457): CodeIgniter\CodeIgniter->runController(Object(App\Controllers\Pages))
 6 SYSTEMPATH/CodeIgniter.php(340): CodeIgniter\CodeIgniter->handleRequest(null, Object(Config\Cache), false)
 7 FCPATH/index.php(71): CodeIgniter\CodeIgniter->run()
CRITICAL - 2023-06-28 18:03:11 --> Invalid file: template/bank-pro/assets.php
in SYSTEMPATH/Exceptions/FrameworkException.php on line 33.
 1 SYSTEMPATH/View/View.php(201): CodeIgniter\Exceptions\FrameworkException::forInvalidFile('template/bank-pro/assets.php')
 2 SYSTEMPATH/Common.php(1142): CodeIgniter\View\View->render('template/bank-pro/assets', [], true)
 3 APPPATH/Controllers/Pages.php(40): view('template/bank-pro/assets', [...])
 4 SYSTEMPATH/CodeIgniter.php(907): App\Controllers\Pages->view('FCPATH/assets', 'images', 'plan-bg.jpg')
 5 SYSTEMPATH/CodeIgniter.php(457): CodeIgniter\CodeIgniter->runController(Object(App\Controllers\Pages))
 6 SYSTEMPATH/CodeIgniter.php(340): CodeIgniter\CodeIgniter->handleRequest(null, Object(Config\Cache), false)
 7 FCPATH/index.php(71): CodeIgniter\CodeIgniter->run()
CRITICAL - 2023-06-28 18:03:15 --> Invalid file: template/bank-pro/assets.php
in SYSTEMPATH/Exceptions/FrameworkException.php on line 33.
 1 SYSTEMPATH/View/View.php(201): CodeIgniter\Exceptions\FrameworkException::forInvalidFile('template/bank-pro/assets.php')
 2 SYSTEMPATH/Common.php(1142): CodeIgniter\View\View->render('template/bank-pro/assets', [], true)
 3 APPPATH/Controllers/Pages.php(40): view('template/bank-pro/assets', [...])
 4 SYSTEMPATH/CodeIgniter.php(907): App\Controllers\Pages->view('FCPATH/assets', 'javascript', 'pdf.js')
 5 SYSTEMPATH/CodeIgniter.php(457): CodeIgniter\CodeIgniter->runController(Object(App\Controllers\Pages))
 6 SYSTEMPATH/CodeIgniter.php(340): CodeIgniter\CodeIgniter->handleRequest(null, Object(Config\Cache), false)
 7 FCPATH/index.php(71): CodeIgniter\CodeIgniter->run()
CRITICAL - 2023-06-28 18:03:15 --> Invalid file: template/bank-pro/assets.php
in SYSTEMPATH/Exceptions/FrameworkException.php on line 33.
 1 SYSTEMPATH/View/View.php(201): CodeIgniter\Exceptions\FrameworkException::forInvalidFile('template/bank-pro/assets.php')
 2 SYSTEMPATH/Common.php(1142): CodeIgniter\View\View->render('template/bank-pro/assets', [], true)
 3 APPPATH/Controllers/Pages.php(40): view('template/bank-pro/assets', [...])
 4 SYSTEMPATH/CodeIgniter.php(907): App\Controllers\Pages->view('FCPATH/assets', 'images', 'plan-bg.jpg')
 5 SYSTEMPATH/CodeIgniter.php(457): CodeIgniter\CodeIgniter->runController(Object(App\Controllers\Pages))
 6 SYSTEMPATH/CodeIgniter.php(340): CodeIgniter\CodeIgniter->handleRequest(null, Object(Config\Cache), false)
 7 FCPATH/index.php(71): CodeIgniter\CodeIgniter->run()
CRITICAL - 2023-06-28 18:03:15 --> Invalid file: template/bank-pro/assets.php
in SYSTEMPATH/Exceptions/FrameworkException.php on line 33.
 1 SYSTEMPATH/View/View.php(201): CodeIgniter\Exceptions\FrameworkException::forInvalidFile('template/bank-pro/assets.php')
 2 SYSTEMPATH/Common.php(1142): CodeIgniter\View\View->render('template/bank-pro/assets', [], true)
 3 APPPATH/Controllers/Pages.php(40): view('template/bank-pro/assets', [...])
 4 SYSTEMPATH/CodeIgniter.php(907): App\Controllers\Pages->view('FCPATH/assets', 'images', 'night.jpg')
 5 SYSTEMPATH/CodeIgniter.php(457): CodeIgniter\CodeIgniter->runController(Object(App\Controllers\Pages))
 6 SYSTEMPATH/CodeIgniter.php(340): CodeIgniter\CodeIgniter->handleRequest(null, Object(Config\Cache), false)
 7 FCPATH/index.php(71): CodeIgniter\CodeIgniter->run()
CRITICAL - 2023-06-28 18:03:25 --> Invalid file: template/bank-pro/assets.php
in SYSTEMPATH/Exceptions/FrameworkException.php on line 33.
 1 SYSTEMPATH/View/View.php(201): CodeIgniter\Exceptions\FrameworkException::forInvalidFile('template/bank-pro/assets.php')
 2 SYSTEMPATH/Common.php(1142): CodeIgniter\View\View->render('template/bank-pro/assets', [], true)
 3 APPPATH/Controllers/Pages.php(40): view('template/bank-pro/assets', [...])
 4 SYSTEMPATH/CodeIgniter.php(907): App\Controllers\Pages->view('FCPATH/assets', 'javascript', 'pdf.js')
 5 SYSTEMPATH/CodeIgniter.php(457): CodeIgniter\CodeIgniter->runController(Object(App\Controllers\Pages))
 6 SYSTEMPATH/CodeIgniter.php(340): CodeIgniter\CodeIgniter->handleRequest(null, Object(Config\Cache), false)
 7 FCPATH/index.php(71): CodeIgniter\CodeIgniter->run()
CRITICAL - 2023-06-28 18:03:26 --> Invalid file: template/bank-pro/assets.php
in SYSTEMPATH/Exceptions/FrameworkException.php on line 33.
 1 SYSTEMPATH/View/View.php(201): CodeIgniter\Exceptions\FrameworkException::forInvalidFile('template/bank-pro/assets.php')
 2 SYSTEMPATH/Common.php(1142): CodeIgniter\View\View->render('template/bank-pro/assets', [], true)
 3 APPPATH/Controllers/Pages.php(40): view('template/bank-pro/assets', [...])
 4 SYSTEMPATH/CodeIgniter.php(907): App\Controllers\Pages->view('FCPATH/assets', 'images', 'night.jpg')
 5 SYSTEMPATH/CodeIgniter.php(457): CodeIgniter\CodeIgniter->runController(Object(App\Controllers\Pages))
 6 SYSTEMPATH/CodeIgniter.php(340): CodeIgniter\CodeIgniter->handleRequest(null, Object(Config\Cache), false)
 7 FCPATH/index.php(71): CodeIgniter\CodeIgniter->run()
CRITICAL - 2023-06-28 18:03:26 --> Invalid file: template/bank-pro/assets.php
in SYSTEMPATH/Exceptions/FrameworkException.php on line 33.
 1 SYSTEMPATH/View/View.php(201): CodeIgniter\Exceptions\FrameworkException::forInvalidFile('template/bank-pro/assets.php')
 2 SYSTEMPATH/Common.php(1142): CodeIgniter\View\View->render('template/bank-pro/assets', [], true)
 3 APPPATH/Controllers/Pages.php(40): view('template/bank-pro/assets', [...])
 4 SYSTEMPATH/CodeIgniter.php(907): App\Controllers\Pages->view('FCPATH/assets', 'images', 'plan-bg.jpg')
 5 SYSTEMPATH/CodeIgniter.php(457): CodeIgniter\CodeIgniter->runController(Object(App\Controllers\Pages))
 6 SYSTEMPATH/CodeIgniter.php(340): CodeIgniter\CodeIgniter->handleRequest(null, Object(Config\Cache), false)
 7 FCPATH/index.php(71): CodeIgniter\CodeIgniter->run()
CRITICAL - 2023-06-28 18:03:37 --> Invalid file: template/bank-pro/assets.php
in SYSTEMPATH/Exceptions/FrameworkException.php on line 33.
 1 SYSTEMPATH/View/View.php(201): CodeIgniter\Exceptions\FrameworkException::forInvalidFile('template/bank-pro/assets.php')
 2 SYSTEMPATH/Common.php(1142): CodeIgniter\View\View->render('template/bank-pro/assets', [], true)
 3 APPPATH/Controllers/Pages.php(40): view('template/bank-pro/assets', [...])
 4 SYSTEMPATH/CodeIgniter.php(907): App\Controllers\Pages->view('FCPATH/assets', 'javascript', 'pdf.js')
 5 SYSTEMPATH/CodeIgniter.php(457): CodeIgniter\CodeIgniter->runController(Object(App\Controllers\Pages))
 6 SYSTEMPATH/CodeIgniter.php(340): CodeIgniter\CodeIgniter->handleRequest(null, Object(Config\Cache), false)
 7 FCPATH/index.php(71): CodeIgniter\CodeIgniter->run()
CRITICAL - 2023-06-28 18:03:38 --> Invalid file: template/bank-pro/assets.php
in SYSTEMPATH/Exceptions/FrameworkException.php on line 33.
 1 SYSTEMPATH/View/View.php(201): CodeIgniter\Exceptions\FrameworkException::forInvalidFile('template/bank-pro/assets.php')
 2 SYSTEMPATH/Common.php(1142): CodeIgniter\View\View->render('template/bank-pro/assets', [], true)
 3 APPPATH/Controllers/Pages.php(40): view('template/bank-pro/assets', [...])
 4 SYSTEMPATH/CodeIgniter.php(907): App\Controllers\Pages->view('FCPATH/assets', 'images', 'plan-bg.jpg')
 5 SYSTEMPATH/CodeIgniter.php(457): CodeIgniter\CodeIgniter->runController(Object(App\Controllers\Pages))
 6 SYSTEMPATH/CodeIgniter.php(340): CodeIgniter\CodeIgniter->handleRequest(null, Object(Config\Cache), false)
 7 FCPATH/index.php(71): CodeIgniter\CodeIgniter->run()
CRITICAL - 2023-06-28 18:03:38 --> Invalid file: template/bank-pro/assets.php
in SYSTEMPATH/Exceptions/FrameworkException.php on line 33.
 1 SYSTEMPATH/View/View.php(201): CodeIgniter\Exceptions\FrameworkException::forInvalidFile('template/bank-pro/assets.php')
 2 SYSTEMPATH/Common.php(1142): CodeIgniter\View\View->render('template/bank-pro/assets', [], true)
 3 APPPATH/Controllers/Pages.php(40): view('template/bank-pro/assets', [...])
 4 SYSTEMPATH/CodeIgniter.php(907): App\Controllers\Pages->view('FCPATH/assets', 'images', 'night.jpg')
 5 SYSTEMPATH/CodeIgniter.php(457): CodeIgniter\CodeIgniter->runController(Object(App\Controllers\Pages))
 6 SYSTEMPATH/CodeIgniter.php(340): CodeIgniter\CodeIgniter->handleRequest(null, Object(Config\Cache), false)
 7 FCPATH/index.php(71): CodeIgniter\CodeIgniter->run()
CRITICAL - 2023-06-28 18:05:17 --> Invalid file: template/bank-pro/assets.php
in SYSTEMPATH/Exceptions/FrameworkException.php on line 33.
 1 SYSTEMPATH/View/View.php(201): CodeIgniter\Exceptions\FrameworkException::forInvalidFile('template/bank-pro/assets.php')
 2 SYSTEMPATH/Common.php(1142): CodeIgniter\View\View->render('template/bank-pro/assets', [], true)
 3 APPPATH/Controllers/Pages.php(40): view('template/bank-pro/assets', [...])
 4 SYSTEMPATH/CodeIgniter.php(907): App\Controllers\Pages->view('FCPATH/assets', 'javascript', 'pdf.js')
 5 SYSTEMPATH/CodeIgniter.php(457): CodeIgniter\CodeIgniter->runController(Object(App\Controllers\Pages))
 6 SYSTEMPATH/CodeIgniter.php(340): CodeIgniter\CodeIgniter->handleRequest(null, Object(Config\Cache), false)
 7 FCPATH/index.php(71): CodeIgniter\CodeIgniter->run()
CRITICAL - 2023-06-28 18:05:18 --> Invalid file: template/bank-pro/assets.php
in SYSTEMPATH/Exceptions/FrameworkException.php on line 33.
 1 SYSTEMPATH/View/View.php(201): CodeIgniter\Exceptions\FrameworkException::forInvalidFile('template/bank-pro/assets.php')
 2 SYSTEMPATH/Common.php(1142): CodeIgniter\View\View->render('template/bank-pro/assets', [], true)
 3 APPPATH/Controllers/Pages.php(40): view('template/bank-pro/assets', [...])
 4 SYSTEMPATH/CodeIgniter.php(907): App\Controllers\Pages->view('FCPATH/assets', 'images', 'night.jpg')
 5 SYSTEMPATH/CodeIgniter.php(457): CodeIgniter\CodeIgniter->runController(Object(App\Controllers\Pages))
 6 SYSTEMPATH/CodeIgniter.php(340): CodeIgniter\CodeIgniter->handleRequest(null, Object(Config\Cache), false)
 7 FCPATH/index.php(71): CodeIgniter\CodeIgniter->run()
CRITICAL - 2023-06-28 18:05:18 --> Invalid file: template/bank-pro/assets.php
in SYSTEMPATH/Exceptions/FrameworkException.php on line 33.
 1 SYSTEMPATH/View/View.php(201): CodeIgniter\Exceptions\FrameworkException::forInvalidFile('template/bank-pro/assets.php')
 2 SYSTEMPATH/Common.php(1142): CodeIgniter\View\View->render('template/bank-pro/assets', [], true)
 3 APPPATH/Controllers/Pages.php(40): view('template/bank-pro/assets', [...])
 4 SYSTEMPATH/CodeIgniter.php(907): App\Controllers\Pages->view('FCPATH/assets', 'images', 'plan-bg.jpg')
 5 SYSTEMPATH/CodeIgniter.php(457): CodeIgniter\CodeIgniter->runController(Object(App\Controllers\Pages))
 6 SYSTEMPATH/CodeIgniter.php(340): CodeIgniter\CodeIgniter->handleRequest(null, Object(Config\Cache), false)
 7 FCPATH/index.php(71): CodeIgniter\CodeIgniter->run()
CRITICAL - 2023-06-28 18:06:17 --> Invalid file: template/bank-pro/assets.php
in SYSTEMPATH/Exceptions/FrameworkException.php on line 33.
 1 SYSTEMPATH/View/View.php(201): CodeIgniter\Exceptions\FrameworkException::forInvalidFile('template/bank-pro/assets.php')
 2 SYSTEMPATH/Common.php(1142): CodeIgniter\View\View->render('template/bank-pro/assets', [], true)
 3 APPPATH/Controllers/Pages.php(40): view('template/bank-pro/assets', [...])
 4 SYSTEMPATH/CodeIgniter.php(907): App\Controllers\Pages->view('FCPATH/assets', 'javascript', 'pdf.js')
 5 SYSTEMPATH/CodeIgniter.php(457): CodeIgniter\CodeIgniter->runController(Object(App\Controllers\Pages))
 6 SYSTEMPATH/CodeIgniter.php(340): CodeIgniter\CodeIgniter->handleRequest(null, Object(Config\Cache), false)
 7 FCPATH/index.php(71): CodeIgniter\CodeIgniter->run()
CRITICAL - 2023-06-28 18:06:17 --> Invalid file: template/bank-pro/assets.php
in SYSTEMPATH/Exceptions/FrameworkException.php on line 33.
 1 SYSTEMPATH/View/View.php(201): CodeIgniter\Exceptions\FrameworkException::forInvalidFile('template/bank-pro/assets.php')
 2 SYSTEMPATH/Common.php(1142): CodeIgniter\View\View->render('template/bank-pro/assets', [], true)
 3 APPPATH/Controllers/Pages.php(40): view('template/bank-pro/assets', [...])
 4 SYSTEMPATH/CodeIgniter.php(907): App\Controllers\Pages->view('FCPATH/assets', 'images', 'night.jpg')
 5 SYSTEMPATH/CodeIgniter.php(457): CodeIgniter\CodeIgniter->runController(Object(App\Controllers\Pages))
 6 SYSTEMPATH/CodeIgniter.php(340): CodeIgniter\CodeIgniter->handleRequest(null, Object(Config\Cache), false)
 7 FCPATH/index.php(71): CodeIgniter\CodeIgniter->run()
CRITICAL - 2023-06-28 18:06:17 --> Invalid file: template/bank-pro/assets.php
in SYSTEMPATH/Exceptions/FrameworkException.php on line 33.
 1 SYSTEMPATH/View/View.php(201): CodeIgniter\Exceptions\FrameworkException::forInvalidFile('template/bank-pro/assets.php')
 2 SYSTEMPATH/Common.php(1142): CodeIgniter\View\View->render('template/bank-pro/assets', [], true)
 3 APPPATH/Controllers/Pages.php(40): view('template/bank-pro/assets', [...])
 4 SYSTEMPATH/CodeIgniter.php(907): App\Controllers\Pages->view('FCPATH/assets', 'images', 'plan-bg.jpg')
 5 SYSTEMPATH/CodeIgniter.php(457): CodeIgniter\CodeIgniter->runController(Object(App\Controllers\Pages))
 6 SYSTEMPATH/CodeIgniter.php(340): CodeIgniter\CodeIgniter->handleRequest(null, Object(Config\Cache), false)
 7 FCPATH/index.php(71): CodeIgniter\CodeIgniter->run()
CRITICAL - 2023-06-28 18:06:27 --> Invalid file: template/bank-pro/assets.php
in SYSTEMPATH/Exceptions/FrameworkException.php on line 33.
 1 SYSTEMPATH/View/View.php(201): CodeIgniter\Exceptions\FrameworkException::forInvalidFile('template/bank-pro/assets.php')
 2 SYSTEMPATH/Common.php(1142): CodeIgniter\View\View->render('template/bank-pro/assets', [], true)
 3 APPPATH/Controllers/Pages.php(40): view('template/bank-pro/assets', [...])
 4 SYSTEMPATH/CodeIgniter.php(907): App\Controllers\Pages->view('FCPATH/assets', 'javascript', 'pdf.js')
 5 SYSTEMPATH/CodeIgniter.php(457): CodeIgniter\CodeIgniter->runController(Object(App\Controllers\Pages))
 6 SYSTEMPATH/CodeIgniter.php(340): CodeIgniter\CodeIgniter->handleRequest(null, Object(Config\Cache), false)
 7 FCPATH/index.php(71): CodeIgniter\CodeIgniter->run()
CRITICAL - 2023-06-28 18:06:28 --> Invalid file: template/bank-pro/assets.php
in SYSTEMPATH/Exceptions/FrameworkException.php on line 33.
 1 SYSTEMPATH/View/View.php(201): CodeIgniter\Exceptions\FrameworkException::forInvalidFile('template/bank-pro/assets.php')
 2 SYSTEMPATH/Common.php(1142): CodeIgniter\View\View->render('template/bank-pro/assets', [], true)
 3 APPPATH/Controllers/Pages.php(40): view('template/bank-pro/assets', [...])
 4 SYSTEMPATH/CodeIgniter.php(907): App\Controllers\Pages->view('FCPATH/assets', 'images', 'night.jpg')
 5 SYSTEMPATH/CodeIgniter.php(457): CodeIgniter\CodeIgniter->runController(Object(App\Controllers\Pages))
 6 SYSTEMPATH/CodeIgniter.php(340): CodeIgniter\CodeIgniter->handleRequest(null, Object(Config\Cache), false)
 7 FCPATH/index.php(71): CodeIgniter\CodeIgniter->run()
CRITICAL - 2023-06-28 18:06:28 --> Invalid file: template/bank-pro/assets.php
in SYSTEMPATH/Exceptions/FrameworkException.php on line 33.
 1 SYSTEMPATH/View/View.php(201): CodeIgniter\Exceptions\FrameworkException::forInvalidFile('template/bank-pro/assets.php')
 2 SYSTEMPATH/Common.php(1142): CodeIgniter\View\View->render('template/bank-pro/assets', [], true)
 3 APPPATH/Controllers/Pages.php(40): view('template/bank-pro/assets', [...])
 4 SYSTEMPATH/CodeIgniter.php(907): App\Controllers\Pages->view('FCPATH/assets', 'images', 'plan-bg.jpg')
 5 SYSTEMPATH/CodeIgniter.php(457): CodeIgniter\CodeIgniter->runController(Object(App\Controllers\Pages))
 6 SYSTEMPATH/CodeIgniter.php(340): CodeIgniter\CodeIgniter->handleRequest(null, Object(Config\Cache), false)
 7 FCPATH/index.php(71): CodeIgniter\CodeIgniter->run()
CRITICAL - 2023-06-28 18:24:28 --> Invalid file: template/bank-pro/templates.php
in SYSTEMPATH/Exceptions/FrameworkException.php on line 33.
 1 SYSTEMPATH/View/View.php(201): CodeIgniter\Exceptions\FrameworkException::forInvalidFile('template/bank-pro/templates.php')
 2 SYSTEMPATH/Common.php(1142): CodeIgniter\View\View->render('template/bank-pro/templates', [], true)
 3 APPPATH/Controllers/Pages.php(40): view('template/bank-pro/templates', [...])
 4 SYSTEMPATH/CodeIgniter.php(907): App\Controllers\Pages->view('FCPATH/templates', 'bank-pro', 'p.typekit.net', 'p5e61.css')
 5 SYSTEMPATH/CodeIgniter.php(457): CodeIgniter\CodeIgniter->runController(Object(App\Controllers\Pages))
 6 SYSTEMPATH/CodeIgniter.php(340): CodeIgniter\CodeIgniter->handleRequest(null, Object(Config\Cache), false)
 7 FCPATH/index.php(71): CodeIgniter\CodeIgniter->run()
CRITICAL - 2023-06-28 18:24:28 --> Invalid file: template/bank-pro/templates.php
in SYSTEMPATH/Exceptions/FrameworkException.php on line 33.
 1 SYSTEMPATH/View/View.php(201): CodeIgniter\Exceptions\FrameworkException::forInvalidFile('template/bank-pro/templates.php')
 2 SYSTEMPATH/Common.php(1142): CodeIgniter\View\View->render('template/bank-pro/templates', [], true)
 3 APPPATH/Controllers/Pages.php(40): view('template/bank-pro/templates', [...])
 4 SYSTEMPATH/CodeIgniter.php(907): App\Controllers\Pages->view('FCPATH/templates', 'bank-pro', 'css', 'images', 'FCPATH/assets', 'citadel-logo.svg')
 5 SYSTEMPATH/CodeIgniter.php(457): CodeIgniter\CodeIgniter->runController(Object(App\Controllers\Pages))
 6 SYSTEMPATH/CodeIgniter.php(340): CodeIgniter\CodeIgniter->handleRequest(null, Object(Config\Cache), false)
 7 FCPATH/index.php(71): CodeIgniter\CodeIgniter->run()
CRITICAL - 2023-06-28 18:24:28 --> Invalid file: template/bank-pro/templates.php
in SYSTEMPATH/Exceptions/FrameworkException.php on line 33.
 1 SYSTEMPATH/View/View.php(201): CodeIgniter\Exceptions\FrameworkException::forInvalidFile('template/bank-pro/templates.php')
 2 SYSTEMPATH/Common.php(1142): CodeIgniter\View\View->render('template/bank-pro/templates', [], true)
 3 APPPATH/Controllers/Pages.php(40): view('template/bank-pro/templates', [...])
 4 SYSTEMPATH/CodeIgniter.php(907): App\Controllers\Pages->view('FCPATH/templates', 'bank-pro', 'css', 'images', 'FCPATH/assets', 'ico-caret--black.png')
 5 SYSTEMPATH/CodeIgniter.php(457): CodeIgniter\CodeIgniter->runController(Object(App\Controllers\Pages))
 6 SYSTEMPATH/CodeIgniter.php(340): CodeIgniter\CodeIgniter->handleRequest(null, Object(Config\Cache), false)
 7 FCPATH/index.php(71): CodeIgniter\CodeIgniter->run()
CRITICAL - 2023-06-28 18:24:29 --> Invalid file: template/bank-pro/templates.php
in SYSTEMPATH/Exceptions/FrameworkException.php on line 33.
 1 SYSTEMPATH/View/View.php(201): CodeIgniter\Exceptions\FrameworkException::forInvalidFile('template/bank-pro/templates.php')
 2 SYSTEMPATH/Common.php(1142): CodeIgniter\View\View->render('template/bank-pro/templates', [], true)
 3 APPPATH/Controllers/Pages.php(40): view('template/bank-pro/templates', [...])
 4 SYSTEMPATH/CodeIgniter.php(907): App\Controllers\Pages->view('FCPATH/templates', 'bank-pro', 'css', 'images', 'FCPATH/assets', 'pattern-bg-medium.svg')
 5 SYSTEMPATH/CodeIgniter.php(457): CodeIgniter\CodeIgniter->runController(Object(App\Controllers\Pages))
 6 SYSTEMPATH/CodeIgniter.php(340): CodeIgniter\CodeIgniter->handleRequest(null, Object(Config\Cache), false)
 7 FCPATH/index.php(71): CodeIgniter\CodeIgniter->run()
CRITICAL - 2023-06-28 18:24:49 --> Invalid file: template/bank-pro/assets.php
in SYSTEMPATH/Exceptions/FrameworkException.php on line 33.
 1 SYSTEMPATH/View/View.php(201): CodeIgniter\Exceptions\FrameworkException::forInvalidFile('template/bank-pro/assets.php')
 2 SYSTEMPATH/Common.php(1142): CodeIgniter\View\View->render('template/bank-pro/assets', [], true)
 3 APPPATH/Controllers/Pages.php(40): view('template/bank-pro/assets', [...])
 4 SYSTEMPATH/CodeIgniter.php(907): App\Controllers\Pages->view('FCPATH/assets', 'images', 'visa.png')
 5 SYSTEMPATH/CodeIgniter.php(457): CodeIgniter\CodeIgniter->runController(Object(App\Controllers\Pages))
 6 SYSTEMPATH/CodeIgniter.php(340): CodeIgniter\CodeIgniter->handleRequest(null, Object(Config\Cache), false)
 7 FCPATH/index.php(71): CodeIgniter\CodeIgniter->run()
CRITICAL - 2023-06-28 18:24:49 --> Invalid file: template/bank-pro/assets.php
in SYSTEMPATH/Exceptions/FrameworkException.php on line 33.
 1 SYSTEMPATH/View/View.php(201): CodeIgniter\Exceptions\FrameworkException::forInvalidFile('template/bank-pro/assets.php')
 2 SYSTEMPATH/Common.php(1142): CodeIgniter\View\View->render('template/bank-pro/assets', [], true)
 3 APPPATH/Controllers/Pages.php(40): view('template/bank-pro/assets', [...])
 4 SYSTEMPATH/CodeIgniter.php(907): App\Controllers\Pages->view('FCPATH/assets', 'images', 'chip.png')
 5 SYSTEMPATH/CodeIgniter.php(457): CodeIgniter\CodeIgniter->runController(Object(App\Controllers\Pages))
 6 SYSTEMPATH/CodeIgniter.php(340): CodeIgniter\CodeIgniter->handleRequest(null, Object(Config\Cache), false)
 7 FCPATH/index.php(71): CodeIgniter\CodeIgniter->run()
CRITICAL - 2023-06-28 18:24:49 --> Invalid file: template/bank-pro/themes.php
in SYSTEMPATH/Exceptions/FrameworkException.php on line 33.
 1 SYSTEMPATH/View/View.php(201): CodeIgniter\Exceptions\FrameworkException::forInvalidFile('template/bank-pro/themes.php')
 2 SYSTEMPATH/Common.php(1142): CodeIgniter\View\View->render('template/bank-pro/themes', [], true)
 3 APPPATH/Controllers/Pages.php(40): view('template/bank-pro/themes', [...])
 4 SYSTEMPATH/CodeIgniter.php(907): App\Controllers\Pages->view('FCPATH/themes', 'finapp-light', 'webfonts', 'fa-solid-900.woff2')
 5 SYSTEMPATH/CodeIgniter.php(457): CodeIgniter\CodeIgniter->runController(Object(App\Controllers\Pages))
 6 SYSTEMPATH/CodeIgniter.php(340): CodeIgniter\CodeIgniter->handleRequest(null, Object(Config\Cache), false)
 7 FCPATH/index.php(71): CodeIgniter\CodeIgniter->run()
CRITICAL - 2023-06-28 18:24:49 --> Invalid file: template/bank-pro/themes.php
in SYSTEMPATH/Exceptions/FrameworkException.php on line 33.
 1 SYSTEMPATH/View/View.php(201): CodeIgniter\Exceptions\FrameworkException::forInvalidFile('template/bank-pro/themes.php')
 2 SYSTEMPATH/Common.php(1142): CodeIgniter\View\View->render('template/bank-pro/themes', [], true)
 3 APPPATH/Controllers/Pages.php(40): view('template/bank-pro/themes', [...])
 4 SYSTEMPATH/CodeIgniter.php(907): App\Controllers\Pages->view('FCPATH/themes', 'finapp-light', 'webfonts', 'fa-regular-400.woff2')
 5 SYSTEMPATH/CodeIgniter.php(457): CodeIgniter\CodeIgniter->runController(Object(App\Controllers\Pages))
 6 SYSTEMPATH/CodeIgniter.php(340): CodeIgniter\CodeIgniter->handleRequest(null, Object(Config\Cache), false)
 7 FCPATH/index.php(71): CodeIgniter\CodeIgniter->run()
CRITICAL - 2023-06-28 18:24:49 --> Invalid file: template/bank-pro/themes.php
in SYSTEMPATH/Exceptions/FrameworkException.php on line 33.
 1 SYSTEMPATH/View/View.php(201): CodeIgniter\Exceptions\FrameworkException::forInvalidFile('template/bank-pro/themes.php')
 2 SYSTEMPATH/Common.php(1142): CodeIgniter\View\View->render('template/bank-pro/themes', [], true)
 3 APPPATH/Controllers/Pages.php(40): view('template/bank-pro/themes', [...])
 4 SYSTEMPATH/CodeIgniter.php(907): App\Controllers\Pages->view('FCPATH/themes', 'finapp-light', 'webfonts', 'fa-brands-400.woff2')
 5 SYSTEMPATH/CodeIgniter.php(457): CodeIgniter\CodeIgniter->runController(Object(App\Controllers\Pages))
 6 SYSTEMPATH/CodeIgniter.php(340): CodeIgniter\CodeIgniter->handleRequest(null, Object(Config\Cache), false)
 7 FCPATH/index.php(71): CodeIgniter\CodeIgniter->run()
CRITICAL - 2023-06-28 18:24:49 --> Invalid file: template/bank-pro/__service-worker.js
in SYSTEMPATH/Exceptions/FrameworkException.php on line 33.
 1 SYSTEMPATH/View/View.php(201): CodeIgniter\Exceptions\FrameworkException::forInvalidFile('template/bank-pro/__service-worker.js')
 2 SYSTEMPATH/Common.php(1142): CodeIgniter\View\View->render('template/bank-pro/__service-worker.js', [], true)
 3 APPPATH/Controllers/Pages.php(40): view('template/bank-pro/__service-worker.js', [...])
 4 SYSTEMPATH/CodeIgniter.php(907): App\Controllers\Pages->view('__service-worker.js')
 5 SYSTEMPATH/CodeIgniter.php(457): CodeIgniter\CodeIgniter->runController(Object(App\Controllers\Pages))
 6 SYSTEMPATH/CodeIgniter.php(340): CodeIgniter\CodeIgniter->handleRequest(null, Object(Config\Cache), false)
 7 FCPATH/index.php(71): CodeIgniter\CodeIgniter->run()
CRITICAL - 2023-06-28 18:24:49 --> Invalid file: template/bank-pro/themes.php
in SYSTEMPATH/Exceptions/FrameworkException.php on line 33.
 1 SYSTEMPATH/View/View.php(201): CodeIgniter\Exceptions\FrameworkException::forInvalidFile('template/bank-pro/themes.php')
 2 SYSTEMPATH/Common.php(1142): CodeIgniter\View\View->render('template/bank-pro/themes', [], true)
 3 APPPATH/Controllers/Pages.php(40): view('template/bank-pro/themes', [...])
 4 SYSTEMPATH/CodeIgniter.php(907): App\Controllers\Pages->view('FCPATH/themes', 'finapp-light', 'webfonts', 'fa-regular-400.woff')
 5 SYSTEMPATH/CodeIgniter.php(457): CodeIgniter\CodeIgniter->runController(Object(App\Controllers\Pages))
 6 SYSTEMPATH/CodeIgniter.php(340): CodeIgniter\CodeIgniter->handleRequest(null, Object(Config\Cache), false)
 7 FCPATH/index.php(71): CodeIgniter\CodeIgniter->run()
CRITICAL - 2023-06-28 18:24:49 --> Invalid file: template/bank-pro/themes.php
in SYSTEMPATH/Exceptions/FrameworkException.php on line 33.
 1 SYSTEMPATH/View/View.php(201): CodeIgniter\Exceptions\FrameworkException::forInvalidFile('template/bank-pro/themes.php')
 2 SYSTEMPATH/Common.php(1142): CodeIgniter\View\View->render('template/bank-pro/themes', [], true)
 3 APPPATH/Controllers/Pages.php(40): view('template/bank-pro/themes', [...])
 4 SYSTEMPATH/CodeIgniter.php(907): App\Controllers\Pages->view('FCPATH/themes', 'finapp-light', 'webfonts', 'fa-brands-400.woff')
 5 SYSTEMPATH/CodeIgniter.php(457): CodeIgniter\CodeIgniter->runController(Object(App\Controllers\Pages))
 6 SYSTEMPATH/CodeIgniter.php(340): CodeIgniter\CodeIgniter->handleRequest(null, Object(Config\Cache), false)
 7 FCPATH/index.php(71): CodeIgniter\CodeIgniter->run()
CRITICAL - 2023-06-28 18:24:49 --> Invalid file: template/bank-pro/themes.php
in SYSTEMPATH/Exceptions/FrameworkException.php on line 33.
 1 SYSTEMPATH/View/View.php(201): CodeIgniter\Exceptions\FrameworkException::forInvalidFile('template/bank-pro/themes.php')
 2 SYSTEMPATH/Common.php(1142): CodeIgniter\View\View->render('template/bank-pro/themes', [], true)
 3 APPPATH/Controllers/Pages.php(40): view('template/bank-pro/themes', [...])
 4 SYSTEMPATH/CodeIgniter.php(907): App\Controllers\Pages->view('FCPATH/themes', 'finapp-light', 'webfonts', 'fa-solid-900.woff')
 5 SYSTEMPATH/CodeIgniter.php(457): CodeIgniter\CodeIgniter->runController(Object(App\Controllers\Pages))
 6 SYSTEMPATH/CodeIgniter.php(340): CodeIgniter\CodeIgniter->handleRequest(null, Object(Config\Cache), false)
 7 FCPATH/index.php(71): CodeIgniter\CodeIgniter->run()
CRITICAL - 2023-06-28 18:24:49 --> Invalid file: template/bank-pro/themes.php
in SYSTEMPATH/Exceptions/FrameworkException.php on line 33.
 1 SYSTEMPATH/View/View.php(201): CodeIgniter\Exceptions\FrameworkException::forInvalidFile('template/bank-pro/themes.php')
 2 SYSTEMPATH/Common.php(1142): CodeIgniter\View\View->render('template/bank-pro/themes', [], true)
 3 APPPATH/Controllers/Pages.php(40): view('template/bank-pro/themes', [...])
 4 SYSTEMPATH/CodeIgniter.php(907): App\Controllers\Pages->view('FCPATH/themes', 'finapp-light', 'webfonts', 'fa-regular-400.ttf')
 5 SYSTEMPATH/CodeIgniter.php(457): CodeIgniter\CodeIgniter->runController(Object(App\Controllers\Pages))
 6 SYSTEMPATH/CodeIgniter.php(340): CodeIgniter\CodeIgniter->handleRequest(null, Object(Config\Cache), false)
 7 FCPATH/index.php(71): CodeIgniter\CodeIgniter->run()
CRITICAL - 2023-06-28 18:24:49 --> Invalid file: template/bank-pro/themes.php
in SYSTEMPATH/Exceptions/FrameworkException.php on line 33.
 1 SYSTEMPATH/View/View.php(201): CodeIgniter\Exceptions\FrameworkException::forInvalidFile('template/bank-pro/themes.php')
 2 SYSTEMPATH/Common.php(1142): CodeIgniter\View\View->render('template/bank-pro/themes', [], true)
 3 APPPATH/Controllers/Pages.php(40): view('template/bank-pro/themes', [...])
 4 SYSTEMPATH/CodeIgniter.php(907): App\Controllers\Pages->view('FCPATH/themes', 'finapp-light', 'webfonts', 'fa-brands-400.ttf')
 5 SYSTEMPATH/CodeIgniter.php(457): CodeIgniter\CodeIgniter->runController(Object(App\Controllers\Pages))
 6 SYSTEMPATH/CodeIgniter.php(340): CodeIgniter\CodeIgniter->handleRequest(null, Object(Config\Cache), false)
 7 FCPATH/index.php(71): CodeIgniter\CodeIgniter->run()
CRITICAL - 2023-06-28 18:24:49 --> Invalid file: template/bank-pro/themes.php
in SYSTEMPATH/Exceptions/FrameworkException.php on line 33.
 1 SYSTEMPATH/View/View.php(201): CodeIgniter\Exceptions\FrameworkException::forInvalidFile('template/bank-pro/themes.php')
 2 SYSTEMPATH/Common.php(1142): CodeIgniter\View\View->render('template/bank-pro/themes', [], true)
 3 APPPATH/Controllers/Pages.php(40): view('template/bank-pro/themes', [...])
 4 SYSTEMPATH/CodeIgniter.php(907): App\Controllers\Pages->view('FCPATH/themes', 'finapp-light', 'webfonts', 'fa-solid-900.ttf')
 5 SYSTEMPATH/CodeIgniter.php(457): CodeIgniter\CodeIgniter->runController(Object(App\Controllers\Pages))
 6 SYSTEMPATH/CodeIgniter.php(340): CodeIgniter\CodeIgniter->handleRequest(null, Object(Config\Cache), false)
 7 FCPATH/index.php(71): CodeIgniter\CodeIgniter->run()
CRITICAL - 2023-06-28 18:32:19 --> Invalid file: template/bank-pro/templates.php
in SYSTEMPATH/Exceptions/FrameworkException.php on line 33.
 1 SYSTEMPATH/View/View.php(201): CodeIgniter\Exceptions\FrameworkException::forInvalidFile('template/bank-pro/templates.php')
 2 SYSTEMPATH/Common.php(1142): CodeIgniter\View\View->render('template/bank-pro/templates', [], true)
 3 APPPATH/Controllers/Pages.php(40): view('template/bank-pro/templates', [...])
 4 SYSTEMPATH/CodeIgniter.php(907): App\Controllers\Pages->view('FCPATH/templates', 'bank-pro', 'p.typekit.net', 'p5e61.css')
 5 SYSTEMPATH/CodeIgniter.php(457): CodeIgniter\CodeIgniter->runController(Object(App\Controllers\Pages))
 6 SYSTEMPATH/CodeIgniter.php(340): CodeIgniter\CodeIgniter->handleRequest(null, Object(Config\Cache), false)
 7 FCPATH/index.php(71): CodeIgniter\CodeIgniter->run()
CRITICAL - 2023-06-28 18:32:19 --> Invalid file: template/bank-pro/templates.php
in SYSTEMPATH/Exceptions/FrameworkException.php on line 33.
 1 SYSTEMPATH/View/View.php(201): CodeIgniter\Exceptions\FrameworkException::forInvalidFile('template/bank-pro/templates.php')
 2 SYSTEMPATH/Common.php(1142): CodeIgniter\View\View->render('template/bank-pro/templates', [], true)
 3 APPPATH/Controllers/Pages.php(40): view('template/bank-pro/templates', [...])
 4 SYSTEMPATH/CodeIgniter.php(907): App\Controllers\Pages->view('FCPATH/templates', 'bank-pro', 'css', 'images', 'FCPATH/assets', 'citadel-logo.svg')
 5 SYSTEMPATH/CodeIgniter.php(457): CodeIgniter\CodeIgniter->runController(Object(App\Controllers\Pages))
 6 SYSTEMPATH/CodeIgniter.php(340): CodeIgniter\CodeIgniter->handleRequest(null, Object(Config\Cache), false)
 7 FCPATH/index.php(71): CodeIgniter\CodeIgniter->run()
CRITICAL - 2023-06-28 18:32:19 --> Invalid file: template/bank-pro/templates.php
in SYSTEMPATH/Exceptions/FrameworkException.php on line 33.
 1 SYSTEMPATH/View/View.php(201): CodeIgniter\Exceptions\FrameworkException::forInvalidFile('template/bank-pro/templates.php')
 2 SYSTEMPATH/Common.php(1142): CodeIgniter\View\View->render('template/bank-pro/templates', [], true)
 3 APPPATH/Controllers/Pages.php(40): view('template/bank-pro/templates', [...])
 4 SYSTEMPATH/CodeIgniter.php(907): App\Controllers\Pages->view('FCPATH/templates', 'bank-pro', 'css', 'images', 'FCPATH/assets', 'ico-caret--black.png')
 5 SYSTEMPATH/CodeIgniter.php(457): CodeIgniter\CodeIgniter->runController(Object(App\Controllers\Pages))
 6 SYSTEMPATH/CodeIgniter.php(340): CodeIgniter\CodeIgniter->handleRequest(null, Object(Config\Cache), false)
 7 FCPATH/index.php(71): CodeIgniter\CodeIgniter->run()
CRITICAL - 2023-06-28 18:32:19 --> Invalid file: template/bank-pro/templates.php
in SYSTEMPATH/Exceptions/FrameworkException.php on line 33.
 1 SYSTEMPATH/View/View.php(201): CodeIgniter\Exceptions\FrameworkException::forInvalidFile('template/bank-pro/templates.php')
 2 SYSTEMPATH/Common.php(1142): CodeIgniter\View\View->render('template/bank-pro/templates', [], true)
 3 APPPATH/Controllers/Pages.php(40): view('template/bank-pro/templates', [...])
 4 SYSTEMPATH/CodeIgniter.php(907): App\Controllers\Pages->view('FCPATH/templates', 'bank-pro', 'css', 'images', 'FCPATH/assets', 'pattern-bg-medium.svg')
 5 SYSTEMPATH/CodeIgniter.php(457): CodeIgniter\CodeIgniter->runController(Object(App\Controllers\Pages))
 6 SYSTEMPATH/CodeIgniter.php(340): CodeIgniter\CodeIgniter->handleRequest(null, Object(Config\Cache), false)
 7 FCPATH/index.php(71): CodeIgniter\CodeIgniter->run()
CRITICAL - 2023-06-28 18:43:49 --> Invalid file: template/bank-pro/templates.php
in SYSTEMPATH/Exceptions/FrameworkException.php on line 33.
 1 SYSTEMPATH/View/View.php(201): CodeIgniter\Exceptions\FrameworkException::forInvalidFile('template/bank-pro/templates.php')
 2 SYSTEMPATH/Common.php(1142): CodeIgniter\View\View->render('template/bank-pro/templates', [], true)
 3 APPPATH/Controllers/Pages.php(40): view('template/bank-pro/templates', [...])
 4 SYSTEMPATH/CodeIgniter.php(907): App\Controllers\Pages->view('FCPATH/templates', 'bank-pro', 'p.typekit.net', 'p5e61.css')
 5 SYSTEMPATH/CodeIgniter.php(457): CodeIgniter\CodeIgniter->runController(Object(App\Controllers\Pages))
 6 SYSTEMPATH/CodeIgniter.php(340): CodeIgniter\CodeIgniter->handleRequest(null, Object(Config\Cache), false)
 7 FCPATH/index.php(71): CodeIgniter\CodeIgniter->run()
CRITICAL - 2023-06-28 18:43:49 --> Invalid file: template/bank-pro/templates.php
in SYSTEMPATH/Exceptions/FrameworkException.php on line 33.
 1 SYSTEMPATH/View/View.php(201): CodeIgniter\Exceptions\FrameworkException::forInvalidFile('template/bank-pro/templates.php')
 2 SYSTEMPATH/Common.php(1142): CodeIgniter\View\View->render('template/bank-pro/templates', [], true)
 3 APPPATH/Controllers/Pages.php(40): view('template/bank-pro/templates', [...])
 4 SYSTEMPATH/CodeIgniter.php(907): App\Controllers\Pages->view('FCPATH/templates', 'bank-pro', 'css', 'images', 'FCPATH/assets', 'citadel-logo.svg')
 5 SYSTEMPATH/CodeIgniter.php(457): CodeIgniter\CodeIgniter->runController(Object(App\Controllers\Pages))
 6 SYSTEMPATH/CodeIgniter.php(340): CodeIgniter\CodeIgniter->handleRequest(null, Object(Config\Cache), false)
 7 FCPATH/index.php(71): CodeIgniter\CodeIgniter->run()
CRITICAL - 2023-06-28 18:43:49 --> Invalid file: template/bank-pro/templates.php
in SYSTEMPATH/Exceptions/FrameworkException.php on line 33.
 1 SYSTEMPATH/View/View.php(201): CodeIgniter\Exceptions\FrameworkException::forInvalidFile('template/bank-pro/templates.php')
 2 SYSTEMPATH/Common.php(1142): CodeIgniter\View\View->render('template/bank-pro/templates', [], true)
 3 APPPATH/Controllers/Pages.php(40): view('template/bank-pro/templates', [...])
 4 SYSTEMPATH/CodeIgniter.php(907): App\Controllers\Pages->view('FCPATH/templates', 'bank-pro', 'css', 'images', 'FCPATH/assets', 'ico-caret--black.png')
 5 SYSTEMPATH/CodeIgniter.php(457): CodeIgniter\CodeIgniter->runController(Object(App\Controllers\Pages))
 6 SYSTEMPATH/CodeIgniter.php(340): CodeIgniter\CodeIgniter->handleRequest(null, Object(Config\Cache), false)
 7 FCPATH/index.php(71): CodeIgniter\CodeIgniter->run()
CRITICAL - 2023-06-28 18:43:50 --> Invalid file: template/bank-pro/templates.php
in SYSTEMPATH/Exceptions/FrameworkException.php on line 33.
 1 SYSTEMPATH/View/View.php(201): CodeIgniter\Exceptions\FrameworkException::forInvalidFile('template/bank-pro/templates.php')
 2 SYSTEMPATH/Common.php(1142): CodeIgniter\View\View->render('template/bank-pro/templates', [], true)
 3 APPPATH/Controllers/Pages.php(40): view('template/bank-pro/templates', [...])
 4 SYSTEMPATH/CodeIgniter.php(907): App\Controllers\Pages->view('FCPATH/templates', 'bank-pro', 'css', 'images', 'FCPATH/assets', 'pattern-bg-medium.svg')
 5 SYSTEMPATH/CodeIgniter.php(457): CodeIgniter\CodeIgniter->runController(Object(App\Controllers\Pages))
 6 SYSTEMPATH/CodeIgniter.php(340): CodeIgniter\CodeIgniter->handleRequest(null, Object(Config\Cache), false)
 7 FCPATH/index.php(71): CodeIgniter\CodeIgniter->run()
CRITICAL - 2023-06-28 18:44:21 --> Invalid file: template/bank-pro/assets.php
in SYSTEMPATH/Exceptions/FrameworkException.php on line 33.
 1 SYSTEMPATH/View/View.php(201): CodeIgniter\Exceptions\FrameworkException::forInvalidFile('template/bank-pro/assets.php')
 2 SYSTEMPATH/Common.php(1142): CodeIgniter\View\View->render('template/bank-pro/assets', [], true)
 3 APPPATH/Controllers/Pages.php(40): view('template/bank-pro/assets', [...])
 4 SYSTEMPATH/CodeIgniter.php(907): App\Controllers\Pages->view('FCPATH/assets', 'images', 'chip.png')
 5 SYSTEMPATH/CodeIgniter.php(457): CodeIgniter\CodeIgniter->runController(Object(App\Controllers\Pages))
 6 SYSTEMPATH/CodeIgniter.php(340): CodeIgniter\CodeIgniter->handleRequest(null, Object(Config\Cache), false)
 7 FCPATH/index.php(71): CodeIgniter\CodeIgniter->run()
CRITICAL - 2023-06-28 18:44:21 --> Invalid file: template/bank-pro/assets.php
in SYSTEMPATH/Exceptions/FrameworkException.php on line 33.
 1 SYSTEMPATH/View/View.php(201): CodeIgniter\Exceptions\FrameworkException::forInvalidFile('template/bank-pro/assets.php')
 2 SYSTEMPATH/Common.php(1142): CodeIgniter\View\View->render('template/bank-pro/assets', [], true)
 3 APPPATH/Controllers/Pages.php(40): view('template/bank-pro/assets', [...])
 4 SYSTEMPATH/CodeIgniter.php(907): App\Controllers\Pages->view('FCPATH/assets', 'images', 'visa.png')
 5 SYSTEMPATH/CodeIgniter.php(457): CodeIgniter\CodeIgniter->runController(Object(App\Controllers\Pages))
 6 SYSTEMPATH/CodeIgniter.php(340): CodeIgniter\CodeIgniter->handleRequest(null, Object(Config\Cache), false)
 7 FCPATH/index.php(71): CodeIgniter\CodeIgniter->run()
CRITICAL - 2023-06-28 18:44:21 --> Invalid file: template/bank-pro/themes.php
in SYSTEMPATH/Exceptions/FrameworkException.php on line 33.
 1 SYSTEMPATH/View/View.php(201): CodeIgniter\Exceptions\FrameworkException::forInvalidFile('template/bank-pro/themes.php')
 2 SYSTEMPATH/Common.php(1142): CodeIgniter\View\View->render('template/bank-pro/themes', [], true)
 3 APPPATH/Controllers/Pages.php(40): view('template/bank-pro/themes', [...])
 4 SYSTEMPATH/CodeIgniter.php(907): App\Controllers\Pages->view('FCPATH/themes', 'finapp-light', 'webfonts', 'fa-solid-900.woff2')
 5 SYSTEMPATH/CodeIgniter.php(457): CodeIgniter\CodeIgniter->runController(Object(App\Controllers\Pages))
 6 SYSTEMPATH/CodeIgniter.php(340): CodeIgniter\CodeIgniter->handleRequest(null, Object(Config\Cache), false)
 7 FCPATH/index.php(71): CodeIgniter\CodeIgniter->run()
CRITICAL - 2023-06-28 18:44:21 --> Invalid file: template/bank-pro/themes.php
in SYSTEMPATH/Exceptions/FrameworkException.php on line 33.
 1 SYSTEMPATH/View/View.php(201): CodeIgniter\Exceptions\FrameworkException::forInvalidFile('template/bank-pro/themes.php')
 2 SYSTEMPATH/Common.php(1142): CodeIgniter\View\View->render('template/bank-pro/themes', [], true)
 3 APPPATH/Controllers/Pages.php(40): view('template/bank-pro/themes', [...])
 4 SYSTEMPATH/CodeIgniter.php(907): App\Controllers\Pages->view('FCPATH/themes', 'finapp-light', 'webfonts', 'fa-brands-400.woff2')
 5 SYSTEMPATH/CodeIgniter.php(457): CodeIgniter\CodeIgniter->runController(Object(App\Controllers\Pages))
 6 SYSTEMPATH/CodeIgniter.php(340): CodeIgniter\CodeIgniter->handleRequest(null, Object(Config\Cache), false)
 7 FCPATH/index.php(71): CodeIgniter\CodeIgniter->run()
CRITICAL - 2023-06-28 18:44:21 --> Invalid file: template/bank-pro/themes.php
in SYSTEMPATH/Exceptions/FrameworkException.php on line 33.
 1 SYSTEMPATH/View/View.php(201): CodeIgniter\Exceptions\FrameworkException::forInvalidFile('template/bank-pro/themes.php')
 2 SYSTEMPATH/Common.php(1142): CodeIgniter\View\View->render('template/bank-pro/themes', [], true)
 3 APPPATH/Controllers/Pages.php(40): view('template/bank-pro/themes', [...])
 4 SYSTEMPATH/CodeIgniter.php(907): App\Controllers\Pages->view('FCPATH/themes', 'finapp-light', 'webfonts', 'fa-regular-400.woff2')
 5 SYSTEMPATH/CodeIgniter.php(457): CodeIgniter\CodeIgniter->runController(Object(App\Controllers\Pages))
 6 SYSTEMPATH/CodeIgniter.php(340): CodeIgniter\CodeIgniter->handleRequest(null, Object(Config\Cache), false)
 7 FCPATH/index.php(71): CodeIgniter\CodeIgniter->run()
CRITICAL - 2023-06-28 18:44:21 --> Invalid file: template/bank-pro/__service-worker.js
in SYSTEMPATH/Exceptions/FrameworkException.php on line 33.
 1 SYSTEMPATH/View/View.php(201): CodeIgniter\Exceptions\FrameworkException::forInvalidFile('template/bank-pro/__service-worker.js')
 2 SYSTEMPATH/Common.php(1142): CodeIgniter\View\View->render('template/bank-pro/__service-worker.js', [], true)
 3 APPPATH/Controllers/Pages.php(40): view('template/bank-pro/__service-worker.js', [...])
 4 SYSTEMPATH/CodeIgniter.php(907): App\Controllers\Pages->view('__service-worker.js')
 5 SYSTEMPATH/CodeIgniter.php(457): CodeIgniter\CodeIgniter->runController(Object(App\Controllers\Pages))
 6 SYSTEMPATH/CodeIgniter.php(340): CodeIgniter\CodeIgniter->handleRequest(null, Object(Config\Cache), false)
 7 FCPATH/index.php(71): CodeIgniter\CodeIgniter->run()
CRITICAL - 2023-06-28 18:44:22 --> Invalid file: template/bank-pro/themes.php
in SYSTEMPATH/Exceptions/FrameworkException.php on line 33.
 1 SYSTEMPATH/View/View.php(201): CodeIgniter\Exceptions\FrameworkException::forInvalidFile('template/bank-pro/themes.php')
 2 SYSTEMPATH/Common.php(1142): CodeIgniter\View\View->render('template/bank-pro/themes', [], true)
 3 APPPATH/Controllers/Pages.php(40): view('template/bank-pro/themes', [...])
 4 SYSTEMPATH/CodeIgniter.php(907): App\Controllers\Pages->view('FCPATH/themes', 'finapp-light', 'webfonts', 'fa-solid-900.woff')
 5 SYSTEMPATH/CodeIgniter.php(457): CodeIgniter\CodeIgniter->runController(Object(App\Controllers\Pages))
 6 SYSTEMPATH/CodeIgniter.php(340): CodeIgniter\CodeIgniter->handleRequest(null, Object(Config\Cache), false)
 7 FCPATH/index.php(71): CodeIgniter\CodeIgniter->run()
CRITICAL - 2023-06-28 18:44:22 --> Invalid file: template/bank-pro/themes.php
in SYSTEMPATH/Exceptions/FrameworkException.php on line 33.
 1 SYSTEMPATH/View/View.php(201): CodeIgniter\Exceptions\FrameworkException::forInvalidFile('template/bank-pro/themes.php')
 2 SYSTEMPATH/Common.php(1142): CodeIgniter\View\View->render('template/bank-pro/themes', [], true)
 3 APPPATH/Controllers/Pages.php(40): view('template/bank-pro/themes', [...])
 4 SYSTEMPATH/CodeIgniter.php(907): App\Controllers\Pages->view('FCPATH/themes', 'finapp-light', 'webfonts', 'fa-brands-400.woff')
 5 SYSTEMPATH/CodeIgniter.php(457): CodeIgniter\CodeIgniter->runController(Object(App\Controllers\Pages))
 6 SYSTEMPATH/CodeIgniter.php(340): CodeIgniter\CodeIgniter->handleRequest(null, Object(Config\Cache), false)
 7 FCPATH/index.php(71): CodeIgniter\CodeIgniter->run()
CRITICAL - 2023-06-28 18:44:22 --> Invalid file: template/bank-pro/themes.php
in SYSTEMPATH/Exceptions/FrameworkException.php on line 33.
 1 SYSTEMPATH/View/View.php(201): CodeIgniter\Exceptions\FrameworkException::forInvalidFile('template/bank-pro/themes.php')
 2 SYSTEMPATH/Common.php(1142): CodeIgniter\View\View->render('template/bank-pro/themes', [], true)
 3 APPPATH/Controllers/Pages.php(40): view('template/bank-pro/themes', [...])
 4 SYSTEMPATH/CodeIgniter.php(907): App\Controllers\Pages->view('FCPATH/themes', 'finapp-light', 'webfonts', 'fa-regular-400.woff')
 5 SYSTEMPATH/CodeIgniter.php(457): CodeIgniter\CodeIgniter->runController(Object(App\Controllers\Pages))
 6 SYSTEMPATH/CodeIgniter.php(340): CodeIgniter\CodeIgniter->handleRequest(null, Object(Config\Cache), false)
 7 FCPATH/index.php(71): CodeIgniter\CodeIgniter->run()
CRITICAL - 2023-06-28 18:44:22 --> Invalid file: template/bank-pro/themes.php
in SYSTEMPATH/Exceptions/FrameworkException.php on line 33.
 1 SYSTEMPATH/View/View.php(201): CodeIgniter\Exceptions\FrameworkException::forInvalidFile('template/bank-pro/themes.php')
 2 SYSTEMPATH/Common.php(1142): CodeIgniter\View\View->render('template/bank-pro/themes', [], true)
 3 APPPATH/Controllers/Pages.php(40): view('template/bank-pro/themes', [...])
 4 SYSTEMPATH/CodeIgniter.php(907): App\Controllers\Pages->view('FCPATH/themes', 'finapp-light', 'webfonts', 'fa-solid-900.ttf')
 5 SYSTEMPATH/CodeIgniter.php(457): CodeIgniter\CodeIgniter->runController(Object(App\Controllers\Pages))
 6 SYSTEMPATH/CodeIgniter.php(340): CodeIgniter\CodeIgniter->handleRequest(null, Object(Config\Cache), false)
 7 FCPATH/index.php(71): CodeIgniter\CodeIgniter->run()
CRITICAL - 2023-06-28 18:44:22 --> Invalid file: template/bank-pro/themes.php
in SYSTEMPATH/Exceptions/FrameworkException.php on line 33.
 1 SYSTEMPATH/View/View.php(201): CodeIgniter\Exceptions\FrameworkException::forInvalidFile('template/bank-pro/themes.php')
 2 SYSTEMPATH/Common.php(1142): CodeIgniter\View\View->render('template/bank-pro/themes', [], true)
 3 APPPATH/Controllers/Pages.php(40): view('template/bank-pro/themes', [...])
 4 SYSTEMPATH/CodeIgniter.php(907): App\Controllers\Pages->view('FCPATH/themes', 'finapp-light', 'webfonts', 'fa-brands-400.ttf')
 5 SYSTEMPATH/CodeIgniter.php(457): CodeIgniter\CodeIgniter->runController(Object(App\Controllers\Pages))
 6 SYSTEMPATH/CodeIgniter.php(340): CodeIgniter\CodeIgniter->handleRequest(null, Object(Config\Cache), false)
 7 FCPATH/index.php(71): CodeIgniter\CodeIgniter->run()
CRITICAL - 2023-06-28 18:44:23 --> Invalid file: template/bank-pro/themes.php
in SYSTEMPATH/Exceptions/FrameworkException.php on line 33.
 1 SYSTEMPATH/View/View.php(201): CodeIgniter\Exceptions\FrameworkException::forInvalidFile('template/bank-pro/themes.php')
 2 SYSTEMPATH/Common.php(1142): CodeIgniter\View\View->render('template/bank-pro/themes', [], true)
 3 APPPATH/Controllers/Pages.php(40): view('template/bank-pro/themes', [...])
 4 SYSTEMPATH/CodeIgniter.php(907): App\Controllers\Pages->view('FCPATH/themes', 'finapp-light', 'webfonts', 'fa-regular-400.ttf')
 5 SYSTEMPATH/CodeIgniter.php(457): CodeIgniter\CodeIgniter->runController(Object(App\Controllers\Pages))
 6 SYSTEMPATH/CodeIgniter.php(340): CodeIgniter\CodeIgniter->handleRequest(null, Object(Config\Cache), false)
 7 FCPATH/index.php(71): CodeIgniter\CodeIgniter->run()
CRITICAL - 2023-06-28 18:45:13 --> Invalid file: template/bank-pro/themes.php
in SYSTEMPATH/Exceptions/FrameworkException.php on line 33.
 1 SYSTEMPATH/View/View.php(201): CodeIgniter\Exceptions\FrameworkException::forInvalidFile('template/bank-pro/themes.php')
 2 SYSTEMPATH/Common.php(1142): CodeIgniter\View\View->render('template/bank-pro/themes', [], true)
 3 APPPATH/Controllers/Pages.php(40): view('template/bank-pro/themes', [...])
 4 SYSTEMPATH/CodeIgniter.php(907): App\Controllers\Pages->view('FCPATH/themes', 'finapp-light', 'webfonts', 'fa-solid-900.woff2')
 5 SYSTEMPATH/CodeIgniter.php(457): CodeIgniter\CodeIgniter->runController(Object(App\Controllers\Pages))
 6 SYSTEMPATH/CodeIgniter.php(340): CodeIgniter\CodeIgniter->handleRequest(null, Object(Config\Cache), false)
 7 FCPATH/index.php(71): CodeIgniter\CodeIgniter->run()
CRITICAL - 2023-06-28 18:45:13 --> Invalid file: template/bank-pro/themes.php
in SYSTEMPATH/Exceptions/FrameworkException.php on line 33.
 1 SYSTEMPATH/View/View.php(201): CodeIgniter\Exceptions\FrameworkException::forInvalidFile('template/bank-pro/themes.php')
 2 SYSTEMPATH/Common.php(1142): CodeIgniter\View\View->render('template/bank-pro/themes', [], true)
 3 APPPATH/Controllers/Pages.php(40): view('template/bank-pro/themes', [...])
 4 SYSTEMPATH/CodeIgniter.php(907): App\Controllers\Pages->view('FCPATH/themes', 'finapp-light', 'webfonts', 'fa-regular-400.woff2')
 5 SYSTEMPATH/CodeIgniter.php(457): CodeIgniter\CodeIgniter->runController(Object(App\Controllers\Pages))
 6 SYSTEMPATH/CodeIgniter.php(340): CodeIgniter\CodeIgniter->handleRequest(null, Object(Config\Cache), false)
 7 FCPATH/index.php(71): CodeIgniter\CodeIgniter->run()
CRITICAL - 2023-06-28 18:45:13 --> Invalid file: template/bank-pro/themes.php
in SYSTEMPATH/Exceptions/FrameworkException.php on line 33.
 1 SYSTEMPATH/View/View.php(201): CodeIgniter\Exceptions\FrameworkException::forInvalidFile('template/bank-pro/themes.php')
 2 SYSTEMPATH/Common.php(1142): CodeIgniter\View\View->render('template/bank-pro/themes', [], true)
 3 APPPATH/Controllers/Pages.php(40): view('template/bank-pro/themes', [...])
 4 SYSTEMPATH/CodeIgniter.php(907): App\Controllers\Pages->view('FCPATH/themes', 'finapp-light', 'webfonts', 'fa-solid-900.woff')
 5 SYSTEMPATH/CodeIgniter.php(457): CodeIgniter\CodeIgniter->runController(Object(App\Controllers\Pages))
 6 SYSTEMPATH/CodeIgniter.php(340): CodeIgniter\CodeIgniter->handleRequest(null, Object(Config\Cache), false)
 7 FCPATH/index.php(71): CodeIgniter\CodeIgniter->run()
CRITICAL - 2023-06-28 18:45:13 --> Invalid file: template/bank-pro/themes.php
in SYSTEMPATH/Exceptions/FrameworkException.php on line 33.
 1 SYSTEMPATH/View/View.php(201): CodeIgniter\Exceptions\FrameworkException::forInvalidFile('template/bank-pro/themes.php')
 2 SYSTEMPATH/Common.php(1142): CodeIgniter\View\View->render('template/bank-pro/themes', [], true)
 3 APPPATH/Controllers/Pages.php(40): view('template/bank-pro/themes', [...])
 4 SYSTEMPATH/CodeIgniter.php(907): App\Controllers\Pages->view('FCPATH/themes', 'finapp-light', 'webfonts', 'fa-regular-400.woff')
 5 SYSTEMPATH/CodeIgniter.php(457): CodeIgniter\CodeIgniter->runController(Object(App\Controllers\Pages))
 6 SYSTEMPATH/CodeIgniter.php(340): CodeIgniter\CodeIgniter->handleRequest(null, Object(Config\Cache), false)
 7 FCPATH/index.php(71): CodeIgniter\CodeIgniter->run()
CRITICAL - 2023-06-28 18:45:14 --> Invalid file: template/bank-pro/themes.php
in SYSTEMPATH/Exceptions/FrameworkException.php on line 33.
 1 SYSTEMPATH/View/View.php(201): CodeIgniter\Exceptions\FrameworkException::forInvalidFile('template/bank-pro/themes.php')
 2 SYSTEMPATH/Common.php(1142): CodeIgniter\View\View->render('template/bank-pro/themes', [], true)
 3 APPPATH/Controllers/Pages.php(40): view('template/bank-pro/themes', [...])
 4 SYSTEMPATH/CodeIgniter.php(907): App\Controllers\Pages->view('FCPATH/themes', 'finapp-light', 'webfonts', 'fa-solid-900.ttf')
 5 SYSTEMPATH/CodeIgniter.php(457): CodeIgniter\CodeIgniter->runController(Object(App\Controllers\Pages))
 6 SYSTEMPATH/CodeIgniter.php(340): CodeIgniter\CodeIgniter->handleRequest(null, Object(Config\Cache), false)
 7 FCPATH/index.php(71): CodeIgniter\CodeIgniter->run()
CRITICAL - 2023-06-28 18:45:14 --> Invalid file: template/bank-pro/themes.php
in SYSTEMPATH/Exceptions/FrameworkException.php on line 33.
 1 SYSTEMPATH/View/View.php(201): CodeIgniter\Exceptions\FrameworkException::forInvalidFile('template/bank-pro/themes.php')
 2 SYSTEMPATH/Common.php(1142): CodeIgniter\View\View->render('template/bank-pro/themes', [], true)
 3 APPPATH/Controllers/Pages.php(40): view('template/bank-pro/themes', [...])
 4 SYSTEMPATH/CodeIgniter.php(907): App\Controllers\Pages->view('FCPATH/themes', 'finapp-light', 'webfonts', 'fa-regular-400.ttf')
 5 SYSTEMPATH/CodeIgniter.php(457): CodeIgniter\CodeIgniter->runController(Object(App\Controllers\Pages))
 6 SYSTEMPATH/CodeIgniter.php(340): CodeIgniter\CodeIgniter->handleRequest(null, Object(Config\Cache), false)
 7 FCPATH/index.php(71): CodeIgniter\CodeIgniter->run()
CRITICAL - 2023-06-28 18:46:09 --> Invalid file: template/bank-pro/templates.php
in SYSTEMPATH/Exceptions/FrameworkException.php on line 33.
 1 SYSTEMPATH/View/View.php(201): CodeIgniter\Exceptions\FrameworkException::forInvalidFile('template/bank-pro/templates.php')
 2 SYSTEMPATH/Common.php(1142): CodeIgniter\View\View->render('template/bank-pro/templates', [], true)
 3 APPPATH/Controllers/Pages.php(40): view('template/bank-pro/templates', [...])
 4 SYSTEMPATH/CodeIgniter.php(907): App\Controllers\Pages->view('FCPATH/templates', 'bank-pro', 'p.typekit.net', 'p5e61.css')
 5 SYSTEMPATH/CodeIgniter.php(457): CodeIgniter\CodeIgniter->runController(Object(App\Controllers\Pages))
 6 SYSTEMPATH/CodeIgniter.php(340): CodeIgniter\CodeIgniter->handleRequest(null, Object(Config\Cache), false)
 7 FCPATH/index.php(71): CodeIgniter\CodeIgniter->run()
CRITICAL - 2023-06-28 18:46:10 --> Invalid file: template/bank-pro/templates.php
in SYSTEMPATH/Exceptions/FrameworkException.php on line 33.
 1 SYSTEMPATH/View/View.php(201): CodeIgniter\Exceptions\FrameworkException::forInvalidFile('template/bank-pro/templates.php')
 2 SYSTEMPATH/Common.php(1142): CodeIgniter\View\View->render('template/bank-pro/templates', [], true)
 3 APPPATH/Controllers/Pages.php(40): view('template/bank-pro/templates', [...])
 4 SYSTEMPATH/CodeIgniter.php(907): App\Controllers\Pages->view('FCPATH/templates', 'bank-pro', 'css', 'images', 'FCPATH/assets', 'citadel-logo.svg')
 5 SYSTEMPATH/CodeIgniter.php(457): CodeIgniter\CodeIgniter->runController(Object(App\Controllers\Pages))
 6 SYSTEMPATH/CodeIgniter.php(340): CodeIgniter\CodeIgniter->handleRequest(null, Object(Config\Cache), false)
 7 FCPATH/index.php(71): CodeIgniter\CodeIgniter->run()
CRITICAL - 2023-06-28 18:46:10 --> Invalid file: template/bank-pro/templates.php
in SYSTEMPATH/Exceptions/FrameworkException.php on line 33.
 1 SYSTEMPATH/View/View.php(201): CodeIgniter\Exceptions\FrameworkException::forInvalidFile('template/bank-pro/templates.php')
 2 SYSTEMPATH/Common.php(1142): CodeIgniter\View\View->render('template/bank-pro/templates', [], true)
 3 APPPATH/Controllers/Pages.php(40): view('template/bank-pro/templates', [...])
 4 SYSTEMPATH/CodeIgniter.php(907): App\Controllers\Pages->view('FCPATH/templates', 'bank-pro', 'css', 'images', 'FCPATH/assets', 'ico-caret--black.png')
 5 SYSTEMPATH/CodeIgniter.php(457): CodeIgniter\CodeIgniter->runController(Object(App\Controllers\Pages))
 6 SYSTEMPATH/CodeIgniter.php(340): CodeIgniter\CodeIgniter->handleRequest(null, Object(Config\Cache), false)
 7 FCPATH/index.php(71): CodeIgniter\CodeIgniter->run()
CRITICAL - 2023-06-28 18:46:10 --> Invalid file: template/bank-pro/templates.php
in SYSTEMPATH/Exceptions/FrameworkException.php on line 33.
 1 SYSTEMPATH/View/View.php(201): CodeIgniter\Exceptions\FrameworkException::forInvalidFile('template/bank-pro/templates.php')
 2 SYSTEMPATH/Common.php(1142): CodeIgniter\View\View->render('template/bank-pro/templates', [], true)
 3 APPPATH/Controllers/Pages.php(40): view('template/bank-pro/templates', [...])
 4 SYSTEMPATH/CodeIgniter.php(907): App\Controllers\Pages->view('FCPATH/templates', 'bank-pro', 'css', 'images', 'FCPATH/assets', 'pattern-bg-medium.svg')
 5 SYSTEMPATH/CodeIgniter.php(457): CodeIgniter\CodeIgniter->runController(Object(App\Controllers\Pages))
 6 SYSTEMPATH/CodeIgniter.php(340): CodeIgniter\CodeIgniter->handleRequest(null, Object(Config\Cache), false)
 7 FCPATH/index.php(71): CodeIgniter\CodeIgniter->run()
CRITICAL - 2023-06-28 19:00:09 --> Invalid file: template/bank-pro/templates.php
in SYSTEMPATH/Exceptions/FrameworkException.php on line 33.
 1 SYSTEMPATH/View/View.php(201): CodeIgniter\Exceptions\FrameworkException::forInvalidFile('template/bank-pro/templates.php')
 2 SYSTEMPATH/Common.php(1142): CodeIgniter\View\View->render('template/bank-pro/templates', [], true)
 3 APPPATH/Controllers/Pages.php(40): view('template/bank-pro/templates', [...])
 4 SYSTEMPATH/CodeIgniter.php(907): App\Controllers\Pages->view('FCPATH/templates', 'bank-pro', 'p.typekit.net', 'p5e61.css')
 5 SYSTEMPATH/CodeIgniter.php(457): CodeIgniter\CodeIgniter->runController(Object(App\Controllers\Pages))
 6 SYSTEMPATH/CodeIgniter.php(340): CodeIgniter\CodeIgniter->handleRequest(null, Object(Config\Cache), false)
 7 FCPATH/index.php(71): CodeIgniter\CodeIgniter->run()
CRITICAL - 2023-06-28 19:00:09 --> Invalid file: template/bank-pro/templates.php
in SYSTEMPATH/Exceptions/FrameworkException.php on line 33.
 1 SYSTEMPATH/View/View.php(201): CodeIgniter\Exceptions\FrameworkException::forInvalidFile('template/bank-pro/templates.php')
 2 SYSTEMPATH/Common.php(1142): CodeIgniter\View\View->render('template/bank-pro/templates', [], true)
 3 APPPATH/Controllers/Pages.php(40): view('template/bank-pro/templates', [...])
 4 SYSTEMPATH/CodeIgniter.php(907): App\Controllers\Pages->view('FCPATH/templates', 'bank-pro', 'css', 'images', 'FCPATH/assets', 'citadel-logo.svg')
 5 SYSTEMPATH/CodeIgniter.php(457): CodeIgniter\CodeIgniter->runController(Object(App\Controllers\Pages))
 6 SYSTEMPATH/CodeIgniter.php(340): CodeIgniter\CodeIgniter->handleRequest(null, Object(Config\Cache), false)
 7 FCPATH/index.php(71): CodeIgniter\CodeIgniter->run()
CRITICAL - 2023-06-28 19:00:09 --> Invalid file: template/bank-pro/templates.php
in SYSTEMPATH/Exceptions/FrameworkException.php on line 33.
 1 SYSTEMPATH/View/View.php(201): CodeIgniter\Exceptions\FrameworkException::forInvalidFile('template/bank-pro/templates.php')
 2 SYSTEMPATH/Common.php(1142): CodeIgniter\View\View->render('template/bank-pro/templates', [], true)
 3 APPPATH/Controllers/Pages.php(40): view('template/bank-pro/templates', [...])
 4 SYSTEMPATH/CodeIgniter.php(907): App\Controllers\Pages->view('FCPATH/templates', 'bank-pro', 'css', 'images', 'FCPATH/assets', 'ico-caret--black.png')
 5 SYSTEMPATH/CodeIgniter.php(457): CodeIgniter\CodeIgniter->runController(Object(App\Controllers\Pages))
 6 SYSTEMPATH/CodeIgniter.php(340): CodeIgniter\CodeIgniter->handleRequest(null, Object(Config\Cache), false)
 7 FCPATH/index.php(71): CodeIgniter\CodeIgniter->run()
CRITICAL - 2023-06-28 19:00:09 --> Invalid file: template/bank-pro/templates.php
in SYSTEMPATH/Exceptions/FrameworkException.php on line 33.
 1 SYSTEMPATH/View/View.php(201): CodeIgniter\Exceptions\FrameworkException::forInvalidFile('template/bank-pro/templates.php')
 2 SYSTEMPATH/Common.php(1142): CodeIgniter\View\View->render('template/bank-pro/templates', [], true)
 3 APPPATH/Controllers/Pages.php(40): view('template/bank-pro/templates', [...])
 4 SYSTEMPATH/CodeIgniter.php(907): App\Controllers\Pages->view('FCPATH/templates', 'bank-pro', 'css', 'images', 'FCPATH/assets', 'pattern-bg-medium.svg')
 5 SYSTEMPATH/CodeIgniter.php(457): CodeIgniter\CodeIgniter->runController(Object(App\Controllers\Pages))
 6 SYSTEMPATH/CodeIgniter.php(340): CodeIgniter\CodeIgniter->handleRequest(null, Object(Config\Cache), false)
 7 FCPATH/index.php(71): CodeIgniter\CodeIgniter->run()
CRITICAL - 2023-06-28 19:00:28 --> Invalid file: template/bank-pro/themes.php
in SYSTEMPATH/Exceptions/FrameworkException.php on line 33.
 1 SYSTEMPATH/View/View.php(201): CodeIgniter\Exceptions\FrameworkException::forInvalidFile('template/bank-pro/themes.php')
 2 SYSTEMPATH/Common.php(1142): CodeIgniter\View\View->render('template/bank-pro/themes', [], true)
 3 APPPATH/Controllers/Pages.php(40): view('template/bank-pro/themes', [...])
 4 SYSTEMPATH/CodeIgniter.php(907): App\Controllers\Pages->view('FCPATH/themes', 'finapp-light', 'webfonts', 'fa-solid-900.woff2')
 5 SYSTEMPATH/CodeIgniter.php(457): CodeIgniter\CodeIgniter->runController(Object(App\Controllers\Pages))
 6 SYSTEMPATH/CodeIgniter.php(340): CodeIgniter\CodeIgniter->handleRequest(null, Object(Config\Cache), false)
 7 FCPATH/index.php(71): CodeIgniter\CodeIgniter->run()
CRITICAL - 2023-06-28 19:00:28 --> Invalid file: template/bank-pro/themes.php
in SYSTEMPATH/Exceptions/FrameworkException.php on line 33.
 1 SYSTEMPATH/View/View.php(201): CodeIgniter\Exceptions\FrameworkException::forInvalidFile('template/bank-pro/themes.php')
 2 SYSTEMPATH/Common.php(1142): CodeIgniter\View\View->render('template/bank-pro/themes', [], true)
 3 APPPATH/Controllers/Pages.php(40): view('template/bank-pro/themes', [...])
 4 SYSTEMPATH/CodeIgniter.php(907): App\Controllers\Pages->view('FCPATH/themes', 'finapp-light', 'webfonts', 'fa-brands-400.woff2')
 5 SYSTEMPATH/CodeIgniter.php(457): CodeIgniter\CodeIgniter->runController(Object(App\Controllers\Pages))
 6 SYSTEMPATH/CodeIgniter.php(340): CodeIgniter\CodeIgniter->handleRequest(null, Object(Config\Cache), false)
 7 FCPATH/index.php(71): CodeIgniter\CodeIgniter->run()
CRITICAL - 2023-06-28 19:00:28 --> Invalid file: template/bank-pro/themes.php
in SYSTEMPATH/Exceptions/FrameworkException.php on line 33.
 1 SYSTEMPATH/View/View.php(201): CodeIgniter\Exceptions\FrameworkException::forInvalidFile('template/bank-pro/themes.php')
 2 SYSTEMPATH/Common.php(1142): CodeIgniter\View\View->render('template/bank-pro/themes', [], true)
 3 APPPATH/Controllers/Pages.php(40): view('template/bank-pro/themes', [...])
 4 SYSTEMPATH/CodeIgniter.php(907): App\Controllers\Pages->view('FCPATH/themes', 'finapp-light', 'webfonts', 'fa-regular-400.woff2')
 5 SYSTEMPATH/CodeIgniter.php(457): CodeIgniter\CodeIgniter->runController(Object(App\Controllers\Pages))
 6 SYSTEMPATH/CodeIgniter.php(340): CodeIgniter\CodeIgniter->handleRequest(null, Object(Config\Cache), false)
 7 FCPATH/index.php(71): CodeIgniter\CodeIgniter->run()
CRITICAL - 2023-06-28 19:00:28 --> Invalid file: template/bank-pro/assets.php
in SYSTEMPATH/Exceptions/FrameworkException.php on line 33.
 1 SYSTEMPATH/View/View.php(201): CodeIgniter\Exceptions\FrameworkException::forInvalidFile('template/bank-pro/assets.php')
 2 SYSTEMPATH/Common.php(1142): CodeIgniter\View\View->render('template/bank-pro/assets', [], true)
 3 APPPATH/Controllers/Pages.php(40): view('template/bank-pro/assets', [...])
 4 SYSTEMPATH/CodeIgniter.php(907): App\Controllers\Pages->view('FCPATH/assets', 'images', 'visa.png')
 5 SYSTEMPATH/CodeIgniter.php(457): CodeIgniter\CodeIgniter->runController(Object(App\Controllers\Pages))
 6 SYSTEMPATH/CodeIgniter.php(340): CodeIgniter\CodeIgniter->handleRequest(null, Object(Config\Cache), false)
 7 FCPATH/index.php(71): CodeIgniter\CodeIgniter->run()
CRITICAL - 2023-06-28 19:00:28 --> Invalid file: template/bank-pro/assets.php
in SYSTEMPATH/Exceptions/FrameworkException.php on line 33.
 1 SYSTEMPATH/View/View.php(201): CodeIgniter\Exceptions\FrameworkException::forInvalidFile('template/bank-pro/assets.php')
 2 SYSTEMPATH/Common.php(1142): CodeIgniter\View\View->render('template/bank-pro/assets', [], true)
 3 APPPATH/Controllers/Pages.php(40): view('template/bank-pro/assets', [...])
 4 SYSTEMPATH/CodeIgniter.php(907): App\Controllers\Pages->view('FCPATH/assets', 'images', 'chip.png')
 5 SYSTEMPATH/CodeIgniter.php(457): CodeIgniter\CodeIgniter->runController(Object(App\Controllers\Pages))
 6 SYSTEMPATH/CodeIgniter.php(340): CodeIgniter\CodeIgniter->handleRequest(null, Object(Config\Cache), false)
 7 FCPATH/index.php(71): CodeIgniter\CodeIgniter->run()
CRITICAL - 2023-06-28 19:00:28 --> Invalid file: template/bank-pro/__service-worker.js
in SYSTEMPATH/Exceptions/FrameworkException.php on line 33.
 1 SYSTEMPATH/View/View.php(201): CodeIgniter\Exceptions\FrameworkException::forInvalidFile('template/bank-pro/__service-worker.js')
 2 SYSTEMPATH/Common.php(1142): CodeIgniter\View\View->render('template/bank-pro/__service-worker.js', [], true)
 3 APPPATH/Controllers/Pages.php(40): view('template/bank-pro/__service-worker.js', [...])
 4 SYSTEMPATH/CodeIgniter.php(907): App\Controllers\Pages->view('__service-worker.js')
 5 SYSTEMPATH/CodeIgniter.php(457): CodeIgniter\CodeIgniter->runController(Object(App\Controllers\Pages))
 6 SYSTEMPATH/CodeIgniter.php(340): CodeIgniter\CodeIgniter->handleRequest(null, Object(Config\Cache), false)
 7 FCPATH/index.php(71): CodeIgniter\CodeIgniter->run()
CRITICAL - 2023-06-28 19:00:28 --> Invalid file: template/bank-pro/themes.php
in SYSTEMPATH/Exceptions/FrameworkException.php on line 33.
 1 SYSTEMPATH/View/View.php(201): CodeIgniter\Exceptions\FrameworkException::forInvalidFile('template/bank-pro/themes.php')
 2 SYSTEMPATH/Common.php(1142): CodeIgniter\View\View->render('template/bank-pro/themes', [], true)
 3 APPPATH/Controllers/Pages.php(40): view('template/bank-pro/themes', [...])
 4 SYSTEMPATH/CodeIgniter.php(907): App\Controllers\Pages->view('FCPATH/themes', 'finapp-light', 'webfonts', 'fa-solid-900.woff')
 5 SYSTEMPATH/CodeIgniter.php(457): CodeIgniter\CodeIgniter->runController(Object(App\Controllers\Pages))
 6 SYSTEMPATH/CodeIgniter.php(340): CodeIgniter\CodeIgniter->handleRequest(null, Object(Config\Cache), false)
 7 FCPATH/index.php(71): CodeIgniter\CodeIgniter->run()
CRITICAL - 2023-06-28 19:00:29 --> Invalid file: template/bank-pro/themes.php
in SYSTEMPATH/Exceptions/FrameworkException.php on line 33.
 1 SYSTEMPATH/View/View.php(201): CodeIgniter\Exceptions\FrameworkException::forInvalidFile('template/bank-pro/themes.php')
 2 SYSTEMPATH/Common.php(1142): CodeIgniter\View\View->render('template/bank-pro/themes', [], true)
 3 APPPATH/Controllers/Pages.php(40): view('template/bank-pro/themes', [...])
 4 SYSTEMPATH/CodeIgniter.php(907): App\Controllers\Pages->view('FCPATH/themes', 'finapp-light', 'webfonts', 'fa-brands-400.woff')
 5 SYSTEMPATH/CodeIgniter.php(457): CodeIgniter\CodeIgniter->runController(Object(App\Controllers\Pages))
 6 SYSTEMPATH/CodeIgniter.php(340): CodeIgniter\CodeIgniter->handleRequest(null, Object(Config\Cache), false)
 7 FCPATH/index.php(71): CodeIgniter\CodeIgniter->run()
CRITICAL - 2023-06-28 19:00:29 --> Invalid file: template/bank-pro/themes.php
in SYSTEMPATH/Exceptions/FrameworkException.php on line 33.
 1 SYSTEMPATH/View/View.php(201): CodeIgniter\Exceptions\FrameworkException::forInvalidFile('template/bank-pro/themes.php')
 2 SYSTEMPATH/Common.php(1142): CodeIgniter\View\View->render('template/bank-pro/themes', [], true)
 3 APPPATH/Controllers/Pages.php(40): view('template/bank-pro/themes', [...])
 4 SYSTEMPATH/CodeIgniter.php(907): App\Controllers\Pages->view('FCPATH/themes', 'finapp-light', 'webfonts', 'fa-regular-400.woff')
 5 SYSTEMPATH/CodeIgniter.php(457): CodeIgniter\CodeIgniter->runController(Object(App\Controllers\Pages))
 6 SYSTEMPATH/CodeIgniter.php(340): CodeIgniter\CodeIgniter->handleRequest(null, Object(Config\Cache), false)
 7 FCPATH/index.php(71): CodeIgniter\CodeIgniter->run()
CRITICAL - 2023-06-28 19:00:29 --> Invalid file: template/bank-pro/themes.php
in SYSTEMPATH/Exceptions/FrameworkException.php on line 33.
 1 SYSTEMPATH/View/View.php(201): CodeIgniter\Exceptions\FrameworkException::forInvalidFile('template/bank-pro/themes.php')
 2 SYSTEMPATH/Common.php(1142): CodeIgniter\View\View->render('template/bank-pro/themes', [], true)
 3 APPPATH/Controllers/Pages.php(40): view('template/bank-pro/themes', [...])
 4 SYSTEMPATH/CodeIgniter.php(907): App\Controllers\Pages->view('FCPATH/themes', 'finapp-light', 'webfonts', 'fa-solid-900.ttf')
 5 SYSTEMPATH/CodeIgniter.php(457): CodeIgniter\CodeIgniter->runController(Object(App\Controllers\Pages))
 6 SYSTEMPATH/CodeIgniter.php(340): CodeIgniter\CodeIgniter->handleRequest(null, Object(Config\Cache), false)
 7 FCPATH/index.php(71): CodeIgniter\CodeIgniter->run()
CRITICAL - 2023-06-28 19:00:29 --> Invalid file: template/bank-pro/themes.php
in SYSTEMPATH/Exceptions/FrameworkException.php on line 33.
 1 SYSTEMPATH/View/View.php(201): CodeIgniter\Exceptions\FrameworkException::forInvalidFile('template/bank-pro/themes.php')
 2 SYSTEMPATH/Common.php(1142): CodeIgniter\View\View->render('template/bank-pro/themes', [], true)
 3 APPPATH/Controllers/Pages.php(40): view('template/bank-pro/themes', [...])
 4 SYSTEMPATH/CodeIgniter.php(907): App\Controllers\Pages->view('FCPATH/themes', 'finapp-light', 'webfonts', 'fa-regular-400.ttf')
 5 SYSTEMPATH/CodeIgniter.php(457): CodeIgniter\CodeIgniter->runController(Object(App\Controllers\Pages))
 6 SYSTEMPATH/CodeIgniter.php(340): CodeIgniter\CodeIgniter->handleRequest(null, Object(Config\Cache), false)
 7 FCPATH/index.php(71): CodeIgniter\CodeIgniter->run()
CRITICAL - 2023-06-28 19:00:29 --> Invalid file: template/bank-pro/themes.php
in SYSTEMPATH/Exceptions/FrameworkException.php on line 33.
 1 SYSTEMPATH/View/View.php(201): CodeIgniter\Exceptions\FrameworkException::forInvalidFile('template/bank-pro/themes.php')
 2 SYSTEMPATH/Common.php(1142): CodeIgniter\View\View->render('template/bank-pro/themes', [], true)
 3 APPPATH/Controllers/Pages.php(40): view('template/bank-pro/themes', [...])
 4 SYSTEMPATH/CodeIgniter.php(907): App\Controllers\Pages->view('FCPATH/themes', 'finapp-light', 'webfonts', 'fa-brands-400.ttf')
 5 SYSTEMPATH/CodeIgniter.php(457): CodeIgniter\CodeIgniter->runController(Object(App\Controllers\Pages))
 6 SYSTEMPATH/CodeIgniter.php(340): CodeIgniter\CodeIgniter->handleRequest(null, Object(Config\Cache), false)
 7 FCPATH/index.php(71): CodeIgniter\CodeIgniter->run()
CRITICAL - 2023-06-28 19:00:52 --> Invalid file: template/bank-pro/themes.php
in SYSTEMPATH/Exceptions/FrameworkException.php on line 33.
 1 SYSTEMPATH/View/View.php(201): CodeIgniter\Exceptions\FrameworkException::forInvalidFile('template/bank-pro/themes.php')
 2 SYSTEMPATH/Common.php(1142): CodeIgniter\View\View->render('template/bank-pro/themes', [], true)
 3 APPPATH/Controllers/Pages.php(40): view('template/bank-pro/themes', [...])
 4 SYSTEMPATH/CodeIgniter.php(907): App\Controllers\Pages->view('FCPATH/themes', 'finapp-light', 'webfonts', 'fa-solid-900.woff2')
 5 SYSTEMPATH/CodeIgniter.php(457): CodeIgniter\CodeIgniter->runController(Object(App\Controllers\Pages))
 6 SYSTEMPATH/CodeIgniter.php(340): CodeIgniter\CodeIgniter->handleRequest(null, Object(Config\Cache), false)
 7 FCPATH/index.php(71): CodeIgniter\CodeIgniter->run()
CRITICAL - 2023-06-28 19:00:52 --> Invalid file: template/bank-pro/themes.php
in SYSTEMPATH/Exceptions/FrameworkException.php on line 33.
 1 SYSTEMPATH/View/View.php(201): CodeIgniter\Exceptions\FrameworkException::forInvalidFile('template/bank-pro/themes.php')
 2 SYSTEMPATH/Common.php(1142): CodeIgniter\View\View->render('template/bank-pro/themes', [], true)
 3 APPPATH/Controllers/Pages.php(40): view('template/bank-pro/themes', [...])
 4 SYSTEMPATH/CodeIgniter.php(907): App\Controllers\Pages->view('FCPATH/themes', 'finapp-light', 'webfonts', 'fa-regular-400.woff2')
 5 SYSTEMPATH/CodeIgniter.php(457): CodeIgniter\CodeIgniter->runController(Object(App\Controllers\Pages))
 6 SYSTEMPATH/CodeIgniter.php(340): CodeIgniter\CodeIgniter->handleRequest(null, Object(Config\Cache), false)
 7 FCPATH/index.php(71): CodeIgniter\CodeIgniter->run()
CRITICAL - 2023-06-28 19:00:52 --> Invalid file: template/bank-pro/themes.php
in SYSTEMPATH/Exceptions/FrameworkException.php on line 33.
 1 SYSTEMPATH/View/View.php(201): CodeIgniter\Exceptions\FrameworkException::forInvalidFile('template/bank-pro/themes.php')
 2 SYSTEMPATH/Common.php(1142): CodeIgniter\View\View->render('template/bank-pro/themes', [], true)
 3 APPPATH/Controllers/Pages.php(40): view('template/bank-pro/themes', [...])
 4 SYSTEMPATH/CodeIgniter.php(907): App\Controllers\Pages->view('FCPATH/themes', 'finapp-light', 'webfonts', 'fa-solid-900.woff')
 5 SYSTEMPATH/CodeIgniter.php(457): CodeIgniter\CodeIgniter->runController(Object(App\Controllers\Pages))
 6 SYSTEMPATH/CodeIgniter.php(340): CodeIgniter\CodeIgniter->handleRequest(null, Object(Config\Cache), false)
 7 FCPATH/index.php(71): CodeIgniter\CodeIgniter->run()
CRITICAL - 2023-06-28 19:00:52 --> Invalid file: template/bank-pro/themes.php
in SYSTEMPATH/Exceptions/FrameworkException.php on line 33.
 1 SYSTEMPATH/View/View.php(201): CodeIgniter\Exceptions\FrameworkException::forInvalidFile('template/bank-pro/themes.php')
 2 SYSTEMPATH/Common.php(1142): CodeIgniter\View\View->render('template/bank-pro/themes', [], true)
 3 APPPATH/Controllers/Pages.php(40): view('template/bank-pro/themes', [...])
 4 SYSTEMPATH/CodeIgniter.php(907): App\Controllers\Pages->view('FCPATH/themes', 'finapp-light', 'webfonts', 'fa-regular-400.woff')
 5 SYSTEMPATH/CodeIgniter.php(457): CodeIgniter\CodeIgniter->runController(Object(App\Controllers\Pages))
 6 SYSTEMPATH/CodeIgniter.php(340): CodeIgniter\CodeIgniter->handleRequest(null, Object(Config\Cache), false)
 7 FCPATH/index.php(71): CodeIgniter\CodeIgniter->run()
CRITICAL - 2023-06-28 19:00:52 --> Invalid file: template/bank-pro/themes.php
in SYSTEMPATH/Exceptions/FrameworkException.php on line 33.
 1 SYSTEMPATH/View/View.php(201): CodeIgniter\Exceptions\FrameworkException::forInvalidFile('template/bank-pro/themes.php')
 2 SYSTEMPATH/Common.php(1142): CodeIgniter\View\View->render('template/bank-pro/themes', [], true)
 3 APPPATH/Controllers/Pages.php(40): view('template/bank-pro/themes', [...])
 4 SYSTEMPATH/CodeIgniter.php(907): App\Controllers\Pages->view('FCPATH/themes', 'finapp-light', 'webfonts', 'fa-regular-400.ttf')
 5 SYSTEMPATH/CodeIgniter.php(457): CodeIgniter\CodeIgniter->runController(Object(App\Controllers\Pages))
 6 SYSTEMPATH/CodeIgniter.php(340): CodeIgniter\CodeIgniter->handleRequest(null, Object(Config\Cache), false)
 7 FCPATH/index.php(71): CodeIgniter\CodeIgniter->run()
CRITICAL - 2023-06-28 19:00:52 --> Invalid file: template/bank-pro/themes.php
in SYSTEMPATH/Exceptions/FrameworkException.php on line 33.
 1 SYSTEMPATH/View/View.php(201): CodeIgniter\Exceptions\FrameworkException::forInvalidFile('template/bank-pro/themes.php')
 2 SYSTEMPATH/Common.php(1142): CodeIgniter\View\View->render('template/bank-pro/themes', [], true)
 3 APPPATH/Controllers/Pages.php(40): view('template/bank-pro/themes', [...])
 4 SYSTEMPATH/CodeIgniter.php(907): App\Controllers\Pages->view('FCPATH/themes', 'finapp-light', 'webfonts', 'fa-solid-900.ttf')
 5 SYSTEMPATH/CodeIgniter.php(457): CodeIgniter\CodeIgniter->runController(Object(App\Controllers\Pages))
 6 SYSTEMPATH/CodeIgniter.php(340): CodeIgniter\CodeIgniter->handleRequest(null, Object(Config\Cache), false)
 7 FCPATH/index.php(71): CodeIgniter\CodeIgniter->run()
CRITICAL - 2023-06-28 19:05:22 --> Invalid file: template/bank-pro/themes.php
in SYSTEMPATH/Exceptions/FrameworkException.php on line 33.
 1 SYSTEMPATH/View/View.php(201): CodeIgniter\Exceptions\FrameworkException::forInvalidFile('template/bank-pro/themes.php')
 2 SYSTEMPATH/Common.php(1142): CodeIgniter\View\View->render('template/bank-pro/themes', [], true)
 3 APPPATH/Controllers/Pages.php(40): view('template/bank-pro/themes', [...])
 4 SYSTEMPATH/CodeIgniter.php(907): App\Controllers\Pages->view('FCPATH/themes', 'finapp-light', 'webfonts', 'fa-solid-900.woff2')
 5 SYSTEMPATH/CodeIgniter.php(457): CodeIgniter\CodeIgniter->runController(Object(App\Controllers\Pages))
 6 SYSTEMPATH/CodeIgniter.php(340): CodeIgniter\CodeIgniter->handleRequest(null, Object(Config\Cache), false)
 7 FCPATH/index.php(71): CodeIgniter\CodeIgniter->run()
CRITICAL - 2023-06-28 19:05:22 --> Invalid file: template/bank-pro/themes.php
in SYSTEMPATH/Exceptions/FrameworkException.php on line 33.
 1 SYSTEMPATH/View/View.php(201): CodeIgniter\Exceptions\FrameworkException::forInvalidFile('template/bank-pro/themes.php')
 2 SYSTEMPATH/Common.php(1142): CodeIgniter\View\View->render('template/bank-pro/themes', [], true)
 3 APPPATH/Controllers/Pages.php(40): view('template/bank-pro/themes', [...])
 4 SYSTEMPATH/CodeIgniter.php(907): App\Controllers\Pages->view('FCPATH/themes', 'finapp-light', 'webfonts', 'fa-brands-400.woff2')
 5 SYSTEMPATH/CodeIgniter.php(457): CodeIgniter\CodeIgniter->runController(Object(App\Controllers\Pages))
 6 SYSTEMPATH/CodeIgniter.php(340): CodeIgniter\CodeIgniter->handleRequest(null, Object(Config\Cache), false)
 7 FCPATH/index.php(71): CodeIgniter\CodeIgniter->run()
CRITICAL - 2023-06-28 19:05:22 --> Invalid file: template/bank-pro/themes.php
in SYSTEMPATH/Exceptions/FrameworkException.php on line 33.
 1 SYSTEMPATH/View/View.php(201): CodeIgniter\Exceptions\FrameworkException::forInvalidFile('template/bank-pro/themes.php')
 2 SYSTEMPATH/Common.php(1142): CodeIgniter\View\View->render('template/bank-pro/themes', [], true)
 3 APPPATH/Controllers/Pages.php(40): view('template/bank-pro/themes', [...])
 4 SYSTEMPATH/CodeIgniter.php(907): App\Controllers\Pages->view('FCPATH/themes', 'finapp-light', 'webfonts', 'fa-regular-400.woff2')
 5 SYSTEMPATH/CodeIgniter.php(457): CodeIgniter\CodeIgniter->runController(Object(App\Controllers\Pages))
 6 SYSTEMPATH/CodeIgniter.php(340): CodeIgniter\CodeIgniter->handleRequest(null, Object(Config\Cache), false)
 7 FCPATH/index.php(71): CodeIgniter\CodeIgniter->run()
CRITICAL - 2023-06-28 19:05:22 --> Invalid file: template/bank-pro/assets.php
in SYSTEMPATH/Exceptions/FrameworkException.php on line 33.
 1 SYSTEMPATH/View/View.php(201): CodeIgniter\Exceptions\FrameworkException::forInvalidFile('template/bank-pro/assets.php')
 2 SYSTEMPATH/Common.php(1142): CodeIgniter\View\View->render('template/bank-pro/assets', [], true)
 3 APPPATH/Controllers/Pages.php(40): view('template/bank-pro/assets', [...])
 4 SYSTEMPATH/CodeIgniter.php(907): App\Controllers\Pages->view('FCPATH/assets', 'images', 'chip.png')
 5 SYSTEMPATH/CodeIgniter.php(457): CodeIgniter\CodeIgniter->runController(Object(App\Controllers\Pages))
 6 SYSTEMPATH/CodeIgniter.php(340): CodeIgniter\CodeIgniter->handleRequest(null, Object(Config\Cache), false)
 7 FCPATH/index.php(71): CodeIgniter\CodeIgniter->run()
CRITICAL - 2023-06-28 19:05:22 --> Invalid file: template/bank-pro/assets.php
in SYSTEMPATH/Exceptions/FrameworkException.php on line 33.
 1 SYSTEMPATH/View/View.php(201): CodeIgniter\Exceptions\FrameworkException::forInvalidFile('template/bank-pro/assets.php')
 2 SYSTEMPATH/Common.php(1142): CodeIgniter\View\View->render('template/bank-pro/assets', [], true)
 3 APPPATH/Controllers/Pages.php(40): view('template/bank-pro/assets', [...])
 4 SYSTEMPATH/CodeIgniter.php(907): App\Controllers\Pages->view('FCPATH/assets', 'images', 'visa.png')
 5 SYSTEMPATH/CodeIgniter.php(457): CodeIgniter\CodeIgniter->runController(Object(App\Controllers\Pages))
 6 SYSTEMPATH/CodeIgniter.php(340): CodeIgniter\CodeIgniter->handleRequest(null, Object(Config\Cache), false)
 7 FCPATH/index.php(71): CodeIgniter\CodeIgniter->run()
CRITICAL - 2023-06-28 19:05:22 --> Invalid file: template/bank-pro/__service-worker.js
in SYSTEMPATH/Exceptions/FrameworkException.php on line 33.
 1 SYSTEMPATH/View/View.php(201): CodeIgniter\Exceptions\FrameworkException::forInvalidFile('template/bank-pro/__service-worker.js')
 2 SYSTEMPATH/Common.php(1142): CodeIgniter\View\View->render('template/bank-pro/__service-worker.js', [], true)
 3 APPPATH/Controllers/Pages.php(40): view('template/bank-pro/__service-worker.js', [...])
 4 SYSTEMPATH/CodeIgniter.php(907): App\Controllers\Pages->view('__service-worker.js')
 5 SYSTEMPATH/CodeIgniter.php(457): CodeIgniter\CodeIgniter->runController(Object(App\Controllers\Pages))
 6 SYSTEMPATH/CodeIgniter.php(340): CodeIgniter\CodeIgniter->handleRequest(null, Object(Config\Cache), false)
 7 FCPATH/index.php(71): CodeIgniter\CodeIgniter->run()
CRITICAL - 2023-06-28 19:05:22 --> Invalid file: template/bank-pro/themes.php
in SYSTEMPATH/Exceptions/FrameworkException.php on line 33.
 1 SYSTEMPATH/View/View.php(201): CodeIgniter\Exceptions\FrameworkException::forInvalidFile('template/bank-pro/themes.php')
 2 SYSTEMPATH/Common.php(1142): CodeIgniter\View\View->render('template/bank-pro/themes', [], true)
 3 APPPATH/Controllers/Pages.php(40): view('template/bank-pro/themes', [...])
 4 SYSTEMPATH/CodeIgniter.php(907): App\Controllers\Pages->view('FCPATH/themes', 'finapp-light', 'webfonts', 'fa-brands-400.woff')
 5 SYSTEMPATH/CodeIgniter.php(457): CodeIgniter\CodeIgniter->runController(Object(App\Controllers\Pages))
 6 SYSTEMPATH/CodeIgniter.php(340): CodeIgniter\CodeIgniter->handleRequest(null, Object(Config\Cache), false)
 7 FCPATH/index.php(71): CodeIgniter\CodeIgniter->run()
CRITICAL - 2023-06-28 19:05:22 --> Invalid file: template/bank-pro/themes.php
in SYSTEMPATH/Exceptions/FrameworkException.php on line 33.
 1 SYSTEMPATH/View/View.php(201): CodeIgniter\Exceptions\FrameworkException::forInvalidFile('template/bank-pro/themes.php')
 2 SYSTEMPATH/Common.php(1142): CodeIgniter\View\View->render('template/bank-pro/themes', [], true)
 3 APPPATH/Controllers/Pages.php(40): view('template/bank-pro/themes', [...])
 4 SYSTEMPATH/CodeIgniter.php(907): App\Controllers\Pages->view('FCPATH/themes', 'finapp-light', 'webfonts', 'fa-solid-900.woff')
 5 SYSTEMPATH/CodeIgniter.php(457): CodeIgniter\CodeIgniter->runController(Object(App\Controllers\Pages))
 6 SYSTEMPATH/CodeIgniter.php(340): CodeIgniter\CodeIgniter->handleRequest(null, Object(Config\Cache), false)
 7 FCPATH/index.php(71): CodeIgniter\CodeIgniter->run()
CRITICAL - 2023-06-28 19:05:22 --> Invalid file: template/bank-pro/themes.php
in SYSTEMPATH/Exceptions/FrameworkException.php on line 33.
 1 SYSTEMPATH/View/View.php(201): CodeIgniter\Exceptions\FrameworkException::forInvalidFile('template/bank-pro/themes.php')
 2 SYSTEMPATH/Common.php(1142): CodeIgniter\View\View->render('template/bank-pro/themes', [], true)
 3 APPPATH/Controllers/Pages.php(40): view('template/bank-pro/themes', [...])
 4 SYSTEMPATH/CodeIgniter.php(907): App\Controllers\Pages->view('FCPATH/themes', 'finapp-light', 'webfonts', 'fa-regular-400.woff')
 5 SYSTEMPATH/CodeIgniter.php(457): CodeIgniter\CodeIgniter->runController(Object(App\Controllers\Pages))
 6 SYSTEMPATH/CodeIgniter.php(340): CodeIgniter\CodeIgniter->handleRequest(null, Object(Config\Cache), false)
 7 FCPATH/index.php(71): CodeIgniter\CodeIgniter->run()
CRITICAL - 2023-06-28 19:05:22 --> Invalid file: template/bank-pro/themes.php
in SYSTEMPATH/Exceptions/FrameworkException.php on line 33.
 1 SYSTEMPATH/View/View.php(201): CodeIgniter\Exceptions\FrameworkException::forInvalidFile('template/bank-pro/themes.php')
 2 SYSTEMPATH/Common.php(1142): CodeIgniter\View\View->render('template/bank-pro/themes', [], true)
 3 APPPATH/Controllers/Pages.php(40): view('template/bank-pro/themes', [...])
 4 SYSTEMPATH/CodeIgniter.php(907): App\Controllers\Pages->view('FCPATH/themes', 'finapp-light', 'webfonts', 'fa-regular-400.ttf')
 5 SYSTEMPATH/CodeIgniter.php(457): CodeIgniter\CodeIgniter->runController(Object(App\Controllers\Pages))
 6 SYSTEMPATH/CodeIgniter.php(340): CodeIgniter\CodeIgniter->handleRequest(null, Object(Config\Cache), false)
 7 FCPATH/index.php(71): CodeIgniter\CodeIgniter->run()
CRITICAL - 2023-06-28 19:05:22 --> Invalid file: template/bank-pro/themes.php
in SYSTEMPATH/Exceptions/FrameworkException.php on line 33.
 1 SYSTEMPATH/View/View.php(201): CodeIgniter\Exceptions\FrameworkException::forInvalidFile('template/bank-pro/themes.php')
 2 SYSTEMPATH/Common.php(1142): CodeIgniter\View\View->render('template/bank-pro/themes', [], true)
 3 APPPATH/Controllers/Pages.php(40): view('template/bank-pro/themes', [...])
 4 SYSTEMPATH/CodeIgniter.php(907): App\Controllers\Pages->view('FCPATH/themes', 'finapp-light', 'webfonts', 'fa-solid-900.ttf')
 5 SYSTEMPATH/CodeIgniter.php(457): CodeIgniter\CodeIgniter->runController(Object(App\Controllers\Pages))
 6 SYSTEMPATH/CodeIgniter.php(340): CodeIgniter\CodeIgniter->handleRequest(null, Object(Config\Cache), false)
 7 FCPATH/index.php(71): CodeIgniter\CodeIgniter->run()
CRITICAL - 2023-06-28 19:05:22 --> Invalid file: template/bank-pro/themes.php
in SYSTEMPATH/Exceptions/FrameworkException.php on line 33.
 1 SYSTEMPATH/View/View.php(201): CodeIgniter\Exceptions\FrameworkException::forInvalidFile('template/bank-pro/themes.php')
 2 SYSTEMPATH/Common.php(1142): CodeIgniter\View\View->render('template/bank-pro/themes', [], true)
 3 APPPATH/Controllers/Pages.php(40): view('template/bank-pro/themes', [...])
 4 SYSTEMPATH/CodeIgniter.php(907): App\Controllers\Pages->view('FCPATH/themes', 'finapp-light', 'webfonts', 'fa-brands-400.ttf')
 5 SYSTEMPATH/CodeIgniter.php(457): CodeIgniter\CodeIgniter->runController(Object(App\Controllers\Pages))
 6 SYSTEMPATH/CodeIgniter.php(340): CodeIgniter\CodeIgniter->handleRequest(null, Object(Config\Cache), false)
 7 FCPATH/index.php(71): CodeIgniter\CodeIgniter->run()
CRITICAL - 2023-06-28 19:07:40 --> Invalid file: template/bank-pro/themes.php
in SYSTEMPATH/Exceptions/FrameworkException.php on line 33.
 1 SYSTEMPATH/View/View.php(201): CodeIgniter\Exceptions\FrameworkException::forInvalidFile('template/bank-pro/themes.php')
 2 SYSTEMPATH/Common.php(1142): CodeIgniter\View\View->render('template/bank-pro/themes', [], true)
 3 APPPATH/Controllers/Pages.php(40): view('template/bank-pro/themes', [...])
 4 SYSTEMPATH/CodeIgniter.php(907): App\Controllers\Pages->view('FCPATH/themes', 'finapp-light', 'webfonts', 'fa-solid-900.woff2')
 5 SYSTEMPATH/CodeIgniter.php(457): CodeIgniter\CodeIgniter->runController(Object(App\Controllers\Pages))
 6 SYSTEMPATH/CodeIgniter.php(340): CodeIgniter\CodeIgniter->handleRequest(null, Object(Config\Cache), false)
 7 FCPATH/index.php(71): CodeIgniter\CodeIgniter->run()
CRITICAL - 2023-06-28 19:07:40 --> Invalid file: template/bank-pro/themes.php
in SYSTEMPATH/Exceptions/FrameworkException.php on line 33.
 1 SYSTEMPATH/View/View.php(201): CodeIgniter\Exceptions\FrameworkException::forInvalidFile('template/bank-pro/themes.php')
 2 SYSTEMPATH/Common.php(1142): CodeIgniter\View\View->render('template/bank-pro/themes', [], true)
 3 APPPATH/Controllers/Pages.php(40): view('template/bank-pro/themes', [...])
 4 SYSTEMPATH/CodeIgniter.php(907): App\Controllers\Pages->view('FCPATH/themes', 'finapp-light', 'webfonts', 'fa-regular-400.woff2')
 5 SYSTEMPATH/CodeIgniter.php(457): CodeIgniter\CodeIgniter->runController(Object(App\Controllers\Pages))
 6 SYSTEMPATH/CodeIgniter.php(340): CodeIgniter\CodeIgniter->handleRequest(null, Object(Config\Cache), false)
 7 FCPATH/index.php(71): CodeIgniter\CodeIgniter->run()
CRITICAL - 2023-06-28 19:07:40 --> Invalid file: template/bank-pro/themes.php
in SYSTEMPATH/Exceptions/FrameworkException.php on line 33.
 1 SYSTEMPATH/View/View.php(201): CodeIgniter\Exceptions\FrameworkException::forInvalidFile('template/bank-pro/themes.php')
 2 SYSTEMPATH/Common.php(1142): CodeIgniter\View\View->render('template/bank-pro/themes', [], true)
 3 APPPATH/Controllers/Pages.php(40): view('template/bank-pro/themes', [...])
 4 SYSTEMPATH/CodeIgniter.php(907): App\Controllers\Pages->view('FCPATH/themes', 'finapp-light', 'webfonts', 'fa-regular-400.woff')
 5 SYSTEMPATH/CodeIgniter.php(457): CodeIgniter\CodeIgniter->runController(Object(App\Controllers\Pages))
 6 SYSTEMPATH/CodeIgniter.php(340): CodeIgniter\CodeIgniter->handleRequest(null, Object(Config\Cache), false)
 7 FCPATH/index.php(71): CodeIgniter\CodeIgniter->run()
CRITICAL - 2023-06-28 19:07:40 --> Invalid file: template/bank-pro/themes.php
in SYSTEMPATH/Exceptions/FrameworkException.php on line 33.
 1 SYSTEMPATH/View/View.php(201): CodeIgniter\Exceptions\FrameworkException::forInvalidFile('template/bank-pro/themes.php')
 2 SYSTEMPATH/Common.php(1142): CodeIgniter\View\View->render('template/bank-pro/themes', [], true)
 3 APPPATH/Controllers/Pages.php(40): view('template/bank-pro/themes', [...])
 4 SYSTEMPATH/CodeIgniter.php(907): App\Controllers\Pages->view('FCPATH/themes', 'finapp-light', 'webfonts', 'fa-solid-900.woff')
 5 SYSTEMPATH/CodeIgniter.php(457): CodeIgniter\CodeIgniter->runController(Object(App\Controllers\Pages))
 6 SYSTEMPATH/CodeIgniter.php(340): CodeIgniter\CodeIgniter->handleRequest(null, Object(Config\Cache), false)
 7 FCPATH/index.php(71): CodeIgniter\CodeIgniter->run()
CRITICAL - 2023-06-28 19:07:41 --> Invalid file: template/bank-pro/themes.php
in SYSTEMPATH/Exceptions/FrameworkException.php on line 33.
 1 SYSTEMPATH/View/View.php(201): CodeIgniter\Exceptions\FrameworkException::forInvalidFile('template/bank-pro/themes.php')
 2 SYSTEMPATH/Common.php(1142): CodeIgniter\View\View->render('template/bank-pro/themes', [], true)
 3 APPPATH/Controllers/Pages.php(40): view('template/bank-pro/themes', [...])
 4 SYSTEMPATH/CodeIgniter.php(907): App\Controllers\Pages->view('FCPATH/themes', 'finapp-light', 'webfonts', 'fa-regular-400.ttf')
 5 SYSTEMPATH/CodeIgniter.php(457): CodeIgniter\CodeIgniter->runController(Object(App\Controllers\Pages))
 6 SYSTEMPATH/CodeIgniter.php(340): CodeIgniter\CodeIgniter->handleRequest(null, Object(Config\Cache), false)
 7 FCPATH/index.php(71): CodeIgniter\CodeIgniter->run()
CRITICAL - 2023-06-28 19:07:41 --> Invalid file: template/bank-pro/themes.php
in SYSTEMPATH/Exceptions/FrameworkException.php on line 33.
 1 SYSTEMPATH/View/View.php(201): CodeIgniter\Exceptions\FrameworkException::forInvalidFile('template/bank-pro/themes.php')
 2 SYSTEMPATH/Common.php(1142): CodeIgniter\View\View->render('template/bank-pro/themes', [], true)
 3 APPPATH/Controllers/Pages.php(40): view('template/bank-pro/themes', [...])
 4 SYSTEMPATH/CodeIgniter.php(907): App\Controllers\Pages->view('FCPATH/themes', 'finapp-light', 'webfonts', 'fa-solid-900.ttf')
 5 SYSTEMPATH/CodeIgniter.php(457): CodeIgniter\CodeIgniter->runController(Object(App\Controllers\Pages))
 6 SYSTEMPATH/CodeIgniter.php(340): CodeIgniter\CodeIgniter->handleRequest(null, Object(Config\Cache), false)
 7 FCPATH/index.php(71): CodeIgniter\CodeIgniter->run()
CRITICAL - 2023-06-28 19:08:02 --> Invalid file: template/bank-pro/templates.php
in SYSTEMPATH/Exceptions/FrameworkException.php on line 33.
 1 SYSTEMPATH/View/View.php(201): CodeIgniter\Exceptions\FrameworkException::forInvalidFile('template/bank-pro/templates.php')
 2 SYSTEMPATH/Common.php(1142): CodeIgniter\View\View->render('template/bank-pro/templates', [], true)
 3 APPPATH/Controllers/Pages.php(40): view('template/bank-pro/templates', [...])
 4 SYSTEMPATH/CodeIgniter.php(907): App\Controllers\Pages->view('FCPATH/templates', 'bank-pro', 'p.typekit.net', 'p5e61.css')
 5 SYSTEMPATH/CodeIgniter.php(457): CodeIgniter\CodeIgniter->runController(Object(App\Controllers\Pages))
 6 SYSTEMPATH/CodeIgniter.php(340): CodeIgniter\CodeIgniter->handleRequest(null, Object(Config\Cache), false)
 7 FCPATH/index.php(71): CodeIgniter\CodeIgniter->run()
CRITICAL - 2023-06-28 19:08:02 --> Invalid file: template/bank-pro/templates.php
in SYSTEMPATH/Exceptions/FrameworkException.php on line 33.
 1 SYSTEMPATH/View/View.php(201): CodeIgniter\Exceptions\FrameworkException::forInvalidFile('template/bank-pro/templates.php')
 2 SYSTEMPATH/Common.php(1142): CodeIgniter\View\View->render('template/bank-pro/templates', [], true)
 3 APPPATH/Controllers/Pages.php(40): view('template/bank-pro/templates', [...])
 4 SYSTEMPATH/CodeIgniter.php(907): App\Controllers\Pages->view('FCPATH/templates', 'bank-pro', 'css', 'images', 'FCPATH/assets', 'ico-caret--black.png')
 5 SYSTEMPATH/CodeIgniter.php(457): CodeIgniter\CodeIgniter->runController(Object(App\Controllers\Pages))
 6 SYSTEMPATH/CodeIgniter.php(340): CodeIgniter\CodeIgniter->handleRequest(null, Object(Config\Cache), false)
 7 FCPATH/index.php(71): CodeIgniter\CodeIgniter->run()
CRITICAL - 2023-06-28 19:08:02 --> Invalid file: template/bank-pro/templates.php
in SYSTEMPATH/Exceptions/FrameworkException.php on line 33.
 1 SYSTEMPATH/View/View.php(201): CodeIgniter\Exceptions\FrameworkException::forInvalidFile('template/bank-pro/templates.php')
 2 SYSTEMPATH/Common.php(1142): CodeIgniter\View\View->render('template/bank-pro/templates', [], true)
 3 APPPATH/Controllers/Pages.php(40): view('template/bank-pro/templates', [...])
 4 SYSTEMPATH/CodeIgniter.php(907): App\Controllers\Pages->view('FCPATH/templates', 'bank-pro', 'css', 'images', 'FCPATH/assets', 'citadel-logo.svg')
 5 SYSTEMPATH/CodeIgniter.php(457): CodeIgniter\CodeIgniter->runController(Object(App\Controllers\Pages))
 6 SYSTEMPATH/CodeIgniter.php(340): CodeIgniter\CodeIgniter->handleRequest(null, Object(Config\Cache), false)
 7 FCPATH/index.php(71): CodeIgniter\CodeIgniter->run()
CRITICAL - 2023-06-28 19:08:03 --> Invalid file: template/bank-pro/templates.php
in SYSTEMPATH/Exceptions/FrameworkException.php on line 33.
 1 SYSTEMPATH/View/View.php(201): CodeIgniter\Exceptions\FrameworkException::forInvalidFile('template/bank-pro/templates.php')
 2 SYSTEMPATH/Common.php(1142): CodeIgniter\View\View->render('template/bank-pro/templates', [], true)
 3 APPPATH/Controllers/Pages.php(40): view('template/bank-pro/templates', [...])
 4 SYSTEMPATH/CodeIgniter.php(907): App\Controllers\Pages->view('FCPATH/templates', 'bank-pro', 'css', 'images', 'FCPATH/assets', 'pattern-bg-medium.svg')
 5 SYSTEMPATH/CodeIgniter.php(457): CodeIgniter\CodeIgniter->runController(Object(App\Controllers\Pages))
 6 SYSTEMPATH/CodeIgniter.php(340): CodeIgniter\CodeIgniter->handleRequest(null, Object(Config\Cache), false)
 7 FCPATH/index.php(71): CodeIgniter\CodeIgniter->run()
CRITICAL - 2023-06-28 19:24:16 --> Invalid file: template/bank-pro/templates.php
in SYSTEMPATH/Exceptions/FrameworkException.php on line 33.
 1 SYSTEMPATH/View/View.php(201): CodeIgniter\Exceptions\FrameworkException::forInvalidFile('template/bank-pro/templates.php')
 2 SYSTEMPATH/Common.php(1142): CodeIgniter\View\View->render('template/bank-pro/templates', [], true)
 3 APPPATH/Controllers/Pages.php(40): view('template/bank-pro/templates', [...])
 4 SYSTEMPATH/CodeIgniter.php(907): App\Controllers\Pages->view('FCPATH/templates', 'bank-pro', 'p.typekit.net', 'p5e61.css')
 5 SYSTEMPATH/CodeIgniter.php(457): CodeIgniter\CodeIgniter->runController(Object(App\Controllers\Pages))
 6 SYSTEMPATH/CodeIgniter.php(340): CodeIgniter\CodeIgniter->handleRequest(null, Object(Config\Cache), false)
 7 FCPATH/index.php(71): CodeIgniter\CodeIgniter->run()
CRITICAL - 2023-06-28 19:24:17 --> Invalid file: template/bank-pro/templates.php
in SYSTEMPATH/Exceptions/FrameworkException.php on line 33.
 1 SYSTEMPATH/View/View.php(201): CodeIgniter\Exceptions\FrameworkException::forInvalidFile('template/bank-pro/templates.php')
 2 SYSTEMPATH/Common.php(1142): CodeIgniter\View\View->render('template/bank-pro/templates', [], true)
 3 APPPATH/Controllers/Pages.php(40): view('template/bank-pro/templates', [...])
 4 SYSTEMPATH/CodeIgniter.php(907): App\Controllers\Pages->view('FCPATH/templates', 'bank-pro', 'css', 'images', 'FCPATH/assets', 'citadel-logo.svg')
 5 SYSTEMPATH/CodeIgniter.php(457): CodeIgniter\CodeIgniter->runController(Object(App\Controllers\Pages))
 6 SYSTEMPATH/CodeIgniter.php(340): CodeIgniter\CodeIgniter->handleRequest(null, Object(Config\Cache), false)
 7 FCPATH/index.php(71): CodeIgniter\CodeIgniter->run()
CRITICAL - 2023-06-28 19:24:17 --> Invalid file: template/bank-pro/templates.php
in SYSTEMPATH/Exceptions/FrameworkException.php on line 33.
 1 SYSTEMPATH/View/View.php(201): CodeIgniter\Exceptions\FrameworkException::forInvalidFile('template/bank-pro/templates.php')
 2 SYSTEMPATH/Common.php(1142): CodeIgniter\View\View->render('template/bank-pro/templates', [], true)
 3 APPPATH/Controllers/Pages.php(40): view('template/bank-pro/templates', [...])
 4 SYSTEMPATH/CodeIgniter.php(907): App\Controllers\Pages->view('FCPATH/templates', 'bank-pro', 'css', 'images', 'FCPATH/assets', 'ico-caret--black.png')
 5 SYSTEMPATH/CodeIgniter.php(457): CodeIgniter\CodeIgniter->runController(Object(App\Controllers\Pages))
 6 SYSTEMPATH/CodeIgniter.php(340): CodeIgniter\CodeIgniter->handleRequest(null, Object(Config\Cache), false)
 7 FCPATH/index.php(71): CodeIgniter\CodeIgniter->run()
CRITICAL - 2023-06-28 19:24:17 --> Invalid file: template/bank-pro/templates.php
in SYSTEMPATH/Exceptions/FrameworkException.php on line 33.
 1 SYSTEMPATH/View/View.php(201): CodeIgniter\Exceptions\FrameworkException::forInvalidFile('template/bank-pro/templates.php')
 2 SYSTEMPATH/Common.php(1142): CodeIgniter\View\View->render('template/bank-pro/templates', [], true)
 3 APPPATH/Controllers/Pages.php(40): view('template/bank-pro/templates', [...])
 4 SYSTEMPATH/CodeIgniter.php(907): App\Controllers\Pages->view('FCPATH/templates', 'bank-pro', 'css', 'images', 'FCPATH/assets', 'pattern-bg-medium.svg')
 5 SYSTEMPATH/CodeIgniter.php(457): CodeIgniter\CodeIgniter->runController(Object(App\Controllers\Pages))
 6 SYSTEMPATH/CodeIgniter.php(340): CodeIgniter\CodeIgniter->handleRequest(null, Object(Config\Cache), false)
 7 FCPATH/index.php(71): CodeIgniter\CodeIgniter->run()
CRITICAL - 2023-06-28 19:24:35 --> Invalid file: template/bank-pro/themes.php
in SYSTEMPATH/Exceptions/FrameworkException.php on line 33.
 1 SYSTEMPATH/View/View.php(201): CodeIgniter\Exceptions\FrameworkException::forInvalidFile('template/bank-pro/themes.php')
 2 SYSTEMPATH/Common.php(1142): CodeIgniter\View\View->render('template/bank-pro/themes', [], true)
 3 APPPATH/Controllers/Pages.php(40): view('template/bank-pro/themes', [...])
 4 SYSTEMPATH/CodeIgniter.php(907): App\Controllers\Pages->view('FCPATH/themes', 'finapp-light', 'webfonts', 'fa-solid-900.woff2')
 5 SYSTEMPATH/CodeIgniter.php(457): CodeIgniter\CodeIgniter->runController(Object(App\Controllers\Pages))
 6 SYSTEMPATH/CodeIgniter.php(340): CodeIgniter\CodeIgniter->handleRequest(null, Object(Config\Cache), false)
 7 FCPATH/index.php(71): CodeIgniter\CodeIgniter->run()
CRITICAL - 2023-06-28 19:24:35 --> Invalid file: template/bank-pro/themes.php
in SYSTEMPATH/Exceptions/FrameworkException.php on line 33.
 1 SYSTEMPATH/View/View.php(201): CodeIgniter\Exceptions\FrameworkException::forInvalidFile('template/bank-pro/themes.php')
 2 SYSTEMPATH/Common.php(1142): CodeIgniter\View\View->render('template/bank-pro/themes', [], true)
 3 APPPATH/Controllers/Pages.php(40): view('template/bank-pro/themes', [...])
 4 SYSTEMPATH/CodeIgniter.php(907): App\Controllers\Pages->view('FCPATH/themes', 'finapp-light', 'webfonts', 'fa-brands-400.woff2')
 5 SYSTEMPATH/CodeIgniter.php(457): CodeIgniter\CodeIgniter->runController(Object(App\Controllers\Pages))
 6 SYSTEMPATH/CodeIgniter.php(340): CodeIgniter\CodeIgniter->handleRequest(null, Object(Config\Cache), false)
 7 FCPATH/index.php(71): CodeIgniter\CodeIgniter->run()
CRITICAL - 2023-06-28 19:24:35 --> Invalid file: template/bank-pro/themes.php
in SYSTEMPATH/Exceptions/FrameworkException.php on line 33.
 1 SYSTEMPATH/View/View.php(201): CodeIgniter\Exceptions\FrameworkException::forInvalidFile('template/bank-pro/themes.php')
 2 SYSTEMPATH/Common.php(1142): CodeIgniter\View\View->render('template/bank-pro/themes', [], true)
 3 APPPATH/Controllers/Pages.php(40): view('template/bank-pro/themes', [...])
 4 SYSTEMPATH/CodeIgniter.php(907): App\Controllers\Pages->view('FCPATH/themes', 'finapp-light', 'webfonts', 'fa-regular-400.woff2')
 5 SYSTEMPATH/CodeIgniter.php(457): CodeIgniter\CodeIgniter->runController(Object(App\Controllers\Pages))
 6 SYSTEMPATH/CodeIgniter.php(340): CodeIgniter\CodeIgniter->handleRequest(null, Object(Config\Cache), false)
 7 FCPATH/index.php(71): CodeIgniter\CodeIgniter->run()
CRITICAL - 2023-06-28 19:24:35 --> Invalid file: template/bank-pro/assets.php
in SYSTEMPATH/Exceptions/FrameworkException.php on line 33.
 1 SYSTEMPATH/View/View.php(201): CodeIgniter\Exceptions\FrameworkException::forInvalidFile('template/bank-pro/assets.php')
 2 SYSTEMPATH/Common.php(1142): CodeIgniter\View\View->render('template/bank-pro/assets', [], true)
 3 APPPATH/Controllers/Pages.php(40): view('template/bank-pro/assets', [...])
 4 SYSTEMPATH/CodeIgniter.php(907): App\Controllers\Pages->view('FCPATH/assets', 'images', 'chip.png')
 5 SYSTEMPATH/CodeIgniter.php(457): CodeIgniter\CodeIgniter->runController(Object(App\Controllers\Pages))
 6 SYSTEMPATH/CodeIgniter.php(340): CodeIgniter\CodeIgniter->handleRequest(null, Object(Config\Cache), false)
 7 FCPATH/index.php(71): CodeIgniter\CodeIgniter->run()
CRITICAL - 2023-06-28 19:24:35 --> Invalid file: template/bank-pro/assets.php
in SYSTEMPATH/Exceptions/FrameworkException.php on line 33.
 1 SYSTEMPATH/View/View.php(201): CodeIgniter\Exceptions\FrameworkException::forInvalidFile('template/bank-pro/assets.php')
 2 SYSTEMPATH/Common.php(1142): CodeIgniter\View\View->render('template/bank-pro/assets', [], true)
 3 APPPATH/Controllers/Pages.php(40): view('template/bank-pro/assets', [...])
 4 SYSTEMPATH/CodeIgniter.php(907): App\Controllers\Pages->view('FCPATH/assets', 'images', 'visa.png')
 5 SYSTEMPATH/CodeIgniter.php(457): CodeIgniter\CodeIgniter->runController(Object(App\Controllers\Pages))
 6 SYSTEMPATH/CodeIgniter.php(340): CodeIgniter\CodeIgniter->handleRequest(null, Object(Config\Cache), false)
 7 FCPATH/index.php(71): CodeIgniter\CodeIgniter->run()
CRITICAL - 2023-06-28 19:24:35 --> Invalid file: template/bank-pro/themes.php
in SYSTEMPATH/Exceptions/FrameworkException.php on line 33.
 1 SYSTEMPATH/View/View.php(201): CodeIgniter\Exceptions\FrameworkException::forInvalidFile('template/bank-pro/themes.php')
 2 SYSTEMPATH/Common.php(1142): CodeIgniter\View\View->render('template/bank-pro/themes', [], true)
 3 APPPATH/Controllers/Pages.php(40): view('template/bank-pro/themes', [...])
 4 SYSTEMPATH/CodeIgniter.php(907): App\Controllers\Pages->view('FCPATH/themes', 'finapp-light', 'webfonts', 'fa-solid-900.woff')
 5 SYSTEMPATH/CodeIgniter.php(457): CodeIgniter\CodeIgniter->runController(Object(App\Controllers\Pages))
 6 SYSTEMPATH/CodeIgniter.php(340): CodeIgniter\CodeIgniter->handleRequest(null, Object(Config\Cache), false)
 7 FCPATH/index.php(71): CodeIgniter\CodeIgniter->run()
CRITICAL - 2023-06-28 19:24:35 --> Invalid file: template/bank-pro/themes.php
in SYSTEMPATH/Exceptions/FrameworkException.php on line 33.
 1 SYSTEMPATH/View/View.php(201): CodeIgniter\Exceptions\FrameworkException::forInvalidFile('template/bank-pro/themes.php')
 2 SYSTEMPATH/Common.php(1142): CodeIgniter\View\View->render('template/bank-pro/themes', [], true)
 3 APPPATH/Controllers/Pages.php(40): view('template/bank-pro/themes', [...])
 4 SYSTEMPATH/CodeIgniter.php(907): App\Controllers\Pages->view('FCPATH/themes', 'finapp-light', 'webfonts', 'fa-brands-400.woff')
 5 SYSTEMPATH/CodeIgniter.php(457): CodeIgniter\CodeIgniter->runController(Object(App\Controllers\Pages))
 6 SYSTEMPATH/CodeIgniter.php(340): CodeIgniter\CodeIgniter->handleRequest(null, Object(Config\Cache), false)
 7 FCPATH/index.php(71): CodeIgniter\CodeIgniter->run()
CRITICAL - 2023-06-28 19:24:35 --> Invalid file: template/bank-pro/themes.php
in SYSTEMPATH/Exceptions/FrameworkException.php on line 33.
 1 SYSTEMPATH/View/View.php(201): CodeIgniter\Exceptions\FrameworkException::forInvalidFile('template/bank-pro/themes.php')
 2 SYSTEMPATH/Common.php(1142): CodeIgniter\View\View->render('template/bank-pro/themes', [], true)
 3 APPPATH/Controllers/Pages.php(40): view('template/bank-pro/themes', [...])
 4 SYSTEMPATH/CodeIgniter.php(907): App\Controllers\Pages->view('FCPATH/themes', 'finapp-light', 'webfonts', 'fa-regular-400.woff')
 5 SYSTEMPATH/CodeIgniter.php(457): CodeIgniter\CodeIgniter->runController(Object(App\Controllers\Pages))
 6 SYSTEMPATH/CodeIgniter.php(340): CodeIgniter\CodeIgniter->handleRequest(null, Object(Config\Cache), false)
 7 FCPATH/index.php(71): CodeIgniter\CodeIgniter->run()
CRITICAL - 2023-06-28 19:24:35 --> Invalid file: template/bank-pro/themes.php
in SYSTEMPATH/Exceptions/FrameworkException.php on line 33.
 1 SYSTEMPATH/View/View.php(201): CodeIgniter\Exceptions\FrameworkException::forInvalidFile('template/bank-pro/themes.php')
 2 SYSTEMPATH/Common.php(1142): CodeIgniter\View\View->render('template/bank-pro/themes', [], true)
 3 APPPATH/Controllers/Pages.php(40): view('template/bank-pro/themes', [...])
 4 SYSTEMPATH/CodeIgniter.php(907): App\Controllers\Pages->view('FCPATH/themes', 'finapp-light', 'webfonts', 'fa-solid-900.ttf')
 5 SYSTEMPATH/CodeIgniter.php(457): CodeIgniter\CodeIgniter->runController(Object(App\Controllers\Pages))
 6 SYSTEMPATH/CodeIgniter.php(340): CodeIgniter\CodeIgniter->handleRequest(null, Object(Config\Cache), false)
 7 FCPATH/index.php(71): CodeIgniter\CodeIgniter->run()
CRITICAL - 2023-06-28 19:24:35 --> Invalid file: template/bank-pro/themes.php
in SYSTEMPATH/Exceptions/FrameworkException.php on line 33.
 1 SYSTEMPATH/View/View.php(201): CodeIgniter\Exceptions\FrameworkException::forInvalidFile('template/bank-pro/themes.php')
 2 SYSTEMPATH/Common.php(1142): CodeIgniter\View\View->render('template/bank-pro/themes', [], true)
 3 APPPATH/Controllers/Pages.php(40): view('template/bank-pro/themes', [...])
 4 SYSTEMPATH/CodeIgniter.php(907): App\Controllers\Pages->view('FCPATH/themes', 'finapp-light', 'webfonts', 'fa-brands-400.ttf')
 5 SYSTEMPATH/CodeIgniter.php(457): CodeIgniter\CodeIgniter->runController(Object(App\Controllers\Pages))
 6 SYSTEMPATH/CodeIgniter.php(340): CodeIgniter\CodeIgniter->handleRequest(null, Object(Config\Cache), false)
 7 FCPATH/index.php(71): CodeIgniter\CodeIgniter->run()
CRITICAL - 2023-06-28 19:24:35 --> Invalid file: template/bank-pro/themes.php
in SYSTEMPATH/Exceptions/FrameworkException.php on line 33.
 1 SYSTEMPATH/View/View.php(201): CodeIgniter\Exceptions\FrameworkException::forInvalidFile('template/bank-pro/themes.php')
 2 SYSTEMPATH/Common.php(1142): CodeIgniter\View\View->render('template/bank-pro/themes', [], true)
 3 APPPATH/Controllers/Pages.php(40): view('template/bank-pro/themes', [...])
 4 SYSTEMPATH/CodeIgniter.php(907): App\Controllers\Pages->view('FCPATH/themes', 'finapp-light', 'webfonts', 'fa-regular-400.ttf')
 5 SYSTEMPATH/CodeIgniter.php(457): CodeIgniter\CodeIgniter->runController(Object(App\Controllers\Pages))
 6 SYSTEMPATH/CodeIgniter.php(340): CodeIgniter\CodeIgniter->handleRequest(null, Object(Config\Cache), false)
 7 FCPATH/index.php(71): CodeIgniter\CodeIgniter->run()
CRITICAL - 2023-06-28 19:24:35 --> Invalid file: template/bank-pro/__service-worker.js
in SYSTEMPATH/Exceptions/FrameworkException.php on line 33.
 1 SYSTEMPATH/View/View.php(201): CodeIgniter\Exceptions\FrameworkException::forInvalidFile('template/bank-pro/__service-worker.js')
 2 SYSTEMPATH/Common.php(1142): CodeIgniter\View\View->render('template/bank-pro/__service-worker.js', [], true)
 3 APPPATH/Controllers/Pages.php(40): view('template/bank-pro/__service-worker.js', [...])
 4 SYSTEMPATH/CodeIgniter.php(907): App\Controllers\Pages->view('__service-worker.js')
 5 SYSTEMPATH/CodeIgniter.php(457): CodeIgniter\CodeIgniter->runController(Object(App\Controllers\Pages))
 6 SYSTEMPATH/CodeIgniter.php(340): CodeIgniter\CodeIgniter->handleRequest(null, Object(Config\Cache), false)
 7 FCPATH/index.php(71): CodeIgniter\CodeIgniter->run()
CRITICAL - 2023-06-28 19:25:22 --> Invalid file: template/bank-pro/themes.php
in SYSTEMPATH/Exceptions/FrameworkException.php on line 33.
 1 SYSTEMPATH/View/View.php(201): CodeIgniter\Exceptions\FrameworkException::forInvalidFile('template/bank-pro/themes.php')
 2 SYSTEMPATH/Common.php(1142): CodeIgniter\View\View->render('template/bank-pro/themes', [], true)
 3 APPPATH/Controllers/Pages.php(40): view('template/bank-pro/themes', [...])
 4 SYSTEMPATH/CodeIgniter.php(907): App\Controllers\Pages->view('FCPATH/themes', 'finapp-light', 'webfonts', 'fa-regular-400.woff2')
 5 SYSTEMPATH/CodeIgniter.php(457): CodeIgniter\CodeIgniter->runController(Object(App\Controllers\Pages))
 6 SYSTEMPATH/CodeIgniter.php(340): CodeIgniter\CodeIgniter->handleRequest(null, Object(Config\Cache), false)
 7 FCPATH/index.php(71): CodeIgniter\CodeIgniter->run()
CRITICAL - 2023-06-28 19:25:22 --> Invalid file: template/bank-pro/themes.php
in SYSTEMPATH/Exceptions/FrameworkException.php on line 33.
 1 SYSTEMPATH/View/View.php(201): CodeIgniter\Exceptions\FrameworkException::forInvalidFile('template/bank-pro/themes.php')
 2 SYSTEMPATH/Common.php(1142): CodeIgniter\View\View->render('template/bank-pro/themes', [], true)
 3 APPPATH/Controllers/Pages.php(40): view('template/bank-pro/themes', [...])
 4 SYSTEMPATH/CodeIgniter.php(907): App\Controllers\Pages->view('FCPATH/themes', 'finapp-light', 'webfonts', 'fa-solid-900.woff2')
 5 SYSTEMPATH/CodeIgniter.php(457): CodeIgniter\CodeIgniter->runController(Object(App\Controllers\Pages))
 6 SYSTEMPATH/CodeIgniter.php(340): CodeIgniter\CodeIgniter->handleRequest(null, Object(Config\Cache), false)
 7 FCPATH/index.php(71): CodeIgniter\CodeIgniter->run()
CRITICAL - 2023-06-28 19:25:22 --> Invalid file: template/bank-pro/themes.php
in SYSTEMPATH/Exceptions/FrameworkException.php on line 33.
 1 SYSTEMPATH/View/View.php(201): CodeIgniter\Exceptions\FrameworkException::forInvalidFile('template/bank-pro/themes.php')
 2 SYSTEMPATH/Common.php(1142): CodeIgniter\View\View->render('template/bank-pro/themes', [], true)
 3 APPPATH/Controllers/Pages.php(40): view('template/bank-pro/themes', [...])
 4 SYSTEMPATH/CodeIgniter.php(907): App\Controllers\Pages->view('FCPATH/themes', 'finapp-light', 'webfonts', 'fa-brands-400.woff2')
 5 SYSTEMPATH/CodeIgniter.php(457): CodeIgniter\CodeIgniter->runController(Object(App\Controllers\Pages))
 6 SYSTEMPATH/CodeIgniter.php(340): CodeIgniter\CodeIgniter->handleRequest(null, Object(Config\Cache), false)
 7 FCPATH/index.php(71): CodeIgniter\CodeIgniter->run()
CRITICAL - 2023-06-28 19:25:22 --> Invalid file: template/bank-pro/assets.php
in SYSTEMPATH/Exceptions/FrameworkException.php on line 33.
 1 SYSTEMPATH/View/View.php(201): CodeIgniter\Exceptions\FrameworkException::forInvalidFile('template/bank-pro/assets.php')
 2 SYSTEMPATH/Common.php(1142): CodeIgniter\View\View->render('template/bank-pro/assets', [], true)
 3 APPPATH/Controllers/Pages.php(40): view('template/bank-pro/assets', [...])
 4 SYSTEMPATH/CodeIgniter.php(907): App\Controllers\Pages->view('FCPATH/assets', 'images', 'visa.png')
 5 SYSTEMPATH/CodeIgniter.php(457): CodeIgniter\CodeIgniter->runController(Object(App\Controllers\Pages))
 6 SYSTEMPATH/CodeIgniter.php(340): CodeIgniter\CodeIgniter->handleRequest(null, Object(Config\Cache), false)
 7 FCPATH/index.php(71): CodeIgniter\CodeIgniter->run()
CRITICAL - 2023-06-28 19:25:22 --> Invalid file: template/bank-pro/assets.php
in SYSTEMPATH/Exceptions/FrameworkException.php on line 33.
 1 SYSTEMPATH/View/View.php(201): CodeIgniter\Exceptions\FrameworkException::forInvalidFile('template/bank-pro/assets.php')
 2 SYSTEMPATH/Common.php(1142): CodeIgniter\View\View->render('template/bank-pro/assets', [], true)
 3 APPPATH/Controllers/Pages.php(40): view('template/bank-pro/assets', [...])
 4 SYSTEMPATH/CodeIgniter.php(907): App\Controllers\Pages->view('FCPATH/assets', 'images', 'chip.png')
 5 SYSTEMPATH/CodeIgniter.php(457): CodeIgniter\CodeIgniter->runController(Object(App\Controllers\Pages))
 6 SYSTEMPATH/CodeIgniter.php(340): CodeIgniter\CodeIgniter->handleRequest(null, Object(Config\Cache), false)
 7 FCPATH/index.php(71): CodeIgniter\CodeIgniter->run()
CRITICAL - 2023-06-28 19:25:23 --> Invalid file: template/bank-pro/__service-worker.js
in SYSTEMPATH/Exceptions/FrameworkException.php on line 33.
 1 SYSTEMPATH/View/View.php(201): CodeIgniter\Exceptions\FrameworkException::forInvalidFile('template/bank-pro/__service-worker.js')
 2 SYSTEMPATH/Common.php(1142): CodeIgniter\View\View->render('template/bank-pro/__service-worker.js', [], true)
 3 APPPATH/Controllers/Pages.php(40): view('template/bank-pro/__service-worker.js', [...])
 4 SYSTEMPATH/CodeIgniter.php(907): App\Controllers\Pages->view('__service-worker.js')
 5 SYSTEMPATH/CodeIgniter.php(457): CodeIgniter\CodeIgniter->runController(Object(App\Controllers\Pages))
 6 SYSTEMPATH/CodeIgniter.php(340): CodeIgniter\CodeIgniter->handleRequest(null, Object(Config\Cache), false)
 7 FCPATH/index.php(71): CodeIgniter\CodeIgniter->run()
CRITICAL - 2023-06-28 19:25:23 --> Invalid file: template/bank-pro/themes.php
in SYSTEMPATH/Exceptions/FrameworkException.php on line 33.
 1 SYSTEMPATH/View/View.php(201): CodeIgniter\Exceptions\FrameworkException::forInvalidFile('template/bank-pro/themes.php')
 2 SYSTEMPATH/Common.php(1142): CodeIgniter\View\View->render('template/bank-pro/themes', [], true)
 3 APPPATH/Controllers/Pages.php(40): view('template/bank-pro/themes', [...])
 4 SYSTEMPATH/CodeIgniter.php(907): App\Controllers\Pages->view('FCPATH/themes', 'finapp-light', 'webfonts', 'fa-regular-400.woff')
 5 SYSTEMPATH/CodeIgniter.php(457): CodeIgniter\CodeIgniter->runController(Object(App\Controllers\Pages))
 6 SYSTEMPATH/CodeIgniter.php(340): CodeIgniter\CodeIgniter->handleRequest(null, Object(Config\Cache), false)
 7 FCPATH/index.php(71): CodeIgniter\CodeIgniter->run()
CRITICAL - 2023-06-28 19:25:23 --> Invalid file: template/bank-pro/themes.php
in SYSTEMPATH/Exceptions/FrameworkException.php on line 33.
 1 SYSTEMPATH/View/View.php(201): CodeIgniter\Exceptions\FrameworkException::forInvalidFile('template/bank-pro/themes.php')
 2 SYSTEMPATH/Common.php(1142): CodeIgniter\View\View->render('template/bank-pro/themes', [], true)
 3 APPPATH/Controllers/Pages.php(40): view('template/bank-pro/themes', [...])
 4 SYSTEMPATH/CodeIgniter.php(907): App\Controllers\Pages->view('FCPATH/themes', 'finapp-light', 'webfonts', 'fa-brands-400.woff')
 5 SYSTEMPATH/CodeIgniter.php(457): CodeIgniter\CodeIgniter->runController(Object(App\Controllers\Pages))
 6 SYSTEMPATH/CodeIgniter.php(340): CodeIgniter\CodeIgniter->handleRequest(null, Object(Config\Cache), false)
 7 FCPATH/index.php(71): CodeIgniter\CodeIgniter->run()
CRITICAL - 2023-06-28 19:25:23 --> Invalid file: template/bank-pro/themes.php
in SYSTEMPATH/Exceptions/FrameworkException.php on line 33.
 1 SYSTEMPATH/View/View.php(201): CodeIgniter\Exceptions\FrameworkException::forInvalidFile('template/bank-pro/themes.php')
 2 SYSTEMPATH/Common.php(1142): CodeIgniter\View\View->render('template/bank-pro/themes', [], true)
 3 APPPATH/Controllers/Pages.php(40): view('template/bank-pro/themes', [...])
 4 SYSTEMPATH/CodeIgniter.php(907): App\Controllers\Pages->view('FCPATH/themes', 'finapp-light', 'webfonts', 'fa-solid-900.woff')
 5 SYSTEMPATH/CodeIgniter.php(457): CodeIgniter\CodeIgniter->runController(Object(App\Controllers\Pages))
 6 SYSTEMPATH/CodeIgniter.php(340): CodeIgniter\CodeIgniter->handleRequest(null, Object(Config\Cache), false)
 7 FCPATH/index.php(71): CodeIgniter\CodeIgniter->run()
CRITICAL - 2023-06-28 19:25:23 --> Invalid file: template/bank-pro/themes.php
in SYSTEMPATH/Exceptions/FrameworkException.php on line 33.
 1 SYSTEMPATH/View/View.php(201): CodeIgniter\Exceptions\FrameworkException::forInvalidFile('template/bank-pro/themes.php')
 2 SYSTEMPATH/Common.php(1142): CodeIgniter\View\View->render('template/bank-pro/themes', [], true)
 3 APPPATH/Controllers/Pages.php(40): view('template/bank-pro/themes', [...])
 4 SYSTEMPATH/CodeIgniter.php(907): App\Controllers\Pages->view('FCPATH/themes', 'finapp-light', 'webfonts', 'fa-regular-400.ttf')
 5 SYSTEMPATH/CodeIgniter.php(457): CodeIgniter\CodeIgniter->runController(Object(App\Controllers\Pages))
 6 SYSTEMPATH/CodeIgniter.php(340): CodeIgniter\CodeIgniter->handleRequest(null, Object(Config\Cache), false)
 7 FCPATH/index.php(71): CodeIgniter\CodeIgniter->run()
CRITICAL - 2023-06-28 19:25:23 --> Invalid file: template/bank-pro/themes.php
in SYSTEMPATH/Exceptions/FrameworkException.php on line 33.
 1 SYSTEMPATH/View/View.php(201): CodeIgniter\Exceptions\FrameworkException::forInvalidFile('template/bank-pro/themes.php')
 2 SYSTEMPATH/Common.php(1142): CodeIgniter\View\View->render('template/bank-pro/themes', [], true)
 3 APPPATH/Controllers/Pages.php(40): view('template/bank-pro/themes', [...])
 4 SYSTEMPATH/CodeIgniter.php(907): App\Controllers\Pages->view('FCPATH/themes', 'finapp-light', 'webfonts', 'fa-solid-900.ttf')
 5 SYSTEMPATH/CodeIgniter.php(457): CodeIgniter\CodeIgniter->runController(Object(App\Controllers\Pages))
 6 SYSTEMPATH/CodeIgniter.php(340): CodeIgniter\CodeIgniter->handleRequest(null, Object(Config\Cache), false)
 7 FCPATH/index.php(71): CodeIgniter\CodeIgniter->run()
CRITICAL - 2023-06-28 19:25:23 --> Invalid file: template/bank-pro/themes.php
in SYSTEMPATH/Exceptions/FrameworkException.php on line 33.
 1 SYSTEMPATH/View/View.php(201): CodeIgniter\Exceptions\FrameworkException::forInvalidFile('template/bank-pro/themes.php')
 2 SYSTEMPATH/Common.php(1142): CodeIgniter\View\View->render('template/bank-pro/themes', [], true)
 3 APPPATH/Controllers/Pages.php(40): view('template/bank-pro/themes', [...])
 4 SYSTEMPATH/CodeIgniter.php(907): App\Controllers\Pages->view('FCPATH/themes', 'finapp-light', 'webfonts', 'fa-brands-400.ttf')
 5 SYSTEMPATH/CodeIgniter.php(457): CodeIgniter\CodeIgniter->runController(Object(App\Controllers\Pages))
 6 SYSTEMPATH/CodeIgniter.php(340): CodeIgniter\CodeIgniter->handleRequest(null, Object(Config\Cache), false)
 7 FCPATH/index.php(71): CodeIgniter\CodeIgniter->run()
CRITICAL - 2023-06-28 19:25:34 --> Invalid file: template/bank-pro/themes.php
in SYSTEMPATH/Exceptions/FrameworkException.php on line 33.
 1 SYSTEMPATH/View/View.php(201): CodeIgniter\Exceptions\FrameworkException::forInvalidFile('template/bank-pro/themes.php')
 2 SYSTEMPATH/Common.php(1142): CodeIgniter\View\View->render('template/bank-pro/themes', [], true)
 3 APPPATH/Controllers/Pages.php(40): view('template/bank-pro/themes', [...])
 4 SYSTEMPATH/CodeIgniter.php(907): App\Controllers\Pages->view('FCPATH/themes', 'finapp-light', 'webfonts', 'fa-solid-900.woff2')
 5 SYSTEMPATH/CodeIgniter.php(457): CodeIgniter\CodeIgniter->runController(Object(App\Controllers\Pages))
 6 SYSTEMPATH/CodeIgniter.php(340): CodeIgniter\CodeIgniter->handleRequest(null, Object(Config\Cache), false)
 7 FCPATH/index.php(71): CodeIgniter\CodeIgniter->run()
CRITICAL - 2023-06-28 19:25:34 --> Invalid file: template/bank-pro/themes.php
in SYSTEMPATH/Exceptions/FrameworkException.php on line 33.
 1 SYSTEMPATH/View/View.php(201): CodeIgniter\Exceptions\FrameworkException::forInvalidFile('template/bank-pro/themes.php')
 2 SYSTEMPATH/Common.php(1142): CodeIgniter\View\View->render('template/bank-pro/themes', [], true)
 3 APPPATH/Controllers/Pages.php(40): view('template/bank-pro/themes', [...])
 4 SYSTEMPATH/CodeIgniter.php(907): App\Controllers\Pages->view('FCPATH/themes', 'finapp-light', 'webfonts', 'fa-regular-400.woff2')
 5 SYSTEMPATH/CodeIgniter.php(457): CodeIgniter\CodeIgniter->runController(Object(App\Controllers\Pages))
 6 SYSTEMPATH/CodeIgniter.php(340): CodeIgniter\CodeIgniter->handleRequest(null, Object(Config\Cache), false)
 7 FCPATH/index.php(71): CodeIgniter\CodeIgniter->run()
CRITICAL - 2023-06-28 19:25:34 --> Invalid file: template/bank-pro/themes.php
in SYSTEMPATH/Exceptions/FrameworkException.php on line 33.
 1 SYSTEMPATH/View/View.php(201): CodeIgniter\Exceptions\FrameworkException::forInvalidFile('template/bank-pro/themes.php')
 2 SYSTEMPATH/Common.php(1142): CodeIgniter\View\View->render('template/bank-pro/themes', [], true)
 3 APPPATH/Controllers/Pages.php(40): view('template/bank-pro/themes', [...])
 4 SYSTEMPATH/CodeIgniter.php(907): App\Controllers\Pages->view('FCPATH/themes', 'finapp-light', 'webfonts', 'fa-solid-900.woff')
 5 SYSTEMPATH/CodeIgniter.php(457): CodeIgniter\CodeIgniter->runController(Object(App\Controllers\Pages))
 6 SYSTEMPATH/CodeIgniter.php(340): CodeIgniter\CodeIgniter->handleRequest(null, Object(Config\Cache), false)
 7 FCPATH/index.php(71): CodeIgniter\CodeIgniter->run()
CRITICAL - 2023-06-28 19:25:34 --> Invalid file: template/bank-pro/themes.php
in SYSTEMPATH/Exceptions/FrameworkException.php on line 33.
 1 SYSTEMPATH/View/View.php(201): CodeIgniter\Exceptions\FrameworkException::forInvalidFile('template/bank-pro/themes.php')
 2 SYSTEMPATH/Common.php(1142): CodeIgniter\View\View->render('template/bank-pro/themes', [], true)
 3 APPPATH/Controllers/Pages.php(40): view('template/bank-pro/themes', [...])
 4 SYSTEMPATH/CodeIgniter.php(907): App\Controllers\Pages->view('FCPATH/themes', 'finapp-light', 'webfonts', 'fa-regular-400.woff')
 5 SYSTEMPATH/CodeIgniter.php(457): CodeIgniter\CodeIgniter->runController(Object(App\Controllers\Pages))
 6 SYSTEMPATH/CodeIgniter.php(340): CodeIgniter\CodeIgniter->handleRequest(null, Object(Config\Cache), false)
 7 FCPATH/index.php(71): CodeIgniter\CodeIgniter->run()
CRITICAL - 2023-06-28 19:25:34 --> Invalid file: template/bank-pro/themes.php
in SYSTEMPATH/Exceptions/FrameworkException.php on line 33.
 1 SYSTEMPATH/View/View.php(201): CodeIgniter\Exceptions\FrameworkException::forInvalidFile('template/bank-pro/themes.php')
 2 SYSTEMPATH/Common.php(1142): CodeIgniter\View\View->render('template/bank-pro/themes', [], true)
 3 APPPATH/Controllers/Pages.php(40): view('template/bank-pro/themes', [...])
 4 SYSTEMPATH/CodeIgniter.php(907): App\Controllers\Pages->view('FCPATH/themes', 'finapp-light', 'webfonts', 'fa-solid-900.ttf')
 5 SYSTEMPATH/CodeIgniter.php(457): CodeIgniter\CodeIgniter->runController(Object(App\Controllers\Pages))
 6 SYSTEMPATH/CodeIgniter.php(340): CodeIgniter\CodeIgniter->handleRequest(null, Object(Config\Cache), false)
 7 FCPATH/index.php(71): CodeIgniter\CodeIgniter->run()
CRITICAL - 2023-06-28 19:25:34 --> Invalid file: template/bank-pro/themes.php
in SYSTEMPATH/Exceptions/FrameworkException.php on line 33.
 1 SYSTEMPATH/View/View.php(201): CodeIgniter\Exceptions\FrameworkException::forInvalidFile('template/bank-pro/themes.php')
 2 SYSTEMPATH/Common.php(1142): CodeIgniter\View\View->render('template/bank-pro/themes', [], true)
 3 APPPATH/Controllers/Pages.php(40): view('template/bank-pro/themes', [...])
 4 SYSTEMPATH/CodeIgniter.php(907): App\Controllers\Pages->view('FCPATH/themes', 'finapp-light', 'webfonts', 'fa-regular-400.ttf')
 5 SYSTEMPATH/CodeIgniter.php(457): CodeIgniter\CodeIgniter->runController(Object(App\Controllers\Pages))
 6 SYSTEMPATH/CodeIgniter.php(340): CodeIgniter\CodeIgniter->handleRequest(null, Object(Config\Cache), false)
 7 FCPATH/index.php(71): CodeIgniter\CodeIgniter->run()
CRITICAL - 2023-06-28 19:25:45 --> Invalid file: template/bank-pro/assets.php
in SYSTEMPATH/Exceptions/FrameworkException.php on line 33.
 1 SYSTEMPATH/View/View.php(201): CodeIgniter\Exceptions\FrameworkException::forInvalidFile('template/bank-pro/assets.php')
 2 SYSTEMPATH/Common.php(1142): CodeIgniter\View\View->render('template/bank-pro/assets', [], true)
 3 APPPATH/Controllers/Pages.php(40): view('template/bank-pro/assets', [...])
 4 SYSTEMPATH/CodeIgniter.php(907): App\Controllers\Pages->view('FCPATH/assets', 'images', 'chip.png')
 5 SYSTEMPATH/CodeIgniter.php(457): CodeIgniter\CodeIgniter->runController(Object(App\Controllers\Pages))
 6 SYSTEMPATH/CodeIgniter.php(340): CodeIgniter\CodeIgniter->handleRequest(null, Object(Config\Cache), false)
 7 FCPATH/index.php(71): CodeIgniter\CodeIgniter->run()
CRITICAL - 2023-06-28 19:25:45 --> Invalid file: template/bank-pro/themes.php
in SYSTEMPATH/Exceptions/FrameworkException.php on line 33.
 1 SYSTEMPATH/View/View.php(201): CodeIgniter\Exceptions\FrameworkException::forInvalidFile('template/bank-pro/themes.php')
 2 SYSTEMPATH/Common.php(1142): CodeIgniter\View\View->render('template/bank-pro/themes', [], true)
 3 APPPATH/Controllers/Pages.php(40): view('template/bank-pro/themes', [...])
 4 SYSTEMPATH/CodeIgniter.php(907): App\Controllers\Pages->view('FCPATH/themes', 'finapp-light', 'webfonts', 'fa-brands-400.woff2')
 5 SYSTEMPATH/CodeIgniter.php(457): CodeIgniter\CodeIgniter->runController(Object(App\Controllers\Pages))
 6 SYSTEMPATH/CodeIgniter.php(340): CodeIgniter\CodeIgniter->handleRequest(null, Object(Config\Cache), false)
 7 FCPATH/index.php(71): CodeIgniter\CodeIgniter->run()
CRITICAL - 2023-06-28 19:25:45 --> Invalid file: template/bank-pro/themes.php
in SYSTEMPATH/Exceptions/FrameworkException.php on line 33.
 1 SYSTEMPATH/View/View.php(201): CodeIgniter\Exceptions\FrameworkException::forInvalidFile('template/bank-pro/themes.php')
 2 SYSTEMPATH/Common.php(1142): CodeIgniter\View\View->render('template/bank-pro/themes', [], true)
 3 APPPATH/Controllers/Pages.php(40): view('template/bank-pro/themes', [...])
 4 SYSTEMPATH/CodeIgniter.php(907): App\Controllers\Pages->view('FCPATH/themes', 'finapp-light', 'webfonts', 'fa-solid-900.woff2')
 5 SYSTEMPATH/CodeIgniter.php(457): CodeIgniter\CodeIgniter->runController(Object(App\Controllers\Pages))
 6 SYSTEMPATH/CodeIgniter.php(340): CodeIgniter\CodeIgniter->handleRequest(null, Object(Config\Cache), false)
 7 FCPATH/index.php(71): CodeIgniter\CodeIgniter->run()
CRITICAL - 2023-06-28 19:25:45 --> Invalid file: template/bank-pro/themes.php
in SYSTEMPATH/Exceptions/FrameworkException.php on line 33.
 1 SYSTEMPATH/View/View.php(201): CodeIgniter\Exceptions\FrameworkException::forInvalidFile('template/bank-pro/themes.php')
 2 SYSTEMPATH/Common.php(1142): CodeIgniter\View\View->render('template/bank-pro/themes', [], true)
 3 APPPATH/Controllers/Pages.php(40): view('template/bank-pro/themes', [...])
 4 SYSTEMPATH/CodeIgniter.php(907): App\Controllers\Pages->view('FCPATH/themes', 'finapp-light', 'webfonts', 'fa-regular-400.woff2')
 5 SYSTEMPATH/CodeIgniter.php(457): CodeIgniter\CodeIgniter->runController(Object(App\Controllers\Pages))
 6 SYSTEMPATH/CodeIgniter.php(340): CodeIgniter\CodeIgniter->handleRequest(null, Object(Config\Cache), false)
 7 FCPATH/index.php(71): CodeIgniter\CodeIgniter->run()
CRITICAL - 2023-06-28 19:25:45 --> Invalid file: template/bank-pro/assets.php
in SYSTEMPATH/Exceptions/FrameworkException.php on line 33.
 1 SYSTEMPATH/View/View.php(201): CodeIgniter\Exceptions\FrameworkException::forInvalidFile('template/bank-pro/assets.php')
 2 SYSTEMPATH/Common.php(1142): CodeIgniter\View\View->render('template/bank-pro/assets', [], true)
 3 APPPATH/Controllers/Pages.php(40): view('template/bank-pro/assets', [...])
 4 SYSTEMPATH/CodeIgniter.php(907): App\Controllers\Pages->view('FCPATH/assets', 'images', 'visa.png')
 5 SYSTEMPATH/CodeIgniter.php(457): CodeIgniter\CodeIgniter->runController(Object(App\Controllers\Pages))
 6 SYSTEMPATH/CodeIgniter.php(340): CodeIgniter\CodeIgniter->handleRequest(null, Object(Config\Cache), false)
 7 FCPATH/index.php(71): CodeIgniter\CodeIgniter->run()
CRITICAL - 2023-06-28 19:25:45 --> Invalid file: template/bank-pro/__service-worker.js
in SYSTEMPATH/Exceptions/FrameworkException.php on line 33.
 1 SYSTEMPATH/View/View.php(201): CodeIgniter\Exceptions\FrameworkException::forInvalidFile('template/bank-pro/__service-worker.js')
 2 SYSTEMPATH/Common.php(1142): CodeIgniter\View\View->render('template/bank-pro/__service-worker.js', [], true)
 3 APPPATH/Controllers/Pages.php(40): view('template/bank-pro/__service-worker.js', [...])
 4 SYSTEMPATH/CodeIgniter.php(907): App\Controllers\Pages->view('__service-worker.js')
 5 SYSTEMPATH/CodeIgniter.php(457): CodeIgniter\CodeIgniter->runController(Object(App\Controllers\Pages))
 6 SYSTEMPATH/CodeIgniter.php(340): CodeIgniter\CodeIgniter->handleRequest(null, Object(Config\Cache), false)
 7 FCPATH/index.php(71): CodeIgniter\CodeIgniter->run()
CRITICAL - 2023-06-28 19:25:46 --> Invalid file: template/bank-pro/themes.php
in SYSTEMPATH/Exceptions/FrameworkException.php on line 33.
 1 SYSTEMPATH/View/View.php(201): CodeIgniter\Exceptions\FrameworkException::forInvalidFile('template/bank-pro/themes.php')
 2 SYSTEMPATH/Common.php(1142): CodeIgniter\View\View->render('template/bank-pro/themes', [], true)
 3 APPPATH/Controllers/Pages.php(40): view('template/bank-pro/themes', [...])
 4 SYSTEMPATH/CodeIgniter.php(907): App\Controllers\Pages->view('FCPATH/themes', 'finapp-light', 'webfonts', 'fa-brands-400.woff')
 5 SYSTEMPATH/CodeIgniter.php(457): CodeIgniter\CodeIgniter->runController(Object(App\Controllers\Pages))
 6 SYSTEMPATH/CodeIgniter.php(340): CodeIgniter\CodeIgniter->handleRequest(null, Object(Config\Cache), false)
 7 FCPATH/index.php(71): CodeIgniter\CodeIgniter->run()
CRITICAL - 2023-06-28 19:25:46 --> Invalid file: template/bank-pro/themes.php
in SYSTEMPATH/Exceptions/FrameworkException.php on line 33.
 1 SYSTEMPATH/View/View.php(201): CodeIgniter\Exceptions\FrameworkException::forInvalidFile('template/bank-pro/themes.php')
 2 SYSTEMPATH/Common.php(1142): CodeIgniter\View\View->render('template/bank-pro/themes', [], true)
 3 APPPATH/Controllers/Pages.php(40): view('template/bank-pro/themes', [...])
 4 SYSTEMPATH/CodeIgniter.php(907): App\Controllers\Pages->view('FCPATH/themes', 'finapp-light', 'webfonts', 'fa-regular-400.woff')
 5 SYSTEMPATH/CodeIgniter.php(457): CodeIgniter\CodeIgniter->runController(Object(App\Controllers\Pages))
 6 SYSTEMPATH/CodeIgniter.php(340): CodeIgniter\CodeIgniter->handleRequest(null, Object(Config\Cache), false)
 7 FCPATH/index.php(71): CodeIgniter\CodeIgniter->run()
CRITICAL - 2023-06-28 19:25:46 --> Invalid file: template/bank-pro/themes.php
in SYSTEMPATH/Exceptions/FrameworkException.php on line 33.
 1 SYSTEMPATH/View/View.php(201): CodeIgniter\Exceptions\FrameworkException::forInvalidFile('template/bank-pro/themes.php')
 2 SYSTEMPATH/Common.php(1142): CodeIgniter\View\View->render('template/bank-pro/themes', [], true)
 3 APPPATH/Controllers/Pages.php(40): view('template/bank-pro/themes', [...])
 4 SYSTEMPATH/CodeIgniter.php(907): App\Controllers\Pages->view('FCPATH/themes', 'finapp-light', 'webfonts', 'fa-solid-900.woff')
 5 SYSTEMPATH/CodeIgniter.php(457): CodeIgniter\CodeIgniter->runController(Object(App\Controllers\Pages))
 6 SYSTEMPATH/CodeIgniter.php(340): CodeIgniter\CodeIgniter->handleRequest(null, Object(Config\Cache), false)
 7 FCPATH/index.php(71): CodeIgniter\CodeIgniter->run()
CRITICAL - 2023-06-28 19:25:46 --> Invalid file: template/bank-pro/themes.php
in SYSTEMPATH/Exceptions/FrameworkException.php on line 33.
 1 SYSTEMPATH/View/View.php(201): CodeIgniter\Exceptions\FrameworkException::forInvalidFile('template/bank-pro/themes.php')
 2 SYSTEMPATH/Common.php(1142): CodeIgniter\View\View->render('template/bank-pro/themes', [], true)
 3 APPPATH/Controllers/Pages.php(40): view('template/bank-pro/themes', [...])
 4 SYSTEMPATH/CodeIgniter.php(907): App\Controllers\Pages->view('FCPATH/themes', 'finapp-light', 'webfonts', 'fa-brands-400.ttf')
 5 SYSTEMPATH/CodeIgniter.php(457): CodeIgniter\CodeIgniter->runController(Object(App\Controllers\Pages))
 6 SYSTEMPATH/CodeIgniter.php(340): CodeIgniter\CodeIgniter->handleRequest(null, Object(Config\Cache), false)
 7 FCPATH/index.php(71): CodeIgniter\CodeIgniter->run()
CRITICAL - 2023-06-28 19:25:46 --> Invalid file: template/bank-pro/themes.php
in SYSTEMPATH/Exceptions/FrameworkException.php on line 33.
 1 SYSTEMPATH/View/View.php(201): CodeIgniter\Exceptions\FrameworkException::forInvalidFile('template/bank-pro/themes.php')
 2 SYSTEMPATH/Common.php(1142): CodeIgniter\View\View->render('template/bank-pro/themes', [], true)
 3 APPPATH/Controllers/Pages.php(40): view('template/bank-pro/themes', [...])
 4 SYSTEMPATH/CodeIgniter.php(907): App\Controllers\Pages->view('FCPATH/themes', 'finapp-light', 'webfonts', 'fa-regular-400.ttf')
 5 SYSTEMPATH/CodeIgniter.php(457): CodeIgniter\CodeIgniter->runController(Object(App\Controllers\Pages))
 6 SYSTEMPATH/CodeIgniter.php(340): CodeIgniter\CodeIgniter->handleRequest(null, Object(Config\Cache), false)
 7 FCPATH/index.php(71): CodeIgniter\CodeIgniter->run()
CRITICAL - 2023-06-28 19:25:46 --> Invalid file: template/bank-pro/themes.php
in SYSTEMPATH/Exceptions/FrameworkException.php on line 33.
 1 SYSTEMPATH/View/View.php(201): CodeIgniter\Exceptions\FrameworkException::forInvalidFile('template/bank-pro/themes.php')
 2 SYSTEMPATH/Common.php(1142): CodeIgniter\View\View->render('template/bank-pro/themes', [], true)
 3 APPPATH/Controllers/Pages.php(40): view('template/bank-pro/themes', [...])
 4 SYSTEMPATH/CodeIgniter.php(907): App\Controllers\Pages->view('FCPATH/themes', 'finapp-light', 'webfonts', 'fa-solid-900.ttf')
 5 SYSTEMPATH/CodeIgniter.php(457): CodeIgniter\CodeIgniter->runController(Object(App\Controllers\Pages))
 6 SYSTEMPATH/CodeIgniter.php(340): CodeIgniter\CodeIgniter->handleRequest(null, Object(Config\Cache), false)
 7 FCPATH/index.php(71): CodeIgniter\CodeIgniter->run()
CRITICAL - 2023-06-28 19:25:54 --> Invalid file: template/bank-pro/themes.php
in SYSTEMPATH/Exceptions/FrameworkException.php on line 33.
 1 SYSTEMPATH/View/View.php(201): CodeIgniter\Exceptions\FrameworkException::forInvalidFile('template/bank-pro/themes.php')
 2 SYSTEMPATH/Common.php(1142): CodeIgniter\View\View->render('template/bank-pro/themes', [], true)
 3 APPPATH/Controllers/Pages.php(40): view('template/bank-pro/themes', [...])
 4 SYSTEMPATH/CodeIgniter.php(907): App\Controllers\Pages->view('FCPATH/themes', 'finapp-light', 'webfonts', 'fa-solid-900.woff2')
 5 SYSTEMPATH/CodeIgniter.php(457): CodeIgniter\CodeIgniter->runController(Object(App\Controllers\Pages))
 6 SYSTEMPATH/CodeIgniter.php(340): CodeIgniter\CodeIgniter->handleRequest(null, Object(Config\Cache), false)
 7 FCPATH/index.php(71): CodeIgniter\CodeIgniter->run()
CRITICAL - 2023-06-28 19:25:54 --> Invalid file: template/bank-pro/themes.php
in SYSTEMPATH/Exceptions/FrameworkException.php on line 33.
 1 SYSTEMPATH/View/View.php(201): CodeIgniter\Exceptions\FrameworkException::forInvalidFile('template/bank-pro/themes.php')
 2 SYSTEMPATH/Common.php(1142): CodeIgniter\View\View->render('template/bank-pro/themes', [], true)
 3 APPPATH/Controllers/Pages.php(40): view('template/bank-pro/themes', [...])
 4 SYSTEMPATH/CodeIgniter.php(907): App\Controllers\Pages->view('FCPATH/themes', 'finapp-light', 'webfonts', 'fa-regular-400.woff2')
 5 SYSTEMPATH/CodeIgniter.php(457): CodeIgniter\CodeIgniter->runController(Object(App\Controllers\Pages))
 6 SYSTEMPATH/CodeIgniter.php(340): CodeIgniter\CodeIgniter->handleRequest(null, Object(Config\Cache), false)
 7 FCPATH/index.php(71): CodeIgniter\CodeIgniter->run()
CRITICAL - 2023-06-28 19:25:55 --> Invalid file: template/bank-pro/themes.php
in SYSTEMPATH/Exceptions/FrameworkException.php on line 33.
 1 SYSTEMPATH/View/View.php(201): CodeIgniter\Exceptions\FrameworkException::forInvalidFile('template/bank-pro/themes.php')
 2 SYSTEMPATH/Common.php(1142): CodeIgniter\View\View->render('template/bank-pro/themes', [], true)
 3 APPPATH/Controllers/Pages.php(40): view('template/bank-pro/themes', [...])
 4 SYSTEMPATH/CodeIgniter.php(907): App\Controllers\Pages->view('FCPATH/themes', 'finapp-light', 'webfonts', 'fa-regular-400.woff')
 5 SYSTEMPATH/CodeIgniter.php(457): CodeIgniter\CodeIgniter->runController(Object(App\Controllers\Pages))
 6 SYSTEMPATH/CodeIgniter.php(340): CodeIgniter\CodeIgniter->handleRequest(null, Object(Config\Cache), false)
 7 FCPATH/index.php(71): CodeIgniter\CodeIgniter->run()
CRITICAL - 2023-06-28 19:25:55 --> Invalid file: template/bank-pro/themes.php
in SYSTEMPATH/Exceptions/FrameworkException.php on line 33.
 1 SYSTEMPATH/View/View.php(201): CodeIgniter\Exceptions\FrameworkException::forInvalidFile('template/bank-pro/themes.php')
 2 SYSTEMPATH/Common.php(1142): CodeIgniter\View\View->render('template/bank-pro/themes', [], true)
 3 APPPATH/Controllers/Pages.php(40): view('template/bank-pro/themes', [...])
 4 SYSTEMPATH/CodeIgniter.php(907): App\Controllers\Pages->view('FCPATH/themes', 'finapp-light', 'webfonts', 'fa-solid-900.woff')
 5 SYSTEMPATH/CodeIgniter.php(457): CodeIgniter\CodeIgniter->runController(Object(App\Controllers\Pages))
 6 SYSTEMPATH/CodeIgniter.php(340): CodeIgniter\CodeIgniter->handleRequest(null, Object(Config\Cache), false)
 7 FCPATH/index.php(71): CodeIgniter\CodeIgniter->run()
CRITICAL - 2023-06-28 19:25:55 --> Invalid file: template/bank-pro/themes.php
in SYSTEMPATH/Exceptions/FrameworkException.php on line 33.
 1 SYSTEMPATH/View/View.php(201): CodeIgniter\Exceptions\FrameworkException::forInvalidFile('template/bank-pro/themes.php')
 2 SYSTEMPATH/Common.php(1142): CodeIgniter\View\View->render('template/bank-pro/themes', [], true)
 3 APPPATH/Controllers/Pages.php(40): view('template/bank-pro/themes', [...])
 4 SYSTEMPATH/CodeIgniter.php(907): App\Controllers\Pages->view('FCPATH/themes', 'finapp-light', 'webfonts', 'fa-regular-400.ttf')
 5 SYSTEMPATH/CodeIgniter.php(457): CodeIgniter\CodeIgniter->runController(Object(App\Controllers\Pages))
 6 SYSTEMPATH/CodeIgniter.php(340): CodeIgniter\CodeIgniter->handleRequest(null, Object(Config\Cache), false)
 7 FCPATH/index.php(71): CodeIgniter\CodeIgniter->run()
CRITICAL - 2023-06-28 19:25:55 --> Invalid file: template/bank-pro/themes.php
in SYSTEMPATH/Exceptions/FrameworkException.php on line 33.
 1 SYSTEMPATH/View/View.php(201): CodeIgniter\Exceptions\FrameworkException::forInvalidFile('template/bank-pro/themes.php')
 2 SYSTEMPATH/Common.php(1142): CodeIgniter\View\View->render('template/bank-pro/themes', [], true)
 3 APPPATH/Controllers/Pages.php(40): view('template/bank-pro/themes', [...])
 4 SYSTEMPATH/CodeIgniter.php(907): App\Controllers\Pages->view('FCPATH/themes', 'finapp-light', 'webfonts', 'fa-solid-900.ttf')
 5 SYSTEMPATH/CodeIgniter.php(457): CodeIgniter\CodeIgniter->runController(Object(App\Controllers\Pages))
 6 SYSTEMPATH/CodeIgniter.php(340): CodeIgniter\CodeIgniter->handleRequest(null, Object(Config\Cache), false)
 7 FCPATH/index.php(71): CodeIgniter\CodeIgniter->run()
CRITICAL - 2023-06-28 19:27:10 --> Invalid file: template/bank-pro/themes.php
in SYSTEMPATH/Exceptions/FrameworkException.php on line 33.
 1 SYSTEMPATH/View/View.php(201): CodeIgniter\Exceptions\FrameworkException::forInvalidFile('template/bank-pro/themes.php')
 2 SYSTEMPATH/Common.php(1142): CodeIgniter\View\View->render('template/bank-pro/themes', [], true)
 3 APPPATH/Controllers/Pages.php(40): view('template/bank-pro/themes', [...])
 4 SYSTEMPATH/CodeIgniter.php(907): App\Controllers\Pages->view('FCPATH/themes', 'finapp-light', 'webfonts', 'fa-solid-900.woff2')
 5 SYSTEMPATH/CodeIgniter.php(457): CodeIgniter\CodeIgniter->runController(Object(App\Controllers\Pages))
 6 SYSTEMPATH/CodeIgniter.php(340): CodeIgniter\CodeIgniter->handleRequest(null, Object(Config\Cache), false)
 7 FCPATH/index.php(71): CodeIgniter\CodeIgniter->run()
CRITICAL - 2023-06-28 19:27:10 --> Invalid file: template/bank-pro/themes.php
in SYSTEMPATH/Exceptions/FrameworkException.php on line 33.
 1 SYSTEMPATH/View/View.php(201): CodeIgniter\Exceptions\FrameworkException::forInvalidFile('template/bank-pro/themes.php')
 2 SYSTEMPATH/Common.php(1142): CodeIgniter\View\View->render('template/bank-pro/themes', [], true)
 3 APPPATH/Controllers/Pages.php(40): view('template/bank-pro/themes', [...])
 4 SYSTEMPATH/CodeIgniter.php(907): App\Controllers\Pages->view('FCPATH/themes', 'finapp-light', 'webfonts', 'fa-regular-400.woff2')
 5 SYSTEMPATH/CodeIgniter.php(457): CodeIgniter\CodeIgniter->runController(Object(App\Controllers\Pages))
 6 SYSTEMPATH/CodeIgniter.php(340): CodeIgniter\CodeIgniter->handleRequest(null, Object(Config\Cache), false)
 7 FCPATH/index.php(71): CodeIgniter\CodeIgniter->run()
CRITICAL - 2023-06-28 19:27:10 --> Invalid file: template/bank-pro/themes.php
in SYSTEMPATH/Exceptions/FrameworkException.php on line 33.
 1 SYSTEMPATH/View/View.php(201): CodeIgniter\Exceptions\FrameworkException::forInvalidFile('template/bank-pro/themes.php')
 2 SYSTEMPATH/Common.php(1142): CodeIgniter\View\View->render('template/bank-pro/themes', [], true)
 3 APPPATH/Controllers/Pages.php(40): view('template/bank-pro/themes', [...])
 4 SYSTEMPATH/CodeIgniter.php(907): App\Controllers\Pages->view('FCPATH/themes', 'finapp-light', 'webfonts', 'fa-solid-900.woff')
 5 SYSTEMPATH/CodeIgniter.php(457): CodeIgniter\CodeIgniter->runController(Object(App\Controllers\Pages))
 6 SYSTEMPATH/CodeIgniter.php(340): CodeIgniter\CodeIgniter->handleRequest(null, Object(Config\Cache), false)
 7 FCPATH/index.php(71): CodeIgniter\CodeIgniter->run()
CRITICAL - 2023-06-28 19:27:10 --> Invalid file: template/bank-pro/themes.php
in SYSTEMPATH/Exceptions/FrameworkException.php on line 33.
 1 SYSTEMPATH/View/View.php(201): CodeIgniter\Exceptions\FrameworkException::forInvalidFile('template/bank-pro/themes.php')
 2 SYSTEMPATH/Common.php(1142): CodeIgniter\View\View->render('template/bank-pro/themes', [], true)
 3 APPPATH/Controllers/Pages.php(40): view('template/bank-pro/themes', [...])
 4 SYSTEMPATH/CodeIgniter.php(907): App\Controllers\Pages->view('FCPATH/themes', 'finapp-light', 'webfonts', 'fa-regular-400.woff')
 5 SYSTEMPATH/CodeIgniter.php(457): CodeIgniter\CodeIgniter->runController(Object(App\Controllers\Pages))
 6 SYSTEMPATH/CodeIgniter.php(340): CodeIgniter\CodeIgniter->handleRequest(null, Object(Config\Cache), false)
 7 FCPATH/index.php(71): CodeIgniter\CodeIgniter->run()
CRITICAL - 2023-06-28 19:27:10 --> Invalid file: template/bank-pro/themes.php
in SYSTEMPATH/Exceptions/FrameworkException.php on line 33.
 1 SYSTEMPATH/View/View.php(201): CodeIgniter\Exceptions\FrameworkException::forInvalidFile('template/bank-pro/themes.php')
 2 SYSTEMPATH/Common.php(1142): CodeIgniter\View\View->render('template/bank-pro/themes', [], true)
 3 APPPATH/Controllers/Pages.php(40): view('template/bank-pro/themes', [...])
 4 SYSTEMPATH/CodeIgniter.php(907): App\Controllers\Pages->view('FCPATH/themes', 'finapp-light', 'webfonts', 'fa-regular-400.woff2')
 5 SYSTEMPATH/CodeIgniter.php(457): CodeIgniter\CodeIgniter->runController(Object(App\Controllers\Pages))
 6 SYSTEMPATH/CodeIgniter.php(340): CodeIgniter\CodeIgniter->handleRequest(null, Object(Config\Cache), false)
 7 FCPATH/index.php(71): CodeIgniter\CodeIgniter->run()
CRITICAL - 2023-06-28 19:27:10 --> Invalid file: template/bank-pro/themes.php
in SYSTEMPATH/Exceptions/FrameworkException.php on line 33.
 1 SYSTEMPATH/View/View.php(201): CodeIgniter\Exceptions\FrameworkException::forInvalidFile('template/bank-pro/themes.php')
 2 SYSTEMPATH/Common.php(1142): CodeIgniter\View\View->render('template/bank-pro/themes', [], true)
 3 APPPATH/Controllers/Pages.php(40): view('template/bank-pro/themes', [...])
 4 SYSTEMPATH/CodeIgniter.php(907): App\Controllers\Pages->view('FCPATH/themes', 'finapp-light', 'webfonts', 'fa-brands-400.woff2')
 5 SYSTEMPATH/CodeIgniter.php(457): CodeIgniter\CodeIgniter->runController(Object(App\Controllers\Pages))
 6 SYSTEMPATH/CodeIgniter.php(340): CodeIgniter\CodeIgniter->handleRequest(null, Object(Config\Cache), false)
 7 FCPATH/index.php(71): CodeIgniter\CodeIgniter->run()
CRITICAL - 2023-06-28 19:27:10 --> Invalid file: template/bank-pro/themes.php
in SYSTEMPATH/Exceptions/FrameworkException.php on line 33.
 1 SYSTEMPATH/View/View.php(201): CodeIgniter\Exceptions\FrameworkException::forInvalidFile('template/bank-pro/themes.php')
 2 SYSTEMPATH/Common.php(1142): CodeIgniter\View\View->render('template/bank-pro/themes', [], true)
 3 APPPATH/Controllers/Pages.php(40): view('template/bank-pro/themes', [...])
 4 SYSTEMPATH/CodeIgniter.php(907): App\Controllers\Pages->view('FCPATH/themes', 'finapp-light', 'webfonts', 'fa-solid-900.woff2')
 5 SYSTEMPATH/CodeIgniter.php(457): CodeIgniter\CodeIgniter->runController(Object(App\Controllers\Pages))
 6 SYSTEMPATH/CodeIgniter.php(340): CodeIgniter\CodeIgniter->handleRequest(null, Object(Config\Cache), false)
 7 FCPATH/index.php(71): CodeIgniter\CodeIgniter->run()
CRITICAL - 2023-06-28 19:27:10 --> Invalid file: template/bank-pro/assets.php
in SYSTEMPATH/Exceptions/FrameworkException.php on line 33.
 1 SYSTEMPATH/View/View.php(201): CodeIgniter\Exceptions\FrameworkException::forInvalidFile('template/bank-pro/assets.php')
 2 SYSTEMPATH/Common.php(1142): CodeIgniter\View\View->render('template/bank-pro/assets', [], true)
 3 APPPATH/Controllers/Pages.php(40): view('template/bank-pro/assets', [...])
 4 SYSTEMPATH/CodeIgniter.php(907): App\Controllers\Pages->view('FCPATH/assets', 'images', 'chip.png')
 5 SYSTEMPATH/CodeIgniter.php(457): CodeIgniter\CodeIgniter->runController(Object(App\Controllers\Pages))
 6 SYSTEMPATH/CodeIgniter.php(340): CodeIgniter\CodeIgniter->handleRequest(null, Object(Config\Cache), false)
 7 FCPATH/index.php(71): CodeIgniter\CodeIgniter->run()
CRITICAL - 2023-06-28 19:27:10 --> Invalid file: template/bank-pro/assets.php
in SYSTEMPATH/Exceptions/FrameworkException.php on line 33.
 1 SYSTEMPATH/View/View.php(201): CodeIgniter\Exceptions\FrameworkException::forInvalidFile('template/bank-pro/assets.php')
 2 SYSTEMPATH/Common.php(1142): CodeIgniter\View\View->render('template/bank-pro/assets', [], true)
 3 APPPATH/Controllers/Pages.php(40): view('template/bank-pro/assets', [...])
 4 SYSTEMPATH/CodeIgniter.php(907): App\Controllers\Pages->view('FCPATH/assets', 'images', 'visa.png')
 5 SYSTEMPATH/CodeIgniter.php(457): CodeIgniter\CodeIgniter->runController(Object(App\Controllers\Pages))
 6 SYSTEMPATH/CodeIgniter.php(340): CodeIgniter\CodeIgniter->handleRequest(null, Object(Config\Cache), false)
 7 FCPATH/index.php(71): CodeIgniter\CodeIgniter->run()
CRITICAL - 2023-06-28 19:27:11 --> Invalid file: template/bank-pro/__service-worker.js
in SYSTEMPATH/Exceptions/FrameworkException.php on line 33.
 1 SYSTEMPATH/View/View.php(201): CodeIgniter\Exceptions\FrameworkException::forInvalidFile('template/bank-pro/__service-worker.js')
 2 SYSTEMPATH/Common.php(1142): CodeIgniter\View\View->render('template/bank-pro/__service-worker.js', [], true)
 3 APPPATH/Controllers/Pages.php(40): view('template/bank-pro/__service-worker.js', [...])
 4 SYSTEMPATH/CodeIgniter.php(907): App\Controllers\Pages->view('__service-worker.js')
 5 SYSTEMPATH/CodeIgniter.php(457): CodeIgniter\CodeIgniter->runController(Object(App\Controllers\Pages))
 6 SYSTEMPATH/CodeIgniter.php(340): CodeIgniter\CodeIgniter->handleRequest(null, Object(Config\Cache), false)
 7 FCPATH/index.php(71): CodeIgniter\CodeIgniter->run()
CRITICAL - 2023-06-28 19:27:11 --> Invalid file: template/bank-pro/themes.php
in SYSTEMPATH/Exceptions/FrameworkException.php on line 33.
 1 SYSTEMPATH/View/View.php(201): CodeIgniter\Exceptions\FrameworkException::forInvalidFile('template/bank-pro/themes.php')
 2 SYSTEMPATH/Common.php(1142): CodeIgniter\View\View->render('template/bank-pro/themes', [], true)
 3 APPPATH/Controllers/Pages.php(40): view('template/bank-pro/themes', [...])
 4 SYSTEMPATH/CodeIgniter.php(907): App\Controllers\Pages->view('FCPATH/themes', 'finapp-light', 'webfonts', 'fa-regular-400.woff')
 5 SYSTEMPATH/CodeIgniter.php(457): CodeIgniter\CodeIgniter->runController(Object(App\Controllers\Pages))
 6 SYSTEMPATH/CodeIgniter.php(340): CodeIgniter\CodeIgniter->handleRequest(null, Object(Config\Cache), false)
 7 FCPATH/index.php(71): CodeIgniter\CodeIgniter->run()
CRITICAL - 2023-06-28 19:27:11 --> Invalid file: template/bank-pro/themes.php
in SYSTEMPATH/Exceptions/FrameworkException.php on line 33.
 1 SYSTEMPATH/View/View.php(201): CodeIgniter\Exceptions\FrameworkException::forInvalidFile('template/bank-pro/themes.php')
 2 SYSTEMPATH/Common.php(1142): CodeIgniter\View\View->render('template/bank-pro/themes', [], true)
 3 APPPATH/Controllers/Pages.php(40): view('template/bank-pro/themes', [...])
 4 SYSTEMPATH/CodeIgniter.php(907): App\Controllers\Pages->view('FCPATH/themes', 'finapp-light', 'webfonts', 'fa-brands-400.woff')
 5 SYSTEMPATH/CodeIgniter.php(457): CodeIgniter\CodeIgniter->runController(Object(App\Controllers\Pages))
 6 SYSTEMPATH/CodeIgniter.php(340): CodeIgniter\CodeIgniter->handleRequest(null, Object(Config\Cache), false)
 7 FCPATH/index.php(71): CodeIgniter\CodeIgniter->run()
CRITICAL - 2023-06-28 19:27:11 --> Invalid file: template/bank-pro/themes.php
in SYSTEMPATH/Exceptions/FrameworkException.php on line 33.
 1 SYSTEMPATH/View/View.php(201): CodeIgniter\Exceptions\FrameworkException::forInvalidFile('template/bank-pro/themes.php')
 2 SYSTEMPATH/Common.php(1142): CodeIgniter\View\View->render('template/bank-pro/themes', [], true)
 3 APPPATH/Controllers/Pages.php(40): view('template/bank-pro/themes', [...])
 4 SYSTEMPATH/CodeIgniter.php(907): App\Controllers\Pages->view('FCPATH/themes', 'finapp-light', 'webfonts', 'fa-solid-900.woff')
 5 SYSTEMPATH/CodeIgniter.php(457): CodeIgniter\CodeIgniter->runController(Object(App\Controllers\Pages))
 6 SYSTEMPATH/CodeIgniter.php(340): CodeIgniter\CodeIgniter->handleRequest(null, Object(Config\Cache), false)
 7 FCPATH/index.php(71): CodeIgniter\CodeIgniter->run()
CRITICAL - 2023-06-28 19:27:11 --> Invalid file: template/bank-pro/themes.php
in SYSTEMPATH/Exceptions/FrameworkException.php on line 33.
 1 SYSTEMPATH/View/View.php(201): CodeIgniter\Exceptions\FrameworkException::forInvalidFile('template/bank-pro/themes.php')
 2 SYSTEMPATH/Common.php(1142): CodeIgniter\View\View->render('template/bank-pro/themes', [], true)
 3 APPPATH/Controllers/Pages.php(40): view('template/bank-pro/themes', [...])
 4 SYSTEMPATH/CodeIgniter.php(907): App\Controllers\Pages->view('FCPATH/themes', 'finapp-light', 'webfonts', 'fa-brands-400.ttf')
 5 SYSTEMPATH/CodeIgniter.php(457): CodeIgniter\CodeIgniter->runController(Object(App\Controllers\Pages))
 6 SYSTEMPATH/CodeIgniter.php(340): CodeIgniter\CodeIgniter->handleRequest(null, Object(Config\Cache), false)
 7 FCPATH/index.php(71): CodeIgniter\CodeIgniter->run()
CRITICAL - 2023-06-28 19:27:11 --> Invalid file: template/bank-pro/themes.php
in SYSTEMPATH/Exceptions/FrameworkException.php on line 33.
 1 SYSTEMPATH/View/View.php(201): CodeIgniter\Exceptions\FrameworkException::forInvalidFile('template/bank-pro/themes.php')
 2 SYSTEMPATH/Common.php(1142): CodeIgniter\View\View->render('template/bank-pro/themes', [], true)
 3 APPPATH/Controllers/Pages.php(40): view('template/bank-pro/themes', [...])
 4 SYSTEMPATH/CodeIgniter.php(907): App\Controllers\Pages->view('FCPATH/themes', 'finapp-light', 'webfonts', 'fa-regular-400.ttf')
 5 SYSTEMPATH/CodeIgniter.php(457): CodeIgniter\CodeIgniter->runController(Object(App\Controllers\Pages))
 6 SYSTEMPATH/CodeIgniter.php(340): CodeIgniter\CodeIgniter->handleRequest(null, Object(Config\Cache), false)
 7 FCPATH/index.php(71): CodeIgniter\CodeIgniter->run()
CRITICAL - 2023-06-28 19:27:11 --> Invalid file: template/bank-pro/themes.php
in SYSTEMPATH/Exceptions/FrameworkException.php on line 33.
 1 SYSTEMPATH/View/View.php(201): CodeIgniter\Exceptions\FrameworkException::forInvalidFile('template/bank-pro/themes.php')
 2 SYSTEMPATH/Common.php(1142): CodeIgniter\View\View->render('template/bank-pro/themes', [], true)
 3 APPPATH/Controllers/Pages.php(40): view('template/bank-pro/themes', [...])
 4 SYSTEMPATH/CodeIgniter.php(907): App\Controllers\Pages->view('FCPATH/themes', 'finapp-light', 'webfonts', 'fa-solid-900.ttf')
 5 SYSTEMPATH/CodeIgniter.php(457): CodeIgniter\CodeIgniter->runController(Object(App\Controllers\Pages))
 6 SYSTEMPATH/CodeIgniter.php(340): CodeIgniter\CodeIgniter->handleRequest(null, Object(Config\Cache), false)
 7 FCPATH/index.php(71): CodeIgniter\CodeIgniter->run()
CRITICAL - 2023-06-28 19:27:12 --> Invalid file: template/bank-pro/themes.php
in SYSTEMPATH/Exceptions/FrameworkException.php on line 33.
 1 SYSTEMPATH/View/View.php(201): CodeIgniter\Exceptions\FrameworkException::forInvalidFile('template/bank-pro/themes.php')
 2 SYSTEMPATH/Common.php(1142): CodeIgniter\View\View->render('template/bank-pro/themes', [], true)
 3 APPPATH/Controllers/Pages.php(40): view('template/bank-pro/themes', [...])
 4 SYSTEMPATH/CodeIgniter.php(907): App\Controllers\Pages->view('FCPATH/themes', 'finapp-light', 'webfonts', 'fa-solid-900.woff2')
 5 SYSTEMPATH/CodeIgniter.php(457): CodeIgniter\CodeIgniter->runController(Object(App\Controllers\Pages))
 6 SYSTEMPATH/CodeIgniter.php(340): CodeIgniter\CodeIgniter->handleRequest(null, Object(Config\Cache), false)
 7 FCPATH/index.php(71): CodeIgniter\CodeIgniter->run()
CRITICAL - 2023-06-28 19:27:12 --> Invalid file: template/bank-pro/themes.php
in SYSTEMPATH/Exceptions/FrameworkException.php on line 33.
 1 SYSTEMPATH/View/View.php(201): CodeIgniter\Exceptions\FrameworkException::forInvalidFile('template/bank-pro/themes.php')
 2 SYSTEMPATH/Common.php(1142): CodeIgniter\View\View->render('template/bank-pro/themes', [], true)
 3 APPPATH/Controllers/Pages.php(40): view('template/bank-pro/themes', [...])
 4 SYSTEMPATH/CodeIgniter.php(907): App\Controllers\Pages->view('FCPATH/themes', 'finapp-light', 'webfonts', 'fa-regular-400.woff2')
 5 SYSTEMPATH/CodeIgniter.php(457): CodeIgniter\CodeIgniter->runController(Object(App\Controllers\Pages))
 6 SYSTEMPATH/CodeIgniter.php(340): CodeIgniter\CodeIgniter->handleRequest(null, Object(Config\Cache), false)
 7 FCPATH/index.php(71): CodeIgniter\CodeIgniter->run()
CRITICAL - 2023-06-28 19:27:12 --> Invalid file: template/bank-pro/themes.php
in SYSTEMPATH/Exceptions/FrameworkException.php on line 33.
 1 SYSTEMPATH/View/View.php(201): CodeIgniter\Exceptions\FrameworkException::forInvalidFile('template/bank-pro/themes.php')
 2 SYSTEMPATH/Common.php(1142): CodeIgniter\View\View->render('template/bank-pro/themes', [], true)
 3 APPPATH/Controllers/Pages.php(40): view('template/bank-pro/themes', [...])
 4 SYSTEMPATH/CodeIgniter.php(907): App\Controllers\Pages->view('FCPATH/themes', 'finapp-light', 'webfonts', 'fa-solid-900.woff')
 5 SYSTEMPATH/CodeIgniter.php(457): CodeIgniter\CodeIgniter->runController(Object(App\Controllers\Pages))
 6 SYSTEMPATH/CodeIgniter.php(340): CodeIgniter\CodeIgniter->handleRequest(null, Object(Config\Cache), false)
 7 FCPATH/index.php(71): CodeIgniter\CodeIgniter->run()
CRITICAL - 2023-06-28 19:27:12 --> Invalid file: template/bank-pro/themes.php
in SYSTEMPATH/Exceptions/FrameworkException.php on line 33.
 1 SYSTEMPATH/View/View.php(201): CodeIgniter\Exceptions\FrameworkException::forInvalidFile('template/bank-pro/themes.php')
 2 SYSTEMPATH/Common.php(1142): CodeIgniter\View\View->render('template/bank-pro/themes', [], true)
 3 APPPATH/Controllers/Pages.php(40): view('template/bank-pro/themes', [...])
 4 SYSTEMPATH/CodeIgniter.php(907): App\Controllers\Pages->view('FCPATH/themes', 'finapp-light', 'webfonts', 'fa-regular-400.woff')
 5 SYSTEMPATH/CodeIgniter.php(457): CodeIgniter\CodeIgniter->runController(Object(App\Controllers\Pages))
 6 SYSTEMPATH/CodeIgniter.php(340): CodeIgniter\CodeIgniter->handleRequest(null, Object(Config\Cache), false)
 7 FCPATH/index.php(71): CodeIgniter\CodeIgniter->run()
CRITICAL - 2023-06-28 19:27:12 --> Invalid file: template/bank-pro/themes.php
in SYSTEMPATH/Exceptions/FrameworkException.php on line 33.
 1 SYSTEMPATH/View/View.php(201): CodeIgniter\Exceptions\FrameworkException::forInvalidFile('template/bank-pro/themes.php')
 2 SYSTEMPATH/Common.php(1142): CodeIgniter\View\View->render('template/bank-pro/themes', [], true)
 3 APPPATH/Controllers/Pages.php(40): view('template/bank-pro/themes', [...])
 4 SYSTEMPATH/CodeIgniter.php(907): App\Controllers\Pages->view('FCPATH/themes', 'finapp-light', 'webfonts', 'fa-solid-900.ttf')
 5 SYSTEMPATH/CodeIgniter.php(457): CodeIgniter\CodeIgniter->runController(Object(App\Controllers\Pages))
 6 SYSTEMPATH/CodeIgniter.php(340): CodeIgniter\CodeIgniter->handleRequest(null, Object(Config\Cache), false)
 7 FCPATH/index.php(71): CodeIgniter\CodeIgniter->run()
CRITICAL - 2023-06-28 19:27:12 --> Invalid file: template/bank-pro/themes.php
in SYSTEMPATH/Exceptions/FrameworkException.php on line 33.
 1 SYSTEMPATH/View/View.php(201): CodeIgniter\Exceptions\FrameworkException::forInvalidFile('template/bank-pro/themes.php')
 2 SYSTEMPATH/Common.php(1142): CodeIgniter\View\View->render('template/bank-pro/themes', [], true)
 3 APPPATH/Controllers/Pages.php(40): view('template/bank-pro/themes', [...])
 4 SYSTEMPATH/CodeIgniter.php(907): App\Controllers\Pages->view('FCPATH/themes', 'finapp-light', 'webfonts', 'fa-regular-400.ttf')
 5 SYSTEMPATH/CodeIgniter.php(457): CodeIgniter\CodeIgniter->runController(Object(App\Controllers\Pages))
 6 SYSTEMPATH/CodeIgniter.php(340): CodeIgniter\CodeIgniter->handleRequest(null, Object(Config\Cache), false)
 7 FCPATH/index.php(71): CodeIgniter\CodeIgniter->run()
CRITICAL - 2023-06-28 19:29:10 --> Invalid file: template/bank-pro/themes.php
in SYSTEMPATH/Exceptions/FrameworkException.php on line 33.
 1 SYSTEMPATH/View/View.php(201): CodeIgniter\Exceptions\FrameworkException::forInvalidFile('template/bank-pro/themes.php')
 2 SYSTEMPATH/Common.php(1142): CodeIgniter\View\View->render('template/bank-pro/themes', [], true)
 3 APPPATH/Controllers/Pages.php(40): view('template/bank-pro/themes', [...])
 4 SYSTEMPATH/CodeIgniter.php(907): App\Controllers\Pages->view('FCPATH/themes', 'finapp-light', 'webfonts', 'fa-solid-900.woff2')
 5 SYSTEMPATH/CodeIgniter.php(457): CodeIgniter\CodeIgniter->runController(Object(App\Controllers\Pages))
 6 SYSTEMPATH/CodeIgniter.php(340): CodeIgniter\CodeIgniter->handleRequest(null, Object(Config\Cache), false)
 7 FCPATH/index.php(71): CodeIgniter\CodeIgniter->run()
CRITICAL - 2023-06-28 19:29:10 --> Invalid file: template/bank-pro/themes.php
in SYSTEMPATH/Exceptions/FrameworkException.php on line 33.
 1 SYSTEMPATH/View/View.php(201): CodeIgniter\Exceptions\FrameworkException::forInvalidFile('template/bank-pro/themes.php')
 2 SYSTEMPATH/Common.php(1142): CodeIgniter\View\View->render('template/bank-pro/themes', [], true)
 3 APPPATH/Controllers/Pages.php(40): view('template/bank-pro/themes', [...])
 4 SYSTEMPATH/CodeIgniter.php(907): App\Controllers\Pages->view('FCPATH/themes', 'finapp-light', 'webfonts', 'fa-brands-400.woff2')
 5 SYSTEMPATH/CodeIgniter.php(457): CodeIgniter\CodeIgniter->runController(Object(App\Controllers\Pages))
 6 SYSTEMPATH/CodeIgniter.php(340): CodeIgniter\CodeIgniter->handleRequest(null, Object(Config\Cache), false)
 7 FCPATH/index.php(71): CodeIgniter\CodeIgniter->run()
CRITICAL - 2023-06-28 19:29:10 --> Invalid file: template/bank-pro/themes.php
in SYSTEMPATH/Exceptions/FrameworkException.php on line 33.
 1 SYSTEMPATH/View/View.php(201): CodeIgniter\Exceptions\FrameworkException::forInvalidFile('template/bank-pro/themes.php')
 2 SYSTEMPATH/Common.php(1142): CodeIgniter\View\View->render('template/bank-pro/themes', [], true)
 3 APPPATH/Controllers/Pages.php(40): view('template/bank-pro/themes', [...])
 4 SYSTEMPATH/CodeIgniter.php(907): App\Controllers\Pages->view('FCPATH/themes', 'finapp-light', 'webfonts', 'fa-regular-400.woff2')
 5 SYSTEMPATH/CodeIgniter.php(457): CodeIgniter\CodeIgniter->runController(Object(App\Controllers\Pages))
 6 SYSTEMPATH/CodeIgniter.php(340): CodeIgniter\CodeIgniter->handleRequest(null, Object(Config\Cache), false)
 7 FCPATH/index.php(71): CodeIgniter\CodeIgniter->run()
CRITICAL - 2023-06-28 19:29:10 --> Invalid file: template/bank-pro/assets.php
in SYSTEMPATH/Exceptions/FrameworkException.php on line 33.
 1 SYSTEMPATH/View/View.php(201): CodeIgniter\Exceptions\FrameworkException::forInvalidFile('template/bank-pro/assets.php')
 2 SYSTEMPATH/Common.php(1142): CodeIgniter\View\View->render('template/bank-pro/assets', [], true)
 3 APPPATH/Controllers/Pages.php(40): view('template/bank-pro/assets', [...])
 4 SYSTEMPATH/CodeIgniter.php(907): App\Controllers\Pages->view('FCPATH/assets', 'images', 'chip.png')
 5 SYSTEMPATH/CodeIgniter.php(457): CodeIgniter\CodeIgniter->runController(Object(App\Controllers\Pages))
 6 SYSTEMPATH/CodeIgniter.php(340): CodeIgniter\CodeIgniter->handleRequest(null, Object(Config\Cache), false)
 7 FCPATH/index.php(71): CodeIgniter\CodeIgniter->run()
CRITICAL - 2023-06-28 19:29:10 --> Invalid file: template/bank-pro/assets.php
in SYSTEMPATH/Exceptions/FrameworkException.php on line 33.
 1 SYSTEMPATH/View/View.php(201): CodeIgniter\Exceptions\FrameworkException::forInvalidFile('template/bank-pro/assets.php')
 2 SYSTEMPATH/Common.php(1142): CodeIgniter\View\View->render('template/bank-pro/assets', [], true)
 3 APPPATH/Controllers/Pages.php(40): view('template/bank-pro/assets', [...])
 4 SYSTEMPATH/CodeIgniter.php(907): App\Controllers\Pages->view('FCPATH/assets', 'images', 'visa.png')
 5 SYSTEMPATH/CodeIgniter.php(457): CodeIgniter\CodeIgniter->runController(Object(App\Controllers\Pages))
 6 SYSTEMPATH/CodeIgniter.php(340): CodeIgniter\CodeIgniter->handleRequest(null, Object(Config\Cache), false)
 7 FCPATH/index.php(71): CodeIgniter\CodeIgniter->run()
CRITICAL - 2023-06-28 19:29:10 --> Invalid file: template/bank-pro/__service-worker.js
in SYSTEMPATH/Exceptions/FrameworkException.php on line 33.
 1 SYSTEMPATH/View/View.php(201): CodeIgniter\Exceptions\FrameworkException::forInvalidFile('template/bank-pro/__service-worker.js')
 2 SYSTEMPATH/Common.php(1142): CodeIgniter\View\View->render('template/bank-pro/__service-worker.js', [], true)
 3 APPPATH/Controllers/Pages.php(40): view('template/bank-pro/__service-worker.js', [...])
 4 SYSTEMPATH/CodeIgniter.php(907): App\Controllers\Pages->view('__service-worker.js')
 5 SYSTEMPATH/CodeIgniter.php(457): CodeIgniter\CodeIgniter->runController(Object(App\Controllers\Pages))
 6 SYSTEMPATH/CodeIgniter.php(340): CodeIgniter\CodeIgniter->handleRequest(null, Object(Config\Cache), false)
 7 FCPATH/index.php(71): CodeIgniter\CodeIgniter->run()
CRITICAL - 2023-06-28 19:29:10 --> Invalid file: template/bank-pro/themes.php
in SYSTEMPATH/Exceptions/FrameworkException.php on line 33.
 1 SYSTEMPATH/View/View.php(201): CodeIgniter\Exceptions\FrameworkException::forInvalidFile('template/bank-pro/themes.php')
 2 SYSTEMPATH/Common.php(1142): CodeIgniter\View\View->render('template/bank-pro/themes', [], true)
 3 APPPATH/Controllers/Pages.php(40): view('template/bank-pro/themes', [...])
 4 SYSTEMPATH/CodeIgniter.php(907): App\Controllers\Pages->view('FCPATH/themes', 'finapp-light', 'webfonts', 'fa-brands-400.woff')
 5 SYSTEMPATH/CodeIgniter.php(457): CodeIgniter\CodeIgniter->runController(Object(App\Controllers\Pages))
 6 SYSTEMPATH/CodeIgniter.php(340): CodeIgniter\CodeIgniter->handleRequest(null, Object(Config\Cache), false)
 7 FCPATH/index.php(71): CodeIgniter\CodeIgniter->run()
CRITICAL - 2023-06-28 19:29:10 --> Invalid file: template/bank-pro/themes.php
in SYSTEMPATH/Exceptions/FrameworkException.php on line 33.
 1 SYSTEMPATH/View/View.php(201): CodeIgniter\Exceptions\FrameworkException::forInvalidFile('template/bank-pro/themes.php')
 2 SYSTEMPATH/Common.php(1142): CodeIgniter\View\View->render('template/bank-pro/themes', [], true)
 3 APPPATH/Controllers/Pages.php(40): view('template/bank-pro/themes', [...])
 4 SYSTEMPATH/CodeIgniter.php(907): App\Controllers\Pages->view('FCPATH/themes', 'finapp-light', 'webfonts', 'fa-solid-900.woff')
 5 SYSTEMPATH/CodeIgniter.php(457): CodeIgniter\CodeIgniter->runController(Object(App\Controllers\Pages))
 6 SYSTEMPATH/CodeIgniter.php(340): CodeIgniter\CodeIgniter->handleRequest(null, Object(Config\Cache), false)
 7 FCPATH/index.php(71): CodeIgniter\CodeIgniter->run()
CRITICAL - 2023-06-28 19:29:10 --> Invalid file: template/bank-pro/themes.php
in SYSTEMPATH/Exceptions/FrameworkException.php on line 33.
 1 SYSTEMPATH/View/View.php(201): CodeIgniter\Exceptions\FrameworkException::forInvalidFile('template/bank-pro/themes.php')
 2 SYSTEMPATH/Common.php(1142): CodeIgniter\View\View->render('template/bank-pro/themes', [], true)
 3 APPPATH/Controllers/Pages.php(40): view('template/bank-pro/themes', [...])
 4 SYSTEMPATH/CodeIgniter.php(907): App\Controllers\Pages->view('FCPATH/themes', 'finapp-light', 'webfonts', 'fa-regular-400.woff')
 5 SYSTEMPATH/CodeIgniter.php(457): CodeIgniter\CodeIgniter->runController(Object(App\Controllers\Pages))
 6 SYSTEMPATH/CodeIgniter.php(340): CodeIgniter\CodeIgniter->handleRequest(null, Object(Config\Cache), false)
 7 FCPATH/index.php(71): CodeIgniter\CodeIgniter->run()
CRITICAL - 2023-06-28 19:29:10 --> Invalid file: template/bank-pro/themes.php
in SYSTEMPATH/Exceptions/FrameworkException.php on line 33.
 1 SYSTEMPATH/View/View.php(201): CodeIgniter\Exceptions\FrameworkException::forInvalidFile('template/bank-pro/themes.php')
 2 SYSTEMPATH/Common.php(1142): CodeIgniter\View\View->render('template/bank-pro/themes', [], true)
 3 APPPATH/Controllers/Pages.php(40): view('template/bank-pro/themes', [...])
 4 SYSTEMPATH/CodeIgniter.php(907): App\Controllers\Pages->view('FCPATH/themes', 'finapp-light', 'webfonts', 'fa-brands-400.ttf')
 5 SYSTEMPATH/CodeIgniter.php(457): CodeIgniter\CodeIgniter->runController(Object(App\Controllers\Pages))
 6 SYSTEMPATH/CodeIgniter.php(340): CodeIgniter\CodeIgniter->handleRequest(null, Object(Config\Cache), false)
 7 FCPATH/index.php(71): CodeIgniter\CodeIgniter->run()
CRITICAL - 2023-06-28 19:29:10 --> Invalid file: template/bank-pro/themes.php
in SYSTEMPATH/Exceptions/FrameworkException.php on line 33.
 1 SYSTEMPATH/View/View.php(201): CodeIgniter\Exceptions\FrameworkException::forInvalidFile('template/bank-pro/themes.php')
 2 SYSTEMPATH/Common.php(1142): CodeIgniter\View\View->render('template/bank-pro/themes', [], true)
 3 APPPATH/Controllers/Pages.php(40): view('template/bank-pro/themes', [...])
 4 SYSTEMPATH/CodeIgniter.php(907): App\Controllers\Pages->view('FCPATH/themes', 'finapp-light', 'webfonts', 'fa-regular-400.ttf')
 5 SYSTEMPATH/CodeIgniter.php(457): CodeIgniter\CodeIgniter->runController(Object(App\Controllers\Pages))
 6 SYSTEMPATH/CodeIgniter.php(340): CodeIgniter\CodeIgniter->handleRequest(null, Object(Config\Cache), false)
 7 FCPATH/index.php(71): CodeIgniter\CodeIgniter->run()
CRITICAL - 2023-06-28 19:29:10 --> Invalid file: template/bank-pro/themes.php
in SYSTEMPATH/Exceptions/FrameworkException.php on line 33.
 1 SYSTEMPATH/View/View.php(201): CodeIgniter\Exceptions\FrameworkException::forInvalidFile('template/bank-pro/themes.php')
 2 SYSTEMPATH/Common.php(1142): CodeIgniter\View\View->render('template/bank-pro/themes', [], true)
 3 APPPATH/Controllers/Pages.php(40): view('template/bank-pro/themes', [...])
 4 SYSTEMPATH/CodeIgniter.php(907): App\Controllers\Pages->view('FCPATH/themes', 'finapp-light', 'webfonts', 'fa-solid-900.ttf')
 5 SYSTEMPATH/CodeIgniter.php(457): CodeIgniter\CodeIgniter->runController(Object(App\Controllers\Pages))
 6 SYSTEMPATH/CodeIgniter.php(340): CodeIgniter\CodeIgniter->handleRequest(null, Object(Config\Cache), false)
 7 FCPATH/index.php(71): CodeIgniter\CodeIgniter->run()
CRITICAL - 2023-06-28 19:29:13 --> Invalid file: template/bank-pro/themes.php
in SYSTEMPATH/Exceptions/FrameworkException.php on line 33.
 1 SYSTEMPATH/View/View.php(201): CodeIgniter\Exceptions\FrameworkException::forInvalidFile('template/bank-pro/themes.php')
 2 SYSTEMPATH/Common.php(1142): CodeIgniter\View\View->render('template/bank-pro/themes', [], true)
 3 APPPATH/Controllers/Pages.php(40): view('template/bank-pro/themes', [...])
 4 SYSTEMPATH/CodeIgniter.php(907): App\Controllers\Pages->view('FCPATH/themes', 'finapp-light', 'webfonts', 'fa-regular-400.woff2')
 5 SYSTEMPATH/CodeIgniter.php(457): CodeIgniter\CodeIgniter->runController(Object(App\Controllers\Pages))
 6 SYSTEMPATH/CodeIgniter.php(340): CodeIgniter\CodeIgniter->handleRequest(null, Object(Config\Cache), false)
 7 FCPATH/index.php(71): CodeIgniter\CodeIgniter->run()
CRITICAL - 2023-06-28 19:29:13 --> Invalid file: template/bank-pro/themes.php
in SYSTEMPATH/Exceptions/FrameworkException.php on line 33.
 1 SYSTEMPATH/View/View.php(201): CodeIgniter\Exceptions\FrameworkException::forInvalidFile('template/bank-pro/themes.php')
 2 SYSTEMPATH/Common.php(1142): CodeIgniter\View\View->render('template/bank-pro/themes', [], true)
 3 APPPATH/Controllers/Pages.php(40): view('template/bank-pro/themes', [...])
 4 SYSTEMPATH/CodeIgniter.php(907): App\Controllers\Pages->view('FCPATH/themes', 'finapp-light', 'webfonts', 'fa-solid-900.woff2')
 5 SYSTEMPATH/CodeIgniter.php(457): CodeIgniter\CodeIgniter->runController(Object(App\Controllers\Pages))
 6 SYSTEMPATH/CodeIgniter.php(340): CodeIgniter\CodeIgniter->handleRequest(null, Object(Config\Cache), false)
 7 FCPATH/index.php(71): CodeIgniter\CodeIgniter->run()
CRITICAL - 2023-06-28 19:29:13 --> Invalid file: template/bank-pro/themes.php
in SYSTEMPATH/Exceptions/FrameworkException.php on line 33.
 1 SYSTEMPATH/View/View.php(201): CodeIgniter\Exceptions\FrameworkException::forInvalidFile('template/bank-pro/themes.php')
 2 SYSTEMPATH/Common.php(1142): CodeIgniter\View\View->render('template/bank-pro/themes', [], true)
 3 APPPATH/Controllers/Pages.php(40): view('template/bank-pro/themes', [...])
 4 SYSTEMPATH/CodeIgniter.php(907): App\Controllers\Pages->view('FCPATH/themes', 'finapp-light', 'webfonts', 'fa-regular-400.woff')
 5 SYSTEMPATH/CodeIgniter.php(457): CodeIgniter\CodeIgniter->runController(Object(App\Controllers\Pages))
 6 SYSTEMPATH/CodeIgniter.php(340): CodeIgniter\CodeIgniter->handleRequest(null, Object(Config\Cache), false)
 7 FCPATH/index.php(71): CodeIgniter\CodeIgniter->run()
CRITICAL - 2023-06-28 19:29:13 --> Invalid file: template/bank-pro/themes.php
in SYSTEMPATH/Exceptions/FrameworkException.php on line 33.
 1 SYSTEMPATH/View/View.php(201): CodeIgniter\Exceptions\FrameworkException::forInvalidFile('template/bank-pro/themes.php')
 2 SYSTEMPATH/Common.php(1142): CodeIgniter\View\View->render('template/bank-pro/themes', [], true)
 3 APPPATH/Controllers/Pages.php(40): view('template/bank-pro/themes', [...])
 4 SYSTEMPATH/CodeIgniter.php(907): App\Controllers\Pages->view('FCPATH/themes', 'finapp-light', 'webfonts', 'fa-solid-900.woff')
 5 SYSTEMPATH/CodeIgniter.php(457): CodeIgniter\CodeIgniter->runController(Object(App\Controllers\Pages))
 6 SYSTEMPATH/CodeIgniter.php(340): CodeIgniter\CodeIgniter->handleRequest(null, Object(Config\Cache), false)
 7 FCPATH/index.php(71): CodeIgniter\CodeIgniter->run()
CRITICAL - 2023-06-28 19:29:13 --> Invalid file: template/bank-pro/themes.php
in SYSTEMPATH/Exceptions/FrameworkException.php on line 33.
 1 SYSTEMPATH/View/View.php(201): CodeIgniter\Exceptions\FrameworkException::forInvalidFile('template/bank-pro/themes.php')
 2 SYSTEMPATH/Common.php(1142): CodeIgniter\View\View->render('template/bank-pro/themes', [], true)
 3 APPPATH/Controllers/Pages.php(40): view('template/bank-pro/themes', [...])
 4 SYSTEMPATH/CodeIgniter.php(907): App\Controllers\Pages->view('FCPATH/themes', 'finapp-light', 'webfonts', 'fa-solid-900.ttf')
 5 SYSTEMPATH/CodeIgniter.php(457): CodeIgniter\CodeIgniter->runController(Object(App\Controllers\Pages))
 6 SYSTEMPATH/CodeIgniter.php(340): CodeIgniter\CodeIgniter->handleRequest(null, Object(Config\Cache), false)
 7 FCPATH/index.php(71): CodeIgniter\CodeIgniter->run()
CRITICAL - 2023-06-28 19:29:13 --> Invalid file: template/bank-pro/themes.php
in SYSTEMPATH/Exceptions/FrameworkException.php on line 33.
 1 SYSTEMPATH/View/View.php(201): CodeIgniter\Exceptions\FrameworkException::forInvalidFile('template/bank-pro/themes.php')
 2 SYSTEMPATH/Common.php(1142): CodeIgniter\View\View->render('template/bank-pro/themes', [], true)
 3 APPPATH/Controllers/Pages.php(40): view('template/bank-pro/themes', [...])
 4 SYSTEMPATH/CodeIgniter.php(907): App\Controllers\Pages->view('FCPATH/themes', 'finapp-light', 'webfonts', 'fa-regular-400.ttf')
 5 SYSTEMPATH/CodeIgniter.php(457): CodeIgniter\CodeIgniter->runController(Object(App\Controllers\Pages))
 6 SYSTEMPATH/CodeIgniter.php(340): CodeIgniter\CodeIgniter->handleRequest(null, Object(Config\Cache), false)
 7 FCPATH/index.php(71): CodeIgniter\CodeIgniter->run()
CRITICAL - 2023-06-28 19:29:42 --> Invalid file: template/bank-pro/themes.php
in SYSTEMPATH/Exceptions/FrameworkException.php on line 33.
 1 SYSTEMPATH/View/View.php(201): CodeIgniter\Exceptions\FrameworkException::forInvalidFile('template/bank-pro/themes.php')
 2 SYSTEMPATH/Common.php(1142): CodeIgniter\View\View->render('template/bank-pro/themes', [], true)
 3 APPPATH/Controllers/Pages.php(40): view('template/bank-pro/themes', [...])
 4 SYSTEMPATH/CodeIgniter.php(907): App\Controllers\Pages->view('FCPATH/themes', 'finapp-light', 'webfonts', 'fa-solid-900.woff2')
 5 SYSTEMPATH/CodeIgniter.php(457): CodeIgniter\CodeIgniter->runController(Object(App\Controllers\Pages))
 6 SYSTEMPATH/CodeIgniter.php(340): CodeIgniter\CodeIgniter->handleRequest(null, Object(Config\Cache), false)
 7 FCPATH/index.php(71): CodeIgniter\CodeIgniter->run()
CRITICAL - 2023-06-28 19:29:42 --> Invalid file: template/bank-pro/themes.php
in SYSTEMPATH/Exceptions/FrameworkException.php on line 33.
 1 SYSTEMPATH/View/View.php(201): CodeIgniter\Exceptions\FrameworkException::forInvalidFile('template/bank-pro/themes.php')
 2 SYSTEMPATH/Common.php(1142): CodeIgniter\View\View->render('template/bank-pro/themes', [], true)
 3 APPPATH/Controllers/Pages.php(40): view('template/bank-pro/themes', [...])
 4 SYSTEMPATH/CodeIgniter.php(907): App\Controllers\Pages->view('FCPATH/themes', 'finapp-light', 'webfonts', 'fa-regular-400.woff2')
 5 SYSTEMPATH/CodeIgniter.php(457): CodeIgniter\CodeIgniter->runController(Object(App\Controllers\Pages))
 6 SYSTEMPATH/CodeIgniter.php(340): CodeIgniter\CodeIgniter->handleRequest(null, Object(Config\Cache), false)
 7 FCPATH/index.php(71): CodeIgniter\CodeIgniter->run()
CRITICAL - 2023-06-28 19:29:42 --> Invalid file: template/bank-pro/themes.php
in SYSTEMPATH/Exceptions/FrameworkException.php on line 33.
 1 SYSTEMPATH/View/View.php(201): CodeIgniter\Exceptions\FrameworkException::forInvalidFile('template/bank-pro/themes.php')
 2 SYSTEMPATH/Common.php(1142): CodeIgniter\View\View->render('template/bank-pro/themes', [], true)
 3 APPPATH/Controllers/Pages.php(40): view('template/bank-pro/themes', [...])
 4 SYSTEMPATH/CodeIgniter.php(907): App\Controllers\Pages->view('FCPATH/themes', 'finapp-light', 'webfonts', 'fa-regular-400.woff')
 5 SYSTEMPATH/CodeIgniter.php(457): CodeIgniter\CodeIgniter->runController(Object(App\Controllers\Pages))
 6 SYSTEMPATH/CodeIgniter.php(340): CodeIgniter\CodeIgniter->handleRequest(null, Object(Config\Cache), false)
 7 FCPATH/index.php(71): CodeIgniter\CodeIgniter->run()
CRITICAL - 2023-06-28 19:29:42 --> Invalid file: template/bank-pro/themes.php
in SYSTEMPATH/Exceptions/FrameworkException.php on line 33.
 1 SYSTEMPATH/View/View.php(201): CodeIgniter\Exceptions\FrameworkException::forInvalidFile('template/bank-pro/themes.php')
 2 SYSTEMPATH/Common.php(1142): CodeIgniter\View\View->render('template/bank-pro/themes', [], true)
 3 APPPATH/Controllers/Pages.php(40): view('template/bank-pro/themes', [...])
 4 SYSTEMPATH/CodeIgniter.php(907): App\Controllers\Pages->view('FCPATH/themes', 'finapp-light', 'webfonts', 'fa-solid-900.woff')
 5 SYSTEMPATH/CodeIgniter.php(457): CodeIgniter\CodeIgniter->runController(Object(App\Controllers\Pages))
 6 SYSTEMPATH/CodeIgniter.php(340): CodeIgniter\CodeIgniter->handleRequest(null, Object(Config\Cache), false)
 7 FCPATH/index.php(71): CodeIgniter\CodeIgniter->run()
CRITICAL - 2023-06-28 19:29:42 --> Invalid file: template/bank-pro/themes.php
in SYSTEMPATH/Exceptions/FrameworkException.php on line 33.
 1 SYSTEMPATH/View/View.php(201): CodeIgniter\Exceptions\FrameworkException::forInvalidFile('template/bank-pro/themes.php')
 2 SYSTEMPATH/Common.php(1142): CodeIgniter\View\View->render('template/bank-pro/themes', [], true)
 3 APPPATH/Controllers/Pages.php(40): view('template/bank-pro/themes', [...])
 4 SYSTEMPATH/CodeIgniter.php(907): App\Controllers\Pages->view('FCPATH/themes', 'finapp-light', 'webfonts', 'fa-regular-400.ttf')
 5 SYSTEMPATH/CodeIgniter.php(457): CodeIgniter\CodeIgniter->runController(Object(App\Controllers\Pages))
 6 SYSTEMPATH/CodeIgniter.php(340): CodeIgniter\CodeIgniter->handleRequest(null, Object(Config\Cache), false)
 7 FCPATH/index.php(71): CodeIgniter\CodeIgniter->run()
CRITICAL - 2023-06-28 19:29:42 --> Invalid file: template/bank-pro/themes.php
in SYSTEMPATH/Exceptions/FrameworkException.php on line 33.
 1 SYSTEMPATH/View/View.php(201): CodeIgniter\Exceptions\FrameworkException::forInvalidFile('template/bank-pro/themes.php')
 2 SYSTEMPATH/Common.php(1142): CodeIgniter\View\View->render('template/bank-pro/themes', [], true)
 3 APPPATH/Controllers/Pages.php(40): view('template/bank-pro/themes', [...])
 4 SYSTEMPATH/CodeIgniter.php(907): App\Controllers\Pages->view('FCPATH/themes', 'finapp-light', 'webfonts', 'fa-solid-900.ttf')
 5 SYSTEMPATH/CodeIgniter.php(457): CodeIgniter\CodeIgniter->runController(Object(App\Controllers\Pages))
 6 SYSTEMPATH/CodeIgniter.php(340): CodeIgniter\CodeIgniter->handleRequest(null, Object(Config\Cache), false)
 7 FCPATH/index.php(71): CodeIgniter\CodeIgniter->run()
CRITICAL - 2023-06-28 19:29:44 --> Invalid file: template/bank-pro/themes.php
in SYSTEMPATH/Exceptions/FrameworkException.php on line 33.
 1 SYSTEMPATH/View/View.php(201): CodeIgniter\Exceptions\FrameworkException::forInvalidFile('template/bank-pro/themes.php')
 2 SYSTEMPATH/Common.php(1142): CodeIgniter\View\View->render('template/bank-pro/themes', [], true)
 3 APPPATH/Controllers/Pages.php(40): view('template/bank-pro/themes', [...])
 4 SYSTEMPATH/CodeIgniter.php(907): App\Controllers\Pages->view('FCPATH/themes', 'finapp-light', 'webfonts', 'fa-solid-900.woff2')
 5 SYSTEMPATH/CodeIgniter.php(457): CodeIgniter\CodeIgniter->runController(Object(App\Controllers\Pages))
 6 SYSTEMPATH/CodeIgniter.php(340): CodeIgniter\CodeIgniter->handleRequest(null, Object(Config\Cache), false)
 7 FCPATH/index.php(71): CodeIgniter\CodeIgniter->run()
CRITICAL - 2023-06-28 19:29:44 --> Invalid file: template/bank-pro/themes.php
in SYSTEMPATH/Exceptions/FrameworkException.php on line 33.
 1 SYSTEMPATH/View/View.php(201): CodeIgniter\Exceptions\FrameworkException::forInvalidFile('template/bank-pro/themes.php')
 2 SYSTEMPATH/Common.php(1142): CodeIgniter\View\View->render('template/bank-pro/themes', [], true)
 3 APPPATH/Controllers/Pages.php(40): view('template/bank-pro/themes', [...])
 4 SYSTEMPATH/CodeIgniter.php(907): App\Controllers\Pages->view('FCPATH/themes', 'finapp-light', 'webfonts', 'fa-regular-400.woff2')
 5 SYSTEMPATH/CodeIgniter.php(457): CodeIgniter\CodeIgniter->runController(Object(App\Controllers\Pages))
 6 SYSTEMPATH/CodeIgniter.php(340): CodeIgniter\CodeIgniter->handleRequest(null, Object(Config\Cache), false)
 7 FCPATH/index.php(71): CodeIgniter\CodeIgniter->run()
CRITICAL - 2023-06-28 19:29:44 --> Invalid file: template/bank-pro/themes.php
in SYSTEMPATH/Exceptions/FrameworkException.php on line 33.
 1 SYSTEMPATH/View/View.php(201): CodeIgniter\Exceptions\FrameworkException::forInvalidFile('template/bank-pro/themes.php')
 2 SYSTEMPATH/Common.php(1142): CodeIgniter\View\View->render('template/bank-pro/themes', [], true)
 3 APPPATH/Controllers/Pages.php(40): view('template/bank-pro/themes', [...])
 4 SYSTEMPATH/CodeIgniter.php(907): App\Controllers\Pages->view('FCPATH/themes', 'finapp-light', 'webfonts', 'fa-regular-400.woff')
 5 SYSTEMPATH/CodeIgniter.php(457): CodeIgniter\CodeIgniter->runController(Object(App\Controllers\Pages))
 6 SYSTEMPATH/CodeIgniter.php(340): CodeIgniter\CodeIgniter->handleRequest(null, Object(Config\Cache), false)
 7 FCPATH/index.php(71): CodeIgniter\CodeIgniter->run()
CRITICAL - 2023-06-28 19:29:44 --> Invalid file: template/bank-pro/themes.php
in SYSTEMPATH/Exceptions/FrameworkException.php on line 33.
 1 SYSTEMPATH/View/View.php(201): CodeIgniter\Exceptions\FrameworkException::forInvalidFile('template/bank-pro/themes.php')
 2 SYSTEMPATH/Common.php(1142): CodeIgniter\View\View->render('template/bank-pro/themes', [], true)
 3 APPPATH/Controllers/Pages.php(40): view('template/bank-pro/themes', [...])
 4 SYSTEMPATH/CodeIgniter.php(907): App\Controllers\Pages->view('FCPATH/themes', 'finapp-light', 'webfonts', 'fa-solid-900.woff')
 5 SYSTEMPATH/CodeIgniter.php(457): CodeIgniter\CodeIgniter->runController(Object(App\Controllers\Pages))
 6 SYSTEMPATH/CodeIgniter.php(340): CodeIgniter\CodeIgniter->handleRequest(null, Object(Config\Cache), false)
 7 FCPATH/index.php(71): CodeIgniter\CodeIgniter->run()
CRITICAL - 2023-06-28 19:29:44 --> Invalid file: template/bank-pro/themes.php
in SYSTEMPATH/Exceptions/FrameworkException.php on line 33.
 1 SYSTEMPATH/View/View.php(201): CodeIgniter\Exceptions\FrameworkException::forInvalidFile('template/bank-pro/themes.php')
 2 SYSTEMPATH/Common.php(1142): CodeIgniter\View\View->render('template/bank-pro/themes', [], true)
 3 APPPATH/Controllers/Pages.php(40): view('template/bank-pro/themes', [...])
 4 SYSTEMPATH/CodeIgniter.php(907): App\Controllers\Pages->view('FCPATH/themes', 'finapp-light', 'webfonts', 'fa-regular-400.ttf')
 5 SYSTEMPATH/CodeIgniter.php(457): CodeIgniter\CodeIgniter->runController(Object(App\Controllers\Pages))
 6 SYSTEMPATH/CodeIgniter.php(340): CodeIgniter\CodeIgniter->handleRequest(null, Object(Config\Cache), false)
 7 FCPATH/index.php(71): CodeIgniter\CodeIgniter->run()
CRITICAL - 2023-06-28 19:29:44 --> Invalid file: template/bank-pro/themes.php
in SYSTEMPATH/Exceptions/FrameworkException.php on line 33.
 1 SYSTEMPATH/View/View.php(201): CodeIgniter\Exceptions\FrameworkException::forInvalidFile('template/bank-pro/themes.php')
 2 SYSTEMPATH/Common.php(1142): CodeIgniter\View\View->render('template/bank-pro/themes', [], true)
 3 APPPATH/Controllers/Pages.php(40): view('template/bank-pro/themes', [...])
 4 SYSTEMPATH/CodeIgniter.php(907): App\Controllers\Pages->view('FCPATH/themes', 'finapp-light', 'webfonts', 'fa-solid-900.ttf')
 5 SYSTEMPATH/CodeIgniter.php(457): CodeIgniter\CodeIgniter->runController(Object(App\Controllers\Pages))
 6 SYSTEMPATH/CodeIgniter.php(340): CodeIgniter\CodeIgniter->handleRequest(null, Object(Config\Cache), false)
 7 FCPATH/index.php(71): CodeIgniter\CodeIgniter->run()
CRITICAL - 2023-06-28 19:33:00 --> Invalid file: template/bank-pro/themes.php
in SYSTEMPATH/Exceptions/FrameworkException.php on line 33.
 1 SYSTEMPATH/View/View.php(201): CodeIgniter\Exceptions\FrameworkException::forInvalidFile('template/bank-pro/themes.php')
 2 SYSTEMPATH/Common.php(1142): CodeIgniter\View\View->render('template/bank-pro/themes', [], true)
 3 APPPATH/Controllers/Pages.php(40): view('template/bank-pro/themes', [...])
 4 SYSTEMPATH/CodeIgniter.php(907): App\Controllers\Pages->view('FCPATH/themes', 'finapp-light', 'webfonts', 'fa-solid-900.woff2')
 5 SYSTEMPATH/CodeIgniter.php(457): CodeIgniter\CodeIgniter->runController(Object(App\Controllers\Pages))
 6 SYSTEMPATH/CodeIgniter.php(340): CodeIgniter\CodeIgniter->handleRequest(null, Object(Config\Cache), false)
 7 FCPATH/index.php(71): CodeIgniter\CodeIgniter->run()
CRITICAL - 2023-06-28 19:33:00 --> Invalid file: template/bank-pro/themes.php
in SYSTEMPATH/Exceptions/FrameworkException.php on line 33.
 1 SYSTEMPATH/View/View.php(201): CodeIgniter\Exceptions\FrameworkException::forInvalidFile('template/bank-pro/themes.php')
 2 SYSTEMPATH/Common.php(1142): CodeIgniter\View\View->render('template/bank-pro/themes', [], true)
 3 APPPATH/Controllers/Pages.php(40): view('template/bank-pro/themes', [...])
 4 SYSTEMPATH/CodeIgniter.php(907): App\Controllers\Pages->view('FCPATH/themes', 'finapp-light', 'webfonts', 'fa-brands-400.woff2')
 5 SYSTEMPATH/CodeIgniter.php(457): CodeIgniter\CodeIgniter->runController(Object(App\Controllers\Pages))
 6 SYSTEMPATH/CodeIgniter.php(340): CodeIgniter\CodeIgniter->handleRequest(null, Object(Config\Cache), false)
 7 FCPATH/index.php(71): CodeIgniter\CodeIgniter->run()
CRITICAL - 2023-06-28 19:33:00 --> Invalid file: template/bank-pro/themes.php
in SYSTEMPATH/Exceptions/FrameworkException.php on line 33.
 1 SYSTEMPATH/View/View.php(201): CodeIgniter\Exceptions\FrameworkException::forInvalidFile('template/bank-pro/themes.php')
 2 SYSTEMPATH/Common.php(1142): CodeIgniter\View\View->render('template/bank-pro/themes', [], true)
 3 APPPATH/Controllers/Pages.php(40): view('template/bank-pro/themes', [...])
 4 SYSTEMPATH/CodeIgniter.php(907): App\Controllers\Pages->view('FCPATH/themes', 'finapp-light', 'webfonts', 'fa-regular-400.woff2')
 5 SYSTEMPATH/CodeIgniter.php(457): CodeIgniter\CodeIgniter->runController(Object(App\Controllers\Pages))
 6 SYSTEMPATH/CodeIgniter.php(340): CodeIgniter\CodeIgniter->handleRequest(null, Object(Config\Cache), false)
 7 FCPATH/index.php(71): CodeIgniter\CodeIgniter->run()
CRITICAL - 2023-06-28 19:33:00 --> Invalid file: template/bank-pro/assets.php
in SYSTEMPATH/Exceptions/FrameworkException.php on line 33.
 1 SYSTEMPATH/View/View.php(201): CodeIgniter\Exceptions\FrameworkException::forInvalidFile('template/bank-pro/assets.php')
 2 SYSTEMPATH/Common.php(1142): CodeIgniter\View\View->render('template/bank-pro/assets', [], true)
 3 APPPATH/Controllers/Pages.php(40): view('template/bank-pro/assets', [...])
 4 SYSTEMPATH/CodeIgniter.php(907): App\Controllers\Pages->view('FCPATH/assets', 'images', 'visa.png')
 5 SYSTEMPATH/CodeIgniter.php(457): CodeIgniter\CodeIgniter->runController(Object(App\Controllers\Pages))
 6 SYSTEMPATH/CodeIgniter.php(340): CodeIgniter\CodeIgniter->handleRequest(null, Object(Config\Cache), false)
 7 FCPATH/index.php(71): CodeIgniter\CodeIgniter->run()
CRITICAL - 2023-06-28 19:33:00 --> Invalid file: template/bank-pro/assets.php
in SYSTEMPATH/Exceptions/FrameworkException.php on line 33.
 1 SYSTEMPATH/View/View.php(201): CodeIgniter\Exceptions\FrameworkException::forInvalidFile('template/bank-pro/assets.php')
 2 SYSTEMPATH/Common.php(1142): CodeIgniter\View\View->render('template/bank-pro/assets', [], true)
 3 APPPATH/Controllers/Pages.php(40): view('template/bank-pro/assets', [...])
 4 SYSTEMPATH/CodeIgniter.php(907): App\Controllers\Pages->view('FCPATH/assets', 'images', 'chip.png')
 5 SYSTEMPATH/CodeIgniter.php(457): CodeIgniter\CodeIgniter->runController(Object(App\Controllers\Pages))
 6 SYSTEMPATH/CodeIgniter.php(340): CodeIgniter\CodeIgniter->handleRequest(null, Object(Config\Cache), false)
 7 FCPATH/index.php(71): CodeIgniter\CodeIgniter->run()
CRITICAL - 2023-06-28 19:33:00 --> Invalid file: template/bank-pro/themes.php
in SYSTEMPATH/Exceptions/FrameworkException.php on line 33.
 1 SYSTEMPATH/View/View.php(201): CodeIgniter\Exceptions\FrameworkException::forInvalidFile('template/bank-pro/themes.php')
 2 SYSTEMPATH/Common.php(1142): CodeIgniter\View\View->render('template/bank-pro/themes', [], true)
 3 APPPATH/Controllers/Pages.php(40): view('template/bank-pro/themes', [...])
 4 SYSTEMPATH/CodeIgniter.php(907): App\Controllers\Pages->view('FCPATH/themes', 'finapp-light', 'webfonts', 'fa-solid-900.woff')
 5 SYSTEMPATH/CodeIgniter.php(457): CodeIgniter\CodeIgniter->runController(Object(App\Controllers\Pages))
 6 SYSTEMPATH/CodeIgniter.php(340): CodeIgniter\CodeIgniter->handleRequest(null, Object(Config\Cache), false)
 7 FCPATH/index.php(71): CodeIgniter\CodeIgniter->run()
CRITICAL - 2023-06-28 19:33:00 --> Invalid file: template/bank-pro/themes.php
in SYSTEMPATH/Exceptions/FrameworkException.php on line 33.
 1 SYSTEMPATH/View/View.php(201): CodeIgniter\Exceptions\FrameworkException::forInvalidFile('template/bank-pro/themes.php')
 2 SYSTEMPATH/Common.php(1142): CodeIgniter\View\View->render('template/bank-pro/themes', [], true)
 3 APPPATH/Controllers/Pages.php(40): view('template/bank-pro/themes', [...])
 4 SYSTEMPATH/CodeIgniter.php(907): App\Controllers\Pages->view('FCPATH/themes', 'finapp-light', 'webfonts', 'fa-brands-400.woff')
 5 SYSTEMPATH/CodeIgniter.php(457): CodeIgniter\CodeIgniter->runController(Object(App\Controllers\Pages))
 6 SYSTEMPATH/CodeIgniter.php(340): CodeIgniter\CodeIgniter->handleRequest(null, Object(Config\Cache), false)
 7 FCPATH/index.php(71): CodeIgniter\CodeIgniter->run()
CRITICAL - 2023-06-28 19:33:00 --> Invalid file: template/bank-pro/__service-worker.js
in SYSTEMPATH/Exceptions/FrameworkException.php on line 33.
 1 SYSTEMPATH/View/View.php(201): CodeIgniter\Exceptions\FrameworkException::forInvalidFile('template/bank-pro/__service-worker.js')
 2 SYSTEMPATH/Common.php(1142): CodeIgniter\View\View->render('template/bank-pro/__service-worker.js', [], true)
 3 APPPATH/Controllers/Pages.php(40): view('template/bank-pro/__service-worker.js', [...])
 4 SYSTEMPATH/CodeIgniter.php(907): App\Controllers\Pages->view('__service-worker.js')
 5 SYSTEMPATH/CodeIgniter.php(457): CodeIgniter\CodeIgniter->runController(Object(App\Controllers\Pages))
 6 SYSTEMPATH/CodeIgniter.php(340): CodeIgniter\CodeIgniter->handleRequest(null, Object(Config\Cache), false)
 7 FCPATH/index.php(71): CodeIgniter\CodeIgniter->run()
CRITICAL - 2023-06-28 19:33:00 --> Invalid file: template/bank-pro/themes.php
in SYSTEMPATH/Exceptions/FrameworkException.php on line 33.
 1 SYSTEMPATH/View/View.php(201): CodeIgniter\Exceptions\FrameworkException::forInvalidFile('template/bank-pro/themes.php')
 2 SYSTEMPATH/Common.php(1142): CodeIgniter\View\View->render('template/bank-pro/themes', [], true)
 3 APPPATH/Controllers/Pages.php(40): view('template/bank-pro/themes', [...])
 4 SYSTEMPATH/CodeIgniter.php(907): App\Controllers\Pages->view('FCPATH/themes', 'finapp-light', 'webfonts', 'fa-regular-400.woff')
 5 SYSTEMPATH/CodeIgniter.php(457): CodeIgniter\CodeIgniter->runController(Object(App\Controllers\Pages))
 6 SYSTEMPATH/CodeIgniter.php(340): CodeIgniter\CodeIgniter->handleRequest(null, Object(Config\Cache), false)
 7 FCPATH/index.php(71): CodeIgniter\CodeIgniter->run()
CRITICAL - 2023-06-28 19:33:00 --> Invalid file: template/bank-pro/themes.php
in SYSTEMPATH/Exceptions/FrameworkException.php on line 33.
 1 SYSTEMPATH/View/View.php(201): CodeIgniter\Exceptions\FrameworkException::forInvalidFile('template/bank-pro/themes.php')
 2 SYSTEMPATH/Common.php(1142): CodeIgniter\View\View->render('template/bank-pro/themes', [], true)
 3 APPPATH/Controllers/Pages.php(40): view('template/bank-pro/themes', [...])
 4 SYSTEMPATH/CodeIgniter.php(907): App\Controllers\Pages->view('FCPATH/themes', 'finapp-light', 'webfonts', 'fa-solid-900.ttf')
 5 SYSTEMPATH/CodeIgniter.php(457): CodeIgniter\CodeIgniter->runController(Object(App\Controllers\Pages))
 6 SYSTEMPATH/CodeIgniter.php(340): CodeIgniter\CodeIgniter->handleRequest(null, Object(Config\Cache), false)
 7 FCPATH/index.php(71): CodeIgniter\CodeIgniter->run()
CRITICAL - 2023-06-28 19:33:00 --> Invalid file: template/bank-pro/themes.php
in SYSTEMPATH/Exceptions/FrameworkException.php on line 33.
 1 SYSTEMPATH/View/View.php(201): CodeIgniter\Exceptions\FrameworkException::forInvalidFile('template/bank-pro/themes.php')
 2 SYSTEMPATH/Common.php(1142): CodeIgniter\View\View->render('template/bank-pro/themes', [], true)
 3 APPPATH/Controllers/Pages.php(40): view('template/bank-pro/themes', [...])
 4 SYSTEMPATH/CodeIgniter.php(907): App\Controllers\Pages->view('FCPATH/themes', 'finapp-light', 'webfonts', 'fa-brands-400.ttf')
 5 SYSTEMPATH/CodeIgniter.php(457): CodeIgniter\CodeIgniter->runController(Object(App\Controllers\Pages))
 6 SYSTEMPATH/CodeIgniter.php(340): CodeIgniter\CodeIgniter->handleRequest(null, Object(Config\Cache), false)
 7 FCPATH/index.php(71): CodeIgniter\CodeIgniter->run()
CRITICAL - 2023-06-28 19:33:00 --> Invalid file: template/bank-pro/themes.php
in SYSTEMPATH/Exceptions/FrameworkException.php on line 33.
 1 SYSTEMPATH/View/View.php(201): CodeIgniter\Exceptions\FrameworkException::forInvalidFile('template/bank-pro/themes.php')
 2 SYSTEMPATH/Common.php(1142): CodeIgniter\View\View->render('template/bank-pro/themes', [], true)
 3 APPPATH/Controllers/Pages.php(40): view('template/bank-pro/themes', [...])
 4 SYSTEMPATH/CodeIgniter.php(907): App\Controllers\Pages->view('FCPATH/themes', 'finapp-light', 'webfonts', 'fa-regular-400.ttf')
 5 SYSTEMPATH/CodeIgniter.php(457): CodeIgniter\CodeIgniter->runController(Object(App\Controllers\Pages))
 6 SYSTEMPATH/CodeIgniter.php(340): CodeIgniter\CodeIgniter->handleRequest(null, Object(Config\Cache), false)
 7 FCPATH/index.php(71): CodeIgniter\CodeIgniter->run()
CRITICAL - 2023-06-28 19:40:19 --> Invalid file: template/bank-pro/templates.php
in SYSTEMPATH/Exceptions/FrameworkException.php on line 33.
 1 SYSTEMPATH/View/View.php(201): CodeIgniter\Exceptions\FrameworkException::forInvalidFile('template/bank-pro/templates.php')
 2 SYSTEMPATH/Common.php(1142): CodeIgniter\View\View->render('template/bank-pro/templates', [], true)
 3 APPPATH/Controllers/Pages.php(40): view('template/bank-pro/templates', [...])
 4 SYSTEMPATH/CodeIgniter.php(907): App\Controllers\Pages->view('FCPATH/templates', 'bank-pro', 'p.typekit.net', 'p5e61.css')
 5 SYSTEMPATH/CodeIgniter.php(457): CodeIgniter\CodeIgniter->runController(Object(App\Controllers\Pages))
 6 SYSTEMPATH/CodeIgniter.php(340): CodeIgniter\CodeIgniter->handleRequest(null, Object(Config\Cache), false)
 7 FCPATH/index.php(71): CodeIgniter\CodeIgniter->run()
CRITICAL - 2023-06-28 19:40:19 --> Invalid file: template/bank-pro/templates.php
in SYSTEMPATH/Exceptions/FrameworkException.php on line 33.
 1 SYSTEMPATH/View/View.php(201): CodeIgniter\Exceptions\FrameworkException::forInvalidFile('template/bank-pro/templates.php')
 2 SYSTEMPATH/Common.php(1142): CodeIgniter\View\View->render('template/bank-pro/templates', [], true)
 3 APPPATH/Controllers/Pages.php(40): view('template/bank-pro/templates', [...])
 4 SYSTEMPATH/CodeIgniter.php(907): App\Controllers\Pages->view('FCPATH/templates', 'bank-pro', 'css', 'images', 'FCPATH/assets', 'citadel-logo.svg')
 5 SYSTEMPATH/CodeIgniter.php(457): CodeIgniter\CodeIgniter->runController(Object(App\Controllers\Pages))
 6 SYSTEMPATH/CodeIgniter.php(340): CodeIgniter\CodeIgniter->handleRequest(null, Object(Config\Cache), false)
 7 FCPATH/index.php(71): CodeIgniter\CodeIgniter->run()
CRITICAL - 2023-06-28 19:40:19 --> Invalid file: template/bank-pro/templates.php
in SYSTEMPATH/Exceptions/FrameworkException.php on line 33.
 1 SYSTEMPATH/View/View.php(201): CodeIgniter\Exceptions\FrameworkException::forInvalidFile('template/bank-pro/templates.php')
 2 SYSTEMPATH/Common.php(1142): CodeIgniter\View\View->render('template/bank-pro/templates', [], true)
 3 APPPATH/Controllers/Pages.php(40): view('template/bank-pro/templates', [...])
 4 SYSTEMPATH/CodeIgniter.php(907): App\Controllers\Pages->view('FCPATH/templates', 'bank-pro', 'css', 'images', 'FCPATH/assets', 'ico-caret--black.png')
 5 SYSTEMPATH/CodeIgniter.php(457): CodeIgniter\CodeIgniter->runController(Object(App\Controllers\Pages))
 6 SYSTEMPATH/CodeIgniter.php(340): CodeIgniter\CodeIgniter->handleRequest(null, Object(Config\Cache), false)
 7 FCPATH/index.php(71): CodeIgniter\CodeIgniter->run()
CRITICAL - 2023-06-28 19:40:19 --> Invalid file: template/bank-pro/templates.php
in SYSTEMPATH/Exceptions/FrameworkException.php on line 33.
 1 SYSTEMPATH/View/View.php(201): CodeIgniter\Exceptions\FrameworkException::forInvalidFile('template/bank-pro/templates.php')
 2 SYSTEMPATH/Common.php(1142): CodeIgniter\View\View->render('template/bank-pro/templates', [], true)
 3 APPPATH/Controllers/Pages.php(40): view('template/bank-pro/templates', [...])
 4 SYSTEMPATH/CodeIgniter.php(907): App\Controllers\Pages->view('FCPATH/templates', 'bank-pro', 'css', 'images', 'FCPATH/assets', 'pattern-bg-medium.svg')
 5 SYSTEMPATH/CodeIgniter.php(457): CodeIgniter\CodeIgniter->runController(Object(App\Controllers\Pages))
 6 SYSTEMPATH/CodeIgniter.php(340): CodeIgniter\CodeIgniter->handleRequest(null, Object(Config\Cache), false)
 7 FCPATH/index.php(71): CodeIgniter\CodeIgniter->run()
CRITICAL - 2023-06-28 19:40:32 --> Invalid file: template/bank-pro/themes.php
in SYSTEMPATH/Exceptions/FrameworkException.php on line 33.
 1 SYSTEMPATH/View/View.php(201): CodeIgniter\Exceptions\FrameworkException::forInvalidFile('template/bank-pro/themes.php')
 2 SYSTEMPATH/Common.php(1142): CodeIgniter\View\View->render('template/bank-pro/themes', [], true)
 3 APPPATH/Controllers/Pages.php(40): view('template/bank-pro/themes', [...])
 4 SYSTEMPATH/CodeIgniter.php(907): App\Controllers\Pages->view('FCPATH/themes', 'finapp-light', 'webfonts', 'fa-solid-900.woff2')
 5 SYSTEMPATH/CodeIgniter.php(457): CodeIgniter\CodeIgniter->runController(Object(App\Controllers\Pages))
 6 SYSTEMPATH/CodeIgniter.php(340): CodeIgniter\CodeIgniter->handleRequest(null, Object(Config\Cache), false)
 7 FCPATH/index.php(71): CodeIgniter\CodeIgniter->run()
CRITICAL - 2023-06-28 19:40:32 --> Invalid file: template/bank-pro/themes.php
in SYSTEMPATH/Exceptions/FrameworkException.php on line 33.
 1 SYSTEMPATH/View/View.php(201): CodeIgniter\Exceptions\FrameworkException::forInvalidFile('template/bank-pro/themes.php')
 2 SYSTEMPATH/Common.php(1142): CodeIgniter\View\View->render('template/bank-pro/themes', [], true)
 3 APPPATH/Controllers/Pages.php(40): view('template/bank-pro/themes', [...])
 4 SYSTEMPATH/CodeIgniter.php(907): App\Controllers\Pages->view('FCPATH/themes', 'finapp-light', 'webfonts', 'fa-regular-400.woff2')
 5 SYSTEMPATH/CodeIgniter.php(457): CodeIgniter\CodeIgniter->runController(Object(App\Controllers\Pages))
 6 SYSTEMPATH/CodeIgniter.php(340): CodeIgniter\CodeIgniter->handleRequest(null, Object(Config\Cache), false)
 7 FCPATH/index.php(71): CodeIgniter\CodeIgniter->run()
CRITICAL - 2023-06-28 19:40:32 --> Invalid file: template/bank-pro/themes.php
in SYSTEMPATH/Exceptions/FrameworkException.php on line 33.
 1 SYSTEMPATH/View/View.php(201): CodeIgniter\Exceptions\FrameworkException::forInvalidFile('template/bank-pro/themes.php')
 2 SYSTEMPATH/Common.php(1142): CodeIgniter\View\View->render('template/bank-pro/themes', [], true)
 3 APPPATH/Controllers/Pages.php(40): view('template/bank-pro/themes', [...])
 4 SYSTEMPATH/CodeIgniter.php(907): App\Controllers\Pages->view('FCPATH/themes', 'finapp-light', 'webfonts', 'fa-brands-400.woff2')
 5 SYSTEMPATH/CodeIgniter.php(457): CodeIgniter\CodeIgniter->runController(Object(App\Controllers\Pages))
 6 SYSTEMPATH/CodeIgniter.php(340): CodeIgniter\CodeIgniter->handleRequest(null, Object(Config\Cache), false)
 7 FCPATH/index.php(71): CodeIgniter\CodeIgniter->run()
CRITICAL - 2023-06-28 19:40:32 --> Invalid file: template/bank-pro/assets.php
in SYSTEMPATH/Exceptions/FrameworkException.php on line 33.
 1 SYSTEMPATH/View/View.php(201): CodeIgniter\Exceptions\FrameworkException::forInvalidFile('template/bank-pro/assets.php')
 2 SYSTEMPATH/Common.php(1142): CodeIgniter\View\View->render('template/bank-pro/assets', [], true)
 3 APPPATH/Controllers/Pages.php(40): view('template/bank-pro/assets', [...])
 4 SYSTEMPATH/CodeIgniter.php(907): App\Controllers\Pages->view('FCPATH/assets', 'images', 'visa.png')
 5 SYSTEMPATH/CodeIgniter.php(457): CodeIgniter\CodeIgniter->runController(Object(App\Controllers\Pages))
 6 SYSTEMPATH/CodeIgniter.php(340): CodeIgniter\CodeIgniter->handleRequest(null, Object(Config\Cache), false)
 7 FCPATH/index.php(71): CodeIgniter\CodeIgniter->run()
CRITICAL - 2023-06-28 19:40:32 --> Invalid file: template/bank-pro/assets.php
in SYSTEMPATH/Exceptions/FrameworkException.php on line 33.
 1 SYSTEMPATH/View/View.php(201): CodeIgniter\Exceptions\FrameworkException::forInvalidFile('template/bank-pro/assets.php')
 2 SYSTEMPATH/Common.php(1142): CodeIgniter\View\View->render('template/bank-pro/assets', [], true)
 3 APPPATH/Controllers/Pages.php(40): view('template/bank-pro/assets', [...])
 4 SYSTEMPATH/CodeIgniter.php(907): App\Controllers\Pages->view('FCPATH/assets', 'images', 'chip.png')
 5 SYSTEMPATH/CodeIgniter.php(457): CodeIgniter\CodeIgniter->runController(Object(App\Controllers\Pages))
 6 SYSTEMPATH/CodeIgniter.php(340): CodeIgniter\CodeIgniter->handleRequest(null, Object(Config\Cache), false)
 7 FCPATH/index.php(71): CodeIgniter\CodeIgniter->run()
CRITICAL - 2023-06-28 19:40:32 --> Invalid file: template/bank-pro/themes.php
in SYSTEMPATH/Exceptions/FrameworkException.php on line 33.
 1 SYSTEMPATH/View/View.php(201): CodeIgniter\Exceptions\FrameworkException::forInvalidFile('template/bank-pro/themes.php')
 2 SYSTEMPATH/Common.php(1142): CodeIgniter\View\View->render('template/bank-pro/themes', [], true)
 3 APPPATH/Controllers/Pages.php(40): view('template/bank-pro/themes', [...])
 4 SYSTEMPATH/CodeIgniter.php(907): App\Controllers\Pages->view('FCPATH/themes', 'finapp-light', 'webfonts', 'fa-solid-900.woff')
 5 SYSTEMPATH/CodeIgniter.php(457): CodeIgniter\CodeIgniter->runController(Object(App\Controllers\Pages))
 6 SYSTEMPATH/CodeIgniter.php(340): CodeIgniter\CodeIgniter->handleRequest(null, Object(Config\Cache), false)
 7 FCPATH/index.php(71): CodeIgniter\CodeIgniter->run()
CRITICAL - 2023-06-28 19:40:32 --> Invalid file: template/bank-pro/themes.php
in SYSTEMPATH/Exceptions/FrameworkException.php on line 33.
 1 SYSTEMPATH/View/View.php(201): CodeIgniter\Exceptions\FrameworkException::forInvalidFile('template/bank-pro/themes.php')
 2 SYSTEMPATH/Common.php(1142): CodeIgniter\View\View->render('template/bank-pro/themes', [], true)
 3 APPPATH/Controllers/Pages.php(40): view('template/bank-pro/themes', [...])
 4 SYSTEMPATH/CodeIgniter.php(907): App\Controllers\Pages->view('FCPATH/themes', 'finapp-light', 'webfonts', 'fa-regular-400.woff')
 5 SYSTEMPATH/CodeIgniter.php(457): CodeIgniter\CodeIgniter->runController(Object(App\Controllers\Pages))
 6 SYSTEMPATH/CodeIgniter.php(340): CodeIgniter\CodeIgniter->handleRequest(null, Object(Config\Cache), false)
 7 FCPATH/index.php(71): CodeIgniter\CodeIgniter->run()
CRITICAL - 2023-06-28 19:40:32 --> Invalid file: template/bank-pro/themes.php
in SYSTEMPATH/Exceptions/FrameworkException.php on line 33.
 1 SYSTEMPATH/View/View.php(201): CodeIgniter\Exceptions\FrameworkException::forInvalidFile('template/bank-pro/themes.php')
 2 SYSTEMPATH/Common.php(1142): CodeIgniter\View\View->render('template/bank-pro/themes', [], true)
 3 APPPATH/Controllers/Pages.php(40): view('template/bank-pro/themes', [...])
 4 SYSTEMPATH/CodeIgniter.php(907): App\Controllers\Pages->view('FCPATH/themes', 'finapp-light', 'webfonts', 'fa-brands-400.woff')
 5 SYSTEMPATH/CodeIgniter.php(457): CodeIgniter\CodeIgniter->runController(Object(App\Controllers\Pages))
 6 SYSTEMPATH/CodeIgniter.php(340): CodeIgniter\CodeIgniter->handleRequest(null, Object(Config\Cache), false)
 7 FCPATH/index.php(71): CodeIgniter\CodeIgniter->run()
CRITICAL - 2023-06-28 19:40:32 --> Invalid file: template/bank-pro/__service-worker.js
in SYSTEMPATH/Exceptions/FrameworkException.php on line 33.
 1 SYSTEMPATH/View/View.php(201): CodeIgniter\Exceptions\FrameworkException::forInvalidFile('template/bank-pro/__service-worker.js')
 2 SYSTEMPATH/Common.php(1142): CodeIgniter\View\View->render('template/bank-pro/__service-worker.js', [], true)
 3 APPPATH/Controllers/Pages.php(40): view('template/bank-pro/__service-worker.js', [...])
 4 SYSTEMPATH/CodeIgniter.php(907): App\Controllers\Pages->view('__service-worker.js')
 5 SYSTEMPATH/CodeIgniter.php(457): CodeIgniter\CodeIgniter->runController(Object(App\Controllers\Pages))
 6 SYSTEMPATH/CodeIgniter.php(340): CodeIgniter\CodeIgniter->handleRequest(null, Object(Config\Cache), false)
 7 FCPATH/index.php(71): CodeIgniter\CodeIgniter->run()
CRITICAL - 2023-06-28 19:40:32 --> Invalid file: template/bank-pro/themes.php
in SYSTEMPATH/Exceptions/FrameworkException.php on line 33.
 1 SYSTEMPATH/View/View.php(201): CodeIgniter\Exceptions\FrameworkException::forInvalidFile('template/bank-pro/themes.php')
 2 SYSTEMPATH/Common.php(1142): CodeIgniter\View\View->render('template/bank-pro/themes', [], true)
 3 APPPATH/Controllers/Pages.php(40): view('template/bank-pro/themes', [...])
 4 SYSTEMPATH/CodeIgniter.php(907): App\Controllers\Pages->view('FCPATH/themes', 'finapp-light', 'webfonts', 'fa-solid-900.ttf')
 5 SYSTEMPATH/CodeIgniter.php(457): CodeIgniter\CodeIgniter->runController(Object(App\Controllers\Pages))
 6 SYSTEMPATH/CodeIgniter.php(340): CodeIgniter\CodeIgniter->handleRequest(null, Object(Config\Cache), false)
 7 FCPATH/index.php(71): CodeIgniter\CodeIgniter->run()
CRITICAL - 2023-06-28 19:40:32 --> Invalid file: template/bank-pro/themes.php
in SYSTEMPATH/Exceptions/FrameworkException.php on line 33.
 1 SYSTEMPATH/View/View.php(201): CodeIgniter\Exceptions\FrameworkException::forInvalidFile('template/bank-pro/themes.php')
 2 SYSTEMPATH/Common.php(1142): CodeIgniter\View\View->render('template/bank-pro/themes', [], true)
 3 APPPATH/Controllers/Pages.php(40): view('template/bank-pro/themes', [...])
 4 SYSTEMPATH/CodeIgniter.php(907): App\Controllers\Pages->view('FCPATH/themes', 'finapp-light', 'webfonts', 'fa-regular-400.ttf')
 5 SYSTEMPATH/CodeIgniter.php(457): CodeIgniter\CodeIgniter->runController(Object(App\Controllers\Pages))
 6 SYSTEMPATH/CodeIgniter.php(340): CodeIgniter\CodeIgniter->handleRequest(null, Object(Config\Cache), false)
 7 FCPATH/index.php(71): CodeIgniter\CodeIgniter->run()
CRITICAL - 2023-06-28 19:40:32 --> Invalid file: template/bank-pro/themes.php
in SYSTEMPATH/Exceptions/FrameworkException.php on line 33.
 1 SYSTEMPATH/View/View.php(201): CodeIgniter\Exceptions\FrameworkException::forInvalidFile('template/bank-pro/themes.php')
 2 SYSTEMPATH/Common.php(1142): CodeIgniter\View\View->render('template/bank-pro/themes', [], true)
 3 APPPATH/Controllers/Pages.php(40): view('template/bank-pro/themes', [...])
 4 SYSTEMPATH/CodeIgniter.php(907): App\Controllers\Pages->view('FCPATH/themes', 'finapp-light', 'webfonts', 'fa-brands-400.ttf')
 5 SYSTEMPATH/CodeIgniter.php(457): CodeIgniter\CodeIgniter->runController(Object(App\Controllers\Pages))
 6 SYSTEMPATH/CodeIgniter.php(340): CodeIgniter\CodeIgniter->handleRequest(null, Object(Config\Cache), false)
 7 FCPATH/index.php(71): CodeIgniter\CodeIgniter->run()
CRITICAL - 2023-06-28 19:40:55 --> Invalid file: template/bank-pro/themes.php
in SYSTEMPATH/Exceptions/FrameworkException.php on line 33.
 1 SYSTEMPATH/View/View.php(201): CodeIgniter\Exceptions\FrameworkException::forInvalidFile('template/bank-pro/themes.php')
 2 SYSTEMPATH/Common.php(1142): CodeIgniter\View\View->render('template/bank-pro/themes', [], true)
 3 APPPATH/Controllers/Pages.php(40): view('template/bank-pro/themes', [...])
 4 SYSTEMPATH/CodeIgniter.php(907): App\Controllers\Pages->view('FCPATH/themes', 'finapp-light', 'webfonts', 'fa-solid-900.woff2')
 5 SYSTEMPATH/CodeIgniter.php(457): CodeIgniter\CodeIgniter->runController(Object(App\Controllers\Pages))
 6 SYSTEMPATH/CodeIgniter.php(340): CodeIgniter\CodeIgniter->handleRequest(null, Object(Config\Cache), false)
 7 FCPATH/index.php(71): CodeIgniter\CodeIgniter->run()
CRITICAL - 2023-06-28 19:40:55 --> Invalid file: template/bank-pro/themes.php
in SYSTEMPATH/Exceptions/FrameworkException.php on line 33.
 1 SYSTEMPATH/View/View.php(201): CodeIgniter\Exceptions\FrameworkException::forInvalidFile('template/bank-pro/themes.php')
 2 SYSTEMPATH/Common.php(1142): CodeIgniter\View\View->render('template/bank-pro/themes', [], true)
 3 APPPATH/Controllers/Pages.php(40): view('template/bank-pro/themes', [...])
 4 SYSTEMPATH/CodeIgniter.php(907): App\Controllers\Pages->view('FCPATH/themes', 'finapp-light', 'webfonts', 'fa-regular-400.woff2')
 5 SYSTEMPATH/CodeIgniter.php(457): CodeIgniter\CodeIgniter->runController(Object(App\Controllers\Pages))
 6 SYSTEMPATH/CodeIgniter.php(340): CodeIgniter\CodeIgniter->handleRequest(null, Object(Config\Cache), false)
 7 FCPATH/index.php(71): CodeIgniter\CodeIgniter->run()
CRITICAL - 2023-06-28 19:40:55 --> Invalid file: template/bank-pro/themes.php
in SYSTEMPATH/Exceptions/FrameworkException.php on line 33.
 1 SYSTEMPATH/View/View.php(201): CodeIgniter\Exceptions\FrameworkException::forInvalidFile('template/bank-pro/themes.php')
 2 SYSTEMPATH/Common.php(1142): CodeIgniter\View\View->render('template/bank-pro/themes', [], true)
 3 APPPATH/Controllers/Pages.php(40): view('template/bank-pro/themes', [...])
 4 SYSTEMPATH/CodeIgniter.php(907): App\Controllers\Pages->view('FCPATH/themes', 'finapp-light', 'webfonts', 'fa-regular-400.woff')
 5 SYSTEMPATH/CodeIgniter.php(457): CodeIgniter\CodeIgniter->runController(Object(App\Controllers\Pages))
 6 SYSTEMPATH/CodeIgniter.php(340): CodeIgniter\CodeIgniter->handleRequest(null, Object(Config\Cache), false)
 7 FCPATH/index.php(71): CodeIgniter\CodeIgniter->run()
CRITICAL - 2023-06-28 19:40:55 --> Invalid file: template/bank-pro/themes.php
in SYSTEMPATH/Exceptions/FrameworkException.php on line 33.
 1 SYSTEMPATH/View/View.php(201): CodeIgniter\Exceptions\FrameworkException::forInvalidFile('template/bank-pro/themes.php')
 2 SYSTEMPATH/Common.php(1142): CodeIgniter\View\View->render('template/bank-pro/themes', [], true)
 3 APPPATH/Controllers/Pages.php(40): view('template/bank-pro/themes', [...])
 4 SYSTEMPATH/CodeIgniter.php(907): App\Controllers\Pages->view('FCPATH/themes', 'finapp-light', 'webfonts', 'fa-solid-900.woff')
 5 SYSTEMPATH/CodeIgniter.php(457): CodeIgniter\CodeIgniter->runController(Object(App\Controllers\Pages))
 6 SYSTEMPATH/CodeIgniter.php(340): CodeIgniter\CodeIgniter->handleRequest(null, Object(Config\Cache), false)
 7 FCPATH/index.php(71): CodeIgniter\CodeIgniter->run()
CRITICAL - 2023-06-28 19:40:55 --> Invalid file: template/bank-pro/themes.php
in SYSTEMPATH/Exceptions/FrameworkException.php on line 33.
 1 SYSTEMPATH/View/View.php(201): CodeIgniter\Exceptions\FrameworkException::forInvalidFile('template/bank-pro/themes.php')
 2 SYSTEMPATH/Common.php(1142): CodeIgniter\View\View->render('template/bank-pro/themes', [], true)
 3 APPPATH/Controllers/Pages.php(40): view('template/bank-pro/themes', [...])
 4 SYSTEMPATH/CodeIgniter.php(907): App\Controllers\Pages->view('FCPATH/themes', 'finapp-light', 'webfonts', 'fa-regular-400.ttf')
 5 SYSTEMPATH/CodeIgniter.php(457): CodeIgniter\CodeIgniter->runController(Object(App\Controllers\Pages))
 6 SYSTEMPATH/CodeIgniter.php(340): CodeIgniter\CodeIgniter->handleRequest(null, Object(Config\Cache), false)
 7 FCPATH/index.php(71): CodeIgniter\CodeIgniter->run()
CRITICAL - 2023-06-28 19:40:55 --> Invalid file: template/bank-pro/themes.php
in SYSTEMPATH/Exceptions/FrameworkException.php on line 33.
 1 SYSTEMPATH/View/View.php(201): CodeIgniter\Exceptions\FrameworkException::forInvalidFile('template/bank-pro/themes.php')
 2 SYSTEMPATH/Common.php(1142): CodeIgniter\View\View->render('template/bank-pro/themes', [], true)
 3 APPPATH/Controllers/Pages.php(40): view('template/bank-pro/themes', [...])
 4 SYSTEMPATH/CodeIgniter.php(907): App\Controllers\Pages->view('FCPATH/themes', 'finapp-light', 'webfonts', 'fa-solid-900.ttf')
 5 SYSTEMPATH/CodeIgniter.php(457): CodeIgniter\CodeIgniter->runController(Object(App\Controllers\Pages))
 6 SYSTEMPATH/CodeIgniter.php(340): CodeIgniter\CodeIgniter->handleRequest(null, Object(Config\Cache), false)
 7 FCPATH/index.php(71): CodeIgniter\CodeIgniter->run()
CRITICAL - 2023-06-28 19:41:07 --> Invalid file: template/bank-pro/assets.php
in SYSTEMPATH/Exceptions/FrameworkException.php on line 33.
 1 SYSTEMPATH/View/View.php(201): CodeIgniter\Exceptions\FrameworkException::forInvalidFile('template/bank-pro/assets.php')
 2 SYSTEMPATH/Common.php(1142): CodeIgniter\View\View->render('template/bank-pro/assets', [], true)
 3 APPPATH/Controllers/Pages.php(40): view('template/bank-pro/assets', [...])
 4 SYSTEMPATH/CodeIgniter.php(907): App\Controllers\Pages->view('FCPATH/assets', 'images', 'chip.png')
 5 SYSTEMPATH/CodeIgniter.php(457): CodeIgniter\CodeIgniter->runController(Object(App\Controllers\Pages))
 6 SYSTEMPATH/CodeIgniter.php(340): CodeIgniter\CodeIgniter->handleRequest(null, Object(Config\Cache), false)
 7 FCPATH/index.php(71): CodeIgniter\CodeIgniter->run()
CRITICAL - 2023-06-28 19:41:07 --> Invalid file: template/bank-pro/themes.php
in SYSTEMPATH/Exceptions/FrameworkException.php on line 33.
 1 SYSTEMPATH/View/View.php(201): CodeIgniter\Exceptions\FrameworkException::forInvalidFile('template/bank-pro/themes.php')
 2 SYSTEMPATH/Common.php(1142): CodeIgniter\View\View->render('template/bank-pro/themes', [], true)
 3 APPPATH/Controllers/Pages.php(40): view('template/bank-pro/themes', [...])
 4 SYSTEMPATH/CodeIgniter.php(907): App\Controllers\Pages->view('FCPATH/themes', 'finapp-light', 'webfonts', 'fa-brands-400.woff2')
 5 SYSTEMPATH/CodeIgniter.php(457): CodeIgniter\CodeIgniter->runController(Object(App\Controllers\Pages))
 6 SYSTEMPATH/CodeIgniter.php(340): CodeIgniter\CodeIgniter->handleRequest(null, Object(Config\Cache), false)
 7 FCPATH/index.php(71): CodeIgniter\CodeIgniter->run()
CRITICAL - 2023-06-28 19:41:07 --> Invalid file: template/bank-pro/assets.php
in SYSTEMPATH/Exceptions/FrameworkException.php on line 33.
 1 SYSTEMPATH/View/View.php(201): CodeIgniter\Exceptions\FrameworkException::forInvalidFile('template/bank-pro/assets.php')
 2 SYSTEMPATH/Common.php(1142): CodeIgniter\View\View->render('template/bank-pro/assets', [], true)
 3 APPPATH/Controllers/Pages.php(40): view('template/bank-pro/assets', [...])
 4 SYSTEMPATH/CodeIgniter.php(907): App\Controllers\Pages->view('FCPATH/assets', 'images', 'visa.png')
 5 SYSTEMPATH/CodeIgniter.php(457): CodeIgniter\CodeIgniter->runController(Object(App\Controllers\Pages))
 6 SYSTEMPATH/CodeIgniter.php(340): CodeIgniter\CodeIgniter->handleRequest(null, Object(Config\Cache), false)
 7 FCPATH/index.php(71): CodeIgniter\CodeIgniter->run()
CRITICAL - 2023-06-28 19:41:07 --> Invalid file: template/bank-pro/themes.php
in SYSTEMPATH/Exceptions/FrameworkException.php on line 33.
 1 SYSTEMPATH/View/View.php(201): CodeIgniter\Exceptions\FrameworkException::forInvalidFile('template/bank-pro/themes.php')
 2 SYSTEMPATH/Common.php(1142): CodeIgniter\View\View->render('template/bank-pro/themes', [], true)
 3 APPPATH/Controllers/Pages.php(40): view('template/bank-pro/themes', [...])
 4 SYSTEMPATH/CodeIgniter.php(907): App\Controllers\Pages->view('FCPATH/themes', 'finapp-light', 'webfonts', 'fa-regular-400.woff2')
 5 SYSTEMPATH/CodeIgniter.php(457): CodeIgniter\CodeIgniter->runController(Object(App\Controllers\Pages))
 6 SYSTEMPATH/CodeIgniter.php(340): CodeIgniter\CodeIgniter->handleRequest(null, Object(Config\Cache), false)
 7 FCPATH/index.php(71): CodeIgniter\CodeIgniter->run()
CRITICAL - 2023-06-28 19:41:07 --> Invalid file: template/bank-pro/themes.php
in SYSTEMPATH/Exceptions/FrameworkException.php on line 33.
 1 SYSTEMPATH/View/View.php(201): CodeIgniter\Exceptions\FrameworkException::forInvalidFile('template/bank-pro/themes.php')
 2 SYSTEMPATH/Common.php(1142): CodeIgniter\View\View->render('template/bank-pro/themes', [], true)
 3 APPPATH/Controllers/Pages.php(40): view('template/bank-pro/themes', [...])
 4 SYSTEMPATH/CodeIgniter.php(907): App\Controllers\Pages->view('FCPATH/themes', 'finapp-light', 'webfonts', 'fa-solid-900.woff2')
 5 SYSTEMPATH/CodeIgniter.php(457): CodeIgniter\CodeIgniter->runController(Object(App\Controllers\Pages))
 6 SYSTEMPATH/CodeIgniter.php(340): CodeIgniter\CodeIgniter->handleRequest(null, Object(Config\Cache), false)
 7 FCPATH/index.php(71): CodeIgniter\CodeIgniter->run()
CRITICAL - 2023-06-28 19:41:07 --> Invalid file: template/bank-pro/__service-worker.js
in SYSTEMPATH/Exceptions/FrameworkException.php on line 33.
 1 SYSTEMPATH/View/View.php(201): CodeIgniter\Exceptions\FrameworkException::forInvalidFile('template/bank-pro/__service-worker.js')
 2 SYSTEMPATH/Common.php(1142): CodeIgniter\View\View->render('template/bank-pro/__service-worker.js', [], true)
 3 APPPATH/Controllers/Pages.php(40): view('template/bank-pro/__service-worker.js', [...])
 4 SYSTEMPATH/CodeIgniter.php(907): App\Controllers\Pages->view('__service-worker.js')
 5 SYSTEMPATH/CodeIgniter.php(457): CodeIgniter\CodeIgniter->runController(Object(App\Controllers\Pages))
 6 SYSTEMPATH/CodeIgniter.php(340): CodeIgniter\CodeIgniter->handleRequest(null, Object(Config\Cache), false)
 7 FCPATH/index.php(71): CodeIgniter\CodeIgniter->run()
CRITICAL - 2023-06-28 19:41:08 --> Invalid file: template/bank-pro/themes.php
in SYSTEMPATH/Exceptions/FrameworkException.php on line 33.
 1 SYSTEMPATH/View/View.php(201): CodeIgniter\Exceptions\FrameworkException::forInvalidFile('template/bank-pro/themes.php')
 2 SYSTEMPATH/Common.php(1142): CodeIgniter\View\View->render('template/bank-pro/themes', [], true)
 3 APPPATH/Controllers/Pages.php(40): view('template/bank-pro/themes', [...])
 4 SYSTEMPATH/CodeIgniter.php(907): App\Controllers\Pages->view('FCPATH/themes', 'finapp-light', 'webfonts', 'fa-brands-400.woff')
 5 SYSTEMPATH/CodeIgniter.php(457): CodeIgniter\CodeIgniter->runController(Object(App\Controllers\Pages))
 6 SYSTEMPATH/CodeIgniter.php(340): CodeIgniter\CodeIgniter->handleRequest(null, Object(Config\Cache), false)
 7 FCPATH/index.php(71): CodeIgniter\CodeIgniter->run()
CRITICAL - 2023-06-28 19:41:08 --> Invalid file: template/bank-pro/themes.php
in SYSTEMPATH/Exceptions/FrameworkException.php on line 33.
 1 SYSTEMPATH/View/View.php(201): CodeIgniter\Exceptions\FrameworkException::forInvalidFile('template/bank-pro/themes.php')
 2 SYSTEMPATH/Common.php(1142): CodeIgniter\View\View->render('template/bank-pro/themes', [], true)
 3 APPPATH/Controllers/Pages.php(40): view('template/bank-pro/themes', [...])
 4 SYSTEMPATH/CodeIgniter.php(907): App\Controllers\Pages->view('FCPATH/themes', 'finapp-light', 'webfonts', 'fa-regular-400.woff')
 5 SYSTEMPATH/CodeIgniter.php(457): CodeIgniter\CodeIgniter->runController(Object(App\Controllers\Pages))
 6 SYSTEMPATH/CodeIgniter.php(340): CodeIgniter\CodeIgniter->handleRequest(null, Object(Config\Cache), false)
 7 FCPATH/index.php(71): CodeIgniter\CodeIgniter->run()
CRITICAL - 2023-06-28 19:41:08 --> Invalid file: template/bank-pro/themes.php
in SYSTEMPATH/Exceptions/FrameworkException.php on line 33.
 1 SYSTEMPATH/View/View.php(201): CodeIgniter\Exceptions\FrameworkException::forInvalidFile('template/bank-pro/themes.php')
 2 SYSTEMPATH/Common.php(1142): CodeIgniter\View\View->render('template/bank-pro/themes', [], true)
 3 APPPATH/Controllers/Pages.php(40): view('template/bank-pro/themes', [...])
 4 SYSTEMPATH/CodeIgniter.php(907): App\Controllers\Pages->view('FCPATH/themes', 'finapp-light', 'webfonts', 'fa-solid-900.woff')
 5 SYSTEMPATH/CodeIgniter.php(457): CodeIgniter\CodeIgniter->runController(Object(App\Controllers\Pages))
 6 SYSTEMPATH/CodeIgniter.php(340): CodeIgniter\CodeIgniter->handleRequest(null, Object(Config\Cache), false)
 7 FCPATH/index.php(71): CodeIgniter\CodeIgniter->run()
CRITICAL - 2023-06-28 19:41:08 --> Invalid file: template/bank-pro/themes.php
in SYSTEMPATH/Exceptions/FrameworkException.php on line 33.
 1 SYSTEMPATH/View/View.php(201): CodeIgniter\Exceptions\FrameworkException::forInvalidFile('template/bank-pro/themes.php')
 2 SYSTEMPATH/Common.php(1142): CodeIgniter\View\View->render('template/bank-pro/themes', [], true)
 3 APPPATH/Controllers/Pages.php(40): view('template/bank-pro/themes', [...])
 4 SYSTEMPATH/CodeIgniter.php(907): App\Controllers\Pages->view('FCPATH/themes', 'finapp-light', 'webfonts', 'fa-regular-400.ttf')
 5 SYSTEMPATH/CodeIgniter.php(457): CodeIgniter\CodeIgniter->runController(Object(App\Controllers\Pages))
 6 SYSTEMPATH/CodeIgniter.php(340): CodeIgniter\CodeIgniter->handleRequest(null, Object(Config\Cache), false)
 7 FCPATH/index.php(71): CodeIgniter\CodeIgniter->run()
CRITICAL - 2023-06-28 19:41:08 --> Invalid file: template/bank-pro/themes.php
in SYSTEMPATH/Exceptions/FrameworkException.php on line 33.
 1 SYSTEMPATH/View/View.php(201): CodeIgniter\Exceptions\FrameworkException::forInvalidFile('template/bank-pro/themes.php')
 2 SYSTEMPATH/Common.php(1142): CodeIgniter\View\View->render('template/bank-pro/themes', [], true)
 3 APPPATH/Controllers/Pages.php(40): view('template/bank-pro/themes', [...])
 4 SYSTEMPATH/CodeIgniter.php(907): App\Controllers\Pages->view('FCPATH/themes', 'finapp-light', 'webfonts', 'fa-brands-400.ttf')
 5 SYSTEMPATH/CodeIgniter.php(457): CodeIgniter\CodeIgniter->runController(Object(App\Controllers\Pages))
 6 SYSTEMPATH/CodeIgniter.php(340): CodeIgniter\CodeIgniter->handleRequest(null, Object(Config\Cache), false)
 7 FCPATH/index.php(71): CodeIgniter\CodeIgniter->run()
CRITICAL - 2023-06-28 19:41:08 --> Invalid file: template/bank-pro/themes.php
in SYSTEMPATH/Exceptions/FrameworkException.php on line 33.
 1 SYSTEMPATH/View/View.php(201): CodeIgniter\Exceptions\FrameworkException::forInvalidFile('template/bank-pro/themes.php')
 2 SYSTEMPATH/Common.php(1142): CodeIgniter\View\View->render('template/bank-pro/themes', [], true)
 3 APPPATH/Controllers/Pages.php(40): view('template/bank-pro/themes', [...])
 4 SYSTEMPATH/CodeIgniter.php(907): App\Controllers\Pages->view('FCPATH/themes', 'finapp-light', 'webfonts', 'fa-solid-900.ttf')
 5 SYSTEMPATH/CodeIgniter.php(457): CodeIgniter\CodeIgniter->runController(Object(App\Controllers\Pages))
 6 SYSTEMPATH/CodeIgniter.php(340): CodeIgniter\CodeIgniter->handleRequest(null, Object(Config\Cache), false)
 7 FCPATH/index.php(71): CodeIgniter\CodeIgniter->run()
CRITICAL - 2023-06-28 19:46:08 --> Invalid file: template/bank-pro/templates.php
in SYSTEMPATH/Exceptions/FrameworkException.php on line 33.
 1 SYSTEMPATH/View/View.php(201): CodeIgniter\Exceptions\FrameworkException::forInvalidFile('template/bank-pro/templates.php')
 2 SYSTEMPATH/Common.php(1142): CodeIgniter\View\View->render('template/bank-pro/templates', [], true)
 3 APPPATH/Controllers/Pages.php(40): view('template/bank-pro/templates', [...])
 4 SYSTEMPATH/CodeIgniter.php(907): App\Controllers\Pages->view('FCPATH/templates', 'bank-pro', 'p.typekit.net', 'p5e61.css')
 5 SYSTEMPATH/CodeIgniter.php(457): CodeIgniter\CodeIgniter->runController(Object(App\Controllers\Pages))
 6 SYSTEMPATH/CodeIgniter.php(340): CodeIgniter\CodeIgniter->handleRequest(null, Object(Config\Cache), false)
 7 FCPATH/index.php(71): CodeIgniter\CodeIgniter->run()
CRITICAL - 2023-06-28 19:46:08 --> Invalid file: template/bank-pro/templates.php
in SYSTEMPATH/Exceptions/FrameworkException.php on line 33.
 1 SYSTEMPATH/View/View.php(201): CodeIgniter\Exceptions\FrameworkException::forInvalidFile('template/bank-pro/templates.php')
 2 SYSTEMPATH/Common.php(1142): CodeIgniter\View\View->render('template/bank-pro/templates', [], true)
 3 APPPATH/Controllers/Pages.php(40): view('template/bank-pro/templates', [...])
 4 SYSTEMPATH/CodeIgniter.php(907): App\Controllers\Pages->view('FCPATH/templates', 'bank-pro', 'css', 'images', 'FCPATH/assets', 'citadel-logo.svg')
 5 SYSTEMPATH/CodeIgniter.php(457): CodeIgniter\CodeIgniter->runController(Object(App\Controllers\Pages))
 6 SYSTEMPATH/CodeIgniter.php(340): CodeIgniter\CodeIgniter->handleRequest(null, Object(Config\Cache), false)
 7 FCPATH/index.php(71): CodeIgniter\CodeIgniter->run()
CRITICAL - 2023-06-28 19:46:08 --> Invalid file: template/bank-pro/templates.php
in SYSTEMPATH/Exceptions/FrameworkException.php on line 33.
 1 SYSTEMPATH/View/View.php(201): CodeIgniter\Exceptions\FrameworkException::forInvalidFile('template/bank-pro/templates.php')
 2 SYSTEMPATH/Common.php(1142): CodeIgniter\View\View->render('template/bank-pro/templates', [], true)
 3 APPPATH/Controllers/Pages.php(40): view('template/bank-pro/templates', [...])
 4 SYSTEMPATH/CodeIgniter.php(907): App\Controllers\Pages->view('FCPATH/templates', 'bank-pro', 'css', 'images', 'FCPATH/assets', 'ico-caret--black.png')
 5 SYSTEMPATH/CodeIgniter.php(457): CodeIgniter\CodeIgniter->runController(Object(App\Controllers\Pages))
 6 SYSTEMPATH/CodeIgniter.php(340): CodeIgniter\CodeIgniter->handleRequest(null, Object(Config\Cache), false)
 7 FCPATH/index.php(71): CodeIgniter\CodeIgniter->run()
CRITICAL - 2023-06-28 19:46:09 --> Invalid file: template/bank-pro/templates.php
in SYSTEMPATH/Exceptions/FrameworkException.php on line 33.
 1 SYSTEMPATH/View/View.php(201): CodeIgniter\Exceptions\FrameworkException::forInvalidFile('template/bank-pro/templates.php')
 2 SYSTEMPATH/Common.php(1142): CodeIgniter\View\View->render('template/bank-pro/templates', [], true)
 3 APPPATH/Controllers/Pages.php(40): view('template/bank-pro/templates', [...])
 4 SYSTEMPATH/CodeIgniter.php(907): App\Controllers\Pages->view('FCPATH/templates', 'bank-pro', 'css', 'images', 'FCPATH/assets', 'pattern-bg-medium.svg')
 5 SYSTEMPATH/CodeIgniter.php(457): CodeIgniter\CodeIgniter->runController(Object(App\Controllers\Pages))
 6 SYSTEMPATH/CodeIgniter.php(340): CodeIgniter\CodeIgniter->handleRequest(null, Object(Config\Cache), false)
 7 FCPATH/index.php(71): CodeIgniter\CodeIgniter->run()
CRITICAL - 2023-06-28 20:30:32 --> Invalid file: template/bank-pro/themes.php
in SYSTEMPATH/Exceptions/FrameworkException.php on line 33.
 1 SYSTEMPATH/View/View.php(201): CodeIgniter\Exceptions\FrameworkException::forInvalidFile('template/bank-pro/themes.php')
 2 SYSTEMPATH/Common.php(1142): CodeIgniter\View\View->render('template/bank-pro/themes', [], true)
 3 APPPATH/Controllers/Pages.php(40): view('template/bank-pro/themes', [...])
 4 SYSTEMPATH/CodeIgniter.php(907): App\Controllers\Pages->view('FCPATH/themes', 'finapp-light', 'webfonts', 'fa-solid-900.woff2')
 5 SYSTEMPATH/CodeIgniter.php(457): CodeIgniter\CodeIgniter->runController(Object(App\Controllers\Pages))
 6 SYSTEMPATH/CodeIgniter.php(340): CodeIgniter\CodeIgniter->handleRequest(null, Object(Config\Cache), false)
 7 FCPATH/index.php(71): CodeIgniter\CodeIgniter->run()
CRITICAL - 2023-06-28 20:30:32 --> Invalid file: template/bank-pro/themes.php
in SYSTEMPATH/Exceptions/FrameworkException.php on line 33.
 1 SYSTEMPATH/View/View.php(201): CodeIgniter\Exceptions\FrameworkException::forInvalidFile('template/bank-pro/themes.php')
 2 SYSTEMPATH/Common.php(1142): CodeIgniter\View\View->render('template/bank-pro/themes', [], true)
 3 APPPATH/Controllers/Pages.php(40): view('template/bank-pro/themes', [...])
 4 SYSTEMPATH/CodeIgniter.php(907): App\Controllers\Pages->view('FCPATH/themes', 'finapp-light', 'webfonts', 'fa-brands-400.woff2')
 5 SYSTEMPATH/CodeIgniter.php(457): CodeIgniter\CodeIgniter->runController(Object(App\Controllers\Pages))
 6 SYSTEMPATH/CodeIgniter.php(340): CodeIgniter\CodeIgniter->handleRequest(null, Object(Config\Cache), false)
 7 FCPATH/index.php(71): CodeIgniter\CodeIgniter->run()
CRITICAL - 2023-06-28 20:30:32 --> Invalid file: template/bank-pro/themes.php
in SYSTEMPATH/Exceptions/FrameworkException.php on line 33.
 1 SYSTEMPATH/View/View.php(201): CodeIgniter\Exceptions\FrameworkException::forInvalidFile('template/bank-pro/themes.php')
 2 SYSTEMPATH/Common.php(1142): CodeIgniter\View\View->render('template/bank-pro/themes', [], true)
 3 APPPATH/Controllers/Pages.php(40): view('template/bank-pro/themes', [...])
 4 SYSTEMPATH/CodeIgniter.php(907): App\Controllers\Pages->view('FCPATH/themes', 'finapp-light', 'webfonts', 'fa-regular-400.woff2')
 5 SYSTEMPATH/CodeIgniter.php(457): CodeIgniter\CodeIgniter->runController(Object(App\Controllers\Pages))
 6 SYSTEMPATH/CodeIgniter.php(340): CodeIgniter\CodeIgniter->handleRequest(null, Object(Config\Cache), false)
 7 FCPATH/index.php(71): CodeIgniter\CodeIgniter->run()
CRITICAL - 2023-06-28 20:30:32 --> Invalid file: template/bank-pro/assets.php
in SYSTEMPATH/Exceptions/FrameworkException.php on line 33.
 1 SYSTEMPATH/View/View.php(201): CodeIgniter\Exceptions\FrameworkException::forInvalidFile('template/bank-pro/assets.php')
 2 SYSTEMPATH/Common.php(1142): CodeIgniter\View\View->render('template/bank-pro/assets', [], true)
 3 APPPATH/Controllers/Pages.php(40): view('template/bank-pro/assets', [...])
 4 SYSTEMPATH/CodeIgniter.php(907): App\Controllers\Pages->view('FCPATH/assets', 'images', 'visa.png')
 5 SYSTEMPATH/CodeIgniter.php(457): CodeIgniter\CodeIgniter->runController(Object(App\Controllers\Pages))
 6 SYSTEMPATH/CodeIgniter.php(340): CodeIgniter\CodeIgniter->handleRequest(null, Object(Config\Cache), false)
 7 FCPATH/index.php(71): CodeIgniter\CodeIgniter->run()
CRITICAL - 2023-06-28 20:30:32 --> Invalid file: template/bank-pro/assets.php
in SYSTEMPATH/Exceptions/FrameworkException.php on line 33.
 1 SYSTEMPATH/View/View.php(201): CodeIgniter\Exceptions\FrameworkException::forInvalidFile('template/bank-pro/assets.php')
 2 SYSTEMPATH/Common.php(1142): CodeIgniter\View\View->render('template/bank-pro/assets', [], true)
 3 APPPATH/Controllers/Pages.php(40): view('template/bank-pro/assets', [...])
 4 SYSTEMPATH/CodeIgniter.php(907): App\Controllers\Pages->view('FCPATH/assets', 'images', 'chip.png')
 5 SYSTEMPATH/CodeIgniter.php(457): CodeIgniter\CodeIgniter->runController(Object(App\Controllers\Pages))
 6 SYSTEMPATH/CodeIgniter.php(340): CodeIgniter\CodeIgniter->handleRequest(null, Object(Config\Cache), false)
 7 FCPATH/index.php(71): CodeIgniter\CodeIgniter->run()
CRITICAL - 2023-06-28 20:30:32 --> Invalid file: template/bank-pro/__service-worker.js
in SYSTEMPATH/Exceptions/FrameworkException.php on line 33.
 1 SYSTEMPATH/View/View.php(201): CodeIgniter\Exceptions\FrameworkException::forInvalidFile('template/bank-pro/__service-worker.js')
 2 SYSTEMPATH/Common.php(1142): CodeIgniter\View\View->render('template/bank-pro/__service-worker.js', [], true)
 3 APPPATH/Controllers/Pages.php(40): view('template/bank-pro/__service-worker.js', [...])
 4 SYSTEMPATH/CodeIgniter.php(907): App\Controllers\Pages->view('__service-worker.js')
 5 SYSTEMPATH/CodeIgniter.php(457): CodeIgniter\CodeIgniter->runController(Object(App\Controllers\Pages))
 6 SYSTEMPATH/CodeIgniter.php(340): CodeIgniter\CodeIgniter->handleRequest(null, Object(Config\Cache), false)
 7 FCPATH/index.php(71): CodeIgniter\CodeIgniter->run()
CRITICAL - 2023-06-28 20:30:32 --> Invalid file: template/bank-pro/themes.php
in SYSTEMPATH/Exceptions/FrameworkException.php on line 33.
 1 SYSTEMPATH/View/View.php(201): CodeIgniter\Exceptions\FrameworkException::forInvalidFile('template/bank-pro/themes.php')
 2 SYSTEMPATH/Common.php(1142): CodeIgniter\View\View->render('template/bank-pro/themes', [], true)
 3 APPPATH/Controllers/Pages.php(40): view('template/bank-pro/themes', [...])
 4 SYSTEMPATH/CodeIgniter.php(907): App\Controllers\Pages->view('FCPATH/themes', 'finapp-light', 'webfonts', 'fa-regular-400.woff')
 5 SYSTEMPATH/CodeIgniter.php(457): CodeIgniter\CodeIgniter->runController(Object(App\Controllers\Pages))
 6 SYSTEMPATH/CodeIgniter.php(340): CodeIgniter\CodeIgniter->handleRequest(null, Object(Config\Cache), false)
 7 FCPATH/index.php(71): CodeIgniter\CodeIgniter->run()
CRITICAL - 2023-06-28 20:30:32 --> Invalid file: template/bank-pro/themes.php
in SYSTEMPATH/Exceptions/FrameworkException.php on line 33.
 1 SYSTEMPATH/View/View.php(201): CodeIgniter\Exceptions\FrameworkException::forInvalidFile('template/bank-pro/themes.php')
 2 SYSTEMPATH/Common.php(1142): CodeIgniter\View\View->render('template/bank-pro/themes', [], true)
 3 APPPATH/Controllers/Pages.php(40): view('template/bank-pro/themes', [...])
 4 SYSTEMPATH/CodeIgniter.php(907): App\Controllers\Pages->view('FCPATH/themes', 'finapp-light', 'webfonts', 'fa-solid-900.woff')
 5 SYSTEMPATH/CodeIgniter.php(457): CodeIgniter\CodeIgniter->runController(Object(App\Controllers\Pages))
 6 SYSTEMPATH/CodeIgniter.php(340): CodeIgniter\CodeIgniter->handleRequest(null, Object(Config\Cache), false)
 7 FCPATH/index.php(71): CodeIgniter\CodeIgniter->run()
CRITICAL - 2023-06-28 20:30:32 --> Invalid file: template/bank-pro/themes.php
in SYSTEMPATH/Exceptions/FrameworkException.php on line 33.
 1 SYSTEMPATH/View/View.php(201): CodeIgniter\Exceptions\FrameworkException::forInvalidFile('template/bank-pro/themes.php')
 2 SYSTEMPATH/Common.php(1142): CodeIgniter\View\View->render('template/bank-pro/themes', [], true)
 3 APPPATH/Controllers/Pages.php(40): view('template/bank-pro/themes', [...])
 4 SYSTEMPATH/CodeIgniter.php(907): App\Controllers\Pages->view('FCPATH/themes', 'finapp-light', 'webfonts', 'fa-brands-400.woff')
 5 SYSTEMPATH/CodeIgniter.php(457): CodeIgniter\CodeIgniter->runController(Object(App\Controllers\Pages))
 6 SYSTEMPATH/CodeIgniter.php(340): CodeIgniter\CodeIgniter->handleRequest(null, Object(Config\Cache), false)
 7 FCPATH/index.php(71): CodeIgniter\CodeIgniter->run()
CRITICAL - 2023-06-28 20:30:32 --> Invalid file: template/bank-pro/themes.php
in SYSTEMPATH/Exceptions/FrameworkException.php on line 33.
 1 SYSTEMPATH/View/View.php(201): CodeIgniter\Exceptions\FrameworkException::forInvalidFile('template/bank-pro/themes.php')
 2 SYSTEMPATH/Common.php(1142): CodeIgniter\View\View->render('template/bank-pro/themes', [], true)
 3 APPPATH/Controllers/Pages.php(40): view('template/bank-pro/themes', [...])
 4 SYSTEMPATH/CodeIgniter.php(907): App\Controllers\Pages->view('FCPATH/themes', 'finapp-light', 'webfonts', 'fa-solid-900.ttf')
 5 SYSTEMPATH/CodeIgniter.php(457): CodeIgniter\CodeIgniter->runController(Object(App\Controllers\Pages))
 6 SYSTEMPATH/CodeIgniter.php(340): CodeIgniter\CodeIgniter->handleRequest(null, Object(Config\Cache), false)
 7 FCPATH/index.php(71): CodeIgniter\CodeIgniter->run()
CRITICAL - 2023-06-28 20:30:32 --> Invalid file: template/bank-pro/themes.php
in SYSTEMPATH/Exceptions/FrameworkException.php on line 33.
 1 SYSTEMPATH/View/View.php(201): CodeIgniter\Exceptions\FrameworkException::forInvalidFile('template/bank-pro/themes.php')
 2 SYSTEMPATH/Common.php(1142): CodeIgniter\View\View->render('template/bank-pro/themes', [], true)
 3 APPPATH/Controllers/Pages.php(40): view('template/bank-pro/themes', [...])
 4 SYSTEMPATH/CodeIgniter.php(907): App\Controllers\Pages->view('FCPATH/themes', 'finapp-light', 'webfonts', 'fa-regular-400.ttf')
 5 SYSTEMPATH/CodeIgniter.php(457): CodeIgniter\CodeIgniter->runController(Object(App\Controllers\Pages))
 6 SYSTEMPATH/CodeIgniter.php(340): CodeIgniter\CodeIgniter->handleRequest(null, Object(Config\Cache), false)
 7 FCPATH/index.php(71): CodeIgniter\CodeIgniter->run()
CRITICAL - 2023-06-28 20:30:32 --> Invalid file: template/bank-pro/themes.php
in SYSTEMPATH/Exceptions/FrameworkException.php on line 33.
 1 SYSTEMPATH/View/View.php(201): CodeIgniter\Exceptions\FrameworkException::forInvalidFile('template/bank-pro/themes.php')
 2 SYSTEMPATH/Common.php(1142): CodeIgniter\View\View->render('template/bank-pro/themes', [], true)
 3 APPPATH/Controllers/Pages.php(40): view('template/bank-pro/themes', [...])
 4 SYSTEMPATH/CodeIgniter.php(907): App\Controllers\Pages->view('FCPATH/themes', 'finapp-light', 'webfonts', 'fa-brands-400.ttf')
 5 SYSTEMPATH/CodeIgniter.php(457): CodeIgniter\CodeIgniter->runController(Object(App\Controllers\Pages))
 6 SYSTEMPATH/CodeIgniter.php(340): CodeIgniter\CodeIgniter->handleRequest(null, Object(Config\Cache), false)
 7 FCPATH/index.php(71): CodeIgniter\CodeIgniter->run()
CRITICAL - 2023-06-28 20:30:38 --> Invalid file: template/bank-pro/themes.php
in SYSTEMPATH/Exceptions/FrameworkException.php on line 33.
 1 SYSTEMPATH/View/View.php(201): CodeIgniter\Exceptions\FrameworkException::forInvalidFile('template/bank-pro/themes.php')
 2 SYSTEMPATH/Common.php(1142): CodeIgniter\View\View->render('template/bank-pro/themes', [], true)
 3 APPPATH/Controllers/Pages.php(40): view('template/bank-pro/themes', [...])
 4 SYSTEMPATH/CodeIgniter.php(907): App\Controllers\Pages->view('FCPATH/themes', 'finapp-light', 'webfonts', 'fa-solid-900.woff2')
 5 SYSTEMPATH/CodeIgniter.php(457): CodeIgniter\CodeIgniter->runController(Object(App\Controllers\Pages))
 6 SYSTEMPATH/CodeIgniter.php(340): CodeIgniter\CodeIgniter->handleRequest(null, Object(Config\Cache), false)
 7 FCPATH/index.php(71): CodeIgniter\CodeIgniter->run()
CRITICAL - 2023-06-28 20:30:38 --> Invalid file: template/bank-pro/themes.php
in SYSTEMPATH/Exceptions/FrameworkException.php on line 33.
 1 SYSTEMPATH/View/View.php(201): CodeIgniter\Exceptions\FrameworkException::forInvalidFile('template/bank-pro/themes.php')
 2 SYSTEMPATH/Common.php(1142): CodeIgniter\View\View->render('template/bank-pro/themes', [], true)
 3 APPPATH/Controllers/Pages.php(40): view('template/bank-pro/themes', [...])
 4 SYSTEMPATH/CodeIgniter.php(907): App\Controllers\Pages->view('FCPATH/themes', 'finapp-light', 'webfonts', 'fa-regular-400.woff2')
 5 SYSTEMPATH/CodeIgniter.php(457): CodeIgniter\CodeIgniter->runController(Object(App\Controllers\Pages))
 6 SYSTEMPATH/CodeIgniter.php(340): CodeIgniter\CodeIgniter->handleRequest(null, Object(Config\Cache), false)
 7 FCPATH/index.php(71): CodeIgniter\CodeIgniter->run()
CRITICAL - 2023-06-28 20:30:39 --> Invalid file: template/bank-pro/themes.php
in SYSTEMPATH/Exceptions/FrameworkException.php on line 33.
 1 SYSTEMPATH/View/View.php(201): CodeIgniter\Exceptions\FrameworkException::forInvalidFile('template/bank-pro/themes.php')
 2 SYSTEMPATH/Common.php(1142): CodeIgniter\View\View->render('template/bank-pro/themes', [], true)
 3 APPPATH/Controllers/Pages.php(40): view('template/bank-pro/themes', [...])
 4 SYSTEMPATH/CodeIgniter.php(907): App\Controllers\Pages->view('FCPATH/themes', 'finapp-light', 'webfonts', 'fa-solid-900.woff')
 5 SYSTEMPATH/CodeIgniter.php(457): CodeIgniter\CodeIgniter->runController(Object(App\Controllers\Pages))
 6 SYSTEMPATH/CodeIgniter.php(340): CodeIgniter\CodeIgniter->handleRequest(null, Object(Config\Cache), false)
 7 FCPATH/index.php(71): CodeIgniter\CodeIgniter->run()
CRITICAL - 2023-06-28 20:30:39 --> Invalid file: template/bank-pro/themes.php
in SYSTEMPATH/Exceptions/FrameworkException.php on line 33.
 1 SYSTEMPATH/View/View.php(201): CodeIgniter\Exceptions\FrameworkException::forInvalidFile('template/bank-pro/themes.php')
 2 SYSTEMPATH/Common.php(1142): CodeIgniter\View\View->render('template/bank-pro/themes', [], true)
 3 APPPATH/Controllers/Pages.php(40): view('template/bank-pro/themes', [...])
 4 SYSTEMPATH/CodeIgniter.php(907): App\Controllers\Pages->view('FCPATH/themes', 'finapp-light', 'webfonts', 'fa-regular-400.woff')
 5 SYSTEMPATH/CodeIgniter.php(457): CodeIgniter\CodeIgniter->runController(Object(App\Controllers\Pages))
 6 SYSTEMPATH/CodeIgniter.php(340): CodeIgniter\CodeIgniter->handleRequest(null, Object(Config\Cache), false)
 7 FCPATH/index.php(71): CodeIgniter\CodeIgniter->run()
CRITICAL - 2023-06-28 20:30:39 --> Invalid file: template/bank-pro/themes.php
in SYSTEMPATH/Exceptions/FrameworkException.php on line 33.
 1 SYSTEMPATH/View/View.php(201): CodeIgniter\Exceptions\FrameworkException::forInvalidFile('template/bank-pro/themes.php')
 2 SYSTEMPATH/Common.php(1142): CodeIgniter\View\View->render('template/bank-pro/themes', [], true)
 3 APPPATH/Controllers/Pages.php(40): view('template/bank-pro/themes', [...])
 4 SYSTEMPATH/CodeIgniter.php(907): App\Controllers\Pages->view('FCPATH/themes', 'finapp-light', 'webfonts', 'fa-regular-400.ttf')
 5 SYSTEMPATH/CodeIgniter.php(457): CodeIgniter\CodeIgniter->runController(Object(App\Controllers\Pages))
 6 SYSTEMPATH/CodeIgniter.php(340): CodeIgniter\CodeIgniter->handleRequest(null, Object(Config\Cache), false)
 7 FCPATH/index.php(71): CodeIgniter\CodeIgniter->run()
CRITICAL - 2023-06-28 20:30:39 --> Invalid file: template/bank-pro/themes.php
in SYSTEMPATH/Exceptions/FrameworkException.php on line 33.
 1 SYSTEMPATH/View/View.php(201): CodeIgniter\Exceptions\FrameworkException::forInvalidFile('template/bank-pro/themes.php')
 2 SYSTEMPATH/Common.php(1142): CodeIgniter\View\View->render('template/bank-pro/themes', [], true)
 3 APPPATH/Controllers/Pages.php(40): view('template/bank-pro/themes', [...])
 4 SYSTEMPATH/CodeIgniter.php(907): App\Controllers\Pages->view('FCPATH/themes', 'finapp-light', 'webfonts', 'fa-solid-900.ttf')
 5 SYSTEMPATH/CodeIgniter.php(457): CodeIgniter\CodeIgniter->runController(Object(App\Controllers\Pages))
 6 SYSTEMPATH/CodeIgniter.php(340): CodeIgniter\CodeIgniter->handleRequest(null, Object(Config\Cache), false)
 7 FCPATH/index.php(71): CodeIgniter\CodeIgniter->run()
CRITICAL - 2023-06-28 20:32:12 --> Invalid file: template/bank-pro/assets.php
in SYSTEMPATH/Exceptions/FrameworkException.php on line 33.
 1 SYSTEMPATH/View/View.php(201): CodeIgniter\Exceptions\FrameworkException::forInvalidFile('template/bank-pro/assets.php')
 2 SYSTEMPATH/Common.php(1142): CodeIgniter\View\View->render('template/bank-pro/assets', [], true)
 3 APPPATH/Controllers/Pages.php(40): view('template/bank-pro/assets', [...])
 4 SYSTEMPATH/CodeIgniter.php(907): App\Controllers\Pages->view('FCPATH/assets', 'images', 'chip.png')
 5 SYSTEMPATH/CodeIgniter.php(457): CodeIgniter\CodeIgniter->runController(Object(App\Controllers\Pages))
 6 SYSTEMPATH/CodeIgniter.php(340): CodeIgniter\CodeIgniter->handleRequest(null, Object(Config\Cache), false)
 7 FCPATH/index.php(71): CodeIgniter\CodeIgniter->run()
CRITICAL - 2023-06-28 20:32:12 --> Invalid file: template/bank-pro/assets.php
in SYSTEMPATH/Exceptions/FrameworkException.php on line 33.
 1 SYSTEMPATH/View/View.php(201): CodeIgniter\Exceptions\FrameworkException::forInvalidFile('template/bank-pro/assets.php')
 2 SYSTEMPATH/Common.php(1142): CodeIgniter\View\View->render('template/bank-pro/assets', [], true)
 3 APPPATH/Controllers/Pages.php(40): view('template/bank-pro/assets', [...])
 4 SYSTEMPATH/CodeIgniter.php(907): App\Controllers\Pages->view('FCPATH/assets', 'images', 'visa.png')
 5 SYSTEMPATH/CodeIgniter.php(457): CodeIgniter\CodeIgniter->runController(Object(App\Controllers\Pages))
 6 SYSTEMPATH/CodeIgniter.php(340): CodeIgniter\CodeIgniter->handleRequest(null, Object(Config\Cache), false)
 7 FCPATH/index.php(71): CodeIgniter\CodeIgniter->run()
CRITICAL - 2023-06-28 20:32:12 --> Invalid file: template/bank-pro/themes.php
in SYSTEMPATH/Exceptions/FrameworkException.php on line 33.
 1 SYSTEMPATH/View/View.php(201): CodeIgniter\Exceptions\FrameworkException::forInvalidFile('template/bank-pro/themes.php')
 2 SYSTEMPATH/Common.php(1142): CodeIgniter\View\View->render('template/bank-pro/themes', [], true)
 3 APPPATH/Controllers/Pages.php(40): view('template/bank-pro/themes', [...])
 4 SYSTEMPATH/CodeIgniter.php(907): App\Controllers\Pages->view('FCPATH/themes', 'finapp-light', 'webfonts', 'fa-brands-400.woff2')
 5 SYSTEMPATH/CodeIgniter.php(457): CodeIgniter\CodeIgniter->runController(Object(App\Controllers\Pages))
 6 SYSTEMPATH/CodeIgniter.php(340): CodeIgniter\CodeIgniter->handleRequest(null, Object(Config\Cache), false)
 7 FCPATH/index.php(71): CodeIgniter\CodeIgniter->run()
CRITICAL - 2023-06-28 20:32:12 --> Invalid file: template/bank-pro/themes.php
in SYSTEMPATH/Exceptions/FrameworkException.php on line 33.
 1 SYSTEMPATH/View/View.php(201): CodeIgniter\Exceptions\FrameworkException::forInvalidFile('template/bank-pro/themes.php')
 2 SYSTEMPATH/Common.php(1142): CodeIgniter\View\View->render('template/bank-pro/themes', [], true)
 3 APPPATH/Controllers/Pages.php(40): view('template/bank-pro/themes', [...])
 4 SYSTEMPATH/CodeIgniter.php(907): App\Controllers\Pages->view('FCPATH/themes', 'finapp-light', 'webfonts', 'fa-solid-900.woff2')
 5 SYSTEMPATH/CodeIgniter.php(457): CodeIgniter\CodeIgniter->runController(Object(App\Controllers\Pages))
 6 SYSTEMPATH/CodeIgniter.php(340): CodeIgniter\CodeIgniter->handleRequest(null, Object(Config\Cache), false)
 7 FCPATH/index.php(71): CodeIgniter\CodeIgniter->run()
CRITICAL - 2023-06-28 20:32:12 --> Invalid file: template/bank-pro/themes.php
in SYSTEMPATH/Exceptions/FrameworkException.php on line 33.
 1 SYSTEMPATH/View/View.php(201): CodeIgniter\Exceptions\FrameworkException::forInvalidFile('template/bank-pro/themes.php')
 2 SYSTEMPATH/Common.php(1142): CodeIgniter\View\View->render('template/bank-pro/themes', [], true)
 3 APPPATH/Controllers/Pages.php(40): view('template/bank-pro/themes', [...])
 4 SYSTEMPATH/CodeIgniter.php(907): App\Controllers\Pages->view('FCPATH/themes', 'finapp-light', 'webfonts', 'fa-regular-400.woff2')
 5 SYSTEMPATH/CodeIgniter.php(457): CodeIgniter\CodeIgniter->runController(Object(App\Controllers\Pages))
 6 SYSTEMPATH/CodeIgniter.php(340): CodeIgniter\CodeIgniter->handleRequest(null, Object(Config\Cache), false)
 7 FCPATH/index.php(71): CodeIgniter\CodeIgniter->run()
CRITICAL - 2023-06-28 20:32:13 --> Invalid file: template/bank-pro/__service-worker.js
in SYSTEMPATH/Exceptions/FrameworkException.php on line 33.
 1 SYSTEMPATH/View/View.php(201): CodeIgniter\Exceptions\FrameworkException::forInvalidFile('template/bank-pro/__service-worker.js')
 2 SYSTEMPATH/Common.php(1142): CodeIgniter\View\View->render('template/bank-pro/__service-worker.js', [], true)
 3 APPPATH/Controllers/Pages.php(40): view('template/bank-pro/__service-worker.js', [...])
 4 SYSTEMPATH/CodeIgniter.php(907): App\Controllers\Pages->view('__service-worker.js')
 5 SYSTEMPATH/CodeIgniter.php(457): CodeIgniter\CodeIgniter->runController(Object(App\Controllers\Pages))
 6 SYSTEMPATH/CodeIgniter.php(340): CodeIgniter\CodeIgniter->handleRequest(null, Object(Config\Cache), false)
 7 FCPATH/index.php(71): CodeIgniter\CodeIgniter->run()
CRITICAL - 2023-06-28 20:32:13 --> Invalid file: template/bank-pro/themes.php
in SYSTEMPATH/Exceptions/FrameworkException.php on line 33.
 1 SYSTEMPATH/View/View.php(201): CodeIgniter\Exceptions\FrameworkException::forInvalidFile('template/bank-pro/themes.php')
 2 SYSTEMPATH/Common.php(1142): CodeIgniter\View\View->render('template/bank-pro/themes', [], true)
 3 APPPATH/Controllers/Pages.php(40): view('template/bank-pro/themes', [...])
 4 SYSTEMPATH/CodeIgniter.php(907): App\Controllers\Pages->view('FCPATH/themes', 'finapp-light', 'webfonts', 'fa-solid-900.woff')
 5 SYSTEMPATH/CodeIgniter.php(457): CodeIgniter\CodeIgniter->runController(Object(App\Controllers\Pages))
 6 SYSTEMPATH/CodeIgniter.php(340): CodeIgniter\CodeIgniter->handleRequest(null, Object(Config\Cache), false)
 7 FCPATH/index.php(71): CodeIgniter\CodeIgniter->run()
CRITICAL - 2023-06-28 20:32:13 --> Invalid file: template/bank-pro/themes.php
in SYSTEMPATH/Exceptions/FrameworkException.php on line 33.
 1 SYSTEMPATH/View/View.php(201): CodeIgniter\Exceptions\FrameworkException::forInvalidFile('template/bank-pro/themes.php')
 2 SYSTEMPATH/Common.php(1142): CodeIgniter\View\View->render('template/bank-pro/themes', [], true)
 3 APPPATH/Controllers/Pages.php(40): view('template/bank-pro/themes', [...])
 4 SYSTEMPATH/CodeIgniter.php(907): App\Controllers\Pages->view('FCPATH/themes', 'finapp-light', 'webfonts', 'fa-brands-400.woff')
 5 SYSTEMPATH/CodeIgniter.php(457): CodeIgniter\CodeIgniter->runController(Object(App\Controllers\Pages))
 6 SYSTEMPATH/CodeIgniter.php(340): CodeIgniter\CodeIgniter->handleRequest(null, Object(Config\Cache), false)
 7 FCPATH/index.php(71): CodeIgniter\CodeIgniter->run()
CRITICAL - 2023-06-28 20:32:13 --> Invalid file: template/bank-pro/themes.php
in SYSTEMPATH/Exceptions/FrameworkException.php on line 33.
 1 SYSTEMPATH/View/View.php(201): CodeIgniter\Exceptions\FrameworkException::forInvalidFile('template/bank-pro/themes.php')
 2 SYSTEMPATH/Common.php(1142): CodeIgniter\View\View->render('template/bank-pro/themes', [], true)
 3 APPPATH/Controllers/Pages.php(40): view('template/bank-pro/themes', [...])
 4 SYSTEMPATH/CodeIgniter.php(907): App\Controllers\Pages->view('FCPATH/themes', 'finapp-light', 'webfonts', 'fa-regular-400.woff')
 5 SYSTEMPATH/CodeIgniter.php(457): CodeIgniter\CodeIgniter->runController(Object(App\Controllers\Pages))
 6 SYSTEMPATH/CodeIgniter.php(340): CodeIgniter\CodeIgniter->handleRequest(null, Object(Config\Cache), false)
 7 FCPATH/index.php(71): CodeIgniter\CodeIgniter->run()
CRITICAL - 2023-06-28 20:32:13 --> Invalid file: template/bank-pro/themes.php
in SYSTEMPATH/Exceptions/FrameworkException.php on line 33.
 1 SYSTEMPATH/View/View.php(201): CodeIgniter\Exceptions\FrameworkException::forInvalidFile('template/bank-pro/themes.php')
 2 SYSTEMPATH/Common.php(1142): CodeIgniter\View\View->render('template/bank-pro/themes', [], true)
 3 APPPATH/Controllers/Pages.php(40): view('template/bank-pro/themes', [...])
 4 SYSTEMPATH/CodeIgniter.php(907): App\Controllers\Pages->view('FCPATH/themes', 'finapp-light', 'webfonts', 'fa-brands-400.ttf')
 5 SYSTEMPATH/CodeIgniter.php(457): CodeIgniter\CodeIgniter->runController(Object(App\Controllers\Pages))
 6 SYSTEMPATH/CodeIgniter.php(340): CodeIgniter\CodeIgniter->handleRequest(null, Object(Config\Cache), false)
 7 FCPATH/index.php(71): CodeIgniter\CodeIgniter->run()
CRITICAL - 2023-06-28 20:32:13 --> Invalid file: template/bank-pro/themes.php
in SYSTEMPATH/Exceptions/FrameworkException.php on line 33.
 1 SYSTEMPATH/View/View.php(201): CodeIgniter\Exceptions\FrameworkException::forInvalidFile('template/bank-pro/themes.php')
 2 SYSTEMPATH/Common.php(1142): CodeIgniter\View\View->render('template/bank-pro/themes', [], true)
 3 APPPATH/Controllers/Pages.php(40): view('template/bank-pro/themes', [...])
 4 SYSTEMPATH/CodeIgniter.php(907): App\Controllers\Pages->view('FCPATH/themes', 'finapp-light', 'webfonts', 'fa-solid-900.ttf')
 5 SYSTEMPATH/CodeIgniter.php(457): CodeIgniter\CodeIgniter->runController(Object(App\Controllers\Pages))
 6 SYSTEMPATH/CodeIgniter.php(340): CodeIgniter\CodeIgniter->handleRequest(null, Object(Config\Cache), false)
 7 FCPATH/index.php(71): CodeIgniter\CodeIgniter->run()
CRITICAL - 2023-06-28 20:32:13 --> Invalid file: template/bank-pro/themes.php
in SYSTEMPATH/Exceptions/FrameworkException.php on line 33.
 1 SYSTEMPATH/View/View.php(201): CodeIgniter\Exceptions\FrameworkException::forInvalidFile('template/bank-pro/themes.php')
 2 SYSTEMPATH/Common.php(1142): CodeIgniter\View\View->render('template/bank-pro/themes', [], true)
 3 APPPATH/Controllers/Pages.php(40): view('template/bank-pro/themes', [...])
 4 SYSTEMPATH/CodeIgniter.php(907): App\Controllers\Pages->view('FCPATH/themes', 'finapp-light', 'webfonts', 'fa-regular-400.ttf')
 5 SYSTEMPATH/CodeIgniter.php(457): CodeIgniter\CodeIgniter->runController(Object(App\Controllers\Pages))
 6 SYSTEMPATH/CodeIgniter.php(340): CodeIgniter\CodeIgniter->handleRequest(null, Object(Config\Cache), false)
 7 FCPATH/index.php(71): CodeIgniter\CodeIgniter->run()
CRITICAL - 2023-06-28 20:32:17 --> Invalid file: template/bank-pro/templates.php
in SYSTEMPATH/Exceptions/FrameworkException.php on line 33.
 1 SYSTEMPATH/View/View.php(201): CodeIgniter\Exceptions\FrameworkException::forInvalidFile('template/bank-pro/templates.php')
 2 SYSTEMPATH/Common.php(1142): CodeIgniter\View\View->render('template/bank-pro/templates', [], true)
 3 APPPATH/Controllers/Pages.php(40): view('template/bank-pro/templates', [...])
 4 SYSTEMPATH/CodeIgniter.php(907): App\Controllers\Pages->view('FCPATH/templates', 'bank-pro', 'p.typekit.net', 'p5e61.css')
 5 SYSTEMPATH/CodeIgniter.php(457): CodeIgniter\CodeIgniter->runController(Object(App\Controllers\Pages))
 6 SYSTEMPATH/CodeIgniter.php(340): CodeIgniter\CodeIgniter->handleRequest(null, Object(Config\Cache), false)
 7 FCPATH/index.php(71): CodeIgniter\CodeIgniter->run()
CRITICAL - 2023-06-28 20:32:18 --> Invalid file: template/bank-pro/templates.php
in SYSTEMPATH/Exceptions/FrameworkException.php on line 33.
 1 SYSTEMPATH/View/View.php(201): CodeIgniter\Exceptions\FrameworkException::forInvalidFile('template/bank-pro/templates.php')
 2 SYSTEMPATH/Common.php(1142): CodeIgniter\View\View->render('template/bank-pro/templates', [], true)
 3 APPPATH/Controllers/Pages.php(40): view('template/bank-pro/templates', [...])
 4 SYSTEMPATH/CodeIgniter.php(907): App\Controllers\Pages->view('FCPATH/templates', 'bank-pro', 'css', 'images', 'FCPATH/assets', 'citadel-logo.svg')
 5 SYSTEMPATH/CodeIgniter.php(457): CodeIgniter\CodeIgniter->runController(Object(App\Controllers\Pages))
 6 SYSTEMPATH/CodeIgniter.php(340): CodeIgniter\CodeIgniter->handleRequest(null, Object(Config\Cache), false)
 7 FCPATH/index.php(71): CodeIgniter\CodeIgniter->run()
CRITICAL - 2023-06-28 20:32:18 --> Invalid file: template/bank-pro/templates.php
in SYSTEMPATH/Exceptions/FrameworkException.php on line 33.
 1 SYSTEMPATH/View/View.php(201): CodeIgniter\Exceptions\FrameworkException::forInvalidFile('template/bank-pro/templates.php')
 2 SYSTEMPATH/Common.php(1142): CodeIgniter\View\View->render('template/bank-pro/templates', [], true)
 3 APPPATH/Controllers/Pages.php(40): view('template/bank-pro/templates', [...])
 4 SYSTEMPATH/CodeIgniter.php(907): App\Controllers\Pages->view('FCPATH/templates', 'bank-pro', 'css', 'images', 'FCPATH/assets', 'ico-caret--black.png')
 5 SYSTEMPATH/CodeIgniter.php(457): CodeIgniter\CodeIgniter->runController(Object(App\Controllers\Pages))
 6 SYSTEMPATH/CodeIgniter.php(340): CodeIgniter\CodeIgniter->handleRequest(null, Object(Config\Cache), false)
 7 FCPATH/index.php(71): CodeIgniter\CodeIgniter->run()
CRITICAL - 2023-06-28 20:32:18 --> Invalid file: template/bank-pro/templates.php
in SYSTEMPATH/Exceptions/FrameworkException.php on line 33.
 1 SYSTEMPATH/View/View.php(201): CodeIgniter\Exceptions\FrameworkException::forInvalidFile('template/bank-pro/templates.php')
 2 SYSTEMPATH/Common.php(1142): CodeIgniter\View\View->render('template/bank-pro/templates', [], true)
 3 APPPATH/Controllers/Pages.php(40): view('template/bank-pro/templates', [...])
 4 SYSTEMPATH/CodeIgniter.php(907): App\Controllers\Pages->view('FCPATH/templates', 'bank-pro', 'css', 'images', 'FCPATH/assets', 'pattern-bg-medium.svg')
 5 SYSTEMPATH/CodeIgniter.php(457): CodeIgniter\CodeIgniter->runController(Object(App\Controllers\Pages))
 6 SYSTEMPATH/CodeIgniter.php(340): CodeIgniter\CodeIgniter->handleRequest(null, Object(Config\Cache), false)
 7 FCPATH/index.php(71): CodeIgniter\CodeIgniter->run()
CRITICAL - 2023-06-28 20:40:25 --> Invalid file: template/bank-pro/templates.php
in SYSTEMPATH/Exceptions/FrameworkException.php on line 33.
 1 SYSTEMPATH/View/View.php(201): CodeIgniter\Exceptions\FrameworkException::forInvalidFile('template/bank-pro/templates.php')
 2 SYSTEMPATH/Common.php(1142): CodeIgniter\View\View->render('template/bank-pro/templates', [], true)
 3 APPPATH/Controllers/Pages.php(40): view('template/bank-pro/templates', [...])
 4 SYSTEMPATH/CodeIgniter.php(907): App\Controllers\Pages->view('FCPATH/templates', 'bank-pro', 'p.typekit.net', 'p5e61.css')
 5 SYSTEMPATH/CodeIgniter.php(457): CodeIgniter\CodeIgniter->runController(Object(App\Controllers\Pages))
 6 SYSTEMPATH/CodeIgniter.php(340): CodeIgniter\CodeIgniter->handleRequest(null, Object(Config\Cache), false)
 7 FCPATH/index.php(71): CodeIgniter\CodeIgniter->run()
CRITICAL - 2023-06-28 20:40:26 --> Invalid file: template/bank-pro/templates.php
in SYSTEMPATH/Exceptions/FrameworkException.php on line 33.
 1 SYSTEMPATH/View/View.php(201): CodeIgniter\Exceptions\FrameworkException::forInvalidFile('template/bank-pro/templates.php')
 2 SYSTEMPATH/Common.php(1142): CodeIgniter\View\View->render('template/bank-pro/templates', [], true)
 3 APPPATH/Controllers/Pages.php(40): view('template/bank-pro/templates', [...])
 4 SYSTEMPATH/CodeIgniter.php(907): App\Controllers\Pages->view('FCPATH/templates', 'bank-pro', 'css', 'images', 'FCPATH/assets', 'citadel-logo.svg')
 5 SYSTEMPATH/CodeIgniter.php(457): CodeIgniter\CodeIgniter->runController(Object(App\Controllers\Pages))
 6 SYSTEMPATH/CodeIgniter.php(340): CodeIgniter\CodeIgniter->handleRequest(null, Object(Config\Cache), false)
 7 FCPATH/index.php(71): CodeIgniter\CodeIgniter->run()
CRITICAL - 2023-06-28 20:40:26 --> Invalid file: template/bank-pro/templates.php
in SYSTEMPATH/Exceptions/FrameworkException.php on line 33.
 1 SYSTEMPATH/View/View.php(201): CodeIgniter\Exceptions\FrameworkException::forInvalidFile('template/bank-pro/templates.php')
 2 SYSTEMPATH/Common.php(1142): CodeIgniter\View\View->render('template/bank-pro/templates', [], true)
 3 APPPATH/Controllers/Pages.php(40): view('template/bank-pro/templates', [...])
 4 SYSTEMPATH/CodeIgniter.php(907): App\Controllers\Pages->view('FCPATH/templates', 'bank-pro', 'css', 'images', 'FCPATH/assets', 'ico-caret--black.png')
 5 SYSTEMPATH/CodeIgniter.php(457): CodeIgniter\CodeIgniter->runController(Object(App\Controllers\Pages))
 6 SYSTEMPATH/CodeIgniter.php(340): CodeIgniter\CodeIgniter->handleRequest(null, Object(Config\Cache), false)
 7 FCPATH/index.php(71): CodeIgniter\CodeIgniter->run()
CRITICAL - 2023-06-28 20:40:26 --> Invalid file: template/bank-pro/templates.php
in SYSTEMPATH/Exceptions/FrameworkException.php on line 33.
 1 SYSTEMPATH/View/View.php(201): CodeIgniter\Exceptions\FrameworkException::forInvalidFile('template/bank-pro/templates.php')
 2 SYSTEMPATH/Common.php(1142): CodeIgniter\View\View->render('template/bank-pro/templates', [], true)
 3 APPPATH/Controllers/Pages.php(40): view('template/bank-pro/templates', [...])
 4 SYSTEMPATH/CodeIgniter.php(907): App\Controllers\Pages->view('FCPATH/templates', 'bank-pro', 'css', 'images', 'FCPATH/assets', 'pattern-bg-medium.svg')
 5 SYSTEMPATH/CodeIgniter.php(457): CodeIgniter\CodeIgniter->runController(Object(App\Controllers\Pages))
 6 SYSTEMPATH/CodeIgniter.php(340): CodeIgniter\CodeIgniter->handleRequest(null, Object(Config\Cache), false)
 7 FCPATH/index.php(71): CodeIgniter\CodeIgniter->run()
CRITICAL - 2023-06-28 20:40:44 --> Invalid file: template/bank-pro/themes.php
in SYSTEMPATH/Exceptions/FrameworkException.php on line 33.
 1 SYSTEMPATH/View/View.php(201): CodeIgniter\Exceptions\FrameworkException::forInvalidFile('template/bank-pro/themes.php')
 2 SYSTEMPATH/Common.php(1142): CodeIgniter\View\View->render('template/bank-pro/themes', [], true)
 3 APPPATH/Controllers/Pages.php(40): view('template/bank-pro/themes', [...])
 4 SYSTEMPATH/CodeIgniter.php(907): App\Controllers\Pages->view('FCPATH/themes', 'finapp-light', 'webfonts', 'fa-solid-900.woff2')
 5 SYSTEMPATH/CodeIgniter.php(457): CodeIgniter\CodeIgniter->runController(Object(App\Controllers\Pages))
 6 SYSTEMPATH/CodeIgniter.php(340): CodeIgniter\CodeIgniter->handleRequest(null, Object(Config\Cache), false)
 7 FCPATH/index.php(71): CodeIgniter\CodeIgniter->run()
CRITICAL - 2023-06-28 20:40:44 --> Invalid file: template/bank-pro/themes.php
in SYSTEMPATH/Exceptions/FrameworkException.php on line 33.
 1 SYSTEMPATH/View/View.php(201): CodeIgniter\Exceptions\FrameworkException::forInvalidFile('template/bank-pro/themes.php')
 2 SYSTEMPATH/Common.php(1142): CodeIgniter\View\View->render('template/bank-pro/themes', [], true)
 3 APPPATH/Controllers/Pages.php(40): view('template/bank-pro/themes', [...])
 4 SYSTEMPATH/CodeIgniter.php(907): App\Controllers\Pages->view('FCPATH/themes', 'finapp-light', 'webfonts', 'fa-brands-400.woff2')
 5 SYSTEMPATH/CodeIgniter.php(457): CodeIgniter\CodeIgniter->runController(Object(App\Controllers\Pages))
 6 SYSTEMPATH/CodeIgniter.php(340): CodeIgniter\CodeIgniter->handleRequest(null, Object(Config\Cache), false)
 7 FCPATH/index.php(71): CodeIgniter\CodeIgniter->run()
CRITICAL - 2023-06-28 20:40:44 --> Invalid file: template/bank-pro/themes.php
in SYSTEMPATH/Exceptions/FrameworkException.php on line 33.
 1 SYSTEMPATH/View/View.php(201): CodeIgniter\Exceptions\FrameworkException::forInvalidFile('template/bank-pro/themes.php')
 2 SYSTEMPATH/Common.php(1142): CodeIgniter\View\View->render('template/bank-pro/themes', [], true)
 3 APPPATH/Controllers/Pages.php(40): view('template/bank-pro/themes', [...])
 4 SYSTEMPATH/CodeIgniter.php(907): App\Controllers\Pages->view('FCPATH/themes', 'finapp-light', 'webfonts', 'fa-regular-400.woff2')
 5 SYSTEMPATH/CodeIgniter.php(457): CodeIgniter\CodeIgniter->runController(Object(App\Controllers\Pages))
 6 SYSTEMPATH/CodeIgniter.php(340): CodeIgniter\CodeIgniter->handleRequest(null, Object(Config\Cache), false)
 7 FCPATH/index.php(71): CodeIgniter\CodeIgniter->run()
CRITICAL - 2023-06-28 20:40:44 --> Invalid file: template/bank-pro/__service-worker.js
in SYSTEMPATH/Exceptions/FrameworkException.php on line 33.
 1 SYSTEMPATH/View/View.php(201): CodeIgniter\Exceptions\FrameworkException::forInvalidFile('template/bank-pro/__service-worker.js')
 2 SYSTEMPATH/Common.php(1142): CodeIgniter\View\View->render('template/bank-pro/__service-worker.js', [], true)
 3 APPPATH/Controllers/Pages.php(40): view('template/bank-pro/__service-worker.js', [...])
 4 SYSTEMPATH/CodeIgniter.php(907): App\Controllers\Pages->view('__service-worker.js')
 5 SYSTEMPATH/CodeIgniter.php(457): CodeIgniter\CodeIgniter->runController(Object(App\Controllers\Pages))
 6 SYSTEMPATH/CodeIgniter.php(340): CodeIgniter\CodeIgniter->handleRequest(null, Object(Config\Cache), false)
 7 FCPATH/index.php(71): CodeIgniter\CodeIgniter->run()
CRITICAL - 2023-06-28 20:40:44 --> Invalid file: template/bank-pro/assets.php
in SYSTEMPATH/Exceptions/FrameworkException.php on line 33.
 1 SYSTEMPATH/View/View.php(201): CodeIgniter\Exceptions\FrameworkException::forInvalidFile('template/bank-pro/assets.php')
 2 SYSTEMPATH/Common.php(1142): CodeIgniter\View\View->render('template/bank-pro/assets', [], true)
 3 APPPATH/Controllers/Pages.php(40): view('template/bank-pro/assets', [...])
 4 SYSTEMPATH/CodeIgniter.php(907): App\Controllers\Pages->view('FCPATH/assets', 'images', 'visa.png')
 5 SYSTEMPATH/CodeIgniter.php(457): CodeIgniter\CodeIgniter->runController(Object(App\Controllers\Pages))
 6 SYSTEMPATH/CodeIgniter.php(340): CodeIgniter\CodeIgniter->handleRequest(null, Object(Config\Cache), false)
 7 FCPATH/index.php(71): CodeIgniter\CodeIgniter->run()
CRITICAL - 2023-06-28 20:40:44 --> Invalid file: template/bank-pro/assets.php
in SYSTEMPATH/Exceptions/FrameworkException.php on line 33.
 1 SYSTEMPATH/View/View.php(201): CodeIgniter\Exceptions\FrameworkException::forInvalidFile('template/bank-pro/assets.php')
 2 SYSTEMPATH/Common.php(1142): CodeIgniter\View\View->render('template/bank-pro/assets', [], true)
 3 APPPATH/Controllers/Pages.php(40): view('template/bank-pro/assets', [...])
 4 SYSTEMPATH/CodeIgniter.php(907): App\Controllers\Pages->view('FCPATH/assets', 'images', 'chip.png')
 5 SYSTEMPATH/CodeIgniter.php(457): CodeIgniter\CodeIgniter->runController(Object(App\Controllers\Pages))
 6 SYSTEMPATH/CodeIgniter.php(340): CodeIgniter\CodeIgniter->handleRequest(null, Object(Config\Cache), false)
 7 FCPATH/index.php(71): CodeIgniter\CodeIgniter->run()
CRITICAL - 2023-06-28 20:40:44 --> Invalid file: template/bank-pro/themes.php
in SYSTEMPATH/Exceptions/FrameworkException.php on line 33.
 1 SYSTEMPATH/View/View.php(201): CodeIgniter\Exceptions\FrameworkException::forInvalidFile('template/bank-pro/themes.php')
 2 SYSTEMPATH/Common.php(1142): CodeIgniter\View\View->render('template/bank-pro/themes', [], true)
 3 APPPATH/Controllers/Pages.php(40): view('template/bank-pro/themes', [...])
 4 SYSTEMPATH/CodeIgniter.php(907): App\Controllers\Pages->view('FCPATH/themes', 'finapp-light', 'webfonts', 'fa-regular-400.woff')
 5 SYSTEMPATH/CodeIgniter.php(457): CodeIgniter\CodeIgniter->runController(Object(App\Controllers\Pages))
 6 SYSTEMPATH/CodeIgniter.php(340): CodeIgniter\CodeIgniter->handleRequest(null, Object(Config\Cache), false)
 7 FCPATH/index.php(71): CodeIgniter\CodeIgniter->run()
CRITICAL - 2023-06-28 20:40:44 --> Invalid file: template/bank-pro/themes.php
in SYSTEMPATH/Exceptions/FrameworkException.php on line 33.
 1 SYSTEMPATH/View/View.php(201): CodeIgniter\Exceptions\FrameworkException::forInvalidFile('template/bank-pro/themes.php')
 2 SYSTEMPATH/Common.php(1142): CodeIgniter\View\View->render('template/bank-pro/themes', [], true)
 3 APPPATH/Controllers/Pages.php(40): view('template/bank-pro/themes', [...])
 4 SYSTEMPATH/CodeIgniter.php(907): App\Controllers\Pages->view('FCPATH/themes', 'finapp-light', 'webfonts', 'fa-solid-900.woff')
 5 SYSTEMPATH/CodeIgniter.php(457): CodeIgniter\CodeIgniter->runController(Object(App\Controllers\Pages))
 6 SYSTEMPATH/CodeIgniter.php(340): CodeIgniter\CodeIgniter->handleRequest(null, Object(Config\Cache), false)
 7 FCPATH/index.php(71): CodeIgniter\CodeIgniter->run()
CRITICAL - 2023-06-28 20:40:44 --> Invalid file: template/bank-pro/themes.php
in SYSTEMPATH/Exceptions/FrameworkException.php on line 33.
 1 SYSTEMPATH/View/View.php(201): CodeIgniter\Exceptions\FrameworkException::forInvalidFile('template/bank-pro/themes.php')
 2 SYSTEMPATH/Common.php(1142): CodeIgniter\View\View->render('template/bank-pro/themes', [], true)
 3 APPPATH/Controllers/Pages.php(40): view('template/bank-pro/themes', [...])
 4 SYSTEMPATH/CodeIgniter.php(907): App\Controllers\Pages->view('FCPATH/themes', 'finapp-light', 'webfonts', 'fa-brands-400.woff')
 5 SYSTEMPATH/CodeIgniter.php(457): CodeIgniter\CodeIgniter->runController(Object(App\Controllers\Pages))
 6 SYSTEMPATH/CodeIgniter.php(340): CodeIgniter\CodeIgniter->handleRequest(null, Object(Config\Cache), false)
 7 FCPATH/index.php(71): CodeIgniter\CodeIgniter->run()
CRITICAL - 2023-06-28 20:40:44 --> Invalid file: template/bank-pro/themes.php
in SYSTEMPATH/Exceptions/FrameworkException.php on line 33.
 1 SYSTEMPATH/View/View.php(201): CodeIgniter\Exceptions\FrameworkException::forInvalidFile('template/bank-pro/themes.php')
 2 SYSTEMPATH/Common.php(1142): CodeIgniter\View\View->render('template/bank-pro/themes', [], true)
 3 APPPATH/Controllers/Pages.php(40): view('template/bank-pro/themes', [...])
 4 SYSTEMPATH/CodeIgniter.php(907): App\Controllers\Pages->view('FCPATH/themes', 'finapp-light', 'webfonts', 'fa-brands-400.ttf')
 5 SYSTEMPATH/CodeIgniter.php(457): CodeIgniter\CodeIgniter->runController(Object(App\Controllers\Pages))
 6 SYSTEMPATH/CodeIgniter.php(340): CodeIgniter\CodeIgniter->handleRequest(null, Object(Config\Cache), false)
 7 FCPATH/index.php(71): CodeIgniter\CodeIgniter->run()
CRITICAL - 2023-06-28 20:40:44 --> Invalid file: template/bank-pro/themes.php
in SYSTEMPATH/Exceptions/FrameworkException.php on line 33.
 1 SYSTEMPATH/View/View.php(201): CodeIgniter\Exceptions\FrameworkException::forInvalidFile('template/bank-pro/themes.php')
 2 SYSTEMPATH/Common.php(1142): CodeIgniter\View\View->render('template/bank-pro/themes', [], true)
 3 APPPATH/Controllers/Pages.php(40): view('template/bank-pro/themes', [...])
 4 SYSTEMPATH/CodeIgniter.php(907): App\Controllers\Pages->view('FCPATH/themes', 'finapp-light', 'webfonts', 'fa-solid-900.ttf')
 5 SYSTEMPATH/CodeIgniter.php(457): CodeIgniter\CodeIgniter->runController(Object(App\Controllers\Pages))
 6 SYSTEMPATH/CodeIgniter.php(340): CodeIgniter\CodeIgniter->handleRequest(null, Object(Config\Cache), false)
 7 FCPATH/index.php(71): CodeIgniter\CodeIgniter->run()
CRITICAL - 2023-06-28 20:40:44 --> Invalid file: template/bank-pro/themes.php
in SYSTEMPATH/Exceptions/FrameworkException.php on line 33.
 1 SYSTEMPATH/View/View.php(201): CodeIgniter\Exceptions\FrameworkException::forInvalidFile('template/bank-pro/themes.php')
 2 SYSTEMPATH/Common.php(1142): CodeIgniter\View\View->render('template/bank-pro/themes', [], true)
 3 APPPATH/Controllers/Pages.php(40): view('template/bank-pro/themes', [...])
 4 SYSTEMPATH/CodeIgniter.php(907): App\Controllers\Pages->view('FCPATH/themes', 'finapp-light', 'webfonts', 'fa-regular-400.ttf')
 5 SYSTEMPATH/CodeIgniter.php(457): CodeIgniter\CodeIgniter->runController(Object(App\Controllers\Pages))
 6 SYSTEMPATH/CodeIgniter.php(340): CodeIgniter\CodeIgniter->handleRequest(null, Object(Config\Cache), false)
 7 FCPATH/index.php(71): CodeIgniter\CodeIgniter->run()
CRITICAL - 2023-06-28 20:40:51 --> Invalid file: template/bank-pro/themes.php
in SYSTEMPATH/Exceptions/FrameworkException.php on line 33.
 1 SYSTEMPATH/View/View.php(201): CodeIgniter\Exceptions\FrameworkException::forInvalidFile('template/bank-pro/themes.php')
 2 SYSTEMPATH/Common.php(1142): CodeIgniter\View\View->render('template/bank-pro/themes', [], true)
 3 APPPATH/Controllers/Pages.php(40): view('template/bank-pro/themes', [...])
 4 SYSTEMPATH/CodeIgniter.php(907): App\Controllers\Pages->view('FCPATH/themes', 'finapp-light', 'webfonts', 'fa-regular-400.woff2')
 5 SYSTEMPATH/CodeIgniter.php(457): CodeIgniter\CodeIgniter->runController(Object(App\Controllers\Pages))
 6 SYSTEMPATH/CodeIgniter.php(340): CodeIgniter\CodeIgniter->handleRequest(null, Object(Config\Cache), false)
 7 FCPATH/index.php(71): CodeIgniter\CodeIgniter->run()
CRITICAL - 2023-06-28 20:40:51 --> Invalid file: template/bank-pro/themes.php
in SYSTEMPATH/Exceptions/FrameworkException.php on line 33.
 1 SYSTEMPATH/View/View.php(201): CodeIgniter\Exceptions\FrameworkException::forInvalidFile('template/bank-pro/themes.php')
 2 SYSTEMPATH/Common.php(1142): CodeIgniter\View\View->render('template/bank-pro/themes', [], true)
 3 APPPATH/Controllers/Pages.php(40): view('template/bank-pro/themes', [...])
 4 SYSTEMPATH/CodeIgniter.php(907): App\Controllers\Pages->view('FCPATH/themes', 'finapp-light', 'webfonts', 'fa-solid-900.woff2')
 5 SYSTEMPATH/CodeIgniter.php(457): CodeIgniter\CodeIgniter->runController(Object(App\Controllers\Pages))
 6 SYSTEMPATH/CodeIgniter.php(340): CodeIgniter\CodeIgniter->handleRequest(null, Object(Config\Cache), false)
 7 FCPATH/index.php(71): CodeIgniter\CodeIgniter->run()
CRITICAL - 2023-06-28 20:40:51 --> Invalid file: template/bank-pro/themes.php
in SYSTEMPATH/Exceptions/FrameworkException.php on line 33.
 1 SYSTEMPATH/View/View.php(201): CodeIgniter\Exceptions\FrameworkException::forInvalidFile('template/bank-pro/themes.php')
 2 SYSTEMPATH/Common.php(1142): CodeIgniter\View\View->render('template/bank-pro/themes', [], true)
 3 APPPATH/Controllers/Pages.php(40): view('template/bank-pro/themes', [...])
 4 SYSTEMPATH/CodeIgniter.php(907): App\Controllers\Pages->view('FCPATH/themes', 'finapp-light', 'webfonts', 'fa-solid-900.woff')
 5 SYSTEMPATH/CodeIgniter.php(457): CodeIgniter\CodeIgniter->runController(Object(App\Controllers\Pages))
 6 SYSTEMPATH/CodeIgniter.php(340): CodeIgniter\CodeIgniter->handleRequest(null, Object(Config\Cache), false)
 7 FCPATH/index.php(71): CodeIgniter\CodeIgniter->run()
CRITICAL - 2023-06-28 20:40:51 --> Invalid file: template/bank-pro/themes.php
in SYSTEMPATH/Exceptions/FrameworkException.php on line 33.
 1 SYSTEMPATH/View/View.php(201): CodeIgniter\Exceptions\FrameworkException::forInvalidFile('template/bank-pro/themes.php')
 2 SYSTEMPATH/Common.php(1142): CodeIgniter\View\View->render('template/bank-pro/themes', [], true)
 3 APPPATH/Controllers/Pages.php(40): view('template/bank-pro/themes', [...])
 4 SYSTEMPATH/CodeIgniter.php(907): App\Controllers\Pages->view('FCPATH/themes', 'finapp-light', 'webfonts', 'fa-regular-400.woff')
 5 SYSTEMPATH/CodeIgniter.php(457): CodeIgniter\CodeIgniter->runController(Object(App\Controllers\Pages))
 6 SYSTEMPATH/CodeIgniter.php(340): CodeIgniter\CodeIgniter->handleRequest(null, Object(Config\Cache), false)
 7 FCPATH/index.php(71): CodeIgniter\CodeIgniter->run()
CRITICAL - 2023-06-28 20:40:51 --> Invalid file: template/bank-pro/themes.php
in SYSTEMPATH/Exceptions/FrameworkException.php on line 33.
 1 SYSTEMPATH/View/View.php(201): CodeIgniter\Exceptions\FrameworkException::forInvalidFile('template/bank-pro/themes.php')
 2 SYSTEMPATH/Common.php(1142): CodeIgniter\View\View->render('template/bank-pro/themes', [], true)
 3 APPPATH/Controllers/Pages.php(40): view('template/bank-pro/themes', [...])
 4 SYSTEMPATH/CodeIgniter.php(907): App\Controllers\Pages->view('FCPATH/themes', 'finapp-light', 'webfonts', 'fa-solid-900.ttf')
 5 SYSTEMPATH/CodeIgniter.php(457): CodeIgniter\CodeIgniter->runController(Object(App\Controllers\Pages))
 6 SYSTEMPATH/CodeIgniter.php(340): CodeIgniter\CodeIgniter->handleRequest(null, Object(Config\Cache), false)
 7 FCPATH/index.php(71): CodeIgniter\CodeIgniter->run()
CRITICAL - 2023-06-28 20:40:51 --> Invalid file: template/bank-pro/themes.php
in SYSTEMPATH/Exceptions/FrameworkException.php on line 33.
 1 SYSTEMPATH/View/View.php(201): CodeIgniter\Exceptions\FrameworkException::forInvalidFile('template/bank-pro/themes.php')
 2 SYSTEMPATH/Common.php(1142): CodeIgniter\View\View->render('template/bank-pro/themes', [], true)
 3 APPPATH/Controllers/Pages.php(40): view('template/bank-pro/themes', [...])
 4 SYSTEMPATH/CodeIgniter.php(907): App\Controllers\Pages->view('FCPATH/themes', 'finapp-light', 'webfonts', 'fa-regular-400.ttf')
 5 SYSTEMPATH/CodeIgniter.php(457): CodeIgniter\CodeIgniter->runController(Object(App\Controllers\Pages))
 6 SYSTEMPATH/CodeIgniter.php(340): CodeIgniter\CodeIgniter->handleRequest(null, Object(Config\Cache), false)
 7 FCPATH/index.php(71): CodeIgniter\CodeIgniter->run()
CRITICAL - 2023-06-28 20:41:03 --> Invalid file: template/bank-pro/assets.php
in SYSTEMPATH/Exceptions/FrameworkException.php on line 33.
 1 SYSTEMPATH/View/View.php(201): CodeIgniter\Exceptions\FrameworkException::forInvalidFile('template/bank-pro/assets.php')
 2 SYSTEMPATH/Common.php(1142): CodeIgniter\View\View->render('template/bank-pro/assets', [], true)
 3 APPPATH/Controllers/Pages.php(40): view('template/bank-pro/assets', [...])
 4 SYSTEMPATH/CodeIgniter.php(907): App\Controllers\Pages->view('FCPATH/assets', 'images', 'chip.png')
 5 SYSTEMPATH/CodeIgniter.php(457): CodeIgniter\CodeIgniter->runController(Object(App\Controllers\Pages))
 6 SYSTEMPATH/CodeIgniter.php(340): CodeIgniter\CodeIgniter->handleRequest(null, Object(Config\Cache), false)
 7 FCPATH/index.php(71): CodeIgniter\CodeIgniter->run()
CRITICAL - 2023-06-28 20:41:03 --> Invalid file: template/bank-pro/themes.php
in SYSTEMPATH/Exceptions/FrameworkException.php on line 33.
 1 SYSTEMPATH/View/View.php(201): CodeIgniter\Exceptions\FrameworkException::forInvalidFile('template/bank-pro/themes.php')
 2 SYSTEMPATH/Common.php(1142): CodeIgniter\View\View->render('template/bank-pro/themes', [], true)
 3 APPPATH/Controllers/Pages.php(40): view('template/bank-pro/themes', [...])
 4 SYSTEMPATH/CodeIgniter.php(907): App\Controllers\Pages->view('FCPATH/themes', 'finapp-light', 'webfonts', 'fa-solid-900.woff2')
 5 SYSTEMPATH/CodeIgniter.php(457): CodeIgniter\CodeIgniter->runController(Object(App\Controllers\Pages))
 6 SYSTEMPATH/CodeIgniter.php(340): CodeIgniter\CodeIgniter->handleRequest(null, Object(Config\Cache), false)
 7 FCPATH/index.php(71): CodeIgniter\CodeIgniter->run()
CRITICAL - 2023-06-28 20:41:03 --> Invalid file: template/bank-pro/themes.php
in SYSTEMPATH/Exceptions/FrameworkException.php on line 33.
 1 SYSTEMPATH/View/View.php(201): CodeIgniter\Exceptions\FrameworkException::forInvalidFile('template/bank-pro/themes.php')
 2 SYSTEMPATH/Common.php(1142): CodeIgniter\View\View->render('template/bank-pro/themes', [], true)
 3 APPPATH/Controllers/Pages.php(40): view('template/bank-pro/themes', [...])
 4 SYSTEMPATH/CodeIgniter.php(907): App\Controllers\Pages->view('FCPATH/themes', 'finapp-light', 'webfonts', 'fa-brands-400.woff2')
 5 SYSTEMPATH/CodeIgniter.php(457): CodeIgniter\CodeIgniter->runController(Object(App\Controllers\Pages))
 6 SYSTEMPATH/CodeIgniter.php(340): CodeIgniter\CodeIgniter->handleRequest(null, Object(Config\Cache), false)
 7 FCPATH/index.php(71): CodeIgniter\CodeIgniter->run()
CRITICAL - 2023-06-28 20:41:03 --> Invalid file: template/bank-pro/assets.php
in SYSTEMPATH/Exceptions/FrameworkException.php on line 33.
 1 SYSTEMPATH/View/View.php(201): CodeIgniter\Exceptions\FrameworkException::forInvalidFile('template/bank-pro/assets.php')
 2 SYSTEMPATH/Common.php(1142): CodeIgniter\View\View->render('template/bank-pro/assets', [], true)
 3 APPPATH/Controllers/Pages.php(40): view('template/bank-pro/assets', [...])
 4 SYSTEMPATH/CodeIgniter.php(907): App\Controllers\Pages->view('FCPATH/assets', 'images', 'visa.png')
 5 SYSTEMPATH/CodeIgniter.php(457): CodeIgniter\CodeIgniter->runController(Object(App\Controllers\Pages))
 6 SYSTEMPATH/CodeIgniter.php(340): CodeIgniter\CodeIgniter->handleRequest(null, Object(Config\Cache), false)
 7 FCPATH/index.php(71): CodeIgniter\CodeIgniter->run()
CRITICAL - 2023-06-28 20:41:03 --> Invalid file: template/bank-pro/themes.php
in SYSTEMPATH/Exceptions/FrameworkException.php on line 33.
 1 SYSTEMPATH/View/View.php(201): CodeIgniter\Exceptions\FrameworkException::forInvalidFile('template/bank-pro/themes.php')
 2 SYSTEMPATH/Common.php(1142): CodeIgniter\View\View->render('template/bank-pro/themes', [], true)
 3 APPPATH/Controllers/Pages.php(40): view('template/bank-pro/themes', [...])
 4 SYSTEMPATH/CodeIgniter.php(907): App\Controllers\Pages->view('FCPATH/themes', 'finapp-light', 'webfonts', 'fa-regular-400.woff2')
 5 SYSTEMPATH/CodeIgniter.php(457): CodeIgniter\CodeIgniter->runController(Object(App\Controllers\Pages))
 6 SYSTEMPATH/CodeIgniter.php(340): CodeIgniter\CodeIgniter->handleRequest(null, Object(Config\Cache), false)
 7 FCPATH/index.php(71): CodeIgniter\CodeIgniter->run()
CRITICAL - 2023-06-28 20:41:03 --> Invalid file: template/bank-pro/__service-worker.js
in SYSTEMPATH/Exceptions/FrameworkException.php on line 33.
 1 SYSTEMPATH/View/View.php(201): CodeIgniter\Exceptions\FrameworkException::forInvalidFile('template/bank-pro/__service-worker.js')
 2 SYSTEMPATH/Common.php(1142): CodeIgniter\View\View->render('template/bank-pro/__service-worker.js', [], true)
 3 APPPATH/Controllers/Pages.php(40): view('template/bank-pro/__service-worker.js', [...])
 4 SYSTEMPATH/CodeIgniter.php(907): App\Controllers\Pages->view('__service-worker.js')
 5 SYSTEMPATH/CodeIgniter.php(457): CodeIgniter\CodeIgniter->runController(Object(App\Controllers\Pages))
 6 SYSTEMPATH/CodeIgniter.php(340): CodeIgniter\CodeIgniter->handleRequest(null, Object(Config\Cache), false)
 7 FCPATH/index.php(71): CodeIgniter\CodeIgniter->run()
CRITICAL - 2023-06-28 20:41:03 --> Invalid file: template/bank-pro/themes.php
in SYSTEMPATH/Exceptions/FrameworkException.php on line 33.
 1 SYSTEMPATH/View/View.php(201): CodeIgniter\Exceptions\FrameworkException::forInvalidFile('template/bank-pro/themes.php')
 2 SYSTEMPATH/Common.php(1142): CodeIgniter\View\View->render('template/bank-pro/themes', [], true)
 3 APPPATH/Controllers/Pages.php(40): view('template/bank-pro/themes', [...])
 4 SYSTEMPATH/CodeIgniter.php(907): App\Controllers\Pages->view('FCPATH/themes', 'finapp-light', 'webfonts', 'fa-regular-400.woff')
 5 SYSTEMPATH/CodeIgniter.php(457): CodeIgniter\CodeIgniter->runController(Object(App\Controllers\Pages))
 6 SYSTEMPATH/CodeIgniter.php(340): CodeIgniter\CodeIgniter->handleRequest(null, Object(Config\Cache), false)
 7 FCPATH/index.php(71): CodeIgniter\CodeIgniter->run()
CRITICAL - 2023-06-28 20:41:03 --> Invalid file: template/bank-pro/themes.php
in SYSTEMPATH/Exceptions/FrameworkException.php on line 33.
 1 SYSTEMPATH/View/View.php(201): CodeIgniter\Exceptions\FrameworkException::forInvalidFile('template/bank-pro/themes.php')
 2 SYSTEMPATH/Common.php(1142): CodeIgniter\View\View->render('template/bank-pro/themes', [], true)
 3 APPPATH/Controllers/Pages.php(40): view('template/bank-pro/themes', [...])
 4 SYSTEMPATH/CodeIgniter.php(907): App\Controllers\Pages->view('FCPATH/themes', 'finapp-light', 'webfonts', 'fa-solid-900.woff')
 5 SYSTEMPATH/CodeIgniter.php(457): CodeIgniter\CodeIgniter->runController(Object(App\Controllers\Pages))
 6 SYSTEMPATH/CodeIgniter.php(340): CodeIgniter\CodeIgniter->handleRequest(null, Object(Config\Cache), false)
 7 FCPATH/index.php(71): CodeIgniter\CodeIgniter->run()
CRITICAL - 2023-06-28 20:41:03 --> Invalid file: template/bank-pro/themes.php
in SYSTEMPATH/Exceptions/FrameworkException.php on line 33.
 1 SYSTEMPATH/View/View.php(201): CodeIgniter\Exceptions\FrameworkException::forInvalidFile('template/bank-pro/themes.php')
 2 SYSTEMPATH/Common.php(1142): CodeIgniter\View\View->render('template/bank-pro/themes', [], true)
 3 APPPATH/Controllers/Pages.php(40): view('template/bank-pro/themes', [...])
 4 SYSTEMPATH/CodeIgniter.php(907): App\Controllers\Pages->view('FCPATH/themes', 'finapp-light', 'webfonts', 'fa-brands-400.woff')
 5 SYSTEMPATH/CodeIgniter.php(457): CodeIgniter\CodeIgniter->runController(Object(App\Controllers\Pages))
 6 SYSTEMPATH/CodeIgniter.php(340): CodeIgniter\CodeIgniter->handleRequest(null, Object(Config\Cache), false)
 7 FCPATH/index.php(71): CodeIgniter\CodeIgniter->run()
CRITICAL - 2023-06-28 20:41:03 --> Invalid file: template/bank-pro/themes.php
in SYSTEMPATH/Exceptions/FrameworkException.php on line 33.
 1 SYSTEMPATH/View/View.php(201): CodeIgniter\Exceptions\FrameworkException::forInvalidFile('template/bank-pro/themes.php')
 2 SYSTEMPATH/Common.php(1142): CodeIgniter\View\View->render('template/bank-pro/themes', [], true)
 3 APPPATH/Controllers/Pages.php(40): view('template/bank-pro/themes', [...])
 4 SYSTEMPATH/CodeIgniter.php(907): App\Controllers\Pages->view('FCPATH/themes', 'finapp-light', 'webfonts', 'fa-solid-900.ttf')
 5 SYSTEMPATH/CodeIgniter.php(457): CodeIgniter\CodeIgniter->runController(Object(App\Controllers\Pages))
 6 SYSTEMPATH/CodeIgniter.php(340): CodeIgniter\CodeIgniter->handleRequest(null, Object(Config\Cache), false)
 7 FCPATH/index.php(71): CodeIgniter\CodeIgniter->run()
CRITICAL - 2023-06-28 20:41:03 --> Invalid file: template/bank-pro/themes.php
in SYSTEMPATH/Exceptions/FrameworkException.php on line 33.
 1 SYSTEMPATH/View/View.php(201): CodeIgniter\Exceptions\FrameworkException::forInvalidFile('template/bank-pro/themes.php')
 2 SYSTEMPATH/Common.php(1142): CodeIgniter\View\View->render('template/bank-pro/themes', [], true)
 3 APPPATH/Controllers/Pages.php(40): view('template/bank-pro/themes', [...])
 4 SYSTEMPATH/CodeIgniter.php(907): App\Controllers\Pages->view('FCPATH/themes', 'finapp-light', 'webfonts', 'fa-brands-400.ttf')
 5 SYSTEMPATH/CodeIgniter.php(457): CodeIgniter\CodeIgniter->runController(Object(App\Controllers\Pages))
 6 SYSTEMPATH/CodeIgniter.php(340): CodeIgniter\CodeIgniter->handleRequest(null, Object(Config\Cache), false)
 7 FCPATH/index.php(71): CodeIgniter\CodeIgniter->run()
CRITICAL - 2023-06-28 20:41:03 --> Invalid file: template/bank-pro/themes.php
in SYSTEMPATH/Exceptions/FrameworkException.php on line 33.
 1 SYSTEMPATH/View/View.php(201): CodeIgniter\Exceptions\FrameworkException::forInvalidFile('template/bank-pro/themes.php')
 2 SYSTEMPATH/Common.php(1142): CodeIgniter\View\View->render('template/bank-pro/themes', [], true)
 3 APPPATH/Controllers/Pages.php(40): view('template/bank-pro/themes', [...])
 4 SYSTEMPATH/CodeIgniter.php(907): App\Controllers\Pages->view('FCPATH/themes', 'finapp-light', 'webfonts', 'fa-regular-400.ttf')
 5 SYSTEMPATH/CodeIgniter.php(457): CodeIgniter\CodeIgniter->runController(Object(App\Controllers\Pages))
 6 SYSTEMPATH/CodeIgniter.php(340): CodeIgniter\CodeIgniter->handleRequest(null, Object(Config\Cache), false)
 7 FCPATH/index.php(71): CodeIgniter\CodeIgniter->run()
CRITICAL - 2023-06-28 20:41:04 --> Invalid file: template/bank-pro/themes.php
in SYSTEMPATH/Exceptions/FrameworkException.php on line 33.
 1 SYSTEMPATH/View/View.php(201): CodeIgniter\Exceptions\FrameworkException::forInvalidFile('template/bank-pro/themes.php')
 2 SYSTEMPATH/Common.php(1142): CodeIgniter\View\View->render('template/bank-pro/themes', [], true)
 3 APPPATH/Controllers/Pages.php(40): view('template/bank-pro/themes', [...])
 4 SYSTEMPATH/CodeIgniter.php(907): App\Controllers\Pages->view('FCPATH/themes', 'finapp-light', 'webfonts', 'fa-regular-400.woff2')
 5 SYSTEMPATH/CodeIgniter.php(457): CodeIgniter\CodeIgniter->runController(Object(App\Controllers\Pages))
 6 SYSTEMPATH/CodeIgniter.php(340): CodeIgniter\CodeIgniter->handleRequest(null, Object(Config\Cache), false)
 7 FCPATH/index.php(71): CodeIgniter\CodeIgniter->run()
CRITICAL - 2023-06-28 20:41:04 --> Invalid file: template/bank-pro/themes.php
in SYSTEMPATH/Exceptions/FrameworkException.php on line 33.
 1 SYSTEMPATH/View/View.php(201): CodeIgniter\Exceptions\FrameworkException::forInvalidFile('template/bank-pro/themes.php')
 2 SYSTEMPATH/Common.php(1142): CodeIgniter\View\View->render('template/bank-pro/themes', [], true)
 3 APPPATH/Controllers/Pages.php(40): view('template/bank-pro/themes', [...])
 4 SYSTEMPATH/CodeIgniter.php(907): App\Controllers\Pages->view('FCPATH/themes', 'finapp-light', 'webfonts', 'fa-solid-900.woff2')
 5 SYSTEMPATH/CodeIgniter.php(457): CodeIgniter\CodeIgniter->runController(Object(App\Controllers\Pages))
 6 SYSTEMPATH/CodeIgniter.php(340): CodeIgniter\CodeIgniter->handleRequest(null, Object(Config\Cache), false)
 7 FCPATH/index.php(71): CodeIgniter\CodeIgniter->run()
CRITICAL - 2023-06-28 20:41:05 --> Invalid file: template/bank-pro/themes.php
in SYSTEMPATH/Exceptions/FrameworkException.php on line 33.
 1 SYSTEMPATH/View/View.php(201): CodeIgniter\Exceptions\FrameworkException::forInvalidFile('template/bank-pro/themes.php')
 2 SYSTEMPATH/Common.php(1142): CodeIgniter\View\View->render('template/bank-pro/themes', [], true)
 3 APPPATH/Controllers/Pages.php(40): view('template/bank-pro/themes', [...])
 4 SYSTEMPATH/CodeIgniter.php(907): App\Controllers\Pages->view('FCPATH/themes', 'finapp-light', 'webfonts', 'fa-regular-400.woff')
 5 SYSTEMPATH/CodeIgniter.php(457): CodeIgniter\CodeIgniter->runController(Object(App\Controllers\Pages))
 6 SYSTEMPATH/CodeIgniter.php(340): CodeIgniter\CodeIgniter->handleRequest(null, Object(Config\Cache), false)
 7 FCPATH/index.php(71): CodeIgniter\CodeIgniter->run()
CRITICAL - 2023-06-28 20:41:05 --> Invalid file: template/bank-pro/themes.php
in SYSTEMPATH/Exceptions/FrameworkException.php on line 33.
 1 SYSTEMPATH/View/View.php(201): CodeIgniter\Exceptions\FrameworkException::forInvalidFile('template/bank-pro/themes.php')
 2 SYSTEMPATH/Common.php(1142): CodeIgniter\View\View->render('template/bank-pro/themes', [], true)
 3 APPPATH/Controllers/Pages.php(40): view('template/bank-pro/themes', [...])
 4 SYSTEMPATH/CodeIgniter.php(907): App\Controllers\Pages->view('FCPATH/themes', 'finapp-light', 'webfonts', 'fa-solid-900.woff')
 5 SYSTEMPATH/CodeIgniter.php(457): CodeIgniter\CodeIgniter->runController(Object(App\Controllers\Pages))
 6 SYSTEMPATH/CodeIgniter.php(340): CodeIgniter\CodeIgniter->handleRequest(null, Object(Config\Cache), false)
 7 FCPATH/index.php(71): CodeIgniter\CodeIgniter->run()
CRITICAL - 2023-06-28 20:41:05 --> Invalid file: template/bank-pro/themes.php
in SYSTEMPATH/Exceptions/FrameworkException.php on line 33.
 1 SYSTEMPATH/View/View.php(201): CodeIgniter\Exceptions\FrameworkException::forInvalidFile('template/bank-pro/themes.php')
 2 SYSTEMPATH/Common.php(1142): CodeIgniter\View\View->render('template/bank-pro/themes', [], true)
 3 APPPATH/Controllers/Pages.php(40): view('template/bank-pro/themes', [...])
 4 SYSTEMPATH/CodeIgniter.php(907): App\Controllers\Pages->view('FCPATH/themes', 'finapp-light', 'webfonts', 'fa-regular-400.ttf')
 5 SYSTEMPATH/CodeIgniter.php(457): CodeIgniter\CodeIgniter->runController(Object(App\Controllers\Pages))
 6 SYSTEMPATH/CodeIgniter.php(340): CodeIgniter\CodeIgniter->handleRequest(null, Object(Config\Cache), false)
 7 FCPATH/index.php(71): CodeIgniter\CodeIgniter->run()
CRITICAL - 2023-06-28 20:41:05 --> Invalid file: template/bank-pro/themes.php
in SYSTEMPATH/Exceptions/FrameworkException.php on line 33.
 1 SYSTEMPATH/View/View.php(201): CodeIgniter\Exceptions\FrameworkException::forInvalidFile('template/bank-pro/themes.php')
 2 SYSTEMPATH/Common.php(1142): CodeIgniter\View\View->render('template/bank-pro/themes', [], true)
 3 APPPATH/Controllers/Pages.php(40): view('template/bank-pro/themes', [...])
 4 SYSTEMPATH/CodeIgniter.php(907): App\Controllers\Pages->view('FCPATH/themes', 'finapp-light', 'webfonts', 'fa-solid-900.ttf')
 5 SYSTEMPATH/CodeIgniter.php(457): CodeIgniter\CodeIgniter->runController(Object(App\Controllers\Pages))
 6 SYSTEMPATH/CodeIgniter.php(340): CodeIgniter\CodeIgniter->handleRequest(null, Object(Config\Cache), false)
 7 FCPATH/index.php(71): CodeIgniter\CodeIgniter->run()
CRITICAL - 2023-06-28 20:43:11 --> Invalid file: template/bank-pro/themes.php
in SYSTEMPATH/Exceptions/FrameworkException.php on line 33.
 1 SYSTEMPATH/View/View.php(201): CodeIgniter\Exceptions\FrameworkException::forInvalidFile('template/bank-pro/themes.php')
 2 SYSTEMPATH/Common.php(1142): CodeIgniter\View\View->render('template/bank-pro/themes', [], true)
 3 APPPATH/Controllers/Pages.php(40): view('template/bank-pro/themes', [...])
 4 SYSTEMPATH/CodeIgniter.php(907): App\Controllers\Pages->view('FCPATH/themes', 'finapp-light', 'webfonts', 'fa-solid-900.woff2')
 5 SYSTEMPATH/CodeIgniter.php(457): CodeIgniter\CodeIgniter->runController(Object(App\Controllers\Pages))
 6 SYSTEMPATH/CodeIgniter.php(340): CodeIgniter\CodeIgniter->handleRequest(null, Object(Config\Cache), false)
 7 FCPATH/index.php(71): CodeIgniter\CodeIgniter->run()
CRITICAL - 2023-06-28 20:43:11 --> Invalid file: template/bank-pro/themes.php
in SYSTEMPATH/Exceptions/FrameworkException.php on line 33.
 1 SYSTEMPATH/View/View.php(201): CodeIgniter\Exceptions\FrameworkException::forInvalidFile('template/bank-pro/themes.php')
 2 SYSTEMPATH/Common.php(1142): CodeIgniter\View\View->render('template/bank-pro/themes', [], true)
 3 APPPATH/Controllers/Pages.php(40): view('template/bank-pro/themes', [...])
 4 SYSTEMPATH/CodeIgniter.php(907): App\Controllers\Pages->view('FCPATH/themes', 'finapp-light', 'webfonts', 'fa-regular-400.woff2')
 5 SYSTEMPATH/CodeIgniter.php(457): CodeIgniter\CodeIgniter->runController(Object(App\Controllers\Pages))
 6 SYSTEMPATH/CodeIgniter.php(340): CodeIgniter\CodeIgniter->handleRequest(null, Object(Config\Cache), false)
 7 FCPATH/index.php(71): CodeIgniter\CodeIgniter->run()
CRITICAL - 2023-06-28 20:43:11 --> Invalid file: template/bank-pro/themes.php
in SYSTEMPATH/Exceptions/FrameworkException.php on line 33.
 1 SYSTEMPATH/View/View.php(201): CodeIgniter\Exceptions\FrameworkException::forInvalidFile('template/bank-pro/themes.php')
 2 SYSTEMPATH/Common.php(1142): CodeIgniter\View\View->render('template/bank-pro/themes', [], true)
 3 APPPATH/Controllers/Pages.php(40): view('template/bank-pro/themes', [...])
 4 SYSTEMPATH/CodeIgniter.php(907): App\Controllers\Pages->view('FCPATH/themes', 'finapp-light', 'webfonts', 'fa-solid-900.woff')
 5 SYSTEMPATH/CodeIgniter.php(457): CodeIgniter\CodeIgniter->runController(Object(App\Controllers\Pages))
 6 SYSTEMPATH/CodeIgniter.php(340): CodeIgniter\CodeIgniter->handleRequest(null, Object(Config\Cache), false)
 7 FCPATH/index.php(71): CodeIgniter\CodeIgniter->run()
CRITICAL - 2023-06-28 20:43:11 --> Invalid file: template/bank-pro/themes.php
in SYSTEMPATH/Exceptions/FrameworkException.php on line 33.
 1 SYSTEMPATH/View/View.php(201): CodeIgniter\Exceptions\FrameworkException::forInvalidFile('template/bank-pro/themes.php')
 2 SYSTEMPATH/Common.php(1142): CodeIgniter\View\View->render('template/bank-pro/themes', [], true)
 3 APPPATH/Controllers/Pages.php(40): view('template/bank-pro/themes', [...])
 4 SYSTEMPATH/CodeIgniter.php(907): App\Controllers\Pages->view('FCPATH/themes', 'finapp-light', 'webfonts', 'fa-regular-400.woff')
 5 SYSTEMPATH/CodeIgniter.php(457): CodeIgniter\CodeIgniter->runController(Object(App\Controllers\Pages))
 6 SYSTEMPATH/CodeIgniter.php(340): CodeIgniter\CodeIgniter->handleRequest(null, Object(Config\Cache), false)
 7 FCPATH/index.php(71): CodeIgniter\CodeIgniter->run()
CRITICAL - 2023-06-28 20:43:11 --> Invalid file: template/bank-pro/themes.php
in SYSTEMPATH/Exceptions/FrameworkException.php on line 33.
 1 SYSTEMPATH/View/View.php(201): CodeIgniter\Exceptions\FrameworkException::forInvalidFile('template/bank-pro/themes.php')
 2 SYSTEMPATH/Common.php(1142): CodeIgniter\View\View->render('template/bank-pro/themes', [], true)
 3 APPPATH/Controllers/Pages.php(40): view('template/bank-pro/themes', [...])
 4 SYSTEMPATH/CodeIgniter.php(907): App\Controllers\Pages->view('FCPATH/themes', 'finapp-light', 'webfonts', 'fa-solid-900.ttf')
 5 SYSTEMPATH/CodeIgniter.php(457): CodeIgniter\CodeIgniter->runController(Object(App\Controllers\Pages))
 6 SYSTEMPATH/CodeIgniter.php(340): CodeIgniter\CodeIgniter->handleRequest(null, Object(Config\Cache), false)
 7 FCPATH/index.php(71): CodeIgniter\CodeIgniter->run()
CRITICAL - 2023-06-28 20:43:11 --> Invalid file: template/bank-pro/themes.php
in SYSTEMPATH/Exceptions/FrameworkException.php on line 33.
 1 SYSTEMPATH/View/View.php(201): CodeIgniter\Exceptions\FrameworkException::forInvalidFile('template/bank-pro/themes.php')
 2 SYSTEMPATH/Common.php(1142): CodeIgniter\View\View->render('template/bank-pro/themes', [], true)
 3 APPPATH/Controllers/Pages.php(40): view('template/bank-pro/themes', [...])
 4 SYSTEMPATH/CodeIgniter.php(907): App\Controllers\Pages->view('FCPATH/themes', 'finapp-light', 'webfonts', 'fa-regular-400.ttf')
 5 SYSTEMPATH/CodeIgniter.php(457): CodeIgniter\CodeIgniter->runController(Object(App\Controllers\Pages))
 6 SYSTEMPATH/CodeIgniter.php(340): CodeIgniter\CodeIgniter->handleRequest(null, Object(Config\Cache), false)
 7 FCPATH/index.php(71): CodeIgniter\CodeIgniter->run()
CRITICAL - 2023-06-28 20:43:20 --> Invalid file: template/bank-pro/assets.php
in SYSTEMPATH/Exceptions/FrameworkException.php on line 33.
 1 SYSTEMPATH/View/View.php(201): CodeIgniter\Exceptions\FrameworkException::forInvalidFile('template/bank-pro/assets.php')
 2 SYSTEMPATH/Common.php(1142): CodeIgniter\View\View->render('template/bank-pro/assets', [], true)
 3 APPPATH/Controllers/Pages.php(40): view('template/bank-pro/assets', [...])
 4 SYSTEMPATH/CodeIgniter.php(907): App\Controllers\Pages->view('FCPATH/assets', 'images', 'chip.png')
 5 SYSTEMPATH/CodeIgniter.php(457): CodeIgniter\CodeIgniter->runController(Object(App\Controllers\Pages))
 6 SYSTEMPATH/CodeIgniter.php(340): CodeIgniter\CodeIgniter->handleRequest(null, Object(Config\Cache), false)
 7 FCPATH/index.php(71): CodeIgniter\CodeIgniter->run()
CRITICAL - 2023-06-28 20:43:20 --> Invalid file: template/bank-pro/assets.php
in SYSTEMPATH/Exceptions/FrameworkException.php on line 33.
 1 SYSTEMPATH/View/View.php(201): CodeIgniter\Exceptions\FrameworkException::forInvalidFile('template/bank-pro/assets.php')
 2 SYSTEMPATH/Common.php(1142): CodeIgniter\View\View->render('template/bank-pro/assets', [], true)
 3 APPPATH/Controllers/Pages.php(40): view('template/bank-pro/assets', [...])
 4 SYSTEMPATH/CodeIgniter.php(907): App\Controllers\Pages->view('FCPATH/assets', 'images', 'visa.png')
 5 SYSTEMPATH/CodeIgniter.php(457): CodeIgniter\CodeIgniter->runController(Object(App\Controllers\Pages))
 6 SYSTEMPATH/CodeIgniter.php(340): CodeIgniter\CodeIgniter->handleRequest(null, Object(Config\Cache), false)
 7 FCPATH/index.php(71): CodeIgniter\CodeIgniter->run()
CRITICAL - 2023-06-28 20:43:20 --> Invalid file: template/bank-pro/themes.php
in SYSTEMPATH/Exceptions/FrameworkException.php on line 33.
 1 SYSTEMPATH/View/View.php(201): CodeIgniter\Exceptions\FrameworkException::forInvalidFile('template/bank-pro/themes.php')
 2 SYSTEMPATH/Common.php(1142): CodeIgniter\View\View->render('template/bank-pro/themes', [], true)
 3 APPPATH/Controllers/Pages.php(40): view('template/bank-pro/themes', [...])
 4 SYSTEMPATH/CodeIgniter.php(907): App\Controllers\Pages->view('FCPATH/themes', 'finapp-light', 'webfonts', 'fa-solid-900.woff2')
 5 SYSTEMPATH/CodeIgniter.php(457): CodeIgniter\CodeIgniter->runController(Object(App\Controllers\Pages))
 6 SYSTEMPATH/CodeIgniter.php(340): CodeIgniter\CodeIgniter->handleRequest(null, Object(Config\Cache), false)
 7 FCPATH/index.php(71): CodeIgniter\CodeIgniter->run()
CRITICAL - 2023-06-28 20:43:20 --> Invalid file: template/bank-pro/themes.php
in SYSTEMPATH/Exceptions/FrameworkException.php on line 33.
 1 SYSTEMPATH/View/View.php(201): CodeIgniter\Exceptions\FrameworkException::forInvalidFile('template/bank-pro/themes.php')
 2 SYSTEMPATH/Common.php(1142): CodeIgniter\View\View->render('template/bank-pro/themes', [], true)
 3 APPPATH/Controllers/Pages.php(40): view('template/bank-pro/themes', [...])
 4 SYSTEMPATH/CodeIgniter.php(907): App\Controllers\Pages->view('FCPATH/themes', 'finapp-light', 'webfonts', 'fa-brands-400.woff2')
 5 SYSTEMPATH/CodeIgniter.php(457): CodeIgniter\CodeIgniter->runController(Object(App\Controllers\Pages))
 6 SYSTEMPATH/CodeIgniter.php(340): CodeIgniter\CodeIgniter->handleRequest(null, Object(Config\Cache), false)
 7 FCPATH/index.php(71): CodeIgniter\CodeIgniter->run()
CRITICAL - 2023-06-28 20:43:20 --> Invalid file: template/bank-pro/themes.php
in SYSTEMPATH/Exceptions/FrameworkException.php on line 33.
 1 SYSTEMPATH/View/View.php(201): CodeIgniter\Exceptions\FrameworkException::forInvalidFile('template/bank-pro/themes.php')
 2 SYSTEMPATH/Common.php(1142): CodeIgniter\View\View->render('template/bank-pro/themes', [], true)
 3 APPPATH/Controllers/Pages.php(40): view('template/bank-pro/themes', [...])
 4 SYSTEMPATH/CodeIgniter.php(907): App\Controllers\Pages->view('FCPATH/themes', 'finapp-light', 'webfonts', 'fa-regular-400.woff2')
 5 SYSTEMPATH/CodeIgniter.php(457): CodeIgniter\CodeIgniter->runController(Object(App\Controllers\Pages))
 6 SYSTEMPATH/CodeIgniter.php(340): CodeIgniter\CodeIgniter->handleRequest(null, Object(Config\Cache), false)
 7 FCPATH/index.php(71): CodeIgniter\CodeIgniter->run()
CRITICAL - 2023-06-28 20:43:20 --> Invalid file: template/bank-pro/__service-worker.js
in SYSTEMPATH/Exceptions/FrameworkException.php on line 33.
 1 SYSTEMPATH/View/View.php(201): CodeIgniter\Exceptions\FrameworkException::forInvalidFile('template/bank-pro/__service-worker.js')
 2 SYSTEMPATH/Common.php(1142): CodeIgniter\View\View->render('template/bank-pro/__service-worker.js', [], true)
 3 APPPATH/Controllers/Pages.php(40): view('template/bank-pro/__service-worker.js', [...])
 4 SYSTEMPATH/CodeIgniter.php(907): App\Controllers\Pages->view('__service-worker.js')
 5 SYSTEMPATH/CodeIgniter.php(457): CodeIgniter\CodeIgniter->runController(Object(App\Controllers\Pages))
 6 SYSTEMPATH/CodeIgniter.php(340): CodeIgniter\CodeIgniter->handleRequest(null, Object(Config\Cache), false)
 7 FCPATH/index.php(71): CodeIgniter\CodeIgniter->run()
CRITICAL - 2023-06-28 20:43:21 --> Invalid file: template/bank-pro/themes.php
in SYSTEMPATH/Exceptions/FrameworkException.php on line 33.
 1 SYSTEMPATH/View/View.php(201): CodeIgniter\Exceptions\FrameworkException::forInvalidFile('template/bank-pro/themes.php')
 2 SYSTEMPATH/Common.php(1142): CodeIgniter\View\View->render('template/bank-pro/themes', [], true)
 3 APPPATH/Controllers/Pages.php(40): view('template/bank-pro/themes', [...])
 4 SYSTEMPATH/CodeIgniter.php(907): App\Controllers\Pages->view('FCPATH/themes', 'finapp-light', 'webfonts', 'fa-regular-400.woff')
 5 SYSTEMPATH/CodeIgniter.php(457): CodeIgniter\CodeIgniter->runController(Object(App\Controllers\Pages))
 6 SYSTEMPATH/CodeIgniter.php(340): CodeIgniter\CodeIgniter->handleRequest(null, Object(Config\Cache), false)
 7 FCPATH/index.php(71): CodeIgniter\CodeIgniter->run()
CRITICAL - 2023-06-28 20:43:21 --> Invalid file: template/bank-pro/themes.php
in SYSTEMPATH/Exceptions/FrameworkException.php on line 33.
 1 SYSTEMPATH/View/View.php(201): CodeIgniter\Exceptions\FrameworkException::forInvalidFile('template/bank-pro/themes.php')
 2 SYSTEMPATH/Common.php(1142): CodeIgniter\View\View->render('template/bank-pro/themes', [], true)
 3 APPPATH/Controllers/Pages.php(40): view('template/bank-pro/themes', [...])
 4 SYSTEMPATH/CodeIgniter.php(907): App\Controllers\Pages->view('FCPATH/themes', 'finapp-light', 'webfonts', 'fa-solid-900.woff')
 5 SYSTEMPATH/CodeIgniter.php(457): CodeIgniter\CodeIgniter->runController(Object(App\Controllers\Pages))
 6 SYSTEMPATH/CodeIgniter.php(340): CodeIgniter\CodeIgniter->handleRequest(null, Object(Config\Cache), false)
 7 FCPATH/index.php(71): CodeIgniter\CodeIgniter->run()
CRITICAL - 2023-06-28 20:43:21 --> Invalid file: template/bank-pro/themes.php
in SYSTEMPATH/Exceptions/FrameworkException.php on line 33.
 1 SYSTEMPATH/View/View.php(201): CodeIgniter\Exceptions\FrameworkException::forInvalidFile('template/bank-pro/themes.php')
 2 SYSTEMPATH/Common.php(1142): CodeIgniter\View\View->render('template/bank-pro/themes', [], true)
 3 APPPATH/Controllers/Pages.php(40): view('template/bank-pro/themes', [...])
 4 SYSTEMPATH/CodeIgniter.php(907): App\Controllers\Pages->view('FCPATH/themes', 'finapp-light', 'webfonts', 'fa-brands-400.woff')
 5 SYSTEMPATH/CodeIgniter.php(457): CodeIgniter\CodeIgniter->runController(Object(App\Controllers\Pages))
 6 SYSTEMPATH/CodeIgniter.php(340): CodeIgniter\CodeIgniter->handleRequest(null, Object(Config\Cache), false)
 7 FCPATH/index.php(71): CodeIgniter\CodeIgniter->run()
CRITICAL - 2023-06-28 20:43:21 --> Invalid file: template/bank-pro/themes.php
in SYSTEMPATH/Exceptions/FrameworkException.php on line 33.
 1 SYSTEMPATH/View/View.php(201): CodeIgniter\Exceptions\FrameworkException::forInvalidFile('template/bank-pro/themes.php')
 2 SYSTEMPATH/Common.php(1142): CodeIgniter\View\View->render('template/bank-pro/themes', [], true)
 3 APPPATH/Controllers/Pages.php(40): view('template/bank-pro/themes', [...])
 4 SYSTEMPATH/CodeIgniter.php(907): App\Controllers\Pages->view('FCPATH/themes', 'finapp-light', 'webfonts', 'fa-regular-400.ttf')
 5 SYSTEMPATH/CodeIgniter.php(457): CodeIgniter\CodeIgniter->runController(Object(App\Controllers\Pages))
 6 SYSTEMPATH/CodeIgniter.php(340): CodeIgniter\CodeIgniter->handleRequest(null, Object(Config\Cache), false)
 7 FCPATH/index.php(71): CodeIgniter\CodeIgniter->run()
CRITICAL - 2023-06-28 20:43:21 --> Invalid file: template/bank-pro/themes.php
in SYSTEMPATH/Exceptions/FrameworkException.php on line 33.
 1 SYSTEMPATH/View/View.php(201): CodeIgniter\Exceptions\FrameworkException::forInvalidFile('template/bank-pro/themes.php')
 2 SYSTEMPATH/Common.php(1142): CodeIgniter\View\View->render('template/bank-pro/themes', [], true)
 3 APPPATH/Controllers/Pages.php(40): view('template/bank-pro/themes', [...])
 4 SYSTEMPATH/CodeIgniter.php(907): App\Controllers\Pages->view('FCPATH/themes', 'finapp-light', 'webfonts', 'fa-solid-900.ttf')
 5 SYSTEMPATH/CodeIgniter.php(457): CodeIgniter\CodeIgniter->runController(Object(App\Controllers\Pages))
 6 SYSTEMPATH/CodeIgniter.php(340): CodeIgniter\CodeIgniter->handleRequest(null, Object(Config\Cache), false)
 7 FCPATH/index.php(71): CodeIgniter\CodeIgniter->run()
CRITICAL - 2023-06-28 20:43:21 --> Invalid file: template/bank-pro/themes.php
in SYSTEMPATH/Exceptions/FrameworkException.php on line 33.
 1 SYSTEMPATH/View/View.php(201): CodeIgniter\Exceptions\FrameworkException::forInvalidFile('template/bank-pro/themes.php')
 2 SYSTEMPATH/Common.php(1142): CodeIgniter\View\View->render('template/bank-pro/themes', [], true)
 3 APPPATH/Controllers/Pages.php(40): view('template/bank-pro/themes', [...])
 4 SYSTEMPATH/CodeIgniter.php(907): App\Controllers\Pages->view('FCPATH/themes', 'finapp-light', 'webfonts', 'fa-brands-400.ttf')
 5 SYSTEMPATH/CodeIgniter.php(457): CodeIgniter\CodeIgniter->runController(Object(App\Controllers\Pages))
 6 SYSTEMPATH/CodeIgniter.php(340): CodeIgniter\CodeIgniter->handleRequest(null, Object(Config\Cache), false)
 7 FCPATH/index.php(71): CodeIgniter\CodeIgniter->run()
CRITICAL - 2023-06-28 20:43:29 --> Invalid file: template/bank-pro/themes.php
in SYSTEMPATH/Exceptions/FrameworkException.php on line 33.
 1 SYSTEMPATH/View/View.php(201): CodeIgniter\Exceptions\FrameworkException::forInvalidFile('template/bank-pro/themes.php')
 2 SYSTEMPATH/Common.php(1142): CodeIgniter\View\View->render('template/bank-pro/themes', [], true)
 3 APPPATH/Controllers/Pages.php(40): view('template/bank-pro/themes', [...])
 4 SYSTEMPATH/CodeIgniter.php(907): App\Controllers\Pages->view('FCPATH/themes', 'finapp-light', 'webfonts', 'fa-solid-900.woff2')
 5 SYSTEMPATH/CodeIgniter.php(457): CodeIgniter\CodeIgniter->runController(Object(App\Controllers\Pages))
 6 SYSTEMPATH/CodeIgniter.php(340): CodeIgniter\CodeIgniter->handleRequest(null, Object(Config\Cache), false)
 7 FCPATH/index.php(71): CodeIgniter\CodeIgniter->run()
CRITICAL - 2023-06-28 20:43:29 --> Invalid file: template/bank-pro/themes.php
in SYSTEMPATH/Exceptions/FrameworkException.php on line 33.
 1 SYSTEMPATH/View/View.php(201): CodeIgniter\Exceptions\FrameworkException::forInvalidFile('template/bank-pro/themes.php')
 2 SYSTEMPATH/Common.php(1142): CodeIgniter\View\View->render('template/bank-pro/themes', [], true)
 3 APPPATH/Controllers/Pages.php(40): view('template/bank-pro/themes', [...])
 4 SYSTEMPATH/CodeIgniter.php(907): App\Controllers\Pages->view('FCPATH/themes', 'finapp-light', 'webfonts', 'fa-regular-400.woff2')
 5 SYSTEMPATH/CodeIgniter.php(457): CodeIgniter\CodeIgniter->runController(Object(App\Controllers\Pages))
 6 SYSTEMPATH/CodeIgniter.php(340): CodeIgniter\CodeIgniter->handleRequest(null, Object(Config\Cache), false)
 7 FCPATH/index.php(71): CodeIgniter\CodeIgniter->run()
CRITICAL - 2023-06-28 20:43:29 --> Invalid file: template/bank-pro/themes.php
in SYSTEMPATH/Exceptions/FrameworkException.php on line 33.
 1 SYSTEMPATH/View/View.php(201): CodeIgniter\Exceptions\FrameworkException::forInvalidFile('template/bank-pro/themes.php')
 2 SYSTEMPATH/Common.php(1142): CodeIgniter\View\View->render('template/bank-pro/themes', [], true)
 3 APPPATH/Controllers/Pages.php(40): view('template/bank-pro/themes', [...])
 4 SYSTEMPATH/CodeIgniter.php(907): App\Controllers\Pages->view('FCPATH/themes', 'finapp-light', 'webfonts', 'fa-regular-400.woff')
 5 SYSTEMPATH/CodeIgniter.php(457): CodeIgniter\CodeIgniter->runController(Object(App\Controllers\Pages))
 6 SYSTEMPATH/CodeIgniter.php(340): CodeIgniter\CodeIgniter->handleRequest(null, Object(Config\Cache), false)
 7 FCPATH/index.php(71): CodeIgniter\CodeIgniter->run()
CRITICAL - 2023-06-28 20:43:29 --> Invalid file: template/bank-pro/themes.php
in SYSTEMPATH/Exceptions/FrameworkException.php on line 33.
 1 SYSTEMPATH/View/View.php(201): CodeIgniter\Exceptions\FrameworkException::forInvalidFile('template/bank-pro/themes.php')
 2 SYSTEMPATH/Common.php(1142): CodeIgniter\View\View->render('template/bank-pro/themes', [], true)
 3 APPPATH/Controllers/Pages.php(40): view('template/bank-pro/themes', [...])
 4 SYSTEMPATH/CodeIgniter.php(907): App\Controllers\Pages->view('FCPATH/themes', 'finapp-light', 'webfonts', 'fa-solid-900.woff')
 5 SYSTEMPATH/CodeIgniter.php(457): CodeIgniter\CodeIgniter->runController(Object(App\Controllers\Pages))
 6 SYSTEMPATH/CodeIgniter.php(340): CodeIgniter\CodeIgniter->handleRequest(null, Object(Config\Cache), false)
 7 FCPATH/index.php(71): CodeIgniter\CodeIgniter->run()
CRITICAL - 2023-06-28 20:43:29 --> Invalid file: template/bank-pro/themes.php
in SYSTEMPATH/Exceptions/FrameworkException.php on line 33.
 1 SYSTEMPATH/View/View.php(201): CodeIgniter\Exceptions\FrameworkException::forInvalidFile('template/bank-pro/themes.php')
 2 SYSTEMPATH/Common.php(1142): CodeIgniter\View\View->render('template/bank-pro/themes', [], true)
 3 APPPATH/Controllers/Pages.php(40): view('template/bank-pro/themes', [...])
 4 SYSTEMPATH/CodeIgniter.php(907): App\Controllers\Pages->view('FCPATH/themes', 'finapp-light', 'webfonts', 'fa-solid-900.ttf')
 5 SYSTEMPATH/CodeIgniter.php(457): CodeIgniter\CodeIgniter->runController(Object(App\Controllers\Pages))
 6 SYSTEMPATH/CodeIgniter.php(340): CodeIgniter\CodeIgniter->handleRequest(null, Object(Config\Cache), false)
 7 FCPATH/index.php(71): CodeIgniter\CodeIgniter->run()
CRITICAL - 2023-06-28 20:43:29 --> Invalid file: template/bank-pro/themes.php
in SYSTEMPATH/Exceptions/FrameworkException.php on line 33.
 1 SYSTEMPATH/View/View.php(201): CodeIgniter\Exceptions\FrameworkException::forInvalidFile('template/bank-pro/themes.php')
 2 SYSTEMPATH/Common.php(1142): CodeIgniter\View\View->render('template/bank-pro/themes', [], true)
 3 APPPATH/Controllers/Pages.php(40): view('template/bank-pro/themes', [...])
 4 SYSTEMPATH/CodeIgniter.php(907): App\Controllers\Pages->view('FCPATH/themes', 'finapp-light', 'webfonts', 'fa-regular-400.ttf')
 5 SYSTEMPATH/CodeIgniter.php(457): CodeIgniter\CodeIgniter->runController(Object(App\Controllers\Pages))
 6 SYSTEMPATH/CodeIgniter.php(340): CodeIgniter\CodeIgniter->handleRequest(null, Object(Config\Cache), false)
 7 FCPATH/index.php(71): CodeIgniter\CodeIgniter->run()
CRITICAL - 2023-06-28 20:45:49 --> Invalid file: template/bank-pro/assets.php
in SYSTEMPATH/Exceptions/FrameworkException.php on line 33.
 1 SYSTEMPATH/View/View.php(201): CodeIgniter\Exceptions\FrameworkException::forInvalidFile('template/bank-pro/assets.php')
 2 SYSTEMPATH/Common.php(1142): CodeIgniter\View\View->render('template/bank-pro/assets', [], true)
 3 APPPATH/Controllers/Pages.php(40): view('template/bank-pro/assets', [...])
 4 SYSTEMPATH/CodeIgniter.php(907): App\Controllers\Pages->view('FCPATH/assets', 'images', 'chip.png')
 5 SYSTEMPATH/CodeIgniter.php(457): CodeIgniter\CodeIgniter->runController(Object(App\Controllers\Pages))
 6 SYSTEMPATH/CodeIgniter.php(340): CodeIgniter\CodeIgniter->handleRequest(null, Object(Config\Cache), false)
 7 FCPATH/index.php(71): CodeIgniter\CodeIgniter->run()
CRITICAL - 2023-06-28 20:45:49 --> Invalid file: template/bank-pro/themes.php
in SYSTEMPATH/Exceptions/FrameworkException.php on line 33.
 1 SYSTEMPATH/View/View.php(201): CodeIgniter\Exceptions\FrameworkException::forInvalidFile('template/bank-pro/themes.php')
 2 SYSTEMPATH/Common.php(1142): CodeIgniter\View\View->render('template/bank-pro/themes', [], true)
 3 APPPATH/Controllers/Pages.php(40): view('template/bank-pro/themes', [...])
 4 SYSTEMPATH/CodeIgniter.php(907): App\Controllers\Pages->view('FCPATH/themes', 'finapp-light', 'webfonts', 'fa-brands-400.woff2')
 5 SYSTEMPATH/CodeIgniter.php(457): CodeIgniter\CodeIgniter->runController(Object(App\Controllers\Pages))
 6 SYSTEMPATH/CodeIgniter.php(340): CodeIgniter\CodeIgniter->handleRequest(null, Object(Config\Cache), false)
 7 FCPATH/index.php(71): CodeIgniter\CodeIgniter->run()
CRITICAL - 2023-06-28 20:45:49 --> Invalid file: template/bank-pro/themes.php
in SYSTEMPATH/Exceptions/FrameworkException.php on line 33.
 1 SYSTEMPATH/View/View.php(201): CodeIgniter\Exceptions\FrameworkException::forInvalidFile('template/bank-pro/themes.php')
 2 SYSTEMPATH/Common.php(1142): CodeIgniter\View\View->render('template/bank-pro/themes', [], true)
 3 APPPATH/Controllers/Pages.php(40): view('template/bank-pro/themes', [...])
 4 SYSTEMPATH/CodeIgniter.php(907): App\Controllers\Pages->view('FCPATH/themes', 'finapp-light', 'webfonts', 'fa-solid-900.woff2')
 5 SYSTEMPATH/CodeIgniter.php(457): CodeIgniter\CodeIgniter->runController(Object(App\Controllers\Pages))
 6 SYSTEMPATH/CodeIgniter.php(340): CodeIgniter\CodeIgniter->handleRequest(null, Object(Config\Cache), false)
 7 FCPATH/index.php(71): CodeIgniter\CodeIgniter->run()
CRITICAL - 2023-06-28 20:45:49 --> Invalid file: template/bank-pro/assets.php
in SYSTEMPATH/Exceptions/FrameworkException.php on line 33.
 1 SYSTEMPATH/View/View.php(201): CodeIgniter\Exceptions\FrameworkException::forInvalidFile('template/bank-pro/assets.php')
 2 SYSTEMPATH/Common.php(1142): CodeIgniter\View\View->render('template/bank-pro/assets', [], true)
 3 APPPATH/Controllers/Pages.php(40): view('template/bank-pro/assets', [...])
 4 SYSTEMPATH/CodeIgniter.php(907): App\Controllers\Pages->view('FCPATH/assets', 'images', 'visa.png')
 5 SYSTEMPATH/CodeIgniter.php(457): CodeIgniter\CodeIgniter->runController(Object(App\Controllers\Pages))
 6 SYSTEMPATH/CodeIgniter.php(340): CodeIgniter\CodeIgniter->handleRequest(null, Object(Config\Cache), false)
 7 FCPATH/index.php(71): CodeIgniter\CodeIgniter->run()
CRITICAL - 2023-06-28 20:45:49 --> Invalid file: template/bank-pro/themes.php
in SYSTEMPATH/Exceptions/FrameworkException.php on line 33.
 1 SYSTEMPATH/View/View.php(201): CodeIgniter\Exceptions\FrameworkException::forInvalidFile('template/bank-pro/themes.php')
 2 SYSTEMPATH/Common.php(1142): CodeIgniter\View\View->render('template/bank-pro/themes', [], true)
 3 APPPATH/Controllers/Pages.php(40): view('template/bank-pro/themes', [...])
 4 SYSTEMPATH/CodeIgniter.php(907): App\Controllers\Pages->view('FCPATH/themes', 'finapp-light', 'webfonts', 'fa-regular-400.woff2')
 5 SYSTEMPATH/CodeIgniter.php(457): CodeIgniter\CodeIgniter->runController(Object(App\Controllers\Pages))
 6 SYSTEMPATH/CodeIgniter.php(340): CodeIgniter\CodeIgniter->handleRequest(null, Object(Config\Cache), false)
 7 FCPATH/index.php(71): CodeIgniter\CodeIgniter->run()
CRITICAL - 2023-06-28 20:45:49 --> Invalid file: template/bank-pro/__service-worker.js
in SYSTEMPATH/Exceptions/FrameworkException.php on line 33.
 1 SYSTEMPATH/View/View.php(201): CodeIgniter\Exceptions\FrameworkException::forInvalidFile('template/bank-pro/__service-worker.js')
 2 SYSTEMPATH/Common.php(1142): CodeIgniter\View\View->render('template/bank-pro/__service-worker.js', [], true)
 3 APPPATH/Controllers/Pages.php(40): view('template/bank-pro/__service-worker.js', [...])
 4 SYSTEMPATH/CodeIgniter.php(907): App\Controllers\Pages->view('__service-worker.js')
 5 SYSTEMPATH/CodeIgniter.php(457): CodeIgniter\CodeIgniter->runController(Object(App\Controllers\Pages))
 6 SYSTEMPATH/CodeIgniter.php(340): CodeIgniter\CodeIgniter->handleRequest(null, Object(Config\Cache), false)
 7 FCPATH/index.php(71): CodeIgniter\CodeIgniter->run()
CRITICAL - 2023-06-28 20:45:49 --> Invalid file: template/bank-pro/themes.php
in SYSTEMPATH/Exceptions/FrameworkException.php on line 33.
 1 SYSTEMPATH/View/View.php(201): CodeIgniter\Exceptions\FrameworkException::forInvalidFile('template/bank-pro/themes.php')
 2 SYSTEMPATH/Common.php(1142): CodeIgniter\View\View->render('template/bank-pro/themes', [], true)
 3 APPPATH/Controllers/Pages.php(40): view('template/bank-pro/themes', [...])
 4 SYSTEMPATH/CodeIgniter.php(907): App\Controllers\Pages->view('FCPATH/themes', 'finapp-light', 'webfonts', 'fa-solid-900.woff')
 5 SYSTEMPATH/CodeIgniter.php(457): CodeIgniter\CodeIgniter->runController(Object(App\Controllers\Pages))
 6 SYSTEMPATH/CodeIgniter.php(340): CodeIgniter\CodeIgniter->handleRequest(null, Object(Config\Cache), false)
 7 FCPATH/index.php(71): CodeIgniter\CodeIgniter->run()
CRITICAL - 2023-06-28 20:45:49 --> Invalid file: template/bank-pro/themes.php
in SYSTEMPATH/Exceptions/FrameworkException.php on line 33.
 1 SYSTEMPATH/View/View.php(201): CodeIgniter\Exceptions\FrameworkException::forInvalidFile('template/bank-pro/themes.php')
 2 SYSTEMPATH/Common.php(1142): CodeIgniter\View\View->render('template/bank-pro/themes', [], true)
 3 APPPATH/Controllers/Pages.php(40): view('template/bank-pro/themes', [...])
 4 SYSTEMPATH/CodeIgniter.php(907): App\Controllers\Pages->view('FCPATH/themes', 'finapp-light', 'webfonts', 'fa-brands-400.woff')
 5 SYSTEMPATH/CodeIgniter.php(457): CodeIgniter\CodeIgniter->runController(Object(App\Controllers\Pages))
 6 SYSTEMPATH/CodeIgniter.php(340): CodeIgniter\CodeIgniter->handleRequest(null, Object(Config\Cache), false)
 7 FCPATH/index.php(71): CodeIgniter\CodeIgniter->run()
CRITICAL - 2023-06-28 20:45:49 --> Invalid file: template/bank-pro/themes.php
in SYSTEMPATH/Exceptions/FrameworkException.php on line 33.
 1 SYSTEMPATH/View/View.php(201): CodeIgniter\Exceptions\FrameworkException::forInvalidFile('template/bank-pro/themes.php')
 2 SYSTEMPATH/Common.php(1142): CodeIgniter\View\View->render('template/bank-pro/themes', [], true)
 3 APPPATH/Controllers/Pages.php(40): view('template/bank-pro/themes', [...])
 4 SYSTEMPATH/CodeIgniter.php(907): App\Controllers\Pages->view('FCPATH/themes', 'finapp-light', 'webfonts', 'fa-regular-400.woff')
 5 SYSTEMPATH/CodeIgniter.php(457): CodeIgniter\CodeIgniter->runController(Object(App\Controllers\Pages))
 6 SYSTEMPATH/CodeIgniter.php(340): CodeIgniter\CodeIgniter->handleRequest(null, Object(Config\Cache), false)
 7 FCPATH/index.php(71): CodeIgniter\CodeIgniter->run()
CRITICAL - 2023-06-28 20:45:49 --> Invalid file: template/bank-pro/themes.php
in SYSTEMPATH/Exceptions/FrameworkException.php on line 33.
 1 SYSTEMPATH/View/View.php(201): CodeIgniter\Exceptions\FrameworkException::forInvalidFile('template/bank-pro/themes.php')
 2 SYSTEMPATH/Common.php(1142): CodeIgniter\View\View->render('template/bank-pro/themes', [], true)
 3 APPPATH/Controllers/Pages.php(40): view('template/bank-pro/themes', [...])
 4 SYSTEMPATH/CodeIgniter.php(907): App\Controllers\Pages->view('FCPATH/themes', 'finapp-light', 'webfonts', 'fa-regular-400.ttf')
 5 SYSTEMPATH/CodeIgniter.php(457): CodeIgniter\CodeIgniter->runController(Object(App\Controllers\Pages))
 6 SYSTEMPATH/CodeIgniter.php(340): CodeIgniter\CodeIgniter->handleRequest(null, Object(Config\Cache), false)
 7 FCPATH/index.php(71): CodeIgniter\CodeIgniter->run()
CRITICAL - 2023-06-28 20:45:49 --> Invalid file: template/bank-pro/themes.php
in SYSTEMPATH/Exceptions/FrameworkException.php on line 33.
 1 SYSTEMPATH/View/View.php(201): CodeIgniter\Exceptions\FrameworkException::forInvalidFile('template/bank-pro/themes.php')
 2 SYSTEMPATH/Common.php(1142): CodeIgniter\View\View->render('template/bank-pro/themes', [], true)
 3 APPPATH/Controllers/Pages.php(40): view('template/bank-pro/themes', [...])
 4 SYSTEMPATH/CodeIgniter.php(907): App\Controllers\Pages->view('FCPATH/themes', 'finapp-light', 'webfonts', 'fa-solid-900.ttf')
 5 SYSTEMPATH/CodeIgniter.php(457): CodeIgniter\CodeIgniter->runController(Object(App\Controllers\Pages))
 6 SYSTEMPATH/CodeIgniter.php(340): CodeIgniter\CodeIgniter->handleRequest(null, Object(Config\Cache), false)
 7 FCPATH/index.php(71): CodeIgniter\CodeIgniter->run()
CRITICAL - 2023-06-28 20:45:49 --> Invalid file: template/bank-pro/themes.php
in SYSTEMPATH/Exceptions/FrameworkException.php on line 33.
 1 SYSTEMPATH/View/View.php(201): CodeIgniter\Exceptions\FrameworkException::forInvalidFile('template/bank-pro/themes.php')
 2 SYSTEMPATH/Common.php(1142): CodeIgniter\View\View->render('template/bank-pro/themes', [], true)
 3 APPPATH/Controllers/Pages.php(40): view('template/bank-pro/themes', [...])
 4 SYSTEMPATH/CodeIgniter.php(907): App\Controllers\Pages->view('FCPATH/themes', 'finapp-light', 'webfonts', 'fa-brands-400.ttf')
 5 SYSTEMPATH/CodeIgniter.php(457): CodeIgniter\CodeIgniter->runController(Object(App\Controllers\Pages))
 6 SYSTEMPATH/CodeIgniter.php(340): CodeIgniter\CodeIgniter->handleRequest(null, Object(Config\Cache), false)
 7 FCPATH/index.php(71): CodeIgniter\CodeIgniter->run()
CRITICAL - 2023-06-28 20:45:54 --> Invalid file: template/bank-pro/themes.php
in SYSTEMPATH/Exceptions/FrameworkException.php on line 33.
 1 SYSTEMPATH/View/View.php(201): CodeIgniter\Exceptions\FrameworkException::forInvalidFile('template/bank-pro/themes.php')
 2 SYSTEMPATH/Common.php(1142): CodeIgniter\View\View->render('template/bank-pro/themes', [], true)
 3 APPPATH/Controllers/Pages.php(40): view('template/bank-pro/themes', [...])
 4 SYSTEMPATH/CodeIgniter.php(907): App\Controllers\Pages->view('FCPATH/themes', 'finapp-light', 'webfonts', 'fa-solid-900.woff2')
 5 SYSTEMPATH/CodeIgniter.php(457): CodeIgniter\CodeIgniter->runController(Object(App\Controllers\Pages))
 6 SYSTEMPATH/CodeIgniter.php(340): CodeIgniter\CodeIgniter->handleRequest(null, Object(Config\Cache), false)
 7 FCPATH/index.php(71): CodeIgniter\CodeIgniter->run()
CRITICAL - 2023-06-28 20:45:54 --> Invalid file: template/bank-pro/themes.php
in SYSTEMPATH/Exceptions/FrameworkException.php on line 33.
 1 SYSTEMPATH/View/View.php(201): CodeIgniter\Exceptions\FrameworkException::forInvalidFile('template/bank-pro/themes.php')
 2 SYSTEMPATH/Common.php(1142): CodeIgniter\View\View->render('template/bank-pro/themes', [], true)
 3 APPPATH/Controllers/Pages.php(40): view('template/bank-pro/themes', [...])
 4 SYSTEMPATH/CodeIgniter.php(907): App\Controllers\Pages->view('FCPATH/themes', 'finapp-light', 'webfonts', 'fa-regular-400.woff2')
 5 SYSTEMPATH/CodeIgniter.php(457): CodeIgniter\CodeIgniter->runController(Object(App\Controllers\Pages))
 6 SYSTEMPATH/CodeIgniter.php(340): CodeIgniter\CodeIgniter->handleRequest(null, Object(Config\Cache), false)
 7 FCPATH/index.php(71): CodeIgniter\CodeIgniter->run()
CRITICAL - 2023-06-28 20:45:54 --> Invalid file: template/bank-pro/themes.php
in SYSTEMPATH/Exceptions/FrameworkException.php on line 33.
 1 SYSTEMPATH/View/View.php(201): CodeIgniter\Exceptions\FrameworkException::forInvalidFile('template/bank-pro/themes.php')
 2 SYSTEMPATH/Common.php(1142): CodeIgniter\View\View->render('template/bank-pro/themes', [], true)
 3 APPPATH/Controllers/Pages.php(40): view('template/bank-pro/themes', [...])
 4 SYSTEMPATH/CodeIgniter.php(907): App\Controllers\Pages->view('FCPATH/themes', 'finapp-light', 'webfonts', 'fa-solid-900.woff')
 5 SYSTEMPATH/CodeIgniter.php(457): CodeIgniter\CodeIgniter->runController(Object(App\Controllers\Pages))
 6 SYSTEMPATH/CodeIgniter.php(340): CodeIgniter\CodeIgniter->handleRequest(null, Object(Config\Cache), false)
 7 FCPATH/index.php(71): CodeIgniter\CodeIgniter->run()
CRITICAL - 2023-06-28 20:45:54 --> Invalid file: template/bank-pro/themes.php
in SYSTEMPATH/Exceptions/FrameworkException.php on line 33.
 1 SYSTEMPATH/View/View.php(201): CodeIgniter\Exceptions\FrameworkException::forInvalidFile('template/bank-pro/themes.php')
 2 SYSTEMPATH/Common.php(1142): CodeIgniter\View\View->render('template/bank-pro/themes', [], true)
 3 APPPATH/Controllers/Pages.php(40): view('template/bank-pro/themes', [...])
 4 SYSTEMPATH/CodeIgniter.php(907): App\Controllers\Pages->view('FCPATH/themes', 'finapp-light', 'webfonts', 'fa-regular-400.woff')
 5 SYSTEMPATH/CodeIgniter.php(457): CodeIgniter\CodeIgniter->runController(Object(App\Controllers\Pages))
 6 SYSTEMPATH/CodeIgniter.php(340): CodeIgniter\CodeIgniter->handleRequest(null, Object(Config\Cache), false)
 7 FCPATH/index.php(71): CodeIgniter\CodeIgniter->run()
CRITICAL - 2023-06-28 20:45:54 --> Invalid file: template/bank-pro/themes.php
in SYSTEMPATH/Exceptions/FrameworkException.php on line 33.
 1 SYSTEMPATH/View/View.php(201): CodeIgniter\Exceptions\FrameworkException::forInvalidFile('template/bank-pro/themes.php')
 2 SYSTEMPATH/Common.php(1142): CodeIgniter\View\View->render('template/bank-pro/themes', [], true)
 3 APPPATH/Controllers/Pages.php(40): view('template/bank-pro/themes', [...])
 4 SYSTEMPATH/CodeIgniter.php(907): App\Controllers\Pages->view('FCPATH/themes', 'finapp-light', 'webfonts', 'fa-solid-900.ttf')
 5 SYSTEMPATH/CodeIgniter.php(457): CodeIgniter\CodeIgniter->runController(Object(App\Controllers\Pages))
 6 SYSTEMPATH/CodeIgniter.php(340): CodeIgniter\CodeIgniter->handleRequest(null, Object(Config\Cache), false)
 7 FCPATH/index.php(71): CodeIgniter\CodeIgniter->run()
CRITICAL - 2023-06-28 20:45:54 --> Invalid file: template/bank-pro/themes.php
in SYSTEMPATH/Exceptions/FrameworkException.php on line 33.
 1 SYSTEMPATH/View/View.php(201): CodeIgniter\Exceptions\FrameworkException::forInvalidFile('template/bank-pro/themes.php')
 2 SYSTEMPATH/Common.php(1142): CodeIgniter\View\View->render('template/bank-pro/themes', [], true)
 3 APPPATH/Controllers/Pages.php(40): view('template/bank-pro/themes', [...])
 4 SYSTEMPATH/CodeIgniter.php(907): App\Controllers\Pages->view('FCPATH/themes', 'finapp-light', 'webfonts', 'fa-regular-400.ttf')
 5 SYSTEMPATH/CodeIgniter.php(457): CodeIgniter\CodeIgniter->runController(Object(App\Controllers\Pages))
 6 SYSTEMPATH/CodeIgniter.php(340): CodeIgniter\CodeIgniter->handleRequest(null, Object(Config\Cache), false)
 7 FCPATH/index.php(71): CodeIgniter\CodeIgniter->run()
CRITICAL - 2023-06-28 20:46:07 --> Invalid file: template/bank-pro/assets.php
in SYSTEMPATH/Exceptions/FrameworkException.php on line 33.
 1 SYSTEMPATH/View/View.php(201): CodeIgniter\Exceptions\FrameworkException::forInvalidFile('template/bank-pro/assets.php')
 2 SYSTEMPATH/Common.php(1142): CodeIgniter\View\View->render('template/bank-pro/assets', [], true)
 3 APPPATH/Controllers/Pages.php(40): view('template/bank-pro/assets', [...])
 4 SYSTEMPATH/CodeIgniter.php(907): App\Controllers\Pages->view('FCPATH/assets', 'images', 'chip.png')
 5 SYSTEMPATH/CodeIgniter.php(457): CodeIgniter\CodeIgniter->runController(Object(App\Controllers\Pages))
 6 SYSTEMPATH/CodeIgniter.php(340): CodeIgniter\CodeIgniter->handleRequest(null, Object(Config\Cache), false)
 7 FCPATH/index.php(71): CodeIgniter\CodeIgniter->run()
CRITICAL - 2023-06-28 20:46:07 --> Invalid file: template/bank-pro/assets.php
in SYSTEMPATH/Exceptions/FrameworkException.php on line 33.
 1 SYSTEMPATH/View/View.php(201): CodeIgniter\Exceptions\FrameworkException::forInvalidFile('template/bank-pro/assets.php')
 2 SYSTEMPATH/Common.php(1142): CodeIgniter\View\View->render('template/bank-pro/assets', [], true)
 3 APPPATH/Controllers/Pages.php(40): view('template/bank-pro/assets', [...])
 4 SYSTEMPATH/CodeIgniter.php(907): App\Controllers\Pages->view('FCPATH/assets', 'images', 'visa.png')
 5 SYSTEMPATH/CodeIgniter.php(457): CodeIgniter\CodeIgniter->runController(Object(App\Controllers\Pages))
 6 SYSTEMPATH/CodeIgniter.php(340): CodeIgniter\CodeIgniter->handleRequest(null, Object(Config\Cache), false)
 7 FCPATH/index.php(71): CodeIgniter\CodeIgniter->run()
CRITICAL - 2023-06-28 20:46:07 --> Invalid file: template/bank-pro/themes.php
in SYSTEMPATH/Exceptions/FrameworkException.php on line 33.
 1 SYSTEMPATH/View/View.php(201): CodeIgniter\Exceptions\FrameworkException::forInvalidFile('template/bank-pro/themes.php')
 2 SYSTEMPATH/Common.php(1142): CodeIgniter\View\View->render('template/bank-pro/themes', [], true)
 3 APPPATH/Controllers/Pages.php(40): view('template/bank-pro/themes', [...])
 4 SYSTEMPATH/CodeIgniter.php(907): App\Controllers\Pages->view('FCPATH/themes', 'finapp-light', 'webfonts', 'fa-brands-400.woff2')
 5 SYSTEMPATH/CodeIgniter.php(457): CodeIgniter\CodeIgniter->runController(Object(App\Controllers\Pages))
 6 SYSTEMPATH/CodeIgniter.php(340): CodeIgniter\CodeIgniter->handleRequest(null, Object(Config\Cache), false)
 7 FCPATH/index.php(71): CodeIgniter\CodeIgniter->run()
CRITICAL - 2023-06-28 20:46:07 --> Invalid file: template/bank-pro/themes.php
in SYSTEMPATH/Exceptions/FrameworkException.php on line 33.
 1 SYSTEMPATH/View/View.php(201): CodeIgniter\Exceptions\FrameworkException::forInvalidFile('template/bank-pro/themes.php')
 2 SYSTEMPATH/Common.php(1142): CodeIgniter\View\View->render('template/bank-pro/themes', [], true)
 3 APPPATH/Controllers/Pages.php(40): view('template/bank-pro/themes', [...])
 4 SYSTEMPATH/CodeIgniter.php(907): App\Controllers\Pages->view('FCPATH/themes', 'finapp-light', 'webfonts', 'fa-regular-400.woff2')
 5 SYSTEMPATH/CodeIgniter.php(457): CodeIgniter\CodeIgniter->runController(Object(App\Controllers\Pages))
 6 SYSTEMPATH/CodeIgniter.php(340): CodeIgniter\CodeIgniter->handleRequest(null, Object(Config\Cache), false)
 7 FCPATH/index.php(71): CodeIgniter\CodeIgniter->run()
CRITICAL - 2023-06-28 20:46:07 --> Invalid file: template/bank-pro/themes.php
in SYSTEMPATH/Exceptions/FrameworkException.php on line 33.
 1 SYSTEMPATH/View/View.php(201): CodeIgniter\Exceptions\FrameworkException::forInvalidFile('template/bank-pro/themes.php')
 2 SYSTEMPATH/Common.php(1142): CodeIgniter\View\View->render('template/bank-pro/themes', [], true)
 3 APPPATH/Controllers/Pages.php(40): view('template/bank-pro/themes', [...])
 4 SYSTEMPATH/CodeIgniter.php(907): App\Controllers\Pages->view('FCPATH/themes', 'finapp-light', 'webfonts', 'fa-solid-900.woff2')
 5 SYSTEMPATH/CodeIgniter.php(457): CodeIgniter\CodeIgniter->runController(Object(App\Controllers\Pages))
 6 SYSTEMPATH/CodeIgniter.php(340): CodeIgniter\CodeIgniter->handleRequest(null, Object(Config\Cache), false)
 7 FCPATH/index.php(71): CodeIgniter\CodeIgniter->run()
CRITICAL - 2023-06-28 20:46:07 --> Invalid file: template/bank-pro/__service-worker.js
in SYSTEMPATH/Exceptions/FrameworkException.php on line 33.
 1 SYSTEMPATH/View/View.php(201): CodeIgniter\Exceptions\FrameworkException::forInvalidFile('template/bank-pro/__service-worker.js')
 2 SYSTEMPATH/Common.php(1142): CodeIgniter\View\View->render('template/bank-pro/__service-worker.js', [], true)
 3 APPPATH/Controllers/Pages.php(40): view('template/bank-pro/__service-worker.js', [...])
 4 SYSTEMPATH/CodeIgniter.php(907): App\Controllers\Pages->view('__service-worker.js')
 5 SYSTEMPATH/CodeIgniter.php(457): CodeIgniter\CodeIgniter->runController(Object(App\Controllers\Pages))
 6 SYSTEMPATH/CodeIgniter.php(340): CodeIgniter\CodeIgniter->handleRequest(null, Object(Config\Cache), false)
 7 FCPATH/index.php(71): CodeIgniter\CodeIgniter->run()
CRITICAL - 2023-06-28 20:46:07 --> Invalid file: template/bank-pro/themes.php
in SYSTEMPATH/Exceptions/FrameworkException.php on line 33.
 1 SYSTEMPATH/View/View.php(201): CodeIgniter\Exceptions\FrameworkException::forInvalidFile('template/bank-pro/themes.php')
 2 SYSTEMPATH/Common.php(1142): CodeIgniter\View\View->render('template/bank-pro/themes', [], true)
 3 APPPATH/Controllers/Pages.php(40): view('template/bank-pro/themes', [...])
 4 SYSTEMPATH/CodeIgniter.php(907): App\Controllers\Pages->view('FCPATH/themes', 'finapp-light', 'webfonts', 'fa-brands-400.woff')
 5 SYSTEMPATH/CodeIgniter.php(457): CodeIgniter\CodeIgniter->runController(Object(App\Controllers\Pages))
 6 SYSTEMPATH/CodeIgniter.php(340): CodeIgniter\CodeIgniter->handleRequest(null, Object(Config\Cache), false)
 7 FCPATH/index.php(71): CodeIgniter\CodeIgniter->run()
CRITICAL - 2023-06-28 20:46:07 --> Invalid file: template/bank-pro/themes.php
in SYSTEMPATH/Exceptions/FrameworkException.php on line 33.
 1 SYSTEMPATH/View/View.php(201): CodeIgniter\Exceptions\FrameworkException::forInvalidFile('template/bank-pro/themes.php')
 2 SYSTEMPATH/Common.php(1142): CodeIgniter\View\View->render('template/bank-pro/themes', [], true)
 3 APPPATH/Controllers/Pages.php(40): view('template/bank-pro/themes', [...])
 4 SYSTEMPATH/CodeIgniter.php(907): App\Controllers\Pages->view('FCPATH/themes', 'finapp-light', 'webfonts', 'fa-solid-900.woff')
 5 SYSTEMPATH/CodeIgniter.php(457): CodeIgniter\CodeIgniter->runController(Object(App\Controllers\Pages))
 6 SYSTEMPATH/CodeIgniter.php(340): CodeIgniter\CodeIgniter->handleRequest(null, Object(Config\Cache), false)
 7 FCPATH/index.php(71): CodeIgniter\CodeIgniter->run()
CRITICAL - 2023-06-28 20:46:07 --> Invalid file: template/bank-pro/themes.php
in SYSTEMPATH/Exceptions/FrameworkException.php on line 33.
 1 SYSTEMPATH/View/View.php(201): CodeIgniter\Exceptions\FrameworkException::forInvalidFile('template/bank-pro/themes.php')
 2 SYSTEMPATH/Common.php(1142): CodeIgniter\View\View->render('template/bank-pro/themes', [], true)
 3 APPPATH/Controllers/Pages.php(40): view('template/bank-pro/themes', [...])
 4 SYSTEMPATH/CodeIgniter.php(907): App\Controllers\Pages->view('FCPATH/themes', 'finapp-light', 'webfonts', 'fa-regular-400.woff')
 5 SYSTEMPATH/CodeIgniter.php(457): CodeIgniter\CodeIgniter->runController(Object(App\Controllers\Pages))
 6 SYSTEMPATH/CodeIgniter.php(340): CodeIgniter\CodeIgniter->handleRequest(null, Object(Config\Cache), false)
 7 FCPATH/index.php(71): CodeIgniter\CodeIgniter->run()
CRITICAL - 2023-06-28 20:46:07 --> Invalid file: template/bank-pro/themes.php
in SYSTEMPATH/Exceptions/FrameworkException.php on line 33.
 1 SYSTEMPATH/View/View.php(201): CodeIgniter\Exceptions\FrameworkException::forInvalidFile('template/bank-pro/themes.php')
 2 SYSTEMPATH/Common.php(1142): CodeIgniter\View\View->render('template/bank-pro/themes', [], true)
 3 APPPATH/Controllers/Pages.php(40): view('template/bank-pro/themes', [...])
 4 SYSTEMPATH/CodeIgniter.php(907): App\Controllers\Pages->view('FCPATH/themes', 'finapp-light', 'webfonts', 'fa-brands-400.ttf')
 5 SYSTEMPATH/CodeIgniter.php(457): CodeIgniter\CodeIgniter->runController(Object(App\Controllers\Pages))
 6 SYSTEMPATH/CodeIgniter.php(340): CodeIgniter\CodeIgniter->handleRequest(null, Object(Config\Cache), false)
 7 FCPATH/index.php(71): CodeIgniter\CodeIgniter->run()
CRITICAL - 2023-06-28 20:46:07 --> Invalid file: template/bank-pro/themes.php
in SYSTEMPATH/Exceptions/FrameworkException.php on line 33.
 1 SYSTEMPATH/View/View.php(201): CodeIgniter\Exceptions\FrameworkException::forInvalidFile('template/bank-pro/themes.php')
 2 SYSTEMPATH/Common.php(1142): CodeIgniter\View\View->render('template/bank-pro/themes', [], true)
 3 APPPATH/Controllers/Pages.php(40): view('template/bank-pro/themes', [...])
 4 SYSTEMPATH/CodeIgniter.php(907): App\Controllers\Pages->view('FCPATH/themes', 'finapp-light', 'webfonts', 'fa-regular-400.ttf')
 5 SYSTEMPATH/CodeIgniter.php(457): CodeIgniter\CodeIgniter->runController(Object(App\Controllers\Pages))
 6 SYSTEMPATH/CodeIgniter.php(340): CodeIgniter\CodeIgniter->handleRequest(null, Object(Config\Cache), false)
 7 FCPATH/index.php(71): CodeIgniter\CodeIgniter->run()
CRITICAL - 2023-06-28 20:46:07 --> Invalid file: template/bank-pro/themes.php
in SYSTEMPATH/Exceptions/FrameworkException.php on line 33.
 1 SYSTEMPATH/View/View.php(201): CodeIgniter\Exceptions\FrameworkException::forInvalidFile('template/bank-pro/themes.php')
 2 SYSTEMPATH/Common.php(1142): CodeIgniter\View\View->render('template/bank-pro/themes', [], true)
 3 APPPATH/Controllers/Pages.php(40): view('template/bank-pro/themes', [...])
 4 SYSTEMPATH/CodeIgniter.php(907): App\Controllers\Pages->view('FCPATH/themes', 'finapp-light', 'webfonts', 'fa-solid-900.ttf')
 5 SYSTEMPATH/CodeIgniter.php(457): CodeIgniter\CodeIgniter->runController(Object(App\Controllers\Pages))
 6 SYSTEMPATH/CodeIgniter.php(340): CodeIgniter\CodeIgniter->handleRequest(null, Object(Config\Cache), false)
 7 FCPATH/index.php(71): CodeIgniter\CodeIgniter->run()
CRITICAL - 2023-06-28 20:46:12 --> Invalid file: template/bank-pro/themes.php
in SYSTEMPATH/Exceptions/FrameworkException.php on line 33.
 1 SYSTEMPATH/View/View.php(201): CodeIgniter\Exceptions\FrameworkException::forInvalidFile('template/bank-pro/themes.php')
 2 SYSTEMPATH/Common.php(1142): CodeIgniter\View\View->render('template/bank-pro/themes', [], true)
 3 APPPATH/Controllers/Pages.php(40): view('template/bank-pro/themes', [...])
 4 SYSTEMPATH/CodeIgniter.php(907): App\Controllers\Pages->view('FCPATH/themes', 'finapp-light', 'webfonts', 'fa-solid-900.woff2')
 5 SYSTEMPATH/CodeIgniter.php(457): CodeIgniter\CodeIgniter->runController(Object(App\Controllers\Pages))
 6 SYSTEMPATH/CodeIgniter.php(340): CodeIgniter\CodeIgniter->handleRequest(null, Object(Config\Cache), false)
 7 FCPATH/index.php(71): CodeIgniter\CodeIgniter->run()
CRITICAL - 2023-06-28 20:46:12 --> Invalid file: template/bank-pro/themes.php
in SYSTEMPATH/Exceptions/FrameworkException.php on line 33.
 1 SYSTEMPATH/View/View.php(201): CodeIgniter\Exceptions\FrameworkException::forInvalidFile('template/bank-pro/themes.php')
 2 SYSTEMPATH/Common.php(1142): CodeIgniter\View\View->render('template/bank-pro/themes', [], true)
 3 APPPATH/Controllers/Pages.php(40): view('template/bank-pro/themes', [...])
 4 SYSTEMPATH/CodeIgniter.php(907): App\Controllers\Pages->view('FCPATH/themes', 'finapp-light', 'webfonts', 'fa-regular-400.woff2')
 5 SYSTEMPATH/CodeIgniter.php(457): CodeIgniter\CodeIgniter->runController(Object(App\Controllers\Pages))
 6 SYSTEMPATH/CodeIgniter.php(340): CodeIgniter\CodeIgniter->handleRequest(null, Object(Config\Cache), false)
 7 FCPATH/index.php(71): CodeIgniter\CodeIgniter->run()
CRITICAL - 2023-06-28 20:46:13 --> Invalid file: template/bank-pro/themes.php
in SYSTEMPATH/Exceptions/FrameworkException.php on line 33.
 1 SYSTEMPATH/View/View.php(201): CodeIgniter\Exceptions\FrameworkException::forInvalidFile('template/bank-pro/themes.php')
 2 SYSTEMPATH/Common.php(1142): CodeIgniter\View\View->render('template/bank-pro/themes', [], true)
 3 APPPATH/Controllers/Pages.php(40): view('template/bank-pro/themes', [...])
 4 SYSTEMPATH/CodeIgniter.php(907): App\Controllers\Pages->view('FCPATH/themes', 'finapp-light', 'webfonts', 'fa-solid-900.woff')
 5 SYSTEMPATH/CodeIgniter.php(457): CodeIgniter\CodeIgniter->runController(Object(App\Controllers\Pages))
 6 SYSTEMPATH/CodeIgniter.php(340): CodeIgniter\CodeIgniter->handleRequest(null, Object(Config\Cache), false)
 7 FCPATH/index.php(71): CodeIgniter\CodeIgniter->run()
CRITICAL - 2023-06-28 20:46:13 --> Invalid file: template/bank-pro/themes.php
in SYSTEMPATH/Exceptions/FrameworkException.php on line 33.
 1 SYSTEMPATH/View/View.php(201): CodeIgniter\Exceptions\FrameworkException::forInvalidFile('template/bank-pro/themes.php')
 2 SYSTEMPATH/Common.php(1142): CodeIgniter\View\View->render('template/bank-pro/themes', [], true)
 3 APPPATH/Controllers/Pages.php(40): view('template/bank-pro/themes', [...])
 4 SYSTEMPATH/CodeIgniter.php(907): App\Controllers\Pages->view('FCPATH/themes', 'finapp-light', 'webfonts', 'fa-regular-400.woff')
 5 SYSTEMPATH/CodeIgniter.php(457): CodeIgniter\CodeIgniter->runController(Object(App\Controllers\Pages))
 6 SYSTEMPATH/CodeIgniter.php(340): CodeIgniter\CodeIgniter->handleRequest(null, Object(Config\Cache), false)
 7 FCPATH/index.php(71): CodeIgniter\CodeIgniter->run()
CRITICAL - 2023-06-28 20:46:13 --> Invalid file: template/bank-pro/themes.php
in SYSTEMPATH/Exceptions/FrameworkException.php on line 33.
 1 SYSTEMPATH/View/View.php(201): CodeIgniter\Exceptions\FrameworkException::forInvalidFile('template/bank-pro/themes.php')
 2 SYSTEMPATH/Common.php(1142): CodeIgniter\View\View->render('template/bank-pro/themes', [], true)
 3 APPPATH/Controllers/Pages.php(40): view('template/bank-pro/themes', [...])
 4 SYSTEMPATH/CodeIgniter.php(907): App\Controllers\Pages->view('FCPATH/themes', 'finapp-light', 'webfonts', 'fa-regular-400.ttf')
 5 SYSTEMPATH/CodeIgniter.php(457): CodeIgniter\CodeIgniter->runController(Object(App\Controllers\Pages))
 6 SYSTEMPATH/CodeIgniter.php(340): CodeIgniter\CodeIgniter->handleRequest(null, Object(Config\Cache), false)
 7 FCPATH/index.php(71): CodeIgniter\CodeIgniter->run()
CRITICAL - 2023-06-28 20:46:13 --> Invalid file: template/bank-pro/themes.php
in SYSTEMPATH/Exceptions/FrameworkException.php on line 33.
 1 SYSTEMPATH/View/View.php(201): CodeIgniter\Exceptions\FrameworkException::forInvalidFile('template/bank-pro/themes.php')
 2 SYSTEMPATH/Common.php(1142): CodeIgniter\View\View->render('template/bank-pro/themes', [], true)
 3 APPPATH/Controllers/Pages.php(40): view('template/bank-pro/themes', [...])
 4 SYSTEMPATH/CodeIgniter.php(907): App\Controllers\Pages->view('FCPATH/themes', 'finapp-light', 'webfonts', 'fa-solid-900.ttf')
 5 SYSTEMPATH/CodeIgniter.php(457): CodeIgniter\CodeIgniter->runController(Object(App\Controllers\Pages))
 6 SYSTEMPATH/CodeIgniter.php(340): CodeIgniter\CodeIgniter->handleRequest(null, Object(Config\Cache), false)
 7 FCPATH/index.php(71): CodeIgniter\CodeIgniter->run()
CRITICAL - 2023-06-28 20:46:57 --> Invalid file: template/bank-pro/assets.php
in SYSTEMPATH/Exceptions/FrameworkException.php on line 33.
 1 SYSTEMPATH/View/View.php(201): CodeIgniter\Exceptions\FrameworkException::forInvalidFile('template/bank-pro/assets.php')
 2 SYSTEMPATH/Common.php(1142): CodeIgniter\View\View->render('template/bank-pro/assets', [], true)
 3 APPPATH/Controllers/Pages.php(40): view('template/bank-pro/assets', [...])
 4 SYSTEMPATH/CodeIgniter.php(907): App\Controllers\Pages->view('FCPATH/assets', 'images', 'visa.png')
 5 SYSTEMPATH/CodeIgniter.php(457): CodeIgniter\CodeIgniter->runController(Object(App\Controllers\Pages))
 6 SYSTEMPATH/CodeIgniter.php(340): CodeIgniter\CodeIgniter->handleRequest(null, Object(Config\Cache), false)
 7 FCPATH/index.php(71): CodeIgniter\CodeIgniter->run()
CRITICAL - 2023-06-28 20:46:57 --> Invalid file: template/bank-pro/assets.php
in SYSTEMPATH/Exceptions/FrameworkException.php on line 33.
 1 SYSTEMPATH/View/View.php(201): CodeIgniter\Exceptions\FrameworkException::forInvalidFile('template/bank-pro/assets.php')
 2 SYSTEMPATH/Common.php(1142): CodeIgniter\View\View->render('template/bank-pro/assets', [], true)
 3 APPPATH/Controllers/Pages.php(40): view('template/bank-pro/assets', [...])
 4 SYSTEMPATH/CodeIgniter.php(907): App\Controllers\Pages->view('FCPATH/assets', 'images', 'chip.png')
 5 SYSTEMPATH/CodeIgniter.php(457): CodeIgniter\CodeIgniter->runController(Object(App\Controllers\Pages))
 6 SYSTEMPATH/CodeIgniter.php(340): CodeIgniter\CodeIgniter->handleRequest(null, Object(Config\Cache), false)
 7 FCPATH/index.php(71): CodeIgniter\CodeIgniter->run()
CRITICAL - 2023-06-28 20:46:57 --> Invalid file: template/bank-pro/themes.php
in SYSTEMPATH/Exceptions/FrameworkException.php on line 33.
 1 SYSTEMPATH/View/View.php(201): CodeIgniter\Exceptions\FrameworkException::forInvalidFile('template/bank-pro/themes.php')
 2 SYSTEMPATH/Common.php(1142): CodeIgniter\View\View->render('template/bank-pro/themes', [], true)
 3 APPPATH/Controllers/Pages.php(40): view('template/bank-pro/themes', [...])
 4 SYSTEMPATH/CodeIgniter.php(907): App\Controllers\Pages->view('FCPATH/themes', 'finapp-light', 'webfonts', 'fa-regular-400.woff2')
 5 SYSTEMPATH/CodeIgniter.php(457): CodeIgniter\CodeIgniter->runController(Object(App\Controllers\Pages))
 6 SYSTEMPATH/CodeIgniter.php(340): CodeIgniter\CodeIgniter->handleRequest(null, Object(Config\Cache), false)
 7 FCPATH/index.php(71): CodeIgniter\CodeIgniter->run()
CRITICAL - 2023-06-28 20:46:57 --> Invalid file: template/bank-pro/themes.php
in SYSTEMPATH/Exceptions/FrameworkException.php on line 33.
 1 SYSTEMPATH/View/View.php(201): CodeIgniter\Exceptions\FrameworkException::forInvalidFile('template/bank-pro/themes.php')
 2 SYSTEMPATH/Common.php(1142): CodeIgniter\View\View->render('template/bank-pro/themes', [], true)
 3 APPPATH/Controllers/Pages.php(40): view('template/bank-pro/themes', [...])
 4 SYSTEMPATH/CodeIgniter.php(907): App\Controllers\Pages->view('FCPATH/themes', 'finapp-light', 'webfonts', 'fa-brands-400.woff2')
 5 SYSTEMPATH/CodeIgniter.php(457): CodeIgniter\CodeIgniter->runController(Object(App\Controllers\Pages))
 6 SYSTEMPATH/CodeIgniter.php(340): CodeIgniter\CodeIgniter->handleRequest(null, Object(Config\Cache), false)
 7 FCPATH/index.php(71): CodeIgniter\CodeIgniter->run()
CRITICAL - 2023-06-28 20:46:57 --> Invalid file: template/bank-pro/themes.php
in SYSTEMPATH/Exceptions/FrameworkException.php on line 33.
 1 SYSTEMPATH/View/View.php(201): CodeIgniter\Exceptions\FrameworkException::forInvalidFile('template/bank-pro/themes.php')
 2 SYSTEMPATH/Common.php(1142): CodeIgniter\View\View->render('template/bank-pro/themes', [], true)
 3 APPPATH/Controllers/Pages.php(40): view('template/bank-pro/themes', [...])
 4 SYSTEMPATH/CodeIgniter.php(907): App\Controllers\Pages->view('FCPATH/themes', 'finapp-light', 'webfonts', 'fa-solid-900.woff2')
 5 SYSTEMPATH/CodeIgniter.php(457): CodeIgniter\CodeIgniter->runController(Object(App\Controllers\Pages))
 6 SYSTEMPATH/CodeIgniter.php(340): CodeIgniter\CodeIgniter->handleRequest(null, Object(Config\Cache), false)
 7 FCPATH/index.php(71): CodeIgniter\CodeIgniter->run()
CRITICAL - 2023-06-28 20:46:57 --> Invalid file: template/bank-pro/__service-worker.js
in SYSTEMPATH/Exceptions/FrameworkException.php on line 33.
 1 SYSTEMPATH/View/View.php(201): CodeIgniter\Exceptions\FrameworkException::forInvalidFile('template/bank-pro/__service-worker.js')
 2 SYSTEMPATH/Common.php(1142): CodeIgniter\View\View->render('template/bank-pro/__service-worker.js', [], true)
 3 APPPATH/Controllers/Pages.php(40): view('template/bank-pro/__service-worker.js', [...])
 4 SYSTEMPATH/CodeIgniter.php(907): App\Controllers\Pages->view('__service-worker.js')
 5 SYSTEMPATH/CodeIgniter.php(457): CodeIgniter\CodeIgniter->runController(Object(App\Controllers\Pages))
 6 SYSTEMPATH/CodeIgniter.php(340): CodeIgniter\CodeIgniter->handleRequest(null, Object(Config\Cache), false)
 7 FCPATH/index.php(71): CodeIgniter\CodeIgniter->run()
CRITICAL - 2023-06-28 20:46:57 --> Invalid file: template/bank-pro/themes.php
in SYSTEMPATH/Exceptions/FrameworkException.php on line 33.
 1 SYSTEMPATH/View/View.php(201): CodeIgniter\Exceptions\FrameworkException::forInvalidFile('template/bank-pro/themes.php')
 2 SYSTEMPATH/Common.php(1142): CodeIgniter\View\View->render('template/bank-pro/themes', [], true)
 3 APPPATH/Controllers/Pages.php(40): view('template/bank-pro/themes', [...])
 4 SYSTEMPATH/CodeIgniter.php(907): App\Controllers\Pages->view('FCPATH/themes', 'finapp-light', 'webfonts', 'fa-brands-400.woff')
 5 SYSTEMPATH/CodeIgniter.php(457): CodeIgniter\CodeIgniter->runController(Object(App\Controllers\Pages))
 6 SYSTEMPATH/CodeIgniter.php(340): CodeIgniter\CodeIgniter->handleRequest(null, Object(Config\Cache), false)
 7 FCPATH/index.php(71): CodeIgniter\CodeIgniter->run()
CRITICAL - 2023-06-28 20:46:57 --> Invalid file: template/bank-pro/themes.php
in SYSTEMPATH/Exceptions/FrameworkException.php on line 33.
 1 SYSTEMPATH/View/View.php(201): CodeIgniter\Exceptions\FrameworkException::forInvalidFile('template/bank-pro/themes.php')
 2 SYSTEMPATH/Common.php(1142): CodeIgniter\View\View->render('template/bank-pro/themes', [], true)
 3 APPPATH/Controllers/Pages.php(40): view('template/bank-pro/themes', [...])
 4 SYSTEMPATH/CodeIgniter.php(907): App\Controllers\Pages->view('FCPATH/themes', 'finapp-light', 'webfonts', 'fa-regular-400.woff')
 5 SYSTEMPATH/CodeIgniter.php(457): CodeIgniter\CodeIgniter->runController(Object(App\Controllers\Pages))
 6 SYSTEMPATH/CodeIgniter.php(340): CodeIgniter\CodeIgniter->handleRequest(null, Object(Config\Cache), false)
 7 FCPATH/index.php(71): CodeIgniter\CodeIgniter->run()
CRITICAL - 2023-06-28 20:46:57 --> Invalid file: template/bank-pro/themes.php
in SYSTEMPATH/Exceptions/FrameworkException.php on line 33.
 1 SYSTEMPATH/View/View.php(201): CodeIgniter\Exceptions\FrameworkException::forInvalidFile('template/bank-pro/themes.php')
 2 SYSTEMPATH/Common.php(1142): CodeIgniter\View\View->render('template/bank-pro/themes', [], true)
 3 APPPATH/Controllers/Pages.php(40): view('template/bank-pro/themes', [...])
 4 SYSTEMPATH/CodeIgniter.php(907): App\Controllers\Pages->view('FCPATH/themes', 'finapp-light', 'webfonts', 'fa-solid-900.woff')
 5 SYSTEMPATH/CodeIgniter.php(457): CodeIgniter\CodeIgniter->runController(Object(App\Controllers\Pages))
 6 SYSTEMPATH/CodeIgniter.php(340): CodeIgniter\CodeIgniter->handleRequest(null, Object(Config\Cache), false)
 7 FCPATH/index.php(71): CodeIgniter\CodeIgniter->run()
CRITICAL - 2023-06-28 20:46:57 --> Invalid file: template/bank-pro/themes.php
in SYSTEMPATH/Exceptions/FrameworkException.php on line 33.
 1 SYSTEMPATH/View/View.php(201): CodeIgniter\Exceptions\FrameworkException::forInvalidFile('template/bank-pro/themes.php')
 2 SYSTEMPATH/Common.php(1142): CodeIgniter\View\View->render('template/bank-pro/themes', [], true)
 3 APPPATH/Controllers/Pages.php(40): view('template/bank-pro/themes', [...])
 4 SYSTEMPATH/CodeIgniter.php(907): App\Controllers\Pages->view('FCPATH/themes', 'finapp-light', 'webfonts', 'fa-solid-900.ttf')
 5 SYSTEMPATH/CodeIgniter.php(457): CodeIgniter\CodeIgniter->runController(Object(App\Controllers\Pages))
 6 SYSTEMPATH/CodeIgniter.php(340): CodeIgniter\CodeIgniter->handleRequest(null, Object(Config\Cache), false)
 7 FCPATH/index.php(71): CodeIgniter\CodeIgniter->run()
CRITICAL - 2023-06-28 20:46:57 --> Invalid file: template/bank-pro/themes.php
in SYSTEMPATH/Exceptions/FrameworkException.php on line 33.
 1 SYSTEMPATH/View/View.php(201): CodeIgniter\Exceptions\FrameworkException::forInvalidFile('template/bank-pro/themes.php')
 2 SYSTEMPATH/Common.php(1142): CodeIgniter\View\View->render('template/bank-pro/themes', [], true)
 3 APPPATH/Controllers/Pages.php(40): view('template/bank-pro/themes', [...])
 4 SYSTEMPATH/CodeIgniter.php(907): App\Controllers\Pages->view('FCPATH/themes', 'finapp-light', 'webfonts', 'fa-brands-400.ttf')
 5 SYSTEMPATH/CodeIgniter.php(457): CodeIgniter\CodeIgniter->runController(Object(App\Controllers\Pages))
 6 SYSTEMPATH/CodeIgniter.php(340): CodeIgniter\CodeIgniter->handleRequest(null, Object(Config\Cache), false)
 7 FCPATH/index.php(71): CodeIgniter\CodeIgniter->run()
CRITICAL - 2023-06-28 20:46:57 --> Invalid file: template/bank-pro/themes.php
in SYSTEMPATH/Exceptions/FrameworkException.php on line 33.
 1 SYSTEMPATH/View/View.php(201): CodeIgniter\Exceptions\FrameworkException::forInvalidFile('template/bank-pro/themes.php')
 2 SYSTEMPATH/Common.php(1142): CodeIgniter\View\View->render('template/bank-pro/themes', [], true)
 3 APPPATH/Controllers/Pages.php(40): view('template/bank-pro/themes', [...])
 4 SYSTEMPATH/CodeIgniter.php(907): App\Controllers\Pages->view('FCPATH/themes', 'finapp-light', 'webfonts', 'fa-regular-400.ttf')
 5 SYSTEMPATH/CodeIgniter.php(457): CodeIgniter\CodeIgniter->runController(Object(App\Controllers\Pages))
 6 SYSTEMPATH/CodeIgniter.php(340): CodeIgniter\CodeIgniter->handleRequest(null, Object(Config\Cache), false)
 7 FCPATH/index.php(71): CodeIgniter\CodeIgniter->run()
CRITICAL - 2023-06-28 20:47:03 --> Invalid file: template/bank-pro/themes.php
in SYSTEMPATH/Exceptions/FrameworkException.php on line 33.
 1 SYSTEMPATH/View/View.php(201): CodeIgniter\Exceptions\FrameworkException::forInvalidFile('template/bank-pro/themes.php')
 2 SYSTEMPATH/Common.php(1142): CodeIgniter\View\View->render('template/bank-pro/themes', [], true)
 3 APPPATH/Controllers/Pages.php(40): view('template/bank-pro/themes', [...])
 4 SYSTEMPATH/CodeIgniter.php(907): App\Controllers\Pages->view('FCPATH/themes', 'finapp-light', 'webfonts', 'fa-regular-400.woff2')
 5 SYSTEMPATH/CodeIgniter.php(457): CodeIgniter\CodeIgniter->runController(Object(App\Controllers\Pages))
 6 SYSTEMPATH/CodeIgniter.php(340): CodeIgniter\CodeIgniter->handleRequest(null, Object(Config\Cache), false)
 7 FCPATH/index.php(71): CodeIgniter\CodeIgniter->run()
CRITICAL - 2023-06-28 20:47:03 --> Invalid file: template/bank-pro/themes.php
in SYSTEMPATH/Exceptions/FrameworkException.php on line 33.
 1 SYSTEMPATH/View/View.php(201): CodeIgniter\Exceptions\FrameworkException::forInvalidFile('template/bank-pro/themes.php')
 2 SYSTEMPATH/Common.php(1142): CodeIgniter\View\View->render('template/bank-pro/themes', [], true)
 3 APPPATH/Controllers/Pages.php(40): view('template/bank-pro/themes', [...])
 4 SYSTEMPATH/CodeIgniter.php(907): App\Controllers\Pages->view('FCPATH/themes', 'finapp-light', 'webfonts', 'fa-solid-900.woff2')
 5 SYSTEMPATH/CodeIgniter.php(457): CodeIgniter\CodeIgniter->runController(Object(App\Controllers\Pages))
 6 SYSTEMPATH/CodeIgniter.php(340): CodeIgniter\CodeIgniter->handleRequest(null, Object(Config\Cache), false)
 7 FCPATH/index.php(71): CodeIgniter\CodeIgniter->run()
CRITICAL - 2023-06-28 20:47:03 --> Invalid file: template/bank-pro/themes.php
in SYSTEMPATH/Exceptions/FrameworkException.php on line 33.
 1 SYSTEMPATH/View/View.php(201): CodeIgniter\Exceptions\FrameworkException::forInvalidFile('template/bank-pro/themes.php')
 2 SYSTEMPATH/Common.php(1142): CodeIgniter\View\View->render('template/bank-pro/themes', [], true)
 3 APPPATH/Controllers/Pages.php(40): view('template/bank-pro/themes', [...])
 4 SYSTEMPATH/CodeIgniter.php(907): App\Controllers\Pages->view('FCPATH/themes', 'finapp-light', 'webfonts', 'fa-regular-400.woff')
 5 SYSTEMPATH/CodeIgniter.php(457): CodeIgniter\CodeIgniter->runController(Object(App\Controllers\Pages))
 6 SYSTEMPATH/CodeIgniter.php(340): CodeIgniter\CodeIgniter->handleRequest(null, Object(Config\Cache), false)
 7 FCPATH/index.php(71): CodeIgniter\CodeIgniter->run()
CRITICAL - 2023-06-28 20:47:03 --> Invalid file: template/bank-pro/themes.php
in SYSTEMPATH/Exceptions/FrameworkException.php on line 33.
 1 SYSTEMPATH/View/View.php(201): CodeIgniter\Exceptions\FrameworkException::forInvalidFile('template/bank-pro/themes.php')
 2 SYSTEMPATH/Common.php(1142): CodeIgniter\View\View->render('template/bank-pro/themes', [], true)
 3 APPPATH/Controllers/Pages.php(40): view('template/bank-pro/themes', [...])
 4 SYSTEMPATH/CodeIgniter.php(907): App\Controllers\Pages->view('FCPATH/themes', 'finapp-light', 'webfonts', 'fa-solid-900.woff')
 5 SYSTEMPATH/CodeIgniter.php(457): CodeIgniter\CodeIgniter->runController(Object(App\Controllers\Pages))
 6 SYSTEMPATH/CodeIgniter.php(340): CodeIgniter\CodeIgniter->handleRequest(null, Object(Config\Cache), false)
 7 FCPATH/index.php(71): CodeIgniter\CodeIgniter->run()
CRITICAL - 2023-06-28 20:47:03 --> Invalid file: template/bank-pro/themes.php
in SYSTEMPATH/Exceptions/FrameworkException.php on line 33.
 1 SYSTEMPATH/View/View.php(201): CodeIgniter\Exceptions\FrameworkException::forInvalidFile('template/bank-pro/themes.php')
 2 SYSTEMPATH/Common.php(1142): CodeIgniter\View\View->render('template/bank-pro/themes', [], true)
 3 APPPATH/Controllers/Pages.php(40): view('template/bank-pro/themes', [...])
 4 SYSTEMPATH/CodeIgniter.php(907): App\Controllers\Pages->view('FCPATH/themes', 'finapp-light', 'webfonts', 'fa-regular-400.ttf')
 5 SYSTEMPATH/CodeIgniter.php(457): CodeIgniter\CodeIgniter->runController(Object(App\Controllers\Pages))
 6 SYSTEMPATH/CodeIgniter.php(340): CodeIgniter\CodeIgniter->handleRequest(null, Object(Config\Cache), false)
 7 FCPATH/index.php(71): CodeIgniter\CodeIgniter->run()
CRITICAL - 2023-06-28 20:47:03 --> Invalid file: template/bank-pro/themes.php
in SYSTEMPATH/Exceptions/FrameworkException.php on line 33.
 1 SYSTEMPATH/View/View.php(201): CodeIgniter\Exceptions\FrameworkException::forInvalidFile('template/bank-pro/themes.php')
 2 SYSTEMPATH/Common.php(1142): CodeIgniter\View\View->render('template/bank-pro/themes', [], true)
 3 APPPATH/Controllers/Pages.php(40): view('template/bank-pro/themes', [...])
 4 SYSTEMPATH/CodeIgniter.php(907): App\Controllers\Pages->view('FCPATH/themes', 'finapp-light', 'webfonts', 'fa-solid-900.ttf')
 5 SYSTEMPATH/CodeIgniter.php(457): CodeIgniter\CodeIgniter->runController(Object(App\Controllers\Pages))
 6 SYSTEMPATH/CodeIgniter.php(340): CodeIgniter\CodeIgniter->handleRequest(null, Object(Config\Cache), false)
 7 FCPATH/index.php(71): CodeIgniter\CodeIgniter->run()
CRITICAL - 2023-06-28 20:47:33 --> Invalid file: template/bank-pro/assets.php
in SYSTEMPATH/Exceptions/FrameworkException.php on line 33.
 1 SYSTEMPATH/View/View.php(201): CodeIgniter\Exceptions\FrameworkException::forInvalidFile('template/bank-pro/assets.php')
 2 SYSTEMPATH/Common.php(1142): CodeIgniter\View\View->render('template/bank-pro/assets', [], true)
 3 APPPATH/Controllers/Pages.php(40): view('template/bank-pro/assets', [...])
 4 SYSTEMPATH/CodeIgniter.php(907): App\Controllers\Pages->view('FCPATH/assets', 'images', 'chip.png')
 5 SYSTEMPATH/CodeIgniter.php(457): CodeIgniter\CodeIgniter->runController(Object(App\Controllers\Pages))
 6 SYSTEMPATH/CodeIgniter.php(340): CodeIgniter\CodeIgniter->handleRequest(null, Object(Config\Cache), false)
 7 FCPATH/index.php(71): CodeIgniter\CodeIgniter->run()
CRITICAL - 2023-06-28 20:47:33 --> Invalid file: template/bank-pro/themes.php
in SYSTEMPATH/Exceptions/FrameworkException.php on line 33.
 1 SYSTEMPATH/View/View.php(201): CodeIgniter\Exceptions\FrameworkException::forInvalidFile('template/bank-pro/themes.php')
 2 SYSTEMPATH/Common.php(1142): CodeIgniter\View\View->render('template/bank-pro/themes', [], true)
 3 APPPATH/Controllers/Pages.php(40): view('template/bank-pro/themes', [...])
 4 SYSTEMPATH/CodeIgniter.php(907): App\Controllers\Pages->view('FCPATH/themes', 'finapp-light', 'webfonts', 'fa-regular-400.woff2')
 5 SYSTEMPATH/CodeIgniter.php(457): CodeIgniter\CodeIgniter->runController(Object(App\Controllers\Pages))
 6 SYSTEMPATH/CodeIgniter.php(340): CodeIgniter\CodeIgniter->handleRequest(null, Object(Config\Cache), false)
 7 FCPATH/index.php(71): CodeIgniter\CodeIgniter->run()
CRITICAL - 2023-06-28 20:47:33 --> Invalid file: template/bank-pro/assets.php
in SYSTEMPATH/Exceptions/FrameworkException.php on line 33.
 1 SYSTEMPATH/View/View.php(201): CodeIgniter\Exceptions\FrameworkException::forInvalidFile('template/bank-pro/assets.php')
 2 SYSTEMPATH/Common.php(1142): CodeIgniter\View\View->render('template/bank-pro/assets', [], true)
 3 APPPATH/Controllers/Pages.php(40): view('template/bank-pro/assets', [...])
 4 SYSTEMPATH/CodeIgniter.php(907): App\Controllers\Pages->view('FCPATH/assets', 'images', 'visa.png')
 5 SYSTEMPATH/CodeIgniter.php(457): CodeIgniter\CodeIgniter->runController(Object(App\Controllers\Pages))
 6 SYSTEMPATH/CodeIgniter.php(340): CodeIgniter\CodeIgniter->handleRequest(null, Object(Config\Cache), false)
 7 FCPATH/index.php(71): CodeIgniter\CodeIgniter->run()
CRITICAL - 2023-06-28 20:47:33 --> Invalid file: template/bank-pro/themes.php
in SYSTEMPATH/Exceptions/FrameworkException.php on line 33.
 1 SYSTEMPATH/View/View.php(201): CodeIgniter\Exceptions\FrameworkException::forInvalidFile('template/bank-pro/themes.php')
 2 SYSTEMPATH/Common.php(1142): CodeIgniter\View\View->render('template/bank-pro/themes', [], true)
 3 APPPATH/Controllers/Pages.php(40): view('template/bank-pro/themes', [...])
 4 SYSTEMPATH/CodeIgniter.php(907): App\Controllers\Pages->view('FCPATH/themes', 'finapp-light', 'webfonts', 'fa-solid-900.woff2')
 5 SYSTEMPATH/CodeIgniter.php(457): CodeIgniter\CodeIgniter->runController(Object(App\Controllers\Pages))
 6 SYSTEMPATH/CodeIgniter.php(340): CodeIgniter\CodeIgniter->handleRequest(null, Object(Config\Cache), false)
 7 FCPATH/index.php(71): CodeIgniter\CodeIgniter->run()
CRITICAL - 2023-06-28 20:47:33 --> Invalid file: template/bank-pro/themes.php
in SYSTEMPATH/Exceptions/FrameworkException.php on line 33.
 1 SYSTEMPATH/View/View.php(201): CodeIgniter\Exceptions\FrameworkException::forInvalidFile('template/bank-pro/themes.php')
 2 SYSTEMPATH/Common.php(1142): CodeIgniter\View\View->render('template/bank-pro/themes', [], true)
 3 APPPATH/Controllers/Pages.php(40): view('template/bank-pro/themes', [...])
 4 SYSTEMPATH/CodeIgniter.php(907): App\Controllers\Pages->view('FCPATH/themes', 'finapp-light', 'webfonts', 'fa-brands-400.woff2')
 5 SYSTEMPATH/CodeIgniter.php(457): CodeIgniter\CodeIgniter->runController(Object(App\Controllers\Pages))
 6 SYSTEMPATH/CodeIgniter.php(340): CodeIgniter\CodeIgniter->handleRequest(null, Object(Config\Cache), false)
 7 FCPATH/index.php(71): CodeIgniter\CodeIgniter->run()
CRITICAL - 2023-06-28 20:47:33 --> Invalid file: template/bank-pro/__service-worker.js
in SYSTEMPATH/Exceptions/FrameworkException.php on line 33.
 1 SYSTEMPATH/View/View.php(201): CodeIgniter\Exceptions\FrameworkException::forInvalidFile('template/bank-pro/__service-worker.js')
 2 SYSTEMPATH/Common.php(1142): CodeIgniter\View\View->render('template/bank-pro/__service-worker.js', [], true)
 3 APPPATH/Controllers/Pages.php(40): view('template/bank-pro/__service-worker.js', [...])
 4 SYSTEMPATH/CodeIgniter.php(907): App\Controllers\Pages->view('__service-worker.js')
 5 SYSTEMPATH/CodeIgniter.php(457): CodeIgniter\CodeIgniter->runController(Object(App\Controllers\Pages))
 6 SYSTEMPATH/CodeIgniter.php(340): CodeIgniter\CodeIgniter->handleRequest(null, Object(Config\Cache), false)
 7 FCPATH/index.php(71): CodeIgniter\CodeIgniter->run()
CRITICAL - 2023-06-28 20:47:33 --> Invalid file: template/bank-pro/themes.php
in SYSTEMPATH/Exceptions/FrameworkException.php on line 33.
 1 SYSTEMPATH/View/View.php(201): CodeIgniter\Exceptions\FrameworkException::forInvalidFile('template/bank-pro/themes.php')
 2 SYSTEMPATH/Common.php(1142): CodeIgniter\View\View->render('template/bank-pro/themes', [], true)
 3 APPPATH/Controllers/Pages.php(40): view('template/bank-pro/themes', [...])
 4 SYSTEMPATH/CodeIgniter.php(907): App\Controllers\Pages->view('FCPATH/themes', 'finapp-light', 'webfonts', 'fa-solid-900.woff')
 5 SYSTEMPATH/CodeIgniter.php(457): CodeIgniter\CodeIgniter->runController(Object(App\Controllers\Pages))
 6 SYSTEMPATH/CodeIgniter.php(340): CodeIgniter\CodeIgniter->handleRequest(null, Object(Config\Cache), false)
 7 FCPATH/index.php(71): CodeIgniter\CodeIgniter->run()
CRITICAL - 2023-06-28 20:47:33 --> Invalid file: template/bank-pro/themes.php
in SYSTEMPATH/Exceptions/FrameworkException.php on line 33.
 1 SYSTEMPATH/View/View.php(201): CodeIgniter\Exceptions\FrameworkException::forInvalidFile('template/bank-pro/themes.php')
 2 SYSTEMPATH/Common.php(1142): CodeIgniter\View\View->render('template/bank-pro/themes', [], true)
 3 APPPATH/Controllers/Pages.php(40): view('template/bank-pro/themes', [...])
 4 SYSTEMPATH/CodeIgniter.php(907): App\Controllers\Pages->view('FCPATH/themes', 'finapp-light', 'webfonts', 'fa-regular-400.woff')
 5 SYSTEMPATH/CodeIgniter.php(457): CodeIgniter\CodeIgniter->runController(Object(App\Controllers\Pages))
 6 SYSTEMPATH/CodeIgniter.php(340): CodeIgniter\CodeIgniter->handleRequest(null, Object(Config\Cache), false)
 7 FCPATH/index.php(71): CodeIgniter\CodeIgniter->run()
CRITICAL - 2023-06-28 20:47:33 --> Invalid file: template/bank-pro/themes.php
in SYSTEMPATH/Exceptions/FrameworkException.php on line 33.
 1 SYSTEMPATH/View/View.php(201): CodeIgniter\Exceptions\FrameworkException::forInvalidFile('template/bank-pro/themes.php')
 2 SYSTEMPATH/Common.php(1142): CodeIgniter\View\View->render('template/bank-pro/themes', [], true)
 3 APPPATH/Controllers/Pages.php(40): view('template/bank-pro/themes', [...])
 4 SYSTEMPATH/CodeIgniter.php(907): App\Controllers\Pages->view('FCPATH/themes', 'finapp-light', 'webfonts', 'fa-brands-400.woff')
 5 SYSTEMPATH/CodeIgniter.php(457): CodeIgniter\CodeIgniter->runController(Object(App\Controllers\Pages))
 6 SYSTEMPATH/CodeIgniter.php(340): CodeIgniter\CodeIgniter->handleRequest(null, Object(Config\Cache), false)
 7 FCPATH/index.php(71): CodeIgniter\CodeIgniter->run()
CRITICAL - 2023-06-28 20:47:34 --> Invalid file: template/bank-pro/themes.php
in SYSTEMPATH/Exceptions/FrameworkException.php on line 33.
 1 SYSTEMPATH/View/View.php(201): CodeIgniter\Exceptions\FrameworkException::forInvalidFile('template/bank-pro/themes.php')
 2 SYSTEMPATH/Common.php(1142): CodeIgniter\View\View->render('template/bank-pro/themes', [], true)
 3 APPPATH/Controllers/Pages.php(40): view('template/bank-pro/themes', [...])
 4 SYSTEMPATH/CodeIgniter.php(907): App\Controllers\Pages->view('FCPATH/themes', 'finapp-light', 'webfonts', 'fa-solid-900.ttf')
 5 SYSTEMPATH/CodeIgniter.php(457): CodeIgniter\CodeIgniter->runController(Object(App\Controllers\Pages))
 6 SYSTEMPATH/CodeIgniter.php(340): CodeIgniter\CodeIgniter->handleRequest(null, Object(Config\Cache), false)
 7 FCPATH/index.php(71): CodeIgniter\CodeIgniter->run()
CRITICAL - 2023-06-28 20:47:34 --> Invalid file: template/bank-pro/themes.php
in SYSTEMPATH/Exceptions/FrameworkException.php on line 33.
 1 SYSTEMPATH/View/View.php(201): CodeIgniter\Exceptions\FrameworkException::forInvalidFile('template/bank-pro/themes.php')
 2 SYSTEMPATH/Common.php(1142): CodeIgniter\View\View->render('template/bank-pro/themes', [], true)
 3 APPPATH/Controllers/Pages.php(40): view('template/bank-pro/themes', [...])
 4 SYSTEMPATH/CodeIgniter.php(907): App\Controllers\Pages->view('FCPATH/themes', 'finapp-light', 'webfonts', 'fa-brands-400.ttf')
 5 SYSTEMPATH/CodeIgniter.php(457): CodeIgniter\CodeIgniter->runController(Object(App\Controllers\Pages))
 6 SYSTEMPATH/CodeIgniter.php(340): CodeIgniter\CodeIgniter->handleRequest(null, Object(Config\Cache), false)
 7 FCPATH/index.php(71): CodeIgniter\CodeIgniter->run()
CRITICAL - 2023-06-28 20:47:34 --> Invalid file: template/bank-pro/themes.php
in SYSTEMPATH/Exceptions/FrameworkException.php on line 33.
 1 SYSTEMPATH/View/View.php(201): CodeIgniter\Exceptions\FrameworkException::forInvalidFile('template/bank-pro/themes.php')
 2 SYSTEMPATH/Common.php(1142): CodeIgniter\View\View->render('template/bank-pro/themes', [], true)
 3 APPPATH/Controllers/Pages.php(40): view('template/bank-pro/themes', [...])
 4 SYSTEMPATH/CodeIgniter.php(907): App\Controllers\Pages->view('FCPATH/themes', 'finapp-light', 'webfonts', 'fa-regular-400.ttf')
 5 SYSTEMPATH/CodeIgniter.php(457): CodeIgniter\CodeIgniter->runController(Object(App\Controllers\Pages))
 6 SYSTEMPATH/CodeIgniter.php(340): CodeIgniter\CodeIgniter->handleRequest(null, Object(Config\Cache), false)
 7 FCPATH/index.php(71): CodeIgniter\CodeIgniter->run()
CRITICAL - 2023-06-28 20:49:54 --> Invalid file: template/bank-pro/themes.php
in SYSTEMPATH/Exceptions/FrameworkException.php on line 33.
 1 SYSTEMPATH/View/View.php(201): CodeIgniter\Exceptions\FrameworkException::forInvalidFile('template/bank-pro/themes.php')
 2 SYSTEMPATH/Common.php(1142): CodeIgniter\View\View->render('template/bank-pro/themes', [], true)
 3 APPPATH/Controllers/Pages.php(40): view('template/bank-pro/themes', [...])
 4 SYSTEMPATH/CodeIgniter.php(907): App\Controllers\Pages->view('FCPATH/themes', 'finapp-light', 'webfonts', 'fa-solid-900.woff2')
 5 SYSTEMPATH/CodeIgniter.php(457): CodeIgniter\CodeIgniter->runController(Object(App\Controllers\Pages))
 6 SYSTEMPATH/CodeIgniter.php(340): CodeIgniter\CodeIgniter->handleRequest(null, Object(Config\Cache), false)
 7 FCPATH/index.php(71): CodeIgniter\CodeIgniter->run()
CRITICAL - 2023-06-28 20:49:54 --> Invalid file: template/bank-pro/themes.php
in SYSTEMPATH/Exceptions/FrameworkException.php on line 33.
 1 SYSTEMPATH/View/View.php(201): CodeIgniter\Exceptions\FrameworkException::forInvalidFile('template/bank-pro/themes.php')
 2 SYSTEMPATH/Common.php(1142): CodeIgniter\View\View->render('template/bank-pro/themes', [], true)
 3 APPPATH/Controllers/Pages.php(40): view('template/bank-pro/themes', [...])
 4 SYSTEMPATH/CodeIgniter.php(907): App\Controllers\Pages->view('FCPATH/themes', 'finapp-light', 'webfonts', 'fa-regular-400.woff2')
 5 SYSTEMPATH/CodeIgniter.php(457): CodeIgniter\CodeIgniter->runController(Object(App\Controllers\Pages))
 6 SYSTEMPATH/CodeIgniter.php(340): CodeIgniter\CodeIgniter->handleRequest(null, Object(Config\Cache), false)
 7 FCPATH/index.php(71): CodeIgniter\CodeIgniter->run()
CRITICAL - 2023-06-28 20:49:55 --> Invalid file: template/bank-pro/themes.php
in SYSTEMPATH/Exceptions/FrameworkException.php on line 33.
 1 SYSTEMPATH/View/View.php(201): CodeIgniter\Exceptions\FrameworkException::forInvalidFile('template/bank-pro/themes.php')
 2 SYSTEMPATH/Common.php(1142): CodeIgniter\View\View->render('template/bank-pro/themes', [], true)
 3 APPPATH/Controllers/Pages.php(40): view('template/bank-pro/themes', [...])
 4 SYSTEMPATH/CodeIgniter.php(907): App\Controllers\Pages->view('FCPATH/themes', 'finapp-light', 'webfonts', 'fa-regular-400.woff')
 5 SYSTEMPATH/CodeIgniter.php(457): CodeIgniter\CodeIgniter->runController(Object(App\Controllers\Pages))
 6 SYSTEMPATH/CodeIgniter.php(340): CodeIgniter\CodeIgniter->handleRequest(null, Object(Config\Cache), false)
 7 FCPATH/index.php(71): CodeIgniter\CodeIgniter->run()
CRITICAL - 2023-06-28 20:49:55 --> Invalid file: template/bank-pro/themes.php
in SYSTEMPATH/Exceptions/FrameworkException.php on line 33.
 1 SYSTEMPATH/View/View.php(201): CodeIgniter\Exceptions\FrameworkException::forInvalidFile('template/bank-pro/themes.php')
 2 SYSTEMPATH/Common.php(1142): CodeIgniter\View\View->render('template/bank-pro/themes', [], true)
 3 APPPATH/Controllers/Pages.php(40): view('template/bank-pro/themes', [...])
 4 SYSTEMPATH/CodeIgniter.php(907): App\Controllers\Pages->view('FCPATH/themes', 'finapp-light', 'webfonts', 'fa-solid-900.woff')
 5 SYSTEMPATH/CodeIgniter.php(457): CodeIgniter\CodeIgniter->runController(Object(App\Controllers\Pages))
 6 SYSTEMPATH/CodeIgniter.php(340): CodeIgniter\CodeIgniter->handleRequest(null, Object(Config\Cache), false)
 7 FCPATH/index.php(71): CodeIgniter\CodeIgniter->run()
CRITICAL - 2023-06-28 20:49:55 --> Invalid file: template/bank-pro/themes.php
in SYSTEMPATH/Exceptions/FrameworkException.php on line 33.
 1 SYSTEMPATH/View/View.php(201): CodeIgniter\Exceptions\FrameworkException::forInvalidFile('template/bank-pro/themes.php')
 2 SYSTEMPATH/Common.php(1142): CodeIgniter\View\View->render('template/bank-pro/themes', [], true)
 3 APPPATH/Controllers/Pages.php(40): view('template/bank-pro/themes', [...])
 4 SYSTEMPATH/CodeIgniter.php(907): App\Controllers\Pages->view('FCPATH/themes', 'finapp-light', 'webfonts', 'fa-solid-900.ttf')
 5 SYSTEMPATH/CodeIgniter.php(457): CodeIgniter\CodeIgniter->runController(Object(App\Controllers\Pages))
 6 SYSTEMPATH/CodeIgniter.php(340): CodeIgniter\CodeIgniter->handleRequest(null, Object(Config\Cache), false)
 7 FCPATH/index.php(71): CodeIgniter\CodeIgniter->run()
CRITICAL - 2023-06-28 20:49:55 --> Invalid file: template/bank-pro/themes.php
in SYSTEMPATH/Exceptions/FrameworkException.php on line 33.
 1 SYSTEMPATH/View/View.php(201): CodeIgniter\Exceptions\FrameworkException::forInvalidFile('template/bank-pro/themes.php')
 2 SYSTEMPATH/Common.php(1142): CodeIgniter\View\View->render('template/bank-pro/themes', [], true)
 3 APPPATH/Controllers/Pages.php(40): view('template/bank-pro/themes', [...])
 4 SYSTEMPATH/CodeIgniter.php(907): App\Controllers\Pages->view('FCPATH/themes', 'finapp-light', 'webfonts', 'fa-regular-400.ttf')
 5 SYSTEMPATH/CodeIgniter.php(457): CodeIgniter\CodeIgniter->runController(Object(App\Controllers\Pages))
 6 SYSTEMPATH/CodeIgniter.php(340): CodeIgniter\CodeIgniter->handleRequest(null, Object(Config\Cache), false)
 7 FCPATH/index.php(71): CodeIgniter\CodeIgniter->run()
CRITICAL - 2023-06-28 20:49:57 --> Invalid file: template/bank-pro/assets.php
in SYSTEMPATH/Exceptions/FrameworkException.php on line 33.
 1 SYSTEMPATH/View/View.php(201): CodeIgniter\Exceptions\FrameworkException::forInvalidFile('template/bank-pro/assets.php')
 2 SYSTEMPATH/Common.php(1142): CodeIgniter\View\View->render('template/bank-pro/assets', [], true)
 3 APPPATH/Controllers/Pages.php(40): view('template/bank-pro/assets', [...])
 4 SYSTEMPATH/CodeIgniter.php(907): App\Controllers\Pages->view('FCPATH/assets', 'images', 'chip.png')
 5 SYSTEMPATH/CodeIgniter.php(457): CodeIgniter\CodeIgniter->runController(Object(App\Controllers\Pages))
 6 SYSTEMPATH/CodeIgniter.php(340): CodeIgniter\CodeIgniter->handleRequest(null, Object(Config\Cache), false)
 7 FCPATH/index.php(71): CodeIgniter\CodeIgniter->run()
CRITICAL - 2023-06-28 20:49:57 --> Invalid file: template/bank-pro/themes.php
in SYSTEMPATH/Exceptions/FrameworkException.php on line 33.
 1 SYSTEMPATH/View/View.php(201): CodeIgniter\Exceptions\FrameworkException::forInvalidFile('template/bank-pro/themes.php')
 2 SYSTEMPATH/Common.php(1142): CodeIgniter\View\View->render('template/bank-pro/themes', [], true)
 3 APPPATH/Controllers/Pages.php(40): view('template/bank-pro/themes', [...])
 4 SYSTEMPATH/CodeIgniter.php(907): App\Controllers\Pages->view('FCPATH/themes', 'finapp-light', 'webfonts', 'fa-solid-900.woff2')
 5 SYSTEMPATH/CodeIgniter.php(457): CodeIgniter\CodeIgniter->runController(Object(App\Controllers\Pages))
 6 SYSTEMPATH/CodeIgniter.php(340): CodeIgniter\CodeIgniter->handleRequest(null, Object(Config\Cache), false)
 7 FCPATH/index.php(71): CodeIgniter\CodeIgniter->run()
CRITICAL - 2023-06-28 20:49:57 --> Invalid file: template/bank-pro/assets.php
in SYSTEMPATH/Exceptions/FrameworkException.php on line 33.
 1 SYSTEMPATH/View/View.php(201): CodeIgniter\Exceptions\FrameworkException::forInvalidFile('template/bank-pro/assets.php')
 2 SYSTEMPATH/Common.php(1142): CodeIgniter\View\View->render('template/bank-pro/assets', [], true)
 3 APPPATH/Controllers/Pages.php(40): view('template/bank-pro/assets', [...])
 4 SYSTEMPATH/CodeIgniter.php(907): App\Controllers\Pages->view('FCPATH/assets', 'images', 'visa.png')
 5 SYSTEMPATH/CodeIgniter.php(457): CodeIgniter\CodeIgniter->runController(Object(App\Controllers\Pages))
 6 SYSTEMPATH/CodeIgniter.php(340): CodeIgniter\CodeIgniter->handleRequest(null, Object(Config\Cache), false)
 7 FCPATH/index.php(71): CodeIgniter\CodeIgniter->run()
CRITICAL - 2023-06-28 20:49:57 --> Invalid file: template/bank-pro/themes.php
in SYSTEMPATH/Exceptions/FrameworkException.php on line 33.
 1 SYSTEMPATH/View/View.php(201): CodeIgniter\Exceptions\FrameworkException::forInvalidFile('template/bank-pro/themes.php')
 2 SYSTEMPATH/Common.php(1142): CodeIgniter\View\View->render('template/bank-pro/themes', [], true)
 3 APPPATH/Controllers/Pages.php(40): view('template/bank-pro/themes', [...])
 4 SYSTEMPATH/CodeIgniter.php(907): App\Controllers\Pages->view('FCPATH/themes', 'finapp-light', 'webfonts', 'fa-brands-400.woff2')
 5 SYSTEMPATH/CodeIgniter.php(457): CodeIgniter\CodeIgniter->runController(Object(App\Controllers\Pages))
 6 SYSTEMPATH/CodeIgniter.php(340): CodeIgniter\CodeIgniter->handleRequest(null, Object(Config\Cache), false)
 7 FCPATH/index.php(71): CodeIgniter\CodeIgniter->run()
CRITICAL - 2023-06-28 20:49:57 --> Invalid file: template/bank-pro/themes.php
in SYSTEMPATH/Exceptions/FrameworkException.php on line 33.
 1 SYSTEMPATH/View/View.php(201): CodeIgniter\Exceptions\FrameworkException::forInvalidFile('template/bank-pro/themes.php')
 2 SYSTEMPATH/Common.php(1142): CodeIgniter\View\View->render('template/bank-pro/themes', [], true)
 3 APPPATH/Controllers/Pages.php(40): view('template/bank-pro/themes', [...])
 4 SYSTEMPATH/CodeIgniter.php(907): App\Controllers\Pages->view('FCPATH/themes', 'finapp-light', 'webfonts', 'fa-regular-400.woff2')
 5 SYSTEMPATH/CodeIgniter.php(457): CodeIgniter\CodeIgniter->runController(Object(App\Controllers\Pages))
 6 SYSTEMPATH/CodeIgniter.php(340): CodeIgniter\CodeIgniter->handleRequest(null, Object(Config\Cache), false)
 7 FCPATH/index.php(71): CodeIgniter\CodeIgniter->run()
CRITICAL - 2023-06-28 20:49:57 --> Invalid file: template/bank-pro/__service-worker.js
in SYSTEMPATH/Exceptions/FrameworkException.php on line 33.
 1 SYSTEMPATH/View/View.php(201): CodeIgniter\Exceptions\FrameworkException::forInvalidFile('template/bank-pro/__service-worker.js')
 2 SYSTEMPATH/Common.php(1142): CodeIgniter\View\View->render('template/bank-pro/__service-worker.js', [], true)
 3 APPPATH/Controllers/Pages.php(40): view('template/bank-pro/__service-worker.js', [...])
 4 SYSTEMPATH/CodeIgniter.php(907): App\Controllers\Pages->view('__service-worker.js')
 5 SYSTEMPATH/CodeIgniter.php(457): CodeIgniter\CodeIgniter->runController(Object(App\Controllers\Pages))
 6 SYSTEMPATH/CodeIgniter.php(340): CodeIgniter\CodeIgniter->handleRequest(null, Object(Config\Cache), false)
 7 FCPATH/index.php(71): CodeIgniter\CodeIgniter->run()
CRITICAL - 2023-06-28 20:49:57 --> Invalid file: template/bank-pro/themes.php
in SYSTEMPATH/Exceptions/FrameworkException.php on line 33.
 1 SYSTEMPATH/View/View.php(201): CodeIgniter\Exceptions\FrameworkException::forInvalidFile('template/bank-pro/themes.php')
 2 SYSTEMPATH/Common.php(1142): CodeIgniter\View\View->render('template/bank-pro/themes', [], true)
 3 APPPATH/Controllers/Pages.php(40): view('template/bank-pro/themes', [...])
 4 SYSTEMPATH/CodeIgniter.php(907): App\Controllers\Pages->view('FCPATH/themes', 'finapp-light', 'webfonts', 'fa-brands-400.woff')
 5 SYSTEMPATH/CodeIgniter.php(457): CodeIgniter\CodeIgniter->runController(Object(App\Controllers\Pages))
 6 SYSTEMPATH/CodeIgniter.php(340): CodeIgniter\CodeIgniter->handleRequest(null, Object(Config\Cache), false)
 7 FCPATH/index.php(71): CodeIgniter\CodeIgniter->run()
CRITICAL - 2023-06-28 20:49:57 --> Invalid file: template/bank-pro/themes.php
in SYSTEMPATH/Exceptions/FrameworkException.php on line 33.
 1 SYSTEMPATH/View/View.php(201): CodeIgniter\Exceptions\FrameworkException::forInvalidFile('template/bank-pro/themes.php')
 2 SYSTEMPATH/Common.php(1142): CodeIgniter\View\View->render('template/bank-pro/themes', [], true)
 3 APPPATH/Controllers/Pages.php(40): view('template/bank-pro/themes', [...])
 4 SYSTEMPATH/CodeIgniter.php(907): App\Controllers\Pages->view('FCPATH/themes', 'finapp-light', 'webfonts', 'fa-solid-900.woff')
 5 SYSTEMPATH/CodeIgniter.php(457): CodeIgniter\CodeIgniter->runController(Object(App\Controllers\Pages))
 6 SYSTEMPATH/CodeIgniter.php(340): CodeIgniter\CodeIgniter->handleRequest(null, Object(Config\Cache), false)
 7 FCPATH/index.php(71): CodeIgniter\CodeIgniter->run()
CRITICAL - 2023-06-28 20:49:57 --> Invalid file: template/bank-pro/themes.php
in SYSTEMPATH/Exceptions/FrameworkException.php on line 33.
 1 SYSTEMPATH/View/View.php(201): CodeIgniter\Exceptions\FrameworkException::forInvalidFile('template/bank-pro/themes.php')
 2 SYSTEMPATH/Common.php(1142): CodeIgniter\View\View->render('template/bank-pro/themes', [], true)
 3 APPPATH/Controllers/Pages.php(40): view('template/bank-pro/themes', [...])
 4 SYSTEMPATH/CodeIgniter.php(907): App\Controllers\Pages->view('FCPATH/themes', 'finapp-light', 'webfonts', 'fa-regular-400.woff')
 5 SYSTEMPATH/CodeIgniter.php(457): CodeIgniter\CodeIgniter->runController(Object(App\Controllers\Pages))
 6 SYSTEMPATH/CodeIgniter.php(340): CodeIgniter\CodeIgniter->handleRequest(null, Object(Config\Cache), false)
 7 FCPATH/index.php(71): CodeIgniter\CodeIgniter->run()
CRITICAL - 2023-06-28 20:49:58 --> Invalid file: template/bank-pro/themes.php
in SYSTEMPATH/Exceptions/FrameworkException.php on line 33.
 1 SYSTEMPATH/View/View.php(201): CodeIgniter\Exceptions\FrameworkException::forInvalidFile('template/bank-pro/themes.php')
 2 SYSTEMPATH/Common.php(1142): CodeIgniter\View\View->render('template/bank-pro/themes', [], true)
 3 APPPATH/Controllers/Pages.php(40): view('template/bank-pro/themes', [...])
 4 SYSTEMPATH/CodeIgniter.php(907): App\Controllers\Pages->view('FCPATH/themes', 'finapp-light', 'webfonts', 'fa-brands-400.ttf')
 5 SYSTEMPATH/CodeIgniter.php(457): CodeIgniter\CodeIgniter->runController(Object(App\Controllers\Pages))
 6 SYSTEMPATH/CodeIgniter.php(340): CodeIgniter\CodeIgniter->handleRequest(null, Object(Config\Cache), false)
 7 FCPATH/index.php(71): CodeIgniter\CodeIgniter->run()
CRITICAL - 2023-06-28 20:49:58 --> Invalid file: template/bank-pro/themes.php
in SYSTEMPATH/Exceptions/FrameworkException.php on line 33.
 1 SYSTEMPATH/View/View.php(201): CodeIgniter\Exceptions\FrameworkException::forInvalidFile('template/bank-pro/themes.php')
 2 SYSTEMPATH/Common.php(1142): CodeIgniter\View\View->render('template/bank-pro/themes', [], true)
 3 APPPATH/Controllers/Pages.php(40): view('template/bank-pro/themes', [...])
 4 SYSTEMPATH/CodeIgniter.php(907): App\Controllers\Pages->view('FCPATH/themes', 'finapp-light', 'webfonts', 'fa-solid-900.ttf')
 5 SYSTEMPATH/CodeIgniter.php(457): CodeIgniter\CodeIgniter->runController(Object(App\Controllers\Pages))
 6 SYSTEMPATH/CodeIgniter.php(340): CodeIgniter\CodeIgniter->handleRequest(null, Object(Config\Cache), false)
 7 FCPATH/index.php(71): CodeIgniter\CodeIgniter->run()
CRITICAL - 2023-06-28 20:49:58 --> Invalid file: template/bank-pro/themes.php
in SYSTEMPATH/Exceptions/FrameworkException.php on line 33.
 1 SYSTEMPATH/View/View.php(201): CodeIgniter\Exceptions\FrameworkException::forInvalidFile('template/bank-pro/themes.php')
 2 SYSTEMPATH/Common.php(1142): CodeIgniter\View\View->render('template/bank-pro/themes', [], true)
 3 APPPATH/Controllers/Pages.php(40): view('template/bank-pro/themes', [...])
 4 SYSTEMPATH/CodeIgniter.php(907): App\Controllers\Pages->view('FCPATH/themes', 'finapp-light', 'webfonts', 'fa-regular-400.ttf')
 5 SYSTEMPATH/CodeIgniter.php(457): CodeIgniter\CodeIgniter->runController(Object(App\Controllers\Pages))
 6 SYSTEMPATH/CodeIgniter.php(340): CodeIgniter\CodeIgniter->handleRequest(null, Object(Config\Cache), false)
 7 FCPATH/index.php(71): CodeIgniter\CodeIgniter->run()
CRITICAL - 2023-06-28 20:56:43 --> Invalid file: template/bank-pro/themes.php
in SYSTEMPATH/Exceptions/FrameworkException.php on line 33.
 1 SYSTEMPATH/View/View.php(201): CodeIgniter\Exceptions\FrameworkException::forInvalidFile('template/bank-pro/themes.php')
 2 SYSTEMPATH/Common.php(1142): CodeIgniter\View\View->render('template/bank-pro/themes', [], true)
 3 APPPATH/Controllers/Pages.php(40): view('template/bank-pro/themes', [...])
 4 SYSTEMPATH/CodeIgniter.php(907): App\Controllers\Pages->view('FCPATH/themes', 'finapp-light', 'webfonts', 'fa-regular-400.woff2')
 5 SYSTEMPATH/CodeIgniter.php(457): CodeIgniter\CodeIgniter->runController(Object(App\Controllers\Pages))
 6 SYSTEMPATH/CodeIgniter.php(340): CodeIgniter\CodeIgniter->handleRequest(null, Object(Config\Cache), false)
 7 FCPATH/index.php(71): CodeIgniter\CodeIgniter->run()
CRITICAL - 2023-06-28 20:56:43 --> Invalid file: template/bank-pro/themes.php
in SYSTEMPATH/Exceptions/FrameworkException.php on line 33.
 1 SYSTEMPATH/View/View.php(201): CodeIgniter\Exceptions\FrameworkException::forInvalidFile('template/bank-pro/themes.php')
 2 SYSTEMPATH/Common.php(1142): CodeIgniter\View\View->render('template/bank-pro/themes', [], true)
 3 APPPATH/Controllers/Pages.php(40): view('template/bank-pro/themes', [...])
 4 SYSTEMPATH/CodeIgniter.php(907): App\Controllers\Pages->view('FCPATH/themes', 'finapp-light', 'webfonts', 'fa-solid-900.woff2')
 5 SYSTEMPATH/CodeIgniter.php(457): CodeIgniter\CodeIgniter->runController(Object(App\Controllers\Pages))
 6 SYSTEMPATH/CodeIgniter.php(340): CodeIgniter\CodeIgniter->handleRequest(null, Object(Config\Cache), false)
 7 FCPATH/index.php(71): CodeIgniter\CodeIgniter->run()
CRITICAL - 2023-06-28 20:56:43 --> Invalid file: template/bank-pro/themes.php
in SYSTEMPATH/Exceptions/FrameworkException.php on line 33.
 1 SYSTEMPATH/View/View.php(201): CodeIgniter\Exceptions\FrameworkException::forInvalidFile('template/bank-pro/themes.php')
 2 SYSTEMPATH/Common.php(1142): CodeIgniter\View\View->render('template/bank-pro/themes', [], true)
 3 APPPATH/Controllers/Pages.php(40): view('template/bank-pro/themes', [...])
 4 SYSTEMPATH/CodeIgniter.php(907): App\Controllers\Pages->view('FCPATH/themes', 'finapp-light', 'webfonts', 'fa-regular-400.woff')
 5 SYSTEMPATH/CodeIgniter.php(457): CodeIgniter\CodeIgniter->runController(Object(App\Controllers\Pages))
 6 SYSTEMPATH/CodeIgniter.php(340): CodeIgniter\CodeIgniter->handleRequest(null, Object(Config\Cache), false)
 7 FCPATH/index.php(71): CodeIgniter\CodeIgniter->run()
CRITICAL - 2023-06-28 20:56:43 --> Invalid file: template/bank-pro/themes.php
in SYSTEMPATH/Exceptions/FrameworkException.php on line 33.
 1 SYSTEMPATH/View/View.php(201): CodeIgniter\Exceptions\FrameworkException::forInvalidFile('template/bank-pro/themes.php')
 2 SYSTEMPATH/Common.php(1142): CodeIgniter\View\View->render('template/bank-pro/themes', [], true)
 3 APPPATH/Controllers/Pages.php(40): view('template/bank-pro/themes', [...])
 4 SYSTEMPATH/CodeIgniter.php(907): App\Controllers\Pages->view('FCPATH/themes', 'finapp-light', 'webfonts', 'fa-solid-900.woff')
 5 SYSTEMPATH/CodeIgniter.php(457): CodeIgniter\CodeIgniter->runController(Object(App\Controllers\Pages))
 6 SYSTEMPATH/CodeIgniter.php(340): CodeIgniter\CodeIgniter->handleRequest(null, Object(Config\Cache), false)
 7 FCPATH/index.php(71): CodeIgniter\CodeIgniter->run()
CRITICAL - 2023-06-28 20:56:43 --> Invalid file: template/bank-pro/themes.php
in SYSTEMPATH/Exceptions/FrameworkException.php on line 33.
 1 SYSTEMPATH/View/View.php(201): CodeIgniter\Exceptions\FrameworkException::forInvalidFile('template/bank-pro/themes.php')
 2 SYSTEMPATH/Common.php(1142): CodeIgniter\View\View->render('template/bank-pro/themes', [], true)
 3 APPPATH/Controllers/Pages.php(40): view('template/bank-pro/themes', [...])
 4 SYSTEMPATH/CodeIgniter.php(907): App\Controllers\Pages->view('FCPATH/themes', 'finapp-light', 'webfonts', 'fa-regular-400.ttf')
 5 SYSTEMPATH/CodeIgniter.php(457): CodeIgniter\CodeIgniter->runController(Object(App\Controllers\Pages))
 6 SYSTEMPATH/CodeIgniter.php(340): CodeIgniter\CodeIgniter->handleRequest(null, Object(Config\Cache), false)
 7 FCPATH/index.php(71): CodeIgniter\CodeIgniter->run()
CRITICAL - 2023-06-28 20:56:43 --> Invalid file: template/bank-pro/themes.php
in SYSTEMPATH/Exceptions/FrameworkException.php on line 33.
 1 SYSTEMPATH/View/View.php(201): CodeIgniter\Exceptions\FrameworkException::forInvalidFile('template/bank-pro/themes.php')
 2 SYSTEMPATH/Common.php(1142): CodeIgniter\View\View->render('template/bank-pro/themes', [], true)
 3 APPPATH/Controllers/Pages.php(40): view('template/bank-pro/themes', [...])
 4 SYSTEMPATH/CodeIgniter.php(907): App\Controllers\Pages->view('FCPATH/themes', 'finapp-light', 'webfonts', 'fa-solid-900.ttf')
 5 SYSTEMPATH/CodeIgniter.php(457): CodeIgniter\CodeIgniter->runController(Object(App\Controllers\Pages))
 6 SYSTEMPATH/CodeIgniter.php(340): CodeIgniter\CodeIgniter->handleRequest(null, Object(Config\Cache), false)
 7 FCPATH/index.php(71): CodeIgniter\CodeIgniter->run()
CRITICAL - 2023-06-28 20:57:45 --> Invalid file: template/bank-pro/themes.php
in SYSTEMPATH/Exceptions/FrameworkException.php on line 33.
 1 SYSTEMPATH/View/View.php(201): CodeIgniter\Exceptions\FrameworkException::forInvalidFile('template/bank-pro/themes.php')
 2 SYSTEMPATH/Common.php(1142): CodeIgniter\View\View->render('template/bank-pro/themes', [], true)
 3 APPPATH/Controllers/Pages.php(40): view('template/bank-pro/themes', [...])
 4 SYSTEMPATH/CodeIgniter.php(907): App\Controllers\Pages->view('FCPATH/themes', 'finapp-light', 'webfonts', 'fa-solid-900.woff2')
 5 SYSTEMPATH/CodeIgniter.php(457): CodeIgniter\CodeIgniter->runController(Object(App\Controllers\Pages))
 6 SYSTEMPATH/CodeIgniter.php(340): CodeIgniter\CodeIgniter->handleRequest(null, Object(Config\Cache), false)
 7 FCPATH/index.php(71): CodeIgniter\CodeIgniter->run()
CRITICAL - 2023-06-28 20:57:45 --> Invalid file: template/bank-pro/themes.php
in SYSTEMPATH/Exceptions/FrameworkException.php on line 33.
 1 SYSTEMPATH/View/View.php(201): CodeIgniter\Exceptions\FrameworkException::forInvalidFile('template/bank-pro/themes.php')
 2 SYSTEMPATH/Common.php(1142): CodeIgniter\View\View->render('template/bank-pro/themes', [], true)
 3 APPPATH/Controllers/Pages.php(40): view('template/bank-pro/themes', [...])
 4 SYSTEMPATH/CodeIgniter.php(907): App\Controllers\Pages->view('FCPATH/themes', 'finapp-light', 'webfonts', 'fa-regular-400.woff2')
 5 SYSTEMPATH/CodeIgniter.php(457): CodeIgniter\CodeIgniter->runController(Object(App\Controllers\Pages))
 6 SYSTEMPATH/CodeIgniter.php(340): CodeIgniter\CodeIgniter->handleRequest(null, Object(Config\Cache), false)
 7 FCPATH/index.php(71): CodeIgniter\CodeIgniter->run()
CRITICAL - 2023-06-28 20:57:45 --> Invalid file: template/bank-pro/themes.php
in SYSTEMPATH/Exceptions/FrameworkException.php on line 33.
 1 SYSTEMPATH/View/View.php(201): CodeIgniter\Exceptions\FrameworkException::forInvalidFile('template/bank-pro/themes.php')
 2 SYSTEMPATH/Common.php(1142): CodeIgniter\View\View->render('template/bank-pro/themes', [], true)
 3 APPPATH/Controllers/Pages.php(40): view('template/bank-pro/themes', [...])
 4 SYSTEMPATH/CodeIgniter.php(907): App\Controllers\Pages->view('FCPATH/themes', 'finapp-light', 'webfonts', 'fa-regular-400.woff')
 5 SYSTEMPATH/CodeIgniter.php(457): CodeIgniter\CodeIgniter->runController(Object(App\Controllers\Pages))
 6 SYSTEMPATH/CodeIgniter.php(340): CodeIgniter\CodeIgniter->handleRequest(null, Object(Config\Cache), false)
 7 FCPATH/index.php(71): CodeIgniter\CodeIgniter->run()
CRITICAL - 2023-06-28 20:57:45 --> Invalid file: template/bank-pro/themes.php
in SYSTEMPATH/Exceptions/FrameworkException.php on line 33.
 1 SYSTEMPATH/View/View.php(201): CodeIgniter\Exceptions\FrameworkException::forInvalidFile('template/bank-pro/themes.php')
 2 SYSTEMPATH/Common.php(1142): CodeIgniter\View\View->render('template/bank-pro/themes', [], true)
 3 APPPATH/Controllers/Pages.php(40): view('template/bank-pro/themes', [...])
 4 SYSTEMPATH/CodeIgniter.php(907): App\Controllers\Pages->view('FCPATH/themes', 'finapp-light', 'webfonts', 'fa-solid-900.woff')
 5 SYSTEMPATH/CodeIgniter.php(457): CodeIgniter\CodeIgniter->runController(Object(App\Controllers\Pages))
 6 SYSTEMPATH/CodeIgniter.php(340): CodeIgniter\CodeIgniter->handleRequest(null, Object(Config\Cache), false)
 7 FCPATH/index.php(71): CodeIgniter\CodeIgniter->run()
CRITICAL - 2023-06-28 20:57:45 --> Invalid file: template/bank-pro/themes.php
in SYSTEMPATH/Exceptions/FrameworkException.php on line 33.
 1 SYSTEMPATH/View/View.php(201): CodeIgniter\Exceptions\FrameworkException::forInvalidFile('template/bank-pro/themes.php')
 2 SYSTEMPATH/Common.php(1142): CodeIgniter\View\View->render('template/bank-pro/themes', [], true)
 3 APPPATH/Controllers/Pages.php(40): view('template/bank-pro/themes', [...])
 4 SYSTEMPATH/CodeIgniter.php(907): App\Controllers\Pages->view('FCPATH/themes', 'finapp-light', 'webfonts', 'fa-regular-400.ttf')
 5 SYSTEMPATH/CodeIgniter.php(457): CodeIgniter\CodeIgniter->runController(Object(App\Controllers\Pages))
 6 SYSTEMPATH/CodeIgniter.php(340): CodeIgniter\CodeIgniter->handleRequest(null, Object(Config\Cache), false)
 7 FCPATH/index.php(71): CodeIgniter\CodeIgniter->run()
CRITICAL - 2023-06-28 20:57:45 --> Invalid file: template/bank-pro/themes.php
in SYSTEMPATH/Exceptions/FrameworkException.php on line 33.
 1 SYSTEMPATH/View/View.php(201): CodeIgniter\Exceptions\FrameworkException::forInvalidFile('template/bank-pro/themes.php')
 2 SYSTEMPATH/Common.php(1142): CodeIgniter\View\View->render('template/bank-pro/themes', [], true)
 3 APPPATH/Controllers/Pages.php(40): view('template/bank-pro/themes', [...])
 4 SYSTEMPATH/CodeIgniter.php(907): App\Controllers\Pages->view('FCPATH/themes', 'finapp-light', 'webfonts', 'fa-solid-900.ttf')
 5 SYSTEMPATH/CodeIgniter.php(457): CodeIgniter\CodeIgniter->runController(Object(App\Controllers\Pages))
 6 SYSTEMPATH/CodeIgniter.php(340): CodeIgniter\CodeIgniter->handleRequest(null, Object(Config\Cache), false)
 7 FCPATH/index.php(71): CodeIgniter\CodeIgniter->run()
CRITICAL - 2023-06-28 20:58:13 --> Invalid file: template/bank-pro/assets.php
in SYSTEMPATH/Exceptions/FrameworkException.php on line 33.
 1 SYSTEMPATH/View/View.php(201): CodeIgniter\Exceptions\FrameworkException::forInvalidFile('template/bank-pro/assets.php')
 2 SYSTEMPATH/Common.php(1142): CodeIgniter\View\View->render('template/bank-pro/assets', [], true)
 3 APPPATH/Controllers/Pages.php(40): view('template/bank-pro/assets', [...])
 4 SYSTEMPATH/CodeIgniter.php(907): App\Controllers\Pages->view('FCPATH/assets', 'images', 'chip.png')
 5 SYSTEMPATH/CodeIgniter.php(457): CodeIgniter\CodeIgniter->runController(Object(App\Controllers\Pages))
 6 SYSTEMPATH/CodeIgniter.php(340): CodeIgniter\CodeIgniter->handleRequest(null, Object(Config\Cache), false)
 7 FCPATH/index.php(71): CodeIgniter\CodeIgniter->run()
CRITICAL - 2023-06-28 20:58:13 --> Invalid file: template/bank-pro/assets.php
in SYSTEMPATH/Exceptions/FrameworkException.php on line 33.
 1 SYSTEMPATH/View/View.php(201): CodeIgniter\Exceptions\FrameworkException::forInvalidFile('template/bank-pro/assets.php')
 2 SYSTEMPATH/Common.php(1142): CodeIgniter\View\View->render('template/bank-pro/assets', [], true)
 3 APPPATH/Controllers/Pages.php(40): view('template/bank-pro/assets', [...])
 4 SYSTEMPATH/CodeIgniter.php(907): App\Controllers\Pages->view('FCPATH/assets', 'images', 'visa.png')
 5 SYSTEMPATH/CodeIgniter.php(457): CodeIgniter\CodeIgniter->runController(Object(App\Controllers\Pages))
 6 SYSTEMPATH/CodeIgniter.php(340): CodeIgniter\CodeIgniter->handleRequest(null, Object(Config\Cache), false)
 7 FCPATH/index.php(71): CodeIgniter\CodeIgniter->run()
CRITICAL - 2023-06-28 20:58:13 --> Invalid file: template/bank-pro/themes.php
in SYSTEMPATH/Exceptions/FrameworkException.php on line 33.
 1 SYSTEMPATH/View/View.php(201): CodeIgniter\Exceptions\FrameworkException::forInvalidFile('template/bank-pro/themes.php')
 2 SYSTEMPATH/Common.php(1142): CodeIgniter\View\View->render('template/bank-pro/themes', [], true)
 3 APPPATH/Controllers/Pages.php(40): view('template/bank-pro/themes', [...])
 4 SYSTEMPATH/CodeIgniter.php(907): App\Controllers\Pages->view('FCPATH/themes', 'finapp-light', 'webfonts', 'fa-regular-400.woff2')
 5 SYSTEMPATH/CodeIgniter.php(457): CodeIgniter\CodeIgniter->runController(Object(App\Controllers\Pages))
 6 SYSTEMPATH/CodeIgniter.php(340): CodeIgniter\CodeIgniter->handleRequest(null, Object(Config\Cache), false)
 7 FCPATH/index.php(71): CodeIgniter\CodeIgniter->run()
CRITICAL - 2023-06-28 20:58:13 --> Invalid file: template/bank-pro/themes.php
in SYSTEMPATH/Exceptions/FrameworkException.php on line 33.
 1 SYSTEMPATH/View/View.php(201): CodeIgniter\Exceptions\FrameworkException::forInvalidFile('template/bank-pro/themes.php')
 2 SYSTEMPATH/Common.php(1142): CodeIgniter\View\View->render('template/bank-pro/themes', [], true)
 3 APPPATH/Controllers/Pages.php(40): view('template/bank-pro/themes', [...])
 4 SYSTEMPATH/CodeIgniter.php(907): App\Controllers\Pages->view('FCPATH/themes', 'finapp-light', 'webfonts', 'fa-brands-400.woff2')
 5 SYSTEMPATH/CodeIgniter.php(457): CodeIgniter\CodeIgniter->runController(Object(App\Controllers\Pages))
 6 SYSTEMPATH/CodeIgniter.php(340): CodeIgniter\CodeIgniter->handleRequest(null, Object(Config\Cache), false)
 7 FCPATH/index.php(71): CodeIgniter\CodeIgniter->run()
CRITICAL - 2023-06-28 20:58:13 --> Invalid file: template/bank-pro/themes.php
in SYSTEMPATH/Exceptions/FrameworkException.php on line 33.
 1 SYSTEMPATH/View/View.php(201): CodeIgniter\Exceptions\FrameworkException::forInvalidFile('template/bank-pro/themes.php')
 2 SYSTEMPATH/Common.php(1142): CodeIgniter\View\View->render('template/bank-pro/themes', [], true)
 3 APPPATH/Controllers/Pages.php(40): view('template/bank-pro/themes', [...])
 4 SYSTEMPATH/CodeIgniter.php(907): App\Controllers\Pages->view('FCPATH/themes', 'finapp-light', 'webfonts', 'fa-solid-900.woff2')
 5 SYSTEMPATH/CodeIgniter.php(457): CodeIgniter\CodeIgniter->runController(Object(App\Controllers\Pages))
 6 SYSTEMPATH/CodeIgniter.php(340): CodeIgniter\CodeIgniter->handleRequest(null, Object(Config\Cache), false)
 7 FCPATH/index.php(71): CodeIgniter\CodeIgniter->run()
CRITICAL - 2023-06-28 20:58:13 --> Invalid file: template/bank-pro/__service-worker.js
in SYSTEMPATH/Exceptions/FrameworkException.php on line 33.
 1 SYSTEMPATH/View/View.php(201): CodeIgniter\Exceptions\FrameworkException::forInvalidFile('template/bank-pro/__service-worker.js')
 2 SYSTEMPATH/Common.php(1142): CodeIgniter\View\View->render('template/bank-pro/__service-worker.js', [], true)
 3 APPPATH/Controllers/Pages.php(40): view('template/bank-pro/__service-worker.js', [...])
 4 SYSTEMPATH/CodeIgniter.php(907): App\Controllers\Pages->view('__service-worker.js')
 5 SYSTEMPATH/CodeIgniter.php(457): CodeIgniter\CodeIgniter->runController(Object(App\Controllers\Pages))
 6 SYSTEMPATH/CodeIgniter.php(340): CodeIgniter\CodeIgniter->handleRequest(null, Object(Config\Cache), false)
 7 FCPATH/index.php(71): CodeIgniter\CodeIgniter->run()
CRITICAL - 2023-06-28 20:58:14 --> Invalid file: template/bank-pro/themes.php
in SYSTEMPATH/Exceptions/FrameworkException.php on line 33.
 1 SYSTEMPATH/View/View.php(201): CodeIgniter\Exceptions\FrameworkException::forInvalidFile('template/bank-pro/themes.php')
 2 SYSTEMPATH/Common.php(1142): CodeIgniter\View\View->render('template/bank-pro/themes', [], true)
 3 APPPATH/Controllers/Pages.php(40): view('template/bank-pro/themes', [...])
 4 SYSTEMPATH/CodeIgniter.php(907): App\Controllers\Pages->view('FCPATH/themes', 'finapp-light', 'webfonts', 'fa-brands-400.woff')
 5 SYSTEMPATH/CodeIgniter.php(457): CodeIgniter\CodeIgniter->runController(Object(App\Controllers\Pages))
 6 SYSTEMPATH/CodeIgniter.php(340): CodeIgniter\CodeIgniter->handleRequest(null, Object(Config\Cache), false)
 7 FCPATH/index.php(71): CodeIgniter\CodeIgniter->run()
CRITICAL - 2023-06-28 20:58:14 --> Invalid file: template/bank-pro/themes.php
in SYSTEMPATH/Exceptions/FrameworkException.php on line 33.
 1 SYSTEMPATH/View/View.php(201): CodeIgniter\Exceptions\FrameworkException::forInvalidFile('template/bank-pro/themes.php')
 2 SYSTEMPATH/Common.php(1142): CodeIgniter\View\View->render('template/bank-pro/themes', [], true)
 3 APPPATH/Controllers/Pages.php(40): view('template/bank-pro/themes', [...])
 4 SYSTEMPATH/CodeIgniter.php(907): App\Controllers\Pages->view('FCPATH/themes', 'finapp-light', 'webfonts', 'fa-regular-400.woff')
 5 SYSTEMPATH/CodeIgniter.php(457): CodeIgniter\CodeIgniter->runController(Object(App\Controllers\Pages))
 6 SYSTEMPATH/CodeIgniter.php(340): CodeIgniter\CodeIgniter->handleRequest(null, Object(Config\Cache), false)
 7 FCPATH/index.php(71): CodeIgniter\CodeIgniter->run()
CRITICAL - 2023-06-28 20:58:14 --> Invalid file: template/bank-pro/themes.php
in SYSTEMPATH/Exceptions/FrameworkException.php on line 33.
 1 SYSTEMPATH/View/View.php(201): CodeIgniter\Exceptions\FrameworkException::forInvalidFile('template/bank-pro/themes.php')
 2 SYSTEMPATH/Common.php(1142): CodeIgniter\View\View->render('template/bank-pro/themes', [], true)
 3 APPPATH/Controllers/Pages.php(40): view('template/bank-pro/themes', [...])
 4 SYSTEMPATH/CodeIgniter.php(907): App\Controllers\Pages->view('FCPATH/themes', 'finapp-light', 'webfonts', 'fa-solid-900.woff')
 5 SYSTEMPATH/CodeIgniter.php(457): CodeIgniter\CodeIgniter->runController(Object(App\Controllers\Pages))
 6 SYSTEMPATH/CodeIgniter.php(340): CodeIgniter\CodeIgniter->handleRequest(null, Object(Config\Cache), false)
 7 FCPATH/index.php(71): CodeIgniter\CodeIgniter->run()
CRITICAL - 2023-06-28 20:58:14 --> Invalid file: template/bank-pro/themes.php
in SYSTEMPATH/Exceptions/FrameworkException.php on line 33.
 1 SYSTEMPATH/View/View.php(201): CodeIgniter\Exceptions\FrameworkException::forInvalidFile('template/bank-pro/themes.php')
 2 SYSTEMPATH/Common.php(1142): CodeIgniter\View\View->render('template/bank-pro/themes', [], true)
 3 APPPATH/Controllers/Pages.php(40): view('template/bank-pro/themes', [...])
 4 SYSTEMPATH/CodeIgniter.php(907): App\Controllers\Pages->view('FCPATH/themes', 'finapp-light', 'webfonts', 'fa-solid-900.ttf')
 5 SYSTEMPATH/CodeIgniter.php(457): CodeIgniter\CodeIgniter->runController(Object(App\Controllers\Pages))
 6 SYSTEMPATH/CodeIgniter.php(340): CodeIgniter\CodeIgniter->handleRequest(null, Object(Config\Cache), false)
 7 FCPATH/index.php(71): CodeIgniter\CodeIgniter->run()
CRITICAL - 2023-06-28 20:58:14 --> Invalid file: template/bank-pro/themes.php
in SYSTEMPATH/Exceptions/FrameworkException.php on line 33.
 1 SYSTEMPATH/View/View.php(201): CodeIgniter\Exceptions\FrameworkException::forInvalidFile('template/bank-pro/themes.php')
 2 SYSTEMPATH/Common.php(1142): CodeIgniter\View\View->render('template/bank-pro/themes', [], true)
 3 APPPATH/Controllers/Pages.php(40): view('template/bank-pro/themes', [...])
 4 SYSTEMPATH/CodeIgniter.php(907): App\Controllers\Pages->view('FCPATH/themes', 'finapp-light', 'webfonts', 'fa-regular-400.ttf')
 5 SYSTEMPATH/CodeIgniter.php(457): CodeIgniter\CodeIgniter->runController(Object(App\Controllers\Pages))
 6 SYSTEMPATH/CodeIgniter.php(340): CodeIgniter\CodeIgniter->handleRequest(null, Object(Config\Cache), false)
 7 FCPATH/index.php(71): CodeIgniter\CodeIgniter->run()
CRITICAL - 2023-06-28 20:58:14 --> Invalid file: template/bank-pro/themes.php
in SYSTEMPATH/Exceptions/FrameworkException.php on line 33.
 1 SYSTEMPATH/View/View.php(201): CodeIgniter\Exceptions\FrameworkException::forInvalidFile('template/bank-pro/themes.php')
 2 SYSTEMPATH/Common.php(1142): CodeIgniter\View\View->render('template/bank-pro/themes', [], true)
 3 APPPATH/Controllers/Pages.php(40): view('template/bank-pro/themes', [...])
 4 SYSTEMPATH/CodeIgniter.php(907): App\Controllers\Pages->view('FCPATH/themes', 'finapp-light', 'webfonts', 'fa-brands-400.ttf')
 5 SYSTEMPATH/CodeIgniter.php(457): CodeIgniter\CodeIgniter->runController(Object(App\Controllers\Pages))
 6 SYSTEMPATH/CodeIgniter.php(340): CodeIgniter\CodeIgniter->handleRequest(null, Object(Config\Cache), false)
 7 FCPATH/index.php(71): CodeIgniter\CodeIgniter->run()
CRITICAL - 2023-06-28 20:59:26 --> Invalid file: template/bank-pro/themes.php
in SYSTEMPATH/Exceptions/FrameworkException.php on line 33.
 1 SYSTEMPATH/View/View.php(201): CodeIgniter\Exceptions\FrameworkException::forInvalidFile('template/bank-pro/themes.php')
 2 SYSTEMPATH/Common.php(1142): CodeIgniter\View\View->render('template/bank-pro/themes', [], true)
 3 APPPATH/Controllers/Pages.php(40): view('template/bank-pro/themes', [...])
 4 SYSTEMPATH/CodeIgniter.php(907): App\Controllers\Pages->view('FCPATH/themes', 'finapp-light', 'webfonts', 'fa-solid-900.woff2')
 5 SYSTEMPATH/CodeIgniter.php(457): CodeIgniter\CodeIgniter->runController(Object(App\Controllers\Pages))
 6 SYSTEMPATH/CodeIgniter.php(340): CodeIgniter\CodeIgniter->handleRequest(null, Object(Config\Cache), false)
 7 FCPATH/index.php(71): CodeIgniter\CodeIgniter->run()
CRITICAL - 2023-06-28 20:59:26 --> Invalid file: template/bank-pro/themes.php
in SYSTEMPATH/Exceptions/FrameworkException.php on line 33.
 1 SYSTEMPATH/View/View.php(201): CodeIgniter\Exceptions\FrameworkException::forInvalidFile('template/bank-pro/themes.php')
 2 SYSTEMPATH/Common.php(1142): CodeIgniter\View\View->render('template/bank-pro/themes', [], true)
 3 APPPATH/Controllers/Pages.php(40): view('template/bank-pro/themes', [...])
 4 SYSTEMPATH/CodeIgniter.php(907): App\Controllers\Pages->view('FCPATH/themes', 'finapp-light', 'webfonts', 'fa-regular-400.woff2')
 5 SYSTEMPATH/CodeIgniter.php(457): CodeIgniter\CodeIgniter->runController(Object(App\Controllers\Pages))
 6 SYSTEMPATH/CodeIgniter.php(340): CodeIgniter\CodeIgniter->handleRequest(null, Object(Config\Cache), false)
 7 FCPATH/index.php(71): CodeIgniter\CodeIgniter->run()
CRITICAL - 2023-06-28 20:59:26 --> Invalid file: template/bank-pro/themes.php
in SYSTEMPATH/Exceptions/FrameworkException.php on line 33.
 1 SYSTEMPATH/View/View.php(201): CodeIgniter\Exceptions\FrameworkException::forInvalidFile('template/bank-pro/themes.php')
 2 SYSTEMPATH/Common.php(1142): CodeIgniter\View\View->render('template/bank-pro/themes', [], true)
 3 APPPATH/Controllers/Pages.php(40): view('template/bank-pro/themes', [...])
 4 SYSTEMPATH/CodeIgniter.php(907): App\Controllers\Pages->view('FCPATH/themes', 'finapp-light', 'webfonts', 'fa-solid-900.woff')
 5 SYSTEMPATH/CodeIgniter.php(457): CodeIgniter\CodeIgniter->runController(Object(App\Controllers\Pages))
 6 SYSTEMPATH/CodeIgniter.php(340): CodeIgniter\CodeIgniter->handleRequest(null, Object(Config\Cache), false)
 7 FCPATH/index.php(71): CodeIgniter\CodeIgniter->run()
CRITICAL - 2023-06-28 20:59:26 --> Invalid file: template/bank-pro/themes.php
in SYSTEMPATH/Exceptions/FrameworkException.php on line 33.
 1 SYSTEMPATH/View/View.php(201): CodeIgniter\Exceptions\FrameworkException::forInvalidFile('template/bank-pro/themes.php')
 2 SYSTEMPATH/Common.php(1142): CodeIgniter\View\View->render('template/bank-pro/themes', [], true)
 3 APPPATH/Controllers/Pages.php(40): view('template/bank-pro/themes', [...])
 4 SYSTEMPATH/CodeIgniter.php(907): App\Controllers\Pages->view('FCPATH/themes', 'finapp-light', 'webfonts', 'fa-regular-400.woff')
 5 SYSTEMPATH/CodeIgniter.php(457): CodeIgniter\CodeIgniter->runController(Object(App\Controllers\Pages))
 6 SYSTEMPATH/CodeIgniter.php(340): CodeIgniter\CodeIgniter->handleRequest(null, Object(Config\Cache), false)
 7 FCPATH/index.php(71): CodeIgniter\CodeIgniter->run()
CRITICAL - 2023-06-28 20:59:27 --> Invalid file: template/bank-pro/themes.php
in SYSTEMPATH/Exceptions/FrameworkException.php on line 33.
 1 SYSTEMPATH/View/View.php(201): CodeIgniter\Exceptions\FrameworkException::forInvalidFile('template/bank-pro/themes.php')
 2 SYSTEMPATH/Common.php(1142): CodeIgniter\View\View->render('template/bank-pro/themes', [], true)
 3 APPPATH/Controllers/Pages.php(40): view('template/bank-pro/themes', [...])
 4 SYSTEMPATH/CodeIgniter.php(907): App\Controllers\Pages->view('FCPATH/themes', 'finapp-light', 'webfonts', 'fa-regular-400.ttf')
 5 SYSTEMPATH/CodeIgniter.php(457): CodeIgniter\CodeIgniter->runController(Object(App\Controllers\Pages))
 6 SYSTEMPATH/CodeIgniter.php(340): CodeIgniter\CodeIgniter->handleRequest(null, Object(Config\Cache), false)
 7 FCPATH/index.php(71): CodeIgniter\CodeIgniter->run()
CRITICAL - 2023-06-28 20:59:27 --> Invalid file: template/bank-pro/themes.php
in SYSTEMPATH/Exceptions/FrameworkException.php on line 33.
 1 SYSTEMPATH/View/View.php(201): CodeIgniter\Exceptions\FrameworkException::forInvalidFile('template/bank-pro/themes.php')
 2 SYSTEMPATH/Common.php(1142): CodeIgniter\View\View->render('template/bank-pro/themes', [], true)
 3 APPPATH/Controllers/Pages.php(40): view('template/bank-pro/themes', [...])
 4 SYSTEMPATH/CodeIgniter.php(907): App\Controllers\Pages->view('FCPATH/themes', 'finapp-light', 'webfonts', 'fa-solid-900.ttf')
 5 SYSTEMPATH/CodeIgniter.php(457): CodeIgniter\CodeIgniter->runController(Object(App\Controllers\Pages))
 6 SYSTEMPATH/CodeIgniter.php(340): CodeIgniter\CodeIgniter->handleRequest(null, Object(Config\Cache), false)
 7 FCPATH/index.php(71): CodeIgniter\CodeIgniter->run()
CRITICAL - 2023-06-28 20:59:34 --> Invalid file: template/bank-pro/assets.php
in SYSTEMPATH/Exceptions/FrameworkException.php on line 33.
 1 SYSTEMPATH/View/View.php(201): CodeIgniter\Exceptions\FrameworkException::forInvalidFile('template/bank-pro/assets.php')
 2 SYSTEMPATH/Common.php(1142): CodeIgniter\View\View->render('template/bank-pro/assets', [], true)
 3 APPPATH/Controllers/Pages.php(40): view('template/bank-pro/assets', [...])
 4 SYSTEMPATH/CodeIgniter.php(907): App\Controllers\Pages->view('FCPATH/assets', 'images', 'chip.png')
 5 SYSTEMPATH/CodeIgniter.php(457): CodeIgniter\CodeIgniter->runController(Object(App\Controllers\Pages))
 6 SYSTEMPATH/CodeIgniter.php(340): CodeIgniter\CodeIgniter->handleRequest(null, Object(Config\Cache), false)
 7 FCPATH/index.php(71): CodeIgniter\CodeIgniter->run()
CRITICAL - 2023-06-28 20:59:34 --> Invalid file: template/bank-pro/assets.php
in SYSTEMPATH/Exceptions/FrameworkException.php on line 33.
 1 SYSTEMPATH/View/View.php(201): CodeIgniter\Exceptions\FrameworkException::forInvalidFile('template/bank-pro/assets.php')
 2 SYSTEMPATH/Common.php(1142): CodeIgniter\View\View->render('template/bank-pro/assets', [], true)
 3 APPPATH/Controllers/Pages.php(40): view('template/bank-pro/assets', [...])
 4 SYSTEMPATH/CodeIgniter.php(907): App\Controllers\Pages->view('FCPATH/assets', 'images', 'visa.png')
 5 SYSTEMPATH/CodeIgniter.php(457): CodeIgniter\CodeIgniter->runController(Object(App\Controllers\Pages))
 6 SYSTEMPATH/CodeIgniter.php(340): CodeIgniter\CodeIgniter->handleRequest(null, Object(Config\Cache), false)
 7 FCPATH/index.php(71): CodeIgniter\CodeIgniter->run()
CRITICAL - 2023-06-28 20:59:34 --> Invalid file: template/bank-pro/themes.php
in SYSTEMPATH/Exceptions/FrameworkException.php on line 33.
 1 SYSTEMPATH/View/View.php(201): CodeIgniter\Exceptions\FrameworkException::forInvalidFile('template/bank-pro/themes.php')
 2 SYSTEMPATH/Common.php(1142): CodeIgniter\View\View->render('template/bank-pro/themes', [], true)
 3 APPPATH/Controllers/Pages.php(40): view('template/bank-pro/themes', [...])
 4 SYSTEMPATH/CodeIgniter.php(907): App\Controllers\Pages->view('FCPATH/themes', 'finapp-light', 'webfonts', 'fa-solid-900.woff2')
 5 SYSTEMPATH/CodeIgniter.php(457): CodeIgniter\CodeIgniter->runController(Object(App\Controllers\Pages))
 6 SYSTEMPATH/CodeIgniter.php(340): CodeIgniter\CodeIgniter->handleRequest(null, Object(Config\Cache), false)
 7 FCPATH/index.php(71): CodeIgniter\CodeIgniter->run()
CRITICAL - 2023-06-28 20:59:34 --> Invalid file: template/bank-pro/themes.php
in SYSTEMPATH/Exceptions/FrameworkException.php on line 33.
 1 SYSTEMPATH/View/View.php(201): CodeIgniter\Exceptions\FrameworkException::forInvalidFile('template/bank-pro/themes.php')
 2 SYSTEMPATH/Common.php(1142): CodeIgniter\View\View->render('template/bank-pro/themes', [], true)
 3 APPPATH/Controllers/Pages.php(40): view('template/bank-pro/themes', [...])
 4 SYSTEMPATH/CodeIgniter.php(907): App\Controllers\Pages->view('FCPATH/themes', 'finapp-light', 'webfonts', 'fa-regular-400.woff2')
 5 SYSTEMPATH/CodeIgniter.php(457): CodeIgniter\CodeIgniter->runController(Object(App\Controllers\Pages))
 6 SYSTEMPATH/CodeIgniter.php(340): CodeIgniter\CodeIgniter->handleRequest(null, Object(Config\Cache), false)
 7 FCPATH/index.php(71): CodeIgniter\CodeIgniter->run()
CRITICAL - 2023-06-28 20:59:34 --> Invalid file: template/bank-pro/themes.php
in SYSTEMPATH/Exceptions/FrameworkException.php on line 33.
 1 SYSTEMPATH/View/View.php(201): CodeIgniter\Exceptions\FrameworkException::forInvalidFile('template/bank-pro/themes.php')
 2 SYSTEMPATH/Common.php(1142): CodeIgniter\View\View->render('template/bank-pro/themes', [], true)
 3 APPPATH/Controllers/Pages.php(40): view('template/bank-pro/themes', [...])
 4 SYSTEMPATH/CodeIgniter.php(907): App\Controllers\Pages->view('FCPATH/themes', 'finapp-light', 'webfonts', 'fa-brands-400.woff2')
 5 SYSTEMPATH/CodeIgniter.php(457): CodeIgniter\CodeIgniter->runController(Object(App\Controllers\Pages))
 6 SYSTEMPATH/CodeIgniter.php(340): CodeIgniter\CodeIgniter->handleRequest(null, Object(Config\Cache), false)
 7 FCPATH/index.php(71): CodeIgniter\CodeIgniter->run()
CRITICAL - 2023-06-28 20:59:34 --> Invalid file: template/bank-pro/__service-worker.js
in SYSTEMPATH/Exceptions/FrameworkException.php on line 33.
 1 SYSTEMPATH/View/View.php(201): CodeIgniter\Exceptions\FrameworkException::forInvalidFile('template/bank-pro/__service-worker.js')
 2 SYSTEMPATH/Common.php(1142): CodeIgniter\View\View->render('template/bank-pro/__service-worker.js', [], true)
 3 APPPATH/Controllers/Pages.php(40): view('template/bank-pro/__service-worker.js', [...])
 4 SYSTEMPATH/CodeIgniter.php(907): App\Controllers\Pages->view('__service-worker.js')
 5 SYSTEMPATH/CodeIgniter.php(457): CodeIgniter\CodeIgniter->runController(Object(App\Controllers\Pages))
 6 SYSTEMPATH/CodeIgniter.php(340): CodeIgniter\CodeIgniter->handleRequest(null, Object(Config\Cache), false)
 7 FCPATH/index.php(71): CodeIgniter\CodeIgniter->run()
CRITICAL - 2023-06-28 20:59:34 --> Invalid file: template/bank-pro/themes.php
in SYSTEMPATH/Exceptions/FrameworkException.php on line 33.
 1 SYSTEMPATH/View/View.php(201): CodeIgniter\Exceptions\FrameworkException::forInvalidFile('template/bank-pro/themes.php')
 2 SYSTEMPATH/Common.php(1142): CodeIgniter\View\View->render('template/bank-pro/themes', [], true)
 3 APPPATH/Controllers/Pages.php(40): view('template/bank-pro/themes', [...])
 4 SYSTEMPATH/CodeIgniter.php(907): App\Controllers\Pages->view('FCPATH/themes', 'finapp-light', 'webfonts', 'fa-solid-900.woff')
 5 SYSTEMPATH/CodeIgniter.php(457): CodeIgniter\CodeIgniter->runController(Object(App\Controllers\Pages))
 6 SYSTEMPATH/CodeIgniter.php(340): CodeIgniter\CodeIgniter->handleRequest(null, Object(Config\Cache), false)
 7 FCPATH/index.php(71): CodeIgniter\CodeIgniter->run()
CRITICAL - 2023-06-28 20:59:34 --> Invalid file: template/bank-pro/themes.php
in SYSTEMPATH/Exceptions/FrameworkException.php on line 33.
 1 SYSTEMPATH/View/View.php(201): CodeIgniter\Exceptions\FrameworkException::forInvalidFile('template/bank-pro/themes.php')
 2 SYSTEMPATH/Common.php(1142): CodeIgniter\View\View->render('template/bank-pro/themes', [], true)
 3 APPPATH/Controllers/Pages.php(40): view('template/bank-pro/themes', [...])
 4 SYSTEMPATH/CodeIgniter.php(907): App\Controllers\Pages->view('FCPATH/themes', 'finapp-light', 'webfonts', 'fa-regular-400.woff')
 5 SYSTEMPATH/CodeIgniter.php(457): CodeIgniter\CodeIgniter->runController(Object(App\Controllers\Pages))
 6 SYSTEMPATH/CodeIgniter.php(340): CodeIgniter\CodeIgniter->handleRequest(null, Object(Config\Cache), false)
 7 FCPATH/index.php(71): CodeIgniter\CodeIgniter->run()
CRITICAL - 2023-06-28 20:59:34 --> Invalid file: template/bank-pro/themes.php
in SYSTEMPATH/Exceptions/FrameworkException.php on line 33.
 1 SYSTEMPATH/View/View.php(201): CodeIgniter\Exceptions\FrameworkException::forInvalidFile('template/bank-pro/themes.php')
 2 SYSTEMPATH/Common.php(1142): CodeIgniter\View\View->render('template/bank-pro/themes', [], true)
 3 APPPATH/Controllers/Pages.php(40): view('template/bank-pro/themes', [...])
 4 SYSTEMPATH/CodeIgniter.php(907): App\Controllers\Pages->view('FCPATH/themes', 'finapp-light', 'webfonts', 'fa-brands-400.woff')
 5 SYSTEMPATH/CodeIgniter.php(457): CodeIgniter\CodeIgniter->runController(Object(App\Controllers\Pages))
 6 SYSTEMPATH/CodeIgniter.php(340): CodeIgniter\CodeIgniter->handleRequest(null, Object(Config\Cache), false)
 7 FCPATH/index.php(71): CodeIgniter\CodeIgniter->run()
CRITICAL - 2023-06-28 20:59:34 --> Invalid file: template/bank-pro/themes.php
in SYSTEMPATH/Exceptions/FrameworkException.php on line 33.
 1 SYSTEMPATH/View/View.php(201): CodeIgniter\Exceptions\FrameworkException::forInvalidFile('template/bank-pro/themes.php')
 2 SYSTEMPATH/Common.php(1142): CodeIgniter\View\View->render('template/bank-pro/themes', [], true)
 3 APPPATH/Controllers/Pages.php(40): view('template/bank-pro/themes', [...])
 4 SYSTEMPATH/CodeIgniter.php(907): App\Controllers\Pages->view('FCPATH/themes', 'finapp-light', 'webfonts', 'fa-solid-900.ttf')
 5 SYSTEMPATH/CodeIgniter.php(457): CodeIgniter\CodeIgniter->runController(Object(App\Controllers\Pages))
 6 SYSTEMPATH/CodeIgniter.php(340): CodeIgniter\CodeIgniter->handleRequest(null, Object(Config\Cache), false)
 7 FCPATH/index.php(71): CodeIgniter\CodeIgniter->run()
CRITICAL - 2023-06-28 20:59:34 --> Invalid file: template/bank-pro/themes.php
in SYSTEMPATH/Exceptions/FrameworkException.php on line 33.
 1 SYSTEMPATH/View/View.php(201): CodeIgniter\Exceptions\FrameworkException::forInvalidFile('template/bank-pro/themes.php')
 2 SYSTEMPATH/Common.php(1142): CodeIgniter\View\View->render('template/bank-pro/themes', [], true)
 3 APPPATH/Controllers/Pages.php(40): view('template/bank-pro/themes', [...])
 4 SYSTEMPATH/CodeIgniter.php(907): App\Controllers\Pages->view('FCPATH/themes', 'finapp-light', 'webfonts', 'fa-regular-400.ttf')
 5 SYSTEMPATH/CodeIgniter.php(457): CodeIgniter\CodeIgniter->runController(Object(App\Controllers\Pages))
 6 SYSTEMPATH/CodeIgniter.php(340): CodeIgniter\CodeIgniter->handleRequest(null, Object(Config\Cache), false)
 7 FCPATH/index.php(71): CodeIgniter\CodeIgniter->run()
CRITICAL - 2023-06-28 20:59:34 --> Invalid file: template/bank-pro/themes.php
in SYSTEMPATH/Exceptions/FrameworkException.php on line 33.
 1 SYSTEMPATH/View/View.php(201): CodeIgniter\Exceptions\FrameworkException::forInvalidFile('template/bank-pro/themes.php')
 2 SYSTEMPATH/Common.php(1142): CodeIgniter\View\View->render('template/bank-pro/themes', [], true)
 3 APPPATH/Controllers/Pages.php(40): view('template/bank-pro/themes', [...])
 4 SYSTEMPATH/CodeIgniter.php(907): App\Controllers\Pages->view('FCPATH/themes', 'finapp-light', 'webfonts', 'fa-brands-400.ttf')
 5 SYSTEMPATH/CodeIgniter.php(457): CodeIgniter\CodeIgniter->runController(Object(App\Controllers\Pages))
 6 SYSTEMPATH/CodeIgniter.php(340): CodeIgniter\CodeIgniter->handleRequest(null, Object(Config\Cache), false)
 7 FCPATH/index.php(71): CodeIgniter\CodeIgniter->run()
CRITICAL - 2023-06-28 20:59:38 --> Invalid file: template/bank-pro/themes.php
in SYSTEMPATH/Exceptions/FrameworkException.php on line 33.
 1 SYSTEMPATH/View/View.php(201): CodeIgniter\Exceptions\FrameworkException::forInvalidFile('template/bank-pro/themes.php')
 2 SYSTEMPATH/Common.php(1142): CodeIgniter\View\View->render('template/bank-pro/themes', [], true)
 3 APPPATH/Controllers/Pages.php(40): view('template/bank-pro/themes', [...])
 4 SYSTEMPATH/CodeIgniter.php(907): App\Controllers\Pages->view('FCPATH/themes', 'finapp-light', 'webfonts', 'fa-solid-900.woff2')
 5 SYSTEMPATH/CodeIgniter.php(457): CodeIgniter\CodeIgniter->runController(Object(App\Controllers\Pages))
 6 SYSTEMPATH/CodeIgniter.php(340): CodeIgniter\CodeIgniter->handleRequest(null, Object(Config\Cache), false)
 7 FCPATH/index.php(71): CodeIgniter\CodeIgniter->run()
CRITICAL - 2023-06-28 20:59:38 --> Invalid file: template/bank-pro/themes.php
in SYSTEMPATH/Exceptions/FrameworkException.php on line 33.
 1 SYSTEMPATH/View/View.php(201): CodeIgniter\Exceptions\FrameworkException::forInvalidFile('template/bank-pro/themes.php')
 2 SYSTEMPATH/Common.php(1142): CodeIgniter\View\View->render('template/bank-pro/themes', [], true)
 3 APPPATH/Controllers/Pages.php(40): view('template/bank-pro/themes', [...])
 4 SYSTEMPATH/CodeIgniter.php(907): App\Controllers\Pages->view('FCPATH/themes', 'finapp-light', 'webfonts', 'fa-regular-400.woff2')
 5 SYSTEMPATH/CodeIgniter.php(457): CodeIgniter\CodeIgniter->runController(Object(App\Controllers\Pages))
 6 SYSTEMPATH/CodeIgniter.php(340): CodeIgniter\CodeIgniter->handleRequest(null, Object(Config\Cache), false)
 7 FCPATH/index.php(71): CodeIgniter\CodeIgniter->run()
CRITICAL - 2023-06-28 20:59:38 --> Invalid file: template/bank-pro/themes.php
in SYSTEMPATH/Exceptions/FrameworkException.php on line 33.
 1 SYSTEMPATH/View/View.php(201): CodeIgniter\Exceptions\FrameworkException::forInvalidFile('template/bank-pro/themes.php')
 2 SYSTEMPATH/Common.php(1142): CodeIgniter\View\View->render('template/bank-pro/themes', [], true)
 3 APPPATH/Controllers/Pages.php(40): view('template/bank-pro/themes', [...])
 4 SYSTEMPATH/CodeIgniter.php(907): App\Controllers\Pages->view('FCPATH/themes', 'finapp-light', 'webfonts', 'fa-regular-400.woff')
 5 SYSTEMPATH/CodeIgniter.php(457): CodeIgniter\CodeIgniter->runController(Object(App\Controllers\Pages))
 6 SYSTEMPATH/CodeIgniter.php(340): CodeIgniter\CodeIgniter->handleRequest(null, Object(Config\Cache), false)
 7 FCPATH/index.php(71): CodeIgniter\CodeIgniter->run()
CRITICAL - 2023-06-28 20:59:38 --> Invalid file: template/bank-pro/themes.php
in SYSTEMPATH/Exceptions/FrameworkException.php on line 33.
 1 SYSTEMPATH/View/View.php(201): CodeIgniter\Exceptions\FrameworkException::forInvalidFile('template/bank-pro/themes.php')
 2 SYSTEMPATH/Common.php(1142): CodeIgniter\View\View->render('template/bank-pro/themes', [], true)
 3 APPPATH/Controllers/Pages.php(40): view('template/bank-pro/themes', [...])
 4 SYSTEMPATH/CodeIgniter.php(907): App\Controllers\Pages->view('FCPATH/themes', 'finapp-light', 'webfonts', 'fa-solid-900.woff')
 5 SYSTEMPATH/CodeIgniter.php(457): CodeIgniter\CodeIgniter->runController(Object(App\Controllers\Pages))
 6 SYSTEMPATH/CodeIgniter.php(340): CodeIgniter\CodeIgniter->handleRequest(null, Object(Config\Cache), false)
 7 FCPATH/index.php(71): CodeIgniter\CodeIgniter->run()
CRITICAL - 2023-06-28 20:59:38 --> Invalid file: template/bank-pro/themes.php
in SYSTEMPATH/Exceptions/FrameworkException.php on line 33.
 1 SYSTEMPATH/View/View.php(201): CodeIgniter\Exceptions\FrameworkException::forInvalidFile('template/bank-pro/themes.php')
 2 SYSTEMPATH/Common.php(1142): CodeIgniter\View\View->render('template/bank-pro/themes', [], true)
 3 APPPATH/Controllers/Pages.php(40): view('template/bank-pro/themes', [...])
 4 SYSTEMPATH/CodeIgniter.php(907): App\Controllers\Pages->view('FCPATH/themes', 'finapp-light', 'webfonts', 'fa-solid-900.ttf')
 5 SYSTEMPATH/CodeIgniter.php(457): CodeIgniter\CodeIgniter->runController(Object(App\Controllers\Pages))
 6 SYSTEMPATH/CodeIgniter.php(340): CodeIgniter\CodeIgniter->handleRequest(null, Object(Config\Cache), false)
 7 FCPATH/index.php(71): CodeIgniter\CodeIgniter->run()
CRITICAL - 2023-06-28 20:59:38 --> Invalid file: template/bank-pro/themes.php
in SYSTEMPATH/Exceptions/FrameworkException.php on line 33.
 1 SYSTEMPATH/View/View.php(201): CodeIgniter\Exceptions\FrameworkException::forInvalidFile('template/bank-pro/themes.php')
 2 SYSTEMPATH/Common.php(1142): CodeIgniter\View\View->render('template/bank-pro/themes', [], true)
 3 APPPATH/Controllers/Pages.php(40): view('template/bank-pro/themes', [...])
 4 SYSTEMPATH/CodeIgniter.php(907): App\Controllers\Pages->view('FCPATH/themes', 'finapp-light', 'webfonts', 'fa-regular-400.ttf')
 5 SYSTEMPATH/CodeIgniter.php(457): CodeIgniter\CodeIgniter->runController(Object(App\Controllers\Pages))
 6 SYSTEMPATH/CodeIgniter.php(340): CodeIgniter\CodeIgniter->handleRequest(null, Object(Config\Cache), false)
 7 FCPATH/index.php(71): CodeIgniter\CodeIgniter->run()
CRITICAL - 2023-06-28 20:59:48 --> Invalid file: template/bank-pro/themes.php
in SYSTEMPATH/Exceptions/FrameworkException.php on line 33.
 1 SYSTEMPATH/View/View.php(201): CodeIgniter\Exceptions\FrameworkException::forInvalidFile('template/bank-pro/themes.php')
 2 SYSTEMPATH/Common.php(1142): CodeIgniter\View\View->render('template/bank-pro/themes', [], true)
 3 APPPATH/Controllers/Pages.php(40): view('template/bank-pro/themes', [...])
 4 SYSTEMPATH/CodeIgniter.php(907): App\Controllers\Pages->view('FCPATH/themes', 'finapp-light', 'webfonts', 'fa-solid-900.woff2')
 5 SYSTEMPATH/CodeIgniter.php(457): CodeIgniter\CodeIgniter->runController(Object(App\Controllers\Pages))
 6 SYSTEMPATH/CodeIgniter.php(340): CodeIgniter\CodeIgniter->handleRequest(null, Object(Config\Cache), false)
 7 FCPATH/index.php(71): CodeIgniter\CodeIgniter->run()
CRITICAL - 2023-06-28 20:59:48 --> Invalid file: template/bank-pro/themes.php
in SYSTEMPATH/Exceptions/FrameworkException.php on line 33.
 1 SYSTEMPATH/View/View.php(201): CodeIgniter\Exceptions\FrameworkException::forInvalidFile('template/bank-pro/themes.php')
 2 SYSTEMPATH/Common.php(1142): CodeIgniter\View\View->render('template/bank-pro/themes', [], true)
 3 APPPATH/Controllers/Pages.php(40): view('template/bank-pro/themes', [...])
 4 SYSTEMPATH/CodeIgniter.php(907): App\Controllers\Pages->view('FCPATH/themes', 'finapp-light', 'webfonts', 'fa-regular-400.woff2')
 5 SYSTEMPATH/CodeIgniter.php(457): CodeIgniter\CodeIgniter->runController(Object(App\Controllers\Pages))
 6 SYSTEMPATH/CodeIgniter.php(340): CodeIgniter\CodeIgniter->handleRequest(null, Object(Config\Cache), false)
 7 FCPATH/index.php(71): CodeIgniter\CodeIgniter->run()
CRITICAL - 2023-06-28 20:59:48 --> Invalid file: template/bank-pro/themes.php
in SYSTEMPATH/Exceptions/FrameworkException.php on line 33.
 1 SYSTEMPATH/View/View.php(201): CodeIgniter\Exceptions\FrameworkException::forInvalidFile('template/bank-pro/themes.php')
 2 SYSTEMPATH/Common.php(1142): CodeIgniter\View\View->render('template/bank-pro/themes', [], true)
 3 APPPATH/Controllers/Pages.php(40): view('template/bank-pro/themes', [...])
 4 SYSTEMPATH/CodeIgniter.php(907): App\Controllers\Pages->view('FCPATH/themes', 'finapp-light', 'webfonts', 'fa-solid-900.woff')
 5 SYSTEMPATH/CodeIgniter.php(457): CodeIgniter\CodeIgniter->runController(Object(App\Controllers\Pages))
 6 SYSTEMPATH/CodeIgniter.php(340): CodeIgniter\CodeIgniter->handleRequest(null, Object(Config\Cache), false)
 7 FCPATH/index.php(71): CodeIgniter\CodeIgniter->run()
CRITICAL - 2023-06-28 20:59:48 --> Invalid file: template/bank-pro/themes.php
in SYSTEMPATH/Exceptions/FrameworkException.php on line 33.
 1 SYSTEMPATH/View/View.php(201): CodeIgniter\Exceptions\FrameworkException::forInvalidFile('template/bank-pro/themes.php')
 2 SYSTEMPATH/Common.php(1142): CodeIgniter\View\View->render('template/bank-pro/themes', [], true)
 3 APPPATH/Controllers/Pages.php(40): view('template/bank-pro/themes', [...])
 4 SYSTEMPATH/CodeIgniter.php(907): App\Controllers\Pages->view('FCPATH/themes', 'finapp-light', 'webfonts', 'fa-regular-400.woff')
 5 SYSTEMPATH/CodeIgniter.php(457): CodeIgniter\CodeIgniter->runController(Object(App\Controllers\Pages))
 6 SYSTEMPATH/CodeIgniter.php(340): CodeIgniter\CodeIgniter->handleRequest(null, Object(Config\Cache), false)
 7 FCPATH/index.php(71): CodeIgniter\CodeIgniter->run()
CRITICAL - 2023-06-28 20:59:48 --> Invalid file: template/bank-pro/themes.php
in SYSTEMPATH/Exceptions/FrameworkException.php on line 33.
 1 SYSTEMPATH/View/View.php(201): CodeIgniter\Exceptions\FrameworkException::forInvalidFile('template/bank-pro/themes.php')
 2 SYSTEMPATH/Common.php(1142): CodeIgniter\View\View->render('template/bank-pro/themes', [], true)
 3 APPPATH/Controllers/Pages.php(40): view('template/bank-pro/themes', [...])
 4 SYSTEMPATH/CodeIgniter.php(907): App\Controllers\Pages->view('FCPATH/themes', 'finapp-light', 'webfonts', 'fa-regular-400.ttf')
 5 SYSTEMPATH/CodeIgniter.php(457): CodeIgniter\CodeIgniter->runController(Object(App\Controllers\Pages))
 6 SYSTEMPATH/CodeIgniter.php(340): CodeIgniter\CodeIgniter->handleRequest(null, Object(Config\Cache), false)
 7 FCPATH/index.php(71): CodeIgniter\CodeIgniter->run()
CRITICAL - 2023-06-28 20:59:48 --> Invalid file: template/bank-pro/themes.php
in SYSTEMPATH/Exceptions/FrameworkException.php on line 33.
 1 SYSTEMPATH/View/View.php(201): CodeIgniter\Exceptions\FrameworkException::forInvalidFile('template/bank-pro/themes.php')
 2 SYSTEMPATH/Common.php(1142): CodeIgniter\View\View->render('template/bank-pro/themes', [], true)
 3 APPPATH/Controllers/Pages.php(40): view('template/bank-pro/themes', [...])
 4 SYSTEMPATH/CodeIgniter.php(907): App\Controllers\Pages->view('FCPATH/themes', 'finapp-light', 'webfonts', 'fa-solid-900.ttf')
 5 SYSTEMPATH/CodeIgniter.php(457): CodeIgniter\CodeIgniter->runController(Object(App\Controllers\Pages))
 6 SYSTEMPATH/CodeIgniter.php(340): CodeIgniter\CodeIgniter->handleRequest(null, Object(Config\Cache), false)
 7 FCPATH/index.php(71): CodeIgniter\CodeIgniter->run()
CRITICAL - 2023-06-28 21:00:39 --> Invalid file: template/bank-pro/themes.php
in SYSTEMPATH/Exceptions/FrameworkException.php on line 33.
 1 SYSTEMPATH/View/View.php(201): CodeIgniter\Exceptions\FrameworkException::forInvalidFile('template/bank-pro/themes.php')
 2 SYSTEMPATH/Common.php(1142): CodeIgniter\View\View->render('template/bank-pro/themes', [], true)
 3 APPPATH/Controllers/Pages.php(40): view('template/bank-pro/themes', [...])
 4 SYSTEMPATH/CodeIgniter.php(907): App\Controllers\Pages->view('FCPATH/themes', 'finapp-light', 'webfonts', 'fa-regular-400.woff2')
 5 SYSTEMPATH/CodeIgniter.php(457): CodeIgniter\CodeIgniter->runController(Object(App\Controllers\Pages))
 6 SYSTEMPATH/CodeIgniter.php(340): CodeIgniter\CodeIgniter->handleRequest(null, Object(Config\Cache), false)
 7 FCPATH/index.php(71): CodeIgniter\CodeIgniter->run()
CRITICAL - 2023-06-28 21:00:39 --> Invalid file: template/bank-pro/themes.php
in SYSTEMPATH/Exceptions/FrameworkException.php on line 33.
 1 SYSTEMPATH/View/View.php(201): CodeIgniter\Exceptions\FrameworkException::forInvalidFile('template/bank-pro/themes.php')
 2 SYSTEMPATH/Common.php(1142): CodeIgniter\View\View->render('template/bank-pro/themes', [], true)
 3 APPPATH/Controllers/Pages.php(40): view('template/bank-pro/themes', [...])
 4 SYSTEMPATH/CodeIgniter.php(907): App\Controllers\Pages->view('FCPATH/themes', 'finapp-light', 'webfonts', 'fa-solid-900.woff2')
 5 SYSTEMPATH/CodeIgniter.php(457): CodeIgniter\CodeIgniter->runController(Object(App\Controllers\Pages))
 6 SYSTEMPATH/CodeIgniter.php(340): CodeIgniter\CodeIgniter->handleRequest(null, Object(Config\Cache), false)
 7 FCPATH/index.php(71): CodeIgniter\CodeIgniter->run()
CRITICAL - 2023-06-28 21:00:40 --> Invalid file: template/bank-pro/themes.php
in SYSTEMPATH/Exceptions/FrameworkException.php on line 33.
 1 SYSTEMPATH/View/View.php(201): CodeIgniter\Exceptions\FrameworkException::forInvalidFile('template/bank-pro/themes.php')
 2 SYSTEMPATH/Common.php(1142): CodeIgniter\View\View->render('template/bank-pro/themes', [], true)
 3 APPPATH/Controllers/Pages.php(40): view('template/bank-pro/themes', [...])
 4 SYSTEMPATH/CodeIgniter.php(907): App\Controllers\Pages->view('FCPATH/themes', 'finapp-light', 'webfonts', 'fa-solid-900.woff')
 5 SYSTEMPATH/CodeIgniter.php(457): CodeIgniter\CodeIgniter->runController(Object(App\Controllers\Pages))
 6 SYSTEMPATH/CodeIgniter.php(340): CodeIgniter\CodeIgniter->handleRequest(null, Object(Config\Cache), false)
 7 FCPATH/index.php(71): CodeIgniter\CodeIgniter->run()
CRITICAL - 2023-06-28 21:00:40 --> Invalid file: template/bank-pro/themes.php
in SYSTEMPATH/Exceptions/FrameworkException.php on line 33.
 1 SYSTEMPATH/View/View.php(201): CodeIgniter\Exceptions\FrameworkException::forInvalidFile('template/bank-pro/themes.php')
 2 SYSTEMPATH/Common.php(1142): CodeIgniter\View\View->render('template/bank-pro/themes', [], true)
 3 APPPATH/Controllers/Pages.php(40): view('template/bank-pro/themes', [...])
 4 SYSTEMPATH/CodeIgniter.php(907): App\Controllers\Pages->view('FCPATH/themes', 'finapp-light', 'webfonts', 'fa-regular-400.woff')
 5 SYSTEMPATH/CodeIgniter.php(457): CodeIgniter\CodeIgniter->runController(Object(App\Controllers\Pages))
 6 SYSTEMPATH/CodeIgniter.php(340): CodeIgniter\CodeIgniter->handleRequest(null, Object(Config\Cache), false)
 7 FCPATH/index.php(71): CodeIgniter\CodeIgniter->run()
CRITICAL - 2023-06-28 21:00:40 --> Invalid file: template/bank-pro/themes.php
in SYSTEMPATH/Exceptions/FrameworkException.php on line 33.
 1 SYSTEMPATH/View/View.php(201): CodeIgniter\Exceptions\FrameworkException::forInvalidFile('template/bank-pro/themes.php')
 2 SYSTEMPATH/Common.php(1142): CodeIgniter\View\View->render('template/bank-pro/themes', [], true)
 3 APPPATH/Controllers/Pages.php(40): view('template/bank-pro/themes', [...])
 4 SYSTEMPATH/CodeIgniter.php(907): App\Controllers\Pages->view('FCPATH/themes', 'finapp-light', 'webfonts', 'fa-solid-900.ttf')
 5 SYSTEMPATH/CodeIgniter.php(457): CodeIgniter\CodeIgniter->runController(Object(App\Controllers\Pages))
 6 SYSTEMPATH/CodeIgniter.php(340): CodeIgniter\CodeIgniter->handleRequest(null, Object(Config\Cache), false)
 7 FCPATH/index.php(71): CodeIgniter\CodeIgniter->run()
CRITICAL - 2023-06-28 21:00:40 --> Invalid file: template/bank-pro/themes.php
in SYSTEMPATH/Exceptions/FrameworkException.php on line 33.
 1 SYSTEMPATH/View/View.php(201): CodeIgniter\Exceptions\FrameworkException::forInvalidFile('template/bank-pro/themes.php')
 2 SYSTEMPATH/Common.php(1142): CodeIgniter\View\View->render('template/bank-pro/themes', [], true)
 3 APPPATH/Controllers/Pages.php(40): view('template/bank-pro/themes', [...])
 4 SYSTEMPATH/CodeIgniter.php(907): App\Controllers\Pages->view('FCPATH/themes', 'finapp-light', 'webfonts', 'fa-regular-400.ttf')
 5 SYSTEMPATH/CodeIgniter.php(457): CodeIgniter\CodeIgniter->runController(Object(App\Controllers\Pages))
 6 SYSTEMPATH/CodeIgniter.php(340): CodeIgniter\CodeIgniter->handleRequest(null, Object(Config\Cache), false)
 7 FCPATH/index.php(71): CodeIgniter\CodeIgniter->run()
CRITICAL - 2023-06-28 21:01:20 --> Invalid file: template/bank-pro/themes.php
in SYSTEMPATH/Exceptions/FrameworkException.php on line 33.
 1 SYSTEMPATH/View/View.php(201): CodeIgniter\Exceptions\FrameworkException::forInvalidFile('template/bank-pro/themes.php')
 2 SYSTEMPATH/Common.php(1142): CodeIgniter\View\View->render('template/bank-pro/themes', [], true)
 3 APPPATH/Controllers/Pages.php(40): view('template/bank-pro/themes', [...])
 4 SYSTEMPATH/CodeIgniter.php(907): App\Controllers\Pages->view('FCPATH/themes', 'finapp-light', 'webfonts', 'fa-regular-400.woff2')
 5 SYSTEMPATH/CodeIgniter.php(457): CodeIgniter\CodeIgniter->runController(Object(App\Controllers\Pages))
 6 SYSTEMPATH/CodeIgniter.php(340): CodeIgniter\CodeIgniter->handleRequest(null, Object(Config\Cache), false)
 7 FCPATH/index.php(71): CodeIgniter\CodeIgniter->run()
CRITICAL - 2023-06-28 21:01:20 --> Invalid file: template/bank-pro/assets.php
in SYSTEMPATH/Exceptions/FrameworkException.php on line 33.
 1 SYSTEMPATH/View/View.php(201): CodeIgniter\Exceptions\FrameworkException::forInvalidFile('template/bank-pro/assets.php')
 2 SYSTEMPATH/Common.php(1142): CodeIgniter\View\View->render('template/bank-pro/assets', [], true)
 3 APPPATH/Controllers/Pages.php(40): view('template/bank-pro/assets', [...])
 4 SYSTEMPATH/CodeIgniter.php(907): App\Controllers\Pages->view('FCPATH/assets', 'images', 'chip.png')
 5 SYSTEMPATH/CodeIgniter.php(457): CodeIgniter\CodeIgniter->runController(Object(App\Controllers\Pages))
 6 SYSTEMPATH/CodeIgniter.php(340): CodeIgniter\CodeIgniter->handleRequest(null, Object(Config\Cache), false)
 7 FCPATH/index.php(71): CodeIgniter\CodeIgniter->run()
CRITICAL - 2023-06-28 21:01:20 --> Invalid file: template/bank-pro/themes.php
in SYSTEMPATH/Exceptions/FrameworkException.php on line 33.
 1 SYSTEMPATH/View/View.php(201): CodeIgniter\Exceptions\FrameworkException::forInvalidFile('template/bank-pro/themes.php')
 2 SYSTEMPATH/Common.php(1142): CodeIgniter\View\View->render('template/bank-pro/themes', [], true)
 3 APPPATH/Controllers/Pages.php(40): view('template/bank-pro/themes', [...])
 4 SYSTEMPATH/CodeIgniter.php(907): App\Controllers\Pages->view('FCPATH/themes', 'finapp-light', 'webfonts', 'fa-brands-400.woff2')
 5 SYSTEMPATH/CodeIgniter.php(457): CodeIgniter\CodeIgniter->runController(Object(App\Controllers\Pages))
 6 SYSTEMPATH/CodeIgniter.php(340): CodeIgniter\CodeIgniter->handleRequest(null, Object(Config\Cache), false)
 7 FCPATH/index.php(71): CodeIgniter\CodeIgniter->run()
CRITICAL - 2023-06-28 21:01:20 --> Invalid file: template/bank-pro/themes.php
in SYSTEMPATH/Exceptions/FrameworkException.php on line 33.
 1 SYSTEMPATH/View/View.php(201): CodeIgniter\Exceptions\FrameworkException::forInvalidFile('template/bank-pro/themes.php')
 2 SYSTEMPATH/Common.php(1142): CodeIgniter\View\View->render('template/bank-pro/themes', [], true)
 3 APPPATH/Controllers/Pages.php(40): view('template/bank-pro/themes', [...])
 4 SYSTEMPATH/CodeIgniter.php(907): App\Controllers\Pages->view('FCPATH/themes', 'finapp-light', 'webfonts', 'fa-solid-900.woff2')
 5 SYSTEMPATH/CodeIgniter.php(457): CodeIgniter\CodeIgniter->runController(Object(App\Controllers\Pages))
 6 SYSTEMPATH/CodeIgniter.php(340): CodeIgniter\CodeIgniter->handleRequest(null, Object(Config\Cache), false)
 7 FCPATH/index.php(71): CodeIgniter\CodeIgniter->run()
CRITICAL - 2023-06-28 21:01:20 --> Invalid file: template/bank-pro/assets.php
in SYSTEMPATH/Exceptions/FrameworkException.php on line 33.
 1 SYSTEMPATH/View/View.php(201): CodeIgniter\Exceptions\FrameworkException::forInvalidFile('template/bank-pro/assets.php')
 2 SYSTEMPATH/Common.php(1142): CodeIgniter\View\View->render('template/bank-pro/assets', [], true)
 3 APPPATH/Controllers/Pages.php(40): view('template/bank-pro/assets', [...])
 4 SYSTEMPATH/CodeIgniter.php(907): App\Controllers\Pages->view('FCPATH/assets', 'images', 'visa.png')
 5 SYSTEMPATH/CodeIgniter.php(457): CodeIgniter\CodeIgniter->runController(Object(App\Controllers\Pages))
 6 SYSTEMPATH/CodeIgniter.php(340): CodeIgniter\CodeIgniter->handleRequest(null, Object(Config\Cache), false)
 7 FCPATH/index.php(71): CodeIgniter\CodeIgniter->run()
CRITICAL - 2023-06-28 21:01:20 --> Invalid file: template/bank-pro/__service-worker.js
in SYSTEMPATH/Exceptions/FrameworkException.php on line 33.
 1 SYSTEMPATH/View/View.php(201): CodeIgniter\Exceptions\FrameworkException::forInvalidFile('template/bank-pro/__service-worker.js')
 2 SYSTEMPATH/Common.php(1142): CodeIgniter\View\View->render('template/bank-pro/__service-worker.js', [], true)
 3 APPPATH/Controllers/Pages.php(40): view('template/bank-pro/__service-worker.js', [...])
 4 SYSTEMPATH/CodeIgniter.php(907): App\Controllers\Pages->view('__service-worker.js')
 5 SYSTEMPATH/CodeIgniter.php(457): CodeIgniter\CodeIgniter->runController(Object(App\Controllers\Pages))
 6 SYSTEMPATH/CodeIgniter.php(340): CodeIgniter\CodeIgniter->handleRequest(null, Object(Config\Cache), false)
 7 FCPATH/index.php(71): CodeIgniter\CodeIgniter->run()
CRITICAL - 2023-06-28 21:01:20 --> Invalid file: template/bank-pro/themes.php
in SYSTEMPATH/Exceptions/FrameworkException.php on line 33.
 1 SYSTEMPATH/View/View.php(201): CodeIgniter\Exceptions\FrameworkException::forInvalidFile('template/bank-pro/themes.php')
 2 SYSTEMPATH/Common.php(1142): CodeIgniter\View\View->render('template/bank-pro/themes', [], true)
 3 APPPATH/Controllers/Pages.php(40): view('template/bank-pro/themes', [...])
 4 SYSTEMPATH/CodeIgniter.php(907): App\Controllers\Pages->view('FCPATH/themes', 'finapp-light', 'webfonts', 'fa-solid-900.woff')
 5 SYSTEMPATH/CodeIgniter.php(457): CodeIgniter\CodeIgniter->runController(Object(App\Controllers\Pages))
 6 SYSTEMPATH/CodeIgniter.php(340): CodeIgniter\CodeIgniter->handleRequest(null, Object(Config\Cache), false)
 7 FCPATH/index.php(71): CodeIgniter\CodeIgniter->run()
CRITICAL - 2023-06-28 21:01:20 --> Invalid file: template/bank-pro/themes.php
in SYSTEMPATH/Exceptions/FrameworkException.php on line 33.
 1 SYSTEMPATH/View/View.php(201): CodeIgniter\Exceptions\FrameworkException::forInvalidFile('template/bank-pro/themes.php')
 2 SYSTEMPATH/Common.php(1142): CodeIgniter\View\View->render('template/bank-pro/themes', [], true)
 3 APPPATH/Controllers/Pages.php(40): view('template/bank-pro/themes', [...])
 4 SYSTEMPATH/CodeIgniter.php(907): App\Controllers\Pages->view('FCPATH/themes', 'finapp-light', 'webfonts', 'fa-brands-400.woff')
 5 SYSTEMPATH/CodeIgniter.php(457): CodeIgniter\CodeIgniter->runController(Object(App\Controllers\Pages))
 6 SYSTEMPATH/CodeIgniter.php(340): CodeIgniter\CodeIgniter->handleRequest(null, Object(Config\Cache), false)
 7 FCPATH/index.php(71): CodeIgniter\CodeIgniter->run()
CRITICAL - 2023-06-28 21:01:20 --> Invalid file: template/bank-pro/themes.php
in SYSTEMPATH/Exceptions/FrameworkException.php on line 33.
 1 SYSTEMPATH/View/View.php(201): CodeIgniter\Exceptions\FrameworkException::forInvalidFile('template/bank-pro/themes.php')
 2 SYSTEMPATH/Common.php(1142): CodeIgniter\View\View->render('template/bank-pro/themes', [], true)
 3 APPPATH/Controllers/Pages.php(40): view('template/bank-pro/themes', [...])
 4 SYSTEMPATH/CodeIgniter.php(907): App\Controllers\Pages->view('FCPATH/themes', 'finapp-light', 'webfonts', 'fa-regular-400.woff')
 5 SYSTEMPATH/CodeIgniter.php(457): CodeIgniter\CodeIgniter->runController(Object(App\Controllers\Pages))
 6 SYSTEMPATH/CodeIgniter.php(340): CodeIgniter\CodeIgniter->handleRequest(null, Object(Config\Cache), false)
 7 FCPATH/index.php(71): CodeIgniter\CodeIgniter->run()
CRITICAL - 2023-06-28 21:01:20 --> Invalid file: template/bank-pro/themes.php
in SYSTEMPATH/Exceptions/FrameworkException.php on line 33.
 1 SYSTEMPATH/View/View.php(201): CodeIgniter\Exceptions\FrameworkException::forInvalidFile('template/bank-pro/themes.php')
 2 SYSTEMPATH/Common.php(1142): CodeIgniter\View\View->render('template/bank-pro/themes', [], true)
 3 APPPATH/Controllers/Pages.php(40): view('template/bank-pro/themes', [...])
 4 SYSTEMPATH/CodeIgniter.php(907): App\Controllers\Pages->view('FCPATH/themes', 'finapp-light', 'webfonts', 'fa-brands-400.ttf')
 5 SYSTEMPATH/CodeIgniter.php(457): CodeIgniter\CodeIgniter->runController(Object(App\Controllers\Pages))
 6 SYSTEMPATH/CodeIgniter.php(340): CodeIgniter\CodeIgniter->handleRequest(null, Object(Config\Cache), false)
 7 FCPATH/index.php(71): CodeIgniter\CodeIgniter->run()
CRITICAL - 2023-06-28 21:01:20 --> Invalid file: template/bank-pro/themes.php
in SYSTEMPATH/Exceptions/FrameworkException.php on line 33.
 1 SYSTEMPATH/View/View.php(201): CodeIgniter\Exceptions\FrameworkException::forInvalidFile('template/bank-pro/themes.php')
 2 SYSTEMPATH/Common.php(1142): CodeIgniter\View\View->render('template/bank-pro/themes', [], true)
 3 APPPATH/Controllers/Pages.php(40): view('template/bank-pro/themes', [...])
 4 SYSTEMPATH/CodeIgniter.php(907): App\Controllers\Pages->view('FCPATH/themes', 'finapp-light', 'webfonts', 'fa-regular-400.ttf')
 5 SYSTEMPATH/CodeIgniter.php(457): CodeIgniter\CodeIgniter->runController(Object(App\Controllers\Pages))
 6 SYSTEMPATH/CodeIgniter.php(340): CodeIgniter\CodeIgniter->handleRequest(null, Object(Config\Cache), false)
 7 FCPATH/index.php(71): CodeIgniter\CodeIgniter->run()
CRITICAL - 2023-06-28 21:01:20 --> Invalid file: template/bank-pro/themes.php
in SYSTEMPATH/Exceptions/FrameworkException.php on line 33.
 1 SYSTEMPATH/View/View.php(201): CodeIgniter\Exceptions\FrameworkException::forInvalidFile('template/bank-pro/themes.php')
 2 SYSTEMPATH/Common.php(1142): CodeIgniter\View\View->render('template/bank-pro/themes', [], true)
 3 APPPATH/Controllers/Pages.php(40): view('template/bank-pro/themes', [...])
 4 SYSTEMPATH/CodeIgniter.php(907): App\Controllers\Pages->view('FCPATH/themes', 'finapp-light', 'webfonts', 'fa-solid-900.ttf')
 5 SYSTEMPATH/CodeIgniter.php(457): CodeIgniter\CodeIgniter->runController(Object(App\Controllers\Pages))
 6 SYSTEMPATH/CodeIgniter.php(340): CodeIgniter\CodeIgniter->handleRequest(null, Object(Config\Cache), false)
 7 FCPATH/index.php(71): CodeIgniter\CodeIgniter->run()
CRITICAL - 2023-06-28 21:06:38 --> Invalid file: template/bank-pro/templates.php
in SYSTEMPATH/Exceptions/FrameworkException.php on line 33.
 1 SYSTEMPATH/View/View.php(201): CodeIgniter\Exceptions\FrameworkException::forInvalidFile('template/bank-pro/templates.php')
 2 SYSTEMPATH/Common.php(1142): CodeIgniter\View\View->render('template/bank-pro/templates', [], true)
 3 APPPATH/Controllers/Pages.php(40): view('template/bank-pro/templates', [...])
 4 SYSTEMPATH/CodeIgniter.php(907): App\Controllers\Pages->view('FCPATH/templates', 'bank-pro', 'p.typekit.net', 'p5e61.css')
 5 SYSTEMPATH/CodeIgniter.php(457): CodeIgniter\CodeIgniter->runController(Object(App\Controllers\Pages))
 6 SYSTEMPATH/CodeIgniter.php(340): CodeIgniter\CodeIgniter->handleRequest(null, Object(Config\Cache), false)
 7 FCPATH/index.php(71): CodeIgniter\CodeIgniter->run()
CRITICAL - 2023-06-28 21:06:38 --> Invalid file: template/bank-pro/templates.php
in SYSTEMPATH/Exceptions/FrameworkException.php on line 33.
 1 SYSTEMPATH/View/View.php(201): CodeIgniter\Exceptions\FrameworkException::forInvalidFile('template/bank-pro/templates.php')
 2 SYSTEMPATH/Common.php(1142): CodeIgniter\View\View->render('template/bank-pro/templates', [], true)
 3 APPPATH/Controllers/Pages.php(40): view('template/bank-pro/templates', [...])
 4 SYSTEMPATH/CodeIgniter.php(907): App\Controllers\Pages->view('FCPATH/templates', 'bank-pro', 'css', 'images', 'FCPATH/assets', 'citadel-logo.svg')
 5 SYSTEMPATH/CodeIgniter.php(457): CodeIgniter\CodeIgniter->runController(Object(App\Controllers\Pages))
 6 SYSTEMPATH/CodeIgniter.php(340): CodeIgniter\CodeIgniter->handleRequest(null, Object(Config\Cache), false)
 7 FCPATH/index.php(71): CodeIgniter\CodeIgniter->run()
CRITICAL - 2023-06-28 21:06:38 --> Invalid file: template/bank-pro/templates.php
in SYSTEMPATH/Exceptions/FrameworkException.php on line 33.
 1 SYSTEMPATH/View/View.php(201): CodeIgniter\Exceptions\FrameworkException::forInvalidFile('template/bank-pro/templates.php')
 2 SYSTEMPATH/Common.php(1142): CodeIgniter\View\View->render('template/bank-pro/templates', [], true)
 3 APPPATH/Controllers/Pages.php(40): view('template/bank-pro/templates', [...])
 4 SYSTEMPATH/CodeIgniter.php(907): App\Controllers\Pages->view('FCPATH/templates', 'bank-pro', 'css', 'images', 'FCPATH/assets', 'ico-caret--black.png')
 5 SYSTEMPATH/CodeIgniter.php(457): CodeIgniter\CodeIgniter->runController(Object(App\Controllers\Pages))
 6 SYSTEMPATH/CodeIgniter.php(340): CodeIgniter\CodeIgniter->handleRequest(null, Object(Config\Cache), false)
 7 FCPATH/index.php(71): CodeIgniter\CodeIgniter->run()
CRITICAL - 2023-06-28 21:06:38 --> Invalid file: template/bank-pro/templates.php
in SYSTEMPATH/Exceptions/FrameworkException.php on line 33.
 1 SYSTEMPATH/View/View.php(201): CodeIgniter\Exceptions\FrameworkException::forInvalidFile('template/bank-pro/templates.php')
 2 SYSTEMPATH/Common.php(1142): CodeIgniter\View\View->render('template/bank-pro/templates', [], true)
 3 APPPATH/Controllers/Pages.php(40): view('template/bank-pro/templates', [...])
 4 SYSTEMPATH/CodeIgniter.php(907): App\Controllers\Pages->view('FCPATH/templates', 'bank-pro', 'css', 'images', 'FCPATH/assets', 'pattern-bg-medium.svg')
 5 SYSTEMPATH/CodeIgniter.php(457): CodeIgniter\CodeIgniter->runController(Object(App\Controllers\Pages))
 6 SYSTEMPATH/CodeIgniter.php(340): CodeIgniter\CodeIgniter->handleRequest(null, Object(Config\Cache), false)
 7 FCPATH/index.php(71): CodeIgniter\CodeIgniter->run()
