CRITICAL - 2022-09-19 00:00:27 --> Invalid file: pages/__service-worker.js
in SYSTEMPATH\Exceptions\FrameworkException.php on line 33.
 1 SYSTEMPATH\View\View.php(201): CodeIgniter\Exceptions\FrameworkException::forInvalidFile('pages/__service-worker.js')
 2 SYSTEMPATH\Common.php(1142): CodeIgniter\View\View->render('pages/__service-worker.js', [], true)
 3 APPPATH\Controllers\Pages.php(28): view('pages/__service-worker.js', [...])
 4 SYSTEMPATH\CodeIgniter.php(907): App\Controllers\Pages->view('__service-worker.js')
 5 SYSTEMPATH\CodeIgniter.php(457): CodeIgniter\CodeIgniter->runController(Object(App\Controllers\Pages))
 6 SYSTEMPATH\CodeIgniter.php(340): CodeIgniter\CodeIgniter->handleRequest(null, Object(Config\Cache), false)
 7 FCPATH\index.php(67): CodeIgniter\CodeIgniter->run()
CRITICAL - 2022-09-19 00:00:27 --> Invalid file: pages/assets.php
in SYSTEMPATH\Exceptions\FrameworkException.php on line 33.
 1 SYSTEMPATH\View\View.php(201): CodeIgniter\Exceptions\FrameworkException::forInvalidFile('pages/assets.php')
 2 SYSTEMPATH\Common.php(1142): CodeIgniter\View\View->render('pages/assets', [], true)
 3 APPPATH\Controllers\Pages.php(28): view('pages/assets', [...])
 4 SYSTEMPATH\CodeIgniter.php(907): App\Controllers\Pages->view('FCPATH\\assets', 'back', 'webfonts', 'fa-solid-900.woff2')
 5 SYSTEMPATH\CodeIgniter.php(457): CodeIgniter\CodeIgniter->runController(Object(App\Controllers\Pages))
 6 SYSTEMPATH\CodeIgniter.php(340): CodeIgniter\CodeIgniter->handleRequest(null, Object(Config\Cache), false)
 7 FCPATH\index.php(67): CodeIgniter\CodeIgniter->run()
CRITICAL - 2022-09-19 00:00:27 --> Invalid file: pages/assets.php
in SYSTEMPATH\Exceptions\FrameworkException.php on line 33.
 1 SYSTEMPATH\View\View.php(201): CodeIgniter\Exceptions\FrameworkException::forInvalidFile('pages/assets.php')
 2 SYSTEMPATH\Common.php(1142): CodeIgniter\View\View->render('pages/assets', [], true)
 3 APPPATH\Controllers\Pages.php(28): view('pages/assets', [...])
 4 SYSTEMPATH\CodeIgniter.php(907): App\Controllers\Pages->view('FCPATH\\assets', 'back', 'webfonts', 'fa-solid-900.woff')
 5 SYSTEMPATH\CodeIgniter.php(457): CodeIgniter\CodeIgniter->runController(Object(App\Controllers\Pages))
 6 SYSTEMPATH\CodeIgniter.php(340): CodeIgniter\CodeIgniter->handleRequest(null, Object(Config\Cache), false)
 7 FCPATH\index.php(67): CodeIgniter\CodeIgniter->run()
CRITICAL - 2022-09-19 00:00:27 --> Invalid file: pages/assets.php
in SYSTEMPATH\Exceptions\FrameworkException.php on line 33.
 1 SYSTEMPATH\View\View.php(201): CodeIgniter\Exceptions\FrameworkException::forInvalidFile('pages/assets.php')
 2 SYSTEMPATH\Common.php(1142): CodeIgniter\View\View->render('pages/assets', [], true)
 3 APPPATH\Controllers\Pages.php(28): view('pages/assets', [...])
 4 SYSTEMPATH\CodeIgniter.php(907): App\Controllers\Pages->view('FCPATH\\assets', 'back', 'webfonts', 'fa-solid-900.ttf')
 5 SYSTEMPATH\CodeIgniter.php(457): CodeIgniter\CodeIgniter->runController(Object(App\Controllers\Pages))
 6 SYSTEMPATH\CodeIgniter.php(340): CodeIgniter\CodeIgniter->handleRequest(null, Object(Config\Cache), false)
 7 FCPATH\index.php(67): CodeIgniter\CodeIgniter->run()
CRITICAL - 2022-09-19 00:00:31 --> Invalid file: pages/__service-worker.js
in SYSTEMPATH\Exceptions\FrameworkException.php on line 33.
 1 SYSTEMPATH\View\View.php(201): CodeIgniter\Exceptions\FrameworkException::forInvalidFile('pages/__service-worker.js')
 2 SYSTEMPATH\Common.php(1142): CodeIgniter\View\View->render('pages/__service-worker.js', [], true)
 3 APPPATH\Controllers\Pages.php(28): view('pages/__service-worker.js', [...])
 4 SYSTEMPATH\CodeIgniter.php(907): App\Controllers\Pages->view('__service-worker.js')
 5 SYSTEMPATH\CodeIgniter.php(457): CodeIgniter\CodeIgniter->runController(Object(App\Controllers\Pages))
 6 SYSTEMPATH\CodeIgniter.php(340): CodeIgniter\CodeIgniter->handleRequest(null, Object(Config\Cache), false)
 7 FCPATH\index.php(67): CodeIgniter\CodeIgniter->run()
CRITICAL - 2022-09-19 00:00:31 --> Invalid file: pages/assets.php
in SYSTEMPATH\Exceptions\FrameworkException.php on line 33.
 1 SYSTEMPATH\View\View.php(201): CodeIgniter\Exceptions\FrameworkException::forInvalidFile('pages/assets.php')
 2 SYSTEMPATH\Common.php(1142): CodeIgniter\View\View->render('pages/assets', [], true)
 3 APPPATH\Controllers\Pages.php(28): view('pages/assets', [...])
 4 SYSTEMPATH\CodeIgniter.php(907): App\Controllers\Pages->view('FCPATH\\assets', 'back', 'webfonts', 'fa-solid-900.woff2')
 5 SYSTEMPATH\CodeIgniter.php(457): CodeIgniter\CodeIgniter->runController(Object(App\Controllers\Pages))
 6 SYSTEMPATH\CodeIgniter.php(340): CodeIgniter\CodeIgniter->handleRequest(null, Object(Config\Cache), false)
 7 FCPATH\index.php(67): CodeIgniter\CodeIgniter->run()
CRITICAL - 2022-09-19 00:00:31 --> Invalid file: pages/assets.php
in SYSTEMPATH\Exceptions\FrameworkException.php on line 33.
 1 SYSTEMPATH\View\View.php(201): CodeIgniter\Exceptions\FrameworkException::forInvalidFile('pages/assets.php')
 2 SYSTEMPATH\Common.php(1142): CodeIgniter\View\View->render('pages/assets', [], true)
 3 APPPATH\Controllers\Pages.php(28): view('pages/assets', [...])
 4 SYSTEMPATH\CodeIgniter.php(907): App\Controllers\Pages->view('FCPATH\\assets', 'back', 'webfonts', 'fa-solid-900.woff')
 5 SYSTEMPATH\CodeIgniter.php(457): CodeIgniter\CodeIgniter->runController(Object(App\Controllers\Pages))
 6 SYSTEMPATH\CodeIgniter.php(340): CodeIgniter\CodeIgniter->handleRequest(null, Object(Config\Cache), false)
 7 FCPATH\index.php(67): CodeIgniter\CodeIgniter->run()
CRITICAL - 2022-09-19 00:00:31 --> Invalid file: pages/assets.php
in SYSTEMPATH\Exceptions\FrameworkException.php on line 33.
 1 SYSTEMPATH\View\View.php(201): CodeIgniter\Exceptions\FrameworkException::forInvalidFile('pages/assets.php')
 2 SYSTEMPATH\Common.php(1142): CodeIgniter\View\View->render('pages/assets', [], true)
 3 APPPATH\Controllers\Pages.php(28): view('pages/assets', [...])
 4 SYSTEMPATH\CodeIgniter.php(907): App\Controllers\Pages->view('FCPATH\\assets', 'back', 'webfonts', 'fa-solid-900.ttf')
 5 SYSTEMPATH\CodeIgniter.php(457): CodeIgniter\CodeIgniter->runController(Object(App\Controllers\Pages))
 6 SYSTEMPATH\CodeIgniter.php(340): CodeIgniter\CodeIgniter->handleRequest(null, Object(Config\Cache), false)
 7 FCPATH\index.php(67): CodeIgniter\CodeIgniter->run()
CRITICAL - 2022-09-19 00:00:54 --> Invalid file: pages/__service-worker.js
in SYSTEMPATH\Exceptions\FrameworkException.php on line 33.
 1 SYSTEMPATH\View\View.php(201): CodeIgniter\Exceptions\FrameworkException::forInvalidFile('pages/__service-worker.js')
 2 SYSTEMPATH\Common.php(1142): CodeIgniter\View\View->render('pages/__service-worker.js', [], true)
 3 APPPATH\Controllers\Pages.php(28): view('pages/__service-worker.js', [...])
 4 SYSTEMPATH\CodeIgniter.php(907): App\Controllers\Pages->view('__service-worker.js')
 5 SYSTEMPATH\CodeIgniter.php(457): CodeIgniter\CodeIgniter->runController(Object(App\Controllers\Pages))
 6 SYSTEMPATH\CodeIgniter.php(340): CodeIgniter\CodeIgniter->handleRequest(null, Object(Config\Cache), false)
 7 FCPATH\index.php(67): CodeIgniter\CodeIgniter->run()
CRITICAL - 2022-09-19 00:00:54 --> Invalid file: pages/assets.php
in SYSTEMPATH\Exceptions\FrameworkException.php on line 33.
 1 SYSTEMPATH\View\View.php(201): CodeIgniter\Exceptions\FrameworkException::forInvalidFile('pages/assets.php')
 2 SYSTEMPATH\Common.php(1142): CodeIgniter\View\View->render('pages/assets', [], true)
 3 APPPATH\Controllers\Pages.php(28): view('pages/assets', [...])
 4 SYSTEMPATH\CodeIgniter.php(907): App\Controllers\Pages->view('FCPATH\\assets', 'back', 'webfonts', 'fa-solid-900.woff2')
 5 SYSTEMPATH\CodeIgniter.php(457): CodeIgniter\CodeIgniter->runController(Object(App\Controllers\Pages))
 6 SYSTEMPATH\CodeIgniter.php(340): CodeIgniter\CodeIgniter->handleRequest(null, Object(Config\Cache), false)
 7 FCPATH\index.php(67): CodeIgniter\CodeIgniter->run()
CRITICAL - 2022-09-19 00:00:54 --> Invalid file: pages/assets.php
in SYSTEMPATH\Exceptions\FrameworkException.php on line 33.
 1 SYSTEMPATH\View\View.php(201): CodeIgniter\Exceptions\FrameworkException::forInvalidFile('pages/assets.php')
 2 SYSTEMPATH\Common.php(1142): CodeIgniter\View\View->render('pages/assets', [], true)
 3 APPPATH\Controllers\Pages.php(28): view('pages/assets', [...])
 4 SYSTEMPATH\CodeIgniter.php(907): App\Controllers\Pages->view('FCPATH\\assets', 'back', 'webfonts', 'fa-solid-900.woff')
 5 SYSTEMPATH\CodeIgniter.php(457): CodeIgniter\CodeIgniter->runController(Object(App\Controllers\Pages))
 6 SYSTEMPATH\CodeIgniter.php(340): CodeIgniter\CodeIgniter->handleRequest(null, Object(Config\Cache), false)
 7 FCPATH\index.php(67): CodeIgniter\CodeIgniter->run()
CRITICAL - 2022-09-19 00:00:54 --> Invalid file: pages/assets.php
in SYSTEMPATH\Exceptions\FrameworkException.php on line 33.
 1 SYSTEMPATH\View\View.php(201): CodeIgniter\Exceptions\FrameworkException::forInvalidFile('pages/assets.php')
 2 SYSTEMPATH\Common.php(1142): CodeIgniter\View\View->render('pages/assets', [], true)
 3 APPPATH\Controllers\Pages.php(28): view('pages/assets', [...])
 4 SYSTEMPATH\CodeIgniter.php(907): App\Controllers\Pages->view('FCPATH\\assets', 'back', 'webfonts', 'fa-solid-900.ttf')
 5 SYSTEMPATH\CodeIgniter.php(457): CodeIgniter\CodeIgniter->runController(Object(App\Controllers\Pages))
 6 SYSTEMPATH\CodeIgniter.php(340): CodeIgniter\CodeIgniter->handleRequest(null, Object(Config\Cache), false)
 7 FCPATH\index.php(67): CodeIgniter\CodeIgniter->run()
CRITICAL - 2022-09-19 00:00:56 --> Invalid file: pages/__service-worker.js
in SYSTEMPATH\Exceptions\FrameworkException.php on line 33.
 1 SYSTEMPATH\View\View.php(201): CodeIgniter\Exceptions\FrameworkException::forInvalidFile('pages/__service-worker.js')
 2 SYSTEMPATH\Common.php(1142): CodeIgniter\View\View->render('pages/__service-worker.js', [], true)
 3 APPPATH\Controllers\Pages.php(28): view('pages/__service-worker.js', [...])
 4 SYSTEMPATH\CodeIgniter.php(907): App\Controllers\Pages->view('__service-worker.js')
 5 SYSTEMPATH\CodeIgniter.php(457): CodeIgniter\CodeIgniter->runController(Object(App\Controllers\Pages))
 6 SYSTEMPATH\CodeIgniter.php(340): CodeIgniter\CodeIgniter->handleRequest(null, Object(Config\Cache), false)
 7 FCPATH\index.php(67): CodeIgniter\CodeIgniter->run()
CRITICAL - 2022-09-19 00:00:56 --> Invalid file: pages/assets.php
in SYSTEMPATH\Exceptions\FrameworkException.php on line 33.
 1 SYSTEMPATH\View\View.php(201): CodeIgniter\Exceptions\FrameworkException::forInvalidFile('pages/assets.php')
 2 SYSTEMPATH\Common.php(1142): CodeIgniter\View\View->render('pages/assets', [], true)
 3 APPPATH\Controllers\Pages.php(28): view('pages/assets', [...])
 4 SYSTEMPATH\CodeIgniter.php(907): App\Controllers\Pages->view('FCPATH\\assets', 'back', 'webfonts', 'fa-solid-900.woff2')
 5 SYSTEMPATH\CodeIgniter.php(457): CodeIgniter\CodeIgniter->runController(Object(App\Controllers\Pages))
 6 SYSTEMPATH\CodeIgniter.php(340): CodeIgniter\CodeIgniter->handleRequest(null, Object(Config\Cache), false)
 7 FCPATH\index.php(67): CodeIgniter\CodeIgniter->run()
CRITICAL - 2022-09-19 00:00:56 --> Invalid file: pages/assets.php
in SYSTEMPATH\Exceptions\FrameworkException.php on line 33.
 1 SYSTEMPATH\View\View.php(201): CodeIgniter\Exceptions\FrameworkException::forInvalidFile('pages/assets.php')
 2 SYSTEMPATH\Common.php(1142): CodeIgniter\View\View->render('pages/assets', [], true)
 3 APPPATH\Controllers\Pages.php(28): view('pages/assets', [...])
 4 SYSTEMPATH\CodeIgniter.php(907): App\Controllers\Pages->view('FCPATH\\assets', 'back', 'webfonts', 'fa-solid-900.woff')
 5 SYSTEMPATH\CodeIgniter.php(457): CodeIgniter\CodeIgniter->runController(Object(App\Controllers\Pages))
 6 SYSTEMPATH\CodeIgniter.php(340): CodeIgniter\CodeIgniter->handleRequest(null, Object(Config\Cache), false)
 7 FCPATH\index.php(67): CodeIgniter\CodeIgniter->run()
CRITICAL - 2022-09-19 00:00:56 --> Invalid file: pages/assets.php
in SYSTEMPATH\Exceptions\FrameworkException.php on line 33.
 1 SYSTEMPATH\View\View.php(201): CodeIgniter\Exceptions\FrameworkException::forInvalidFile('pages/assets.php')
 2 SYSTEMPATH\Common.php(1142): CodeIgniter\View\View->render('pages/assets', [], true)
 3 APPPATH\Controllers\Pages.php(28): view('pages/assets', [...])
 4 SYSTEMPATH\CodeIgniter.php(907): App\Controllers\Pages->view('FCPATH\\assets', 'back', 'webfonts', 'fa-solid-900.ttf')
 5 SYSTEMPATH\CodeIgniter.php(457): CodeIgniter\CodeIgniter->runController(Object(App\Controllers\Pages))
 6 SYSTEMPATH\CodeIgniter.php(340): CodeIgniter\CodeIgniter->handleRequest(null, Object(Config\Cache), false)
 7 FCPATH\index.php(67): CodeIgniter\CodeIgniter->run()
CRITICAL - 2022-09-19 00:01:19 --> Invalid file: pages/__service-worker.js
in SYSTEMPATH\Exceptions\FrameworkException.php on line 33.
 1 SYSTEMPATH\View\View.php(201): CodeIgniter\Exceptions\FrameworkException::forInvalidFile('pages/__service-worker.js')
 2 SYSTEMPATH\Common.php(1142): CodeIgniter\View\View->render('pages/__service-worker.js', [], true)
 3 APPPATH\Controllers\Pages.php(28): view('pages/__service-worker.js', [...])
 4 SYSTEMPATH\CodeIgniter.php(907): App\Controllers\Pages->view('__service-worker.js')
 5 SYSTEMPATH\CodeIgniter.php(457): CodeIgniter\CodeIgniter->runController(Object(App\Controllers\Pages))
 6 SYSTEMPATH\CodeIgniter.php(340): CodeIgniter\CodeIgniter->handleRequest(null, Object(Config\Cache), false)
 7 FCPATH\index.php(67): CodeIgniter\CodeIgniter->run()
CRITICAL - 2022-09-19 00:01:19 --> Invalid file: pages/assets.php
in SYSTEMPATH\Exceptions\FrameworkException.php on line 33.
 1 SYSTEMPATH\View\View.php(201): CodeIgniter\Exceptions\FrameworkException::forInvalidFile('pages/assets.php')
 2 SYSTEMPATH\Common.php(1142): CodeIgniter\View\View->render('pages/assets', [], true)
 3 APPPATH\Controllers\Pages.php(28): view('pages/assets', [...])
 4 SYSTEMPATH\CodeIgniter.php(907): App\Controllers\Pages->view('FCPATH\\assets', 'back', 'webfonts', 'fa-solid-900.woff2')
 5 SYSTEMPATH\CodeIgniter.php(457): CodeIgniter\CodeIgniter->runController(Object(App\Controllers\Pages))
 6 SYSTEMPATH\CodeIgniter.php(340): CodeIgniter\CodeIgniter->handleRequest(null, Object(Config\Cache), false)
 7 FCPATH\index.php(67): CodeIgniter\CodeIgniter->run()
CRITICAL - 2022-09-19 00:01:19 --> Invalid file: pages/assets.php
in SYSTEMPATH\Exceptions\FrameworkException.php on line 33.
 1 SYSTEMPATH\View\View.php(201): CodeIgniter\Exceptions\FrameworkException::forInvalidFile('pages/assets.php')
 2 SYSTEMPATH\Common.php(1142): CodeIgniter\View\View->render('pages/assets', [], true)
 3 APPPATH\Controllers\Pages.php(28): view('pages/assets', [...])
 4 SYSTEMPATH\CodeIgniter.php(907): App\Controllers\Pages->view('FCPATH\\assets', 'back', 'webfonts', 'fa-solid-900.woff')
 5 SYSTEMPATH\CodeIgniter.php(457): CodeIgniter\CodeIgniter->runController(Object(App\Controllers\Pages))
 6 SYSTEMPATH\CodeIgniter.php(340): CodeIgniter\CodeIgniter->handleRequest(null, Object(Config\Cache), false)
 7 FCPATH\index.php(67): CodeIgniter\CodeIgniter->run()
CRITICAL - 2022-09-19 00:01:19 --> Invalid file: pages/assets.php
in SYSTEMPATH\Exceptions\FrameworkException.php on line 33.
 1 SYSTEMPATH\View\View.php(201): CodeIgniter\Exceptions\FrameworkException::forInvalidFile('pages/assets.php')
 2 SYSTEMPATH\Common.php(1142): CodeIgniter\View\View->render('pages/assets', [], true)
 3 APPPATH\Controllers\Pages.php(28): view('pages/assets', [...])
 4 SYSTEMPATH\CodeIgniter.php(907): App\Controllers\Pages->view('FCPATH\\assets', 'back', 'webfonts', 'fa-solid-900.ttf')
 5 SYSTEMPATH\CodeIgniter.php(457): CodeIgniter\CodeIgniter->runController(Object(App\Controllers\Pages))
 6 SYSTEMPATH\CodeIgniter.php(340): CodeIgniter\CodeIgniter->handleRequest(null, Object(Config\Cache), false)
 7 FCPATH\index.php(67): CodeIgniter\CodeIgniter->run()
CRITICAL - 2022-09-19 00:01:21 --> Invalid file: pages/__service-worker.js
in SYSTEMPATH\Exceptions\FrameworkException.php on line 33.
 1 SYSTEMPATH\View\View.php(201): CodeIgniter\Exceptions\FrameworkException::forInvalidFile('pages/__service-worker.js')
 2 SYSTEMPATH\Common.php(1142): CodeIgniter\View\View->render('pages/__service-worker.js', [], true)
 3 APPPATH\Controllers\Pages.php(28): view('pages/__service-worker.js', [...])
 4 SYSTEMPATH\CodeIgniter.php(907): App\Controllers\Pages->view('__service-worker.js')
 5 SYSTEMPATH\CodeIgniter.php(457): CodeIgniter\CodeIgniter->runController(Object(App\Controllers\Pages))
 6 SYSTEMPATH\CodeIgniter.php(340): CodeIgniter\CodeIgniter->handleRequest(null, Object(Config\Cache), false)
 7 FCPATH\index.php(67): CodeIgniter\CodeIgniter->run()
CRITICAL - 2022-09-19 00:01:21 --> Invalid file: pages/assets.php
in SYSTEMPATH\Exceptions\FrameworkException.php on line 33.
 1 SYSTEMPATH\View\View.php(201): CodeIgniter\Exceptions\FrameworkException::forInvalidFile('pages/assets.php')
 2 SYSTEMPATH\Common.php(1142): CodeIgniter\View\View->render('pages/assets', [], true)
 3 APPPATH\Controllers\Pages.php(28): view('pages/assets', [...])
 4 SYSTEMPATH\CodeIgniter.php(907): App\Controllers\Pages->view('FCPATH\\assets', 'back', 'webfonts', 'fa-solid-900.woff2')
 5 SYSTEMPATH\CodeIgniter.php(457): CodeIgniter\CodeIgniter->runController(Object(App\Controllers\Pages))
 6 SYSTEMPATH\CodeIgniter.php(340): CodeIgniter\CodeIgniter->handleRequest(null, Object(Config\Cache), false)
 7 FCPATH\index.php(67): CodeIgniter\CodeIgniter->run()
CRITICAL - 2022-09-19 00:01:21 --> Invalid file: pages/assets.php
in SYSTEMPATH\Exceptions\FrameworkException.php on line 33.
 1 SYSTEMPATH\View\View.php(201): CodeIgniter\Exceptions\FrameworkException::forInvalidFile('pages/assets.php')
 2 SYSTEMPATH\Common.php(1142): CodeIgniter\View\View->render('pages/assets', [], true)
 3 APPPATH\Controllers\Pages.php(28): view('pages/assets', [...])
 4 SYSTEMPATH\CodeIgniter.php(907): App\Controllers\Pages->view('FCPATH\\assets', 'back', 'webfonts', 'fa-solid-900.woff')
 5 SYSTEMPATH\CodeIgniter.php(457): CodeIgniter\CodeIgniter->runController(Object(App\Controllers\Pages))
 6 SYSTEMPATH\CodeIgniter.php(340): CodeIgniter\CodeIgniter->handleRequest(null, Object(Config\Cache), false)
 7 FCPATH\index.php(67): CodeIgniter\CodeIgniter->run()
CRITICAL - 2022-09-19 00:01:21 --> Invalid file: pages/assets.php
in SYSTEMPATH\Exceptions\FrameworkException.php on line 33.
 1 SYSTEMPATH\View\View.php(201): CodeIgniter\Exceptions\FrameworkException::forInvalidFile('pages/assets.php')
 2 SYSTEMPATH\Common.php(1142): CodeIgniter\View\View->render('pages/assets', [], true)
 3 APPPATH\Controllers\Pages.php(28): view('pages/assets', [...])
 4 SYSTEMPATH\CodeIgniter.php(907): App\Controllers\Pages->view('FCPATH\\assets', 'back', 'webfonts', 'fa-solid-900.ttf')
 5 SYSTEMPATH\CodeIgniter.php(457): CodeIgniter\CodeIgniter->runController(Object(App\Controllers\Pages))
 6 SYSTEMPATH\CodeIgniter.php(340): CodeIgniter\CodeIgniter->handleRequest(null, Object(Config\Cache), false)
 7 FCPATH\index.php(67): CodeIgniter\CodeIgniter->run()
CRITICAL - 2022-09-19 00:01:22 --> Invalid file: pages/__service-worker.js
in SYSTEMPATH\Exceptions\FrameworkException.php on line 33.
 1 SYSTEMPATH\View\View.php(201): CodeIgniter\Exceptions\FrameworkException::forInvalidFile('pages/__service-worker.js')
 2 SYSTEMPATH\Common.php(1142): CodeIgniter\View\View->render('pages/__service-worker.js', [], true)
 3 APPPATH\Controllers\Pages.php(28): view('pages/__service-worker.js', [...])
 4 SYSTEMPATH\CodeIgniter.php(907): App\Controllers\Pages->view('__service-worker.js')
 5 SYSTEMPATH\CodeIgniter.php(457): CodeIgniter\CodeIgniter->runController(Object(App\Controllers\Pages))
 6 SYSTEMPATH\CodeIgniter.php(340): CodeIgniter\CodeIgniter->handleRequest(null, Object(Config\Cache), false)
 7 FCPATH\index.php(67): CodeIgniter\CodeIgniter->run()
CRITICAL - 2022-09-19 00:01:23 --> Invalid file: pages/assets.php
in SYSTEMPATH\Exceptions\FrameworkException.php on line 33.
 1 SYSTEMPATH\View\View.php(201): CodeIgniter\Exceptions\FrameworkException::forInvalidFile('pages/assets.php')
 2 SYSTEMPATH\Common.php(1142): CodeIgniter\View\View->render('pages/assets', [], true)
 3 APPPATH\Controllers\Pages.php(28): view('pages/assets', [...])
 4 SYSTEMPATH\CodeIgniter.php(907): App\Controllers\Pages->view('FCPATH\\assets', 'back', 'webfonts', 'fa-solid-900.woff2')
 5 SYSTEMPATH\CodeIgniter.php(457): CodeIgniter\CodeIgniter->runController(Object(App\Controllers\Pages))
 6 SYSTEMPATH\CodeIgniter.php(340): CodeIgniter\CodeIgniter->handleRequest(null, Object(Config\Cache), false)
 7 FCPATH\index.php(67): CodeIgniter\CodeIgniter->run()
CRITICAL - 2022-09-19 00:01:23 --> Invalid file: pages/assets.php
in SYSTEMPATH\Exceptions\FrameworkException.php on line 33.
 1 SYSTEMPATH\View\View.php(201): CodeIgniter\Exceptions\FrameworkException::forInvalidFile('pages/assets.php')
 2 SYSTEMPATH\Common.php(1142): CodeIgniter\View\View->render('pages/assets', [], true)
 3 APPPATH\Controllers\Pages.php(28): view('pages/assets', [...])
 4 SYSTEMPATH\CodeIgniter.php(907): App\Controllers\Pages->view('FCPATH\\assets', 'back', 'webfonts', 'fa-solid-900.woff')
 5 SYSTEMPATH\CodeIgniter.php(457): CodeIgniter\CodeIgniter->runController(Object(App\Controllers\Pages))
 6 SYSTEMPATH\CodeIgniter.php(340): CodeIgniter\CodeIgniter->handleRequest(null, Object(Config\Cache), false)
 7 FCPATH\index.php(67): CodeIgniter\CodeIgniter->run()
CRITICAL - 2022-09-19 00:01:23 --> Invalid file: pages/assets.php
in SYSTEMPATH\Exceptions\FrameworkException.php on line 33.
 1 SYSTEMPATH\View\View.php(201): CodeIgniter\Exceptions\FrameworkException::forInvalidFile('pages/assets.php')
 2 SYSTEMPATH\Common.php(1142): CodeIgniter\View\View->render('pages/assets', [], true)
 3 APPPATH\Controllers\Pages.php(28): view('pages/assets', [...])
 4 SYSTEMPATH\CodeIgniter.php(907): App\Controllers\Pages->view('FCPATH\\assets', 'back', 'webfonts', 'fa-solid-900.ttf')
 5 SYSTEMPATH\CodeIgniter.php(457): CodeIgniter\CodeIgniter->runController(Object(App\Controllers\Pages))
 6 SYSTEMPATH\CodeIgniter.php(340): CodeIgniter\CodeIgniter->handleRequest(null, Object(Config\Cache), false)
 7 FCPATH\index.php(67): CodeIgniter\CodeIgniter->run()
CRITICAL - 2022-09-19 00:01:42 --> Invalid file: pages/__service-worker.js
in SYSTEMPATH\Exceptions\FrameworkException.php on line 33.
 1 SYSTEMPATH\View\View.php(201): CodeIgniter\Exceptions\FrameworkException::forInvalidFile('pages/__service-worker.js')
 2 SYSTEMPATH\Common.php(1142): CodeIgniter\View\View->render('pages/__service-worker.js', [], true)
 3 APPPATH\Controllers\Pages.php(28): view('pages/__service-worker.js', [...])
 4 SYSTEMPATH\CodeIgniter.php(907): App\Controllers\Pages->view('__service-worker.js')
 5 SYSTEMPATH\CodeIgniter.php(457): CodeIgniter\CodeIgniter->runController(Object(App\Controllers\Pages))
 6 SYSTEMPATH\CodeIgniter.php(340): CodeIgniter\CodeIgniter->handleRequest(null, Object(Config\Cache), false)
 7 FCPATH\index.php(67): CodeIgniter\CodeIgniter->run()
CRITICAL - 2022-09-19 00:01:42 --> Invalid file: pages/assets.php
in SYSTEMPATH\Exceptions\FrameworkException.php on line 33.
 1 SYSTEMPATH\View\View.php(201): CodeIgniter\Exceptions\FrameworkException::forInvalidFile('pages/assets.php')
 2 SYSTEMPATH\Common.php(1142): CodeIgniter\View\View->render('pages/assets', [], true)
 3 APPPATH\Controllers\Pages.php(28): view('pages/assets', [...])
 4 SYSTEMPATH\CodeIgniter.php(907): App\Controllers\Pages->view('FCPATH\\assets', 'back', 'webfonts', 'fa-solid-900.woff2')
 5 SYSTEMPATH\CodeIgniter.php(457): CodeIgniter\CodeIgniter->runController(Object(App\Controllers\Pages))
 6 SYSTEMPATH\CodeIgniter.php(340): CodeIgniter\CodeIgniter->handleRequest(null, Object(Config\Cache), false)
 7 FCPATH\index.php(67): CodeIgniter\CodeIgniter->run()
CRITICAL - 2022-09-19 00:01:42 --> Invalid file: pages/assets.php
in SYSTEMPATH\Exceptions\FrameworkException.php on line 33.
 1 SYSTEMPATH\View\View.php(201): CodeIgniter\Exceptions\FrameworkException::forInvalidFile('pages/assets.php')
 2 SYSTEMPATH\Common.php(1142): CodeIgniter\View\View->render('pages/assets', [], true)
 3 APPPATH\Controllers\Pages.php(28): view('pages/assets', [...])
 4 SYSTEMPATH\CodeIgniter.php(907): App\Controllers\Pages->view('FCPATH\\assets', 'back', 'webfonts', 'fa-solid-900.woff')
 5 SYSTEMPATH\CodeIgniter.php(457): CodeIgniter\CodeIgniter->runController(Object(App\Controllers\Pages))
 6 SYSTEMPATH\CodeIgniter.php(340): CodeIgniter\CodeIgniter->handleRequest(null, Object(Config\Cache), false)
 7 FCPATH\index.php(67): CodeIgniter\CodeIgniter->run()
CRITICAL - 2022-09-19 00:01:42 --> Invalid file: pages/assets.php
in SYSTEMPATH\Exceptions\FrameworkException.php on line 33.
 1 SYSTEMPATH\View\View.php(201): CodeIgniter\Exceptions\FrameworkException::forInvalidFile('pages/assets.php')
 2 SYSTEMPATH\Common.php(1142): CodeIgniter\View\View->render('pages/assets', [], true)
 3 APPPATH\Controllers\Pages.php(28): view('pages/assets', [...])
 4 SYSTEMPATH\CodeIgniter.php(907): App\Controllers\Pages->view('FCPATH\\assets', 'back', 'webfonts', 'fa-solid-900.ttf')
 5 SYSTEMPATH\CodeIgniter.php(457): CodeIgniter\CodeIgniter->runController(Object(App\Controllers\Pages))
 6 SYSTEMPATH\CodeIgniter.php(340): CodeIgniter\CodeIgniter->handleRequest(null, Object(Config\Cache), false)
 7 FCPATH\index.php(67): CodeIgniter\CodeIgniter->run()
CRITICAL - 2022-09-19 00:01:57 --> Invalid file: pages/__service-worker.js
in SYSTEMPATH\Exceptions\FrameworkException.php on line 33.
 1 SYSTEMPATH\View\View.php(201): CodeIgniter\Exceptions\FrameworkException::forInvalidFile('pages/__service-worker.js')
 2 SYSTEMPATH\Common.php(1142): CodeIgniter\View\View->render('pages/__service-worker.js', [], true)
 3 APPPATH\Controllers\Pages.php(28): view('pages/__service-worker.js', [...])
 4 SYSTEMPATH\CodeIgniter.php(907): App\Controllers\Pages->view('__service-worker.js')
 5 SYSTEMPATH\CodeIgniter.php(457): CodeIgniter\CodeIgniter->runController(Object(App\Controllers\Pages))
 6 SYSTEMPATH\CodeIgniter.php(340): CodeIgniter\CodeIgniter->handleRequest(null, Object(Config\Cache), false)
 7 FCPATH\index.php(67): CodeIgniter\CodeIgniter->run()
CRITICAL - 2022-09-19 00:01:57 --> Invalid file: pages/assets.php
in SYSTEMPATH\Exceptions\FrameworkException.php on line 33.
 1 SYSTEMPATH\View\View.php(201): CodeIgniter\Exceptions\FrameworkException::forInvalidFile('pages/assets.php')
 2 SYSTEMPATH\Common.php(1142): CodeIgniter\View\View->render('pages/assets', [], true)
 3 APPPATH\Controllers\Pages.php(28): view('pages/assets', [...])
 4 SYSTEMPATH\CodeIgniter.php(907): App\Controllers\Pages->view('FCPATH\\assets', 'back', 'webfonts', 'fa-solid-900.woff2')
 5 SYSTEMPATH\CodeIgniter.php(457): CodeIgniter\CodeIgniter->runController(Object(App\Controllers\Pages))
 6 SYSTEMPATH\CodeIgniter.php(340): CodeIgniter\CodeIgniter->handleRequest(null, Object(Config\Cache), false)
 7 FCPATH\index.php(67): CodeIgniter\CodeIgniter->run()
CRITICAL - 2022-09-19 00:01:57 --> Invalid file: pages/assets.php
in SYSTEMPATH\Exceptions\FrameworkException.php on line 33.
 1 SYSTEMPATH\View\View.php(201): CodeIgniter\Exceptions\FrameworkException::forInvalidFile('pages/assets.php')
 2 SYSTEMPATH\Common.php(1142): CodeIgniter\View\View->render('pages/assets', [], true)
 3 APPPATH\Controllers\Pages.php(28): view('pages/assets', [...])
 4 SYSTEMPATH\CodeIgniter.php(907): App\Controllers\Pages->view('FCPATH\\assets', 'back', 'webfonts', 'fa-solid-900.woff')
 5 SYSTEMPATH\CodeIgniter.php(457): CodeIgniter\CodeIgniter->runController(Object(App\Controllers\Pages))
 6 SYSTEMPATH\CodeIgniter.php(340): CodeIgniter\CodeIgniter->handleRequest(null, Object(Config\Cache), false)
 7 FCPATH\index.php(67): CodeIgniter\CodeIgniter->run()
CRITICAL - 2022-09-19 00:01:57 --> Invalid file: pages/assets.php
in SYSTEMPATH\Exceptions\FrameworkException.php on line 33.
 1 SYSTEMPATH\View\View.php(201): CodeIgniter\Exceptions\FrameworkException::forInvalidFile('pages/assets.php')
 2 SYSTEMPATH\Common.php(1142): CodeIgniter\View\View->render('pages/assets', [], true)
 3 APPPATH\Controllers\Pages.php(28): view('pages/assets', [...])
 4 SYSTEMPATH\CodeIgniter.php(907): App\Controllers\Pages->view('FCPATH\\assets', 'back', 'webfonts', 'fa-solid-900.ttf')
 5 SYSTEMPATH\CodeIgniter.php(457): CodeIgniter\CodeIgniter->runController(Object(App\Controllers\Pages))
 6 SYSTEMPATH\CodeIgniter.php(340): CodeIgniter\CodeIgniter->handleRequest(null, Object(Config\Cache), false)
 7 FCPATH\index.php(67): CodeIgniter\CodeIgniter->run()
CRITICAL - 2022-09-19 05:46:54 --> Invalid file: pages/assets.php
in SYSTEMPATH\Exceptions\FrameworkException.php on line 33.
 1 SYSTEMPATH\View\View.php(201): CodeIgniter\Exceptions\FrameworkException::forInvalidFile('pages/assets.php')
 2 SYSTEMPATH\Common.php(1142): CodeIgniter\View\View->render('pages/assets', [], true)
 3 APPPATH\Controllers\Pages.php(28): view('pages/assets', [...])
 4 SYSTEMPATH\CodeIgniter.php(907): App\Controllers\Pages->view('FCPATH\\assets', 'back', 'webfonts', 'fa-solid-900.woff2')
 5 SYSTEMPATH\CodeIgniter.php(457): CodeIgniter\CodeIgniter->runController(Object(App\Controllers\Pages))
 6 SYSTEMPATH\CodeIgniter.php(340): CodeIgniter\CodeIgniter->handleRequest(null, Object(Config\Cache), false)
 7 FCPATH\index.php(67): CodeIgniter\CodeIgniter->run()
CRITICAL - 2022-09-19 05:46:54 --> Invalid file: pages/assets.php
in SYSTEMPATH\Exceptions\FrameworkException.php on line 33.
 1 SYSTEMPATH\View\View.php(201): CodeIgniter\Exceptions\FrameworkException::forInvalidFile('pages/assets.php')
 2 SYSTEMPATH\Common.php(1142): CodeIgniter\View\View->render('pages/assets', [], true)
 3 APPPATH\Controllers\Pages.php(28): view('pages/assets', [...])
 4 SYSTEMPATH\CodeIgniter.php(907): App\Controllers\Pages->view('FCPATH\\assets', 'back', 'webfonts', 'fa-solid-900.woff')
 5 SYSTEMPATH\CodeIgniter.php(457): CodeIgniter\CodeIgniter->runController(Object(App\Controllers\Pages))
 6 SYSTEMPATH\CodeIgniter.php(340): CodeIgniter\CodeIgniter->handleRequest(null, Object(Config\Cache), false)
 7 FCPATH\index.php(67): CodeIgniter\CodeIgniter->run()
CRITICAL - 2022-09-19 05:46:54 --> Invalid file: pages/assets.php
in SYSTEMPATH\Exceptions\FrameworkException.php on line 33.
 1 SYSTEMPATH\View\View.php(201): CodeIgniter\Exceptions\FrameworkException::forInvalidFile('pages/assets.php')
 2 SYSTEMPATH\Common.php(1142): CodeIgniter\View\View->render('pages/assets', [], true)
 3 APPPATH\Controllers\Pages.php(28): view('pages/assets', [...])
 4 SYSTEMPATH\CodeIgniter.php(907): App\Controllers\Pages->view('FCPATH\\assets', 'back', 'webfonts', 'fa-solid-900.ttf')
 5 SYSTEMPATH\CodeIgniter.php(457): CodeIgniter\CodeIgniter->runController(Object(App\Controllers\Pages))
 6 SYSTEMPATH\CodeIgniter.php(340): CodeIgniter\CodeIgniter->handleRequest(null, Object(Config\Cache), false)
 7 FCPATH\index.php(67): CodeIgniter\CodeIgniter->run()
CRITICAL - 2022-09-19 09:49:28 --> Invalid file: pages/assets.php
in SYSTEMPATH\Exceptions\FrameworkException.php on line 33.
 1 SYSTEMPATH\View\View.php(201): CodeIgniter\Exceptions\FrameworkException::forInvalidFile('pages/assets.php')
 2 SYSTEMPATH\Common.php(1142): CodeIgniter\View\View->render('pages/assets', [], true)
 3 APPPATH\Controllers\Pages.php(28): view('pages/assets', [...])
 4 SYSTEMPATH\CodeIgniter.php(907): App\Controllers\Pages->view('FCPATH\\assets', 'back', 'webfonts', 'fa-solid-900.woff2')
 5 SYSTEMPATH\CodeIgniter.php(457): CodeIgniter\CodeIgniter->runController(Object(App\Controllers\Pages))
 6 SYSTEMPATH\CodeIgniter.php(340): CodeIgniter\CodeIgniter->handleRequest(null, Object(Config\Cache), false)
 7 FCPATH\index.php(67): CodeIgniter\CodeIgniter->run()
CRITICAL - 2022-09-19 09:49:29 --> Invalid file: pages/assets.php
in SYSTEMPATH\Exceptions\FrameworkException.php on line 33.
 1 SYSTEMPATH\View\View.php(201): CodeIgniter\Exceptions\FrameworkException::forInvalidFile('pages/assets.php')
 2 SYSTEMPATH\Common.php(1142): CodeIgniter\View\View->render('pages/assets', [], true)
 3 APPPATH\Controllers\Pages.php(28): view('pages/assets', [...])
 4 SYSTEMPATH\CodeIgniter.php(907): App\Controllers\Pages->view('FCPATH\\assets', 'back', 'webfonts', 'fa-solid-900.woff')
 5 SYSTEMPATH\CodeIgniter.php(457): CodeIgniter\CodeIgniter->runController(Object(App\Controllers\Pages))
 6 SYSTEMPATH\CodeIgniter.php(340): CodeIgniter\CodeIgniter->handleRequest(null, Object(Config\Cache), false)
 7 FCPATH\index.php(67): CodeIgniter\CodeIgniter->run()
CRITICAL - 2022-09-19 09:49:29 --> Invalid file: pages/assets.php
in SYSTEMPATH\Exceptions\FrameworkException.php on line 33.
 1 SYSTEMPATH\View\View.php(201): CodeIgniter\Exceptions\FrameworkException::forInvalidFile('pages/assets.php')
 2 SYSTEMPATH\Common.php(1142): CodeIgniter\View\View->render('pages/assets', [], true)
 3 APPPATH\Controllers\Pages.php(28): view('pages/assets', [...])
 4 SYSTEMPATH\CodeIgniter.php(907): App\Controllers\Pages->view('FCPATH\\assets', 'back', 'webfonts', 'fa-solid-900.ttf')
 5 SYSTEMPATH\CodeIgniter.php(457): CodeIgniter\CodeIgniter->runController(Object(App\Controllers\Pages))
 6 SYSTEMPATH\CodeIgniter.php(340): CodeIgniter\CodeIgniter->handleRequest(null, Object(Config\Cache), false)
 7 FCPATH\index.php(67): CodeIgniter\CodeIgniter->run()
CRITICAL - 2022-09-19 09:49:33 --> Class 'App\Controllers\UserLogin' not found
in APPPATH\Controllers\User.php on line 93.
 1 SYSTEMPATH\CodeIgniter.php(907): App\Controllers\User->user_login()
 2 SYSTEMPATH\CodeIgniter.php(457): CodeIgniter\CodeIgniter->runController(Object(App\Controllers\User))
 3 SYSTEMPATH\CodeIgniter.php(340): CodeIgniter\CodeIgniter->handleRequest(null, Object(Config\Cache), false)
 4 FCPATH\index.php(67): CodeIgniter\CodeIgniter->run()
CRITICAL - 2022-09-19 09:50:31 --> Class 'App\Controllers\UserLogin' not found
in APPPATH\Controllers\User.php on line 93.
 1 SYSTEMPATH\CodeIgniter.php(907): App\Controllers\User->user_login()
 2 SYSTEMPATH\CodeIgniter.php(457): CodeIgniter\CodeIgniter->runController(Object(App\Controllers\User))
 3 SYSTEMPATH\CodeIgniter.php(340): CodeIgniter\CodeIgniter->handleRequest(null, Object(Config\Cache), false)
 4 FCPATH\index.php(67): CodeIgniter\CodeIgniter->run()
CRITICAL - 2022-09-19 09:50:33 --> Class 'App\Controllers\UserLogin' not found
in APPPATH\Controllers\User.php on line 93.
 1 SYSTEMPATH\CodeIgniter.php(907): App\Controllers\User->user_login()
 2 SYSTEMPATH\CodeIgniter.php(457): CodeIgniter\CodeIgniter->runController(Object(App\Controllers\User))
 3 SYSTEMPATH\CodeIgniter.php(340): CodeIgniter\CodeIgniter->handleRequest(null, Object(Config\Cache), false)
 4 FCPATH\index.php(67): CodeIgniter\CodeIgniter->run()
CRITICAL - 2022-09-19 09:53:28 --> Class 'App\Models\UserModel' not found
in APPPATH\Controllers\User.php on line 93.
 1 SYSTEMPATH\CodeIgniter.php(907): App\Controllers\User->user_login()
 2 SYSTEMPATH\CodeIgniter.php(457): CodeIgniter\CodeIgniter->runController(Object(App\Controllers\User))
 3 SYSTEMPATH\CodeIgniter.php(340): CodeIgniter\CodeIgniter->handleRequest(null, Object(Config\Cache), false)
 4 FCPATH\index.php(67): CodeIgniter\CodeIgniter->run()
CRITICAL - 2022-09-19 09:54:34 --> Class 'App\Controllers\UserLogin' not found
in APPPATH\Controllers\User.php on line 93.
 1 SYSTEMPATH\CodeIgniter.php(907): App\Controllers\User->user_login()
 2 SYSTEMPATH\CodeIgniter.php(457): CodeIgniter\CodeIgniter->runController(Object(App\Controllers\User))
 3 SYSTEMPATH\CodeIgniter.php(340): CodeIgniter\CodeIgniter->handleRequest(null, Object(Config\Cache), false)
 4 FCPATH\index.php(67): CodeIgniter\CodeIgniter->run()
CRITICAL - 2022-09-19 09:54:41 --> Invalid file: pages/assets.php
in SYSTEMPATH\Exceptions\FrameworkException.php on line 33.
 1 SYSTEMPATH\View\View.php(201): CodeIgniter\Exceptions\FrameworkException::forInvalidFile('pages/assets.php')
 2 SYSTEMPATH\Common.php(1142): CodeIgniter\View\View->render('pages/assets', [], true)
 3 APPPATH\Controllers\Pages.php(28): view('pages/assets', [...])
 4 SYSTEMPATH\CodeIgniter.php(907): App\Controllers\Pages->view('FCPATH\\assets', 'back', 'webfonts', 'fa-solid-900.woff2')
 5 SYSTEMPATH\CodeIgniter.php(457): CodeIgniter\CodeIgniter->runController(Object(App\Controllers\Pages))
 6 SYSTEMPATH\CodeIgniter.php(340): CodeIgniter\CodeIgniter->handleRequest(null, Object(Config\Cache), false)
 7 FCPATH\index.php(67): CodeIgniter\CodeIgniter->run()
CRITICAL - 2022-09-19 09:54:41 --> Invalid file: pages/assets.php
in SYSTEMPATH\Exceptions\FrameworkException.php on line 33.
 1 SYSTEMPATH\View\View.php(201): CodeIgniter\Exceptions\FrameworkException::forInvalidFile('pages/assets.php')
 2 SYSTEMPATH\Common.php(1142): CodeIgniter\View\View->render('pages/assets', [], true)
 3 APPPATH\Controllers\Pages.php(28): view('pages/assets', [...])
 4 SYSTEMPATH\CodeIgniter.php(907): App\Controllers\Pages->view('FCPATH\\assets', 'back', 'webfonts', 'fa-solid-900.woff')
 5 SYSTEMPATH\CodeIgniter.php(457): CodeIgniter\CodeIgniter->runController(Object(App\Controllers\Pages))
 6 SYSTEMPATH\CodeIgniter.php(340): CodeIgniter\CodeIgniter->handleRequest(null, Object(Config\Cache), false)
 7 FCPATH\index.php(67): CodeIgniter\CodeIgniter->run()
CRITICAL - 2022-09-19 09:54:41 --> Invalid file: pages/assets.php
in SYSTEMPATH\Exceptions\FrameworkException.php on line 33.
 1 SYSTEMPATH\View\View.php(201): CodeIgniter\Exceptions\FrameworkException::forInvalidFile('pages/assets.php')
 2 SYSTEMPATH\Common.php(1142): CodeIgniter\View\View->render('pages/assets', [], true)
 3 APPPATH\Controllers\Pages.php(28): view('pages/assets', [...])
 4 SYSTEMPATH\CodeIgniter.php(907): App\Controllers\Pages->view('FCPATH\\assets', 'back', 'webfonts', 'fa-solid-900.ttf')
 5 SYSTEMPATH\CodeIgniter.php(457): CodeIgniter\CodeIgniter->runController(Object(App\Controllers\Pages))
 6 SYSTEMPATH\CodeIgniter.php(340): CodeIgniter\CodeIgniter->handleRequest(null, Object(Config\Cache), false)
 7 FCPATH\index.php(67): CodeIgniter\CodeIgniter->run()
CRITICAL - 2022-09-19 09:54:43 --> Class 'App\Controllers\UserLogin' not found
in APPPATH\Controllers\User.php on line 93.
 1 SYSTEMPATH\CodeIgniter.php(907): App\Controllers\User->user_login()
 2 SYSTEMPATH\CodeIgniter.php(457): CodeIgniter\CodeIgniter->runController(Object(App\Controllers\User))
 3 SYSTEMPATH\CodeIgniter.php(340): CodeIgniter\CodeIgniter->handleRequest(null, Object(Config\Cache), false)
 4 FCPATH\index.php(67): CodeIgniter\CodeIgniter->run()
CRITICAL - 2022-09-19 09:55:44 --> Invalid file: pages/assets.php
in SYSTEMPATH\Exceptions\FrameworkException.php on line 33.
 1 SYSTEMPATH\View\View.php(201): CodeIgniter\Exceptions\FrameworkException::forInvalidFile('pages/assets.php')
 2 SYSTEMPATH\Common.php(1142): CodeIgniter\View\View->render('pages/assets', [], true)
 3 APPPATH\Controllers\Pages.php(28): view('pages/assets', [...])
 4 SYSTEMPATH\CodeIgniter.php(907): App\Controllers\Pages->view('FCPATH\\assets', 'back', 'webfonts', 'fa-solid-900.woff2')
 5 SYSTEMPATH\CodeIgniter.php(457): CodeIgniter\CodeIgniter->runController(Object(App\Controllers\Pages))
 6 SYSTEMPATH\CodeIgniter.php(340): CodeIgniter\CodeIgniter->handleRequest(null, Object(Config\Cache), false)
 7 FCPATH\index.php(67): CodeIgniter\CodeIgniter->run()
CRITICAL - 2022-09-19 09:55:44 --> Invalid file: pages/assets.php
in SYSTEMPATH\Exceptions\FrameworkException.php on line 33.
 1 SYSTEMPATH\View\View.php(201): CodeIgniter\Exceptions\FrameworkException::forInvalidFile('pages/assets.php')
 2 SYSTEMPATH\Common.php(1142): CodeIgniter\View\View->render('pages/assets', [], true)
 3 APPPATH\Controllers\Pages.php(28): view('pages/assets', [...])
 4 SYSTEMPATH\CodeIgniter.php(907): App\Controllers\Pages->view('FCPATH\\assets', 'back', 'webfonts', 'fa-solid-900.woff')
 5 SYSTEMPATH\CodeIgniter.php(457): CodeIgniter\CodeIgniter->runController(Object(App\Controllers\Pages))
 6 SYSTEMPATH\CodeIgniter.php(340): CodeIgniter\CodeIgniter->handleRequest(null, Object(Config\Cache), false)
 7 FCPATH\index.php(67): CodeIgniter\CodeIgniter->run()
CRITICAL - 2022-09-19 09:55:44 --> Invalid file: pages/assets.php
in SYSTEMPATH\Exceptions\FrameworkException.php on line 33.
 1 SYSTEMPATH\View\View.php(201): CodeIgniter\Exceptions\FrameworkException::forInvalidFile('pages/assets.php')
 2 SYSTEMPATH\Common.php(1142): CodeIgniter\View\View->render('pages/assets', [], true)
 3 APPPATH\Controllers\Pages.php(28): view('pages/assets', [...])
 4 SYSTEMPATH\CodeIgniter.php(907): App\Controllers\Pages->view('FCPATH\\assets', 'back', 'webfonts', 'fa-solid-900.ttf')
 5 SYSTEMPATH\CodeIgniter.php(457): CodeIgniter\CodeIgniter->runController(Object(App\Controllers\Pages))
 6 SYSTEMPATH\CodeIgniter.php(340): CodeIgniter\CodeIgniter->handleRequest(null, Object(Config\Cache), false)
 7 FCPATH\index.php(67): CodeIgniter\CodeIgniter->run()
CRITICAL - 2022-09-19 09:55:50 --> Invalid file: pages/assets.php
in SYSTEMPATH\Exceptions\FrameworkException.php on line 33.
 1 SYSTEMPATH\View\View.php(201): CodeIgniter\Exceptions\FrameworkException::forInvalidFile('pages/assets.php')
 2 SYSTEMPATH\Common.php(1142): CodeIgniter\View\View->render('pages/assets', [], true)
 3 APPPATH\Controllers\Pages.php(28): view('pages/assets', [...])
 4 SYSTEMPATH\CodeIgniter.php(907): App\Controllers\Pages->view('FCPATH\\assets', 'back', 'webfonts', 'fa-solid-900.woff2')
 5 SYSTEMPATH\CodeIgniter.php(457): CodeIgniter\CodeIgniter->runController(Object(App\Controllers\Pages))
 6 SYSTEMPATH\CodeIgniter.php(340): CodeIgniter\CodeIgniter->handleRequest(null, Object(Config\Cache), false)
 7 FCPATH\index.php(67): CodeIgniter\CodeIgniter->run()
CRITICAL - 2022-09-19 09:55:50 --> Invalid file: pages/assets.php
in SYSTEMPATH\Exceptions\FrameworkException.php on line 33.
 1 SYSTEMPATH\View\View.php(201): CodeIgniter\Exceptions\FrameworkException::forInvalidFile('pages/assets.php')
 2 SYSTEMPATH\Common.php(1142): CodeIgniter\View\View->render('pages/assets', [], true)
 3 APPPATH\Controllers\Pages.php(28): view('pages/assets', [...])
 4 SYSTEMPATH\CodeIgniter.php(907): App\Controllers\Pages->view('FCPATH\\assets', 'back', 'webfonts', 'fa-solid-900.woff')
 5 SYSTEMPATH\CodeIgniter.php(457): CodeIgniter\CodeIgniter->runController(Object(App\Controllers\Pages))
 6 SYSTEMPATH\CodeIgniter.php(340): CodeIgniter\CodeIgniter->handleRequest(null, Object(Config\Cache), false)
 7 FCPATH\index.php(67): CodeIgniter\CodeIgniter->run()
CRITICAL - 2022-09-19 09:55:50 --> Invalid file: pages/assets.php
in SYSTEMPATH\Exceptions\FrameworkException.php on line 33.
 1 SYSTEMPATH\View\View.php(201): CodeIgniter\Exceptions\FrameworkException::forInvalidFile('pages/assets.php')
 2 SYSTEMPATH\Common.php(1142): CodeIgniter\View\View->render('pages/assets', [], true)
 3 APPPATH\Controllers\Pages.php(28): view('pages/assets', [...])
 4 SYSTEMPATH\CodeIgniter.php(907): App\Controllers\Pages->view('FCPATH\\assets', 'back', 'webfonts', 'fa-solid-900.ttf')
 5 SYSTEMPATH\CodeIgniter.php(457): CodeIgniter\CodeIgniter->runController(Object(App\Controllers\Pages))
 6 SYSTEMPATH\CodeIgniter.php(340): CodeIgniter\CodeIgniter->handleRequest(null, Object(Config\Cache), false)
 7 FCPATH\index.php(67): CodeIgniter\CodeIgniter->run()
CRITICAL - 2022-09-19 09:55:52 --> Invalid file: pages/__service-worker.js
in SYSTEMPATH\Exceptions\FrameworkException.php on line 33.
 1 SYSTEMPATH\View\View.php(201): CodeIgniter\Exceptions\FrameworkException::forInvalidFile('pages/__service-worker.js')
 2 SYSTEMPATH\Common.php(1142): CodeIgniter\View\View->render('pages/__service-worker.js', [], true)
 3 APPPATH\Controllers\Pages.php(28): view('pages/__service-worker.js', [...])
 4 SYSTEMPATH\CodeIgniter.php(907): App\Controllers\Pages->view('__service-worker.js')
 5 SYSTEMPATH\CodeIgniter.php(457): CodeIgniter\CodeIgniter->runController(Object(App\Controllers\Pages))
 6 SYSTEMPATH\CodeIgniter.php(340): CodeIgniter\CodeIgniter->handleRequest(null, Object(Config\Cache), false)
 7 FCPATH\index.php(67): CodeIgniter\CodeIgniter->run()
CRITICAL - 2022-09-19 09:55:53 --> Invalid file: pages/assets.php
in SYSTEMPATH\Exceptions\FrameworkException.php on line 33.
 1 SYSTEMPATH\View\View.php(201): CodeIgniter\Exceptions\FrameworkException::forInvalidFile('pages/assets.php')
 2 SYSTEMPATH\Common.php(1142): CodeIgniter\View\View->render('pages/assets', [], true)
 3 APPPATH\Controllers\Pages.php(28): view('pages/assets', [...])
 4 SYSTEMPATH\CodeIgniter.php(907): App\Controllers\Pages->view('FCPATH\\assets', 'back', 'webfonts', 'fa-solid-900.woff2')
 5 SYSTEMPATH\CodeIgniter.php(457): CodeIgniter\CodeIgniter->runController(Object(App\Controllers\Pages))
 6 SYSTEMPATH\CodeIgniter.php(340): CodeIgniter\CodeIgniter->handleRequest(null, Object(Config\Cache), false)
 7 FCPATH\index.php(67): CodeIgniter\CodeIgniter->run()
CRITICAL - 2022-09-19 09:55:53 --> Invalid file: pages/assets.php
in SYSTEMPATH\Exceptions\FrameworkException.php on line 33.
 1 SYSTEMPATH\View\View.php(201): CodeIgniter\Exceptions\FrameworkException::forInvalidFile('pages/assets.php')
 2 SYSTEMPATH\Common.php(1142): CodeIgniter\View\View->render('pages/assets', [], true)
 3 APPPATH\Controllers\Pages.php(28): view('pages/assets', [...])
 4 SYSTEMPATH\CodeIgniter.php(907): App\Controllers\Pages->view('FCPATH\\assets', 'back', 'webfonts', 'fa-solid-900.woff')
 5 SYSTEMPATH\CodeIgniter.php(457): CodeIgniter\CodeIgniter->runController(Object(App\Controllers\Pages))
 6 SYSTEMPATH\CodeIgniter.php(340): CodeIgniter\CodeIgniter->handleRequest(null, Object(Config\Cache), false)
 7 FCPATH\index.php(67): CodeIgniter\CodeIgniter->run()
CRITICAL - 2022-09-19 09:55:53 --> Invalid file: pages/assets.php
in SYSTEMPATH\Exceptions\FrameworkException.php on line 33.
 1 SYSTEMPATH\View\View.php(201): CodeIgniter\Exceptions\FrameworkException::forInvalidFile('pages/assets.php')
 2 SYSTEMPATH\Common.php(1142): CodeIgniter\View\View->render('pages/assets', [], true)
 3 APPPATH\Controllers\Pages.php(28): view('pages/assets', [...])
 4 SYSTEMPATH\CodeIgniter.php(907): App\Controllers\Pages->view('FCPATH\\assets', 'back', 'webfonts', 'fa-solid-900.ttf')
 5 SYSTEMPATH\CodeIgniter.php(457): CodeIgniter\CodeIgniter->runController(Object(App\Controllers\Pages))
 6 SYSTEMPATH\CodeIgniter.php(340): CodeIgniter\CodeIgniter->handleRequest(null, Object(Config\Cache), false)
 7 FCPATH\index.php(67): CodeIgniter\CodeIgniter->run()
CRITICAL - 2022-09-19 09:59:09 --> Invalid file: pages/__service-worker.js
in SYSTEMPATH\Exceptions\FrameworkException.php on line 33.
 1 SYSTEMPATH\View\View.php(201): CodeIgniter\Exceptions\FrameworkException::forInvalidFile('pages/__service-worker.js')
 2 SYSTEMPATH\Common.php(1142): CodeIgniter\View\View->render('pages/__service-worker.js', [], true)
 3 APPPATH\Controllers\Pages.php(28): view('pages/__service-worker.js', [...])
 4 SYSTEMPATH\CodeIgniter.php(907): App\Controllers\Pages->view('__service-worker.js')
 5 SYSTEMPATH\CodeIgniter.php(457): CodeIgniter\CodeIgniter->runController(Object(App\Controllers\Pages))
 6 SYSTEMPATH\CodeIgniter.php(340): CodeIgniter\CodeIgniter->handleRequest(null, Object(Config\Cache), false)
 7 FCPATH\index.php(67): CodeIgniter\CodeIgniter->run()
CRITICAL - 2022-09-19 09:59:10 --> Invalid file: pages/assets.php
in SYSTEMPATH\Exceptions\FrameworkException.php on line 33.
 1 SYSTEMPATH\View\View.php(201): CodeIgniter\Exceptions\FrameworkException::forInvalidFile('pages/assets.php')
 2 SYSTEMPATH\Common.php(1142): CodeIgniter\View\View->render('pages/assets', [], true)
 3 APPPATH\Controllers\Pages.php(28): view('pages/assets', [...])
 4 SYSTEMPATH\CodeIgniter.php(907): App\Controllers\Pages->view('FCPATH\\assets', 'back', 'webfonts', 'fa-solid-900.woff2')
 5 SYSTEMPATH\CodeIgniter.php(457): CodeIgniter\CodeIgniter->runController(Object(App\Controllers\Pages))
 6 SYSTEMPATH\CodeIgniter.php(340): CodeIgniter\CodeIgniter->handleRequest(null, Object(Config\Cache), false)
 7 FCPATH\index.php(67): CodeIgniter\CodeIgniter->run()
CRITICAL - 2022-09-19 09:59:10 --> Invalid file: pages/assets.php
in SYSTEMPATH\Exceptions\FrameworkException.php on line 33.
 1 SYSTEMPATH\View\View.php(201): CodeIgniter\Exceptions\FrameworkException::forInvalidFile('pages/assets.php')
 2 SYSTEMPATH\Common.php(1142): CodeIgniter\View\View->render('pages/assets', [], true)
 3 APPPATH\Controllers\Pages.php(28): view('pages/assets', [...])
 4 SYSTEMPATH\CodeIgniter.php(907): App\Controllers\Pages->view('FCPATH\\assets', 'back', 'webfonts', 'fa-solid-900.woff')
 5 SYSTEMPATH\CodeIgniter.php(457): CodeIgniter\CodeIgniter->runController(Object(App\Controllers\Pages))
 6 SYSTEMPATH\CodeIgniter.php(340): CodeIgniter\CodeIgniter->handleRequest(null, Object(Config\Cache), false)
 7 FCPATH\index.php(67): CodeIgniter\CodeIgniter->run()
CRITICAL - 2022-09-19 09:59:10 --> Invalid file: pages/assets.php
in SYSTEMPATH\Exceptions\FrameworkException.php on line 33.
 1 SYSTEMPATH\View\View.php(201): CodeIgniter\Exceptions\FrameworkException::forInvalidFile('pages/assets.php')
 2 SYSTEMPATH\Common.php(1142): CodeIgniter\View\View->render('pages/assets', [], true)
 3 APPPATH\Controllers\Pages.php(28): view('pages/assets', [...])
 4 SYSTEMPATH\CodeIgniter.php(907): App\Controllers\Pages->view('FCPATH\\assets', 'back', 'webfonts', 'fa-solid-900.ttf')
 5 SYSTEMPATH\CodeIgniter.php(457): CodeIgniter\CodeIgniter->runController(Object(App\Controllers\Pages))
 6 SYSTEMPATH\CodeIgniter.php(340): CodeIgniter\CodeIgniter->handleRequest(null, Object(Config\Cache), false)
 7 FCPATH\index.php(67): CodeIgniter\CodeIgniter->run()
CRITICAL - 2022-09-19 10:07:49 --> Call to undefined method CodeIgniter\Database\MySQLi\Result::num_rows()
in APPPATH\Controllers\User.php on line 39.
 1 SYSTEMPATH\CodeIgniter.php(907): App\Controllers\User->index()
 2 SYSTEMPATH\CodeIgniter.php(457): CodeIgniter\CodeIgniter->runController(Object(App\Controllers\User))
 3 SYSTEMPATH\CodeIgniter.php(340): CodeIgniter\CodeIgniter->handleRequest(null, Object(Config\Cache), false)
 4 FCPATH\index.php(67): CodeIgniter\CodeIgniter->run()
CRITICAL - 2022-09-19 10:08:41 --> Call to undefined method CodeIgniter\Database\MySQLi\Result::count_all_results()
in APPPATH\Controllers\User.php on line 39.
 1 SYSTEMPATH\CodeIgniter.php(907): App\Controllers\User->index()
 2 SYSTEMPATH\CodeIgniter.php(457): CodeIgniter\CodeIgniter->runController(Object(App\Controllers\User))
 3 SYSTEMPATH\CodeIgniter.php(340): CodeIgniter\CodeIgniter->handleRequest(null, Object(Config\Cache), false)
 4 FCPATH\index.php(67): CodeIgniter\CodeIgniter->run()
CRITICAL - 2022-09-19 10:11:30 --> Call to undefined method CodeIgniter\Database\MySQLi\Result::count_all_results()
in APPPATH\Controllers\User.php on line 39.
 1 SYSTEMPATH\CodeIgniter.php(907): App\Controllers\User->index()
 2 SYSTEMPATH\CodeIgniter.php(457): CodeIgniter\CodeIgniter->runController(Object(App\Controllers\User))
 3 SYSTEMPATH\CodeIgniter.php(340): CodeIgniter\CodeIgniter->handleRequest(null, Object(Config\Cache), false)
 4 FCPATH\index.php(67): CodeIgniter\CodeIgniter->run()
CRITICAL - 2022-09-19 10:17:42 --> Invalid file: pages/assets.php
in SYSTEMPATH\Exceptions\FrameworkException.php on line 33.
 1 SYSTEMPATH\View\View.php(201): CodeIgniter\Exceptions\FrameworkException::forInvalidFile('pages/assets.php')
 2 SYSTEMPATH\Common.php(1142): CodeIgniter\View\View->render('pages/assets', [], true)
 3 APPPATH\Controllers\Pages.php(28): view('pages/assets', [...])
 4 SYSTEMPATH\CodeIgniter.php(907): App\Controllers\Pages->view('FCPATH\\assets', 'back', 'webfonts', 'fa-solid-900.woff2')
 5 SYSTEMPATH\CodeIgniter.php(457): CodeIgniter\CodeIgniter->runController(Object(App\Controllers\Pages))
 6 SYSTEMPATH\CodeIgniter.php(340): CodeIgniter\CodeIgniter->handleRequest(null, Object(Config\Cache), false)
 7 FCPATH\index.php(67): CodeIgniter\CodeIgniter->run()
CRITICAL - 2022-09-19 10:17:42 --> Invalid file: pages/__service-worker.js
in SYSTEMPATH\Exceptions\FrameworkException.php on line 33.
 1 SYSTEMPATH\View\View.php(201): CodeIgniter\Exceptions\FrameworkException::forInvalidFile('pages/__service-worker.js')
 2 SYSTEMPATH\Common.php(1142): CodeIgniter\View\View->render('pages/__service-worker.js', [], true)
 3 APPPATH\Controllers\Pages.php(28): view('pages/__service-worker.js', [...])
 4 SYSTEMPATH\CodeIgniter.php(907): App\Controllers\Pages->view('__service-worker.js')
 5 SYSTEMPATH\CodeIgniter.php(457): CodeIgniter\CodeIgniter->runController(Object(App\Controllers\Pages))
 6 SYSTEMPATH\CodeIgniter.php(340): CodeIgniter\CodeIgniter->handleRequest(null, Object(Config\Cache), false)
 7 FCPATH\index.php(67): CodeIgniter\CodeIgniter->run()
CRITICAL - 2022-09-19 10:17:42 --> Invalid file: pages/assets.php
in SYSTEMPATH\Exceptions\FrameworkException.php on line 33.
 1 SYSTEMPATH\View\View.php(201): CodeIgniter\Exceptions\FrameworkException::forInvalidFile('pages/assets.php')
 2 SYSTEMPATH\Common.php(1142): CodeIgniter\View\View->render('pages/assets', [], true)
 3 APPPATH\Controllers\Pages.php(28): view('pages/assets', [...])
 4 SYSTEMPATH\CodeIgniter.php(907): App\Controllers\Pages->view('FCPATH\\assets', 'back', 'webfonts', 'fa-solid-900.woff')
 5 SYSTEMPATH\CodeIgniter.php(457): CodeIgniter\CodeIgniter->runController(Object(App\Controllers\Pages))
 6 SYSTEMPATH\CodeIgniter.php(340): CodeIgniter\CodeIgniter->handleRequest(null, Object(Config\Cache), false)
 7 FCPATH\index.php(67): CodeIgniter\CodeIgniter->run()
CRITICAL - 2022-09-19 10:17:43 --> Invalid file: pages/assets.php
in SYSTEMPATH\Exceptions\FrameworkException.php on line 33.
 1 SYSTEMPATH\View\View.php(201): CodeIgniter\Exceptions\FrameworkException::forInvalidFile('pages/assets.php')
 2 SYSTEMPATH\Common.php(1142): CodeIgniter\View\View->render('pages/assets', [], true)
 3 APPPATH\Controllers\Pages.php(28): view('pages/assets', [...])
 4 SYSTEMPATH\CodeIgniter.php(907): App\Controllers\Pages->view('FCPATH\\assets', 'back', 'webfonts', 'fa-solid-900.ttf')
 5 SYSTEMPATH\CodeIgniter.php(457): CodeIgniter\CodeIgniter->runController(Object(App\Controllers\Pages))
 6 SYSTEMPATH\CodeIgniter.php(340): CodeIgniter\CodeIgniter->handleRequest(null, Object(Config\Cache), false)
 7 FCPATH\index.php(67): CodeIgniter\CodeIgniter->run()
CRITICAL - 2022-09-19 10:19:06 --> Call to undefined method CodeIgniter\Database\MySQLi\Result::countAll()
in APPPATH\Controllers\User.php on line 38.
 1 SYSTEMPATH\CodeIgniter.php(907): App\Controllers\User->index()
 2 SYSTEMPATH\CodeIgniter.php(457): CodeIgniter\CodeIgniter->runController(Object(App\Controllers\User))
 3 SYSTEMPATH\CodeIgniter.php(340): CodeIgniter\CodeIgniter->handleRequest(null, Object(Config\Cache), false)
 4 FCPATH\index.php(67): CodeIgniter\CodeIgniter->run()
CRITICAL - 2022-09-19 10:21:45 --> Invalid file: pages/assets.php
in SYSTEMPATH\Exceptions\FrameworkException.php on line 33.
 1 SYSTEMPATH\View\View.php(201): CodeIgniter\Exceptions\FrameworkException::forInvalidFile('pages/assets.php')
 2 SYSTEMPATH\Common.php(1142): CodeIgniter\View\View->render('pages/assets', [], true)
 3 APPPATH\Controllers\Pages.php(28): view('pages/assets', [...])
 4 SYSTEMPATH\CodeIgniter.php(907): App\Controllers\Pages->view('FCPATH\\assets', 'back', 'webfonts', 'fa-solid-900.woff2')
 5 SYSTEMPATH\CodeIgniter.php(457): CodeIgniter\CodeIgniter->runController(Object(App\Controllers\Pages))
 6 SYSTEMPATH\CodeIgniter.php(340): CodeIgniter\CodeIgniter->handleRequest(null, Object(Config\Cache), false)
 7 FCPATH\index.php(67): CodeIgniter\CodeIgniter->run()
CRITICAL - 2022-09-19 10:21:45 --> Invalid file: pages/__service-worker.js
in SYSTEMPATH\Exceptions\FrameworkException.php on line 33.
 1 SYSTEMPATH\View\View.php(201): CodeIgniter\Exceptions\FrameworkException::forInvalidFile('pages/__service-worker.js')
 2 SYSTEMPATH\Common.php(1142): CodeIgniter\View\View->render('pages/__service-worker.js', [], true)
 3 APPPATH\Controllers\Pages.php(28): view('pages/__service-worker.js', [...])
 4 SYSTEMPATH\CodeIgniter.php(907): App\Controllers\Pages->view('__service-worker.js')
 5 SYSTEMPATH\CodeIgniter.php(457): CodeIgniter\CodeIgniter->runController(Object(App\Controllers\Pages))
 6 SYSTEMPATH\CodeIgniter.php(340): CodeIgniter\CodeIgniter->handleRequest(null, Object(Config\Cache), false)
 7 FCPATH\index.php(67): CodeIgniter\CodeIgniter->run()
CRITICAL - 2022-09-19 10:21:45 --> Invalid file: pages/assets.php
in SYSTEMPATH\Exceptions\FrameworkException.php on line 33.
 1 SYSTEMPATH\View\View.php(201): CodeIgniter\Exceptions\FrameworkException::forInvalidFile('pages/assets.php')
 2 SYSTEMPATH\Common.php(1142): CodeIgniter\View\View->render('pages/assets', [], true)
 3 APPPATH\Controllers\Pages.php(28): view('pages/assets', [...])
 4 SYSTEMPATH\CodeIgniter.php(907): App\Controllers\Pages->view('FCPATH\\assets', 'back', 'webfonts', 'fa-solid-900.woff')
 5 SYSTEMPATH\CodeIgniter.php(457): CodeIgniter\CodeIgniter->runController(Object(App\Controllers\Pages))
 6 SYSTEMPATH\CodeIgniter.php(340): CodeIgniter\CodeIgniter->handleRequest(null, Object(Config\Cache), false)
 7 FCPATH\index.php(67): CodeIgniter\CodeIgniter->run()
CRITICAL - 2022-09-19 10:21:45 --> Invalid file: pages/assets.php
in SYSTEMPATH\Exceptions\FrameworkException.php on line 33.
 1 SYSTEMPATH\View\View.php(201): CodeIgniter\Exceptions\FrameworkException::forInvalidFile('pages/assets.php')
 2 SYSTEMPATH\Common.php(1142): CodeIgniter\View\View->render('pages/assets', [], true)
 3 APPPATH\Controllers\Pages.php(28): view('pages/assets', [...])
 4 SYSTEMPATH\CodeIgniter.php(907): App\Controllers\Pages->view('FCPATH\\assets', 'back', 'webfonts', 'fa-solid-900.ttf')
 5 SYSTEMPATH\CodeIgniter.php(457): CodeIgniter\CodeIgniter->runController(Object(App\Controllers\Pages))
 6 SYSTEMPATH\CodeIgniter.php(340): CodeIgniter\CodeIgniter->handleRequest(null, Object(Config\Cache), false)
 7 FCPATH\index.php(67): CodeIgniter\CodeIgniter->run()
CRITICAL - 2022-09-19 10:22:42 --> Invalid file: pages/__service-worker.js
in SYSTEMPATH\Exceptions\FrameworkException.php on line 33.
 1 SYSTEMPATH\View\View.php(201): CodeIgniter\Exceptions\FrameworkException::forInvalidFile('pages/__service-worker.js')
 2 SYSTEMPATH\Common.php(1142): CodeIgniter\View\View->render('pages/__service-worker.js', [], true)
 3 APPPATH\Controllers\Pages.php(28): view('pages/__service-worker.js', [...])
 4 SYSTEMPATH\CodeIgniter.php(907): App\Controllers\Pages->view('__service-worker.js')
 5 SYSTEMPATH\CodeIgniter.php(457): CodeIgniter\CodeIgniter->runController(Object(App\Controllers\Pages))
 6 SYSTEMPATH\CodeIgniter.php(340): CodeIgniter\CodeIgniter->handleRequest(null, Object(Config\Cache), false)
 7 FCPATH\index.php(67): CodeIgniter\CodeIgniter->run()
CRITICAL - 2022-09-19 10:22:42 --> Invalid file: pages/assets.php
in SYSTEMPATH\Exceptions\FrameworkException.php on line 33.
 1 SYSTEMPATH\View\View.php(201): CodeIgniter\Exceptions\FrameworkException::forInvalidFile('pages/assets.php')
 2 SYSTEMPATH\Common.php(1142): CodeIgniter\View\View->render('pages/assets', [], true)
 3 APPPATH\Controllers\Pages.php(28): view('pages/assets', [...])
 4 SYSTEMPATH\CodeIgniter.php(907): App\Controllers\Pages->view('FCPATH\\assets', 'back', 'webfonts', 'fa-solid-900.woff2')
 5 SYSTEMPATH\CodeIgniter.php(457): CodeIgniter\CodeIgniter->runController(Object(App\Controllers\Pages))
 6 SYSTEMPATH\CodeIgniter.php(340): CodeIgniter\CodeIgniter->handleRequest(null, Object(Config\Cache), false)
 7 FCPATH\index.php(67): CodeIgniter\CodeIgniter->run()
CRITICAL - 2022-09-19 10:22:42 --> Invalid file: pages/assets.php
in SYSTEMPATH\Exceptions\FrameworkException.php on line 33.
 1 SYSTEMPATH\View\View.php(201): CodeIgniter\Exceptions\FrameworkException::forInvalidFile('pages/assets.php')
 2 SYSTEMPATH\Common.php(1142): CodeIgniter\View\View->render('pages/assets', [], true)
 3 APPPATH\Controllers\Pages.php(28): view('pages/assets', [...])
 4 SYSTEMPATH\CodeIgniter.php(907): App\Controllers\Pages->view('FCPATH\\assets', 'back', 'webfonts', 'fa-solid-900.woff')
 5 SYSTEMPATH\CodeIgniter.php(457): CodeIgniter\CodeIgniter->runController(Object(App\Controllers\Pages))
 6 SYSTEMPATH\CodeIgniter.php(340): CodeIgniter\CodeIgniter->handleRequest(null, Object(Config\Cache), false)
 7 FCPATH\index.php(67): CodeIgniter\CodeIgniter->run()
CRITICAL - 2022-09-19 10:22:42 --> Invalid file: pages/assets.php
in SYSTEMPATH\Exceptions\FrameworkException.php on line 33.
 1 SYSTEMPATH\View\View.php(201): CodeIgniter\Exceptions\FrameworkException::forInvalidFile('pages/assets.php')
 2 SYSTEMPATH\Common.php(1142): CodeIgniter\View\View->render('pages/assets', [], true)
 3 APPPATH\Controllers\Pages.php(28): view('pages/assets', [...])
 4 SYSTEMPATH\CodeIgniter.php(907): App\Controllers\Pages->view('FCPATH\\assets', 'back', 'webfonts', 'fa-solid-900.ttf')
 5 SYSTEMPATH\CodeIgniter.php(457): CodeIgniter\CodeIgniter->runController(Object(App\Controllers\Pages))
 6 SYSTEMPATH\CodeIgniter.php(340): CodeIgniter\CodeIgniter->handleRequest(null, Object(Config\Cache), false)
 7 FCPATH\index.php(67): CodeIgniter\CodeIgniter->run()
CRITICAL - 2022-09-19 10:23:07 --> Invalid file: pages/assets.php
in SYSTEMPATH\Exceptions\FrameworkException.php on line 33.
 1 SYSTEMPATH\View\View.php(201): CodeIgniter\Exceptions\FrameworkException::forInvalidFile('pages/assets.php')
 2 SYSTEMPATH\Common.php(1142): CodeIgniter\View\View->render('pages/assets', [], true)
 3 APPPATH\Controllers\Pages.php(28): view('pages/assets', [...])
 4 SYSTEMPATH\CodeIgniter.php(907): App\Controllers\Pages->view('FCPATH\\assets', 'back', 'webfonts', 'fa-solid-900.woff2')
 5 SYSTEMPATH\CodeIgniter.php(457): CodeIgniter\CodeIgniter->runController(Object(App\Controllers\Pages))
 6 SYSTEMPATH\CodeIgniter.php(340): CodeIgniter\CodeIgniter->handleRequest(null, Object(Config\Cache), false)
 7 FCPATH\index.php(67): CodeIgniter\CodeIgniter->run()
CRITICAL - 2022-09-19 10:23:08 --> Invalid file: pages/__service-worker.js
in SYSTEMPATH\Exceptions\FrameworkException.php on line 33.
 1 SYSTEMPATH\View\View.php(201): CodeIgniter\Exceptions\FrameworkException::forInvalidFile('pages/__service-worker.js')
 2 SYSTEMPATH\Common.php(1142): CodeIgniter\View\View->render('pages/__service-worker.js', [], true)
 3 APPPATH\Controllers\Pages.php(28): view('pages/__service-worker.js', [...])
 4 SYSTEMPATH\CodeIgniter.php(907): App\Controllers\Pages->view('__service-worker.js')
 5 SYSTEMPATH\CodeIgniter.php(457): CodeIgniter\CodeIgniter->runController(Object(App\Controllers\Pages))
 6 SYSTEMPATH\CodeIgniter.php(340): CodeIgniter\CodeIgniter->handleRequest(null, Object(Config\Cache), false)
 7 FCPATH\index.php(67): CodeIgniter\CodeIgniter->run()
CRITICAL - 2022-09-19 10:23:08 --> Invalid file: pages/assets.php
in SYSTEMPATH\Exceptions\FrameworkException.php on line 33.
 1 SYSTEMPATH\View\View.php(201): CodeIgniter\Exceptions\FrameworkException::forInvalidFile('pages/assets.php')
 2 SYSTEMPATH\Common.php(1142): CodeIgniter\View\View->render('pages/assets', [], true)
 3 APPPATH\Controllers\Pages.php(28): view('pages/assets', [...])
 4 SYSTEMPATH\CodeIgniter.php(907): App\Controllers\Pages->view('FCPATH\\assets', 'back', 'webfonts', 'fa-solid-900.woff')
 5 SYSTEMPATH\CodeIgniter.php(457): CodeIgniter\CodeIgniter->runController(Object(App\Controllers\Pages))
 6 SYSTEMPATH\CodeIgniter.php(340): CodeIgniter\CodeIgniter->handleRequest(null, Object(Config\Cache), false)
 7 FCPATH\index.php(67): CodeIgniter\CodeIgniter->run()
CRITICAL - 2022-09-19 10:23:08 --> Invalid file: pages/assets.php
in SYSTEMPATH\Exceptions\FrameworkException.php on line 33.
 1 SYSTEMPATH\View\View.php(201): CodeIgniter\Exceptions\FrameworkException::forInvalidFile('pages/assets.php')
 2 SYSTEMPATH\Common.php(1142): CodeIgniter\View\View->render('pages/assets', [], true)
 3 APPPATH\Controllers\Pages.php(28): view('pages/assets', [...])
 4 SYSTEMPATH\CodeIgniter.php(907): App\Controllers\Pages->view('FCPATH\\assets', 'back', 'webfonts', 'fa-solid-900.ttf')
 5 SYSTEMPATH\CodeIgniter.php(457): CodeIgniter\CodeIgniter->runController(Object(App\Controllers\Pages))
 6 SYSTEMPATH\CodeIgniter.php(340): CodeIgniter\CodeIgniter->handleRequest(null, Object(Config\Cache), false)
 7 FCPATH\index.php(67): CodeIgniter\CodeIgniter->run()
CRITICAL - 2022-09-19 10:23:51 --> Invalid file: pages/assets.php
in SYSTEMPATH\Exceptions\FrameworkException.php on line 33.
 1 SYSTEMPATH\View\View.php(201): CodeIgniter\Exceptions\FrameworkException::forInvalidFile('pages/assets.php')
 2 SYSTEMPATH\Common.php(1142): CodeIgniter\View\View->render('pages/assets', [], true)
 3 APPPATH\Controllers\Pages.php(28): view('pages/assets', [...])
 4 SYSTEMPATH\CodeIgniter.php(907): App\Controllers\Pages->view('FCPATH\\assets', 'back', 'webfonts', 'fa-solid-900.woff2')
 5 SYSTEMPATH\CodeIgniter.php(457): CodeIgniter\CodeIgniter->runController(Object(App\Controllers\Pages))
 6 SYSTEMPATH\CodeIgniter.php(340): CodeIgniter\CodeIgniter->handleRequest(null, Object(Config\Cache), false)
 7 FCPATH\index.php(67): CodeIgniter\CodeIgniter->run()
CRITICAL - 2022-09-19 10:23:51 --> Invalid file: pages/__service-worker.js
in SYSTEMPATH\Exceptions\FrameworkException.php on line 33.
 1 SYSTEMPATH\View\View.php(201): CodeIgniter\Exceptions\FrameworkException::forInvalidFile('pages/__service-worker.js')
 2 SYSTEMPATH\Common.php(1142): CodeIgniter\View\View->render('pages/__service-worker.js', [], true)
 3 APPPATH\Controllers\Pages.php(28): view('pages/__service-worker.js', [...])
 4 SYSTEMPATH\CodeIgniter.php(907): App\Controllers\Pages->view('__service-worker.js')
 5 SYSTEMPATH\CodeIgniter.php(457): CodeIgniter\CodeIgniter->runController(Object(App\Controllers\Pages))
 6 SYSTEMPATH\CodeIgniter.php(340): CodeIgniter\CodeIgniter->handleRequest(null, Object(Config\Cache), false)
 7 FCPATH\index.php(67): CodeIgniter\CodeIgniter->run()
CRITICAL - 2022-09-19 10:23:52 --> Invalid file: pages/assets.php
in SYSTEMPATH\Exceptions\FrameworkException.php on line 33.
 1 SYSTEMPATH\View\View.php(201): CodeIgniter\Exceptions\FrameworkException::forInvalidFile('pages/assets.php')
 2 SYSTEMPATH\Common.php(1142): CodeIgniter\View\View->render('pages/assets', [], true)
 3 APPPATH\Controllers\Pages.php(28): view('pages/assets', [...])
 4 SYSTEMPATH\CodeIgniter.php(907): App\Controllers\Pages->view('FCPATH\\assets', 'back', 'webfonts', 'fa-solid-900.woff')
 5 SYSTEMPATH\CodeIgniter.php(457): CodeIgniter\CodeIgniter->runController(Object(App\Controllers\Pages))
 6 SYSTEMPATH\CodeIgniter.php(340): CodeIgniter\CodeIgniter->handleRequest(null, Object(Config\Cache), false)
 7 FCPATH\index.php(67): CodeIgniter\CodeIgniter->run()
CRITICAL - 2022-09-19 10:23:52 --> Invalid file: pages/assets.php
in SYSTEMPATH\Exceptions\FrameworkException.php on line 33.
 1 SYSTEMPATH\View\View.php(201): CodeIgniter\Exceptions\FrameworkException::forInvalidFile('pages/assets.php')
 2 SYSTEMPATH\Common.php(1142): CodeIgniter\View\View->render('pages/assets', [], true)
 3 APPPATH\Controllers\Pages.php(28): view('pages/assets', [...])
 4 SYSTEMPATH\CodeIgniter.php(907): App\Controllers\Pages->view('FCPATH\\assets', 'back', 'webfonts', 'fa-solid-900.ttf')
 5 SYSTEMPATH\CodeIgniter.php(457): CodeIgniter\CodeIgniter->runController(Object(App\Controllers\Pages))
 6 SYSTEMPATH\CodeIgniter.php(340): CodeIgniter\CodeIgniter->handleRequest(null, Object(Config\Cache), false)
 7 FCPATH\index.php(67): CodeIgniter\CodeIgniter->run()
CRITICAL - 2022-09-19 10:24:04 --> Invalid file: pages/assets.php
in SYSTEMPATH\Exceptions\FrameworkException.php on line 33.
 1 SYSTEMPATH\View\View.php(201): CodeIgniter\Exceptions\FrameworkException::forInvalidFile('pages/assets.php')
 2 SYSTEMPATH\Common.php(1142): CodeIgniter\View\View->render('pages/assets', [], true)
 3 APPPATH\Controllers\Pages.php(28): view('pages/assets', [...])
 4 SYSTEMPATH\CodeIgniter.php(907): App\Controllers\Pages->view('FCPATH\\assets', 'back', 'webfonts', 'fa-solid-900.woff2')
 5 SYSTEMPATH\CodeIgniter.php(457): CodeIgniter\CodeIgniter->runController(Object(App\Controllers\Pages))
 6 SYSTEMPATH\CodeIgniter.php(340): CodeIgniter\CodeIgniter->handleRequest(null, Object(Config\Cache), false)
 7 FCPATH\index.php(67): CodeIgniter\CodeIgniter->run()
CRITICAL - 2022-09-19 10:24:04 --> Invalid file: pages/__service-worker.js
in SYSTEMPATH\Exceptions\FrameworkException.php on line 33.
 1 SYSTEMPATH\View\View.php(201): CodeIgniter\Exceptions\FrameworkException::forInvalidFile('pages/__service-worker.js')
 2 SYSTEMPATH\Common.php(1142): CodeIgniter\View\View->render('pages/__service-worker.js', [], true)
 3 APPPATH\Controllers\Pages.php(28): view('pages/__service-worker.js', [...])
 4 SYSTEMPATH\CodeIgniter.php(907): App\Controllers\Pages->view('__service-worker.js')
 5 SYSTEMPATH\CodeIgniter.php(457): CodeIgniter\CodeIgniter->runController(Object(App\Controllers\Pages))
 6 SYSTEMPATH\CodeIgniter.php(340): CodeIgniter\CodeIgniter->handleRequest(null, Object(Config\Cache), false)
 7 FCPATH\index.php(67): CodeIgniter\CodeIgniter->run()
CRITICAL - 2022-09-19 10:24:04 --> Invalid file: pages/assets.php
in SYSTEMPATH\Exceptions\FrameworkException.php on line 33.
 1 SYSTEMPATH\View\View.php(201): CodeIgniter\Exceptions\FrameworkException::forInvalidFile('pages/assets.php')
 2 SYSTEMPATH\Common.php(1142): CodeIgniter\View\View->render('pages/assets', [], true)
 3 APPPATH\Controllers\Pages.php(28): view('pages/assets', [...])
 4 SYSTEMPATH\CodeIgniter.php(907): App\Controllers\Pages->view('FCPATH\\assets', 'back', 'webfonts', 'fa-solid-900.woff')
 5 SYSTEMPATH\CodeIgniter.php(457): CodeIgniter\CodeIgniter->runController(Object(App\Controllers\Pages))
 6 SYSTEMPATH\CodeIgniter.php(340): CodeIgniter\CodeIgniter->handleRequest(null, Object(Config\Cache), false)
 7 FCPATH\index.php(67): CodeIgniter\CodeIgniter->run()
CRITICAL - 2022-09-19 10:24:04 --> Invalid file: pages/assets.php
in SYSTEMPATH\Exceptions\FrameworkException.php on line 33.
 1 SYSTEMPATH\View\View.php(201): CodeIgniter\Exceptions\FrameworkException::forInvalidFile('pages/assets.php')
 2 SYSTEMPATH\Common.php(1142): CodeIgniter\View\View->render('pages/assets', [], true)
 3 APPPATH\Controllers\Pages.php(28): view('pages/assets', [...])
 4 SYSTEMPATH\CodeIgniter.php(907): App\Controllers\Pages->view('FCPATH\\assets', 'back', 'webfonts', 'fa-solid-900.ttf')
 5 SYSTEMPATH\CodeIgniter.php(457): CodeIgniter\CodeIgniter->runController(Object(App\Controllers\Pages))
 6 SYSTEMPATH\CodeIgniter.php(340): CodeIgniter\CodeIgniter->handleRequest(null, Object(Config\Cache), false)
 7 FCPATH\index.php(67): CodeIgniter\CodeIgniter->run()
CRITICAL - 2022-09-19 10:26:41 --> Undefined variable: nt
in APPPATH\Controllers\User.php on line 52.
 1 APPPATH\Controllers\User.php(52): CodeIgniter\Debug\Exceptions->errorHandler(8, 'Undefined variable: nt', 'APPPATH\\Controllers\\User.php', 52, [...])
 2 SYSTEMPATH\CodeIgniter.php(907): App\Controllers\User->index()
 3 SYSTEMPATH\CodeIgniter.php(457): CodeIgniter\CodeIgniter->runController(Object(App\Controllers\User))
 4 SYSTEMPATH\CodeIgniter.php(340): CodeIgniter\CodeIgniter->handleRequest(null, Object(Config\Cache), false)
 5 FCPATH\index.php(67): CodeIgniter\CodeIgniter->run()
CRITICAL - 2022-09-19 10:27:02 --> Invalid file: pages/assets.php
in SYSTEMPATH\Exceptions\FrameworkException.php on line 33.
 1 SYSTEMPATH\View\View.php(201): CodeIgniter\Exceptions\FrameworkException::forInvalidFile('pages/assets.php')
 2 SYSTEMPATH\Common.php(1142): CodeIgniter\View\View->render('pages/assets', [], true)
 3 APPPATH\Controllers\Pages.php(28): view('pages/assets', [...])
 4 SYSTEMPATH\CodeIgniter.php(907): App\Controllers\Pages->view('FCPATH\\assets', 'back', 'webfonts', 'fa-solid-900.woff2')
 5 SYSTEMPATH\CodeIgniter.php(457): CodeIgniter\CodeIgniter->runController(Object(App\Controllers\Pages))
 6 SYSTEMPATH\CodeIgniter.php(340): CodeIgniter\CodeIgniter->handleRequest(null, Object(Config\Cache), false)
 7 FCPATH\index.php(67): CodeIgniter\CodeIgniter->run()
CRITICAL - 2022-09-19 10:27:02 --> Invalid file: pages/__service-worker.js
in SYSTEMPATH\Exceptions\FrameworkException.php on line 33.
 1 SYSTEMPATH\View\View.php(201): CodeIgniter\Exceptions\FrameworkException::forInvalidFile('pages/__service-worker.js')
 2 SYSTEMPATH\Common.php(1142): CodeIgniter\View\View->render('pages/__service-worker.js', [], true)
 3 APPPATH\Controllers\Pages.php(28): view('pages/__service-worker.js', [...])
 4 SYSTEMPATH\CodeIgniter.php(907): App\Controllers\Pages->view('__service-worker.js')
 5 SYSTEMPATH\CodeIgniter.php(457): CodeIgniter\CodeIgniter->runController(Object(App\Controllers\Pages))
 6 SYSTEMPATH\CodeIgniter.php(340): CodeIgniter\CodeIgniter->handleRequest(null, Object(Config\Cache), false)
 7 FCPATH\index.php(67): CodeIgniter\CodeIgniter->run()
CRITICAL - 2022-09-19 10:27:02 --> Invalid file: pages/assets.php
in SYSTEMPATH\Exceptions\FrameworkException.php on line 33.
 1 SYSTEMPATH\View\View.php(201): CodeIgniter\Exceptions\FrameworkException::forInvalidFile('pages/assets.php')
 2 SYSTEMPATH\Common.php(1142): CodeIgniter\View\View->render('pages/assets', [], true)
 3 APPPATH\Controllers\Pages.php(28): view('pages/assets', [...])
 4 SYSTEMPATH\CodeIgniter.php(907): App\Controllers\Pages->view('FCPATH\\assets', 'back', 'webfonts', 'fa-solid-900.woff')
 5 SYSTEMPATH\CodeIgniter.php(457): CodeIgniter\CodeIgniter->runController(Object(App\Controllers\Pages))
 6 SYSTEMPATH\CodeIgniter.php(340): CodeIgniter\CodeIgniter->handleRequest(null, Object(Config\Cache), false)
 7 FCPATH\index.php(67): CodeIgniter\CodeIgniter->run()
CRITICAL - 2022-09-19 10:27:02 --> Invalid file: pages/assets.php
in SYSTEMPATH\Exceptions\FrameworkException.php on line 33.
 1 SYSTEMPATH\View\View.php(201): CodeIgniter\Exceptions\FrameworkException::forInvalidFile('pages/assets.php')
 2 SYSTEMPATH\Common.php(1142): CodeIgniter\View\View->render('pages/assets', [], true)
 3 APPPATH\Controllers\Pages.php(28): view('pages/assets', [...])
 4 SYSTEMPATH\CodeIgniter.php(907): App\Controllers\Pages->view('FCPATH\\assets', 'back', 'webfonts', 'fa-solid-900.ttf')
 5 SYSTEMPATH\CodeIgniter.php(457): CodeIgniter\CodeIgniter->runController(Object(App\Controllers\Pages))
 6 SYSTEMPATH\CodeIgniter.php(340): CodeIgniter\CodeIgniter->handleRequest(null, Object(Config\Cache), false)
 7 FCPATH\index.php(67): CodeIgniter\CodeIgniter->run()
CRITICAL - 2022-09-19 10:27:48 --> Invalid file: pages/__service-worker.js
in SYSTEMPATH\Exceptions\FrameworkException.php on line 33.
 1 SYSTEMPATH\View\View.php(201): CodeIgniter\Exceptions\FrameworkException::forInvalidFile('pages/__service-worker.js')
 2 SYSTEMPATH\Common.php(1142): CodeIgniter\View\View->render('pages/__service-worker.js', [], true)
 3 APPPATH\Controllers\Pages.php(28): view('pages/__service-worker.js', [...])
 4 SYSTEMPATH\CodeIgniter.php(907): App\Controllers\Pages->view('__service-worker.js')
 5 SYSTEMPATH\CodeIgniter.php(457): CodeIgniter\CodeIgniter->runController(Object(App\Controllers\Pages))
 6 SYSTEMPATH\CodeIgniter.php(340): CodeIgniter\CodeIgniter->handleRequest(null, Object(Config\Cache), false)
 7 FCPATH\index.php(67): CodeIgniter\CodeIgniter->run()
CRITICAL - 2022-09-19 10:27:49 --> Invalid file: pages/assets.php
in SYSTEMPATH\Exceptions\FrameworkException.php on line 33.
 1 SYSTEMPATH\View\View.php(201): CodeIgniter\Exceptions\FrameworkException::forInvalidFile('pages/assets.php')
 2 SYSTEMPATH\Common.php(1142): CodeIgniter\View\View->render('pages/assets', [], true)
 3 APPPATH\Controllers\Pages.php(28): view('pages/assets', [...])
 4 SYSTEMPATH\CodeIgniter.php(907): App\Controllers\Pages->view('FCPATH\\assets', 'back', 'webfonts', 'fa-solid-900.woff2')
 5 SYSTEMPATH\CodeIgniter.php(457): CodeIgniter\CodeIgniter->runController(Object(App\Controllers\Pages))
 6 SYSTEMPATH\CodeIgniter.php(340): CodeIgniter\CodeIgniter->handleRequest(null, Object(Config\Cache), false)
 7 FCPATH\index.php(67): CodeIgniter\CodeIgniter->run()
CRITICAL - 2022-09-19 10:27:49 --> Invalid file: pages/assets.php
in SYSTEMPATH\Exceptions\FrameworkException.php on line 33.
 1 SYSTEMPATH\View\View.php(201): CodeIgniter\Exceptions\FrameworkException::forInvalidFile('pages/assets.php')
 2 SYSTEMPATH\Common.php(1142): CodeIgniter\View\View->render('pages/assets', [], true)
 3 APPPATH\Controllers\Pages.php(28): view('pages/assets', [...])
 4 SYSTEMPATH\CodeIgniter.php(907): App\Controllers\Pages->view('FCPATH\\assets', 'back', 'webfonts', 'fa-solid-900.woff')
 5 SYSTEMPATH\CodeIgniter.php(457): CodeIgniter\CodeIgniter->runController(Object(App\Controllers\Pages))
 6 SYSTEMPATH\CodeIgniter.php(340): CodeIgniter\CodeIgniter->handleRequest(null, Object(Config\Cache), false)
 7 FCPATH\index.php(67): CodeIgniter\CodeIgniter->run()
CRITICAL - 2022-09-19 10:27:49 --> Invalid file: pages/assets.php
in SYSTEMPATH\Exceptions\FrameworkException.php on line 33.
 1 SYSTEMPATH\View\View.php(201): CodeIgniter\Exceptions\FrameworkException::forInvalidFile('pages/assets.php')
 2 SYSTEMPATH\Common.php(1142): CodeIgniter\View\View->render('pages/assets', [], true)
 3 APPPATH\Controllers\Pages.php(28): view('pages/assets', [...])
 4 SYSTEMPATH\CodeIgniter.php(907): App\Controllers\Pages->view('FCPATH\\assets', 'back', 'webfonts', 'fa-solid-900.ttf')
 5 SYSTEMPATH\CodeIgniter.php(457): CodeIgniter\CodeIgniter->runController(Object(App\Controllers\Pages))
 6 SYSTEMPATH\CodeIgniter.php(340): CodeIgniter\CodeIgniter->handleRequest(null, Object(Config\Cache), false)
 7 FCPATH\index.php(67): CodeIgniter\CodeIgniter->run()
CRITICAL - 2022-09-19 10:30:28 --> Invalid file: pages/__service-worker.js
in SYSTEMPATH\Exceptions\FrameworkException.php on line 33.
 1 SYSTEMPATH\View\View.php(201): CodeIgniter\Exceptions\FrameworkException::forInvalidFile('pages/__service-worker.js')
 2 SYSTEMPATH\Common.php(1142): CodeIgniter\View\View->render('pages/__service-worker.js', [], true)
 3 APPPATH\Controllers\Pages.php(28): view('pages/__service-worker.js', [...])
 4 SYSTEMPATH\CodeIgniter.php(907): App\Controllers\Pages->view('__service-worker.js')
 5 SYSTEMPATH\CodeIgniter.php(457): CodeIgniter\CodeIgniter->runController(Object(App\Controllers\Pages))
 6 SYSTEMPATH\CodeIgniter.php(340): CodeIgniter\CodeIgniter->handleRequest(null, Object(Config\Cache), false)
 7 FCPATH\index.php(67): CodeIgniter\CodeIgniter->run()
CRITICAL - 2022-09-19 10:30:29 --> Invalid file: pages/assets.php
in SYSTEMPATH\Exceptions\FrameworkException.php on line 33.
 1 SYSTEMPATH\View\View.php(201): CodeIgniter\Exceptions\FrameworkException::forInvalidFile('pages/assets.php')
 2 SYSTEMPATH\Common.php(1142): CodeIgniter\View\View->render('pages/assets', [], true)
 3 APPPATH\Controllers\Pages.php(28): view('pages/assets', [...])
 4 SYSTEMPATH\CodeIgniter.php(907): App\Controllers\Pages->view('FCPATH\\assets', 'back', 'webfonts', 'fa-solid-900.woff2')
 5 SYSTEMPATH\CodeIgniter.php(457): CodeIgniter\CodeIgniter->runController(Object(App\Controllers\Pages))
 6 SYSTEMPATH\CodeIgniter.php(340): CodeIgniter\CodeIgniter->handleRequest(null, Object(Config\Cache), false)
 7 FCPATH\index.php(67): CodeIgniter\CodeIgniter->run()
CRITICAL - 2022-09-19 10:30:29 --> Invalid file: pages/assets.php
in SYSTEMPATH\Exceptions\FrameworkException.php on line 33.
 1 SYSTEMPATH\View\View.php(201): CodeIgniter\Exceptions\FrameworkException::forInvalidFile('pages/assets.php')
 2 SYSTEMPATH\Common.php(1142): CodeIgniter\View\View->render('pages/assets', [], true)
 3 APPPATH\Controllers\Pages.php(28): view('pages/assets', [...])
 4 SYSTEMPATH\CodeIgniter.php(907): App\Controllers\Pages->view('FCPATH\\assets', 'back', 'webfonts', 'fa-solid-900.woff')
 5 SYSTEMPATH\CodeIgniter.php(457): CodeIgniter\CodeIgniter->runController(Object(App\Controllers\Pages))
 6 SYSTEMPATH\CodeIgniter.php(340): CodeIgniter\CodeIgniter->handleRequest(null, Object(Config\Cache), false)
 7 FCPATH\index.php(67): CodeIgniter\CodeIgniter->run()
CRITICAL - 2022-09-19 10:30:29 --> Invalid file: pages/assets.php
in SYSTEMPATH\Exceptions\FrameworkException.php on line 33.
 1 SYSTEMPATH\View\View.php(201): CodeIgniter\Exceptions\FrameworkException::forInvalidFile('pages/assets.php')
 2 SYSTEMPATH\Common.php(1142): CodeIgniter\View\View->render('pages/assets', [], true)
 3 APPPATH\Controllers\Pages.php(28): view('pages/assets', [...])
 4 SYSTEMPATH\CodeIgniter.php(907): App\Controllers\Pages->view('FCPATH\\assets', 'back', 'webfonts', 'fa-solid-900.ttf')
 5 SYSTEMPATH\CodeIgniter.php(457): CodeIgniter\CodeIgniter->runController(Object(App\Controllers\Pages))
 6 SYSTEMPATH\CodeIgniter.php(340): CodeIgniter\CodeIgniter->handleRequest(null, Object(Config\Cache), false)
 7 FCPATH\index.php(67): CodeIgniter\CodeIgniter->run()
CRITICAL - 2022-09-19 10:30:53 --> Invalid file: pages/__service-worker.js
in SYSTEMPATH\Exceptions\FrameworkException.php on line 33.
 1 SYSTEMPATH\View\View.php(201): CodeIgniter\Exceptions\FrameworkException::forInvalidFile('pages/__service-worker.js')
 2 SYSTEMPATH\Common.php(1142): CodeIgniter\View\View->render('pages/__service-worker.js', [], true)
 3 APPPATH\Controllers\Pages.php(28): view('pages/__service-worker.js', [...])
 4 SYSTEMPATH\CodeIgniter.php(907): App\Controllers\Pages->view('__service-worker.js')
 5 SYSTEMPATH\CodeIgniter.php(457): CodeIgniter\CodeIgniter->runController(Object(App\Controllers\Pages))
 6 SYSTEMPATH\CodeIgniter.php(340): CodeIgniter\CodeIgniter->handleRequest(null, Object(Config\Cache), false)
 7 FCPATH\index.php(67): CodeIgniter\CodeIgniter->run()
CRITICAL - 2022-09-19 10:30:53 --> Invalid file: pages/assets.php
in SYSTEMPATH\Exceptions\FrameworkException.php on line 33.
 1 SYSTEMPATH\View\View.php(201): CodeIgniter\Exceptions\FrameworkException::forInvalidFile('pages/assets.php')
 2 SYSTEMPATH\Common.php(1142): CodeIgniter\View\View->render('pages/assets', [], true)
 3 APPPATH\Controllers\Pages.php(28): view('pages/assets', [...])
 4 SYSTEMPATH\CodeIgniter.php(907): App\Controllers\Pages->view('FCPATH\\assets', 'back', 'webfonts', 'fa-solid-900.woff2')
 5 SYSTEMPATH\CodeIgniter.php(457): CodeIgniter\CodeIgniter->runController(Object(App\Controllers\Pages))
 6 SYSTEMPATH\CodeIgniter.php(340): CodeIgniter\CodeIgniter->handleRequest(null, Object(Config\Cache), false)
 7 FCPATH\index.php(67): CodeIgniter\CodeIgniter->run()
CRITICAL - 2022-09-19 10:30:54 --> Invalid file: pages/assets.php
in SYSTEMPATH\Exceptions\FrameworkException.php on line 33.
 1 SYSTEMPATH\View\View.php(201): CodeIgniter\Exceptions\FrameworkException::forInvalidFile('pages/assets.php')
 2 SYSTEMPATH\Common.php(1142): CodeIgniter\View\View->render('pages/assets', [], true)
 3 APPPATH\Controllers\Pages.php(28): view('pages/assets', [...])
 4 SYSTEMPATH\CodeIgniter.php(907): App\Controllers\Pages->view('FCPATH\\assets', 'back', 'webfonts', 'fa-solid-900.woff')
 5 SYSTEMPATH\CodeIgniter.php(457): CodeIgniter\CodeIgniter->runController(Object(App\Controllers\Pages))
 6 SYSTEMPATH\CodeIgniter.php(340): CodeIgniter\CodeIgniter->handleRequest(null, Object(Config\Cache), false)
 7 FCPATH\index.php(67): CodeIgniter\CodeIgniter->run()
CRITICAL - 2022-09-19 10:30:54 --> Invalid file: pages/assets.php
in SYSTEMPATH\Exceptions\FrameworkException.php on line 33.
 1 SYSTEMPATH\View\View.php(201): CodeIgniter\Exceptions\FrameworkException::forInvalidFile('pages/assets.php')
 2 SYSTEMPATH\Common.php(1142): CodeIgniter\View\View->render('pages/assets', [], true)
 3 APPPATH\Controllers\Pages.php(28): view('pages/assets', [...])
 4 SYSTEMPATH\CodeIgniter.php(907): App\Controllers\Pages->view('FCPATH\\assets', 'back', 'webfonts', 'fa-solid-900.ttf')
 5 SYSTEMPATH\CodeIgniter.php(457): CodeIgniter\CodeIgniter->runController(Object(App\Controllers\Pages))
 6 SYSTEMPATH\CodeIgniter.php(340): CodeIgniter\CodeIgniter->handleRequest(null, Object(Config\Cache), false)
 7 FCPATH\index.php(67): CodeIgniter\CodeIgniter->run()
CRITICAL - 2022-09-19 10:31:31 --> Invalid file: pages/assets.php
in SYSTEMPATH\Exceptions\FrameworkException.php on line 33.
 1 SYSTEMPATH\View\View.php(201): CodeIgniter\Exceptions\FrameworkException::forInvalidFile('pages/assets.php')
 2 SYSTEMPATH\Common.php(1142): CodeIgniter\View\View->render('pages/assets', [], true)
 3 APPPATH\Controllers\Pages.php(28): view('pages/assets', [...])
 4 SYSTEMPATH\CodeIgniter.php(907): App\Controllers\Pages->view('FCPATH\\assets', 'back', 'webfonts', 'fa-solid-900.woff2')
 5 SYSTEMPATH\CodeIgniter.php(457): CodeIgniter\CodeIgniter->runController(Object(App\Controllers\Pages))
 6 SYSTEMPATH\CodeIgniter.php(340): CodeIgniter\CodeIgniter->handleRequest(null, Object(Config\Cache), false)
 7 FCPATH\index.php(67): CodeIgniter\CodeIgniter->run()
CRITICAL - 2022-09-19 10:31:31 --> Invalid file: pages/__service-worker.js
in SYSTEMPATH\Exceptions\FrameworkException.php on line 33.
 1 SYSTEMPATH\View\View.php(201): CodeIgniter\Exceptions\FrameworkException::forInvalidFile('pages/__service-worker.js')
 2 SYSTEMPATH\Common.php(1142): CodeIgniter\View\View->render('pages/__service-worker.js', [], true)
 3 APPPATH\Controllers\Pages.php(28): view('pages/__service-worker.js', [...])
 4 SYSTEMPATH\CodeIgniter.php(907): App\Controllers\Pages->view('__service-worker.js')
 5 SYSTEMPATH\CodeIgniter.php(457): CodeIgniter\CodeIgniter->runController(Object(App\Controllers\Pages))
 6 SYSTEMPATH\CodeIgniter.php(340): CodeIgniter\CodeIgniter->handleRequest(null, Object(Config\Cache), false)
 7 FCPATH\index.php(67): CodeIgniter\CodeIgniter->run()
CRITICAL - 2022-09-19 10:31:32 --> Invalid file: pages/assets.php
in SYSTEMPATH\Exceptions\FrameworkException.php on line 33.
 1 SYSTEMPATH\View\View.php(201): CodeIgniter\Exceptions\FrameworkException::forInvalidFile('pages/assets.php')
 2 SYSTEMPATH\Common.php(1142): CodeIgniter\View\View->render('pages/assets', [], true)
 3 APPPATH\Controllers\Pages.php(28): view('pages/assets', [...])
 4 SYSTEMPATH\CodeIgniter.php(907): App\Controllers\Pages->view('FCPATH\\assets', 'back', 'webfonts', 'fa-solid-900.woff')
 5 SYSTEMPATH\CodeIgniter.php(457): CodeIgniter\CodeIgniter->runController(Object(App\Controllers\Pages))
 6 SYSTEMPATH\CodeIgniter.php(340): CodeIgniter\CodeIgniter->handleRequest(null, Object(Config\Cache), false)
 7 FCPATH\index.php(67): CodeIgniter\CodeIgniter->run()
CRITICAL - 2022-09-19 10:31:32 --> Invalid file: pages/assets.php
in SYSTEMPATH\Exceptions\FrameworkException.php on line 33.
 1 SYSTEMPATH\View\View.php(201): CodeIgniter\Exceptions\FrameworkException::forInvalidFile('pages/assets.php')
 2 SYSTEMPATH\Common.php(1142): CodeIgniter\View\View->render('pages/assets', [], true)
 3 APPPATH\Controllers\Pages.php(28): view('pages/assets', [...])
 4 SYSTEMPATH\CodeIgniter.php(907): App\Controllers\Pages->view('FCPATH\\assets', 'back', 'webfonts', 'fa-solid-900.ttf')
 5 SYSTEMPATH\CodeIgniter.php(457): CodeIgniter\CodeIgniter->runController(Object(App\Controllers\Pages))
 6 SYSTEMPATH\CodeIgniter.php(340): CodeIgniter\CodeIgniter->handleRequest(null, Object(Config\Cache), false)
 7 FCPATH\index.php(67): CodeIgniter\CodeIgniter->run()
CRITICAL - 2022-09-19 11:01:41 --> Invalid file: pages/__service-worker.js
in SYSTEMPATH\Exceptions\FrameworkException.php on line 33.
 1 SYSTEMPATH\View\View.php(201): CodeIgniter\Exceptions\FrameworkException::forInvalidFile('pages/__service-worker.js')
 2 SYSTEMPATH\Common.php(1142): CodeIgniter\View\View->render('pages/__service-worker.js', [], true)
 3 APPPATH\Controllers\Pages.php(28): view('pages/__service-worker.js', [...])
 4 SYSTEMPATH\CodeIgniter.php(907): App\Controllers\Pages->view('__service-worker.js')
 5 SYSTEMPATH\CodeIgniter.php(457): CodeIgniter\CodeIgniter->runController(Object(App\Controllers\Pages))
 6 SYSTEMPATH\CodeIgniter.php(340): CodeIgniter\CodeIgniter->handleRequest(null, Object(Config\Cache), false)
 7 FCPATH\index.php(67): CodeIgniter\CodeIgniter->run()
CRITICAL - 2022-09-19 11:01:42 --> Invalid file: pages/assets.php
in SYSTEMPATH\Exceptions\FrameworkException.php on line 33.
 1 SYSTEMPATH\View\View.php(201): CodeIgniter\Exceptions\FrameworkException::forInvalidFile('pages/assets.php')
 2 SYSTEMPATH\Common.php(1142): CodeIgniter\View\View->render('pages/assets', [], true)
 3 APPPATH\Controllers\Pages.php(28): view('pages/assets', [...])
 4 SYSTEMPATH\CodeIgniter.php(907): App\Controllers\Pages->view('FCPATH\\assets', 'back', 'webfonts', 'fa-solid-900.woff2')
 5 SYSTEMPATH\CodeIgniter.php(457): CodeIgniter\CodeIgniter->runController(Object(App\Controllers\Pages))
 6 SYSTEMPATH\CodeIgniter.php(340): CodeIgniter\CodeIgniter->handleRequest(null, Object(Config\Cache), false)
 7 FCPATH\index.php(67): CodeIgniter\CodeIgniter->run()
CRITICAL - 2022-09-19 11:01:42 --> Invalid file: pages/assets.php
in SYSTEMPATH\Exceptions\FrameworkException.php on line 33.
 1 SYSTEMPATH\View\View.php(201): CodeIgniter\Exceptions\FrameworkException::forInvalidFile('pages/assets.php')
 2 SYSTEMPATH\Common.php(1142): CodeIgniter\View\View->render('pages/assets', [], true)
 3 APPPATH\Controllers\Pages.php(28): view('pages/assets', [...])
 4 SYSTEMPATH\CodeIgniter.php(907): App\Controllers\Pages->view('FCPATH\\assets', 'back', 'webfonts', 'fa-solid-900.woff')
 5 SYSTEMPATH\CodeIgniter.php(457): CodeIgniter\CodeIgniter->runController(Object(App\Controllers\Pages))
 6 SYSTEMPATH\CodeIgniter.php(340): CodeIgniter\CodeIgniter->handleRequest(null, Object(Config\Cache), false)
 7 FCPATH\index.php(67): CodeIgniter\CodeIgniter->run()
CRITICAL - 2022-09-19 11:01:42 --> Invalid file: pages/assets.php
in SYSTEMPATH\Exceptions\FrameworkException.php on line 33.
 1 SYSTEMPATH\View\View.php(201): CodeIgniter\Exceptions\FrameworkException::forInvalidFile('pages/assets.php')
 2 SYSTEMPATH\Common.php(1142): CodeIgniter\View\View->render('pages/assets', [], true)
 3 APPPATH\Controllers\Pages.php(28): view('pages/assets', [...])
 4 SYSTEMPATH\CodeIgniter.php(907): App\Controllers\Pages->view('FCPATH\\assets', 'back', 'webfonts', 'fa-solid-900.ttf')
 5 SYSTEMPATH\CodeIgniter.php(457): CodeIgniter\CodeIgniter->runController(Object(App\Controllers\Pages))
 6 SYSTEMPATH\CodeIgniter.php(340): CodeIgniter\CodeIgniter->handleRequest(null, Object(Config\Cache), false)
 7 FCPATH\index.php(67): CodeIgniter\CodeIgniter->run()
CRITICAL - 2022-09-19 11:04:46 --> Invalid file: pages/__service-worker.js
in SYSTEMPATH\Exceptions\FrameworkException.php on line 33.
 1 SYSTEMPATH\View\View.php(201): CodeIgniter\Exceptions\FrameworkException::forInvalidFile('pages/__service-worker.js')
 2 SYSTEMPATH\Common.php(1142): CodeIgniter\View\View->render('pages/__service-worker.js', [], true)
 3 APPPATH\Controllers\Pages.php(28): view('pages/__service-worker.js', [...])
 4 SYSTEMPATH\CodeIgniter.php(907): App\Controllers\Pages->view('__service-worker.js')
 5 SYSTEMPATH\CodeIgniter.php(457): CodeIgniter\CodeIgniter->runController(Object(App\Controllers\Pages))
 6 SYSTEMPATH\CodeIgniter.php(340): CodeIgniter\CodeIgniter->handleRequest(null, Object(Config\Cache), false)
 7 FCPATH\index.php(67): CodeIgniter\CodeIgniter->run()
CRITICAL - 2022-09-19 11:04:46 --> Invalid file: pages/assets.php
in SYSTEMPATH\Exceptions\FrameworkException.php on line 33.
 1 SYSTEMPATH\View\View.php(201): CodeIgniter\Exceptions\FrameworkException::forInvalidFile('pages/assets.php')
 2 SYSTEMPATH\Common.php(1142): CodeIgniter\View\View->render('pages/assets', [], true)
 3 APPPATH\Controllers\Pages.php(28): view('pages/assets', [...])
 4 SYSTEMPATH\CodeIgniter.php(907): App\Controllers\Pages->view('FCPATH\\assets', 'back', 'webfonts', 'fa-solid-900.woff2')
 5 SYSTEMPATH\CodeIgniter.php(457): CodeIgniter\CodeIgniter->runController(Object(App\Controllers\Pages))
 6 SYSTEMPATH\CodeIgniter.php(340): CodeIgniter\CodeIgniter->handleRequest(null, Object(Config\Cache), false)
 7 FCPATH\index.php(67): CodeIgniter\CodeIgniter->run()
CRITICAL - 2022-09-19 11:04:47 --> Invalid file: pages/assets.php
in SYSTEMPATH\Exceptions\FrameworkException.php on line 33.
 1 SYSTEMPATH\View\View.php(201): CodeIgniter\Exceptions\FrameworkException::forInvalidFile('pages/assets.php')
 2 SYSTEMPATH\Common.php(1142): CodeIgniter\View\View->render('pages/assets', [], true)
 3 APPPATH\Controllers\Pages.php(28): view('pages/assets', [...])
 4 SYSTEMPATH\CodeIgniter.php(907): App\Controllers\Pages->view('FCPATH\\assets', 'back', 'webfonts', 'fa-solid-900.woff')
 5 SYSTEMPATH\CodeIgniter.php(457): CodeIgniter\CodeIgniter->runController(Object(App\Controllers\Pages))
 6 SYSTEMPATH\CodeIgniter.php(340): CodeIgniter\CodeIgniter->handleRequest(null, Object(Config\Cache), false)
 7 FCPATH\index.php(67): CodeIgniter\CodeIgniter->run()
CRITICAL - 2022-09-19 11:04:47 --> Invalid file: pages/assets.php
in SYSTEMPATH\Exceptions\FrameworkException.php on line 33.
 1 SYSTEMPATH\View\View.php(201): CodeIgniter\Exceptions\FrameworkException::forInvalidFile('pages/assets.php')
 2 SYSTEMPATH\Common.php(1142): CodeIgniter\View\View->render('pages/assets', [], true)
 3 APPPATH\Controllers\Pages.php(28): view('pages/assets', [...])
 4 SYSTEMPATH\CodeIgniter.php(907): App\Controllers\Pages->view('FCPATH\\assets', 'back', 'webfonts', 'fa-solid-900.ttf')
 5 SYSTEMPATH\CodeIgniter.php(457): CodeIgniter\CodeIgniter->runController(Object(App\Controllers\Pages))
 6 SYSTEMPATH\CodeIgniter.php(340): CodeIgniter\CodeIgniter->handleRequest(null, Object(Config\Cache), false)
 7 FCPATH\index.php(67): CodeIgniter\CodeIgniter->run()
CRITICAL - 2022-09-19 11:05:22 --> Invalid file: pages/__service-worker.js
in SYSTEMPATH\Exceptions\FrameworkException.php on line 33.
 1 SYSTEMPATH\View\View.php(201): CodeIgniter\Exceptions\FrameworkException::forInvalidFile('pages/__service-worker.js')
 2 SYSTEMPATH\Common.php(1142): CodeIgniter\View\View->render('pages/__service-worker.js', [], true)
 3 APPPATH\Controllers\Pages.php(28): view('pages/__service-worker.js', [...])
 4 SYSTEMPATH\CodeIgniter.php(907): App\Controllers\Pages->view('__service-worker.js')
 5 SYSTEMPATH\CodeIgniter.php(457): CodeIgniter\CodeIgniter->runController(Object(App\Controllers\Pages))
 6 SYSTEMPATH\CodeIgniter.php(340): CodeIgniter\CodeIgniter->handleRequest(null, Object(Config\Cache), false)
 7 FCPATH\index.php(67): CodeIgniter\CodeIgniter->run()
CRITICAL - 2022-09-19 11:05:22 --> Invalid file: pages/assets.php
in SYSTEMPATH\Exceptions\FrameworkException.php on line 33.
 1 SYSTEMPATH\View\View.php(201): CodeIgniter\Exceptions\FrameworkException::forInvalidFile('pages/assets.php')
 2 SYSTEMPATH\Common.php(1142): CodeIgniter\View\View->render('pages/assets', [], true)
 3 APPPATH\Controllers\Pages.php(28): view('pages/assets', [...])
 4 SYSTEMPATH\CodeIgniter.php(907): App\Controllers\Pages->view('FCPATH\\assets', 'back', 'webfonts', 'fa-solid-900.woff2')
 5 SYSTEMPATH\CodeIgniter.php(457): CodeIgniter\CodeIgniter->runController(Object(App\Controllers\Pages))
 6 SYSTEMPATH\CodeIgniter.php(340): CodeIgniter\CodeIgniter->handleRequest(null, Object(Config\Cache), false)
 7 FCPATH\index.php(67): CodeIgniter\CodeIgniter->run()
CRITICAL - 2022-09-19 11:05:22 --> Invalid file: pages/assets.php
in SYSTEMPATH\Exceptions\FrameworkException.php on line 33.
 1 SYSTEMPATH\View\View.php(201): CodeIgniter\Exceptions\FrameworkException::forInvalidFile('pages/assets.php')
 2 SYSTEMPATH\Common.php(1142): CodeIgniter\View\View->render('pages/assets', [], true)
 3 APPPATH\Controllers\Pages.php(28): view('pages/assets', [...])
 4 SYSTEMPATH\CodeIgniter.php(907): App\Controllers\Pages->view('FCPATH\\assets', 'back', 'webfonts', 'fa-solid-900.woff')
 5 SYSTEMPATH\CodeIgniter.php(457): CodeIgniter\CodeIgniter->runController(Object(App\Controllers\Pages))
 6 SYSTEMPATH\CodeIgniter.php(340): CodeIgniter\CodeIgniter->handleRequest(null, Object(Config\Cache), false)
 7 FCPATH\index.php(67): CodeIgniter\CodeIgniter->run()
CRITICAL - 2022-09-19 11:05:22 --> Invalid file: pages/assets.php
in SYSTEMPATH\Exceptions\FrameworkException.php on line 33.
 1 SYSTEMPATH\View\View.php(201): CodeIgniter\Exceptions\FrameworkException::forInvalidFile('pages/assets.php')
 2 SYSTEMPATH\Common.php(1142): CodeIgniter\View\View->render('pages/assets', [], true)
 3 APPPATH\Controllers\Pages.php(28): view('pages/assets', [...])
 4 SYSTEMPATH\CodeIgniter.php(907): App\Controllers\Pages->view('FCPATH\\assets', 'back', 'webfonts', 'fa-solid-900.ttf')
 5 SYSTEMPATH\CodeIgniter.php(457): CodeIgniter\CodeIgniter->runController(Object(App\Controllers\Pages))
 6 SYSTEMPATH\CodeIgniter.php(340): CodeIgniter\CodeIgniter->handleRequest(null, Object(Config\Cache), false)
 7 FCPATH\index.php(67): CodeIgniter\CodeIgniter->run()
CRITICAL - 2022-09-19 11:12:03 --> Undefined variable: userData
in APPPATH\Views\user\dashboard.php on line 2.
 1 APPPATH\Views\user\dashboard.php(2): CodeIgniter\Debug\Exceptions->errorHandler(8, 'Undefined variable: userData', 'APPPATH\\Views\\user\\dashboard.php', 2, [...])
 2 SYSTEMPATH\View\View.php(213): include('APPPATH\\Views\\user\\dashboard.php')
 3 SYSTEMPATH\View\View.php(216): CodeIgniter\View\View->CodeIgniter\View\{closure}()
 4 SYSTEMPATH\Common.php(1142): CodeIgniter\View\View->render('user/dashboard', [...], true)
 5 APPPATH\Controllers\User.php(50): view('user/dashboard', [...], [...])
 6 SYSTEMPATH\CodeIgniter.php(907): App\Controllers\User->index()
 7 SYSTEMPATH\CodeIgniter.php(457): CodeIgniter\CodeIgniter->runController(Object(App\Controllers\User))
 8 SYSTEMPATH\CodeIgniter.php(340): CodeIgniter\CodeIgniter->handleRequest(null, Object(Config\Cache), false)
 9 FCPATH\index.php(67): CodeIgniter\CodeIgniter->run()
CRITICAL - 2022-09-19 11:12:31 --> Undefined variable: userData
in APPPATH\Views\user\dashboard.php on line 2.
 1 APPPATH\Views\user\dashboard.php(2): CodeIgniter\Debug\Exceptions->errorHandler(8, 'Undefined variable: userData', 'APPPATH\\Views\\user\\dashboard.php', 2, [])
 2 SYSTEMPATH\View\View.php(213): include('APPPATH\\Views\\user\\dashboard.php')
 3 SYSTEMPATH\View\View.php(216): CodeIgniter\View\View->CodeIgniter\View\{closure}()
 4 SYSTEMPATH\Common.php(1142): CodeIgniter\View\View->render('user/dashboard', [], true)
 5 APPPATH\Controllers\User.php(50): view('user/dashboard', [...])
 6 SYSTEMPATH\CodeIgniter.php(907): App\Controllers\User->index()
 7 SYSTEMPATH\CodeIgniter.php(457): CodeIgniter\CodeIgniter->runController(Object(App\Controllers\User))
 8 SYSTEMPATH\CodeIgniter.php(340): CodeIgniter\CodeIgniter->handleRequest(null, Object(Config\Cache), false)
 9 FCPATH\index.php(67): CodeIgniter\CodeIgniter->run()
CRITICAL - 2022-09-19 11:12:43 --> Undefined variable: userData
in APPPATH\Views\user\dashboard.php on line 2.
 1 APPPATH\Views\user\dashboard.php(2): CodeIgniter\Debug\Exceptions->errorHandler(8, 'Undefined variable: userData', 'APPPATH\\Views\\user\\dashboard.php', 2, [...])
 2 SYSTEMPATH\View\View.php(213): include('APPPATH\\Views\\user\\dashboard.php')
 3 SYSTEMPATH\View\View.php(216): CodeIgniter\View\View->CodeIgniter\View\{closure}()
 4 SYSTEMPATH\Common.php(1142): CodeIgniter\View\View->render('user/dashboard', [], true)
 5 APPPATH\Controllers\User.php(50): view('user/dashboard', [...])
 6 SYSTEMPATH\CodeIgniter.php(907): App\Controllers\User->index()
 7 SYSTEMPATH\CodeIgniter.php(457): CodeIgniter\CodeIgniter->runController(Object(App\Controllers\User))
 8 SYSTEMPATH\CodeIgniter.php(340): CodeIgniter\CodeIgniter->handleRequest(null, Object(Config\Cache), false)
 9 FCPATH\index.php(67): CodeIgniter\CodeIgniter->run()
CRITICAL - 2022-09-19 11:13:09 --> Undefined variable: userData
in APPPATH\Views\user\dashboard.php on line 2.
 1 APPPATH\Views\user\dashboard.php(2): CodeIgniter\Debug\Exceptions->errorHandler(8, 'Undefined variable: userData', 'APPPATH\\Views\\user\\dashboard.php', 2, [...])
 2 SYSTEMPATH\View\View.php(213): include('APPPATH\\Views\\user\\dashboard.php')
 3 SYSTEMPATH\View\View.php(216): CodeIgniter\View\View->CodeIgniter\View\{closure}()
 4 SYSTEMPATH\Common.php(1142): CodeIgniter\View\View->render('user/dashboard', [], true)
 5 APPPATH\Controllers\User.php(50): view('user/dashboard', [...])
 6 SYSTEMPATH\CodeIgniter.php(907): App\Controllers\User->index()
 7 SYSTEMPATH\CodeIgniter.php(457): CodeIgniter\CodeIgniter->runController(Object(App\Controllers\User))
 8 SYSTEMPATH\CodeIgniter.php(340): CodeIgniter\CodeIgniter->handleRequest(null, Object(Config\Cache), false)
 9 FCPATH\index.php(67): CodeIgniter\CodeIgniter->run()
CRITICAL - 2022-09-19 11:14:05 --> Undefined variable: siteData
in APPPATH\Views\user\dashboard.php on line 2.
 1 APPPATH\Views\user\dashboard.php(2): CodeIgniter\Debug\Exceptions->errorHandler(8, 'Undefined variable: siteData', 'APPPATH\\Views\\user\\dashboard.php', 2, [...])
 2 SYSTEMPATH\View\View.php(213): include('APPPATH\\Views\\user\\dashboard.php')
 3 SYSTEMPATH\View\View.php(216): CodeIgniter\View\View->CodeIgniter\View\{closure}()
 4 SYSTEMPATH\Common.php(1142): CodeIgniter\View\View->render('user/dashboard', [], true)
 5 APPPATH\Controllers\User.php(50): view('user/dashboard', [...])
 6 SYSTEMPATH\CodeIgniter.php(907): App\Controllers\User->index()
 7 SYSTEMPATH\CodeIgniter.php(457): CodeIgniter\CodeIgniter->runController(Object(App\Controllers\User))
 8 SYSTEMPATH\CodeIgniter.php(340): CodeIgniter\CodeIgniter->handleRequest(null, Object(Config\Cache), false)
 9 FCPATH\index.php(67): CodeIgniter\CodeIgniter->run()
CRITICAL - 2022-09-19 11:24:13 --> Undefined variable: page
in APPPATH\Views\user\header.php on line 8.
 1 APPPATH\Views\user\header.php(8): CodeIgniter\Debug\Exceptions->errorHandler(8, 'Undefined variable: page', 'APPPATH\\Views\\user\\header.php', 8, [...])
 2 SYSTEMPATH\View\View.php(213): include('APPPATH\\Views\\user\\header.php')
 3 SYSTEMPATH\View\View.php(216): CodeIgniter\View\View->CodeIgniter\View\{closure}()
 4 SYSTEMPATH\Common.php(1142): CodeIgniter\View\View->render('user/header', [...], true)
 5 APPPATH\Controllers\User.php(37): view('user/header', [...], [...])
 6 SYSTEMPATH\CodeIgniter.php(907): App\Controllers\User->index()
 7 SYSTEMPATH\CodeIgniter.php(457): CodeIgniter\CodeIgniter->runController(Object(App\Controllers\User))
 8 SYSTEMPATH\CodeIgniter.php(340): CodeIgniter\CodeIgniter->handleRequest(null, Object(Config\Cache), false)
 9 FCPATH\index.php(67): CodeIgniter\CodeIgniter->run()
CRITICAL - 2022-09-19 11:25:51 --> Undefined variable: notification
in APPPATH\Views\user\header.php on line 73.
 1 APPPATH\Views\user\header.php(73): CodeIgniter\Debug\Exceptions->errorHandler(8, 'Undefined variable: notification', 'APPPATH\\Views\\user\\header.php', 73, [...])
 2 SYSTEMPATH\View\View.php(213): include('APPPATH\\Views\\user\\header.php')
 3 SYSTEMPATH\View\View.php(216): CodeIgniter\View\View->CodeIgniter\View\{closure}()
 4 SYSTEMPATH\Common.php(1142): CodeIgniter\View\View->render('user/header', [...], true)
 5 APPPATH\Controllers\User.php(38): view('user/header', [...], [...])
 6 SYSTEMPATH\CodeIgniter.php(907): App\Controllers\User->index()
 7 SYSTEMPATH\CodeIgniter.php(457): CodeIgniter\CodeIgniter->runController(Object(App\Controllers\User))
 8 SYSTEMPATH\CodeIgniter.php(340): CodeIgniter\CodeIgniter->handleRequest(null, Object(Config\Cache), false)
 9 FCPATH\index.php(67): CodeIgniter\CodeIgniter->run()
CRITICAL - 2022-09-19 11:26:38 --> Undefined variable: page
in APPPATH\Views\user\header.php on line 8.
 1 APPPATH\Views\user\header.php(8): CodeIgniter\Debug\Exceptions->errorHandler(8, 'Undefined variable: page', 'APPPATH\\Views\\user\\header.php', 8, [...])
 2 SYSTEMPATH\View\View.php(213): include('APPPATH\\Views\\user\\header.php')
 3 SYSTEMPATH\View\View.php(216): CodeIgniter\View\View->CodeIgniter\View\{closure}()
 4 SYSTEMPATH\Common.php(1142): CodeIgniter\View\View->render('user/header', [], true)
 5 APPPATH\Controllers\User.php(38): view('user/header', [...])
 6 SYSTEMPATH\CodeIgniter.php(907): App\Controllers\User->index()
 7 SYSTEMPATH\CodeIgniter.php(457): CodeIgniter\CodeIgniter->runController(Object(App\Controllers\User))
 8 SYSTEMPATH\CodeIgniter.php(340): CodeIgniter\CodeIgniter->handleRequest(null, Object(Config\Cache), false)
 9 FCPATH\index.php(67): CodeIgniter\CodeIgniter->run()
CRITICAL - 2022-09-19 11:26:49 --> Undefined variable: page
in APPPATH\Views\user\header.php on line 8.
 1 APPPATH\Views\user\header.php(8): CodeIgniter\Debug\Exceptions->errorHandler(8, 'Undefined variable: page', 'APPPATH\\Views\\user\\header.php', 8, [...])
 2 SYSTEMPATH\View\View.php(213): include('APPPATH\\Views\\user\\header.php')
 3 SYSTEMPATH\View\View.php(216): CodeIgniter\View\View->CodeIgniter\View\{closure}()
 4 SYSTEMPATH\Common.php(1142): CodeIgniter\View\View->render('user/header', [], true)
 5 APPPATH\Controllers\User.php(38): view('user/header', [...])
 6 SYSTEMPATH\CodeIgniter.php(907): App\Controllers\User->index()
 7 SYSTEMPATH\CodeIgniter.php(457): CodeIgniter\CodeIgniter->runController(Object(App\Controllers\User))
 8 SYSTEMPATH\CodeIgniter.php(340): CodeIgniter\CodeIgniter->handleRequest(null, Object(Config\Cache), false)
 9 FCPATH\index.php(67): CodeIgniter\CodeIgniter->run()
CRITICAL - 2022-09-19 11:27:15 --> Undefined variable: page
in APPPATH\Views\user\header.php on line 8.
 1 APPPATH\Views\user\header.php(8): CodeIgniter\Debug\Exceptions->errorHandler(8, 'Undefined variable: page', 'APPPATH\\Views\\user\\header.php', 8, [...])
 2 SYSTEMPATH\View\View.php(213): include('APPPATH\\Views\\user\\header.php')
 3 SYSTEMPATH\View\View.php(216): CodeIgniter\View\View->CodeIgniter\View\{closure}()
 4 SYSTEMPATH\Common.php(1142): CodeIgniter\View\View->render('user/header', [...], true)
 5 APPPATH\Controllers\User.php(38): view('user/header', [...], [...])
 6 SYSTEMPATH\CodeIgniter.php(907): App\Controllers\User->index()
 7 SYSTEMPATH\CodeIgniter.php(457): CodeIgniter\CodeIgniter->runController(Object(App\Controllers\User))
 8 SYSTEMPATH\CodeIgniter.php(340): CodeIgniter\CodeIgniter->handleRequest(null, Object(Config\Cache), false)
 9 FCPATH\index.php(67): CodeIgniter\CodeIgniter->run()
CRITICAL - 2022-09-19 11:27:39 --> Undefined variable: page
in APPPATH\Views\user\header.php on line 8.
 1 APPPATH\Views\user\header.php(8): CodeIgniter\Debug\Exceptions->errorHandler(8, 'Undefined variable: page', 'APPPATH\\Views\\user\\header.php', 8, [...])
 2 SYSTEMPATH\View\View.php(213): include('APPPATH\\Views\\user\\header.php')
 3 SYSTEMPATH\View\View.php(216): CodeIgniter\View\View->CodeIgniter\View\{closure}()
 4 SYSTEMPATH\Common.php(1142): CodeIgniter\View\View->render('user/header', [...], true)
 5 APPPATH\Controllers\User.php(39): view('user/header', [...], [...])
 6 SYSTEMPATH\CodeIgniter.php(907): App\Controllers\User->index()
 7 SYSTEMPATH\CodeIgniter.php(457): CodeIgniter\CodeIgniter->runController(Object(App\Controllers\User))
 8 SYSTEMPATH\CodeIgniter.php(340): CodeIgniter\CodeIgniter->handleRequest(null, Object(Config\Cache), false)
 9 FCPATH\index.php(67): CodeIgniter\CodeIgniter->run()
CRITICAL - 2022-09-19 11:28:15 --> Undefined variable: notification
in APPPATH\Views\user\header.php on line 73.
 1 APPPATH\Views\user\header.php(73): CodeIgniter\Debug\Exceptions->errorHandler(8, 'Undefined variable: notification', 'APPPATH\\Views\\user\\header.php', 73, [...])
 2 SYSTEMPATH\View\View.php(213): include('APPPATH\\Views\\user\\header.php')
 3 SYSTEMPATH\View\View.php(216): CodeIgniter\View\View->CodeIgniter\View\{closure}()
 4 SYSTEMPATH\Common.php(1142): CodeIgniter\View\View->render('user/header', [...], true)
 5 APPPATH\Controllers\User.php(39): view('user/header', [...], [...])
 6 SYSTEMPATH\CodeIgniter.php(907): App\Controllers\User->index()
 7 SYSTEMPATH\CodeIgniter.php(457): CodeIgniter\CodeIgniter->runController(Object(App\Controllers\User))
 8 SYSTEMPATH\CodeIgniter.php(340): CodeIgniter\CodeIgniter->handleRequest(null, Object(Config\Cache), false)
 9 FCPATH\index.php(67): CodeIgniter\CodeIgniter->run()
CRITICAL - 2022-09-19 11:28:32 --> Undefined variable: image
in APPPATH\Views\user\header.php on line 74.
 1 APPPATH\Views\user\header.php(74): CodeIgniter\Debug\Exceptions->errorHandler(8, 'Undefined variable: image', 'APPPATH\\Views\\user\\header.php', 74, [...])
 2 SYSTEMPATH\View\View.php(213): include('APPPATH\\Views\\user\\header.php')
 3 SYSTEMPATH\View\View.php(216): CodeIgniter\View\View->CodeIgniter\View\{closure}()
 4 SYSTEMPATH\Common.php(1142): CodeIgniter\View\View->render('user/header', [...], true)
 5 APPPATH\Controllers\User.php(39): view('user/header', [...], [...])
 6 SYSTEMPATH\CodeIgniter.php(907): App\Controllers\User->index()
 7 SYSTEMPATH\CodeIgniter.php(457): CodeIgniter\CodeIgniter->runController(Object(App\Controllers\User))
 8 SYSTEMPATH\CodeIgniter.php(340): CodeIgniter\CodeIgniter->handleRequest(null, Object(Config\Cache), false)
 9 FCPATH\index.php(67): CodeIgniter\CodeIgniter->run()
CRITICAL - 2022-09-19 11:29:01 --> Undefined variable: page
in APPPATH\Views\user\header.php on line 8.
 1 APPPATH\Views\user\header.php(8): CodeIgniter\Debug\Exceptions->errorHandler(8, 'Undefined variable: page', 'APPPATH\\Views\\user\\header.php', 8, [])
 2 SYSTEMPATH\View\View.php(213): include('APPPATH\\Views\\user\\header.php')
 3 SYSTEMPATH\View\View.php(216): CodeIgniter\View\View->CodeIgniter\View\{closure}()
 4 SYSTEMPATH\Common.php(1142): CodeIgniter\View\View->render('user/header', [], true)
 5 APPPATH\Controllers\User.php(39): view('user/header', [...])
 6 SYSTEMPATH\CodeIgniter.php(907): App\Controllers\User->index()
 7 SYSTEMPATH\CodeIgniter.php(457): CodeIgniter\CodeIgniter->runController(Object(App\Controllers\User))
 8 SYSTEMPATH\CodeIgniter.php(340): CodeIgniter\CodeIgniter->handleRequest(null, Object(Config\Cache), false)
 9 FCPATH\index.php(67): CodeIgniter\CodeIgniter->run()
CRITICAL - 2022-09-19 11:29:21 --> Cannot use [] for reading
in APPPATH\Controllers\User.php on line 39.
 1 SYSTEMPATH\CodeIgniter.php(907): App\Controllers\User->index()
 2 SYSTEMPATH\CodeIgniter.php(457): CodeIgniter\CodeIgniter->runController(Object(App\Controllers\User))
 3 SYSTEMPATH\CodeIgniter.php(340): CodeIgniter\CodeIgniter->handleRequest(null, Object(Config\Cache), false)
 4 FCPATH\index.php(67): CodeIgniter\CodeIgniter->run()
CRITICAL - 2022-09-19 11:31:42 --> Undefined variable: page
in APPPATH\Views\user\header.php on line 8.
 1 APPPATH\Views\user\header.php(8): CodeIgniter\Debug\Exceptions->errorHandler(8, 'Undefined variable: page', 'APPPATH\\Views\\user\\header.php', 8, [...])
 2 SYSTEMPATH\View\View.php(213): include('APPPATH\\Views\\user\\header.php')
 3 SYSTEMPATH\View\View.php(216): CodeIgniter\View\View->CodeIgniter\View\{closure}()
 4 SYSTEMPATH\Common.php(1142): CodeIgniter\View\View->render('user/header', [], true)
 5 APPPATH\Controllers\User.php(39): view('user/header', [...])
 6 SYSTEMPATH\CodeIgniter.php(907): App\Controllers\User->index()
 7 SYSTEMPATH\CodeIgniter.php(457): CodeIgniter\CodeIgniter->runController(Object(App\Controllers\User))
 8 SYSTEMPATH\CodeIgniter.php(340): CodeIgniter\CodeIgniter->handleRequest(null, Object(Config\Cache), false)
 9 FCPATH\index.php(67): CodeIgniter\CodeIgniter->run()
CRITICAL - 2022-09-19 11:32:17 --> Undefined variable: page
in APPPATH\Views\user\header.php on line 8.
 1 APPPATH\Views\user\header.php(8): CodeIgniter\Debug\Exceptions->errorHandler(8, 'Undefined variable: page', 'APPPATH\\Views\\user\\header.php', 8, [...])
 2 SYSTEMPATH\View\View.php(213): include('APPPATH\\Views\\user\\header.php')
 3 SYSTEMPATH\View\View.php(216): CodeIgniter\View\View->CodeIgniter\View\{closure}()
 4 SYSTEMPATH\Common.php(1142): CodeIgniter\View\View->render('user/header', [], true)
 5 APPPATH\Controllers\User.php(39): view('user/header', [...])
 6 SYSTEMPATH\CodeIgniter.php(907): App\Controllers\User->index()
 7 SYSTEMPATH\CodeIgniter.php(457): CodeIgniter\CodeIgniter->runController(Object(App\Controllers\User))
 8 SYSTEMPATH\CodeIgniter.php(340): CodeIgniter\CodeIgniter->handleRequest(null, Object(Config\Cache), false)
 9 FCPATH\index.php(67): CodeIgniter\CodeIgniter->run()
CRITICAL - 2022-09-19 11:40:50 --> Undefined variable: page
in APPPATH\Views\user\header.php on line 8.
 1 APPPATH\Views\user\header.php(8): CodeIgniter\Debug\Exceptions->errorHandler(8, 'Undefined variable: page', 'APPPATH\\Views\\user\\header.php', 8, [...])
 2 SYSTEMPATH\View\View.php(213): include('APPPATH\\Views\\user\\header.php')
 3 SYSTEMPATH\View\View.php(216): CodeIgniter\View\View->CodeIgniter\View\{closure}()
 4 SYSTEMPATH\Common.php(1142): CodeIgniter\View\View->render('user/header', [], true)
 5 APPPATH\Controllers\User.php(38): view('user/header', [...])
 6 SYSTEMPATH\CodeIgniter.php(907): App\Controllers\User->index()
 7 SYSTEMPATH\CodeIgniter.php(457): CodeIgniter\CodeIgniter->runController(Object(App\Controllers\User))
 8 SYSTEMPATH\CodeIgniter.php(340): CodeIgniter\CodeIgniter->handleRequest(null, Object(Config\Cache), false)
 9 FCPATH\index.php(67): CodeIgniter\CodeIgniter->run()
CRITICAL - 2022-09-19 13:55:04 --> Invalid file: pages/assets.php
in SYSTEMPATH\Exceptions\FrameworkException.php on line 33.
 1 SYSTEMPATH\View\View.php(201): CodeIgniter\Exceptions\FrameworkException::forInvalidFile('pages/assets.php')
 2 SYSTEMPATH\Common.php(1142): CodeIgniter\View\View->render('pages/assets', [], true)
 3 APPPATH\Controllers\Pages.php(28): view('pages/assets', [...])
 4 SYSTEMPATH\CodeIgniter.php(907): App\Controllers\Pages->view('FCPATH\\assets', 'back', 'webfonts', 'fa-solid-900.woff2')
 5 SYSTEMPATH\CodeIgniter.php(457): CodeIgniter\CodeIgniter->runController(Object(App\Controllers\Pages))
 6 SYSTEMPATH\CodeIgniter.php(340): CodeIgniter\CodeIgniter->handleRequest(null, Object(Config\Cache), false)
 7 FCPATH\index.php(67): CodeIgniter\CodeIgniter->run()
CRITICAL - 2022-09-19 13:55:04 --> Invalid file: pages/assets.php
in SYSTEMPATH\Exceptions\FrameworkException.php on line 33.
 1 SYSTEMPATH\View\View.php(201): CodeIgniter\Exceptions\FrameworkException::forInvalidFile('pages/assets.php')
 2 SYSTEMPATH\Common.php(1142): CodeIgniter\View\View->render('pages/assets', [], true)
 3 APPPATH\Controllers\Pages.php(28): view('pages/assets', [...])
 4 SYSTEMPATH\CodeIgniter.php(907): App\Controllers\Pages->view('FCPATH\\assets', 'back', 'webfonts', 'fa-solid-900.woff')
 5 SYSTEMPATH\CodeIgniter.php(457): CodeIgniter\CodeIgniter->runController(Object(App\Controllers\Pages))
 6 SYSTEMPATH\CodeIgniter.php(340): CodeIgniter\CodeIgniter->handleRequest(null, Object(Config\Cache), false)
 7 FCPATH\index.php(67): CodeIgniter\CodeIgniter->run()
CRITICAL - 2022-09-19 13:55:04 --> Invalid file: pages/assets.php
in SYSTEMPATH\Exceptions\FrameworkException.php on line 33.
 1 SYSTEMPATH\View\View.php(201): CodeIgniter\Exceptions\FrameworkException::forInvalidFile('pages/assets.php')
 2 SYSTEMPATH\Common.php(1142): CodeIgniter\View\View->render('pages/assets', [], true)
 3 APPPATH\Controllers\Pages.php(28): view('pages/assets', [...])
 4 SYSTEMPATH\CodeIgniter.php(907): App\Controllers\Pages->view('FCPATH\\assets', 'back', 'webfonts', 'fa-solid-900.ttf')
 5 SYSTEMPATH\CodeIgniter.php(457): CodeIgniter\CodeIgniter->runController(Object(App\Controllers\Pages))
 6 SYSTEMPATH\CodeIgniter.php(340): CodeIgniter\CodeIgniter->handleRequest(null, Object(Config\Cache), false)
 7 FCPATH\index.php(67): CodeIgniter\CodeIgniter->run()
CRITICAL - 2022-09-19 13:55:06 --> Undefined variable: page
in APPPATH\Views\user\header.php on line 8.
 1 APPPATH\Views\user\header.php(8): CodeIgniter\Debug\Exceptions->errorHandler(8, 'Undefined variable: page', 'APPPATH\\Views\\user\\header.php', 8, [...])
 2 SYSTEMPATH\View\View.php(213): include('APPPATH\\Views\\user\\header.php')
 3 SYSTEMPATH\View\View.php(216): CodeIgniter\View\View->CodeIgniter\View\{closure}()
 4 SYSTEMPATH\Common.php(1142): CodeIgniter\View\View->render('user/header', [], true)
 5 APPPATH\Controllers\User.php(38): view('user/header', [...])
 6 SYSTEMPATH\CodeIgniter.php(907): App\Controllers\User->index()
 7 SYSTEMPATH\CodeIgniter.php(457): CodeIgniter\CodeIgniter->runController(Object(App\Controllers\User))
 8 SYSTEMPATH\CodeIgniter.php(340): CodeIgniter\CodeIgniter->handleRequest(null, Object(Config\Cache), false)
 9 FCPATH\index.php(67): CodeIgniter\CodeIgniter->run()
CRITICAL - 2022-09-19 15:15:42 --> Undefined variable: name
in APPPATH\Views\user\dashboard.php on line 2.
 1 APPPATH\Views\user\dashboard.php(2): CodeIgniter\Debug\Exceptions->errorHandler(8, 'Undefined variable: name', 'APPPATH\\Views\\user\\dashboard.php', 2, [...])
 2 SYSTEMPATH\View\View.php(213): include('APPPATH\\Views\\user\\dashboard.php')
 3 SYSTEMPATH\View\View.php(216): CodeIgniter\View\View->CodeIgniter\View\{closure}()
 4 SYSTEMPATH\Common.php(1142): CodeIgniter\View\View->render('user/dashboard', [], true)
 5 APPPATH\Controllers\User.php(40): view('user/dashboard', [...])
 6 SYSTEMPATH\CodeIgniter.php(907): App\Controllers\User->index()
 7 SYSTEMPATH\CodeIgniter.php(457): CodeIgniter\CodeIgniter->runController(Object(App\Controllers\User))
 8 SYSTEMPATH\CodeIgniter.php(340): CodeIgniter\CodeIgniter->handleRequest(null, Object(Config\Cache), false)
 9 FCPATH\index.php(67): CodeIgniter\CodeIgniter->run()
CRITICAL - 2022-09-19 15:24:09 --> Undefined variable: name
in APPPATH\Views\user\dashboard.php on line 2.
 1 APPPATH\Views\user\dashboard.php(2): CodeIgniter\Debug\Exceptions->errorHandler(8, 'Undefined variable: name', 'APPPATH\\Views\\user\\dashboard.php', 2, [...])
 2 SYSTEMPATH\View\View.php(213): include('APPPATH\\Views\\user\\dashboard.php')
 3 SYSTEMPATH\View\View.php(216): CodeIgniter\View\View->CodeIgniter\View\{closure}()
 4 SYSTEMPATH\Common.php(1142): CodeIgniter\View\View->render('user/dashboard', [], true)
 5 APPPATH\Controllers\User.php(37): view('user/dashboard', [...])
 6 SYSTEMPATH\CodeIgniter.php(907): App\Controllers\User->index()
 7 SYSTEMPATH\CodeIgniter.php(457): CodeIgniter\CodeIgniter->runController(Object(App\Controllers\User))
 8 SYSTEMPATH\CodeIgniter.php(340): CodeIgniter\CodeIgniter->handleRequest(null, Object(Config\Cache), false)
 9 FCPATH\index.php(67): CodeIgniter\CodeIgniter->run()
CRITICAL - 2022-09-19 15:24:12 --> Undefined variable: name
in APPPATH\Views\user\dashboard.php on line 2.
 1 APPPATH\Views\user\dashboard.php(2): CodeIgniter\Debug\Exceptions->errorHandler(8, 'Undefined variable: name', 'APPPATH\\Views\\user\\dashboard.php', 2, [...])
 2 SYSTEMPATH\View\View.php(213): include('APPPATH\\Views\\user\\dashboard.php')
 3 SYSTEMPATH\View\View.php(216): CodeIgniter\View\View->CodeIgniter\View\{closure}()
 4 SYSTEMPATH\Common.php(1142): CodeIgniter\View\View->render('user/dashboard', [], true)
 5 APPPATH\Controllers\User.php(37): view('user/dashboard', [...])
 6 SYSTEMPATH\CodeIgniter.php(907): App\Controllers\User->index()
 7 SYSTEMPATH\CodeIgniter.php(457): CodeIgniter\CodeIgniter->runController(Object(App\Controllers\User))
 8 SYSTEMPATH\CodeIgniter.php(340): CodeIgniter\CodeIgniter->handleRequest(null, Object(Config\Cache), false)
 9 FCPATH\index.php(67): CodeIgniter\CodeIgniter->run()
CRITICAL - 2022-09-19 15:24:43 --> Undefined index: name
in APPPATH\Views\user\dashboard.php on line 2.
 1 APPPATH\Views\user\dashboard.php(2): CodeIgniter\Debug\Exceptions->errorHandler(8, 'Undefined index: name', 'APPPATH\\Views\\user\\dashboard.php', 2, [...])
 2 SYSTEMPATH\View\View.php(213): include('APPPATH\\Views\\user\\dashboard.php')
 3 SYSTEMPATH\View\View.php(216): CodeIgniter\View\View->CodeIgniter\View\{closure}()
 4 SYSTEMPATH\Common.php(1142): CodeIgniter\View\View->render('user/dashboard', [], true)
 5 APPPATH\Controllers\User.php(37): view('user/dashboard', [...])
 6 SYSTEMPATH\CodeIgniter.php(907): App\Controllers\User->index()
 7 SYSTEMPATH\CodeIgniter.php(457): CodeIgniter\CodeIgniter->runController(Object(App\Controllers\User))
 8 SYSTEMPATH\CodeIgniter.php(340): CodeIgniter\CodeIgniter->handleRequest(null, Object(Config\Cache), false)
 9 FCPATH\index.php(67): CodeIgniter\CodeIgniter->run()
CRITICAL - 2022-09-19 15:25:06 --> Undefined index: company_name
in APPPATH\Views\user\dashboard.php on line 2.
 1 APPPATH\Views\user\dashboard.php(2): CodeIgniter\Debug\Exceptions->errorHandler(8, 'Undefined index: company_name', 'APPPATH\\Views\\user\\dashboard.php', 2, [...])
 2 SYSTEMPATH\View\View.php(213): include('APPPATH\\Views\\user\\dashboard.php')
 3 SYSTEMPATH\View\View.php(216): CodeIgniter\View\View->CodeIgniter\View\{closure}()
 4 SYSTEMPATH\Common.php(1142): CodeIgniter\View\View->render('user/dashboard', [], true)
 5 APPPATH\Controllers\User.php(37): view('user/dashboard', [...])
 6 SYSTEMPATH\CodeIgniter.php(907): App\Controllers\User->index()
 7 SYSTEMPATH\CodeIgniter.php(457): CodeIgniter\CodeIgniter->runController(Object(App\Controllers\User))
 8 SYSTEMPATH\CodeIgniter.php(340): CodeIgniter\CodeIgniter->handleRequest(null, Object(Config\Cache), false)
 9 FCPATH\index.php(67): CodeIgniter\CodeIgniter->run()
CRITICAL - 2022-09-19 15:38:24 --> Illegal offset type
in APPPATH\Controllers\User.php on line 29.
 1 APPPATH\Controllers\User.php(29): CodeIgniter\Debug\Exceptions->errorHandler(2, 'Illegal offset type', 'APPPATH\\Controllers\\User.php', 29, [...])
 2 SYSTEMPATH\CodeIgniter.php(907): App\Controllers\User->index()
 3 SYSTEMPATH\CodeIgniter.php(457): CodeIgniter\CodeIgniter->runController(Object(App\Controllers\User))
 4 SYSTEMPATH\CodeIgniter.php(340): CodeIgniter\CodeIgniter->handleRequest(null, Object(Config\Cache), false)
 5 FCPATH\index.php(67): CodeIgniter\CodeIgniter->run()
CRITICAL - 2022-09-19 15:40:43 --> Undefined variable: site
in APPPATH\Views\user\dashboard.php on line 2.
 1 APPPATH\Views\user\dashboard.php(2): CodeIgniter\Debug\Exceptions->errorHandler(8, 'Undefined variable: site', 'APPPATH\\Views\\user\\dashboard.php', 2, [...])
 2 SYSTEMPATH\View\View.php(213): include('APPPATH\\Views\\user\\dashboard.php')
 3 SYSTEMPATH\View\View.php(216): CodeIgniter\View\View->CodeIgniter\View\{closure}()
 4 SYSTEMPATH\Common.php(1142): CodeIgniter\View\View->render('user/dashboard', [], true)
 5 APPPATH\Controllers\User.php(39): view('user/dashboard', [...])
 6 SYSTEMPATH\CodeIgniter.php(907): App\Controllers\User->index()
 7 SYSTEMPATH\CodeIgniter.php(457): CodeIgniter\CodeIgniter->runController(Object(App\Controllers\User))
 8 SYSTEMPATH\CodeIgniter.php(340): CodeIgniter\CodeIgniter->handleRequest(null, Object(Config\Cache), false)
 9 FCPATH\index.php(67): CodeIgniter\CodeIgniter->run()
CRITICAL - 2022-09-19 15:41:04 --> Undefined variable: company_name
in APPPATH\Views\user\dashboard.php on line 2.
 1 APPPATH\Views\user\dashboard.php(2): CodeIgniter\Debug\Exceptions->errorHandler(8, 'Undefined variable: company_name', 'APPPATH\\Views\\user\\dashboard.php', 2, [...])
 2 SYSTEMPATH\View\View.php(213): include('APPPATH\\Views\\user\\dashboard.php')
 3 SYSTEMPATH\View\View.php(216): CodeIgniter\View\View->CodeIgniter\View\{closure}()
 4 SYSTEMPATH\Common.php(1142): CodeIgniter\View\View->render('user/dashboard', [], true)
 5 APPPATH\Controllers\User.php(39): view('user/dashboard', [...])
 6 SYSTEMPATH\CodeIgniter.php(907): App\Controllers\User->index()
 7 SYSTEMPATH\CodeIgniter.php(457): CodeIgniter\CodeIgniter->runController(Object(App\Controllers\User))
 8 SYSTEMPATH\CodeIgniter.php(340): CodeIgniter\CodeIgniter->handleRequest(null, Object(Config\Cache), false)
 9 FCPATH\index.php(67): CodeIgniter\CodeIgniter->run()
CRITICAL - 2022-09-19 15:42:35 --> Undefined variable: name
in APPPATH\Views\user\dashboard.php on line 4.
 1 APPPATH\Views\user\dashboard.php(4): CodeIgniter\Debug\Exceptions->errorHandler(8, 'Undefined variable: name', 'APPPATH\\Views\\user\\dashboard.php', 4, [...])
 2 SYSTEMPATH\View\View.php(213): include('APPPATH\\Views\\user\\dashboard.php')
 3 SYSTEMPATH\View\View.php(216): CodeIgniter\View\View->CodeIgniter\View\{closure}()
 4 SYSTEMPATH\Common.php(1142): CodeIgniter\View\View->render('user/dashboard', [...], true)
 5 APPPATH\Controllers\User.php(39): view('user/dashboard', [...], [...])
 6 SYSTEMPATH\CodeIgniter.php(907): App\Controllers\User->index()
 7 SYSTEMPATH\CodeIgniter.php(457): CodeIgniter\CodeIgniter->runController(Object(App\Controllers\User))
 8 SYSTEMPATH\CodeIgniter.php(340): CodeIgniter\CodeIgniter->handleRequest(null, Object(Config\Cache), false)
 9 FCPATH\index.php(67): CodeIgniter\CodeIgniter->run()
CRITICAL - 2022-09-19 15:45:19 --> Undefined variable: user_data
in APPPATH\Controllers\User.php on line 29.
 1 APPPATH\Controllers\User.php(29): CodeIgniter\Debug\Exceptions->errorHandler(8, 'Undefined variable: user_data', 'APPPATH\\Controllers\\User.php', 29, [...])
 2 SYSTEMPATH\CodeIgniter.php(907): App\Controllers\User->index()
 3 SYSTEMPATH\CodeIgniter.php(457): CodeIgniter\CodeIgniter->runController(Object(App\Controllers\User))
 4 SYSTEMPATH\CodeIgniter.php(340): CodeIgniter\CodeIgniter->handleRequest(null, Object(Config\Cache), false)
 5 FCPATH\index.php(67): CodeIgniter\CodeIgniter->run()
CRITICAL - 2022-09-19 15:45:37 --> Illegal offset type
in APPPATH\Controllers\User.php on line 29.
 1 APPPATH\Controllers\User.php(29): CodeIgniter\Debug\Exceptions->errorHandler(2, 'Illegal offset type', 'APPPATH\\Controllers\\User.php', 29, [...])
 2 SYSTEMPATH\CodeIgniter.php(907): App\Controllers\User->index()
 3 SYSTEMPATH\CodeIgniter.php(457): CodeIgniter\CodeIgniter->runController(Object(App\Controllers\User))
 4 SYSTEMPATH\CodeIgniter.php(340): CodeIgniter\CodeIgniter->handleRequest(null, Object(Config\Cache), false)
 5 FCPATH\index.php(67): CodeIgniter\CodeIgniter->run()
CRITICAL - 2022-09-19 15:48:32 --> Illegal offset type
in APPPATH\Controllers\User.php on line 29.
 1 APPPATH\Controllers\User.php(29): CodeIgniter\Debug\Exceptions->errorHandler(2, 'Illegal offset type', 'APPPATH\\Controllers\\User.php', 29, [...])
 2 SYSTEMPATH\CodeIgniter.php(907): App\Controllers\User->index()
 3 SYSTEMPATH\CodeIgniter.php(457): CodeIgniter\CodeIgniter->runController(Object(App\Controllers\User))
 4 SYSTEMPATH\CodeIgniter.php(340): CodeIgniter\CodeIgniter->handleRequest(null, Object(Config\Cache), false)
 5 FCPATH\index.php(67): CodeIgniter\CodeIgniter->run()
CRITICAL - 2022-09-19 15:49:38 --> Undefined variable: var
in APPPATH\Controllers\User.php on line 29.
 1 APPPATH\Controllers\User.php(29): CodeIgniter\Debug\Exceptions->errorHandler(8, 'Undefined variable: var', 'APPPATH\\Controllers\\User.php', 29, [...])
 2 SYSTEMPATH\CodeIgniter.php(907): App\Controllers\User->index()
 3 SYSTEMPATH\CodeIgniter.php(457): CodeIgniter\CodeIgniter->runController(Object(App\Controllers\User))
 4 SYSTEMPATH\CodeIgniter.php(340): CodeIgniter\CodeIgniter->handleRequest(null, Object(Config\Cache), false)
 5 FCPATH\index.php(67): CodeIgniter\CodeIgniter->run()
CRITICAL - 2022-09-19 18:20:34 --> Invalid file: pages/assets.php
in SYSTEMPATH\Exceptions\FrameworkException.php on line 33.
 1 SYSTEMPATH\View\View.php(201): CodeIgniter\Exceptions\FrameworkException::forInvalidFile('pages/assets.php')
 2 SYSTEMPATH\Common.php(1142): CodeIgniter\View\View->render('pages/assets', [], true)
 3 APPPATH\Controllers\Pages.php(28): view('pages/assets', [...])
 4 SYSTEMPATH\CodeIgniter.php(907): App\Controllers\Pages->view('FCPATH\\assets', 'back', 'webfonts', 'fa-solid-900.woff2')
 5 SYSTEMPATH\CodeIgniter.php(457): CodeIgniter\CodeIgniter->runController(Object(App\Controllers\Pages))
 6 SYSTEMPATH\CodeIgniter.php(340): CodeIgniter\CodeIgniter->handleRequest(null, Object(Config\Cache), false)
 7 FCPATH\index.php(67): CodeIgniter\CodeIgniter->run()
CRITICAL - 2022-09-19 18:20:34 --> Invalid file: pages/assets.php
in SYSTEMPATH\Exceptions\FrameworkException.php on line 33.
 1 SYSTEMPATH\View\View.php(201): CodeIgniter\Exceptions\FrameworkException::forInvalidFile('pages/assets.php')
 2 SYSTEMPATH\Common.php(1142): CodeIgniter\View\View->render('pages/assets', [], true)
 3 APPPATH\Controllers\Pages.php(28): view('pages/assets', [...])
 4 SYSTEMPATH\CodeIgniter.php(907): App\Controllers\Pages->view('FCPATH\\assets', 'back', 'webfonts', 'fa-solid-900.woff')
 5 SYSTEMPATH\CodeIgniter.php(457): CodeIgniter\CodeIgniter->runController(Object(App\Controllers\Pages))
 6 SYSTEMPATH\CodeIgniter.php(340): CodeIgniter\CodeIgniter->handleRequest(null, Object(Config\Cache), false)
 7 FCPATH\index.php(67): CodeIgniter\CodeIgniter->run()
CRITICAL - 2022-09-19 18:20:34 --> Invalid file: pages/assets.php
in SYSTEMPATH\Exceptions\FrameworkException.php on line 33.
 1 SYSTEMPATH\View\View.php(201): CodeIgniter\Exceptions\FrameworkException::forInvalidFile('pages/assets.php')
 2 SYSTEMPATH\Common.php(1142): CodeIgniter\View\View->render('pages/assets', [], true)
 3 APPPATH\Controllers\Pages.php(28): view('pages/assets', [...])
 4 SYSTEMPATH\CodeIgniter.php(907): App\Controllers\Pages->view('FCPATH\\assets', 'back', 'webfonts', 'fa-solid-900.ttf')
 5 SYSTEMPATH\CodeIgniter.php(457): CodeIgniter\CodeIgniter->runController(Object(App\Controllers\Pages))
 6 SYSTEMPATH\CodeIgniter.php(340): CodeIgniter\CodeIgniter->handleRequest(null, Object(Config\Cache), false)
 7 FCPATH\index.php(67): CodeIgniter\CodeIgniter->run()
CRITICAL - 2022-09-19 18:20:36 --> Undefined variable: name
in APPPATH\Views\user\dashboard.php on line 4.
 1 APPPATH\Views\user\dashboard.php(4): CodeIgniter\Debug\Exceptions->errorHandler(8, 'Undefined variable: name', 'APPPATH\\Views\\user\\dashboard.php', 4, [...])
 2 SYSTEMPATH\View\View.php(213): include('APPPATH\\Views\\user\\dashboard.php')
 3 SYSTEMPATH\View\View.php(216): CodeIgniter\View\View->CodeIgniter\View\{closure}()
 4 SYSTEMPATH\Common.php(1142): CodeIgniter\View\View->render('user/dashboard', [], true)
 5 APPPATH\Controllers\User.php(39): view('user/dashboard', [...])
 6 SYSTEMPATH\CodeIgniter.php(907): App\Controllers\User->index()
 7 SYSTEMPATH\CodeIgniter.php(457): CodeIgniter\CodeIgniter->runController(Object(App\Controllers\User))
 8 SYSTEMPATH\CodeIgniter.php(340): CodeIgniter\CodeIgniter->handleRequest(null, Object(Config\Cache), false)
 9 FCPATH\index.php(67): CodeIgniter\CodeIgniter->run()
CRITICAL - 2022-09-19 18:20:48 --> Undefined variable: company_name
in APPPATH\Views\user\dashboard.php on line 2.
 1 APPPATH\Views\user\dashboard.php(2): CodeIgniter\Debug\Exceptions->errorHandler(8, 'Undefined variable: company_name', 'APPPATH\\Views\\user\\dashboard.php', 2, [...])
 2 SYSTEMPATH\View\View.php(213): include('APPPATH\\Views\\user\\dashboard.php')
 3 SYSTEMPATH\View\View.php(216): CodeIgniter\View\View->CodeIgniter\View\{closure}()
 4 SYSTEMPATH\Common.php(1142): CodeIgniter\View\View->render('user/dashboard', [], true)
 5 APPPATH\Controllers\User.php(39): view('user/dashboard', [...])
 6 SYSTEMPATH\CodeIgniter.php(907): App\Controllers\User->index()
 7 SYSTEMPATH\CodeIgniter.php(457): CodeIgniter\CodeIgniter->runController(Object(App\Controllers\User))
 8 SYSTEMPATH\CodeIgniter.php(340): CodeIgniter\CodeIgniter->handleRequest(null, Object(Config\Cache), false)
 9 FCPATH\index.php(67): CodeIgniter\CodeIgniter->run()
CRITICAL - 2022-09-19 18:21:01 --> Undefined variable: company_name
in APPPATH\Views\user\dashboard.php on line 2.
 1 APPPATH\Views\user\dashboard.php(2): CodeIgniter\Debug\Exceptions->errorHandler(8, 'Undefined variable: company_name', 'APPPATH\\Views\\user\\dashboard.php', 2, [...])
 2 SYSTEMPATH\View\View.php(213): include('APPPATH\\Views\\user\\dashboard.php')
 3 SYSTEMPATH\View\View.php(216): CodeIgniter\View\View->CodeIgniter\View\{closure}()
 4 SYSTEMPATH\Common.php(1142): CodeIgniter\View\View->render('user/dashboard', [...], true)
 5 APPPATH\Controllers\User.php(39): view('user/dashboard', [...], [...])
 6 SYSTEMPATH\CodeIgniter.php(907): App\Controllers\User->index()
 7 SYSTEMPATH\CodeIgniter.php(457): CodeIgniter\CodeIgniter->runController(Object(App\Controllers\User))
 8 SYSTEMPATH\CodeIgniter.php(340): CodeIgniter\CodeIgniter->handleRequest(null, Object(Config\Cache), false)
 9 FCPATH\index.php(67): CodeIgniter\CodeIgniter->run()
CRITICAL - 2022-09-19 18:23:17 --> Invalid file: pages/assets.php
in SYSTEMPATH\Exceptions\FrameworkException.php on line 33.
 1 SYSTEMPATH\View\View.php(201): CodeIgniter\Exceptions\FrameworkException::forInvalidFile('pages/assets.php')
 2 SYSTEMPATH\Common.php(1142): CodeIgniter\View\View->render('pages/assets', [], true)
 3 APPPATH\Controllers\Pages.php(28): view('pages/assets', [...])
 4 SYSTEMPATH\CodeIgniter.php(907): App\Controllers\Pages->view('FCPATH\\assets', 'back', 'webfonts', 'fa-solid-900.woff2')
 5 SYSTEMPATH\CodeIgniter.php(457): CodeIgniter\CodeIgniter->runController(Object(App\Controllers\Pages))
 6 SYSTEMPATH\CodeIgniter.php(340): CodeIgniter\CodeIgniter->handleRequest(null, Object(Config\Cache), false)
 7 FCPATH\index.php(67): CodeIgniter\CodeIgniter->run()
CRITICAL - 2022-09-19 18:23:17 --> Invalid file: pages/__service-worker.js
in SYSTEMPATH\Exceptions\FrameworkException.php on line 33.
 1 SYSTEMPATH\View\View.php(201): CodeIgniter\Exceptions\FrameworkException::forInvalidFile('pages/__service-worker.js')
 2 SYSTEMPATH\Common.php(1142): CodeIgniter\View\View->render('pages/__service-worker.js', [], true)
 3 APPPATH\Controllers\Pages.php(28): view('pages/__service-worker.js', [...])
 4 SYSTEMPATH\CodeIgniter.php(907): App\Controllers\Pages->view('__service-worker.js')
 5 SYSTEMPATH\CodeIgniter.php(457): CodeIgniter\CodeIgniter->runController(Object(App\Controllers\Pages))
 6 SYSTEMPATH\CodeIgniter.php(340): CodeIgniter\CodeIgniter->handleRequest(null, Object(Config\Cache), false)
 7 FCPATH\index.php(67): CodeIgniter\CodeIgniter->run()
CRITICAL - 2022-09-19 18:23:17 --> Invalid file: pages/assets.php
in SYSTEMPATH\Exceptions\FrameworkException.php on line 33.
 1 SYSTEMPATH\View\View.php(201): CodeIgniter\Exceptions\FrameworkException::forInvalidFile('pages/assets.php')
 2 SYSTEMPATH\Common.php(1142): CodeIgniter\View\View->render('pages/assets', [], true)
 3 APPPATH\Controllers\Pages.php(28): view('pages/assets', [...])
 4 SYSTEMPATH\CodeIgniter.php(907): App\Controllers\Pages->view('FCPATH\\assets', 'back', 'webfonts', 'fa-solid-900.woff')
 5 SYSTEMPATH\CodeIgniter.php(457): CodeIgniter\CodeIgniter->runController(Object(App\Controllers\Pages))
 6 SYSTEMPATH\CodeIgniter.php(340): CodeIgniter\CodeIgniter->handleRequest(null, Object(Config\Cache), false)
 7 FCPATH\index.php(67): CodeIgniter\CodeIgniter->run()
CRITICAL - 2022-09-19 18:23:17 --> Invalid file: pages/assets.php
in SYSTEMPATH\Exceptions\FrameworkException.php on line 33.
 1 SYSTEMPATH\View\View.php(201): CodeIgniter\Exceptions\FrameworkException::forInvalidFile('pages/assets.php')
 2 SYSTEMPATH\Common.php(1142): CodeIgniter\View\View->render('pages/assets', [], true)
 3 APPPATH\Controllers\Pages.php(28): view('pages/assets', [...])
 4 SYSTEMPATH\CodeIgniter.php(907): App\Controllers\Pages->view('FCPATH\\assets', 'back', 'webfonts', 'fa-solid-900.ttf')
 5 SYSTEMPATH\CodeIgniter.php(457): CodeIgniter\CodeIgniter->runController(Object(App\Controllers\Pages))
 6 SYSTEMPATH\CodeIgniter.php(340): CodeIgniter\CodeIgniter->handleRequest(null, Object(Config\Cache), false)
 7 FCPATH\index.php(67): CodeIgniter\CodeIgniter->run()
CRITICAL - 2022-09-19 19:05:22 --> Undefined variable: Notification
in APPPATH\Controllers\User.php on line 42.
 1 APPPATH\Controllers\User.php(42): CodeIgniter\Debug\Exceptions->errorHandler(8, 'Undefined variable: Notification', 'APPPATH\\Controllers\\User.php', 42, [...])
 2 SYSTEMPATH\CodeIgniter.php(907): App\Controllers\User->index()
 3 SYSTEMPATH\CodeIgniter.php(457): CodeIgniter\CodeIgniter->runController(Object(App\Controllers\User))
 4 SYSTEMPATH\CodeIgniter.php(340): CodeIgniter\CodeIgniter->handleRequest(null, Object(Config\Cache), false)
 5 FCPATH\index.php(67): CodeIgniter\CodeIgniter->run()
CRITICAL - 2022-09-19 19:18:45 --> Undefined variable: mine_balance
in APPPATH\Views\user\dashboard.php on line 67.
 1 APPPATH\Views\user\dashboard.php(67): CodeIgniter\Debug\Exceptions->errorHandler(8, 'Undefined variable: mine_balance', 'APPPATH\\Views\\user\\dashboard.php', 67, [...])
 2 SYSTEMPATH\View\View.php(213): include('APPPATH\\Views\\user\\dashboard.php')
 3 SYSTEMPATH\View\View.php(216): CodeIgniter\View\View->CodeIgniter\View\{closure}()
 4 SYSTEMPATH\Common.php(1142): CodeIgniter\View\View->render('user/dashboard', [], true)
 5 APPPATH\Controllers\User.php(57): view('user/dashboard', [...])
 6 SYSTEMPATH\CodeIgniter.php(907): App\Controllers\User->index()
 7 SYSTEMPATH\CodeIgniter.php(457): CodeIgniter\CodeIgniter->runController(Object(App\Controllers\User))
 8 SYSTEMPATH\CodeIgniter.php(340): CodeIgniter\CodeIgniter->handleRequest(null, Object(Config\Cache), false)
 9 FCPATH\index.php(67): CodeIgniter\CodeIgniter->run()
CRITICAL - 2022-09-19 19:19:08 --> Undefined variable: news_alert
in APPPATH\Views\user\dashboard.php on line 73.
 1 APPPATH\Views\user\dashboard.php(73): CodeIgniter\Debug\Exceptions->errorHandler(8, 'Undefined variable: news_alert', 'APPPATH\\Views\\user\\dashboard.php', 73, [...])
 2 SYSTEMPATH\View\View.php(213): include('APPPATH\\Views\\user\\dashboard.php')
 3 SYSTEMPATH\View\View.php(216): CodeIgniter\View\View->CodeIgniter\View\{closure}()
 4 SYSTEMPATH\Common.php(1142): CodeIgniter\View\View->render('user/dashboard', [], true)
 5 APPPATH\Controllers\User.php(57): view('user/dashboard', [...])
 6 SYSTEMPATH\CodeIgniter.php(907): App\Controllers\User->index()
 7 SYSTEMPATH\CodeIgniter.php(457): CodeIgniter\CodeIgniter->runController(Object(App\Controllers\User))
 8 SYSTEMPATH\CodeIgniter.php(340): CodeIgniter\CodeIgniter->handleRequest(null, Object(Config\Cache), false)
 9 FCPATH\index.php(67): CodeIgniter\CodeIgniter->run()
CRITICAL - 2022-09-19 19:19:27 --> Invalid file: pages/assets.php
in SYSTEMPATH\Exceptions\FrameworkException.php on line 33.
 1 SYSTEMPATH\View\View.php(201): CodeIgniter\Exceptions\FrameworkException::forInvalidFile('pages/assets.php')
 2 SYSTEMPATH\Common.php(1142): CodeIgniter\View\View->render('pages/assets', [], true)
 3 APPPATH\Controllers\Pages.php(28): view('pages/assets', [...])
 4 SYSTEMPATH\CodeIgniter.php(907): App\Controllers\Pages->view('FCPATH\\assets', 'back', 'webfonts', 'fa-solid-900.woff2')
 5 SYSTEMPATH\CodeIgniter.php(457): CodeIgniter\CodeIgniter->runController(Object(App\Controllers\Pages))
 6 SYSTEMPATH\CodeIgniter.php(340): CodeIgniter\CodeIgniter->handleRequest(null, Object(Config\Cache), false)
 7 FCPATH\index.php(67): CodeIgniter\CodeIgniter->run()
CRITICAL - 2022-09-19 19:19:27 --> Invalid file: pages/__service-worker.js
in SYSTEMPATH\Exceptions\FrameworkException.php on line 33.
 1 SYSTEMPATH\View\View.php(201): CodeIgniter\Exceptions\FrameworkException::forInvalidFile('pages/__service-worker.js')
 2 SYSTEMPATH\Common.php(1142): CodeIgniter\View\View->render('pages/__service-worker.js', [], true)
 3 APPPATH\Controllers\Pages.php(28): view('pages/__service-worker.js', [...])
 4 SYSTEMPATH\CodeIgniter.php(907): App\Controllers\Pages->view('__service-worker.js')
 5 SYSTEMPATH\CodeIgniter.php(457): CodeIgniter\CodeIgniter->runController(Object(App\Controllers\Pages))
 6 SYSTEMPATH\CodeIgniter.php(340): CodeIgniter\CodeIgniter->handleRequest(null, Object(Config\Cache), false)
 7 FCPATH\index.php(67): CodeIgniter\CodeIgniter->run()
CRITICAL - 2022-09-19 19:19:27 --> Invalid file: pages/assets.php
in SYSTEMPATH\Exceptions\FrameworkException.php on line 33.
 1 SYSTEMPATH\View\View.php(201): CodeIgniter\Exceptions\FrameworkException::forInvalidFile('pages/assets.php')
 2 SYSTEMPATH\Common.php(1142): CodeIgniter\View\View->render('pages/assets', [], true)
 3 APPPATH\Controllers\Pages.php(28): view('pages/assets', [...])
 4 SYSTEMPATH\CodeIgniter.php(907): App\Controllers\Pages->view('FCPATH\\assets', 'back', 'webfonts', 'fa-brands-400.woff2')
 5 SYSTEMPATH\CodeIgniter.php(457): CodeIgniter\CodeIgniter->runController(Object(App\Controllers\Pages))
 6 SYSTEMPATH\CodeIgniter.php(340): CodeIgniter\CodeIgniter->handleRequest(null, Object(Config\Cache), false)
 7 FCPATH\index.php(67): CodeIgniter\CodeIgniter->run()
CRITICAL - 2022-09-19 19:19:27 --> Invalid file: pages/assets.php
in SYSTEMPATH\Exceptions\FrameworkException.php on line 33.
 1 SYSTEMPATH\View\View.php(201): CodeIgniter\Exceptions\FrameworkException::forInvalidFile('pages/assets.php')
 2 SYSTEMPATH\Common.php(1142): CodeIgniter\View\View->render('pages/assets', [], true)
 3 APPPATH\Controllers\Pages.php(28): view('pages/assets', [...])
 4 SYSTEMPATH\CodeIgniter.php(907): App\Controllers\Pages->view('FCPATH\\assets', 'back', 'webfonts', 'fa-solid-900.woff')
 5 SYSTEMPATH\CodeIgniter.php(457): CodeIgniter\CodeIgniter->runController(Object(App\Controllers\Pages))
 6 SYSTEMPATH\CodeIgniter.php(340): CodeIgniter\CodeIgniter->handleRequest(null, Object(Config\Cache), false)
 7 FCPATH\index.php(67): CodeIgniter\CodeIgniter->run()
CRITICAL - 2022-09-19 19:19:27 --> Invalid file: pages/assets.php
in SYSTEMPATH\Exceptions\FrameworkException.php on line 33.
 1 SYSTEMPATH\View\View.php(201): CodeIgniter\Exceptions\FrameworkException::forInvalidFile('pages/assets.php')
 2 SYSTEMPATH\Common.php(1142): CodeIgniter\View\View->render('pages/assets', [], true)
 3 APPPATH\Controllers\Pages.php(28): view('pages/assets', [...])
 4 SYSTEMPATH\CodeIgniter.php(907): App\Controllers\Pages->view('FCPATH\\assets', 'back', 'webfonts', 'fa-brands-400.woff')
 5 SYSTEMPATH\CodeIgniter.php(457): CodeIgniter\CodeIgniter->runController(Object(App\Controllers\Pages))
 6 SYSTEMPATH\CodeIgniter.php(340): CodeIgniter\CodeIgniter->handleRequest(null, Object(Config\Cache), false)
 7 FCPATH\index.php(67): CodeIgniter\CodeIgniter->run()
CRITICAL - 2022-09-19 19:19:27 --> Invalid file: pages/assets.php
in SYSTEMPATH\Exceptions\FrameworkException.php on line 33.
 1 SYSTEMPATH\View\View.php(201): CodeIgniter\Exceptions\FrameworkException::forInvalidFile('pages/assets.php')
 2 SYSTEMPATH\Common.php(1142): CodeIgniter\View\View->render('pages/assets', [], true)
 3 APPPATH\Controllers\Pages.php(28): view('pages/assets', [...])
 4 SYSTEMPATH\CodeIgniter.php(907): App\Controllers\Pages->view('FCPATH\\assets', 'back', 'webfonts', 'fa-solid-900.ttf')
 5 SYSTEMPATH\CodeIgniter.php(457): CodeIgniter\CodeIgniter->runController(Object(App\Controllers\Pages))
 6 SYSTEMPATH\CodeIgniter.php(340): CodeIgniter\CodeIgniter->handleRequest(null, Object(Config\Cache), false)
 7 FCPATH\index.php(67): CodeIgniter\CodeIgniter->run()
CRITICAL - 2022-09-19 19:19:27 --> Invalid file: pages/assets.php
in SYSTEMPATH\Exceptions\FrameworkException.php on line 33.
 1 SYSTEMPATH\View\View.php(201): CodeIgniter\Exceptions\FrameworkException::forInvalidFile('pages/assets.php')
 2 SYSTEMPATH\Common.php(1142): CodeIgniter\View\View->render('pages/assets', [], true)
 3 APPPATH\Controllers\Pages.php(28): view('pages/assets', [...])
 4 SYSTEMPATH\CodeIgniter.php(907): App\Controllers\Pages->view('FCPATH\\assets', 'back', 'webfonts', 'fa-brands-400.ttf')
 5 SYSTEMPATH\CodeIgniter.php(457): CodeIgniter\CodeIgniter->runController(Object(App\Controllers\Pages))
 6 SYSTEMPATH\CodeIgniter.php(340): CodeIgniter\CodeIgniter->handleRequest(null, Object(Config\Cache), false)
 7 FCPATH\index.php(67): CodeIgniter\CodeIgniter->run()
CRITICAL - 2022-09-19 19:20:38 --> Invalid file: pages/__service-worker.js
in SYSTEMPATH\Exceptions\FrameworkException.php on line 33.
 1 SYSTEMPATH\View\View.php(201): CodeIgniter\Exceptions\FrameworkException::forInvalidFile('pages/__service-worker.js')
 2 SYSTEMPATH\Common.php(1142): CodeIgniter\View\View->render('pages/__service-worker.js', [], true)
 3 APPPATH\Controllers\Pages.php(28): view('pages/__service-worker.js', [...])
 4 SYSTEMPATH\CodeIgniter.php(907): App\Controllers\Pages->view('__service-worker.js')
 5 SYSTEMPATH\CodeIgniter.php(457): CodeIgniter\CodeIgniter->runController(Object(App\Controllers\Pages))
 6 SYSTEMPATH\CodeIgniter.php(340): CodeIgniter\CodeIgniter->handleRequest(null, Object(Config\Cache), false)
 7 FCPATH\index.php(67): CodeIgniter\CodeIgniter->run()
CRITICAL - 2022-09-19 19:20:38 --> Invalid file: pages/assets.php
in SYSTEMPATH\Exceptions\FrameworkException.php on line 33.
 1 SYSTEMPATH\View\View.php(201): CodeIgniter\Exceptions\FrameworkException::forInvalidFile('pages/assets.php')
 2 SYSTEMPATH\Common.php(1142): CodeIgniter\View\View->render('pages/assets', [], true)
 3 APPPATH\Controllers\Pages.php(28): view('pages/assets', [...])
 4 SYSTEMPATH\CodeIgniter.php(907): App\Controllers\Pages->view('FCPATH\\assets', 'back', 'webfonts', 'fa-solid-900.woff2')
 5 SYSTEMPATH\CodeIgniter.php(457): CodeIgniter\CodeIgniter->runController(Object(App\Controllers\Pages))
 6 SYSTEMPATH\CodeIgniter.php(340): CodeIgniter\CodeIgniter->handleRequest(null, Object(Config\Cache), false)
 7 FCPATH\index.php(67): CodeIgniter\CodeIgniter->run()
CRITICAL - 2022-09-19 19:20:38 --> Invalid file: pages/assets.php
in SYSTEMPATH\Exceptions\FrameworkException.php on line 33.
 1 SYSTEMPATH\View\View.php(201): CodeIgniter\Exceptions\FrameworkException::forInvalidFile('pages/assets.php')
 2 SYSTEMPATH\Common.php(1142): CodeIgniter\View\View->render('pages/assets', [], true)
 3 APPPATH\Controllers\Pages.php(28): view('pages/assets', [...])
 4 SYSTEMPATH\CodeIgniter.php(907): App\Controllers\Pages->view('FCPATH\\assets', 'back', 'webfonts', 'fa-brands-400.woff2')
 5 SYSTEMPATH\CodeIgniter.php(457): CodeIgniter\CodeIgniter->runController(Object(App\Controllers\Pages))
 6 SYSTEMPATH\CodeIgniter.php(340): CodeIgniter\CodeIgniter->handleRequest(null, Object(Config\Cache), false)
 7 FCPATH\index.php(67): CodeIgniter\CodeIgniter->run()
CRITICAL - 2022-09-19 19:20:38 --> Invalid file: pages/assets.php
in SYSTEMPATH\Exceptions\FrameworkException.php on line 33.
 1 SYSTEMPATH\View\View.php(201): CodeIgniter\Exceptions\FrameworkException::forInvalidFile('pages/assets.php')
 2 SYSTEMPATH\Common.php(1142): CodeIgniter\View\View->render('pages/assets', [], true)
 3 APPPATH\Controllers\Pages.php(28): view('pages/assets', [...])
 4 SYSTEMPATH\CodeIgniter.php(907): App\Controllers\Pages->view('FCPATH\\assets', 'back', 'webfonts', 'fa-solid-900.woff')
 5 SYSTEMPATH\CodeIgniter.php(457): CodeIgniter\CodeIgniter->runController(Object(App\Controllers\Pages))
 6 SYSTEMPATH\CodeIgniter.php(340): CodeIgniter\CodeIgniter->handleRequest(null, Object(Config\Cache), false)
 7 FCPATH\index.php(67): CodeIgniter\CodeIgniter->run()
CRITICAL - 2022-09-19 19:20:38 --> Invalid file: pages/assets.php
in SYSTEMPATH\Exceptions\FrameworkException.php on line 33.
 1 SYSTEMPATH\View\View.php(201): CodeIgniter\Exceptions\FrameworkException::forInvalidFile('pages/assets.php')
 2 SYSTEMPATH\Common.php(1142): CodeIgniter\View\View->render('pages/assets', [], true)
 3 APPPATH\Controllers\Pages.php(28): view('pages/assets', [...])
 4 SYSTEMPATH\CodeIgniter.php(907): App\Controllers\Pages->view('FCPATH\\assets', 'back', 'webfonts', 'fa-brands-400.woff')
 5 SYSTEMPATH\CodeIgniter.php(457): CodeIgniter\CodeIgniter->runController(Object(App\Controllers\Pages))
 6 SYSTEMPATH\CodeIgniter.php(340): CodeIgniter\CodeIgniter->handleRequest(null, Object(Config\Cache), false)
 7 FCPATH\index.php(67): CodeIgniter\CodeIgniter->run()
CRITICAL - 2022-09-19 19:20:38 --> Invalid file: pages/assets.php
in SYSTEMPATH\Exceptions\FrameworkException.php on line 33.
 1 SYSTEMPATH\View\View.php(201): CodeIgniter\Exceptions\FrameworkException::forInvalidFile('pages/assets.php')
 2 SYSTEMPATH\Common.php(1142): CodeIgniter\View\View->render('pages/assets', [], true)
 3 APPPATH\Controllers\Pages.php(28): view('pages/assets', [...])
 4 SYSTEMPATH\CodeIgniter.php(907): App\Controllers\Pages->view('FCPATH\\assets', 'back', 'webfonts', 'fa-solid-900.ttf')
 5 SYSTEMPATH\CodeIgniter.php(457): CodeIgniter\CodeIgniter->runController(Object(App\Controllers\Pages))
 6 SYSTEMPATH\CodeIgniter.php(340): CodeIgniter\CodeIgniter->handleRequest(null, Object(Config\Cache), false)
 7 FCPATH\index.php(67): CodeIgniter\CodeIgniter->run()
CRITICAL - 2022-09-19 19:20:38 --> Invalid file: pages/assets.php
in SYSTEMPATH\Exceptions\FrameworkException.php on line 33.
 1 SYSTEMPATH\View\View.php(201): CodeIgniter\Exceptions\FrameworkException::forInvalidFile('pages/assets.php')
 2 SYSTEMPATH\Common.php(1142): CodeIgniter\View\View->render('pages/assets', [], true)
 3 APPPATH\Controllers\Pages.php(28): view('pages/assets', [...])
 4 SYSTEMPATH\CodeIgniter.php(907): App\Controllers\Pages->view('FCPATH\\assets', 'back', 'webfonts', 'fa-brands-400.ttf')
 5 SYSTEMPATH\CodeIgniter.php(457): CodeIgniter\CodeIgniter->runController(Object(App\Controllers\Pages))
 6 SYSTEMPATH\CodeIgniter.php(340): CodeIgniter\CodeIgniter->handleRequest(null, Object(Config\Cache), false)
 7 FCPATH\index.php(67): CodeIgniter\CodeIgniter->run()
CRITICAL - 2022-09-19 19:25:58 --> Undefined index: title
in APPPATH\Controllers\User.php on line 41.
 1 APPPATH\Controllers\User.php(41): CodeIgniter\Debug\Exceptions->errorHandler(8, 'Undefined index: title', 'APPPATH\\Controllers\\User.php', 41, [...])
 2 SYSTEMPATH\CodeIgniter.php(907): App\Controllers\User->index()
 3 SYSTEMPATH\CodeIgniter.php(457): CodeIgniter\CodeIgniter->runController(Object(App\Controllers\User))
 4 SYSTEMPATH\CodeIgniter.php(340): CodeIgniter\CodeIgniter->handleRequest(null, Object(Config\Cache), false)
 5 FCPATH\index.php(67): CodeIgniter\CodeIgniter->run()
CRITICAL - 2022-09-19 19:27:38 --> Undefined index: title
in APPPATH\Controllers\User.php on line 41.
 1 APPPATH\Controllers\User.php(41): CodeIgniter\Debug\Exceptions->errorHandler(8, 'Undefined index: title', 'APPPATH\\Controllers\\User.php', 41, [...])
 2 SYSTEMPATH\CodeIgniter.php(907): App\Controllers\User->index()
 3 SYSTEMPATH\CodeIgniter.php(457): CodeIgniter\CodeIgniter->runController(Object(App\Controllers\User))
 4 SYSTEMPATH\CodeIgniter.php(340): CodeIgniter\CodeIgniter->handleRequest(null, Object(Config\Cache), false)
 5 FCPATH\index.php(67): CodeIgniter\CodeIgniter->run()
CRITICAL - 2022-09-19 19:28:13 --> Undefined index: title
in APPPATH\Controllers\User.php on line 42.
 1 APPPATH\Controllers\User.php(42): CodeIgniter\Debug\Exceptions->errorHandler(8, 'Undefined index: title', 'APPPATH\\Controllers\\User.php', 42, [...])
 2 SYSTEMPATH\CodeIgniter.php(907): App\Controllers\User->index()
 3 SYSTEMPATH\CodeIgniter.php(457): CodeIgniter\CodeIgniter->runController(Object(App\Controllers\User))
 4 SYSTEMPATH\CodeIgniter.php(340): CodeIgniter\CodeIgniter->handleRequest(null, Object(Config\Cache), false)
 5 FCPATH\index.php(67): CodeIgniter\CodeIgniter->run()
CRITICAL - 2022-09-19 19:28:29 --> Undefined variable: news_alert
in APPPATH\Views\user\dashboard.php on line 74.
 1 APPPATH\Views\user\dashboard.php(74): CodeIgniter\Debug\Exceptions->errorHandler(8, 'Undefined variable: news_alert', 'APPPATH\\Views\\user\\dashboard.php', 74, [...])
 2 SYSTEMPATH\View\View.php(213): include('APPPATH\\Views\\user\\dashboard.php')
 3 SYSTEMPATH\View\View.php(216): CodeIgniter\View\View->CodeIgniter\View\{closure}()
 4 SYSTEMPATH\Common.php(1142): CodeIgniter\View\View->render('user/dashboard', [], true)
 5 APPPATH\Controllers\User.php(60): view('user/dashboard', [...])
 6 SYSTEMPATH\CodeIgniter.php(907): App\Controllers\User->index()
 7 SYSTEMPATH\CodeIgniter.php(457): CodeIgniter\CodeIgniter->runController(Object(App\Controllers\User))
 8 SYSTEMPATH\CodeIgniter.php(340): CodeIgniter\CodeIgniter->handleRequest(null, Object(Config\Cache), false)
 9 FCPATH\index.php(67): CodeIgniter\CodeIgniter->run()
CRITICAL - 2022-09-19 19:28:59 --> Invalid file: pages/assets.php
in SYSTEMPATH\Exceptions\FrameworkException.php on line 33.
 1 SYSTEMPATH\View\View.php(201): CodeIgniter\Exceptions\FrameworkException::forInvalidFile('pages/assets.php')
 2 SYSTEMPATH\Common.php(1142): CodeIgniter\View\View->render('pages/assets', [], true)
 3 APPPATH\Controllers\Pages.php(28): view('pages/assets', [...])
 4 SYSTEMPATH\CodeIgniter.php(907): App\Controllers\Pages->view('FCPATH\\assets', 'back', 'webfonts', 'fa-solid-900.woff2')
 5 SYSTEMPATH\CodeIgniter.php(457): CodeIgniter\CodeIgniter->runController(Object(App\Controllers\Pages))
 6 SYSTEMPATH\CodeIgniter.php(340): CodeIgniter\CodeIgniter->handleRequest(null, Object(Config\Cache), false)
 7 FCPATH\index.php(67): CodeIgniter\CodeIgniter->run()
CRITICAL - 2022-09-19 19:28:59 --> Invalid file: pages/__service-worker.js
in SYSTEMPATH\Exceptions\FrameworkException.php on line 33.
 1 SYSTEMPATH\View\View.php(201): CodeIgniter\Exceptions\FrameworkException::forInvalidFile('pages/__service-worker.js')
 2 SYSTEMPATH\Common.php(1142): CodeIgniter\View\View->render('pages/__service-worker.js', [], true)
 3 APPPATH\Controllers\Pages.php(28): view('pages/__service-worker.js', [...])
 4 SYSTEMPATH\CodeIgniter.php(907): App\Controllers\Pages->view('__service-worker.js')
 5 SYSTEMPATH\CodeIgniter.php(457): CodeIgniter\CodeIgniter->runController(Object(App\Controllers\Pages))
 6 SYSTEMPATH\CodeIgniter.php(340): CodeIgniter\CodeIgniter->handleRequest(null, Object(Config\Cache), false)
 7 FCPATH\index.php(67): CodeIgniter\CodeIgniter->run()
CRITICAL - 2022-09-19 19:28:59 --> Invalid file: pages/assets.php
in SYSTEMPATH\Exceptions\FrameworkException.php on line 33.
 1 SYSTEMPATH\View\View.php(201): CodeIgniter\Exceptions\FrameworkException::forInvalidFile('pages/assets.php')
 2 SYSTEMPATH\Common.php(1142): CodeIgniter\View\View->render('pages/assets', [], true)
 3 APPPATH\Controllers\Pages.php(28): view('pages/assets', [...])
 4 SYSTEMPATH\CodeIgniter.php(907): App\Controllers\Pages->view('FCPATH\\assets', 'back', 'webfonts', 'fa-brands-400.woff2')
 5 SYSTEMPATH\CodeIgniter.php(457): CodeIgniter\CodeIgniter->runController(Object(App\Controllers\Pages))
 6 SYSTEMPATH\CodeIgniter.php(340): CodeIgniter\CodeIgniter->handleRequest(null, Object(Config\Cache), false)
 7 FCPATH\index.php(67): CodeIgniter\CodeIgniter->run()
CRITICAL - 2022-09-19 19:28:59 --> Invalid file: pages/assets.php
in SYSTEMPATH\Exceptions\FrameworkException.php on line 33.
 1 SYSTEMPATH\View\View.php(201): CodeIgniter\Exceptions\FrameworkException::forInvalidFile('pages/assets.php')
 2 SYSTEMPATH\Common.php(1142): CodeIgniter\View\View->render('pages/assets', [], true)
 3 APPPATH\Controllers\Pages.php(28): view('pages/assets', [...])
 4 SYSTEMPATH\CodeIgniter.php(907): App\Controllers\Pages->view('FCPATH\\assets', 'back', 'webfonts', 'fa-solid-900.woff')
 5 SYSTEMPATH\CodeIgniter.php(457): CodeIgniter\CodeIgniter->runController(Object(App\Controllers\Pages))
 6 SYSTEMPATH\CodeIgniter.php(340): CodeIgniter\CodeIgniter->handleRequest(null, Object(Config\Cache), false)
 7 FCPATH\index.php(67): CodeIgniter\CodeIgniter->run()
CRITICAL - 2022-09-19 19:28:59 --> Invalid file: pages/assets.php
in SYSTEMPATH\Exceptions\FrameworkException.php on line 33.
 1 SYSTEMPATH\View\View.php(201): CodeIgniter\Exceptions\FrameworkException::forInvalidFile('pages/assets.php')
 2 SYSTEMPATH\Common.php(1142): CodeIgniter\View\View->render('pages/assets', [], true)
 3 APPPATH\Controllers\Pages.php(28): view('pages/assets', [...])
 4 SYSTEMPATH\CodeIgniter.php(907): App\Controllers\Pages->view('FCPATH\\assets', 'back', 'webfonts', 'fa-brands-400.woff')
 5 SYSTEMPATH\CodeIgniter.php(457): CodeIgniter\CodeIgniter->runController(Object(App\Controllers\Pages))
 6 SYSTEMPATH\CodeIgniter.php(340): CodeIgniter\CodeIgniter->handleRequest(null, Object(Config\Cache), false)
 7 FCPATH\index.php(67): CodeIgniter\CodeIgniter->run()
CRITICAL - 2022-09-19 19:28:59 --> Invalid file: pages/assets.php
in SYSTEMPATH\Exceptions\FrameworkException.php on line 33.
 1 SYSTEMPATH\View\View.php(201): CodeIgniter\Exceptions\FrameworkException::forInvalidFile('pages/assets.php')
 2 SYSTEMPATH\Common.php(1142): CodeIgniter\View\View->render('pages/assets', [], true)
 3 APPPATH\Controllers\Pages.php(28): view('pages/assets', [...])
 4 SYSTEMPATH\CodeIgniter.php(907): App\Controllers\Pages->view('FCPATH\\assets', 'back', 'webfonts', 'fa-solid-900.ttf')
 5 SYSTEMPATH\CodeIgniter.php(457): CodeIgniter\CodeIgniter->runController(Object(App\Controllers\Pages))
 6 SYSTEMPATH\CodeIgniter.php(340): CodeIgniter\CodeIgniter->handleRequest(null, Object(Config\Cache), false)
 7 FCPATH\index.php(67): CodeIgniter\CodeIgniter->run()
CRITICAL - 2022-09-19 19:28:59 --> Invalid file: pages/assets.php
in SYSTEMPATH\Exceptions\FrameworkException.php on line 33.
 1 SYSTEMPATH\View\View.php(201): CodeIgniter\Exceptions\FrameworkException::forInvalidFile('pages/assets.php')
 2 SYSTEMPATH\Common.php(1142): CodeIgniter\View\View->render('pages/assets', [], true)
 3 APPPATH\Controllers\Pages.php(28): view('pages/assets', [...])
 4 SYSTEMPATH\CodeIgniter.php(907): App\Controllers\Pages->view('FCPATH\\assets', 'back', 'webfonts', 'fa-brands-400.ttf')
 5 SYSTEMPATH\CodeIgniter.php(457): CodeIgniter\CodeIgniter->runController(Object(App\Controllers\Pages))
 6 SYSTEMPATH\CodeIgniter.php(340): CodeIgniter\CodeIgniter->handleRequest(null, Object(Config\Cache), false)
 7 FCPATH\index.php(67): CodeIgniter\CodeIgniter->run()
CRITICAL - 2022-09-19 19:29:57 --> Invalid file: pages/__service-worker.js
in SYSTEMPATH\Exceptions\FrameworkException.php on line 33.
 1 SYSTEMPATH\View\View.php(201): CodeIgniter\Exceptions\FrameworkException::forInvalidFile('pages/__service-worker.js')
 2 SYSTEMPATH\Common.php(1142): CodeIgniter\View\View->render('pages/__service-worker.js', [], true)
 3 APPPATH\Controllers\Pages.php(28): view('pages/__service-worker.js', [...])
 4 SYSTEMPATH\CodeIgniter.php(907): App\Controllers\Pages->view('__service-worker.js')
 5 SYSTEMPATH\CodeIgniter.php(457): CodeIgniter\CodeIgniter->runController(Object(App\Controllers\Pages))
 6 SYSTEMPATH\CodeIgniter.php(340): CodeIgniter\CodeIgniter->handleRequest(null, Object(Config\Cache), false)
 7 FCPATH\index.php(67): CodeIgniter\CodeIgniter->run()
CRITICAL - 2022-09-19 19:29:57 --> Invalid file: pages/assets.php
in SYSTEMPATH\Exceptions\FrameworkException.php on line 33.
 1 SYSTEMPATH\View\View.php(201): CodeIgniter\Exceptions\FrameworkException::forInvalidFile('pages/assets.php')
 2 SYSTEMPATH\Common.php(1142): CodeIgniter\View\View->render('pages/assets', [], true)
 3 APPPATH\Controllers\Pages.php(28): view('pages/assets', [...])
 4 SYSTEMPATH\CodeIgniter.php(907): App\Controllers\Pages->view('FCPATH\\assets', 'back', 'webfonts', 'fa-solid-900.woff2')
 5 SYSTEMPATH\CodeIgniter.php(457): CodeIgniter\CodeIgniter->runController(Object(App\Controllers\Pages))
 6 SYSTEMPATH\CodeIgniter.php(340): CodeIgniter\CodeIgniter->handleRequest(null, Object(Config\Cache), false)
 7 FCPATH\index.php(67): CodeIgniter\CodeIgniter->run()
CRITICAL - 2022-09-19 19:29:57 --> Invalid file: pages/assets.php
in SYSTEMPATH\Exceptions\FrameworkException.php on line 33.
 1 SYSTEMPATH\View\View.php(201): CodeIgniter\Exceptions\FrameworkException::forInvalidFile('pages/assets.php')
 2 SYSTEMPATH\Common.php(1142): CodeIgniter\View\View->render('pages/assets', [], true)
 3 APPPATH\Controllers\Pages.php(28): view('pages/assets', [...])
 4 SYSTEMPATH\CodeIgniter.php(907): App\Controllers\Pages->view('FCPATH\\assets', 'back', 'webfonts', 'fa-brands-400.woff2')
 5 SYSTEMPATH\CodeIgniter.php(457): CodeIgniter\CodeIgniter->runController(Object(App\Controllers\Pages))
 6 SYSTEMPATH\CodeIgniter.php(340): CodeIgniter\CodeIgniter->handleRequest(null, Object(Config\Cache), false)
 7 FCPATH\index.php(67): CodeIgniter\CodeIgniter->run()
CRITICAL - 2022-09-19 19:29:57 --> Invalid file: pages/assets.php
in SYSTEMPATH\Exceptions\FrameworkException.php on line 33.
 1 SYSTEMPATH\View\View.php(201): CodeIgniter\Exceptions\FrameworkException::forInvalidFile('pages/assets.php')
 2 SYSTEMPATH\Common.php(1142): CodeIgniter\View\View->render('pages/assets', [], true)
 3 APPPATH\Controllers\Pages.php(28): view('pages/assets', [...])
 4 SYSTEMPATH\CodeIgniter.php(907): App\Controllers\Pages->view('FCPATH\\assets', 'back', 'webfonts', 'fa-solid-900.woff')
 5 SYSTEMPATH\CodeIgniter.php(457): CodeIgniter\CodeIgniter->runController(Object(App\Controllers\Pages))
 6 SYSTEMPATH\CodeIgniter.php(340): CodeIgniter\CodeIgniter->handleRequest(null, Object(Config\Cache), false)
 7 FCPATH\index.php(67): CodeIgniter\CodeIgniter->run()
CRITICAL - 2022-09-19 19:29:57 --> Invalid file: pages/assets.php
in SYSTEMPATH\Exceptions\FrameworkException.php on line 33.
 1 SYSTEMPATH\View\View.php(201): CodeIgniter\Exceptions\FrameworkException::forInvalidFile('pages/assets.php')
 2 SYSTEMPATH\Common.php(1142): CodeIgniter\View\View->render('pages/assets', [], true)
 3 APPPATH\Controllers\Pages.php(28): view('pages/assets', [...])
 4 SYSTEMPATH\CodeIgniter.php(907): App\Controllers\Pages->view('FCPATH\\assets', 'back', 'webfonts', 'fa-brands-400.woff')
 5 SYSTEMPATH\CodeIgniter.php(457): CodeIgniter\CodeIgniter->runController(Object(App\Controllers\Pages))
 6 SYSTEMPATH\CodeIgniter.php(340): CodeIgniter\CodeIgniter->handleRequest(null, Object(Config\Cache), false)
 7 FCPATH\index.php(67): CodeIgniter\CodeIgniter->run()
CRITICAL - 2022-09-19 19:29:57 --> Invalid file: pages/assets.php
in SYSTEMPATH\Exceptions\FrameworkException.php on line 33.
 1 SYSTEMPATH\View\View.php(201): CodeIgniter\Exceptions\FrameworkException::forInvalidFile('pages/assets.php')
 2 SYSTEMPATH\Common.php(1142): CodeIgniter\View\View->render('pages/assets', [], true)
 3 APPPATH\Controllers\Pages.php(28): view('pages/assets', [...])
 4 SYSTEMPATH\CodeIgniter.php(907): App\Controllers\Pages->view('FCPATH\\assets', 'back', 'webfonts', 'fa-solid-900.ttf')
 5 SYSTEMPATH\CodeIgniter.php(457): CodeIgniter\CodeIgniter->runController(Object(App\Controllers\Pages))
 6 SYSTEMPATH\CodeIgniter.php(340): CodeIgniter\CodeIgniter->handleRequest(null, Object(Config\Cache), false)
 7 FCPATH\index.php(67): CodeIgniter\CodeIgniter->run()
CRITICAL - 2022-09-19 19:29:57 --> Invalid file: pages/assets.php
in SYSTEMPATH\Exceptions\FrameworkException.php on line 33.
 1 SYSTEMPATH\View\View.php(201): CodeIgniter\Exceptions\FrameworkException::forInvalidFile('pages/assets.php')
 2 SYSTEMPATH\Common.php(1142): CodeIgniter\View\View->render('pages/assets', [], true)
 3 APPPATH\Controllers\Pages.php(28): view('pages/assets', [...])
 4 SYSTEMPATH\CodeIgniter.php(907): App\Controllers\Pages->view('FCPATH\\assets', 'back', 'webfonts', 'fa-brands-400.ttf')
 5 SYSTEMPATH\CodeIgniter.php(457): CodeIgniter\CodeIgniter->runController(Object(App\Controllers\Pages))
 6 SYSTEMPATH\CodeIgniter.php(340): CodeIgniter\CodeIgniter->handleRequest(null, Object(Config\Cache), false)
 7 FCPATH\index.php(67): CodeIgniter\CodeIgniter->run()
CRITICAL - 2022-09-19 19:30:47 --> Invalid file: pages/assets.php
in SYSTEMPATH\Exceptions\FrameworkException.php on line 33.
 1 SYSTEMPATH\View\View.php(201): CodeIgniter\Exceptions\FrameworkException::forInvalidFile('pages/assets.php')
 2 SYSTEMPATH\Common.php(1142): CodeIgniter\View\View->render('pages/assets', [], true)
 3 APPPATH\Controllers\Pages.php(28): view('pages/assets', [...])
 4 SYSTEMPATH\CodeIgniter.php(907): App\Controllers\Pages->view('FCPATH\\assets', 'back', 'webfonts', 'fa-solid-900.woff2')
 5 SYSTEMPATH\CodeIgniter.php(457): CodeIgniter\CodeIgniter->runController(Object(App\Controllers\Pages))
 6 SYSTEMPATH\CodeIgniter.php(340): CodeIgniter\CodeIgniter->handleRequest(null, Object(Config\Cache), false)
 7 FCPATH\index.php(67): CodeIgniter\CodeIgniter->run()
CRITICAL - 2022-09-19 19:30:47 --> Invalid file: pages/__service-worker.js
in SYSTEMPATH\Exceptions\FrameworkException.php on line 33.
 1 SYSTEMPATH\View\View.php(201): CodeIgniter\Exceptions\FrameworkException::forInvalidFile('pages/__service-worker.js')
 2 SYSTEMPATH\Common.php(1142): CodeIgniter\View\View->render('pages/__service-worker.js', [], true)
 3 APPPATH\Controllers\Pages.php(28): view('pages/__service-worker.js', [...])
 4 SYSTEMPATH\CodeIgniter.php(907): App\Controllers\Pages->view('__service-worker.js')
 5 SYSTEMPATH\CodeIgniter.php(457): CodeIgniter\CodeIgniter->runController(Object(App\Controllers\Pages))
 6 SYSTEMPATH\CodeIgniter.php(340): CodeIgniter\CodeIgniter->handleRequest(null, Object(Config\Cache), false)
 7 FCPATH\index.php(67): CodeIgniter\CodeIgniter->run()
CRITICAL - 2022-09-19 19:30:47 --> Invalid file: pages/assets.php
in SYSTEMPATH\Exceptions\FrameworkException.php on line 33.
 1 SYSTEMPATH\View\View.php(201): CodeIgniter\Exceptions\FrameworkException::forInvalidFile('pages/assets.php')
 2 SYSTEMPATH\Common.php(1142): CodeIgniter\View\View->render('pages/assets', [], true)
 3 APPPATH\Controllers\Pages.php(28): view('pages/assets', [...])
 4 SYSTEMPATH\CodeIgniter.php(907): App\Controllers\Pages->view('FCPATH\\assets', 'back', 'webfonts', 'fa-brands-400.woff2')
 5 SYSTEMPATH\CodeIgniter.php(457): CodeIgniter\CodeIgniter->runController(Object(App\Controllers\Pages))
 6 SYSTEMPATH\CodeIgniter.php(340): CodeIgniter\CodeIgniter->handleRequest(null, Object(Config\Cache), false)
 7 FCPATH\index.php(67): CodeIgniter\CodeIgniter->run()
CRITICAL - 2022-09-19 19:30:47 --> Invalid file: pages/assets.php
in SYSTEMPATH\Exceptions\FrameworkException.php on line 33.
 1 SYSTEMPATH\View\View.php(201): CodeIgniter\Exceptions\FrameworkException::forInvalidFile('pages/assets.php')
 2 SYSTEMPATH\Common.php(1142): CodeIgniter\View\View->render('pages/assets', [], true)
 3 APPPATH\Controllers\Pages.php(28): view('pages/assets', [...])
 4 SYSTEMPATH\CodeIgniter.php(907): App\Controllers\Pages->view('FCPATH\\assets', 'back', 'webfonts', 'fa-solid-900.woff')
 5 SYSTEMPATH\CodeIgniter.php(457): CodeIgniter\CodeIgniter->runController(Object(App\Controllers\Pages))
 6 SYSTEMPATH\CodeIgniter.php(340): CodeIgniter\CodeIgniter->handleRequest(null, Object(Config\Cache), false)
 7 FCPATH\index.php(67): CodeIgniter\CodeIgniter->run()
CRITICAL - 2022-09-19 19:30:48 --> Invalid file: pages/assets.php
in SYSTEMPATH\Exceptions\FrameworkException.php on line 33.
 1 SYSTEMPATH\View\View.php(201): CodeIgniter\Exceptions\FrameworkException::forInvalidFile('pages/assets.php')
 2 SYSTEMPATH\Common.php(1142): CodeIgniter\View\View->render('pages/assets', [], true)
 3 APPPATH\Controllers\Pages.php(28): view('pages/assets', [...])
 4 SYSTEMPATH\CodeIgniter.php(907): App\Controllers\Pages->view('FCPATH\\assets', 'back', 'webfonts', 'fa-brands-400.woff')
 5 SYSTEMPATH\CodeIgniter.php(457): CodeIgniter\CodeIgniter->runController(Object(App\Controllers\Pages))
 6 SYSTEMPATH\CodeIgniter.php(340): CodeIgniter\CodeIgniter->handleRequest(null, Object(Config\Cache), false)
 7 FCPATH\index.php(67): CodeIgniter\CodeIgniter->run()
CRITICAL - 2022-09-19 19:30:48 --> Invalid file: pages/assets.php
in SYSTEMPATH\Exceptions\FrameworkException.php on line 33.
 1 SYSTEMPATH\View\View.php(201): CodeIgniter\Exceptions\FrameworkException::forInvalidFile('pages/assets.php')
 2 SYSTEMPATH\Common.php(1142): CodeIgniter\View\View->render('pages/assets', [], true)
 3 APPPATH\Controllers\Pages.php(28): view('pages/assets', [...])
 4 SYSTEMPATH\CodeIgniter.php(907): App\Controllers\Pages->view('FCPATH\\assets', 'back', 'webfonts', 'fa-solid-900.ttf')
 5 SYSTEMPATH\CodeIgniter.php(457): CodeIgniter\CodeIgniter->runController(Object(App\Controllers\Pages))
 6 SYSTEMPATH\CodeIgniter.php(340): CodeIgniter\CodeIgniter->handleRequest(null, Object(Config\Cache), false)
 7 FCPATH\index.php(67): CodeIgniter\CodeIgniter->run()
CRITICAL - 2022-09-19 19:30:48 --> Invalid file: pages/assets.php
in SYSTEMPATH\Exceptions\FrameworkException.php on line 33.
 1 SYSTEMPATH\View\View.php(201): CodeIgniter\Exceptions\FrameworkException::forInvalidFile('pages/assets.php')
 2 SYSTEMPATH\Common.php(1142): CodeIgniter\View\View->render('pages/assets', [], true)
 3 APPPATH\Controllers\Pages.php(28): view('pages/assets', [...])
 4 SYSTEMPATH\CodeIgniter.php(907): App\Controllers\Pages->view('FCPATH\\assets', 'back', 'webfonts', 'fa-brands-400.ttf')
 5 SYSTEMPATH\CodeIgniter.php(457): CodeIgniter\CodeIgniter->runController(Object(App\Controllers\Pages))
 6 SYSTEMPATH\CodeIgniter.php(340): CodeIgniter\CodeIgniter->handleRequest(null, Object(Config\Cache), false)
 7 FCPATH\index.php(67): CodeIgniter\CodeIgniter->run()
CRITICAL - 2022-09-19 19:31:13 --> Invalid file: pages/__service-worker.js
in SYSTEMPATH\Exceptions\FrameworkException.php on line 33.
 1 SYSTEMPATH\View\View.php(201): CodeIgniter\Exceptions\FrameworkException::forInvalidFile('pages/__service-worker.js')
 2 SYSTEMPATH\Common.php(1142): CodeIgniter\View\View->render('pages/__service-worker.js', [], true)
 3 APPPATH\Controllers\Pages.php(28): view('pages/__service-worker.js', [...])
 4 SYSTEMPATH\CodeIgniter.php(907): App\Controllers\Pages->view('__service-worker.js')
 5 SYSTEMPATH\CodeIgniter.php(457): CodeIgniter\CodeIgniter->runController(Object(App\Controllers\Pages))
 6 SYSTEMPATH\CodeIgniter.php(340): CodeIgniter\CodeIgniter->handleRequest(null, Object(Config\Cache), false)
 7 FCPATH\index.php(67): CodeIgniter\CodeIgniter->run()
CRITICAL - 2022-09-19 19:31:13 --> Invalid file: pages/assets.php
in SYSTEMPATH\Exceptions\FrameworkException.php on line 33.
 1 SYSTEMPATH\View\View.php(201): CodeIgniter\Exceptions\FrameworkException::forInvalidFile('pages/assets.php')
 2 SYSTEMPATH\Common.php(1142): CodeIgniter\View\View->render('pages/assets', [], true)
 3 APPPATH\Controllers\Pages.php(28): view('pages/assets', [...])
 4 SYSTEMPATH\CodeIgniter.php(907): App\Controllers\Pages->view('FCPATH\\assets', 'back', 'webfonts', 'fa-solid-900.woff2')
 5 SYSTEMPATH\CodeIgniter.php(457): CodeIgniter\CodeIgniter->runController(Object(App\Controllers\Pages))
 6 SYSTEMPATH\CodeIgniter.php(340): CodeIgniter\CodeIgniter->handleRequest(null, Object(Config\Cache), false)
 7 FCPATH\index.php(67): CodeIgniter\CodeIgniter->run()
CRITICAL - 2022-09-19 19:31:13 --> Invalid file: pages/assets.php
in SYSTEMPATH\Exceptions\FrameworkException.php on line 33.
 1 SYSTEMPATH\View\View.php(201): CodeIgniter\Exceptions\FrameworkException::forInvalidFile('pages/assets.php')
 2 SYSTEMPATH\Common.php(1142): CodeIgniter\View\View->render('pages/assets', [], true)
 3 APPPATH\Controllers\Pages.php(28): view('pages/assets', [...])
 4 SYSTEMPATH\CodeIgniter.php(907): App\Controllers\Pages->view('FCPATH\\assets', 'back', 'webfonts', 'fa-brands-400.woff2')
 5 SYSTEMPATH\CodeIgniter.php(457): CodeIgniter\CodeIgniter->runController(Object(App\Controllers\Pages))
 6 SYSTEMPATH\CodeIgniter.php(340): CodeIgniter\CodeIgniter->handleRequest(null, Object(Config\Cache), false)
 7 FCPATH\index.php(67): CodeIgniter\CodeIgniter->run()
CRITICAL - 2022-09-19 19:31:13 --> Invalid file: pages/assets.php
in SYSTEMPATH\Exceptions\FrameworkException.php on line 33.
 1 SYSTEMPATH\View\View.php(201): CodeIgniter\Exceptions\FrameworkException::forInvalidFile('pages/assets.php')
 2 SYSTEMPATH\Common.php(1142): CodeIgniter\View\View->render('pages/assets', [], true)
 3 APPPATH\Controllers\Pages.php(28): view('pages/assets', [...])
 4 SYSTEMPATH\CodeIgniter.php(907): App\Controllers\Pages->view('FCPATH\\assets', 'back', 'webfonts', 'fa-solid-900.woff')
 5 SYSTEMPATH\CodeIgniter.php(457): CodeIgniter\CodeIgniter->runController(Object(App\Controllers\Pages))
 6 SYSTEMPATH\CodeIgniter.php(340): CodeIgniter\CodeIgniter->handleRequest(null, Object(Config\Cache), false)
 7 FCPATH\index.php(67): CodeIgniter\CodeIgniter->run()
CRITICAL - 2022-09-19 19:31:13 --> Invalid file: pages/assets.php
in SYSTEMPATH\Exceptions\FrameworkException.php on line 33.
 1 SYSTEMPATH\View\View.php(201): CodeIgniter\Exceptions\FrameworkException::forInvalidFile('pages/assets.php')
 2 SYSTEMPATH\Common.php(1142): CodeIgniter\View\View->render('pages/assets', [], true)
 3 APPPATH\Controllers\Pages.php(28): view('pages/assets', [...])
 4 SYSTEMPATH\CodeIgniter.php(907): App\Controllers\Pages->view('FCPATH\\assets', 'back', 'webfonts', 'fa-brands-400.woff')
 5 SYSTEMPATH\CodeIgniter.php(457): CodeIgniter\CodeIgniter->runController(Object(App\Controllers\Pages))
 6 SYSTEMPATH\CodeIgniter.php(340): CodeIgniter\CodeIgniter->handleRequest(null, Object(Config\Cache), false)
 7 FCPATH\index.php(67): CodeIgniter\CodeIgniter->run()
CRITICAL - 2022-09-19 19:31:13 --> Invalid file: pages/assets.php
in SYSTEMPATH\Exceptions\FrameworkException.php on line 33.
 1 SYSTEMPATH\View\View.php(201): CodeIgniter\Exceptions\FrameworkException::forInvalidFile('pages/assets.php')
 2 SYSTEMPATH\Common.php(1142): CodeIgniter\View\View->render('pages/assets', [], true)
 3 APPPATH\Controllers\Pages.php(28): view('pages/assets', [...])
 4 SYSTEMPATH\CodeIgniter.php(907): App\Controllers\Pages->view('FCPATH\\assets', 'back', 'webfonts', 'fa-solid-900.ttf')
 5 SYSTEMPATH\CodeIgniter.php(457): CodeIgniter\CodeIgniter->runController(Object(App\Controllers\Pages))
 6 SYSTEMPATH\CodeIgniter.php(340): CodeIgniter\CodeIgniter->handleRequest(null, Object(Config\Cache), false)
 7 FCPATH\index.php(67): CodeIgniter\CodeIgniter->run()
CRITICAL - 2022-09-19 19:31:13 --> Invalid file: pages/assets.php
in SYSTEMPATH\Exceptions\FrameworkException.php on line 33.
 1 SYSTEMPATH\View\View.php(201): CodeIgniter\Exceptions\FrameworkException::forInvalidFile('pages/assets.php')
 2 SYSTEMPATH\Common.php(1142): CodeIgniter\View\View->render('pages/assets', [], true)
 3 APPPATH\Controllers\Pages.php(28): view('pages/assets', [...])
 4 SYSTEMPATH\CodeIgniter.php(907): App\Controllers\Pages->view('FCPATH\\assets', 'back', 'webfonts', 'fa-brands-400.ttf')
 5 SYSTEMPATH\CodeIgniter.php(457): CodeIgniter\CodeIgniter->runController(Object(App\Controllers\Pages))
 6 SYSTEMPATH\CodeIgniter.php(340): CodeIgniter\CodeIgniter->handleRequest(null, Object(Config\Cache), false)
 7 FCPATH\index.php(67): CodeIgniter\CodeIgniter->run()
CRITICAL - 2022-09-19 19:33:16 --> Invalid file: pages/assets.php
in SYSTEMPATH\Exceptions\FrameworkException.php on line 33.
 1 SYSTEMPATH\View\View.php(201): CodeIgniter\Exceptions\FrameworkException::forInvalidFile('pages/assets.php')
 2 SYSTEMPATH\Common.php(1142): CodeIgniter\View\View->render('pages/assets', [], true)
 3 APPPATH\Controllers\Pages.php(28): view('pages/assets', [...])
 4 SYSTEMPATH\CodeIgniter.php(907): App\Controllers\Pages->view('FCPATH\\assets', 'back', 'webfonts', 'fa-solid-900.woff2')
 5 SYSTEMPATH\CodeIgniter.php(457): CodeIgniter\CodeIgniter->runController(Object(App\Controllers\Pages))
 6 SYSTEMPATH\CodeIgniter.php(340): CodeIgniter\CodeIgniter->handleRequest(null, Object(Config\Cache), false)
 7 FCPATH\index.php(67): CodeIgniter\CodeIgniter->run()
CRITICAL - 2022-09-19 19:33:16 --> Invalid file: pages/__service-worker.js
in SYSTEMPATH\Exceptions\FrameworkException.php on line 33.
 1 SYSTEMPATH\View\View.php(201): CodeIgniter\Exceptions\FrameworkException::forInvalidFile('pages/__service-worker.js')
 2 SYSTEMPATH\Common.php(1142): CodeIgniter\View\View->render('pages/__service-worker.js', [], true)
 3 APPPATH\Controllers\Pages.php(28): view('pages/__service-worker.js', [...])
 4 SYSTEMPATH\CodeIgniter.php(907): App\Controllers\Pages->view('__service-worker.js')
 5 SYSTEMPATH\CodeIgniter.php(457): CodeIgniter\CodeIgniter->runController(Object(App\Controllers\Pages))
 6 SYSTEMPATH\CodeIgniter.php(340): CodeIgniter\CodeIgniter->handleRequest(null, Object(Config\Cache), false)
 7 FCPATH\index.php(67): CodeIgniter\CodeIgniter->run()
CRITICAL - 2022-09-19 19:33:16 --> Invalid file: pages/assets.php
in SYSTEMPATH\Exceptions\FrameworkException.php on line 33.
 1 SYSTEMPATH\View\View.php(201): CodeIgniter\Exceptions\FrameworkException::forInvalidFile('pages/assets.php')
 2 SYSTEMPATH\Common.php(1142): CodeIgniter\View\View->render('pages/assets', [], true)
 3 APPPATH\Controllers\Pages.php(28): view('pages/assets', [...])
 4 SYSTEMPATH\CodeIgniter.php(907): App\Controllers\Pages->view('FCPATH\\assets', 'back', 'webfonts', 'fa-brands-400.woff2')
 5 SYSTEMPATH\CodeIgniter.php(457): CodeIgniter\CodeIgniter->runController(Object(App\Controllers\Pages))
 6 SYSTEMPATH\CodeIgniter.php(340): CodeIgniter\CodeIgniter->handleRequest(null, Object(Config\Cache), false)
 7 FCPATH\index.php(67): CodeIgniter\CodeIgniter->run()
CRITICAL - 2022-09-19 19:33:16 --> Invalid file: pages/assets.php
in SYSTEMPATH\Exceptions\FrameworkException.php on line 33.
 1 SYSTEMPATH\View\View.php(201): CodeIgniter\Exceptions\FrameworkException::forInvalidFile('pages/assets.php')
 2 SYSTEMPATH\Common.php(1142): CodeIgniter\View\View->render('pages/assets', [], true)
 3 APPPATH\Controllers\Pages.php(28): view('pages/assets', [...])
 4 SYSTEMPATH\CodeIgniter.php(907): App\Controllers\Pages->view('FCPATH\\assets', 'back', 'webfonts', 'fa-solid-900.woff')
 5 SYSTEMPATH\CodeIgniter.php(457): CodeIgniter\CodeIgniter->runController(Object(App\Controllers\Pages))
 6 SYSTEMPATH\CodeIgniter.php(340): CodeIgniter\CodeIgniter->handleRequest(null, Object(Config\Cache), false)
 7 FCPATH\index.php(67): CodeIgniter\CodeIgniter->run()
CRITICAL - 2022-09-19 19:33:16 --> Invalid file: pages/assets.php
in SYSTEMPATH\Exceptions\FrameworkException.php on line 33.
 1 SYSTEMPATH\View\View.php(201): CodeIgniter\Exceptions\FrameworkException::forInvalidFile('pages/assets.php')
 2 SYSTEMPATH\Common.php(1142): CodeIgniter\View\View->render('pages/assets', [], true)
 3 APPPATH\Controllers\Pages.php(28): view('pages/assets', [...])
 4 SYSTEMPATH\CodeIgniter.php(907): App\Controllers\Pages->view('FCPATH\\assets', 'back', 'webfonts', 'fa-brands-400.woff')
 5 SYSTEMPATH\CodeIgniter.php(457): CodeIgniter\CodeIgniter->runController(Object(App\Controllers\Pages))
 6 SYSTEMPATH\CodeIgniter.php(340): CodeIgniter\CodeIgniter->handleRequest(null, Object(Config\Cache), false)
 7 FCPATH\index.php(67): CodeIgniter\CodeIgniter->run()
CRITICAL - 2022-09-19 19:33:16 --> Invalid file: pages/assets.php
in SYSTEMPATH\Exceptions\FrameworkException.php on line 33.
 1 SYSTEMPATH\View\View.php(201): CodeIgniter\Exceptions\FrameworkException::forInvalidFile('pages/assets.php')
 2 SYSTEMPATH\Common.php(1142): CodeIgniter\View\View->render('pages/assets', [], true)
 3 APPPATH\Controllers\Pages.php(28): view('pages/assets', [...])
 4 SYSTEMPATH\CodeIgniter.php(907): App\Controllers\Pages->view('FCPATH\\assets', 'back', 'webfonts', 'fa-solid-900.ttf')
 5 SYSTEMPATH\CodeIgniter.php(457): CodeIgniter\CodeIgniter->runController(Object(App\Controllers\Pages))
 6 SYSTEMPATH\CodeIgniter.php(340): CodeIgniter\CodeIgniter->handleRequest(null, Object(Config\Cache), false)
 7 FCPATH\index.php(67): CodeIgniter\CodeIgniter->run()
CRITICAL - 2022-09-19 19:33:16 --> Invalid file: pages/assets.php
in SYSTEMPATH\Exceptions\FrameworkException.php on line 33.
 1 SYSTEMPATH\View\View.php(201): CodeIgniter\Exceptions\FrameworkException::forInvalidFile('pages/assets.php')
 2 SYSTEMPATH\Common.php(1142): CodeIgniter\View\View->render('pages/assets', [], true)
 3 APPPATH\Controllers\Pages.php(28): view('pages/assets', [...])
 4 SYSTEMPATH\CodeIgniter.php(907): App\Controllers\Pages->view('FCPATH\\assets', 'back', 'webfonts', 'fa-brands-400.ttf')
 5 SYSTEMPATH\CodeIgniter.php(457): CodeIgniter\CodeIgniter->runController(Object(App\Controllers\Pages))
 6 SYSTEMPATH\CodeIgniter.php(340): CodeIgniter\CodeIgniter->handleRequest(null, Object(Config\Cache), false)
 7 FCPATH\index.php(67): CodeIgniter\CodeIgniter->run()
CRITICAL - 2022-09-19 20:02:02 --> Invalid file: pages/assets.php
in SYSTEMPATH\Exceptions\FrameworkException.php on line 33.
 1 SYSTEMPATH\View\View.php(201): CodeIgniter\Exceptions\FrameworkException::forInvalidFile('pages/assets.php')
 2 SYSTEMPATH\Common.php(1142): CodeIgniter\View\View->render('pages/assets', [], true)
 3 APPPATH\Controllers\Pages.php(28): view('pages/assets', [...])
 4 SYSTEMPATH\CodeIgniter.php(907): App\Controllers\Pages->view('FCPATH\\assets', 'back', 'webfonts', 'fa-solid-900.woff2')
 5 SYSTEMPATH\CodeIgniter.php(457): CodeIgniter\CodeIgniter->runController(Object(App\Controllers\Pages))
 6 SYSTEMPATH\CodeIgniter.php(340): CodeIgniter\CodeIgniter->handleRequest(null, Object(Config\Cache), false)
 7 FCPATH\index.php(67): CodeIgniter\CodeIgniter->run()
CRITICAL - 2022-09-19 20:02:02 --> Invalid file: pages/__service-worker.js
in SYSTEMPATH\Exceptions\FrameworkException.php on line 33.
 1 SYSTEMPATH\View\View.php(201): CodeIgniter\Exceptions\FrameworkException::forInvalidFile('pages/__service-worker.js')
 2 SYSTEMPATH\Common.php(1142): CodeIgniter\View\View->render('pages/__service-worker.js', [], true)
 3 APPPATH\Controllers\Pages.php(28): view('pages/__service-worker.js', [...])
 4 SYSTEMPATH\CodeIgniter.php(907): App\Controllers\Pages->view('__service-worker.js')
 5 SYSTEMPATH\CodeIgniter.php(457): CodeIgniter\CodeIgniter->runController(Object(App\Controllers\Pages))
 6 SYSTEMPATH\CodeIgniter.php(340): CodeIgniter\CodeIgniter->handleRequest(null, Object(Config\Cache), false)
 7 FCPATH\index.php(67): CodeIgniter\CodeIgniter->run()
CRITICAL - 2022-09-19 20:02:02 --> Invalid file: pages/assets.php
in SYSTEMPATH\Exceptions\FrameworkException.php on line 33.
 1 SYSTEMPATH\View\View.php(201): CodeIgniter\Exceptions\FrameworkException::forInvalidFile('pages/assets.php')
 2 SYSTEMPATH\Common.php(1142): CodeIgniter\View\View->render('pages/assets', [], true)
 3 APPPATH\Controllers\Pages.php(28): view('pages/assets', [...])
 4 SYSTEMPATH\CodeIgniter.php(907): App\Controllers\Pages->view('FCPATH\\assets', 'back', 'webfonts', 'fa-brands-400.woff2')
 5 SYSTEMPATH\CodeIgniter.php(457): CodeIgniter\CodeIgniter->runController(Object(App\Controllers\Pages))
 6 SYSTEMPATH\CodeIgniter.php(340): CodeIgniter\CodeIgniter->handleRequest(null, Object(Config\Cache), false)
 7 FCPATH\index.php(67): CodeIgniter\CodeIgniter->run()
CRITICAL - 2022-09-19 20:02:02 --> Invalid file: pages/assets.php
in SYSTEMPATH\Exceptions\FrameworkException.php on line 33.
 1 SYSTEMPATH\View\View.php(201): CodeIgniter\Exceptions\FrameworkException::forInvalidFile('pages/assets.php')
 2 SYSTEMPATH\Common.php(1142): CodeIgniter\View\View->render('pages/assets', [], true)
 3 APPPATH\Controllers\Pages.php(28): view('pages/assets', [...])
 4 SYSTEMPATH\CodeIgniter.php(907): App\Controllers\Pages->view('FCPATH\\assets', 'back', 'webfonts', 'fa-solid-900.woff')
 5 SYSTEMPATH\CodeIgniter.php(457): CodeIgniter\CodeIgniter->runController(Object(App\Controllers\Pages))
 6 SYSTEMPATH\CodeIgniter.php(340): CodeIgniter\CodeIgniter->handleRequest(null, Object(Config\Cache), false)
 7 FCPATH\index.php(67): CodeIgniter\CodeIgniter->run()
CRITICAL - 2022-09-19 20:02:02 --> Invalid file: pages/assets.php
in SYSTEMPATH\Exceptions\FrameworkException.php on line 33.
 1 SYSTEMPATH\View\View.php(201): CodeIgniter\Exceptions\FrameworkException::forInvalidFile('pages/assets.php')
 2 SYSTEMPATH\Common.php(1142): CodeIgniter\View\View->render('pages/assets', [], true)
 3 APPPATH\Controllers\Pages.php(28): view('pages/assets', [...])
 4 SYSTEMPATH\CodeIgniter.php(907): App\Controllers\Pages->view('FCPATH\\assets', 'back', 'webfonts', 'fa-brands-400.woff')
 5 SYSTEMPATH\CodeIgniter.php(457): CodeIgniter\CodeIgniter->runController(Object(App\Controllers\Pages))
 6 SYSTEMPATH\CodeIgniter.php(340): CodeIgniter\CodeIgniter->handleRequest(null, Object(Config\Cache), false)
 7 FCPATH\index.php(67): CodeIgniter\CodeIgniter->run()
CRITICAL - 2022-09-19 20:02:02 --> Invalid file: pages/assets.php
in SYSTEMPATH\Exceptions\FrameworkException.php on line 33.
 1 SYSTEMPATH\View\View.php(201): CodeIgniter\Exceptions\FrameworkException::forInvalidFile('pages/assets.php')
 2 SYSTEMPATH\Common.php(1142): CodeIgniter\View\View->render('pages/assets', [], true)
 3 APPPATH\Controllers\Pages.php(28): view('pages/assets', [...])
 4 SYSTEMPATH\CodeIgniter.php(907): App\Controllers\Pages->view('FCPATH\\assets', 'back', 'webfonts', 'fa-solid-900.ttf')
 5 SYSTEMPATH\CodeIgniter.php(457): CodeIgniter\CodeIgniter->runController(Object(App\Controllers\Pages))
 6 SYSTEMPATH\CodeIgniter.php(340): CodeIgniter\CodeIgniter->handleRequest(null, Object(Config\Cache), false)
 7 FCPATH\index.php(67): CodeIgniter\CodeIgniter->run()
CRITICAL - 2022-09-19 20:02:02 --> Invalid file: pages/assets.php
in SYSTEMPATH\Exceptions\FrameworkException.php on line 33.
 1 SYSTEMPATH\View\View.php(201): CodeIgniter\Exceptions\FrameworkException::forInvalidFile('pages/assets.php')
 2 SYSTEMPATH\Common.php(1142): CodeIgniter\View\View->render('pages/assets', [], true)
 3 APPPATH\Controllers\Pages.php(28): view('pages/assets', [...])
 4 SYSTEMPATH\CodeIgniter.php(907): App\Controllers\Pages->view('FCPATH\\assets', 'back', 'webfonts', 'fa-brands-400.ttf')
 5 SYSTEMPATH\CodeIgniter.php(457): CodeIgniter\CodeIgniter->runController(Object(App\Controllers\Pages))
 6 SYSTEMPATH\CodeIgniter.php(340): CodeIgniter\CodeIgniter->handleRequest(null, Object(Config\Cache), false)
 7 FCPATH\index.php(67): CodeIgniter\CodeIgniter->run()
CRITICAL - 2022-09-19 20:02:31 --> Invalid file: pages/assets.php
in SYSTEMPATH\Exceptions\FrameworkException.php on line 33.
 1 SYSTEMPATH\View\View.php(201): CodeIgniter\Exceptions\FrameworkException::forInvalidFile('pages/assets.php')
 2 SYSTEMPATH\Common.php(1142): CodeIgniter\View\View->render('pages/assets', [], true)
 3 APPPATH\Controllers\Pages.php(28): view('pages/assets', [...])
 4 SYSTEMPATH\CodeIgniter.php(907): App\Controllers\Pages->view('FCPATH\\assets', 'back', 'webfonts', 'fa-solid-900.woff2')
 5 SYSTEMPATH\CodeIgniter.php(457): CodeIgniter\CodeIgniter->runController(Object(App\Controllers\Pages))
 6 SYSTEMPATH\CodeIgniter.php(340): CodeIgniter\CodeIgniter->handleRequest(null, Object(Config\Cache), false)
 7 FCPATH\index.php(67): CodeIgniter\CodeIgniter->run()
CRITICAL - 2022-09-19 20:02:31 --> Invalid file: pages/__service-worker.js
in SYSTEMPATH\Exceptions\FrameworkException.php on line 33.
 1 SYSTEMPATH\View\View.php(201): CodeIgniter\Exceptions\FrameworkException::forInvalidFile('pages/__service-worker.js')
 2 SYSTEMPATH\Common.php(1142): CodeIgniter\View\View->render('pages/__service-worker.js', [], true)
 3 APPPATH\Controllers\Pages.php(28): view('pages/__service-worker.js', [...])
 4 SYSTEMPATH\CodeIgniter.php(907): App\Controllers\Pages->view('__service-worker.js')
 5 SYSTEMPATH\CodeIgniter.php(457): CodeIgniter\CodeIgniter->runController(Object(App\Controllers\Pages))
 6 SYSTEMPATH\CodeIgniter.php(340): CodeIgniter\CodeIgniter->handleRequest(null, Object(Config\Cache), false)
 7 FCPATH\index.php(67): CodeIgniter\CodeIgniter->run()
CRITICAL - 2022-09-19 20:02:31 --> Invalid file: pages/assets.php
in SYSTEMPATH\Exceptions\FrameworkException.php on line 33.
 1 SYSTEMPATH\View\View.php(201): CodeIgniter\Exceptions\FrameworkException::forInvalidFile('pages/assets.php')
 2 SYSTEMPATH\Common.php(1142): CodeIgniter\View\View->render('pages/assets', [], true)
 3 APPPATH\Controllers\Pages.php(28): view('pages/assets', [...])
 4 SYSTEMPATH\CodeIgniter.php(907): App\Controllers\Pages->view('FCPATH\\assets', 'back', 'webfonts', 'fa-brands-400.woff2')
 5 SYSTEMPATH\CodeIgniter.php(457): CodeIgniter\CodeIgniter->runController(Object(App\Controllers\Pages))
 6 SYSTEMPATH\CodeIgniter.php(340): CodeIgniter\CodeIgniter->handleRequest(null, Object(Config\Cache), false)
 7 FCPATH\index.php(67): CodeIgniter\CodeIgniter->run()
CRITICAL - 2022-09-19 20:02:32 --> Invalid file: pages/assets.php
in SYSTEMPATH\Exceptions\FrameworkException.php on line 33.
 1 SYSTEMPATH\View\View.php(201): CodeIgniter\Exceptions\FrameworkException::forInvalidFile('pages/assets.php')
 2 SYSTEMPATH\Common.php(1142): CodeIgniter\View\View->render('pages/assets', [], true)
 3 APPPATH\Controllers\Pages.php(28): view('pages/assets', [...])
 4 SYSTEMPATH\CodeIgniter.php(907): App\Controllers\Pages->view('FCPATH\\assets', 'back', 'webfonts', 'fa-solid-900.woff')
 5 SYSTEMPATH\CodeIgniter.php(457): CodeIgniter\CodeIgniter->runController(Object(App\Controllers\Pages))
 6 SYSTEMPATH\CodeIgniter.php(340): CodeIgniter\CodeIgniter->handleRequest(null, Object(Config\Cache), false)
 7 FCPATH\index.php(67): CodeIgniter\CodeIgniter->run()
CRITICAL - 2022-09-19 20:02:32 --> Invalid file: pages/assets.php
in SYSTEMPATH\Exceptions\FrameworkException.php on line 33.
 1 SYSTEMPATH\View\View.php(201): CodeIgniter\Exceptions\FrameworkException::forInvalidFile('pages/assets.php')
 2 SYSTEMPATH\Common.php(1142): CodeIgniter\View\View->render('pages/assets', [], true)
 3 APPPATH\Controllers\Pages.php(28): view('pages/assets', [...])
 4 SYSTEMPATH\CodeIgniter.php(907): App\Controllers\Pages->view('FCPATH\\assets', 'back', 'webfonts', 'fa-brands-400.woff')
 5 SYSTEMPATH\CodeIgniter.php(457): CodeIgniter\CodeIgniter->runController(Object(App\Controllers\Pages))
 6 SYSTEMPATH\CodeIgniter.php(340): CodeIgniter\CodeIgniter->handleRequest(null, Object(Config\Cache), false)
 7 FCPATH\index.php(67): CodeIgniter\CodeIgniter->run()
CRITICAL - 2022-09-19 20:02:32 --> Invalid file: pages/assets.php
in SYSTEMPATH\Exceptions\FrameworkException.php on line 33.
 1 SYSTEMPATH\View\View.php(201): CodeIgniter\Exceptions\FrameworkException::forInvalidFile('pages/assets.php')
 2 SYSTEMPATH\Common.php(1142): CodeIgniter\View\View->render('pages/assets', [], true)
 3 APPPATH\Controllers\Pages.php(28): view('pages/assets', [...])
 4 SYSTEMPATH\CodeIgniter.php(907): App\Controllers\Pages->view('FCPATH\\assets', 'back', 'webfonts', 'fa-solid-900.ttf')
 5 SYSTEMPATH\CodeIgniter.php(457): CodeIgniter\CodeIgniter->runController(Object(App\Controllers\Pages))
 6 SYSTEMPATH\CodeIgniter.php(340): CodeIgniter\CodeIgniter->handleRequest(null, Object(Config\Cache), false)
 7 FCPATH\index.php(67): CodeIgniter\CodeIgniter->run()
CRITICAL - 2022-09-19 20:02:32 --> Invalid file: pages/assets.php
in SYSTEMPATH\Exceptions\FrameworkException.php on line 33.
 1 SYSTEMPATH\View\View.php(201): CodeIgniter\Exceptions\FrameworkException::forInvalidFile('pages/assets.php')
 2 SYSTEMPATH\Common.php(1142): CodeIgniter\View\View->render('pages/assets', [], true)
 3 APPPATH\Controllers\Pages.php(28): view('pages/assets', [...])
 4 SYSTEMPATH\CodeIgniter.php(907): App\Controllers\Pages->view('FCPATH\\assets', 'back', 'webfonts', 'fa-brands-400.ttf')
 5 SYSTEMPATH\CodeIgniter.php(457): CodeIgniter\CodeIgniter->runController(Object(App\Controllers\Pages))
 6 SYSTEMPATH\CodeIgniter.php(340): CodeIgniter\CodeIgniter->handleRequest(null, Object(Config\Cache), false)
 7 FCPATH\index.php(67): CodeIgniter\CodeIgniter->run()
CRITICAL - 2022-09-19 20:03:10 --> Invalid file: pages/__service-worker.js
in SYSTEMPATH\Exceptions\FrameworkException.php on line 33.
 1 SYSTEMPATH\View\View.php(201): CodeIgniter\Exceptions\FrameworkException::forInvalidFile('pages/__service-worker.js')
 2 SYSTEMPATH\Common.php(1142): CodeIgniter\View\View->render('pages/__service-worker.js', [], true)
 3 APPPATH\Controllers\Pages.php(28): view('pages/__service-worker.js', [...])
 4 SYSTEMPATH\CodeIgniter.php(907): App\Controllers\Pages->view('__service-worker.js')
 5 SYSTEMPATH\CodeIgniter.php(457): CodeIgniter\CodeIgniter->runController(Object(App\Controllers\Pages))
 6 SYSTEMPATH\CodeIgniter.php(340): CodeIgniter\CodeIgniter->handleRequest(null, Object(Config\Cache), false)
 7 FCPATH\index.php(67): CodeIgniter\CodeIgniter->run()
CRITICAL - 2022-09-19 20:03:11 --> Invalid file: pages/assets.php
in SYSTEMPATH\Exceptions\FrameworkException.php on line 33.
 1 SYSTEMPATH\View\View.php(201): CodeIgniter\Exceptions\FrameworkException::forInvalidFile('pages/assets.php')
 2 SYSTEMPATH\Common.php(1142): CodeIgniter\View\View->render('pages/assets', [], true)
 3 APPPATH\Controllers\Pages.php(28): view('pages/assets', [...])
 4 SYSTEMPATH\CodeIgniter.php(907): App\Controllers\Pages->view('FCPATH\\assets', 'back', 'webfonts', 'fa-solid-900.woff2')
 5 SYSTEMPATH\CodeIgniter.php(457): CodeIgniter\CodeIgniter->runController(Object(App\Controllers\Pages))
 6 SYSTEMPATH\CodeIgniter.php(340): CodeIgniter\CodeIgniter->handleRequest(null, Object(Config\Cache), false)
 7 FCPATH\index.php(67): CodeIgniter\CodeIgniter->run()
CRITICAL - 2022-09-19 20:03:11 --> Invalid file: pages/assets.php
in SYSTEMPATH\Exceptions\FrameworkException.php on line 33.
 1 SYSTEMPATH\View\View.php(201): CodeIgniter\Exceptions\FrameworkException::forInvalidFile('pages/assets.php')
 2 SYSTEMPATH\Common.php(1142): CodeIgniter\View\View->render('pages/assets', [], true)
 3 APPPATH\Controllers\Pages.php(28): view('pages/assets', [...])
 4 SYSTEMPATH\CodeIgniter.php(907): App\Controllers\Pages->view('FCPATH\\assets', 'back', 'webfonts', 'fa-brands-400.woff2')
 5 SYSTEMPATH\CodeIgniter.php(457): CodeIgniter\CodeIgniter->runController(Object(App\Controllers\Pages))
 6 SYSTEMPATH\CodeIgniter.php(340): CodeIgniter\CodeIgniter->handleRequest(null, Object(Config\Cache), false)
 7 FCPATH\index.php(67): CodeIgniter\CodeIgniter->run()
CRITICAL - 2022-09-19 20:03:11 --> Invalid file: pages/assets.php
in SYSTEMPATH\Exceptions\FrameworkException.php on line 33.
 1 SYSTEMPATH\View\View.php(201): CodeIgniter\Exceptions\FrameworkException::forInvalidFile('pages/assets.php')
 2 SYSTEMPATH\Common.php(1142): CodeIgniter\View\View->render('pages/assets', [], true)
 3 APPPATH\Controllers\Pages.php(28): view('pages/assets', [...])
 4 SYSTEMPATH\CodeIgniter.php(907): App\Controllers\Pages->view('FCPATH\\assets', 'back', 'webfonts', 'fa-brands-400.woff')
 5 SYSTEMPATH\CodeIgniter.php(457): CodeIgniter\CodeIgniter->runController(Object(App\Controllers\Pages))
 6 SYSTEMPATH\CodeIgniter.php(340): CodeIgniter\CodeIgniter->handleRequest(null, Object(Config\Cache), false)
 7 FCPATH\index.php(67): CodeIgniter\CodeIgniter->run()
CRITICAL - 2022-09-19 20:03:11 --> Invalid file: pages/assets.php
in SYSTEMPATH\Exceptions\FrameworkException.php on line 33.
 1 SYSTEMPATH\View\View.php(201): CodeIgniter\Exceptions\FrameworkException::forInvalidFile('pages/assets.php')
 2 SYSTEMPATH\Common.php(1142): CodeIgniter\View\View->render('pages/assets', [], true)
 3 APPPATH\Controllers\Pages.php(28): view('pages/assets', [...])
 4 SYSTEMPATH\CodeIgniter.php(907): App\Controllers\Pages->view('FCPATH\\assets', 'back', 'webfonts', 'fa-solid-900.woff')
 5 SYSTEMPATH\CodeIgniter.php(457): CodeIgniter\CodeIgniter->runController(Object(App\Controllers\Pages))
 6 SYSTEMPATH\CodeIgniter.php(340): CodeIgniter\CodeIgniter->handleRequest(null, Object(Config\Cache), false)
 7 FCPATH\index.php(67): CodeIgniter\CodeIgniter->run()
CRITICAL - 2022-09-19 20:03:11 --> Invalid file: pages/assets.php
in SYSTEMPATH\Exceptions\FrameworkException.php on line 33.
 1 SYSTEMPATH\View\View.php(201): CodeIgniter\Exceptions\FrameworkException::forInvalidFile('pages/assets.php')
 2 SYSTEMPATH\Common.php(1142): CodeIgniter\View\View->render('pages/assets', [], true)
 3 APPPATH\Controllers\Pages.php(28): view('pages/assets', [...])
 4 SYSTEMPATH\CodeIgniter.php(907): App\Controllers\Pages->view('FCPATH\\assets', 'back', 'webfonts', 'fa-brands-400.ttf')
 5 SYSTEMPATH\CodeIgniter.php(457): CodeIgniter\CodeIgniter->runController(Object(App\Controllers\Pages))
 6 SYSTEMPATH\CodeIgniter.php(340): CodeIgniter\CodeIgniter->handleRequest(null, Object(Config\Cache), false)
 7 FCPATH\index.php(67): CodeIgniter\CodeIgniter->run()
CRITICAL - 2022-09-19 20:03:11 --> Invalid file: pages/assets.php
in SYSTEMPATH\Exceptions\FrameworkException.php on line 33.
 1 SYSTEMPATH\View\View.php(201): CodeIgniter\Exceptions\FrameworkException::forInvalidFile('pages/assets.php')
 2 SYSTEMPATH\Common.php(1142): CodeIgniter\View\View->render('pages/assets', [], true)
 3 APPPATH\Controllers\Pages.php(28): view('pages/assets', [...])
 4 SYSTEMPATH\CodeIgniter.php(907): App\Controllers\Pages->view('FCPATH\\assets', 'back', 'webfonts', 'fa-solid-900.ttf')
 5 SYSTEMPATH\CodeIgniter.php(457): CodeIgniter\CodeIgniter->runController(Object(App\Controllers\Pages))
 6 SYSTEMPATH\CodeIgniter.php(340): CodeIgniter\CodeIgniter->handleRequest(null, Object(Config\Cache), false)
 7 FCPATH\index.php(67): CodeIgniter\CodeIgniter->run()
CRITICAL - 2022-09-19 20:03:52 --> Invalid file: pages/assets.php
in SYSTEMPATH\Exceptions\FrameworkException.php on line 33.
 1 SYSTEMPATH\View\View.php(201): CodeIgniter\Exceptions\FrameworkException::forInvalidFile('pages/assets.php')
 2 SYSTEMPATH\Common.php(1142): CodeIgniter\View\View->render('pages/assets', [], true)
 3 APPPATH\Controllers\Pages.php(28): view('pages/assets', [...])
 4 SYSTEMPATH\CodeIgniter.php(907): App\Controllers\Pages->view('FCPATH\\assets', 'back', 'webfonts', 'fa-solid-900.woff2')
 5 SYSTEMPATH\CodeIgniter.php(457): CodeIgniter\CodeIgniter->runController(Object(App\Controllers\Pages))
 6 SYSTEMPATH\CodeIgniter.php(340): CodeIgniter\CodeIgniter->handleRequest(null, Object(Config\Cache), false)
 7 FCPATH\index.php(67): CodeIgniter\CodeIgniter->run()
CRITICAL - 2022-09-19 20:03:52 --> Invalid file: pages/__service-worker.js
in SYSTEMPATH\Exceptions\FrameworkException.php on line 33.
 1 SYSTEMPATH\View\View.php(201): CodeIgniter\Exceptions\FrameworkException::forInvalidFile('pages/__service-worker.js')
 2 SYSTEMPATH\Common.php(1142): CodeIgniter\View\View->render('pages/__service-worker.js', [], true)
 3 APPPATH\Controllers\Pages.php(28): view('pages/__service-worker.js', [...])
 4 SYSTEMPATH\CodeIgniter.php(907): App\Controllers\Pages->view('__service-worker.js')
 5 SYSTEMPATH\CodeIgniter.php(457): CodeIgniter\CodeIgniter->runController(Object(App\Controllers\Pages))
 6 SYSTEMPATH\CodeIgniter.php(340): CodeIgniter\CodeIgniter->handleRequest(null, Object(Config\Cache), false)
 7 FCPATH\index.php(67): CodeIgniter\CodeIgniter->run()
CRITICAL - 2022-09-19 20:03:52 --> Invalid file: pages/assets.php
in SYSTEMPATH\Exceptions\FrameworkException.php on line 33.
 1 SYSTEMPATH\View\View.php(201): CodeIgniter\Exceptions\FrameworkException::forInvalidFile('pages/assets.php')
 2 SYSTEMPATH\Common.php(1142): CodeIgniter\View\View->render('pages/assets', [], true)
 3 APPPATH\Controllers\Pages.php(28): view('pages/assets', [...])
 4 SYSTEMPATH\CodeIgniter.php(907): App\Controllers\Pages->view('FCPATH\\assets', 'back', 'webfonts', 'fa-brands-400.woff2')
 5 SYSTEMPATH\CodeIgniter.php(457): CodeIgniter\CodeIgniter->runController(Object(App\Controllers\Pages))
 6 SYSTEMPATH\CodeIgniter.php(340): CodeIgniter\CodeIgniter->handleRequest(null, Object(Config\Cache), false)
 7 FCPATH\index.php(67): CodeIgniter\CodeIgniter->run()
CRITICAL - 2022-09-19 20:03:52 --> Invalid file: pages/assets.php
in SYSTEMPATH\Exceptions\FrameworkException.php on line 33.
 1 SYSTEMPATH\View\View.php(201): CodeIgniter\Exceptions\FrameworkException::forInvalidFile('pages/assets.php')
 2 SYSTEMPATH\Common.php(1142): CodeIgniter\View\View->render('pages/assets', [], true)
 3 APPPATH\Controllers\Pages.php(28): view('pages/assets', [...])
 4 SYSTEMPATH\CodeIgniter.php(907): App\Controllers\Pages->view('FCPATH\\assets', 'back', 'webfonts', 'fa-solid-900.woff')
 5 SYSTEMPATH\CodeIgniter.php(457): CodeIgniter\CodeIgniter->runController(Object(App\Controllers\Pages))
 6 SYSTEMPATH\CodeIgniter.php(340): CodeIgniter\CodeIgniter->handleRequest(null, Object(Config\Cache), false)
 7 FCPATH\index.php(67): CodeIgniter\CodeIgniter->run()
CRITICAL - 2022-09-19 20:03:52 --> Invalid file: pages/assets.php
in SYSTEMPATH\Exceptions\FrameworkException.php on line 33.
 1 SYSTEMPATH\View\View.php(201): CodeIgniter\Exceptions\FrameworkException::forInvalidFile('pages/assets.php')
 2 SYSTEMPATH\Common.php(1142): CodeIgniter\View\View->render('pages/assets', [], true)
 3 APPPATH\Controllers\Pages.php(28): view('pages/assets', [...])
 4 SYSTEMPATH\CodeIgniter.php(907): App\Controllers\Pages->view('FCPATH\\assets', 'back', 'webfonts', 'fa-brands-400.woff')
 5 SYSTEMPATH\CodeIgniter.php(457): CodeIgniter\CodeIgniter->runController(Object(App\Controllers\Pages))
 6 SYSTEMPATH\CodeIgniter.php(340): CodeIgniter\CodeIgniter->handleRequest(null, Object(Config\Cache), false)
 7 FCPATH\index.php(67): CodeIgniter\CodeIgniter->run()
CRITICAL - 2022-09-19 20:03:52 --> Invalid file: pages/assets.php
in SYSTEMPATH\Exceptions\FrameworkException.php on line 33.
 1 SYSTEMPATH\View\View.php(201): CodeIgniter\Exceptions\FrameworkException::forInvalidFile('pages/assets.php')
 2 SYSTEMPATH\Common.php(1142): CodeIgniter\View\View->render('pages/assets', [], true)
 3 APPPATH\Controllers\Pages.php(28): view('pages/assets', [...])
 4 SYSTEMPATH\CodeIgniter.php(907): App\Controllers\Pages->view('FCPATH\\assets', 'back', 'webfonts', 'fa-solid-900.ttf')
 5 SYSTEMPATH\CodeIgniter.php(457): CodeIgniter\CodeIgniter->runController(Object(App\Controllers\Pages))
 6 SYSTEMPATH\CodeIgniter.php(340): CodeIgniter\CodeIgniter->handleRequest(null, Object(Config\Cache), false)
 7 FCPATH\index.php(67): CodeIgniter\CodeIgniter->run()
CRITICAL - 2022-09-19 20:03:52 --> Invalid file: pages/assets.php
in SYSTEMPATH\Exceptions\FrameworkException.php on line 33.
 1 SYSTEMPATH\View\View.php(201): CodeIgniter\Exceptions\FrameworkException::forInvalidFile('pages/assets.php')
 2 SYSTEMPATH\Common.php(1142): CodeIgniter\View\View->render('pages/assets', [], true)
 3 APPPATH\Controllers\Pages.php(28): view('pages/assets', [...])
 4 SYSTEMPATH\CodeIgniter.php(907): App\Controllers\Pages->view('FCPATH\\assets', 'back', 'webfonts', 'fa-brands-400.ttf')
 5 SYSTEMPATH\CodeIgniter.php(457): CodeIgniter\CodeIgniter->runController(Object(App\Controllers\Pages))
 6 SYSTEMPATH\CodeIgniter.php(340): CodeIgniter\CodeIgniter->handleRequest(null, Object(Config\Cache), false)
 7 FCPATH\index.php(67): CodeIgniter\CodeIgniter->run()
CRITICAL - 2022-09-19 20:20:40 --> Invalid file: pages/__service-worker.js
in SYSTEMPATH\Exceptions\FrameworkException.php on line 33.
 1 SYSTEMPATH\View\View.php(201): CodeIgniter\Exceptions\FrameworkException::forInvalidFile('pages/__service-worker.js')
 2 SYSTEMPATH\Common.php(1142): CodeIgniter\View\View->render('pages/__service-worker.js', [], true)
 3 APPPATH\Controllers\Pages.php(28): view('pages/__service-worker.js', [...])
 4 SYSTEMPATH\CodeIgniter.php(907): App\Controllers\Pages->view('__service-worker.js')
 5 SYSTEMPATH\CodeIgniter.php(457): CodeIgniter\CodeIgniter->runController(Object(App\Controllers\Pages))
 6 SYSTEMPATH\CodeIgniter.php(340): CodeIgniter\CodeIgniter->handleRequest(null, Object(Config\Cache), false)
 7 FCPATH\index.php(67): CodeIgniter\CodeIgniter->run()
CRITICAL - 2022-09-19 20:20:41 --> Invalid file: pages/assets.php
in SYSTEMPATH\Exceptions\FrameworkException.php on line 33.
 1 SYSTEMPATH\View\View.php(201): CodeIgniter\Exceptions\FrameworkException::forInvalidFile('pages/assets.php')
 2 SYSTEMPATH\Common.php(1142): CodeIgniter\View\View->render('pages/assets', [], true)
 3 APPPATH\Controllers\Pages.php(28): view('pages/assets', [...])
 4 SYSTEMPATH\CodeIgniter.php(907): App\Controllers\Pages->view('FCPATH\\assets', 'back', 'webfonts', 'fa-brands-400.woff2')
 5 SYSTEMPATH\CodeIgniter.php(457): CodeIgniter\CodeIgniter->runController(Object(App\Controllers\Pages))
 6 SYSTEMPATH\CodeIgniter.php(340): CodeIgniter\CodeIgniter->handleRequest(null, Object(Config\Cache), false)
 7 FCPATH\index.php(67): CodeIgniter\CodeIgniter->run()
CRITICAL - 2022-09-19 20:20:41 --> Invalid file: pages/assets.php
in SYSTEMPATH\Exceptions\FrameworkException.php on line 33.
 1 SYSTEMPATH\View\View.php(201): CodeIgniter\Exceptions\FrameworkException::forInvalidFile('pages/assets.php')
 2 SYSTEMPATH\Common.php(1142): CodeIgniter\View\View->render('pages/assets', [], true)
 3 APPPATH\Controllers\Pages.php(28): view('pages/assets', [...])
 4 SYSTEMPATH\CodeIgniter.php(907): App\Controllers\Pages->view('FCPATH\\assets', 'back', 'webfonts', 'fa-solid-900.woff2')
 5 SYSTEMPATH\CodeIgniter.php(457): CodeIgniter\CodeIgniter->runController(Object(App\Controllers\Pages))
 6 SYSTEMPATH\CodeIgniter.php(340): CodeIgniter\CodeIgniter->handleRequest(null, Object(Config\Cache), false)
 7 FCPATH\index.php(67): CodeIgniter\CodeIgniter->run()
CRITICAL - 2022-09-19 20:20:41 --> Invalid file: pages/assets.php
in SYSTEMPATH\Exceptions\FrameworkException.php on line 33.
 1 SYSTEMPATH\View\View.php(201): CodeIgniter\Exceptions\FrameworkException::forInvalidFile('pages/assets.php')
 2 SYSTEMPATH\Common.php(1142): CodeIgniter\View\View->render('pages/assets', [], true)
 3 APPPATH\Controllers\Pages.php(28): view('pages/assets', [...])
 4 SYSTEMPATH\CodeIgniter.php(907): App\Controllers\Pages->view('FCPATH\\assets', 'back', 'webfonts', 'fa-brands-400.woff')
 5 SYSTEMPATH\CodeIgniter.php(457): CodeIgniter\CodeIgniter->runController(Object(App\Controllers\Pages))
 6 SYSTEMPATH\CodeIgniter.php(340): CodeIgniter\CodeIgniter->handleRequest(null, Object(Config\Cache), false)
 7 FCPATH\index.php(67): CodeIgniter\CodeIgniter->run()
CRITICAL - 2022-09-19 20:20:41 --> Invalid file: pages/assets.php
in SYSTEMPATH\Exceptions\FrameworkException.php on line 33.
 1 SYSTEMPATH\View\View.php(201): CodeIgniter\Exceptions\FrameworkException::forInvalidFile('pages/assets.php')
 2 SYSTEMPATH\Common.php(1142): CodeIgniter\View\View->render('pages/assets', [], true)
 3 APPPATH\Controllers\Pages.php(28): view('pages/assets', [...])
 4 SYSTEMPATH\CodeIgniter.php(907): App\Controllers\Pages->view('FCPATH\\assets', 'back', 'webfonts', 'fa-solid-900.woff')
 5 SYSTEMPATH\CodeIgniter.php(457): CodeIgniter\CodeIgniter->runController(Object(App\Controllers\Pages))
 6 SYSTEMPATH\CodeIgniter.php(340): CodeIgniter\CodeIgniter->handleRequest(null, Object(Config\Cache), false)
 7 FCPATH\index.php(67): CodeIgniter\CodeIgniter->run()
CRITICAL - 2022-09-19 20:20:41 --> Invalid file: pages/assets.php
in SYSTEMPATH\Exceptions\FrameworkException.php on line 33.
 1 SYSTEMPATH\View\View.php(201): CodeIgniter\Exceptions\FrameworkException::forInvalidFile('pages/assets.php')
 2 SYSTEMPATH\Common.php(1142): CodeIgniter\View\View->render('pages/assets', [], true)
 3 APPPATH\Controllers\Pages.php(28): view('pages/assets', [...])
 4 SYSTEMPATH\CodeIgniter.php(907): App\Controllers\Pages->view('FCPATH\\assets', 'back', 'webfonts', 'fa-brands-400.ttf')
 5 SYSTEMPATH\CodeIgniter.php(457): CodeIgniter\CodeIgniter->runController(Object(App\Controllers\Pages))
 6 SYSTEMPATH\CodeIgniter.php(340): CodeIgniter\CodeIgniter->handleRequest(null, Object(Config\Cache), false)
 7 FCPATH\index.php(67): CodeIgniter\CodeIgniter->run()
CRITICAL - 2022-09-19 20:20:41 --> Invalid file: pages/assets.php
in SYSTEMPATH\Exceptions\FrameworkException.php on line 33.
 1 SYSTEMPATH\View\View.php(201): CodeIgniter\Exceptions\FrameworkException::forInvalidFile('pages/assets.php')
 2 SYSTEMPATH\Common.php(1142): CodeIgniter\View\View->render('pages/assets', [], true)
 3 APPPATH\Controllers\Pages.php(28): view('pages/assets', [...])
 4 SYSTEMPATH\CodeIgniter.php(907): App\Controllers\Pages->view('FCPATH\\assets', 'back', 'webfonts', 'fa-solid-900.ttf')
 5 SYSTEMPATH\CodeIgniter.php(457): CodeIgniter\CodeIgniter->runController(Object(App\Controllers\Pages))
 6 SYSTEMPATH\CodeIgniter.php(340): CodeIgniter\CodeIgniter->handleRequest(null, Object(Config\Cache), false)
 7 FCPATH\index.php(67): CodeIgniter\CodeIgniter->run()
CRITICAL - 2022-09-19 20:20:48 --> Undefined property: App\Controllers\User::$session
in APPPATH\Controllers\User.php on line 127.
 1 APPPATH\Controllers\User.php(127): CodeIgniter\Debug\Exceptions->errorHandler(8, 'Undefined property: App\\Controllers\\User::$session', 'APPPATH\\Controllers\\User.php', 127, [])
 2 SYSTEMPATH\CodeIgniter.php(907): App\Controllers\User->logout()
 3 SYSTEMPATH\CodeIgniter.php(457): CodeIgniter\CodeIgniter->runController(Object(App\Controllers\User))
 4 SYSTEMPATH\CodeIgniter.php(340): CodeIgniter\CodeIgniter->handleRequest(null, Object(Config\Cache), false)
 5 FCPATH\index.php(67): CodeIgniter\CodeIgniter->run()
CRITICAL - 2022-09-19 20:35:52 --> Call to undefined method CodeIgniter\Session\Session::sess_destroy()
in APPPATH\Controllers\User.php on line 128.
 1 SYSTEMPATH\CodeIgniter.php(907): App\Controllers\User->logout()
 2 SYSTEMPATH\CodeIgniter.php(457): CodeIgniter\CodeIgniter->runController(Object(App\Controllers\User))
 3 SYSTEMPATH\CodeIgniter.php(340): CodeIgniter\CodeIgniter->handleRequest(null, Object(Config\Cache), false)
 4 FCPATH\index.php(67): CodeIgniter\CodeIgniter->run()
CRITICAL - 2022-09-19 20:36:48 --> Invalid file: user/login/.php
in SYSTEMPATH\Exceptions\FrameworkException.php on line 33.
 1 SYSTEMPATH\View\View.php(201): CodeIgniter\Exceptions\FrameworkException::forInvalidFile('user/login/.php')
 2 SYSTEMPATH\Common.php(1142): CodeIgniter\View\View->render('user/login/', [], true)
 3 APPPATH\Controllers\User.php(86): view('user/login/', [...])
 4 SYSTEMPATH\CodeIgniter.php(907): App\Controllers\User->login()
 5 SYSTEMPATH\CodeIgniter.php(457): CodeIgniter\CodeIgniter->runController(Object(App\Controllers\User))
 6 SYSTEMPATH\CodeIgniter.php(340): CodeIgniter\CodeIgniter->handleRequest(null, Object(Config\Cache), false)
 7 FCPATH\index.php(67): CodeIgniter\CodeIgniter->run()
CRITICAL - 2022-09-19 20:37:24 --> Invalid file: user/login/.php
in SYSTEMPATH\Exceptions\FrameworkException.php on line 33.
 1 SYSTEMPATH\View\View.php(201): CodeIgniter\Exceptions\FrameworkException::forInvalidFile('user/login/.php')
 2 SYSTEMPATH\Common.php(1142): CodeIgniter\View\View->render('user/login/', [], true)
 3 APPPATH\Controllers\User.php(86): view('user/login/', [...])
 4 SYSTEMPATH\CodeIgniter.php(907): App\Controllers\User->login()
 5 SYSTEMPATH\CodeIgniter.php(457): CodeIgniter\CodeIgniter->runController(Object(App\Controllers\User))
 6 SYSTEMPATH\CodeIgniter.php(340): CodeIgniter\CodeIgniter->handleRequest(null, Object(Config\Cache), false)
 7 FCPATH\index.php(67): CodeIgniter\CodeIgniter->run()
CRITICAL - 2022-09-19 20:37:27 --> Invalid file: user/login/.php
in SYSTEMPATH\Exceptions\FrameworkException.php on line 33.
 1 SYSTEMPATH\View\View.php(201): CodeIgniter\Exceptions\FrameworkException::forInvalidFile('user/login/.php')
 2 SYSTEMPATH\Common.php(1142): CodeIgniter\View\View->render('user/login/', [], true)
 3 APPPATH\Controllers\User.php(86): view('user/login/', [...])
 4 SYSTEMPATH\CodeIgniter.php(907): App\Controllers\User->login()
 5 SYSTEMPATH\CodeIgniter.php(457): CodeIgniter\CodeIgniter->runController(Object(App\Controllers\User))
 6 SYSTEMPATH\CodeIgniter.php(340): CodeIgniter\CodeIgniter->handleRequest(null, Object(Config\Cache), false)
 7 FCPATH\index.php(67): CodeIgniter\CodeIgniter->run()
CRITICAL - 2022-09-19 20:37:39 --> Invalid file: user/login/.php
in SYSTEMPATH\Exceptions\FrameworkException.php on line 33.
 1 SYSTEMPATH\View\View.php(201): CodeIgniter\Exceptions\FrameworkException::forInvalidFile('user/login/.php')
 2 SYSTEMPATH\Common.php(1142): CodeIgniter\View\View->render('user/login/', [], true)
 3 APPPATH\Controllers\User.php(86): view('user/login/', [...])
 4 SYSTEMPATH\CodeIgniter.php(907): App\Controllers\User->login()
 5 SYSTEMPATH\CodeIgniter.php(457): CodeIgniter\CodeIgniter->runController(Object(App\Controllers\User))
 6 SYSTEMPATH\CodeIgniter.php(340): CodeIgniter\CodeIgniter->handleRequest(null, Object(Config\Cache), false)
 7 FCPATH\index.php(67): CodeIgniter\CodeIgniter->run()
CRITICAL - 2022-09-19 20:37:40 --> Invalid file: user/login/.php
in SYSTEMPATH\Exceptions\FrameworkException.php on line 33.
 1 SYSTEMPATH\View\View.php(201): CodeIgniter\Exceptions\FrameworkException::forInvalidFile('user/login/.php')
 2 SYSTEMPATH\Common.php(1142): CodeIgniter\View\View->render('user/login/', [], true)
 3 APPPATH\Controllers\User.php(86): view('user/login/', [...])
 4 SYSTEMPATH\CodeIgniter.php(907): App\Controllers\User->login()
 5 SYSTEMPATH\CodeIgniter.php(457): CodeIgniter\CodeIgniter->runController(Object(App\Controllers\User))
 6 SYSTEMPATH\CodeIgniter.php(340): CodeIgniter\CodeIgniter->handleRequest(null, Object(Config\Cache), false)
 7 FCPATH\index.php(67): CodeIgniter\CodeIgniter->run()
CRITICAL - 2022-09-19 20:38:17 --> Invalid file: pages/assets.php
in SYSTEMPATH\Exceptions\FrameworkException.php on line 33.
 1 SYSTEMPATH\View\View.php(201): CodeIgniter\Exceptions\FrameworkException::forInvalidFile('pages/assets.php')
 2 SYSTEMPATH\Common.php(1142): CodeIgniter\View\View->render('pages/assets', [], true)
 3 APPPATH\Controllers\Pages.php(28): view('pages/assets', [...])
 4 SYSTEMPATH\CodeIgniter.php(907): App\Controllers\Pages->view('FCPATH\\assets', 'back', 'webfonts', 'fa-solid-900.woff2')
 5 SYSTEMPATH\CodeIgniter.php(457): CodeIgniter\CodeIgniter->runController(Object(App\Controllers\Pages))
 6 SYSTEMPATH\CodeIgniter.php(340): CodeIgniter\CodeIgniter->handleRequest(null, Object(Config\Cache), false)
 7 FCPATH\index.php(67): CodeIgniter\CodeIgniter->run()
CRITICAL - 2022-09-19 20:38:17 --> Invalid file: pages/assets.php
in SYSTEMPATH\Exceptions\FrameworkException.php on line 33.
 1 SYSTEMPATH\View\View.php(201): CodeIgniter\Exceptions\FrameworkException::forInvalidFile('pages/assets.php')
 2 SYSTEMPATH\Common.php(1142): CodeIgniter\View\View->render('pages/assets', [], true)
 3 APPPATH\Controllers\Pages.php(28): view('pages/assets', [...])
 4 SYSTEMPATH\CodeIgniter.php(907): App\Controllers\Pages->view('FCPATH\\assets', 'back', 'webfonts', 'fa-solid-900.woff')
 5 SYSTEMPATH\CodeIgniter.php(457): CodeIgniter\CodeIgniter->runController(Object(App\Controllers\Pages))
 6 SYSTEMPATH\CodeIgniter.php(340): CodeIgniter\CodeIgniter->handleRequest(null, Object(Config\Cache), false)
 7 FCPATH\index.php(67): CodeIgniter\CodeIgniter->run()
CRITICAL - 2022-09-19 20:38:17 --> Invalid file: pages/assets.php
in SYSTEMPATH\Exceptions\FrameworkException.php on line 33.
 1 SYSTEMPATH\View\View.php(201): CodeIgniter\Exceptions\FrameworkException::forInvalidFile('pages/assets.php')
 2 SYSTEMPATH\Common.php(1142): CodeIgniter\View\View->render('pages/assets', [], true)
 3 APPPATH\Controllers\Pages.php(28): view('pages/assets', [...])
 4 SYSTEMPATH\CodeIgniter.php(907): App\Controllers\Pages->view('FCPATH\\assets', 'back', 'webfonts', 'fa-solid-900.ttf')
 5 SYSTEMPATH\CodeIgniter.php(457): CodeIgniter\CodeIgniter->runController(Object(App\Controllers\Pages))
 6 SYSTEMPATH\CodeIgniter.php(340): CodeIgniter\CodeIgniter->handleRequest(null, Object(Config\Cache), false)
 7 FCPATH\index.php(67): CodeIgniter\CodeIgniter->run()
CRITICAL - 2022-09-19 20:38:38 --> Invalid file: pages/__service-worker.js
in SYSTEMPATH\Exceptions\FrameworkException.php on line 33.
 1 SYSTEMPATH\View\View.php(201): CodeIgniter\Exceptions\FrameworkException::forInvalidFile('pages/__service-worker.js')
 2 SYSTEMPATH\Common.php(1142): CodeIgniter\View\View->render('pages/__service-worker.js', [], true)
 3 APPPATH\Controllers\Pages.php(28): view('pages/__service-worker.js', [...])
 4 SYSTEMPATH\CodeIgniter.php(907): App\Controllers\Pages->view('__service-worker.js')
 5 SYSTEMPATH\CodeIgniter.php(457): CodeIgniter\CodeIgniter->runController(Object(App\Controllers\Pages))
 6 SYSTEMPATH\CodeIgniter.php(340): CodeIgniter\CodeIgniter->handleRequest(null, Object(Config\Cache), false)
 7 FCPATH\index.php(67): CodeIgniter\CodeIgniter->run()
CRITICAL - 2022-09-19 20:38:39 --> Invalid file: pages/assets.php
in SYSTEMPATH\Exceptions\FrameworkException.php on line 33.
 1 SYSTEMPATH\View\View.php(201): CodeIgniter\Exceptions\FrameworkException::forInvalidFile('pages/assets.php')
 2 SYSTEMPATH\Common.php(1142): CodeIgniter\View\View->render('pages/assets', [], true)
 3 APPPATH\Controllers\Pages.php(28): view('pages/assets', [...])
 4 SYSTEMPATH\CodeIgniter.php(907): App\Controllers\Pages->view('FCPATH\\assets', 'back', 'webfonts', 'fa-solid-900.woff2')
 5 SYSTEMPATH\CodeIgniter.php(457): CodeIgniter\CodeIgniter->runController(Object(App\Controllers\Pages))
 6 SYSTEMPATH\CodeIgniter.php(340): CodeIgniter\CodeIgniter->handleRequest(null, Object(Config\Cache), false)
 7 FCPATH\index.php(67): CodeIgniter\CodeIgniter->run()
CRITICAL - 2022-09-19 20:38:39 --> Invalid file: pages/assets.php
in SYSTEMPATH\Exceptions\FrameworkException.php on line 33.
 1 SYSTEMPATH\View\View.php(201): CodeIgniter\Exceptions\FrameworkException::forInvalidFile('pages/assets.php')
 2 SYSTEMPATH\Common.php(1142): CodeIgniter\View\View->render('pages/assets', [], true)
 3 APPPATH\Controllers\Pages.php(28): view('pages/assets', [...])
 4 SYSTEMPATH\CodeIgniter.php(907): App\Controllers\Pages->view('FCPATH\\assets', 'back', 'webfonts', 'fa-brands-400.woff2')
 5 SYSTEMPATH\CodeIgniter.php(457): CodeIgniter\CodeIgniter->runController(Object(App\Controllers\Pages))
 6 SYSTEMPATH\CodeIgniter.php(340): CodeIgniter\CodeIgniter->handleRequest(null, Object(Config\Cache), false)
 7 FCPATH\index.php(67): CodeIgniter\CodeIgniter->run()
CRITICAL - 2022-09-19 20:38:39 --> Invalid file: pages/assets.php
in SYSTEMPATH\Exceptions\FrameworkException.php on line 33.
 1 SYSTEMPATH\View\View.php(201): CodeIgniter\Exceptions\FrameworkException::forInvalidFile('pages/assets.php')
 2 SYSTEMPATH\Common.php(1142): CodeIgniter\View\View->render('pages/assets', [], true)
 3 APPPATH\Controllers\Pages.php(28): view('pages/assets', [...])
 4 SYSTEMPATH\CodeIgniter.php(907): App\Controllers\Pages->view('FCPATH\\assets', 'back', 'webfonts', 'fa-solid-900.woff')
 5 SYSTEMPATH\CodeIgniter.php(457): CodeIgniter\CodeIgniter->runController(Object(App\Controllers\Pages))
 6 SYSTEMPATH\CodeIgniter.php(340): CodeIgniter\CodeIgniter->handleRequest(null, Object(Config\Cache), false)
 7 FCPATH\index.php(67): CodeIgniter\CodeIgniter->run()
CRITICAL - 2022-09-19 20:38:39 --> Invalid file: pages/assets.php
in SYSTEMPATH\Exceptions\FrameworkException.php on line 33.
 1 SYSTEMPATH\View\View.php(201): CodeIgniter\Exceptions\FrameworkException::forInvalidFile('pages/assets.php')
 2 SYSTEMPATH\Common.php(1142): CodeIgniter\View\View->render('pages/assets', [], true)
 3 APPPATH\Controllers\Pages.php(28): view('pages/assets', [...])
 4 SYSTEMPATH\CodeIgniter.php(907): App\Controllers\Pages->view('FCPATH\\assets', 'back', 'webfonts', 'fa-brands-400.woff')
 5 SYSTEMPATH\CodeIgniter.php(457): CodeIgniter\CodeIgniter->runController(Object(App\Controllers\Pages))
 6 SYSTEMPATH\CodeIgniter.php(340): CodeIgniter\CodeIgniter->handleRequest(null, Object(Config\Cache), false)
 7 FCPATH\index.php(67): CodeIgniter\CodeIgniter->run()
CRITICAL - 2022-09-19 20:38:39 --> Invalid file: pages/assets.php
in SYSTEMPATH\Exceptions\FrameworkException.php on line 33.
 1 SYSTEMPATH\View\View.php(201): CodeIgniter\Exceptions\FrameworkException::forInvalidFile('pages/assets.php')
 2 SYSTEMPATH\Common.php(1142): CodeIgniter\View\View->render('pages/assets', [], true)
 3 APPPATH\Controllers\Pages.php(28): view('pages/assets', [...])
 4 SYSTEMPATH\CodeIgniter.php(907): App\Controllers\Pages->view('FCPATH\\assets', 'back', 'webfonts', 'fa-solid-900.ttf')
 5 SYSTEMPATH\CodeIgniter.php(457): CodeIgniter\CodeIgniter->runController(Object(App\Controllers\Pages))
 6 SYSTEMPATH\CodeIgniter.php(340): CodeIgniter\CodeIgniter->handleRequest(null, Object(Config\Cache), false)
 7 FCPATH\index.php(67): CodeIgniter\CodeIgniter->run()
CRITICAL - 2022-09-19 20:38:39 --> Invalid file: pages/assets.php
in SYSTEMPATH\Exceptions\FrameworkException.php on line 33.
 1 SYSTEMPATH\View\View.php(201): CodeIgniter\Exceptions\FrameworkException::forInvalidFile('pages/assets.php')
 2 SYSTEMPATH\Common.php(1142): CodeIgniter\View\View->render('pages/assets', [], true)
 3 APPPATH\Controllers\Pages.php(28): view('pages/assets', [...])
 4 SYSTEMPATH\CodeIgniter.php(907): App\Controllers\Pages->view('FCPATH\\assets', 'back', 'webfonts', 'fa-brands-400.ttf')
 5 SYSTEMPATH\CodeIgniter.php(457): CodeIgniter\CodeIgniter->runController(Object(App\Controllers\Pages))
 6 SYSTEMPATH\CodeIgniter.php(340): CodeIgniter\CodeIgniter->handleRequest(null, Object(Config\Cache), false)
 7 FCPATH\index.php(67): CodeIgniter\CodeIgniter->run()
CRITICAL - 2022-09-19 20:38:42 --> Invalid file: pages/assets.php
in SYSTEMPATH\Exceptions\FrameworkException.php on line 33.
 1 SYSTEMPATH\View\View.php(201): CodeIgniter\Exceptions\FrameworkException::forInvalidFile('pages/assets.php')
 2 SYSTEMPATH\Common.php(1142): CodeIgniter\View\View->render('pages/assets', [], true)
 3 APPPATH\Controllers\Pages.php(28): view('pages/assets', [...])
 4 SYSTEMPATH\CodeIgniter.php(907): App\Controllers\Pages->view('FCPATH\\assets', 'back', 'webfonts', 'fa-solid-900.woff2')
 5 SYSTEMPATH\CodeIgniter.php(457): CodeIgniter\CodeIgniter->runController(Object(App\Controllers\Pages))
 6 SYSTEMPATH\CodeIgniter.php(340): CodeIgniter\CodeIgniter->handleRequest(null, Object(Config\Cache), false)
 7 FCPATH\index.php(67): CodeIgniter\CodeIgniter->run()
CRITICAL - 2022-09-19 20:38:42 --> Invalid file: pages/assets.php
in SYSTEMPATH\Exceptions\FrameworkException.php on line 33.
 1 SYSTEMPATH\View\View.php(201): CodeIgniter\Exceptions\FrameworkException::forInvalidFile('pages/assets.php')
 2 SYSTEMPATH\Common.php(1142): CodeIgniter\View\View->render('pages/assets', [], true)
 3 APPPATH\Controllers\Pages.php(28): view('pages/assets', [...])
 4 SYSTEMPATH\CodeIgniter.php(907): App\Controllers\Pages->view('FCPATH\\assets', 'back', 'webfonts', 'fa-solid-900.woff')
 5 SYSTEMPATH\CodeIgniter.php(457): CodeIgniter\CodeIgniter->runController(Object(App\Controllers\Pages))
 6 SYSTEMPATH\CodeIgniter.php(340): CodeIgniter\CodeIgniter->handleRequest(null, Object(Config\Cache), false)
 7 FCPATH\index.php(67): CodeIgniter\CodeIgniter->run()
CRITICAL - 2022-09-19 20:38:43 --> Invalid file: pages/assets.php
in SYSTEMPATH\Exceptions\FrameworkException.php on line 33.
 1 SYSTEMPATH\View\View.php(201): CodeIgniter\Exceptions\FrameworkException::forInvalidFile('pages/assets.php')
 2 SYSTEMPATH\Common.php(1142): CodeIgniter\View\View->render('pages/assets', [], true)
 3 APPPATH\Controllers\Pages.php(28): view('pages/assets', [...])
 4 SYSTEMPATH\CodeIgniter.php(907): App\Controllers\Pages->view('FCPATH\\assets', 'back', 'webfonts', 'fa-solid-900.ttf')
 5 SYSTEMPATH\CodeIgniter.php(457): CodeIgniter\CodeIgniter->runController(Object(App\Controllers\Pages))
 6 SYSTEMPATH\CodeIgniter.php(340): CodeIgniter\CodeIgniter->handleRequest(null, Object(Config\Cache), false)
 7 FCPATH\index.php(67): CodeIgniter\CodeIgniter->run()
CRITICAL - 2022-09-19 20:38:50 --> Invalid file: pages/__service-worker.js
in SYSTEMPATH\Exceptions\FrameworkException.php on line 33.
 1 SYSTEMPATH\View\View.php(201): CodeIgniter\Exceptions\FrameworkException::forInvalidFile('pages/__service-worker.js')
 2 SYSTEMPATH\Common.php(1142): CodeIgniter\View\View->render('pages/__service-worker.js', [], true)
 3 APPPATH\Controllers\Pages.php(28): view('pages/__service-worker.js', [...])
 4 SYSTEMPATH\CodeIgniter.php(907): App\Controllers\Pages->view('__service-worker.js')
 5 SYSTEMPATH\CodeIgniter.php(457): CodeIgniter\CodeIgniter->runController(Object(App\Controllers\Pages))
 6 SYSTEMPATH\CodeIgniter.php(340): CodeIgniter\CodeIgniter->handleRequest(null, Object(Config\Cache), false)
 7 FCPATH\index.php(67): CodeIgniter\CodeIgniter->run()
CRITICAL - 2022-09-19 20:38:50 --> Invalid file: pages/assets.php
in SYSTEMPATH\Exceptions\FrameworkException.php on line 33.
 1 SYSTEMPATH\View\View.php(201): CodeIgniter\Exceptions\FrameworkException::forInvalidFile('pages/assets.php')
 2 SYSTEMPATH\Common.php(1142): CodeIgniter\View\View->render('pages/assets', [], true)
 3 APPPATH\Controllers\Pages.php(28): view('pages/assets', [...])
 4 SYSTEMPATH\CodeIgniter.php(907): App\Controllers\Pages->view('FCPATH\\assets', 'back', 'webfonts', 'fa-brands-400.woff2')
 5 SYSTEMPATH\CodeIgniter.php(457): CodeIgniter\CodeIgniter->runController(Object(App\Controllers\Pages))
 6 SYSTEMPATH\CodeIgniter.php(340): CodeIgniter\CodeIgniter->handleRequest(null, Object(Config\Cache), false)
 7 FCPATH\index.php(67): CodeIgniter\CodeIgniter->run()
CRITICAL - 2022-09-19 20:38:50 --> Invalid file: pages/assets.php
in SYSTEMPATH\Exceptions\FrameworkException.php on line 33.
 1 SYSTEMPATH\View\View.php(201): CodeIgniter\Exceptions\FrameworkException::forInvalidFile('pages/assets.php')
 2 SYSTEMPATH\Common.php(1142): CodeIgniter\View\View->render('pages/assets', [], true)
 3 APPPATH\Controllers\Pages.php(28): view('pages/assets', [...])
 4 SYSTEMPATH\CodeIgniter.php(907): App\Controllers\Pages->view('FCPATH\\assets', 'back', 'webfonts', 'fa-solid-900.woff2')
 5 SYSTEMPATH\CodeIgniter.php(457): CodeIgniter\CodeIgniter->runController(Object(App\Controllers\Pages))
 6 SYSTEMPATH\CodeIgniter.php(340): CodeIgniter\CodeIgniter->handleRequest(null, Object(Config\Cache), false)
 7 FCPATH\index.php(67): CodeIgniter\CodeIgniter->run()
CRITICAL - 2022-09-19 20:38:50 --> Invalid file: pages/assets.php
in SYSTEMPATH\Exceptions\FrameworkException.php on line 33.
 1 SYSTEMPATH\View\View.php(201): CodeIgniter\Exceptions\FrameworkException::forInvalidFile('pages/assets.php')
 2 SYSTEMPATH\Common.php(1142): CodeIgniter\View\View->render('pages/assets', [], true)
 3 APPPATH\Controllers\Pages.php(28): view('pages/assets', [...])
 4 SYSTEMPATH\CodeIgniter.php(907): App\Controllers\Pages->view('FCPATH\\assets', 'back', 'webfonts', 'fa-brands-400.woff')
 5 SYSTEMPATH\CodeIgniter.php(457): CodeIgniter\CodeIgniter->runController(Object(App\Controllers\Pages))
 6 SYSTEMPATH\CodeIgniter.php(340): CodeIgniter\CodeIgniter->handleRequest(null, Object(Config\Cache), false)
 7 FCPATH\index.php(67): CodeIgniter\CodeIgniter->run()
CRITICAL - 2022-09-19 20:38:50 --> Invalid file: pages/assets.php
in SYSTEMPATH\Exceptions\FrameworkException.php on line 33.
 1 SYSTEMPATH\View\View.php(201): CodeIgniter\Exceptions\FrameworkException::forInvalidFile('pages/assets.php')
 2 SYSTEMPATH\Common.php(1142): CodeIgniter\View\View->render('pages/assets', [], true)
 3 APPPATH\Controllers\Pages.php(28): view('pages/assets', [...])
 4 SYSTEMPATH\CodeIgniter.php(907): App\Controllers\Pages->view('FCPATH\\assets', 'back', 'webfonts', 'fa-solid-900.woff')
 5 SYSTEMPATH\CodeIgniter.php(457): CodeIgniter\CodeIgniter->runController(Object(App\Controllers\Pages))
 6 SYSTEMPATH\CodeIgniter.php(340): CodeIgniter\CodeIgniter->handleRequest(null, Object(Config\Cache), false)
 7 FCPATH\index.php(67): CodeIgniter\CodeIgniter->run()
CRITICAL - 2022-09-19 20:38:50 --> Invalid file: pages/assets.php
in SYSTEMPATH\Exceptions\FrameworkException.php on line 33.
 1 SYSTEMPATH\View\View.php(201): CodeIgniter\Exceptions\FrameworkException::forInvalidFile('pages/assets.php')
 2 SYSTEMPATH\Common.php(1142): CodeIgniter\View\View->render('pages/assets', [], true)
 3 APPPATH\Controllers\Pages.php(28): view('pages/assets', [...])
 4 SYSTEMPATH\CodeIgniter.php(907): App\Controllers\Pages->view('FCPATH\\assets', 'back', 'webfonts', 'fa-solid-900.ttf')
 5 SYSTEMPATH\CodeIgniter.php(457): CodeIgniter\CodeIgniter->runController(Object(App\Controllers\Pages))
 6 SYSTEMPATH\CodeIgniter.php(340): CodeIgniter\CodeIgniter->handleRequest(null, Object(Config\Cache), false)
 7 FCPATH\index.php(67): CodeIgniter\CodeIgniter->run()
CRITICAL - 2022-09-19 20:38:50 --> Invalid file: pages/assets.php
in SYSTEMPATH\Exceptions\FrameworkException.php on line 33.
 1 SYSTEMPATH\View\View.php(201): CodeIgniter\Exceptions\FrameworkException::forInvalidFile('pages/assets.php')
 2 SYSTEMPATH\Common.php(1142): CodeIgniter\View\View->render('pages/assets', [], true)
 3 APPPATH\Controllers\Pages.php(28): view('pages/assets', [...])
 4 SYSTEMPATH\CodeIgniter.php(907): App\Controllers\Pages->view('FCPATH\\assets', 'back', 'webfonts', 'fa-brands-400.ttf')
 5 SYSTEMPATH\CodeIgniter.php(457): CodeIgniter\CodeIgniter->runController(Object(App\Controllers\Pages))
 6 SYSTEMPATH\CodeIgniter.php(340): CodeIgniter\CodeIgniter->handleRequest(null, Object(Config\Cache), false)
 7 FCPATH\index.php(67): CodeIgniter\CodeIgniter->run()
CRITICAL - 2022-09-19 20:44:21 --> Invalid file: pages/__service-worker.js
in SYSTEMPATH\Exceptions\FrameworkException.php on line 33.
 1 SYSTEMPATH\View\View.php(201): CodeIgniter\Exceptions\FrameworkException::forInvalidFile('pages/__service-worker.js')
 2 SYSTEMPATH\Common.php(1142): CodeIgniter\View\View->render('pages/__service-worker.js', [], true)
 3 APPPATH\Controllers\Pages.php(28): view('pages/__service-worker.js', [...])
 4 SYSTEMPATH\CodeIgniter.php(907): App\Controllers\Pages->view('__service-worker.js')
 5 SYSTEMPATH\CodeIgniter.php(457): CodeIgniter\CodeIgniter->runController(Object(App\Controllers\Pages))
 6 SYSTEMPATH\CodeIgniter.php(340): CodeIgniter\CodeIgniter->handleRequest(null, Object(Config\Cache), false)
 7 FCPATH\index.php(67): CodeIgniter\CodeIgniter->run()
CRITICAL - 2022-09-19 20:44:21 --> Invalid file: pages/assets.php
in SYSTEMPATH\Exceptions\FrameworkException.php on line 33.
 1 SYSTEMPATH\View\View.php(201): CodeIgniter\Exceptions\FrameworkException::forInvalidFile('pages/assets.php')
 2 SYSTEMPATH\Common.php(1142): CodeIgniter\View\View->render('pages/assets', [], true)
 3 APPPATH\Controllers\Pages.php(28): view('pages/assets', [...])
 4 SYSTEMPATH\CodeIgniter.php(907): App\Controllers\Pages->view('FCPATH\\assets', 'back', 'webfonts', 'fa-brands-400.woff2')
 5 SYSTEMPATH\CodeIgniter.php(457): CodeIgniter\CodeIgniter->runController(Object(App\Controllers\Pages))
 6 SYSTEMPATH\CodeIgniter.php(340): CodeIgniter\CodeIgniter->handleRequest(null, Object(Config\Cache), false)
 7 FCPATH\index.php(67): CodeIgniter\CodeIgniter->run()
CRITICAL - 2022-09-19 20:44:21 --> Invalid file: pages/assets.php
in SYSTEMPATH\Exceptions\FrameworkException.php on line 33.
 1 SYSTEMPATH\View\View.php(201): CodeIgniter\Exceptions\FrameworkException::forInvalidFile('pages/assets.php')
 2 SYSTEMPATH\Common.php(1142): CodeIgniter\View\View->render('pages/assets', [], true)
 3 APPPATH\Controllers\Pages.php(28): view('pages/assets', [...])
 4 SYSTEMPATH\CodeIgniter.php(907): App\Controllers\Pages->view('FCPATH\\assets', 'back', 'webfonts', 'fa-solid-900.woff2')
 5 SYSTEMPATH\CodeIgniter.php(457): CodeIgniter\CodeIgniter->runController(Object(App\Controllers\Pages))
 6 SYSTEMPATH\CodeIgniter.php(340): CodeIgniter\CodeIgniter->handleRequest(null, Object(Config\Cache), false)
 7 FCPATH\index.php(67): CodeIgniter\CodeIgniter->run()
CRITICAL - 2022-09-19 20:44:22 --> Invalid file: pages/assets.php
in SYSTEMPATH\Exceptions\FrameworkException.php on line 33.
 1 SYSTEMPATH\View\View.php(201): CodeIgniter\Exceptions\FrameworkException::forInvalidFile('pages/assets.php')
 2 SYSTEMPATH\Common.php(1142): CodeIgniter\View\View->render('pages/assets', [], true)
 3 APPPATH\Controllers\Pages.php(28): view('pages/assets', [...])
 4 SYSTEMPATH\CodeIgniter.php(907): App\Controllers\Pages->view('FCPATH\\assets', 'back', 'webfonts', 'fa-brands-400.woff')
 5 SYSTEMPATH\CodeIgniter.php(457): CodeIgniter\CodeIgniter->runController(Object(App\Controllers\Pages))
 6 SYSTEMPATH\CodeIgniter.php(340): CodeIgniter\CodeIgniter->handleRequest(null, Object(Config\Cache), false)
 7 FCPATH\index.php(67): CodeIgniter\CodeIgniter->run()
CRITICAL - 2022-09-19 20:44:22 --> Invalid file: pages/assets.php
in SYSTEMPATH\Exceptions\FrameworkException.php on line 33.
 1 SYSTEMPATH\View\View.php(201): CodeIgniter\Exceptions\FrameworkException::forInvalidFile('pages/assets.php')
 2 SYSTEMPATH\Common.php(1142): CodeIgniter\View\View->render('pages/assets', [], true)
 3 APPPATH\Controllers\Pages.php(28): view('pages/assets', [...])
 4 SYSTEMPATH\CodeIgniter.php(907): App\Controllers\Pages->view('FCPATH\\assets', 'back', 'webfonts', 'fa-solid-900.woff')
 5 SYSTEMPATH\CodeIgniter.php(457): CodeIgniter\CodeIgniter->runController(Object(App\Controllers\Pages))
 6 SYSTEMPATH\CodeIgniter.php(340): CodeIgniter\CodeIgniter->handleRequest(null, Object(Config\Cache), false)
 7 FCPATH\index.php(67): CodeIgniter\CodeIgniter->run()
CRITICAL - 2022-09-19 20:44:22 --> Invalid file: pages/assets.php
in SYSTEMPATH\Exceptions\FrameworkException.php on line 33.
 1 SYSTEMPATH\View\View.php(201): CodeIgniter\Exceptions\FrameworkException::forInvalidFile('pages/assets.php')
 2 SYSTEMPATH\Common.php(1142): CodeIgniter\View\View->render('pages/assets', [], true)
 3 APPPATH\Controllers\Pages.php(28): view('pages/assets', [...])
 4 SYSTEMPATH\CodeIgniter.php(907): App\Controllers\Pages->view('FCPATH\\assets', 'back', 'webfonts', 'fa-brands-400.ttf')
 5 SYSTEMPATH\CodeIgniter.php(457): CodeIgniter\CodeIgniter->runController(Object(App\Controllers\Pages))
 6 SYSTEMPATH\CodeIgniter.php(340): CodeIgniter\CodeIgniter->handleRequest(null, Object(Config\Cache), false)
 7 FCPATH\index.php(67): CodeIgniter\CodeIgniter->run()
CRITICAL - 2022-09-19 20:44:22 --> Invalid file: pages/assets.php
in SYSTEMPATH\Exceptions\FrameworkException.php on line 33.
 1 SYSTEMPATH\View\View.php(201): CodeIgniter\Exceptions\FrameworkException::forInvalidFile('pages/assets.php')
 2 SYSTEMPATH\Common.php(1142): CodeIgniter\View\View->render('pages/assets', [], true)
 3 APPPATH\Controllers\Pages.php(28): view('pages/assets', [...])
 4 SYSTEMPATH\CodeIgniter.php(907): App\Controllers\Pages->view('FCPATH\\assets', 'back', 'webfonts', 'fa-solid-900.ttf')
 5 SYSTEMPATH\CodeIgniter.php(457): CodeIgniter\CodeIgniter->runController(Object(App\Controllers\Pages))
 6 SYSTEMPATH\CodeIgniter.php(340): CodeIgniter\CodeIgniter->handleRequest(null, Object(Config\Cache), false)
 7 FCPATH\index.php(67): CodeIgniter\CodeIgniter->run()
CRITICAL - 2022-09-19 20:44:57 --> Call to undefined function payment_gateway()
in APPPATH\Views\user\footer.php on line 71.
 1 SYSTEMPATH\View\View.php(213): include()
 2 SYSTEMPATH\View\View.php(216): CodeIgniter\View\View->CodeIgniter\View\{closure}()
 3 SYSTEMPATH\Common.php(1142): CodeIgniter\View\View->render('user/footer', [], true)
 4 APPPATH\Controllers\User.php(61): view('user/footer', [...])
 5 SYSTEMPATH\CodeIgniter.php(907): App\Controllers\User->index()
 6 SYSTEMPATH\CodeIgniter.php(457): CodeIgniter\CodeIgniter->runController(Object(App\Controllers\User))
 7 SYSTEMPATH\CodeIgniter.php(340): CodeIgniter\CodeIgniter->handleRequest(null, Object(Config\Cache), false)
 8 FCPATH\index.php(67): CodeIgniter\CodeIgniter->run()
CRITICAL - 2022-09-19 20:45:27 --> Call to undefined function payment_gateway()
in APPPATH\Views\user\footer.php on line 71.
 1 SYSTEMPATH\View\View.php(213): include()
 2 SYSTEMPATH\View\View.php(216): CodeIgniter\View\View->CodeIgniter\View\{closure}()
 3 SYSTEMPATH\Common.php(1142): CodeIgniter\View\View->render('user/footer', [], true)
 4 APPPATH\Controllers\User.php(61): view('user/footer', [...])
 5 SYSTEMPATH\CodeIgniter.php(907): App\Controllers\User->index()
 6 SYSTEMPATH\CodeIgniter.php(457): CodeIgniter\CodeIgniter->runController(Object(App\Controllers\User))
 7 SYSTEMPATH\CodeIgniter.php(340): CodeIgniter\CodeIgniter->handleRequest(null, Object(Config\Cache), false)
 8 FCPATH\index.php(67): CodeIgniter\CodeIgniter->run()
CRITICAL - 2022-09-19 20:50:36 --> Call to undefined function payment_gateway()
in APPPATH\Views\user\footer.php on line 71.
 1 SYSTEMPATH\View\View.php(213): include()
 2 SYSTEMPATH\View\View.php(216): CodeIgniter\View\View->CodeIgniter\View\{closure}()
 3 SYSTEMPATH\Common.php(1142): CodeIgniter\View\View->render('user/footer', [], true)
 4 APPPATH\Controllers\User.php(61): view('user/footer', [...])
 5 SYSTEMPATH\CodeIgniter.php(907): App\Controllers\User->index()
 6 SYSTEMPATH\CodeIgniter.php(457): CodeIgniter\CodeIgniter->runController(Object(App\Controllers\User))
 7 SYSTEMPATH\CodeIgniter.php(340): CodeIgniter\CodeIgniter->handleRequest(null, Object(Config\Cache), false)
 8 FCPATH\index.php(67): CodeIgniter\CodeIgniter->run()
CRITICAL - 2022-09-19 20:50:51 --> Invalid file: pages/assets.php
in SYSTEMPATH\Exceptions\FrameworkException.php on line 33.
 1 SYSTEMPATH\View\View.php(201): CodeIgniter\Exceptions\FrameworkException::forInvalidFile('pages/assets.php')
 2 SYSTEMPATH\Common.php(1142): CodeIgniter\View\View->render('pages/assets', [], true)
 3 APPPATH\Controllers\Pages.php(28): view('pages/assets', [...])
 4 SYSTEMPATH\CodeIgniter.php(907): App\Controllers\Pages->view('FCPATH\\assets', 'back', 'webfonts', 'fa-solid-900.woff2')
 5 SYSTEMPATH\CodeIgniter.php(457): CodeIgniter\CodeIgniter->runController(Object(App\Controllers\Pages))
 6 SYSTEMPATH\CodeIgniter.php(340): CodeIgniter\CodeIgniter->handleRequest(null, Object(Config\Cache), false)
 7 FCPATH\index.php(67): CodeIgniter\CodeIgniter->run()
CRITICAL - 2022-09-19 20:50:51 --> Invalid file: pages/__service-worker.js
in SYSTEMPATH\Exceptions\FrameworkException.php on line 33.
 1 SYSTEMPATH\View\View.php(201): CodeIgniter\Exceptions\FrameworkException::forInvalidFile('pages/__service-worker.js')
 2 SYSTEMPATH\Common.php(1142): CodeIgniter\View\View->render('pages/__service-worker.js', [], true)
 3 APPPATH\Controllers\Pages.php(28): view('pages/__service-worker.js', [...])
 4 SYSTEMPATH\CodeIgniter.php(907): App\Controllers\Pages->view('__service-worker.js')
 5 SYSTEMPATH\CodeIgniter.php(457): CodeIgniter\CodeIgniter->runController(Object(App\Controllers\Pages))
 6 SYSTEMPATH\CodeIgniter.php(340): CodeIgniter\CodeIgniter->handleRequest(null, Object(Config\Cache), false)
 7 FCPATH\index.php(67): CodeIgniter\CodeIgniter->run()
CRITICAL - 2022-09-19 20:50:51 --> Invalid file: pages/assets.php
in SYSTEMPATH\Exceptions\FrameworkException.php on line 33.
 1 SYSTEMPATH\View\View.php(201): CodeIgniter\Exceptions\FrameworkException::forInvalidFile('pages/assets.php')
 2 SYSTEMPATH\Common.php(1142): CodeIgniter\View\View->render('pages/assets', [], true)
 3 APPPATH\Controllers\Pages.php(28): view('pages/assets', [...])
 4 SYSTEMPATH\CodeIgniter.php(907): App\Controllers\Pages->view('FCPATH\\assets', 'back', 'webfonts', 'fa-brands-400.woff2')
 5 SYSTEMPATH\CodeIgniter.php(457): CodeIgniter\CodeIgniter->runController(Object(App\Controllers\Pages))
 6 SYSTEMPATH\CodeIgniter.php(340): CodeIgniter\CodeIgniter->handleRequest(null, Object(Config\Cache), false)
 7 FCPATH\index.php(67): CodeIgniter\CodeIgniter->run()
CRITICAL - 2022-09-19 20:50:51 --> Invalid file: pages/assets.php
in SYSTEMPATH\Exceptions\FrameworkException.php on line 33.
 1 SYSTEMPATH\View\View.php(201): CodeIgniter\Exceptions\FrameworkException::forInvalidFile('pages/assets.php')
 2 SYSTEMPATH\Common.php(1142): CodeIgniter\View\View->render('pages/assets', [], true)
 3 APPPATH\Controllers\Pages.php(28): view('pages/assets', [...])
 4 SYSTEMPATH\CodeIgniter.php(907): App\Controllers\Pages->view('FCPATH\\assets', 'back', 'webfonts', 'fa-solid-900.woff')
 5 SYSTEMPATH\CodeIgniter.php(457): CodeIgniter\CodeIgniter->runController(Object(App\Controllers\Pages))
 6 SYSTEMPATH\CodeIgniter.php(340): CodeIgniter\CodeIgniter->handleRequest(null, Object(Config\Cache), false)
 7 FCPATH\index.php(67): CodeIgniter\CodeIgniter->run()
CRITICAL - 2022-09-19 20:50:51 --> Invalid file: pages/assets.php
in SYSTEMPATH\Exceptions\FrameworkException.php on line 33.
 1 SYSTEMPATH\View\View.php(201): CodeIgniter\Exceptions\FrameworkException::forInvalidFile('pages/assets.php')
 2 SYSTEMPATH\Common.php(1142): CodeIgniter\View\View->render('pages/assets', [], true)
 3 APPPATH\Controllers\Pages.php(28): view('pages/assets', [...])
 4 SYSTEMPATH\CodeIgniter.php(907): App\Controllers\Pages->view('FCPATH\\assets', 'back', 'webfonts', 'fa-brands-400.woff')
 5 SYSTEMPATH\CodeIgniter.php(457): CodeIgniter\CodeIgniter->runController(Object(App\Controllers\Pages))
 6 SYSTEMPATH\CodeIgniter.php(340): CodeIgniter\CodeIgniter->handleRequest(null, Object(Config\Cache), false)
 7 FCPATH\index.php(67): CodeIgniter\CodeIgniter->run()
CRITICAL - 2022-09-19 20:50:51 --> Invalid file: pages/assets.php
in SYSTEMPATH\Exceptions\FrameworkException.php on line 33.
 1 SYSTEMPATH\View\View.php(201): CodeIgniter\Exceptions\FrameworkException::forInvalidFile('pages/assets.php')
 2 SYSTEMPATH\Common.php(1142): CodeIgniter\View\View->render('pages/assets', [], true)
 3 APPPATH\Controllers\Pages.php(28): view('pages/assets', [...])
 4 SYSTEMPATH\CodeIgniter.php(907): App\Controllers\Pages->view('FCPATH\\assets', 'back', 'webfonts', 'fa-solid-900.ttf')
 5 SYSTEMPATH\CodeIgniter.php(457): CodeIgniter\CodeIgniter->runController(Object(App\Controllers\Pages))
 6 SYSTEMPATH\CodeIgniter.php(340): CodeIgniter\CodeIgniter->handleRequest(null, Object(Config\Cache), false)
 7 FCPATH\index.php(67): CodeIgniter\CodeIgniter->run()
CRITICAL - 2022-09-19 20:50:51 --> Invalid file: pages/assets.php
in SYSTEMPATH\Exceptions\FrameworkException.php on line 33.
 1 SYSTEMPATH\View\View.php(201): CodeIgniter\Exceptions\FrameworkException::forInvalidFile('pages/assets.php')
 2 SYSTEMPATH\Common.php(1142): CodeIgniter\View\View->render('pages/assets', [], true)
 3 APPPATH\Controllers\Pages.php(28): view('pages/assets', [...])
 4 SYSTEMPATH\CodeIgniter.php(907): App\Controllers\Pages->view('FCPATH\\assets', 'back', 'webfonts', 'fa-brands-400.ttf')
 5 SYSTEMPATH\CodeIgniter.php(457): CodeIgniter\CodeIgniter->runController(Object(App\Controllers\Pages))
 6 SYSTEMPATH\CodeIgniter.php(340): CodeIgniter\CodeIgniter->handleRequest(null, Object(Config\Cache), false)
 7 FCPATH\index.php(67): CodeIgniter\CodeIgniter->run()
