CRITICAL - 2022-09-28 00:31:07 --> Invalid file: pages/style.php
in SYSTEMPATH/Exceptions/FrameworkException.php on line 33.
 1 SYSTEMPATH/View/View.php(201): CodeIgniter\Exceptions\FrameworkException::forInvalidFile()
 2 SYSTEMPATH/Common.php(1142): CodeIgniter\View\View->render()
 3 APPPATH/Controllers/Pages.php(28): view()
 4 SYSTEMPATH/CodeIgniter.php(907): App\Controllers\Pages->view()
 5 SYSTEMPATH/CodeIgniter.php(457): CodeIgniter\CodeIgniter->runController()
 6 SYSTEMPATH/CodeIgniter.php(340): CodeIgniter\CodeIgniter->handleRequest()
 7 FCPATH/index.php(67): CodeIgniter\CodeIgniter->run()
CRITICAL - 2022-09-28 02:14:31 --> Invalid file: pages/.git
in SYSTEMPATH/Exceptions/FrameworkException.php on line 33.
 1 SYSTEMPATH/View/View.php(201): CodeIgniter\Exceptions\FrameworkException::forInvalidFile()
 2 SYSTEMPATH/Common.php(1142): CodeIgniter\View\View->render()
 3 APPPATH/Controllers/Pages.php(28): view()
 4 SYSTEMPATH/CodeIgniter.php(907): App\Controllers\Pages->view()
 5 SYSTEMPATH/CodeIgniter.php(457): CodeIgniter\CodeIgniter->runController()
 6 SYSTEMPATH/CodeIgniter.php(340): CodeIgniter\CodeIgniter->handleRequest()
 7 FCPATH/index.php(67): CodeIgniter\CodeIgniter->run()
CRITICAL - 2022-09-28 03:56:52 --> Invalid file: pages/assets.php
in SYSTEMPATH/Exceptions/FrameworkException.php on line 33.
 1 SYSTEMPATH/View/View.php(201): CodeIgniter\Exceptions\FrameworkException::forInvalidFile()
 2 SYSTEMPATH/Common.php(1142): CodeIgniter\View\View->render()
 3 APPPATH/Controllers/Pages.php(28): view()
 4 SYSTEMPATH/CodeIgniter.php(907): App\Controllers\Pages->view()
 5 SYSTEMPATH/CodeIgniter.php(457): CodeIgniter\CodeIgniter->runController()
 6 SYSTEMPATH/CodeIgniter.php(340): CodeIgniter\CodeIgniter->handleRequest()
 7 FCPATH/index.php(67): CodeIgniter\CodeIgniter->run()
CRITICAL - 2022-09-28 04:17:55 --> Invalid file: pages/wp-login.php
in SYSTEMPATH/Exceptions/FrameworkException.php on line 33.
 1 SYSTEMPATH/View/View.php(201): CodeIgniter\Exceptions\FrameworkException::forInvalidFile()
 2 SYSTEMPATH/Common.php(1142): CodeIgniter\View\View->render()
 3 APPPATH/Controllers/Pages.php(28): view()
 4 SYSTEMPATH/CodeIgniter.php(907): App\Controllers\Pages->view()
 5 SYSTEMPATH/CodeIgniter.php(457): CodeIgniter\CodeIgniter->runController()
 6 SYSTEMPATH/CodeIgniter.php(340): CodeIgniter\CodeIgniter->handleRequest()
 7 FCPATH/index.php(67): CodeIgniter\CodeIgniter->run()
CRITICAL - 2022-09-28 04:28:15 --> Invalid file: pages/assets.php
in SYSTEMPATH/Exceptions/FrameworkException.php on line 33.
 1 SYSTEMPATH/View/View.php(201): CodeIgniter\Exceptions\FrameworkException::forInvalidFile()
 2 SYSTEMPATH/Common.php(1142): CodeIgniter\View\View->render()
 3 APPPATH/Controllers/Pages.php(28): view()
 4 SYSTEMPATH/CodeIgniter.php(907): App\Controllers\Pages->view()
 5 SYSTEMPATH/CodeIgniter.php(457): CodeIgniter\CodeIgniter->runController()
 6 SYSTEMPATH/CodeIgniter.php(340): CodeIgniter\CodeIgniter->handleRequest()
 7 FCPATH/index.php(67): CodeIgniter\CodeIgniter->run()
CRITICAL - 2022-09-28 04:28:16 --> Invalid file: pages/assets.php
in SYSTEMPATH/Exceptions/FrameworkException.php on line 33.
 1 SYSTEMPATH/View/View.php(201): CodeIgniter\Exceptions\FrameworkException::forInvalidFile()
 2 SYSTEMPATH/Common.php(1142): CodeIgniter\View\View->render()
 3 APPPATH/Controllers/Pages.php(28): view()
 4 SYSTEMPATH/CodeIgniter.php(907): App\Controllers\Pages->view()
 5 SYSTEMPATH/CodeIgniter.php(457): CodeIgniter\CodeIgniter->runController()
 6 SYSTEMPATH/CodeIgniter.php(340): CodeIgniter\CodeIgniter->handleRequest()
 7 FCPATH/index.php(67): CodeIgniter\CodeIgniter->run()
CRITICAL - 2022-09-28 04:28:16 --> Invalid file: pages/assets.php
in SYSTEMPATH/Exceptions/FrameworkException.php on line 33.
 1 SYSTEMPATH/View/View.php(201): CodeIgniter\Exceptions\FrameworkException::forInvalidFile()
 2 SYSTEMPATH/Common.php(1142): CodeIgniter\View\View->render()
 3 APPPATH/Controllers/Pages.php(28): view()
 4 SYSTEMPATH/CodeIgniter.php(907): App\Controllers\Pages->view()
 5 SYSTEMPATH/CodeIgniter.php(457): CodeIgniter\CodeIgniter->runController()
 6 SYSTEMPATH/CodeIgniter.php(340): CodeIgniter\CodeIgniter->handleRequest()
 7 FCPATH/index.php(67): CodeIgniter\CodeIgniter->run()
CRITICAL - 2022-09-28 04:28:17 --> Undefined variable $edit
in APPPATH/Views/admin/tickets.php on line 14.
 1 APPPATH/Views/admin/tickets.php(14): CodeIgniter\Debug\Exceptions->errorHandler()
 2 SYSTEMPATH/View/View.php(213): include('APPPATH/Views/admin/tickets.php')
 3 SYSTEMPATH/View/View.php(216): CodeIgniter\View\View->CodeIgniter\View\{closure}()
 4 SYSTEMPATH/Common.php(1142): CodeIgniter\View\View->render()
 5 APPPATH/Controllers/Admin.php(1393): view()
 6 SYSTEMPATH/CodeIgniter.php(907): App\Controllers\Admin->newsletter()
 7 SYSTEMPATH/CodeIgniter.php(457): CodeIgniter\CodeIgniter->runController()
 8 SYSTEMPATH/CodeIgniter.php(340): CodeIgniter\CodeIgniter->handleRequest()
 9 FCPATH/index.php(67): CodeIgniter\CodeIgniter->run()
CRITICAL - 2022-09-28 04:28:38 --> Invalid file: pages/assets.php
in SYSTEMPATH/Exceptions/FrameworkException.php on line 33.
 1 SYSTEMPATH/View/View.php(201): CodeIgniter\Exceptions\FrameworkException::forInvalidFile()
 2 SYSTEMPATH/Common.php(1142): CodeIgniter\View\View->render()
 3 APPPATH/Controllers/Pages.php(28): view()
 4 SYSTEMPATH/CodeIgniter.php(907): App\Controllers\Pages->view()
 5 SYSTEMPATH/CodeIgniter.php(457): CodeIgniter\CodeIgniter->runController()
 6 SYSTEMPATH/CodeIgniter.php(340): CodeIgniter\CodeIgniter->handleRequest()
 7 FCPATH/index.php(67): CodeIgniter\CodeIgniter->run()
CRITICAL - 2022-09-28 04:28:38 --> Invalid file: pages/assets.php
in SYSTEMPATH/Exceptions/FrameworkException.php on line 33.
 1 SYSTEMPATH/View/View.php(201): CodeIgniter\Exceptions\FrameworkException::forInvalidFile()
 2 SYSTEMPATH/Common.php(1142): CodeIgniter\View\View->render()
 3 APPPATH/Controllers/Pages.php(28): view()
 4 SYSTEMPATH/CodeIgniter.php(907): App\Controllers\Pages->view()
 5 SYSTEMPATH/CodeIgniter.php(457): CodeIgniter\CodeIgniter->runController()
 6 SYSTEMPATH/CodeIgniter.php(340): CodeIgniter\CodeIgniter->handleRequest()
 7 FCPATH/index.php(67): CodeIgniter\CodeIgniter->run()
CRITICAL - 2022-09-28 04:29:06 --> Invalid file: pages/assets.php
in SYSTEMPATH/Exceptions/FrameworkException.php on line 33.
 1 SYSTEMPATH/View/View.php(201): CodeIgniter\Exceptions\FrameworkException::forInvalidFile()
 2 SYSTEMPATH/Common.php(1142): CodeIgniter\View\View->render()
 3 APPPATH/Controllers/Pages.php(28): view()
 4 SYSTEMPATH/CodeIgniter.php(907): App\Controllers\Pages->view()
 5 SYSTEMPATH/CodeIgniter.php(457): CodeIgniter\CodeIgniter->runController()
 6 SYSTEMPATH/CodeIgniter.php(340): CodeIgniter\CodeIgniter->handleRequest()
 7 FCPATH/index.php(67): CodeIgniter\CodeIgniter->run()
CRITICAL - 2022-09-28 04:29:06 --> Invalid file: pages/assets.php
in SYSTEMPATH/Exceptions/FrameworkException.php on line 33.
 1 SYSTEMPATH/View/View.php(201): CodeIgniter\Exceptions\FrameworkException::forInvalidFile()
 2 SYSTEMPATH/Common.php(1142): CodeIgniter\View\View->render()
 3 APPPATH/Controllers/Pages.php(28): view()
 4 SYSTEMPATH/CodeIgniter.php(907): App\Controllers\Pages->view()
 5 SYSTEMPATH/CodeIgniter.php(457): CodeIgniter\CodeIgniter->runController()
 6 SYSTEMPATH/CodeIgniter.php(340): CodeIgniter\CodeIgniter->handleRequest()
 7 FCPATH/index.php(67): CodeIgniter\CodeIgniter->run()
CRITICAL - 2022-09-28 04:29:07 --> Invalid file: pages/assets.php
in SYSTEMPATH/Exceptions/FrameworkException.php on line 33.
 1 SYSTEMPATH/View/View.php(201): CodeIgniter\Exceptions\FrameworkException::forInvalidFile()
 2 SYSTEMPATH/Common.php(1142): CodeIgniter\View\View->render()
 3 APPPATH/Controllers/Pages.php(28): view()
 4 SYSTEMPATH/CodeIgniter.php(907): App\Controllers\Pages->view()
 5 SYSTEMPATH/CodeIgniter.php(457): CodeIgniter\CodeIgniter->runController()
 6 SYSTEMPATH/CodeIgniter.php(340): CodeIgniter\CodeIgniter->handleRequest()
 7 FCPATH/index.php(67): CodeIgniter\CodeIgniter->run()
CRITICAL - 2022-09-28 04:29:12 --> Invalid file: pages/assets.php
in SYSTEMPATH/Exceptions/FrameworkException.php on line 33.
 1 SYSTEMPATH/View/View.php(201): CodeIgniter\Exceptions\FrameworkException::forInvalidFile()
 2 SYSTEMPATH/Common.php(1142): CodeIgniter\View\View->render()
 3 APPPATH/Controllers/Pages.php(28): view()
 4 SYSTEMPATH/CodeIgniter.php(907): App\Controllers\Pages->view()
 5 SYSTEMPATH/CodeIgniter.php(457): CodeIgniter\CodeIgniter->runController()
 6 SYSTEMPATH/CodeIgniter.php(340): CodeIgniter\CodeIgniter->handleRequest()
 7 FCPATH/index.php(67): CodeIgniter\CodeIgniter->run()
CRITICAL - 2022-09-28 05:09:44 --> Invalid file: pages/assets.php
in SYSTEMPATH/Exceptions/FrameworkException.php on line 33.
 1 SYSTEMPATH/View/View.php(201): CodeIgniter\Exceptions\FrameworkException::forInvalidFile()
 2 SYSTEMPATH/Common.php(1142): CodeIgniter\View\View->render()
 3 APPPATH/Controllers/Pages.php(28): view()
 4 SYSTEMPATH/CodeIgniter.php(907): App\Controllers\Pages->view()
 5 SYSTEMPATH/CodeIgniter.php(457): CodeIgniter\CodeIgniter->runController()
 6 SYSTEMPATH/CodeIgniter.php(340): CodeIgniter\CodeIgniter->handleRequest()
 7 FCPATH/index.php(67): CodeIgniter\CodeIgniter->run()
CRITICAL - 2022-09-28 05:09:44 --> Invalid file: pages/assets.php
in SYSTEMPATH/Exceptions/FrameworkException.php on line 33.
 1 SYSTEMPATH/View/View.php(201): CodeIgniter\Exceptions\FrameworkException::forInvalidFile()
 2 SYSTEMPATH/Common.php(1142): CodeIgniter\View\View->render()
 3 APPPATH/Controllers/Pages.php(28): view()
 4 SYSTEMPATH/CodeIgniter.php(907): App\Controllers\Pages->view()
 5 SYSTEMPATH/CodeIgniter.php(457): CodeIgniter\CodeIgniter->runController()
 6 SYSTEMPATH/CodeIgniter.php(340): CodeIgniter\CodeIgniter->handleRequest()
 7 FCPATH/index.php(67): CodeIgniter\CodeIgniter->run()
CRITICAL - 2022-09-28 05:09:45 --> Invalid file: pages/assets.php
in SYSTEMPATH/Exceptions/FrameworkException.php on line 33.
 1 SYSTEMPATH/View/View.php(201): CodeIgniter\Exceptions\FrameworkException::forInvalidFile()
 2 SYSTEMPATH/Common.php(1142): CodeIgniter\View\View->render()
 3 APPPATH/Controllers/Pages.php(28): view()
 4 SYSTEMPATH/CodeIgniter.php(907): App\Controllers\Pages->view()
 5 SYSTEMPATH/CodeIgniter.php(457): CodeIgniter\CodeIgniter->runController()
 6 SYSTEMPATH/CodeIgniter.php(340): CodeIgniter\CodeIgniter->handleRequest()
 7 FCPATH/index.php(67): CodeIgniter\CodeIgniter->run()
CRITICAL - 2022-09-28 05:09:51 --> Invalid file: pages/__service-worker.js
in SYSTEMPATH/Exceptions/FrameworkException.php on line 33.
 1 SYSTEMPATH/View/View.php(201): CodeIgniter\Exceptions\FrameworkException::forInvalidFile()
 2 SYSTEMPATH/Common.php(1142): CodeIgniter\View\View->render()
 3 APPPATH/Controllers/Pages.php(28): view()
 4 SYSTEMPATH/CodeIgniter.php(907): App\Controllers\Pages->view()
 5 SYSTEMPATH/CodeIgniter.php(457): CodeIgniter\CodeIgniter->runController()
 6 SYSTEMPATH/CodeIgniter.php(340): CodeIgniter\CodeIgniter->handleRequest()
 7 FCPATH/index.php(67): CodeIgniter\CodeIgniter->run()
CRITICAL - 2022-09-28 05:09:53 --> Invalid file: pages/assets.php
in SYSTEMPATH/Exceptions/FrameworkException.php on line 33.
 1 SYSTEMPATH/View/View.php(201): CodeIgniter\Exceptions\FrameworkException::forInvalidFile()
 2 SYSTEMPATH/Common.php(1142): CodeIgniter\View\View->render()
 3 APPPATH/Controllers/Pages.php(28): view()
 4 SYSTEMPATH/CodeIgniter.php(907): App\Controllers\Pages->view()
 5 SYSTEMPATH/CodeIgniter.php(457): CodeIgniter\CodeIgniter->runController()
 6 SYSTEMPATH/CodeIgniter.php(340): CodeIgniter\CodeIgniter->handleRequest()
 7 FCPATH/index.php(67): CodeIgniter\CodeIgniter->run()
CRITICAL - 2022-09-28 05:09:53 --> Invalid file: pages/assets.php
in SYSTEMPATH/Exceptions/FrameworkException.php on line 33.
 1 SYSTEMPATH/View/View.php(201): CodeIgniter\Exceptions\FrameworkException::forInvalidFile()
 2 SYSTEMPATH/Common.php(1142): CodeIgniter\View\View->render()
 3 APPPATH/Controllers/Pages.php(28): view()
 4 SYSTEMPATH/CodeIgniter.php(907): App\Controllers\Pages->view()
 5 SYSTEMPATH/CodeIgniter.php(457): CodeIgniter\CodeIgniter->runController()
 6 SYSTEMPATH/CodeIgniter.php(340): CodeIgniter\CodeIgniter->handleRequest()
 7 FCPATH/index.php(67): CodeIgniter\CodeIgniter->run()
CRITICAL - 2022-09-28 05:09:53 --> Invalid file: pages/assets.php
in SYSTEMPATH/Exceptions/FrameworkException.php on line 33.
 1 SYSTEMPATH/View/View.php(201): CodeIgniter\Exceptions\FrameworkException::forInvalidFile()
 2 SYSTEMPATH/Common.php(1142): CodeIgniter\View\View->render()
 3 APPPATH/Controllers/Pages.php(28): view()
 4 SYSTEMPATH/CodeIgniter.php(907): App\Controllers\Pages->view()
 5 SYSTEMPATH/CodeIgniter.php(457): CodeIgniter\CodeIgniter->runController()
 6 SYSTEMPATH/CodeIgniter.php(340): CodeIgniter\CodeIgniter->handleRequest()
 7 FCPATH/index.php(67): CodeIgniter\CodeIgniter->run()
CRITICAL - 2022-09-28 05:09:54 --> Invalid file: pages/assets.php
in SYSTEMPATH/Exceptions/FrameworkException.php on line 33.
 1 SYSTEMPATH/View/View.php(201): CodeIgniter\Exceptions\FrameworkException::forInvalidFile()
 2 SYSTEMPATH/Common.php(1142): CodeIgniter\View\View->render()
 3 APPPATH/Controllers/Pages.php(28): view()
 4 SYSTEMPATH/CodeIgniter.php(907): App\Controllers\Pages->view()
 5 SYSTEMPATH/CodeIgniter.php(457): CodeIgniter\CodeIgniter->runController()
 6 SYSTEMPATH/CodeIgniter.php(340): CodeIgniter\CodeIgniter->handleRequest()
 7 FCPATH/index.php(67): CodeIgniter\CodeIgniter->run()
CRITICAL - 2022-09-28 05:09:54 --> Invalid file: pages/assets.php
in SYSTEMPATH/Exceptions/FrameworkException.php on line 33.
 1 SYSTEMPATH/View/View.php(201): CodeIgniter\Exceptions\FrameworkException::forInvalidFile()
 2 SYSTEMPATH/Common.php(1142): CodeIgniter\View\View->render()
 3 APPPATH/Controllers/Pages.php(28): view()
 4 SYSTEMPATH/CodeIgniter.php(907): App\Controllers\Pages->view()
 5 SYSTEMPATH/CodeIgniter.php(457): CodeIgniter\CodeIgniter->runController()
 6 SYSTEMPATH/CodeIgniter.php(340): CodeIgniter\CodeIgniter->handleRequest()
 7 FCPATH/index.php(67): CodeIgniter\CodeIgniter->run()
CRITICAL - 2022-09-28 05:09:54 --> Invalid file: pages/assets.php
in SYSTEMPATH/Exceptions/FrameworkException.php on line 33.
 1 SYSTEMPATH/View/View.php(201): CodeIgniter\Exceptions\FrameworkException::forInvalidFile()
 2 SYSTEMPATH/Common.php(1142): CodeIgniter\View\View->render()
 3 APPPATH/Controllers/Pages.php(28): view()
 4 SYSTEMPATH/CodeIgniter.php(907): App\Controllers\Pages->view()
 5 SYSTEMPATH/CodeIgniter.php(457): CodeIgniter\CodeIgniter->runController()
 6 SYSTEMPATH/CodeIgniter.php(340): CodeIgniter\CodeIgniter->handleRequest()
 7 FCPATH/index.php(67): CodeIgniter\CodeIgniter->run()
CRITICAL - 2022-09-28 05:10:34 --> Invalid file: pages/__service-worker.js
in SYSTEMPATH/Exceptions/FrameworkException.php on line 33.
 1 SYSTEMPATH/View/View.php(201): CodeIgniter\Exceptions\FrameworkException::forInvalidFile()
 2 SYSTEMPATH/Common.php(1142): CodeIgniter\View\View->render()
 3 APPPATH/Controllers/Pages.php(28): view()
 4 SYSTEMPATH/CodeIgniter.php(907): App\Controllers\Pages->view()
 5 SYSTEMPATH/CodeIgniter.php(457): CodeIgniter\CodeIgniter->runController()
 6 SYSTEMPATH/CodeIgniter.php(340): CodeIgniter\CodeIgniter->handleRequest()
 7 FCPATH/index.php(67): CodeIgniter\CodeIgniter->run()
CRITICAL - 2022-09-28 05:10:34 --> Invalid file: pages/assets.php
in SYSTEMPATH/Exceptions/FrameworkException.php on line 33.
 1 SYSTEMPATH/View/View.php(201): CodeIgniter\Exceptions\FrameworkException::forInvalidFile()
 2 SYSTEMPATH/Common.php(1142): CodeIgniter\View\View->render()
 3 APPPATH/Controllers/Pages.php(28): view()
 4 SYSTEMPATH/CodeIgniter.php(907): App\Controllers\Pages->view()
 5 SYSTEMPATH/CodeIgniter.php(457): CodeIgniter\CodeIgniter->runController()
 6 SYSTEMPATH/CodeIgniter.php(340): CodeIgniter\CodeIgniter->handleRequest()
 7 FCPATH/index.php(67): CodeIgniter\CodeIgniter->run()
CRITICAL - 2022-09-28 05:10:34 --> Invalid file: pages/assets.php
in SYSTEMPATH/Exceptions/FrameworkException.php on line 33.
 1 SYSTEMPATH/View/View.php(201): CodeIgniter\Exceptions\FrameworkException::forInvalidFile()
 2 SYSTEMPATH/Common.php(1142): CodeIgniter\View\View->render()
 3 APPPATH/Controllers/Pages.php(28): view()
 4 SYSTEMPATH/CodeIgniter.php(907): App\Controllers\Pages->view()
 5 SYSTEMPATH/CodeIgniter.php(457): CodeIgniter\CodeIgniter->runController()
 6 SYSTEMPATH/CodeIgniter.php(340): CodeIgniter\CodeIgniter->handleRequest()
 7 FCPATH/index.php(67): CodeIgniter\CodeIgniter->run()
CRITICAL - 2022-09-28 05:10:34 --> Invalid file: pages/assets.php
in SYSTEMPATH/Exceptions/FrameworkException.php on line 33.
 1 SYSTEMPATH/View/View.php(201): CodeIgniter\Exceptions\FrameworkException::forInvalidFile()
 2 SYSTEMPATH/Common.php(1142): CodeIgniter\View\View->render()
 3 APPPATH/Controllers/Pages.php(28): view()
 4 SYSTEMPATH/CodeIgniter.php(907): App\Controllers\Pages->view()
 5 SYSTEMPATH/CodeIgniter.php(457): CodeIgniter\CodeIgniter->runController()
 6 SYSTEMPATH/CodeIgniter.php(340): CodeIgniter\CodeIgniter->handleRequest()
 7 FCPATH/index.php(67): CodeIgniter\CodeIgniter->run()
CRITICAL - 2022-09-28 05:10:34 --> Invalid file: pages/assets.php
in SYSTEMPATH/Exceptions/FrameworkException.php on line 33.
 1 SYSTEMPATH/View/View.php(201): CodeIgniter\Exceptions\FrameworkException::forInvalidFile()
 2 SYSTEMPATH/Common.php(1142): CodeIgniter\View\View->render()
 3 APPPATH/Controllers/Pages.php(28): view()
 4 SYSTEMPATH/CodeIgniter.php(907): App\Controllers\Pages->view()
 5 SYSTEMPATH/CodeIgniter.php(457): CodeIgniter\CodeIgniter->runController()
 6 SYSTEMPATH/CodeIgniter.php(340): CodeIgniter\CodeIgniter->handleRequest()
 7 FCPATH/index.php(67): CodeIgniter\CodeIgniter->run()
CRITICAL - 2022-09-28 05:10:35 --> Invalid file: pages/assets.php
in SYSTEMPATH/Exceptions/FrameworkException.php on line 33.
 1 SYSTEMPATH/View/View.php(201): CodeIgniter\Exceptions\FrameworkException::forInvalidFile()
 2 SYSTEMPATH/Common.php(1142): CodeIgniter\View\View->render()
 3 APPPATH/Controllers/Pages.php(28): view()
 4 SYSTEMPATH/CodeIgniter.php(907): App\Controllers\Pages->view()
 5 SYSTEMPATH/CodeIgniter.php(457): CodeIgniter\CodeIgniter->runController()
 6 SYSTEMPATH/CodeIgniter.php(340): CodeIgniter\CodeIgniter->handleRequest()
 7 FCPATH/index.php(67): CodeIgniter\CodeIgniter->run()
CRITICAL - 2022-09-28 05:10:35 --> Invalid file: pages/assets.php
in SYSTEMPATH/Exceptions/FrameworkException.php on line 33.
 1 SYSTEMPATH/View/View.php(201): CodeIgniter\Exceptions\FrameworkException::forInvalidFile()
 2 SYSTEMPATH/Common.php(1142): CodeIgniter\View\View->render()
 3 APPPATH/Controllers/Pages.php(28): view()
 4 SYSTEMPATH/CodeIgniter.php(907): App\Controllers\Pages->view()
 5 SYSTEMPATH/CodeIgniter.php(457): CodeIgniter\CodeIgniter->runController()
 6 SYSTEMPATH/CodeIgniter.php(340): CodeIgniter\CodeIgniter->handleRequest()
 7 FCPATH/index.php(67): CodeIgniter\CodeIgniter->run()
CRITICAL - 2022-09-28 05:12:05 --> Invalid file: pages/__service-worker.js
in SYSTEMPATH/Exceptions/FrameworkException.php on line 33.
 1 SYSTEMPATH/View/View.php(201): CodeIgniter\Exceptions\FrameworkException::forInvalidFile()
 2 SYSTEMPATH/Common.php(1142): CodeIgniter\View\View->render()
 3 APPPATH/Controllers/Pages.php(28): view()
 4 SYSTEMPATH/CodeIgniter.php(907): App\Controllers\Pages->view()
 5 SYSTEMPATH/CodeIgniter.php(457): CodeIgniter\CodeIgniter->runController()
 6 SYSTEMPATH/CodeIgniter.php(340): CodeIgniter\CodeIgniter->handleRequest()
 7 FCPATH/index.php(67): CodeIgniter\CodeIgniter->run()
CRITICAL - 2022-09-28 05:12:05 --> Invalid file: pages/assets.php
in SYSTEMPATH/Exceptions/FrameworkException.php on line 33.
 1 SYSTEMPATH/View/View.php(201): CodeIgniter\Exceptions\FrameworkException::forInvalidFile()
 2 SYSTEMPATH/Common.php(1142): CodeIgniter\View\View->render()
 3 APPPATH/Controllers/Pages.php(28): view()
 4 SYSTEMPATH/CodeIgniter.php(907): App\Controllers\Pages->view()
 5 SYSTEMPATH/CodeIgniter.php(457): CodeIgniter\CodeIgniter->runController()
 6 SYSTEMPATH/CodeIgniter.php(340): CodeIgniter\CodeIgniter->handleRequest()
 7 FCPATH/index.php(67): CodeIgniter\CodeIgniter->run()
CRITICAL - 2022-09-28 05:12:05 --> Invalid file: pages/assets.php
in SYSTEMPATH/Exceptions/FrameworkException.php on line 33.
 1 SYSTEMPATH/View/View.php(201): CodeIgniter\Exceptions\FrameworkException::forInvalidFile()
 2 SYSTEMPATH/Common.php(1142): CodeIgniter\View\View->render()
 3 APPPATH/Controllers/Pages.php(28): view()
 4 SYSTEMPATH/CodeIgniter.php(907): App\Controllers\Pages->view()
 5 SYSTEMPATH/CodeIgniter.php(457): CodeIgniter\CodeIgniter->runController()
 6 SYSTEMPATH/CodeIgniter.php(340): CodeIgniter\CodeIgniter->handleRequest()
 7 FCPATH/index.php(67): CodeIgniter\CodeIgniter->run()
CRITICAL - 2022-09-28 05:12:06 --> Invalid file: pages/assets.php
in SYSTEMPATH/Exceptions/FrameworkException.php on line 33.
 1 SYSTEMPATH/View/View.php(201): CodeIgniter\Exceptions\FrameworkException::forInvalidFile()
 2 SYSTEMPATH/Common.php(1142): CodeIgniter\View\View->render()
 3 APPPATH/Controllers/Pages.php(28): view()
 4 SYSTEMPATH/CodeIgniter.php(907): App\Controllers\Pages->view()
 5 SYSTEMPATH/CodeIgniter.php(457): CodeIgniter\CodeIgniter->runController()
 6 SYSTEMPATH/CodeIgniter.php(340): CodeIgniter\CodeIgniter->handleRequest()
 7 FCPATH/index.php(67): CodeIgniter\CodeIgniter->run()
CRITICAL - 2022-09-28 05:12:06 --> Invalid file: pages/assets.php
in SYSTEMPATH/Exceptions/FrameworkException.php on line 33.
 1 SYSTEMPATH/View/View.php(201): CodeIgniter\Exceptions\FrameworkException::forInvalidFile()
 2 SYSTEMPATH/Common.php(1142): CodeIgniter\View\View->render()
 3 APPPATH/Controllers/Pages.php(28): view()
 4 SYSTEMPATH/CodeIgniter.php(907): App\Controllers\Pages->view()
 5 SYSTEMPATH/CodeIgniter.php(457): CodeIgniter\CodeIgniter->runController()
 6 SYSTEMPATH/CodeIgniter.php(340): CodeIgniter\CodeIgniter->handleRequest()
 7 FCPATH/index.php(67): CodeIgniter\CodeIgniter->run()
CRITICAL - 2022-09-28 05:12:07 --> Invalid file: pages/assets.php
in SYSTEMPATH/Exceptions/FrameworkException.php on line 33.
 1 SYSTEMPATH/View/View.php(201): CodeIgniter\Exceptions\FrameworkException::forInvalidFile()
 2 SYSTEMPATH/Common.php(1142): CodeIgniter\View\View->render()
 3 APPPATH/Controllers/Pages.php(28): view()
 4 SYSTEMPATH/CodeIgniter.php(907): App\Controllers\Pages->view()
 5 SYSTEMPATH/CodeIgniter.php(457): CodeIgniter\CodeIgniter->runController()
 6 SYSTEMPATH/CodeIgniter.php(340): CodeIgniter\CodeIgniter->handleRequest()
 7 FCPATH/index.php(67): CodeIgniter\CodeIgniter->run()
CRITICAL - 2022-09-28 05:12:07 --> Invalid file: pages/assets.php
in SYSTEMPATH/Exceptions/FrameworkException.php on line 33.
 1 SYSTEMPATH/View/View.php(201): CodeIgniter\Exceptions\FrameworkException::forInvalidFile()
 2 SYSTEMPATH/Common.php(1142): CodeIgniter\View\View->render()
 3 APPPATH/Controllers/Pages.php(28): view()
 4 SYSTEMPATH/CodeIgniter.php(907): App\Controllers\Pages->view()
 5 SYSTEMPATH/CodeIgniter.php(457): CodeIgniter\CodeIgniter->runController()
 6 SYSTEMPATH/CodeIgniter.php(340): CodeIgniter\CodeIgniter->handleRequest()
 7 FCPATH/index.php(67): CodeIgniter\CodeIgniter->run()
CRITICAL - 2022-09-28 05:12:16 --> Invalid file: pages/__service-worker.js
in SYSTEMPATH/Exceptions/FrameworkException.php on line 33.
 1 SYSTEMPATH/View/View.php(201): CodeIgniter\Exceptions\FrameworkException::forInvalidFile()
 2 SYSTEMPATH/Common.php(1142): CodeIgniter\View\View->render()
 3 APPPATH/Controllers/Pages.php(28): view()
 4 SYSTEMPATH/CodeIgniter.php(907): App\Controllers\Pages->view()
 5 SYSTEMPATH/CodeIgniter.php(457): CodeIgniter\CodeIgniter->runController()
 6 SYSTEMPATH/CodeIgniter.php(340): CodeIgniter\CodeIgniter->handleRequest()
 7 FCPATH/index.php(67): CodeIgniter\CodeIgniter->run()
CRITICAL - 2022-09-28 05:12:16 --> Invalid file: pages/assets.php
in SYSTEMPATH/Exceptions/FrameworkException.php on line 33.
 1 SYSTEMPATH/View/View.php(201): CodeIgniter\Exceptions\FrameworkException::forInvalidFile()
 2 SYSTEMPATH/Common.php(1142): CodeIgniter\View\View->render()
 3 APPPATH/Controllers/Pages.php(28): view()
 4 SYSTEMPATH/CodeIgniter.php(907): App\Controllers\Pages->view()
 5 SYSTEMPATH/CodeIgniter.php(457): CodeIgniter\CodeIgniter->runController()
 6 SYSTEMPATH/CodeIgniter.php(340): CodeIgniter\CodeIgniter->handleRequest()
 7 FCPATH/index.php(67): CodeIgniter\CodeIgniter->run()
CRITICAL - 2022-09-28 05:12:16 --> Invalid file: pages/assets.php
in SYSTEMPATH/Exceptions/FrameworkException.php on line 33.
 1 SYSTEMPATH/View/View.php(201): CodeIgniter\Exceptions\FrameworkException::forInvalidFile()
 2 SYSTEMPATH/Common.php(1142): CodeIgniter\View\View->render()
 3 APPPATH/Controllers/Pages.php(28): view()
 4 SYSTEMPATH/CodeIgniter.php(907): App\Controllers\Pages->view()
 5 SYSTEMPATH/CodeIgniter.php(457): CodeIgniter\CodeIgniter->runController()
 6 SYSTEMPATH/CodeIgniter.php(340): CodeIgniter\CodeIgniter->handleRequest()
 7 FCPATH/index.php(67): CodeIgniter\CodeIgniter->run()
CRITICAL - 2022-09-28 05:12:17 --> Invalid file: pages/assets.php
in SYSTEMPATH/Exceptions/FrameworkException.php on line 33.
 1 SYSTEMPATH/View/View.php(201): CodeIgniter\Exceptions\FrameworkException::forInvalidFile()
 2 SYSTEMPATH/Common.php(1142): CodeIgniter\View\View->render()
 3 APPPATH/Controllers/Pages.php(28): view()
 4 SYSTEMPATH/CodeIgniter.php(907): App\Controllers\Pages->view()
 5 SYSTEMPATH/CodeIgniter.php(457): CodeIgniter\CodeIgniter->runController()
 6 SYSTEMPATH/CodeIgniter.php(340): CodeIgniter\CodeIgniter->handleRequest()
 7 FCPATH/index.php(67): CodeIgniter\CodeIgniter->run()
CRITICAL - 2022-09-28 05:12:17 --> Invalid file: pages/assets.php
in SYSTEMPATH/Exceptions/FrameworkException.php on line 33.
 1 SYSTEMPATH/View/View.php(201): CodeIgniter\Exceptions\FrameworkException::forInvalidFile()
 2 SYSTEMPATH/Common.php(1142): CodeIgniter\View\View->render()
 3 APPPATH/Controllers/Pages.php(28): view()
 4 SYSTEMPATH/CodeIgniter.php(907): App\Controllers\Pages->view()
 5 SYSTEMPATH/CodeIgniter.php(457): CodeIgniter\CodeIgniter->runController()
 6 SYSTEMPATH/CodeIgniter.php(340): CodeIgniter\CodeIgniter->handleRequest()
 7 FCPATH/index.php(67): CodeIgniter\CodeIgniter->run()
CRITICAL - 2022-09-28 05:12:17 --> Invalid file: pages/assets.php
in SYSTEMPATH/Exceptions/FrameworkException.php on line 33.
 1 SYSTEMPATH/View/View.php(201): CodeIgniter\Exceptions\FrameworkException::forInvalidFile()
 2 SYSTEMPATH/Common.php(1142): CodeIgniter\View\View->render()
 3 APPPATH/Controllers/Pages.php(28): view()
 4 SYSTEMPATH/CodeIgniter.php(907): App\Controllers\Pages->view()
 5 SYSTEMPATH/CodeIgniter.php(457): CodeIgniter\CodeIgniter->runController()
 6 SYSTEMPATH/CodeIgniter.php(340): CodeIgniter\CodeIgniter->handleRequest()
 7 FCPATH/index.php(67): CodeIgniter\CodeIgniter->run()
CRITICAL - 2022-09-28 05:12:17 --> Invalid file: pages/assets.php
in SYSTEMPATH/Exceptions/FrameworkException.php on line 33.
 1 SYSTEMPATH/View/View.php(201): CodeIgniter\Exceptions\FrameworkException::forInvalidFile()
 2 SYSTEMPATH/Common.php(1142): CodeIgniter\View\View->render()
 3 APPPATH/Controllers/Pages.php(28): view()
 4 SYSTEMPATH/CodeIgniter.php(907): App\Controllers\Pages->view()
 5 SYSTEMPATH/CodeIgniter.php(457): CodeIgniter\CodeIgniter->runController()
 6 SYSTEMPATH/CodeIgniter.php(340): CodeIgniter\CodeIgniter->handleRequest()
 7 FCPATH/index.php(67): CodeIgniter\CodeIgniter->run()
CRITICAL - 2022-09-28 05:14:33 --> Invalid file: pages/assets.php
in SYSTEMPATH/Exceptions/FrameworkException.php on line 33.
 1 SYSTEMPATH/View/View.php(201): CodeIgniter\Exceptions\FrameworkException::forInvalidFile()
 2 SYSTEMPATH/Common.php(1142): CodeIgniter\View\View->render()
 3 APPPATH/Controllers/Pages.php(28): view()
 4 SYSTEMPATH/CodeIgniter.php(907): App\Controllers\Pages->view()
 5 SYSTEMPATH/CodeIgniter.php(457): CodeIgniter\CodeIgniter->runController()
 6 SYSTEMPATH/CodeIgniter.php(340): CodeIgniter\CodeIgniter->handleRequest()
 7 FCPATH/index.php(67): CodeIgniter\CodeIgniter->run()
CRITICAL - 2022-09-28 05:14:33 --> Invalid file: pages/assets.php
in SYSTEMPATH/Exceptions/FrameworkException.php on line 33.
 1 SYSTEMPATH/View/View.php(201): CodeIgniter\Exceptions\FrameworkException::forInvalidFile()
 2 SYSTEMPATH/Common.php(1142): CodeIgniter\View\View->render()
 3 APPPATH/Controllers/Pages.php(28): view()
 4 SYSTEMPATH/CodeIgniter.php(907): App\Controllers\Pages->view()
 5 SYSTEMPATH/CodeIgniter.php(457): CodeIgniter\CodeIgniter->runController()
 6 SYSTEMPATH/CodeIgniter.php(340): CodeIgniter\CodeIgniter->handleRequest()
 7 FCPATH/index.php(67): CodeIgniter\CodeIgniter->run()
CRITICAL - 2022-09-28 05:15:03 --> Undefined variable $max_size
in APPPATH/Controllers/Admin.php on line 1447.
 1 APPPATH/Controllers/Admin.php(1447): CodeIgniter\Debug\Exceptions->errorHandler()
 2 SYSTEMPATH/CodeIgniter.php(907): App\Controllers\Admin->newsletter()
 3 SYSTEMPATH/CodeIgniter.php(457): CodeIgniter\CodeIgniter->runController()
 4 SYSTEMPATH/CodeIgniter.php(340): CodeIgniter\CodeIgniter->handleRequest()
 5 FCPATH/index.php(67): CodeIgniter\CodeIgniter->run()
CRITICAL - 2022-09-28 05:16:02 --> Invalid file: pages/assets.php
in SYSTEMPATH/Exceptions/FrameworkException.php on line 33.
 1 SYSTEMPATH/View/View.php(201): CodeIgniter\Exceptions\FrameworkException::forInvalidFile()
 2 SYSTEMPATH/Common.php(1142): CodeIgniter\View\View->render()
 3 APPPATH/Controllers/Pages.php(28): view()
 4 SYSTEMPATH/CodeIgniter.php(907): App\Controllers\Pages->view()
 5 SYSTEMPATH/CodeIgniter.php(457): CodeIgniter\CodeIgniter->runController()
 6 SYSTEMPATH/CodeIgniter.php(340): CodeIgniter\CodeIgniter->handleRequest()
 7 FCPATH/index.php(67): CodeIgniter\CodeIgniter->run()
CRITICAL - 2022-09-28 05:16:02 --> Invalid file: pages/assets.php
in SYSTEMPATH/Exceptions/FrameworkException.php on line 33.
 1 SYSTEMPATH/View/View.php(201): CodeIgniter\Exceptions\FrameworkException::forInvalidFile()
 2 SYSTEMPATH/Common.php(1142): CodeIgniter\View\View->render()
 3 APPPATH/Controllers/Pages.php(28): view()
 4 SYSTEMPATH/CodeIgniter.php(907): App\Controllers\Pages->view()
 5 SYSTEMPATH/CodeIgniter.php(457): CodeIgniter\CodeIgniter->runController()
 6 SYSTEMPATH/CodeIgniter.php(340): CodeIgniter\CodeIgniter->handleRequest()
 7 FCPATH/index.php(67): CodeIgniter\CodeIgniter->run()
CRITICAL - 2022-09-28 05:17:00 --> Invalid file: pages/assets.php
in SYSTEMPATH/Exceptions/FrameworkException.php on line 33.
 1 SYSTEMPATH/View/View.php(201): CodeIgniter\Exceptions\FrameworkException::forInvalidFile()
 2 SYSTEMPATH/Common.php(1142): CodeIgniter\View\View->render()
 3 APPPATH/Controllers/Pages.php(28): view()
 4 SYSTEMPATH/CodeIgniter.php(907): App\Controllers\Pages->view()
 5 SYSTEMPATH/CodeIgniter.php(457): CodeIgniter\CodeIgniter->runController()
 6 SYSTEMPATH/CodeIgniter.php(340): CodeIgniter\CodeIgniter->handleRequest()
 7 FCPATH/index.php(67): CodeIgniter\CodeIgniter->run()
CRITICAL - 2022-09-28 05:17:00 --> Invalid file: pages/assets.php
in SYSTEMPATH/Exceptions/FrameworkException.php on line 33.
 1 SYSTEMPATH/View/View.php(201): CodeIgniter\Exceptions\FrameworkException::forInvalidFile()
 2 SYSTEMPATH/Common.php(1142): CodeIgniter\View\View->render()
 3 APPPATH/Controllers/Pages.php(28): view()
 4 SYSTEMPATH/CodeIgniter.php(907): App\Controllers\Pages->view()
 5 SYSTEMPATH/CodeIgniter.php(457): CodeIgniter\CodeIgniter->runController()
 6 SYSTEMPATH/CodeIgniter.php(340): CodeIgniter\CodeIgniter->handleRequest()
 7 FCPATH/index.php(67): CodeIgniter\CodeIgniter->run()
CRITICAL - 2022-09-28 05:21:24 --> Invalid file: pages/assets.php
in SYSTEMPATH/Exceptions/FrameworkException.php on line 33.
 1 SYSTEMPATH/View/View.php(201): CodeIgniter\Exceptions\FrameworkException::forInvalidFile()
 2 SYSTEMPATH/Common.php(1142): CodeIgniter\View\View->render()
 3 APPPATH/Controllers/Pages.php(28): view()
 4 SYSTEMPATH/CodeIgniter.php(907): App\Controllers\Pages->view()
 5 SYSTEMPATH/CodeIgniter.php(457): CodeIgniter\CodeIgniter->runController()
 6 SYSTEMPATH/CodeIgniter.php(340): CodeIgniter\CodeIgniter->handleRequest()
 7 FCPATH/index.php(67): CodeIgniter\CodeIgniter->run()
CRITICAL - 2022-09-28 05:21:24 --> Invalid file: pages/assets.php
in SYSTEMPATH/Exceptions/FrameworkException.php on line 33.
 1 SYSTEMPATH/View/View.php(201): CodeIgniter\Exceptions\FrameworkException::forInvalidFile()
 2 SYSTEMPATH/Common.php(1142): CodeIgniter\View\View->render()
 3 APPPATH/Controllers/Pages.php(28): view()
 4 SYSTEMPATH/CodeIgniter.php(907): App\Controllers\Pages->view()
 5 SYSTEMPATH/CodeIgniter.php(457): CodeIgniter\CodeIgniter->runController()
 6 SYSTEMPATH/CodeIgniter.php(340): CodeIgniter\CodeIgniter->handleRequest()
 7 FCPATH/index.php(67): CodeIgniter\CodeIgniter->run()
CRITICAL - 2022-09-28 05:43:30 --> Invalid file: pages/assets.php
in SYSTEMPATH/Exceptions/FrameworkException.php on line 33.
 1 SYSTEMPATH/View/View.php(201): CodeIgniter\Exceptions\FrameworkException::forInvalidFile()
 2 SYSTEMPATH/Common.php(1142): CodeIgniter\View\View->render()
 3 APPPATH/Controllers/Pages.php(28): view()
 4 SYSTEMPATH/CodeIgniter.php(907): App\Controllers\Pages->view()
 5 SYSTEMPATH/CodeIgniter.php(457): CodeIgniter\CodeIgniter->runController()
 6 SYSTEMPATH/CodeIgniter.php(340): CodeIgniter\CodeIgniter->handleRequest()
 7 FCPATH/index.php(67): CodeIgniter\CodeIgniter->run()
CRITICAL - 2022-09-28 05:43:30 --> Invalid file: pages/assets.php
in SYSTEMPATH/Exceptions/FrameworkException.php on line 33.
 1 SYSTEMPATH/View/View.php(201): CodeIgniter\Exceptions\FrameworkException::forInvalidFile()
 2 SYSTEMPATH/Common.php(1142): CodeIgniter\View\View->render()
 3 APPPATH/Controllers/Pages.php(28): view()
 4 SYSTEMPATH/CodeIgniter.php(907): App\Controllers\Pages->view()
 5 SYSTEMPATH/CodeIgniter.php(457): CodeIgniter\CodeIgniter->runController()
 6 SYSTEMPATH/CodeIgniter.php(340): CodeIgniter\CodeIgniter->handleRequest()
 7 FCPATH/index.php(67): CodeIgniter\CodeIgniter->run()
CRITICAL - 2022-09-28 05:43:49 --> Invalid file: pages/assets.php
in SYSTEMPATH/Exceptions/FrameworkException.php on line 33.
 1 SYSTEMPATH/View/View.php(201): CodeIgniter\Exceptions\FrameworkException::forInvalidFile()
 2 SYSTEMPATH/Common.php(1142): CodeIgniter\View\View->render()
 3 APPPATH/Controllers/Pages.php(28): view()
 4 SYSTEMPATH/CodeIgniter.php(907): App\Controllers\Pages->view()
 5 SYSTEMPATH/CodeIgniter.php(457): CodeIgniter\CodeIgniter->runController()
 6 SYSTEMPATH/CodeIgniter.php(340): CodeIgniter\CodeIgniter->handleRequest()
 7 FCPATH/index.php(67): CodeIgniter\CodeIgniter->run()
CRITICAL - 2022-09-28 05:43:49 --> Invalid file: pages/assets.php
in SYSTEMPATH/Exceptions/FrameworkException.php on line 33.
 1 SYSTEMPATH/View/View.php(201): CodeIgniter\Exceptions\FrameworkException::forInvalidFile()
 2 SYSTEMPATH/Common.php(1142): CodeIgniter\View\View->render()
 3 APPPATH/Controllers/Pages.php(28): view()
 4 SYSTEMPATH/CodeIgniter.php(907): App\Controllers\Pages->view()
 5 SYSTEMPATH/CodeIgniter.php(457): CodeIgniter\CodeIgniter->runController()
 6 SYSTEMPATH/CodeIgniter.php(340): CodeIgniter\CodeIgniter->handleRequest()
 7 FCPATH/index.php(67): CodeIgniter\CodeIgniter->run()
CRITICAL - 2022-09-28 05:44:10 --> Invalid file: pages/assets.php
in SYSTEMPATH/Exceptions/FrameworkException.php on line 33.
 1 SYSTEMPATH/View/View.php(201): CodeIgniter\Exceptions\FrameworkException::forInvalidFile()
 2 SYSTEMPATH/Common.php(1142): CodeIgniter\View\View->render()
 3 APPPATH/Controllers/Pages.php(28): view()
 4 SYSTEMPATH/CodeIgniter.php(907): App\Controllers\Pages->view()
 5 SYSTEMPATH/CodeIgniter.php(457): CodeIgniter\CodeIgniter->runController()
 6 SYSTEMPATH/CodeIgniter.php(340): CodeIgniter\CodeIgniter->handleRequest()
 7 FCPATH/index.php(67): CodeIgniter\CodeIgniter->run()
CRITICAL - 2022-09-28 05:44:10 --> Invalid file: pages/assets.php
in SYSTEMPATH/Exceptions/FrameworkException.php on line 33.
 1 SYSTEMPATH/View/View.php(201): CodeIgniter\Exceptions\FrameworkException::forInvalidFile()
 2 SYSTEMPATH/Common.php(1142): CodeIgniter\View\View->render()
 3 APPPATH/Controllers/Pages.php(28): view()
 4 SYSTEMPATH/CodeIgniter.php(907): App\Controllers\Pages->view()
 5 SYSTEMPATH/CodeIgniter.php(457): CodeIgniter\CodeIgniter->runController()
 6 SYSTEMPATH/CodeIgniter.php(340): CodeIgniter\CodeIgniter->handleRequest()
 7 FCPATH/index.php(67): CodeIgniter\CodeIgniter->run()
CRITICAL - 2022-09-28 05:44:29 --> Invalid file: pages/assets.php
in SYSTEMPATH/Exceptions/FrameworkException.php on line 33.
 1 SYSTEMPATH/View/View.php(201): CodeIgniter\Exceptions\FrameworkException::forInvalidFile()
 2 SYSTEMPATH/Common.php(1142): CodeIgniter\View\View->render()
 3 APPPATH/Controllers/Pages.php(28): view()
 4 SYSTEMPATH/CodeIgniter.php(907): App\Controllers\Pages->view()
 5 SYSTEMPATH/CodeIgniter.php(457): CodeIgniter\CodeIgniter->runController()
 6 SYSTEMPATH/CodeIgniter.php(340): CodeIgniter\CodeIgniter->handleRequest()
 7 FCPATH/index.php(67): CodeIgniter\CodeIgniter->run()
CRITICAL - 2022-09-28 05:44:29 --> Invalid file: pages/assets.php
in SYSTEMPATH/Exceptions/FrameworkException.php on line 33.
 1 SYSTEMPATH/View/View.php(201): CodeIgniter\Exceptions\FrameworkException::forInvalidFile()
 2 SYSTEMPATH/Common.php(1142): CodeIgniter\View\View->render()
 3 APPPATH/Controllers/Pages.php(28): view()
 4 SYSTEMPATH/CodeIgniter.php(907): App\Controllers\Pages->view()
 5 SYSTEMPATH/CodeIgniter.php(457): CodeIgniter\CodeIgniter->runController()
 6 SYSTEMPATH/CodeIgniter.php(340): CodeIgniter\CodeIgniter->handleRequest()
 7 FCPATH/index.php(67): CodeIgniter\CodeIgniter->run()
CRITICAL - 2022-09-28 05:44:42 --> allowed_types is not a valid rule.
in SYSTEMPATH/Validation/Validation.php on line 323.
 1 SYSTEMPATH/Validation/Validation.php(323): CodeIgniter\Validation\Exceptions\ValidationException::forRuleNotFound()
 2 SYSTEMPATH/Validation/Validation.php(175): CodeIgniter\Validation\Validation->processRules()
 3 SYSTEMPATH/Controller.php(140): CodeIgniter\Validation\Validation->run()
 4 APPPATH/Controllers/Admin.php(1450): CodeIgniter\Controller->validate()
 5 SYSTEMPATH/CodeIgniter.php(907): App\Controllers\Admin->newsletter()
 6 SYSTEMPATH/CodeIgniter.php(457): CodeIgniter\CodeIgniter->runController()
 7 SYSTEMPATH/CodeIgniter.php(340): CodeIgniter\CodeIgniter->handleRequest()
 8 FCPATH/index.php(67): CodeIgniter\CodeIgniter->run()
CRITICAL - 2022-09-28 05:52:24 --> Invalid file: pages/assets.php
in SYSTEMPATH/Exceptions/FrameworkException.php on line 33.
 1 SYSTEMPATH/View/View.php(201): CodeIgniter\Exceptions\FrameworkException::forInvalidFile()
 2 SYSTEMPATH/Common.php(1142): CodeIgniter\View\View->render()
 3 APPPATH/Controllers/Pages.php(28): view()
 4 SYSTEMPATH/CodeIgniter.php(907): App\Controllers\Pages->view()
 5 SYSTEMPATH/CodeIgniter.php(457): CodeIgniter\CodeIgniter->runController()
 6 SYSTEMPATH/CodeIgniter.php(340): CodeIgniter\CodeIgniter->handleRequest()
 7 FCPATH/index.php(67): CodeIgniter\CodeIgniter->run()
CRITICAL - 2022-09-28 05:52:24 --> Invalid file: pages/assets.php
in SYSTEMPATH/Exceptions/FrameworkException.php on line 33.
 1 SYSTEMPATH/View/View.php(201): CodeIgniter\Exceptions\FrameworkException::forInvalidFile()
 2 SYSTEMPATH/Common.php(1142): CodeIgniter\View\View->render()
 3 APPPATH/Controllers/Pages.php(28): view()
 4 SYSTEMPATH/CodeIgniter.php(907): App\Controllers\Pages->view()
 5 SYSTEMPATH/CodeIgniter.php(457): CodeIgniter\CodeIgniter->runController()
 6 SYSTEMPATH/CodeIgniter.php(340): CodeIgniter\CodeIgniter->handleRequest()
 7 FCPATH/index.php(67): CodeIgniter\CodeIgniter->run()
CRITICAL - 2022-09-28 05:54:52 --> Invalid file: pages/assets.php
in SYSTEMPATH/Exceptions/FrameworkException.php on line 33.
 1 SYSTEMPATH/View/View.php(201): CodeIgniter\Exceptions\FrameworkException::forInvalidFile()
 2 SYSTEMPATH/Common.php(1142): CodeIgniter\View\View->render()
 3 APPPATH/Controllers/Pages.php(28): view()
 4 SYSTEMPATH/CodeIgniter.php(907): App\Controllers\Pages->view()
 5 SYSTEMPATH/CodeIgniter.php(457): CodeIgniter\CodeIgniter->runController()
 6 SYSTEMPATH/CodeIgniter.php(340): CodeIgniter\CodeIgniter->handleRequest()
 7 FCPATH/index.php(67): CodeIgniter\CodeIgniter->run()
CRITICAL - 2022-09-28 05:54:52 --> Invalid file: pages/assets.php
in SYSTEMPATH/Exceptions/FrameworkException.php on line 33.
 1 SYSTEMPATH/View/View.php(201): CodeIgniter\Exceptions\FrameworkException::forInvalidFile()
 2 SYSTEMPATH/Common.php(1142): CodeIgniter\View\View->render()
 3 APPPATH/Controllers/Pages.php(28): view()
 4 SYSTEMPATH/CodeIgniter.php(907): App\Controllers\Pages->view()
 5 SYSTEMPATH/CodeIgniter.php(457): CodeIgniter\CodeIgniter->runController()
 6 SYSTEMPATH/CodeIgniter.php(340): CodeIgniter\CodeIgniter->handleRequest()
 7 FCPATH/index.php(67): CodeIgniter\CodeIgniter->run()
CRITICAL - 2022-09-28 05:55:18 --> Call to a member function getRandomName() on null
in APPPATH/Controllers/Admin.php on line 1457.
 1 SYSTEMPATH/CodeIgniter.php(907): App\Controllers\Admin->newsletter()
 2 SYSTEMPATH/CodeIgniter.php(457): CodeIgniter\CodeIgniter->runController()
 3 SYSTEMPATH/CodeIgniter.php(340): CodeIgniter\CodeIgniter->handleRequest()
 4 FCPATH/index.php(67): CodeIgniter\CodeIgniter->run()
CRITICAL - 2022-09-28 05:55:43 --> Invalid file: pages/assets.php
in SYSTEMPATH/Exceptions/FrameworkException.php on line 33.
 1 SYSTEMPATH/View/View.php(201): CodeIgniter\Exceptions\FrameworkException::forInvalidFile()
 2 SYSTEMPATH/Common.php(1142): CodeIgniter\View\View->render()
 3 APPPATH/Controllers/Pages.php(28): view()
 4 SYSTEMPATH/CodeIgniter.php(907): App\Controllers\Pages->view()
 5 SYSTEMPATH/CodeIgniter.php(457): CodeIgniter\CodeIgniter->runController()
 6 SYSTEMPATH/CodeIgniter.php(340): CodeIgniter\CodeIgniter->handleRequest()
 7 FCPATH/index.php(67): CodeIgniter\CodeIgniter->run()
CRITICAL - 2022-09-28 05:55:43 --> Invalid file: pages/assets.php
in SYSTEMPATH/Exceptions/FrameworkException.php on line 33.
 1 SYSTEMPATH/View/View.php(201): CodeIgniter\Exceptions\FrameworkException::forInvalidFile()
 2 SYSTEMPATH/Common.php(1142): CodeIgniter\View\View->render()
 3 APPPATH/Controllers/Pages.php(28): view()
 4 SYSTEMPATH/CodeIgniter.php(907): App\Controllers\Pages->view()
 5 SYSTEMPATH/CodeIgniter.php(457): CodeIgniter\CodeIgniter->runController()
 6 SYSTEMPATH/CodeIgniter.php(340): CodeIgniter\CodeIgniter->handleRequest()
 7 FCPATH/index.php(67): CodeIgniter\CodeIgniter->run()
CRITICAL - 2022-09-28 05:57:00 --> Invalid file: pages/assets.php
in SYSTEMPATH/Exceptions/FrameworkException.php on line 33.
 1 SYSTEMPATH/View/View.php(201): CodeIgniter\Exceptions\FrameworkException::forInvalidFile()
 2 SYSTEMPATH/Common.php(1142): CodeIgniter\View\View->render()
 3 APPPATH/Controllers/Pages.php(28): view()
 4 SYSTEMPATH/CodeIgniter.php(907): App\Controllers\Pages->view()
 5 SYSTEMPATH/CodeIgniter.php(457): CodeIgniter\CodeIgniter->runController()
 6 SYSTEMPATH/CodeIgniter.php(340): CodeIgniter\CodeIgniter->handleRequest()
 7 FCPATH/index.php(67): CodeIgniter\CodeIgniter->run()
CRITICAL - 2022-09-28 05:57:00 --> Invalid file: pages/assets.php
in SYSTEMPATH/Exceptions/FrameworkException.php on line 33.
 1 SYSTEMPATH/View/View.php(201): CodeIgniter\Exceptions\FrameworkException::forInvalidFile()
 2 SYSTEMPATH/Common.php(1142): CodeIgniter\View\View->render()
 3 APPPATH/Controllers/Pages.php(28): view()
 4 SYSTEMPATH/CodeIgniter.php(907): App\Controllers\Pages->view()
 5 SYSTEMPATH/CodeIgniter.php(457): CodeIgniter\CodeIgniter->runController()
 6 SYSTEMPATH/CodeIgniter.php(340): CodeIgniter\CodeIgniter->handleRequest()
 7 FCPATH/index.php(67): CodeIgniter\CodeIgniter->run()
CRITICAL - 2022-09-28 06:06:13 --> syntax error, unexpected token "public", expecting end of file
in APPPATH/Controllers/Admin.php on line 1588.
 1 SYSTEMPATH/Autoloader/Autoloader.php(259): CodeIgniter\Autoloader\Autoloader->includeFile()
 2 SYSTEMPATH/Autoloader/Autoloader.php(237): CodeIgniter\Autoloader\Autoloader->loadInNamespace()
 3 [internal function]: CodeIgniter\Autoloader\Autoloader->loadClass()
 4 SYSTEMPATH/CodeIgniter.php(857): class_exists()
 5 SYSTEMPATH/CodeIgniter.php(444): CodeIgniter\CodeIgniter->startController()
 6 SYSTEMPATH/CodeIgniter.php(340): CodeIgniter\CodeIgniter->handleRequest()
 7 FCPATH/index.php(67): CodeIgniter\CodeIgniter->run()
CRITICAL - 2022-09-28 06:06:41 --> Invalid file: pages/assets.php
in SYSTEMPATH/Exceptions/FrameworkException.php on line 33.
 1 SYSTEMPATH/View/View.php(201): CodeIgniter\Exceptions\FrameworkException::forInvalidFile()
 2 SYSTEMPATH/Common.php(1142): CodeIgniter\View\View->render()
 3 APPPATH/Controllers/Pages.php(28): view()
 4 SYSTEMPATH/CodeIgniter.php(907): App\Controllers\Pages->view()
 5 SYSTEMPATH/CodeIgniter.php(457): CodeIgniter\CodeIgniter->runController()
 6 SYSTEMPATH/CodeIgniter.php(340): CodeIgniter\CodeIgniter->handleRequest()
 7 FCPATH/index.php(67): CodeIgniter\CodeIgniter->run()
CRITICAL - 2022-09-28 06:06:41 --> Invalid file: pages/assets.php
in SYSTEMPATH/Exceptions/FrameworkException.php on line 33.
 1 SYSTEMPATH/View/View.php(201): CodeIgniter\Exceptions\FrameworkException::forInvalidFile()
 2 SYSTEMPATH/Common.php(1142): CodeIgniter\View\View->render()
 3 APPPATH/Controllers/Pages.php(28): view()
 4 SYSTEMPATH/CodeIgniter.php(907): App\Controllers\Pages->view()
 5 SYSTEMPATH/CodeIgniter.php(457): CodeIgniter\CodeIgniter->runController()
 6 SYSTEMPATH/CodeIgniter.php(340): CodeIgniter\CodeIgniter->handleRequest()
 7 FCPATH/index.php(67): CodeIgniter\CodeIgniter->run()
CRITICAL - 2022-09-28 06:14:12 --> Invalid file: pages/assets.php
in SYSTEMPATH/Exceptions/FrameworkException.php on line 33.
 1 SYSTEMPATH/View/View.php(201): CodeIgniter\Exceptions\FrameworkException::forInvalidFile()
 2 SYSTEMPATH/Common.php(1142): CodeIgniter\View\View->render()
 3 APPPATH/Controllers/Pages.php(28): view()
 4 SYSTEMPATH/CodeIgniter.php(907): App\Controllers\Pages->view()
 5 SYSTEMPATH/CodeIgniter.php(457): CodeIgniter\CodeIgniter->runController()
 6 SYSTEMPATH/CodeIgniter.php(340): CodeIgniter\CodeIgniter->handleRequest()
 7 FCPATH/index.php(67): CodeIgniter\CodeIgniter->run()
CRITICAL - 2022-09-28 06:14:12 --> Invalid file: pages/assets.php
in SYSTEMPATH/Exceptions/FrameworkException.php on line 33.
 1 SYSTEMPATH/View/View.php(201): CodeIgniter\Exceptions\FrameworkException::forInvalidFile()
 2 SYSTEMPATH/Common.php(1142): CodeIgniter\View\View->render()
 3 APPPATH/Controllers/Pages.php(28): view()
 4 SYSTEMPATH/CodeIgniter.php(907): App\Controllers\Pages->view()
 5 SYSTEMPATH/CodeIgniter.php(457): CodeIgniter\CodeIgniter->runController()
 6 SYSTEMPATH/CodeIgniter.php(340): CodeIgniter\CodeIgniter->handleRequest()
 7 FCPATH/index.php(67): CodeIgniter\CodeIgniter->run()
CRITICAL - 2022-09-28 06:14:58 --> Invalid file: pages/assets.php
in SYSTEMPATH/Exceptions/FrameworkException.php on line 33.
 1 SYSTEMPATH/View/View.php(201): CodeIgniter\Exceptions\FrameworkException::forInvalidFile()
 2 SYSTEMPATH/Common.php(1142): CodeIgniter\View\View->render()
 3 APPPATH/Controllers/Pages.php(28): view()
 4 SYSTEMPATH/CodeIgniter.php(907): App\Controllers\Pages->view()
 5 SYSTEMPATH/CodeIgniter.php(457): CodeIgniter\CodeIgniter->runController()
 6 SYSTEMPATH/CodeIgniter.php(340): CodeIgniter\CodeIgniter->handleRequest()
 7 FCPATH/index.php(67): CodeIgniter\CodeIgniter->run()
CRITICAL - 2022-09-28 06:14:58 --> Invalid file: pages/assets.php
in SYSTEMPATH/Exceptions/FrameworkException.php on line 33.
 1 SYSTEMPATH/View/View.php(201): CodeIgniter\Exceptions\FrameworkException::forInvalidFile()
 2 SYSTEMPATH/Common.php(1142): CodeIgniter\View\View->render()
 3 APPPATH/Controllers/Pages.php(28): view()
 4 SYSTEMPATH/CodeIgniter.php(907): App\Controllers\Pages->view()
 5 SYSTEMPATH/CodeIgniter.php(457): CodeIgniter\CodeIgniter->runController()
 6 SYSTEMPATH/CodeIgniter.php(340): CodeIgniter\CodeIgniter->handleRequest()
 7 FCPATH/index.php(67): CodeIgniter\CodeIgniter->run()
CRITICAL - 2022-09-28 06:15:07 --> Invalid file: pages/assets.php
in SYSTEMPATH/Exceptions/FrameworkException.php on line 33.
 1 SYSTEMPATH/View/View.php(201): CodeIgniter\Exceptions\FrameworkException::forInvalidFile()
 2 SYSTEMPATH/Common.php(1142): CodeIgniter\View\View->render()
 3 APPPATH/Controllers/Pages.php(28): view()
 4 SYSTEMPATH/CodeIgniter.php(907): App\Controllers\Pages->view()
 5 SYSTEMPATH/CodeIgniter.php(457): CodeIgniter\CodeIgniter->runController()
 6 SYSTEMPATH/CodeIgniter.php(340): CodeIgniter\CodeIgniter->handleRequest()
 7 FCPATH/index.php(67): CodeIgniter\CodeIgniter->run()
CRITICAL - 2022-09-28 06:15:07 --> Invalid file: pages/assets.php
in SYSTEMPATH/Exceptions/FrameworkException.php on line 33.
 1 SYSTEMPATH/View/View.php(201): CodeIgniter\Exceptions\FrameworkException::forInvalidFile()
 2 SYSTEMPATH/Common.php(1142): CodeIgniter\View\View->render()
 3 APPPATH/Controllers/Pages.php(28): view()
 4 SYSTEMPATH/CodeIgniter.php(907): App\Controllers\Pages->view()
 5 SYSTEMPATH/CodeIgniter.php(457): CodeIgniter\CodeIgniter->runController()
 6 SYSTEMPATH/CodeIgniter.php(340): CodeIgniter\CodeIgniter->handleRequest()
 7 FCPATH/index.php(67): CodeIgniter\CodeIgniter->run()
CRITICAL - 2022-09-28 06:16:09 --> Invalid file: pages/assets.php
in SYSTEMPATH/Exceptions/FrameworkException.php on line 33.
 1 SYSTEMPATH/View/View.php(201): CodeIgniter\Exceptions\FrameworkException::forInvalidFile()
 2 SYSTEMPATH/Common.php(1142): CodeIgniter\View\View->render()
 3 APPPATH/Controllers/Pages.php(28): view()
 4 SYSTEMPATH/CodeIgniter.php(907): App\Controllers\Pages->view()
 5 SYSTEMPATH/CodeIgniter.php(457): CodeIgniter\CodeIgniter->runController()
 6 SYSTEMPATH/CodeIgniter.php(340): CodeIgniter\CodeIgniter->handleRequest()
 7 FCPATH/index.php(67): CodeIgniter\CodeIgniter->run()
CRITICAL - 2022-09-28 06:16:09 --> Invalid file: pages/assets.php
in SYSTEMPATH/Exceptions/FrameworkException.php on line 33.
 1 SYSTEMPATH/View/View.php(201): CodeIgniter\Exceptions\FrameworkException::forInvalidFile()
 2 SYSTEMPATH/Common.php(1142): CodeIgniter\View\View->render()
 3 APPPATH/Controllers/Pages.php(28): view()
 4 SYSTEMPATH/CodeIgniter.php(907): App\Controllers\Pages->view()
 5 SYSTEMPATH/CodeIgniter.php(457): CodeIgniter\CodeIgniter->runController()
 6 SYSTEMPATH/CodeIgniter.php(340): CodeIgniter\CodeIgniter->handleRequest()
 7 FCPATH/index.php(67): CodeIgniter\CodeIgniter->run()
CRITICAL - 2022-09-28 06:16:42 --> Invalid file: pages/assets.php
in SYSTEMPATH/Exceptions/FrameworkException.php on line 33.
 1 SYSTEMPATH/View/View.php(201): CodeIgniter\Exceptions\FrameworkException::forInvalidFile()
 2 SYSTEMPATH/Common.php(1142): CodeIgniter\View\View->render()
 3 APPPATH/Controllers/Pages.php(28): view()
 4 SYSTEMPATH/CodeIgniter.php(907): App\Controllers\Pages->view()
 5 SYSTEMPATH/CodeIgniter.php(457): CodeIgniter\CodeIgniter->runController()
 6 SYSTEMPATH/CodeIgniter.php(340): CodeIgniter\CodeIgniter->handleRequest()
 7 FCPATH/index.php(67): CodeIgniter\CodeIgniter->run()
CRITICAL - 2022-09-28 06:16:42 --> Invalid file: pages/assets.php
in SYSTEMPATH/Exceptions/FrameworkException.php on line 33.
 1 SYSTEMPATH/View/View.php(201): CodeIgniter\Exceptions\FrameworkException::forInvalidFile()
 2 SYSTEMPATH/Common.php(1142): CodeIgniter\View\View->render()
 3 APPPATH/Controllers/Pages.php(28): view()
 4 SYSTEMPATH/CodeIgniter.php(907): App\Controllers\Pages->view()
 5 SYSTEMPATH/CodeIgniter.php(457): CodeIgniter\CodeIgniter->runController()
 6 SYSTEMPATH/CodeIgniter.php(340): CodeIgniter\CodeIgniter->handleRequest()
 7 FCPATH/index.php(67): CodeIgniter\CodeIgniter->run()
CRITICAL - 2022-09-28 08:24:32 --> Invalid file: pages/sitemap.php
in SYSTEMPATH/Exceptions/FrameworkException.php on line 33.
 1 SYSTEMPATH/View/View.php(201): CodeIgniter\Exceptions\FrameworkException::forInvalidFile()
 2 SYSTEMPATH/Common.php(1142): CodeIgniter\View\View->render()
 3 APPPATH/Controllers/Pages.php(28): view()
 4 SYSTEMPATH/CodeIgniter.php(907): App\Controllers\Pages->view()
 5 SYSTEMPATH/CodeIgniter.php(457): CodeIgniter\CodeIgniter->runController()
 6 SYSTEMPATH/CodeIgniter.php(340): CodeIgniter\CodeIgniter->handleRequest()
 7 FCPATH/index.php(67): CodeIgniter\CodeIgniter->run()
CRITICAL - 2022-09-28 08:24:35 --> Invalid file: pages/sitemap.php
in SYSTEMPATH/Exceptions/FrameworkException.php on line 33.
 1 SYSTEMPATH/View/View.php(201): CodeIgniter\Exceptions\FrameworkException::forInvalidFile()
 2 SYSTEMPATH/Common.php(1142): CodeIgniter\View\View->render()
 3 APPPATH/Controllers/Pages.php(28): view()
 4 SYSTEMPATH/CodeIgniter.php(907): App\Controllers\Pages->view()
 5 SYSTEMPATH/CodeIgniter.php(457): CodeIgniter\CodeIgniter->runController()
 6 SYSTEMPATH/CodeIgniter.php(340): CodeIgniter\CodeIgniter->handleRequest()
 7 FCPATH/index.php(67): CodeIgniter\CodeIgniter->run()
CRITICAL - 2022-09-28 08:24:38 --> Invalid file: pages/sitemap.txt
in SYSTEMPATH/Exceptions/FrameworkException.php on line 33.
 1 SYSTEMPATH/View/View.php(201): CodeIgniter\Exceptions\FrameworkException::forInvalidFile()
 2 SYSTEMPATH/Common.php(1142): CodeIgniter\View\View->render()
 3 APPPATH/Controllers/Pages.php(28): view()
 4 SYSTEMPATH/CodeIgniter.php(907): App\Controllers\Pages->view()
 5 SYSTEMPATH/CodeIgniter.php(457): CodeIgniter\CodeIgniter->runController()
 6 SYSTEMPATH/CodeIgniter.php(340): CodeIgniter\CodeIgniter->handleRequest()
 7 FCPATH/index.php(67): CodeIgniter\CodeIgniter->run()
CRITICAL - 2022-09-28 08:24:41 --> Invalid file: pages/sitemap.txt
in SYSTEMPATH/Exceptions/FrameworkException.php on line 33.
 1 SYSTEMPATH/View/View.php(201): CodeIgniter\Exceptions\FrameworkException::forInvalidFile()
 2 SYSTEMPATH/Common.php(1142): CodeIgniter\View\View->render()
 3 APPPATH/Controllers/Pages.php(28): view()
 4 SYSTEMPATH/CodeIgniter.php(907): App\Controllers\Pages->view()
 5 SYSTEMPATH/CodeIgniter.php(457): CodeIgniter\CodeIgniter->runController()
 6 SYSTEMPATH/CodeIgniter.php(340): CodeIgniter\CodeIgniter->handleRequest()
 7 FCPATH/index.php(67): CodeIgniter\CodeIgniter->run()
CRITICAL - 2022-09-28 08:29:17 --> Invalid file: pages/wp-login.php
in SYSTEMPATH/Exceptions/FrameworkException.php on line 33.
 1 SYSTEMPATH/View/View.php(201): CodeIgniter\Exceptions\FrameworkException::forInvalidFile()
 2 SYSTEMPATH/Common.php(1142): CodeIgniter\View\View->render()
 3 APPPATH/Controllers/Pages.php(28): view()
 4 SYSTEMPATH/CodeIgniter.php(907): App\Controllers\Pages->view()
 5 SYSTEMPATH/CodeIgniter.php(457): CodeIgniter\CodeIgniter->runController()
 6 SYSTEMPATH/CodeIgniter.php(340): CodeIgniter\CodeIgniter->handleRequest()
 7 FCPATH/index.php(67): CodeIgniter\CodeIgniter->run()
CRITICAL - 2022-09-28 09:11:29 --> Invalid file: pages/wp-content.php
in SYSTEMPATH/Exceptions/FrameworkException.php on line 33.
 1 SYSTEMPATH/View/View.php(201): CodeIgniter\Exceptions\FrameworkException::forInvalidFile()
 2 SYSTEMPATH/Common.php(1142): CodeIgniter\View\View->render()
 3 APPPATH/Controllers/Pages.php(28): view()
 4 SYSTEMPATH/CodeIgniter.php(907): App\Controllers\Pages->view()
 5 SYSTEMPATH/CodeIgniter.php(457): CodeIgniter\CodeIgniter->runController()
 6 SYSTEMPATH/CodeIgniter.php(340): CodeIgniter\CodeIgniter->handleRequest()
 7 FCPATH/index.php(67): CodeIgniter\CodeIgniter->run()
CRITICAL - 2022-09-28 09:39:27 --> Invalid file: pages/assets.php
in SYSTEMPATH/Exceptions/FrameworkException.php on line 33.
 1 SYSTEMPATH/View/View.php(201): CodeIgniter\Exceptions\FrameworkException::forInvalidFile()
 2 SYSTEMPATH/Common.php(1142): CodeIgniter\View\View->render()
 3 APPPATH/Controllers/Pages.php(28): view()
 4 SYSTEMPATH/CodeIgniter.php(907): App\Controllers\Pages->view()
 5 SYSTEMPATH/CodeIgniter.php(457): CodeIgniter\CodeIgniter->runController()
 6 SYSTEMPATH/CodeIgniter.php(340): CodeIgniter\CodeIgniter->handleRequest()
 7 FCPATH/index.php(67): CodeIgniter\CodeIgniter->run()
CRITICAL - 2022-09-28 09:39:28 --> Invalid file: pages/assets.php
in SYSTEMPATH/Exceptions/FrameworkException.php on line 33.
 1 SYSTEMPATH/View/View.php(201): CodeIgniter\Exceptions\FrameworkException::forInvalidFile()
 2 SYSTEMPATH/Common.php(1142): CodeIgniter\View\View->render()
 3 APPPATH/Controllers/Pages.php(28): view()
 4 SYSTEMPATH/CodeIgniter.php(907): App\Controllers\Pages->view()
 5 SYSTEMPATH/CodeIgniter.php(457): CodeIgniter\CodeIgniter->runController()
 6 SYSTEMPATH/CodeIgniter.php(340): CodeIgniter\CodeIgniter->handleRequest()
 7 FCPATH/index.php(67): CodeIgniter\CodeIgniter->run()
CRITICAL - 2022-09-28 09:39:28 --> Invalid file: pages/assets.php
in SYSTEMPATH/Exceptions/FrameworkException.php on line 33.
 1 SYSTEMPATH/View/View.php(201): CodeIgniter\Exceptions\FrameworkException::forInvalidFile()
 2 SYSTEMPATH/Common.php(1142): CodeIgniter\View\View->render()
 3 APPPATH/Controllers/Pages.php(28): view()
 4 SYSTEMPATH/CodeIgniter.php(907): App\Controllers\Pages->view()
 5 SYSTEMPATH/CodeIgniter.php(457): CodeIgniter\CodeIgniter->runController()
 6 SYSTEMPATH/CodeIgniter.php(340): CodeIgniter\CodeIgniter->handleRequest()
 7 FCPATH/index.php(67): CodeIgniter\CodeIgniter->run()
CRITICAL - 2022-09-28 09:39:30 --> Invalid file: pages/assets.php
in SYSTEMPATH/Exceptions/FrameworkException.php on line 33.
 1 SYSTEMPATH/View/View.php(201): CodeIgniter\Exceptions\FrameworkException::forInvalidFile()
 2 SYSTEMPATH/Common.php(1142): CodeIgniter\View\View->render()
 3 APPPATH/Controllers/Pages.php(28): view()
 4 SYSTEMPATH/CodeIgniter.php(907): App\Controllers\Pages->view()
 5 SYSTEMPATH/CodeIgniter.php(457): CodeIgniter\CodeIgniter->runController()
 6 SYSTEMPATH/CodeIgniter.php(340): CodeIgniter\CodeIgniter->handleRequest()
 7 FCPATH/index.php(67): CodeIgniter\CodeIgniter->run()
CRITICAL - 2022-09-28 09:39:30 --> Invalid file: pages/assets.php
in SYSTEMPATH/Exceptions/FrameworkException.php on line 33.
 1 SYSTEMPATH/View/View.php(201): CodeIgniter\Exceptions\FrameworkException::forInvalidFile()
 2 SYSTEMPATH/Common.php(1142): CodeIgniter\View\View->render()
 3 APPPATH/Controllers/Pages.php(28): view()
 4 SYSTEMPATH/CodeIgniter.php(907): App\Controllers\Pages->view()
 5 SYSTEMPATH/CodeIgniter.php(457): CodeIgniter\CodeIgniter->runController()
 6 SYSTEMPATH/CodeIgniter.php(340): CodeIgniter\CodeIgniter->handleRequest()
 7 FCPATH/index.php(67): CodeIgniter\CodeIgniter->run()
CRITICAL - 2022-09-28 09:51:40 --> Invalid file: pages/assets.php
in SYSTEMPATH/Exceptions/FrameworkException.php on line 33.
 1 SYSTEMPATH/View/View.php(201): CodeIgniter\Exceptions\FrameworkException::forInvalidFile()
 2 SYSTEMPATH/Common.php(1142): CodeIgniter\View\View->render()
 3 APPPATH/Controllers/Pages.php(28): view()
 4 SYSTEMPATH/CodeIgniter.php(907): App\Controllers\Pages->view()
 5 SYSTEMPATH/CodeIgniter.php(457): CodeIgniter\CodeIgniter->runController()
 6 SYSTEMPATH/CodeIgniter.php(340): CodeIgniter\CodeIgniter->handleRequest()
 7 FCPATH/index.php(67): CodeIgniter\CodeIgniter->run()
CRITICAL - 2022-09-28 09:51:40 --> Invalid file: pages/assets.php
in SYSTEMPATH/Exceptions/FrameworkException.php on line 33.
 1 SYSTEMPATH/View/View.php(201): CodeIgniter\Exceptions\FrameworkException::forInvalidFile()
 2 SYSTEMPATH/Common.php(1142): CodeIgniter\View\View->render()
 3 APPPATH/Controllers/Pages.php(28): view()
 4 SYSTEMPATH/CodeIgniter.php(907): App\Controllers\Pages->view()
 5 SYSTEMPATH/CodeIgniter.php(457): CodeIgniter\CodeIgniter->runController()
 6 SYSTEMPATH/CodeIgniter.php(340): CodeIgniter\CodeIgniter->handleRequest()
 7 FCPATH/index.php(67): CodeIgniter\CodeIgniter->run()
CRITICAL - 2022-09-28 09:51:53 --> Invalid file: pages/assets.php
in SYSTEMPATH/Exceptions/FrameworkException.php on line 33.
 1 SYSTEMPATH/View/View.php(201): CodeIgniter\Exceptions\FrameworkException::forInvalidFile()
 2 SYSTEMPATH/Common.php(1142): CodeIgniter\View\View->render()
 3 APPPATH/Controllers/Pages.php(28): view()
 4 SYSTEMPATH/CodeIgniter.php(907): App\Controllers\Pages->view()
 5 SYSTEMPATH/CodeIgniter.php(457): CodeIgniter\CodeIgniter->runController()
 6 SYSTEMPATH/CodeIgniter.php(340): CodeIgniter\CodeIgniter->handleRequest()
 7 FCPATH/index.php(67): CodeIgniter\CodeIgniter->run()
CRITICAL - 2022-09-28 09:51:53 --> Invalid file: pages/assets.php
in SYSTEMPATH/Exceptions/FrameworkException.php on line 33.
 1 SYSTEMPATH/View/View.php(201): CodeIgniter\Exceptions\FrameworkException::forInvalidFile()
 2 SYSTEMPATH/Common.php(1142): CodeIgniter\View\View->render()
 3 APPPATH/Controllers/Pages.php(28): view()
 4 SYSTEMPATH/CodeIgniter.php(907): App\Controllers\Pages->view()
 5 SYSTEMPATH/CodeIgniter.php(457): CodeIgniter\CodeIgniter->runController()
 6 SYSTEMPATH/CodeIgniter.php(340): CodeIgniter\CodeIgniter->handleRequest()
 7 FCPATH/index.php(67): CodeIgniter\CodeIgniter->run()
CRITICAL - 2022-09-28 09:52:00 --> Invalid file: pages/assets.php
in SYSTEMPATH/Exceptions/FrameworkException.php on line 33.
 1 SYSTEMPATH/View/View.php(201): CodeIgniter\Exceptions\FrameworkException::forInvalidFile()
 2 SYSTEMPATH/Common.php(1142): CodeIgniter\View\View->render()
 3 APPPATH/Controllers/Pages.php(28): view()
 4 SYSTEMPATH/CodeIgniter.php(907): App\Controllers\Pages->view()
 5 SYSTEMPATH/CodeIgniter.php(457): CodeIgniter\CodeIgniter->runController()
 6 SYSTEMPATH/CodeIgniter.php(340): CodeIgniter\CodeIgniter->handleRequest()
 7 FCPATH/index.php(67): CodeIgniter\CodeIgniter->run()
CRITICAL - 2022-09-28 09:52:00 --> Invalid file: pages/assets.php
in SYSTEMPATH/Exceptions/FrameworkException.php on line 33.
 1 SYSTEMPATH/View/View.php(201): CodeIgniter\Exceptions\FrameworkException::forInvalidFile()
 2 SYSTEMPATH/Common.php(1142): CodeIgniter\View\View->render()
 3 APPPATH/Controllers/Pages.php(28): view()
 4 SYSTEMPATH/CodeIgniter.php(907): App\Controllers\Pages->view()
 5 SYSTEMPATH/CodeIgniter.php(457): CodeIgniter\CodeIgniter->runController()
 6 SYSTEMPATH/CodeIgniter.php(340): CodeIgniter\CodeIgniter->handleRequest()
 7 FCPATH/index.php(67): CodeIgniter\CodeIgniter->run()
CRITICAL - 2022-09-28 09:52:04 --> Invalid file: pages/assets.php
in SYSTEMPATH/Exceptions/FrameworkException.php on line 33.
 1 SYSTEMPATH/View/View.php(201): CodeIgniter\Exceptions\FrameworkException::forInvalidFile()
 2 SYSTEMPATH/Common.php(1142): CodeIgniter\View\View->render()
 3 APPPATH/Controllers/Pages.php(28): view()
 4 SYSTEMPATH/CodeIgniter.php(907): App\Controllers\Pages->view()
 5 SYSTEMPATH/CodeIgniter.php(457): CodeIgniter\CodeIgniter->runController()
 6 SYSTEMPATH/CodeIgniter.php(340): CodeIgniter\CodeIgniter->handleRequest()
 7 FCPATH/index.php(67): CodeIgniter\CodeIgniter->run()
CRITICAL - 2022-09-28 09:52:05 --> Invalid file: pages/assets.php
in SYSTEMPATH/Exceptions/FrameworkException.php on line 33.
 1 SYSTEMPATH/View/View.php(201): CodeIgniter\Exceptions\FrameworkException::forInvalidFile()
 2 SYSTEMPATH/Common.php(1142): CodeIgniter\View\View->render()
 3 APPPATH/Controllers/Pages.php(28): view()
 4 SYSTEMPATH/CodeIgniter.php(907): App\Controllers\Pages->view()
 5 SYSTEMPATH/CodeIgniter.php(457): CodeIgniter\CodeIgniter->runController()
 6 SYSTEMPATH/CodeIgniter.php(340): CodeIgniter\CodeIgniter->handleRequest()
 7 FCPATH/index.php(67): CodeIgniter\CodeIgniter->run()
CRITICAL - 2022-09-28 09:52:24 --> Invalid file: pages/assets.php
in SYSTEMPATH/Exceptions/FrameworkException.php on line 33.
 1 SYSTEMPATH/View/View.php(201): CodeIgniter\Exceptions\FrameworkException::forInvalidFile()
 2 SYSTEMPATH/Common.php(1142): CodeIgniter\View\View->render()
 3 APPPATH/Controllers/Pages.php(28): view()
 4 SYSTEMPATH/CodeIgniter.php(907): App\Controllers\Pages->view()
 5 SYSTEMPATH/CodeIgniter.php(457): CodeIgniter\CodeIgniter->runController()
 6 SYSTEMPATH/CodeIgniter.php(340): CodeIgniter\CodeIgniter->handleRequest()
 7 FCPATH/index.php(67): CodeIgniter\CodeIgniter->run()
CRITICAL - 2022-09-28 09:52:24 --> Invalid file: pages/assets.php
in SYSTEMPATH/Exceptions/FrameworkException.php on line 33.
 1 SYSTEMPATH/View/View.php(201): CodeIgniter\Exceptions\FrameworkException::forInvalidFile()
 2 SYSTEMPATH/Common.php(1142): CodeIgniter\View\View->render()
 3 APPPATH/Controllers/Pages.php(28): view()
 4 SYSTEMPATH/CodeIgniter.php(907): App\Controllers\Pages->view()
 5 SYSTEMPATH/CodeIgniter.php(457): CodeIgniter\CodeIgniter->runController()
 6 SYSTEMPATH/CodeIgniter.php(340): CodeIgniter\CodeIgniter->handleRequest()
 7 FCPATH/index.php(67): CodeIgniter\CodeIgniter->run()
CRITICAL - 2022-09-28 09:52:53 --> Invalid file: pages/assets.php
in SYSTEMPATH/Exceptions/FrameworkException.php on line 33.
 1 SYSTEMPATH/View/View.php(201): CodeIgniter\Exceptions\FrameworkException::forInvalidFile()
 2 SYSTEMPATH/Common.php(1142): CodeIgniter\View\View->render()
 3 APPPATH/Controllers/Pages.php(28): view()
 4 SYSTEMPATH/CodeIgniter.php(907): App\Controllers\Pages->view()
 5 SYSTEMPATH/CodeIgniter.php(457): CodeIgniter\CodeIgniter->runController()
 6 SYSTEMPATH/CodeIgniter.php(340): CodeIgniter\CodeIgniter->handleRequest()
 7 FCPATH/index.php(67): CodeIgniter\CodeIgniter->run()
CRITICAL - 2022-09-28 09:52:53 --> Invalid file: pages/assets.php
in SYSTEMPATH/Exceptions/FrameworkException.php on line 33.
 1 SYSTEMPATH/View/View.php(201): CodeIgniter\Exceptions\FrameworkException::forInvalidFile()
 2 SYSTEMPATH/Common.php(1142): CodeIgniter\View\View->render()
 3 APPPATH/Controllers/Pages.php(28): view()
 4 SYSTEMPATH/CodeIgniter.php(907): App\Controllers\Pages->view()
 5 SYSTEMPATH/CodeIgniter.php(457): CodeIgniter\CodeIgniter->runController()
 6 SYSTEMPATH/CodeIgniter.php(340): CodeIgniter\CodeIgniter->handleRequest()
 7 FCPATH/index.php(67): CodeIgniter\CodeIgniter->run()
CRITICAL - 2022-09-28 09:53:10 --> Invalid file: pages/assets.php
in SYSTEMPATH/Exceptions/FrameworkException.php on line 33.
 1 SYSTEMPATH/View/View.php(201): CodeIgniter\Exceptions\FrameworkException::forInvalidFile()
 2 SYSTEMPATH/Common.php(1142): CodeIgniter\View\View->render()
 3 APPPATH/Controllers/Pages.php(28): view()
 4 SYSTEMPATH/CodeIgniter.php(907): App\Controllers\Pages->view()
 5 SYSTEMPATH/CodeIgniter.php(457): CodeIgniter\CodeIgniter->runController()
 6 SYSTEMPATH/CodeIgniter.php(340): CodeIgniter\CodeIgniter->handleRequest()
 7 FCPATH/index.php(67): CodeIgniter\CodeIgniter->run()
CRITICAL - 2022-09-28 09:53:10 --> Invalid file: pages/assets.php
in SYSTEMPATH/Exceptions/FrameworkException.php on line 33.
 1 SYSTEMPATH/View/View.php(201): CodeIgniter\Exceptions\FrameworkException::forInvalidFile()
 2 SYSTEMPATH/Common.php(1142): CodeIgniter\View\View->render()
 3 APPPATH/Controllers/Pages.php(28): view()
 4 SYSTEMPATH/CodeIgniter.php(907): App\Controllers\Pages->view()
 5 SYSTEMPATH/CodeIgniter.php(457): CodeIgniter\CodeIgniter->runController()
 6 SYSTEMPATH/CodeIgniter.php(340): CodeIgniter\CodeIgniter->handleRequest()
 7 FCPATH/index.php(67): CodeIgniter\CodeIgniter->run()
CRITICAL - 2022-09-28 10:08:51 --> Invalid file: pages/assets.php
in SYSTEMPATH/Exceptions/FrameworkException.php on line 33.
 1 SYSTEMPATH/View/View.php(201): CodeIgniter\Exceptions\FrameworkException::forInvalidFile()
 2 SYSTEMPATH/Common.php(1142): CodeIgniter\View\View->render()
 3 APPPATH/Controllers/Pages.php(28): view()
 4 SYSTEMPATH/CodeIgniter.php(907): App\Controllers\Pages->view()
 5 SYSTEMPATH/CodeIgniter.php(457): CodeIgniter\CodeIgniter->runController()
 6 SYSTEMPATH/CodeIgniter.php(340): CodeIgniter\CodeIgniter->handleRequest()
 7 FCPATH/index.php(67): CodeIgniter\CodeIgniter->run()
CRITICAL - 2022-09-28 10:08:51 --> Invalid file: pages/assets.php
in SYSTEMPATH/Exceptions/FrameworkException.php on line 33.
 1 SYSTEMPATH/View/View.php(201): CodeIgniter\Exceptions\FrameworkException::forInvalidFile()
 2 SYSTEMPATH/Common.php(1142): CodeIgniter\View\View->render()
 3 APPPATH/Controllers/Pages.php(28): view()
 4 SYSTEMPATH/CodeIgniter.php(907): App\Controllers\Pages->view()
 5 SYSTEMPATH/CodeIgniter.php(457): CodeIgniter\CodeIgniter->runController()
 6 SYSTEMPATH/CodeIgniter.php(340): CodeIgniter\CodeIgniter->handleRequest()
 7 FCPATH/index.php(67): CodeIgniter\CodeIgniter->run()
CRITICAL - 2022-09-28 10:10:22 --> Invalid file: pages/assets.php
in SYSTEMPATH/Exceptions/FrameworkException.php on line 33.
 1 SYSTEMPATH/View/View.php(201): CodeIgniter\Exceptions\FrameworkException::forInvalidFile()
 2 SYSTEMPATH/Common.php(1142): CodeIgniter\View\View->render()
 3 APPPATH/Controllers/Pages.php(28): view()
 4 SYSTEMPATH/CodeIgniter.php(907): App\Controllers\Pages->view()
 5 SYSTEMPATH/CodeIgniter.php(457): CodeIgniter\CodeIgniter->runController()
 6 SYSTEMPATH/CodeIgniter.php(340): CodeIgniter\CodeIgniter->handleRequest()
 7 FCPATH/index.php(67): CodeIgniter\CodeIgniter->run()
CRITICAL - 2022-09-28 10:10:22 --> Invalid file: pages/assets.php
in SYSTEMPATH/Exceptions/FrameworkException.php on line 33.
 1 SYSTEMPATH/View/View.php(201): CodeIgniter\Exceptions\FrameworkException::forInvalidFile()
 2 SYSTEMPATH/Common.php(1142): CodeIgniter\View\View->render()
 3 APPPATH/Controllers/Pages.php(28): view()
 4 SYSTEMPATH/CodeIgniter.php(907): App\Controllers\Pages->view()
 5 SYSTEMPATH/CodeIgniter.php(457): CodeIgniter\CodeIgniter->runController()
 6 SYSTEMPATH/CodeIgniter.php(340): CodeIgniter\CodeIgniter->handleRequest()
 7 FCPATH/index.php(67): CodeIgniter\CodeIgniter->run()
CRITICAL - 2022-09-28 10:10:45 --> Invalid file: pages/assets.php
in SYSTEMPATH/Exceptions/FrameworkException.php on line 33.
 1 SYSTEMPATH/View/View.php(201): CodeIgniter\Exceptions\FrameworkException::forInvalidFile()
 2 SYSTEMPATH/Common.php(1142): CodeIgniter\View\View->render()
 3 APPPATH/Controllers/Pages.php(28): view()
 4 SYSTEMPATH/CodeIgniter.php(907): App\Controllers\Pages->view()
 5 SYSTEMPATH/CodeIgniter.php(457): CodeIgniter\CodeIgniter->runController()
 6 SYSTEMPATH/CodeIgniter.php(340): CodeIgniter\CodeIgniter->handleRequest()
 7 FCPATH/index.php(67): CodeIgniter\CodeIgniter->run()
CRITICAL - 2022-09-28 10:10:45 --> Invalid file: pages/assets.php
in SYSTEMPATH/Exceptions/FrameworkException.php on line 33.
 1 SYSTEMPATH/View/View.php(201): CodeIgniter\Exceptions\FrameworkException::forInvalidFile()
 2 SYSTEMPATH/Common.php(1142): CodeIgniter\View\View->render()
 3 APPPATH/Controllers/Pages.php(28): view()
 4 SYSTEMPATH/CodeIgniter.php(907): App\Controllers\Pages->view()
 5 SYSTEMPATH/CodeIgniter.php(457): CodeIgniter\CodeIgniter->runController()
 6 SYSTEMPATH/CodeIgniter.php(340): CodeIgniter\CodeIgniter->handleRequest()
 7 FCPATH/index.php(67): CodeIgniter\CodeIgniter->run()
CRITICAL - 2022-09-28 10:10:55 --> Invalid file: pages/assets.php
in SYSTEMPATH/Exceptions/FrameworkException.php on line 33.
 1 SYSTEMPATH/View/View.php(201): CodeIgniter\Exceptions\FrameworkException::forInvalidFile()
 2 SYSTEMPATH/Common.php(1142): CodeIgniter\View\View->render()
 3 APPPATH/Controllers/Pages.php(28): view()
 4 SYSTEMPATH/CodeIgniter.php(907): App\Controllers\Pages->view()
 5 SYSTEMPATH/CodeIgniter.php(457): CodeIgniter\CodeIgniter->runController()
 6 SYSTEMPATH/CodeIgniter.php(340): CodeIgniter\CodeIgniter->handleRequest()
 7 FCPATH/index.php(67): CodeIgniter\CodeIgniter->run()
CRITICAL - 2022-09-28 10:10:55 --> Invalid file: pages/assets.php
in SYSTEMPATH/Exceptions/FrameworkException.php on line 33.
 1 SYSTEMPATH/View/View.php(201): CodeIgniter\Exceptions\FrameworkException::forInvalidFile()
 2 SYSTEMPATH/Common.php(1142): CodeIgniter\View\View->render()
 3 APPPATH/Controllers/Pages.php(28): view()
 4 SYSTEMPATH/CodeIgniter.php(907): App\Controllers\Pages->view()
 5 SYSTEMPATH/CodeIgniter.php(457): CodeIgniter\CodeIgniter->runController()
 6 SYSTEMPATH/CodeIgniter.php(340): CodeIgniter\CodeIgniter->handleRequest()
 7 FCPATH/index.php(67): CodeIgniter\CodeIgniter->run()
CRITICAL - 2022-09-28 10:11:30 --> Invalid file: pages/assets.php
in SYSTEMPATH/Exceptions/FrameworkException.php on line 33.
 1 SYSTEMPATH/View/View.php(201): CodeIgniter\Exceptions\FrameworkException::forInvalidFile()
 2 SYSTEMPATH/Common.php(1142): CodeIgniter\View\View->render()
 3 APPPATH/Controllers/Pages.php(28): view()
 4 SYSTEMPATH/CodeIgniter.php(907): App\Controllers\Pages->view()
 5 SYSTEMPATH/CodeIgniter.php(457): CodeIgniter\CodeIgniter->runController()
 6 SYSTEMPATH/CodeIgniter.php(340): CodeIgniter\CodeIgniter->handleRequest()
 7 FCPATH/index.php(67): CodeIgniter\CodeIgniter->run()
CRITICAL - 2022-09-28 10:11:30 --> Invalid file: pages/assets.php
in SYSTEMPATH/Exceptions/FrameworkException.php on line 33.
 1 SYSTEMPATH/View/View.php(201): CodeIgniter\Exceptions\FrameworkException::forInvalidFile()
 2 SYSTEMPATH/Common.php(1142): CodeIgniter\View\View->render()
 3 APPPATH/Controllers/Pages.php(28): view()
 4 SYSTEMPATH/CodeIgniter.php(907): App\Controllers\Pages->view()
 5 SYSTEMPATH/CodeIgniter.php(457): CodeIgniter\CodeIgniter->runController()
 6 SYSTEMPATH/CodeIgniter.php(340): CodeIgniter\CodeIgniter->handleRequest()
 7 FCPATH/index.php(67): CodeIgniter\CodeIgniter->run()
CRITICAL - 2022-09-28 10:11:34 --> Invalid file: pages/assets.php
in SYSTEMPATH/Exceptions/FrameworkException.php on line 33.
 1 SYSTEMPATH/View/View.php(201): CodeIgniter\Exceptions\FrameworkException::forInvalidFile()
 2 SYSTEMPATH/Common.php(1142): CodeIgniter\View\View->render()
 3 APPPATH/Controllers/Pages.php(28): view()
 4 SYSTEMPATH/CodeIgniter.php(907): App\Controllers\Pages->view()
 5 SYSTEMPATH/CodeIgniter.php(457): CodeIgniter\CodeIgniter->runController()
 6 SYSTEMPATH/CodeIgniter.php(340): CodeIgniter\CodeIgniter->handleRequest()
 7 FCPATH/index.php(67): CodeIgniter\CodeIgniter->run()
CRITICAL - 2022-09-28 10:11:34 --> Invalid file: pages/assets.php
in SYSTEMPATH/Exceptions/FrameworkException.php on line 33.
 1 SYSTEMPATH/View/View.php(201): CodeIgniter\Exceptions\FrameworkException::forInvalidFile()
 2 SYSTEMPATH/Common.php(1142): CodeIgniter\View\View->render()
 3 APPPATH/Controllers/Pages.php(28): view()
 4 SYSTEMPATH/CodeIgniter.php(907): App\Controllers\Pages->view()
 5 SYSTEMPATH/CodeIgniter.php(457): CodeIgniter\CodeIgniter->runController()
 6 SYSTEMPATH/CodeIgniter.php(340): CodeIgniter\CodeIgniter->handleRequest()
 7 FCPATH/index.php(67): CodeIgniter\CodeIgniter->run()
CRITICAL - 2022-09-28 10:11:46 --> Invalid file: pages/assets.php
in SYSTEMPATH/Exceptions/FrameworkException.php on line 33.
 1 SYSTEMPATH/View/View.php(201): CodeIgniter\Exceptions\FrameworkException::forInvalidFile()
 2 SYSTEMPATH/Common.php(1142): CodeIgniter\View\View->render()
 3 APPPATH/Controllers/Pages.php(28): view()
 4 SYSTEMPATH/CodeIgniter.php(907): App\Controllers\Pages->view()
 5 SYSTEMPATH/CodeIgniter.php(457): CodeIgniter\CodeIgniter->runController()
 6 SYSTEMPATH/CodeIgniter.php(340): CodeIgniter\CodeIgniter->handleRequest()
 7 FCPATH/index.php(67): CodeIgniter\CodeIgniter->run()
CRITICAL - 2022-09-28 10:11:46 --> Invalid file: pages/assets.php
in SYSTEMPATH/Exceptions/FrameworkException.php on line 33.
 1 SYSTEMPATH/View/View.php(201): CodeIgniter\Exceptions\FrameworkException::forInvalidFile()
 2 SYSTEMPATH/Common.php(1142): CodeIgniter\View\View->render()
 3 APPPATH/Controllers/Pages.php(28): view()
 4 SYSTEMPATH/CodeIgniter.php(907): App\Controllers\Pages->view()
 5 SYSTEMPATH/CodeIgniter.php(457): CodeIgniter\CodeIgniter->runController()
 6 SYSTEMPATH/CodeIgniter.php(340): CodeIgniter\CodeIgniter->handleRequest()
 7 FCPATH/index.php(67): CodeIgniter\CodeIgniter->run()
CRITICAL - 2022-09-28 10:12:44 --> Invalid file: pages/assets.php
in SYSTEMPATH/Exceptions/FrameworkException.php on line 33.
 1 SYSTEMPATH/View/View.php(201): CodeIgniter\Exceptions\FrameworkException::forInvalidFile()
 2 SYSTEMPATH/Common.php(1142): CodeIgniter\View\View->render()
 3 APPPATH/Controllers/Pages.php(28): view()
 4 SYSTEMPATH/CodeIgniter.php(907): App\Controllers\Pages->view()
 5 SYSTEMPATH/CodeIgniter.php(457): CodeIgniter\CodeIgniter->runController()
 6 SYSTEMPATH/CodeIgniter.php(340): CodeIgniter\CodeIgniter->handleRequest()
 7 FCPATH/index.php(67): CodeIgniter\CodeIgniter->run()
CRITICAL - 2022-09-28 10:12:44 --> Invalid file: pages/assets.php
in SYSTEMPATH/Exceptions/FrameworkException.php on line 33.
 1 SYSTEMPATH/View/View.php(201): CodeIgniter\Exceptions\FrameworkException::forInvalidFile()
 2 SYSTEMPATH/Common.php(1142): CodeIgniter\View\View->render()
 3 APPPATH/Controllers/Pages.php(28): view()
 4 SYSTEMPATH/CodeIgniter.php(907): App\Controllers\Pages->view()
 5 SYSTEMPATH/CodeIgniter.php(457): CodeIgniter\CodeIgniter->runController()
 6 SYSTEMPATH/CodeIgniter.php(340): CodeIgniter\CodeIgniter->handleRequest()
 7 FCPATH/index.php(67): CodeIgniter\CodeIgniter->run()
CRITICAL - 2022-09-28 10:13:08 --> Cannot access offset of type string on string
in APPPATH/Views/admin/templates.php on line 20.
 1 SYSTEMPATH/View/View.php(213): include()
 2 SYSTEMPATH/View/View.php(216): CodeIgniter\View\View->CodeIgniter\View\{closure}()
 3 SYSTEMPATH/Common.php(1142): CodeIgniter\View\View->render()
 4 APPPATH/Controllers/Admin.php(1583): view()
 5 SYSTEMPATH/CodeIgniter.php(907): App\Controllers\Admin->templates()
 6 SYSTEMPATH/CodeIgniter.php(457): CodeIgniter\CodeIgniter->runController()
 7 SYSTEMPATH/CodeIgniter.php(340): CodeIgniter\CodeIgniter->handleRequest()
 8 FCPATH/index.php(67): CodeIgniter\CodeIgniter->run()
CRITICAL - 2022-09-28 10:14:40 --> Invalid file: pages/assets.php
in SYSTEMPATH/Exceptions/FrameworkException.php on line 33.
 1 SYSTEMPATH/View/View.php(201): CodeIgniter\Exceptions\FrameworkException::forInvalidFile()
 2 SYSTEMPATH/Common.php(1142): CodeIgniter\View\View->render()
 3 APPPATH/Controllers/Pages.php(28): view()
 4 SYSTEMPATH/CodeIgniter.php(907): App\Controllers\Pages->view()
 5 SYSTEMPATH/CodeIgniter.php(457): CodeIgniter\CodeIgniter->runController()
 6 SYSTEMPATH/CodeIgniter.php(340): CodeIgniter\CodeIgniter->handleRequest()
 7 FCPATH/index.php(67): CodeIgniter\CodeIgniter->run()
CRITICAL - 2022-09-28 10:14:40 --> Invalid file: pages/assets.php
in SYSTEMPATH/Exceptions/FrameworkException.php on line 33.
 1 SYSTEMPATH/View/View.php(201): CodeIgniter\Exceptions\FrameworkException::forInvalidFile()
 2 SYSTEMPATH/Common.php(1142): CodeIgniter\View\View->render()
 3 APPPATH/Controllers/Pages.php(28): view()
 4 SYSTEMPATH/CodeIgniter.php(907): App\Controllers\Pages->view()
 5 SYSTEMPATH/CodeIgniter.php(457): CodeIgniter\CodeIgniter->runController()
 6 SYSTEMPATH/CodeIgniter.php(340): CodeIgniter\CodeIgniter->handleRequest()
 7 FCPATH/index.php(67): CodeIgniter\CodeIgniter->run()
CRITICAL - 2022-09-28 10:17:38 --> Invalid file: pages/assets.php
in SYSTEMPATH/Exceptions/FrameworkException.php on line 33.
 1 SYSTEMPATH/View/View.php(201): CodeIgniter\Exceptions\FrameworkException::forInvalidFile()
 2 SYSTEMPATH/Common.php(1142): CodeIgniter\View\View->render()
 3 APPPATH/Controllers/Pages.php(28): view()
 4 SYSTEMPATH/CodeIgniter.php(907): App\Controllers\Pages->view()
 5 SYSTEMPATH/CodeIgniter.php(457): CodeIgniter\CodeIgniter->runController()
 6 SYSTEMPATH/CodeIgniter.php(340): CodeIgniter\CodeIgniter->handleRequest()
 7 FCPATH/index.php(67): CodeIgniter\CodeIgniter->run()
CRITICAL - 2022-09-28 10:17:38 --> Invalid file: pages/assets.php
in SYSTEMPATH/Exceptions/FrameworkException.php on line 33.
 1 SYSTEMPATH/View/View.php(201): CodeIgniter\Exceptions\FrameworkException::forInvalidFile()
 2 SYSTEMPATH/Common.php(1142): CodeIgniter\View\View->render()
 3 APPPATH/Controllers/Pages.php(28): view()
 4 SYSTEMPATH/CodeIgniter.php(907): App\Controllers\Pages->view()
 5 SYSTEMPATH/CodeIgniter.php(457): CodeIgniter\CodeIgniter->runController()
 6 SYSTEMPATH/CodeIgniter.php(340): CodeIgniter\CodeIgniter->handleRequest()
 7 FCPATH/index.php(67): CodeIgniter\CodeIgniter->run()
CRITICAL - 2022-09-28 10:17:50 --> Invalid file: pages/assets.php
in SYSTEMPATH/Exceptions/FrameworkException.php on line 33.
 1 SYSTEMPATH/View/View.php(201): CodeIgniter\Exceptions\FrameworkException::forInvalidFile()
 2 SYSTEMPATH/Common.php(1142): CodeIgniter\View\View->render()
 3 APPPATH/Controllers/Pages.php(28): view()
 4 SYSTEMPATH/CodeIgniter.php(907): App\Controllers\Pages->view()
 5 SYSTEMPATH/CodeIgniter.php(457): CodeIgniter\CodeIgniter->runController()
 6 SYSTEMPATH/CodeIgniter.php(340): CodeIgniter\CodeIgniter->handleRequest()
 7 FCPATH/index.php(67): CodeIgniter\CodeIgniter->run()
CRITICAL - 2022-09-28 10:17:50 --> Invalid file: pages/assets.php
in SYSTEMPATH/Exceptions/FrameworkException.php on line 33.
 1 SYSTEMPATH/View/View.php(201): CodeIgniter\Exceptions\FrameworkException::forInvalidFile()
 2 SYSTEMPATH/Common.php(1142): CodeIgniter\View\View->render()
 3 APPPATH/Controllers/Pages.php(28): view()
 4 SYSTEMPATH/CodeIgniter.php(907): App\Controllers\Pages->view()
 5 SYSTEMPATH/CodeIgniter.php(457): CodeIgniter\CodeIgniter->runController()
 6 SYSTEMPATH/CodeIgniter.php(340): CodeIgniter\CodeIgniter->handleRequest()
 7 FCPATH/index.php(67): CodeIgniter\CodeIgniter->run()
CRITICAL - 2022-09-28 10:17:56 --> Invalid file: pages/assets.php
in SYSTEMPATH/Exceptions/FrameworkException.php on line 33.
 1 SYSTEMPATH/View/View.php(201): CodeIgniter\Exceptions\FrameworkException::forInvalidFile()
 2 SYSTEMPATH/Common.php(1142): CodeIgniter\View\View->render()
 3 APPPATH/Controllers/Pages.php(28): view()
 4 SYSTEMPATH/CodeIgniter.php(907): App\Controllers\Pages->view()
 5 SYSTEMPATH/CodeIgniter.php(457): CodeIgniter\CodeIgniter->runController()
 6 SYSTEMPATH/CodeIgniter.php(340): CodeIgniter\CodeIgniter->handleRequest()
 7 FCPATH/index.php(67): CodeIgniter\CodeIgniter->run()
CRITICAL - 2022-09-28 10:17:56 --> Invalid file: pages/assets.php
in SYSTEMPATH/Exceptions/FrameworkException.php on line 33.
 1 SYSTEMPATH/View/View.php(201): CodeIgniter\Exceptions\FrameworkException::forInvalidFile()
 2 SYSTEMPATH/Common.php(1142): CodeIgniter\View\View->render()
 3 APPPATH/Controllers/Pages.php(28): view()
 4 SYSTEMPATH/CodeIgniter.php(907): App\Controllers\Pages->view()
 5 SYSTEMPATH/CodeIgniter.php(457): CodeIgniter\CodeIgniter->runController()
 6 SYSTEMPATH/CodeIgniter.php(340): CodeIgniter\CodeIgniter->handleRequest()
 7 FCPATH/index.php(67): CodeIgniter\CodeIgniter->run()
CRITICAL - 2022-09-28 10:17:59 --> Invalid file: pages/assets.php
in SYSTEMPATH/Exceptions/FrameworkException.php on line 33.
 1 SYSTEMPATH/View/View.php(201): CodeIgniter\Exceptions\FrameworkException::forInvalidFile()
 2 SYSTEMPATH/Common.php(1142): CodeIgniter\View\View->render()
 3 APPPATH/Controllers/Pages.php(28): view()
 4 SYSTEMPATH/CodeIgniter.php(907): App\Controllers\Pages->view()
 5 SYSTEMPATH/CodeIgniter.php(457): CodeIgniter\CodeIgniter->runController()
 6 SYSTEMPATH/CodeIgniter.php(340): CodeIgniter\CodeIgniter->handleRequest()
 7 FCPATH/index.php(67): CodeIgniter\CodeIgniter->run()
CRITICAL - 2022-09-28 10:17:59 --> Invalid file: pages/assets.php
in SYSTEMPATH/Exceptions/FrameworkException.php on line 33.
 1 SYSTEMPATH/View/View.php(201): CodeIgniter\Exceptions\FrameworkException::forInvalidFile()
 2 SYSTEMPATH/Common.php(1142): CodeIgniter\View\View->render()
 3 APPPATH/Controllers/Pages.php(28): view()
 4 SYSTEMPATH/CodeIgniter.php(907): App\Controllers\Pages->view()
 5 SYSTEMPATH/CodeIgniter.php(457): CodeIgniter\CodeIgniter->runController()
 6 SYSTEMPATH/CodeIgniter.php(340): CodeIgniter\CodeIgniter->handleRequest()
 7 FCPATH/index.php(67): CodeIgniter\CodeIgniter->run()
CRITICAL - 2022-09-28 10:36:04 --> Invalid file: pages/assets.php
in SYSTEMPATH/Exceptions/FrameworkException.php on line 33.
 1 SYSTEMPATH/View/View.php(201): CodeIgniter\Exceptions\FrameworkException::forInvalidFile()
 2 SYSTEMPATH/Common.php(1142): CodeIgniter\View\View->render()
 3 APPPATH/Controllers/Pages.php(28): view()
 4 SYSTEMPATH/CodeIgniter.php(907): App\Controllers\Pages->view()
 5 SYSTEMPATH/CodeIgniter.php(457): CodeIgniter\CodeIgniter->runController()
 6 SYSTEMPATH/CodeIgniter.php(340): CodeIgniter\CodeIgniter->handleRequest()
 7 FCPATH/index.php(67): CodeIgniter\CodeIgniter->run()
CRITICAL - 2022-09-28 10:36:05 --> Invalid file: pages/assets.php
in SYSTEMPATH/Exceptions/FrameworkException.php on line 33.
 1 SYSTEMPATH/View/View.php(201): CodeIgniter\Exceptions\FrameworkException::forInvalidFile()
 2 SYSTEMPATH/Common.php(1142): CodeIgniter\View\View->render()
 3 APPPATH/Controllers/Pages.php(28): view()
 4 SYSTEMPATH/CodeIgniter.php(907): App\Controllers\Pages->view()
 5 SYSTEMPATH/CodeIgniter.php(457): CodeIgniter\CodeIgniter->runController()
 6 SYSTEMPATH/CodeIgniter.php(340): CodeIgniter\CodeIgniter->handleRequest()
 7 FCPATH/index.php(67): CodeIgniter\CodeIgniter->run()
CRITICAL - 2022-09-28 10:36:06 --> Invalid file: pages/assets.php
in SYSTEMPATH/Exceptions/FrameworkException.php on line 33.
 1 SYSTEMPATH/View/View.php(201): CodeIgniter\Exceptions\FrameworkException::forInvalidFile()
 2 SYSTEMPATH/Common.php(1142): CodeIgniter\View\View->render()
 3 APPPATH/Controllers/Pages.php(28): view()
 4 SYSTEMPATH/CodeIgniter.php(907): App\Controllers\Pages->view()
 5 SYSTEMPATH/CodeIgniter.php(457): CodeIgniter\CodeIgniter->runController()
 6 SYSTEMPATH/CodeIgniter.php(340): CodeIgniter\CodeIgniter->handleRequest()
 7 FCPATH/index.php(67): CodeIgniter\CodeIgniter->run()
CRITICAL - 2022-09-28 10:36:11 --> Invalid file: pages/assets.php
in SYSTEMPATH/Exceptions/FrameworkException.php on line 33.
 1 SYSTEMPATH/View/View.php(201): CodeIgniter\Exceptions\FrameworkException::forInvalidFile()
 2 SYSTEMPATH/Common.php(1142): CodeIgniter\View\View->render()
 3 APPPATH/Controllers/Pages.php(28): view()
 4 SYSTEMPATH/CodeIgniter.php(907): App\Controllers\Pages->view()
 5 SYSTEMPATH/CodeIgniter.php(457): CodeIgniter\CodeIgniter->runController()
 6 SYSTEMPATH/CodeIgniter.php(340): CodeIgniter\CodeIgniter->handleRequest()
 7 FCPATH/index.php(67): CodeIgniter\CodeIgniter->run()
CRITICAL - 2022-09-28 10:36:12 --> Invalid file: pages/assets.php
in SYSTEMPATH/Exceptions/FrameworkException.php on line 33.
 1 SYSTEMPATH/View/View.php(201): CodeIgniter\Exceptions\FrameworkException::forInvalidFile()
 2 SYSTEMPATH/Common.php(1142): CodeIgniter\View\View->render()
 3 APPPATH/Controllers/Pages.php(28): view()
 4 SYSTEMPATH/CodeIgniter.php(907): App\Controllers\Pages->view()
 5 SYSTEMPATH/CodeIgniter.php(457): CodeIgniter\CodeIgniter->runController()
 6 SYSTEMPATH/CodeIgniter.php(340): CodeIgniter\CodeIgniter->handleRequest()
 7 FCPATH/index.php(67): CodeIgniter\CodeIgniter->run()
CRITICAL - 2022-09-28 10:36:12 --> Invalid file: pages/assets.php
in SYSTEMPATH/Exceptions/FrameworkException.php on line 33.
 1 SYSTEMPATH/View/View.php(201): CodeIgniter\Exceptions\FrameworkException::forInvalidFile()
 2 SYSTEMPATH/Common.php(1142): CodeIgniter\View\View->render()
 3 APPPATH/Controllers/Pages.php(28): view()
 4 SYSTEMPATH/CodeIgniter.php(907): App\Controllers\Pages->view()
 5 SYSTEMPATH/CodeIgniter.php(457): CodeIgniter\CodeIgniter->runController()
 6 SYSTEMPATH/CodeIgniter.php(340): CodeIgniter\CodeIgniter->handleRequest()
 7 FCPATH/index.php(67): CodeIgniter\CodeIgniter->run()
CRITICAL - 2022-09-28 10:36:12 --> Invalid file: pages/__service-worker.js
in SYSTEMPATH/Exceptions/FrameworkException.php on line 33.
 1 SYSTEMPATH/View/View.php(201): CodeIgniter\Exceptions\FrameworkException::forInvalidFile()
 2 SYSTEMPATH/Common.php(1142): CodeIgniter\View\View->render()
 3 APPPATH/Controllers/Pages.php(28): view()
 4 SYSTEMPATH/CodeIgniter.php(907): App\Controllers\Pages->view()
 5 SYSTEMPATH/CodeIgniter.php(457): CodeIgniter\CodeIgniter->runController()
 6 SYSTEMPATH/CodeIgniter.php(340): CodeIgniter\CodeIgniter->handleRequest()
 7 FCPATH/index.php(67): CodeIgniter\CodeIgniter->run()
CRITICAL - 2022-09-28 10:36:12 --> Invalid file: pages/assets.php
in SYSTEMPATH/Exceptions/FrameworkException.php on line 33.
 1 SYSTEMPATH/View/View.php(201): CodeIgniter\Exceptions\FrameworkException::forInvalidFile()
 2 SYSTEMPATH/Common.php(1142): CodeIgniter\View\View->render()
 3 APPPATH/Controllers/Pages.php(28): view()
 4 SYSTEMPATH/CodeIgniter.php(907): App\Controllers\Pages->view()
 5 SYSTEMPATH/CodeIgniter.php(457): CodeIgniter\CodeIgniter->runController()
 6 SYSTEMPATH/CodeIgniter.php(340): CodeIgniter\CodeIgniter->handleRequest()
 7 FCPATH/index.php(67): CodeIgniter\CodeIgniter->run()
CRITICAL - 2022-09-28 10:36:12 --> Invalid file: pages/assets.php
in SYSTEMPATH/Exceptions/FrameworkException.php on line 33.
 1 SYSTEMPATH/View/View.php(201): CodeIgniter\Exceptions\FrameworkException::forInvalidFile()
 2 SYSTEMPATH/Common.php(1142): CodeIgniter\View\View->render()
 3 APPPATH/Controllers/Pages.php(28): view()
 4 SYSTEMPATH/CodeIgniter.php(907): App\Controllers\Pages->view()
 5 SYSTEMPATH/CodeIgniter.php(457): CodeIgniter\CodeIgniter->runController()
 6 SYSTEMPATH/CodeIgniter.php(340): CodeIgniter\CodeIgniter->handleRequest()
 7 FCPATH/index.php(67): CodeIgniter\CodeIgniter->run()
CRITICAL - 2022-09-28 10:36:13 --> Invalid file: pages/assets.php
in SYSTEMPATH/Exceptions/FrameworkException.php on line 33.
 1 SYSTEMPATH/View/View.php(201): CodeIgniter\Exceptions\FrameworkException::forInvalidFile()
 2 SYSTEMPATH/Common.php(1142): CodeIgniter\View\View->render()
 3 APPPATH/Controllers/Pages.php(28): view()
 4 SYSTEMPATH/CodeIgniter.php(907): App\Controllers\Pages->view()
 5 SYSTEMPATH/CodeIgniter.php(457): CodeIgniter\CodeIgniter->runController()
 6 SYSTEMPATH/CodeIgniter.php(340): CodeIgniter\CodeIgniter->handleRequest()
 7 FCPATH/index.php(67): CodeIgniter\CodeIgniter->run()
CRITICAL - 2022-09-28 10:37:19 --> Invalid file: pages/assets.php
in SYSTEMPATH/Exceptions/FrameworkException.php on line 33.
 1 SYSTEMPATH/View/View.php(201): CodeIgniter\Exceptions\FrameworkException::forInvalidFile()
 2 SYSTEMPATH/Common.php(1142): CodeIgniter\View\View->render()
 3 APPPATH/Controllers/Pages.php(28): view()
 4 SYSTEMPATH/CodeIgniter.php(907): App\Controllers\Pages->view()
 5 SYSTEMPATH/CodeIgniter.php(457): CodeIgniter\CodeIgniter->runController()
 6 SYSTEMPATH/CodeIgniter.php(340): CodeIgniter\CodeIgniter->handleRequest()
 7 FCPATH/index.php(67): CodeIgniter\CodeIgniter->run()
CRITICAL - 2022-09-28 10:37:20 --> Invalid file: pages/__service-worker.js
in SYSTEMPATH/Exceptions/FrameworkException.php on line 33.
 1 SYSTEMPATH/View/View.php(201): CodeIgniter\Exceptions\FrameworkException::forInvalidFile()
 2 SYSTEMPATH/Common.php(1142): CodeIgniter\View\View->render()
 3 APPPATH/Controllers/Pages.php(28): view()
 4 SYSTEMPATH/CodeIgniter.php(907): App\Controllers\Pages->view()
 5 SYSTEMPATH/CodeIgniter.php(457): CodeIgniter\CodeIgniter->runController()
 6 SYSTEMPATH/CodeIgniter.php(340): CodeIgniter\CodeIgniter->handleRequest()
 7 FCPATH/index.php(67): CodeIgniter\CodeIgniter->run()
CRITICAL - 2022-09-28 10:37:20 --> Invalid file: pages/assets.php
in SYSTEMPATH/Exceptions/FrameworkException.php on line 33.
 1 SYSTEMPATH/View/View.php(201): CodeIgniter\Exceptions\FrameworkException::forInvalidFile()
 2 SYSTEMPATH/Common.php(1142): CodeIgniter\View\View->render()
 3 APPPATH/Controllers/Pages.php(28): view()
 4 SYSTEMPATH/CodeIgniter.php(907): App\Controllers\Pages->view()
 5 SYSTEMPATH/CodeIgniter.php(457): CodeIgniter\CodeIgniter->runController()
 6 SYSTEMPATH/CodeIgniter.php(340): CodeIgniter\CodeIgniter->handleRequest()
 7 FCPATH/index.php(67): CodeIgniter\CodeIgniter->run()
CRITICAL - 2022-09-28 10:37:20 --> Invalid file: pages/assets.php
in SYSTEMPATH/Exceptions/FrameworkException.php on line 33.
 1 SYSTEMPATH/View/View.php(201): CodeIgniter\Exceptions\FrameworkException::forInvalidFile()
 2 SYSTEMPATH/Common.php(1142): CodeIgniter\View\View->render()
 3 APPPATH/Controllers/Pages.php(28): view()
 4 SYSTEMPATH/CodeIgniter.php(907): App\Controllers\Pages->view()
 5 SYSTEMPATH/CodeIgniter.php(457): CodeIgniter\CodeIgniter->runController()
 6 SYSTEMPATH/CodeIgniter.php(340): CodeIgniter\CodeIgniter->handleRequest()
 7 FCPATH/index.php(67): CodeIgniter\CodeIgniter->run()
CRITICAL - 2022-09-28 10:37:21 --> Invalid file: pages/assets.php
in SYSTEMPATH/Exceptions/FrameworkException.php on line 33.
 1 SYSTEMPATH/View/View.php(201): CodeIgniter\Exceptions\FrameworkException::forInvalidFile()
 2 SYSTEMPATH/Common.php(1142): CodeIgniter\View\View->render()
 3 APPPATH/Controllers/Pages.php(28): view()
 4 SYSTEMPATH/CodeIgniter.php(907): App\Controllers\Pages->view()
 5 SYSTEMPATH/CodeIgniter.php(457): CodeIgniter\CodeIgniter->runController()
 6 SYSTEMPATH/CodeIgniter.php(340): CodeIgniter\CodeIgniter->handleRequest()
 7 FCPATH/index.php(67): CodeIgniter\CodeIgniter->run()
CRITICAL - 2022-09-28 10:37:21 --> Invalid file: pages/assets.php
in SYSTEMPATH/Exceptions/FrameworkException.php on line 33.
 1 SYSTEMPATH/View/View.php(201): CodeIgniter\Exceptions\FrameworkException::forInvalidFile()
 2 SYSTEMPATH/Common.php(1142): CodeIgniter\View\View->render()
 3 APPPATH/Controllers/Pages.php(28): view()
 4 SYSTEMPATH/CodeIgniter.php(907): App\Controllers\Pages->view()
 5 SYSTEMPATH/CodeIgniter.php(457): CodeIgniter\CodeIgniter->runController()
 6 SYSTEMPATH/CodeIgniter.php(340): CodeIgniter\CodeIgniter->handleRequest()
 7 FCPATH/index.php(67): CodeIgniter\CodeIgniter->run()
CRITICAL - 2022-09-28 10:37:22 --> Invalid file: pages/assets.php
in SYSTEMPATH/Exceptions/FrameworkException.php on line 33.
 1 SYSTEMPATH/View/View.php(201): CodeIgniter\Exceptions\FrameworkException::forInvalidFile()
 2 SYSTEMPATH/Common.php(1142): CodeIgniter\View\View->render()
 3 APPPATH/Controllers/Pages.php(28): view()
 4 SYSTEMPATH/CodeIgniter.php(907): App\Controllers\Pages->view()
 5 SYSTEMPATH/CodeIgniter.php(457): CodeIgniter\CodeIgniter->runController()
 6 SYSTEMPATH/CodeIgniter.php(340): CodeIgniter\CodeIgniter->handleRequest()
 7 FCPATH/index.php(67): CodeIgniter\CodeIgniter->run()
CRITICAL - 2022-09-28 10:37:25 --> Invalid file: pages/assets.php
in SYSTEMPATH/Exceptions/FrameworkException.php on line 33.
 1 SYSTEMPATH/View/View.php(201): CodeIgniter\Exceptions\FrameworkException::forInvalidFile()
 2 SYSTEMPATH/Common.php(1142): CodeIgniter\View\View->render()
 3 APPPATH/Controllers/Pages.php(28): view()
 4 SYSTEMPATH/CodeIgniter.php(907): App\Controllers\Pages->view()
 5 SYSTEMPATH/CodeIgniter.php(457): CodeIgniter\CodeIgniter->runController()
 6 SYSTEMPATH/CodeIgniter.php(340): CodeIgniter\CodeIgniter->handleRequest()
 7 FCPATH/index.php(67): CodeIgniter\CodeIgniter->run()
CRITICAL - 2022-09-28 10:37:26 --> Invalid file: pages/assets.php
in SYSTEMPATH/Exceptions/FrameworkException.php on line 33.
 1 SYSTEMPATH/View/View.php(201): CodeIgniter\Exceptions\FrameworkException::forInvalidFile()
 2 SYSTEMPATH/Common.php(1142): CodeIgniter\View\View->render()
 3 APPPATH/Controllers/Pages.php(28): view()
 4 SYSTEMPATH/CodeIgniter.php(907): App\Controllers\Pages->view()
 5 SYSTEMPATH/CodeIgniter.php(457): CodeIgniter\CodeIgniter->runController()
 6 SYSTEMPATH/CodeIgniter.php(340): CodeIgniter\CodeIgniter->handleRequest()
 7 FCPATH/index.php(67): CodeIgniter\CodeIgniter->run()
CRITICAL - 2022-09-28 10:37:50 --> Invalid file: pages/assets.php
in SYSTEMPATH/Exceptions/FrameworkException.php on line 33.
 1 SYSTEMPATH/View/View.php(201): CodeIgniter\Exceptions\FrameworkException::forInvalidFile()
 2 SYSTEMPATH/Common.php(1142): CodeIgniter\View\View->render()
 3 APPPATH/Controllers/Pages.php(28): view()
 4 SYSTEMPATH/CodeIgniter.php(907): App\Controllers\Pages->view()
 5 SYSTEMPATH/CodeIgniter.php(457): CodeIgniter\CodeIgniter->runController()
 6 SYSTEMPATH/CodeIgniter.php(340): CodeIgniter\CodeIgniter->handleRequest()
 7 FCPATH/index.php(67): CodeIgniter\CodeIgniter->run()
CRITICAL - 2022-09-28 10:37:50 --> Invalid file: pages/assets.php
in SYSTEMPATH/Exceptions/FrameworkException.php on line 33.
 1 SYSTEMPATH/View/View.php(201): CodeIgniter\Exceptions\FrameworkException::forInvalidFile()
 2 SYSTEMPATH/Common.php(1142): CodeIgniter\View\View->render()
 3 APPPATH/Controllers/Pages.php(28): view()
 4 SYSTEMPATH/CodeIgniter.php(907): App\Controllers\Pages->view()
 5 SYSTEMPATH/CodeIgniter.php(457): CodeIgniter\CodeIgniter->runController()
 6 SYSTEMPATH/CodeIgniter.php(340): CodeIgniter\CodeIgniter->handleRequest()
 7 FCPATH/index.php(67): CodeIgniter\CodeIgniter->run()
CRITICAL - 2022-09-28 10:37:53 --> Invalid file: pages/__service-worker.js
in SYSTEMPATH/Exceptions/FrameworkException.php on line 33.
 1 SYSTEMPATH/View/View.php(201): CodeIgniter\Exceptions\FrameworkException::forInvalidFile()
 2 SYSTEMPATH/Common.php(1142): CodeIgniter\View\View->render()
 3 APPPATH/Controllers/Pages.php(28): view()
 4 SYSTEMPATH/CodeIgniter.php(907): App\Controllers\Pages->view()
 5 SYSTEMPATH/CodeIgniter.php(457): CodeIgniter\CodeIgniter->runController()
 6 SYSTEMPATH/CodeIgniter.php(340): CodeIgniter\CodeIgniter->handleRequest()
 7 FCPATH/index.php(67): CodeIgniter\CodeIgniter->run()
CRITICAL - 2022-09-28 10:37:53 --> Invalid file: pages/assets.php
in SYSTEMPATH/Exceptions/FrameworkException.php on line 33.
 1 SYSTEMPATH/View/View.php(201): CodeIgniter\Exceptions\FrameworkException::forInvalidFile()
 2 SYSTEMPATH/Common.php(1142): CodeIgniter\View\View->render()
 3 APPPATH/Controllers/Pages.php(28): view()
 4 SYSTEMPATH/CodeIgniter.php(907): App\Controllers\Pages->view()
 5 SYSTEMPATH/CodeIgniter.php(457): CodeIgniter\CodeIgniter->runController()
 6 SYSTEMPATH/CodeIgniter.php(340): CodeIgniter\CodeIgniter->handleRequest()
 7 FCPATH/index.php(67): CodeIgniter\CodeIgniter->run()
CRITICAL - 2022-09-28 10:37:53 --> Invalid file: pages/assets.php
in SYSTEMPATH/Exceptions/FrameworkException.php on line 33.
 1 SYSTEMPATH/View/View.php(201): CodeIgniter\Exceptions\FrameworkException::forInvalidFile()
 2 SYSTEMPATH/Common.php(1142): CodeIgniter\View\View->render()
 3 APPPATH/Controllers/Pages.php(28): view()
 4 SYSTEMPATH/CodeIgniter.php(907): App\Controllers\Pages->view()
 5 SYSTEMPATH/CodeIgniter.php(457): CodeIgniter\CodeIgniter->runController()
 6 SYSTEMPATH/CodeIgniter.php(340): CodeIgniter\CodeIgniter->handleRequest()
 7 FCPATH/index.php(67): CodeIgniter\CodeIgniter->run()
CRITICAL - 2022-09-28 10:37:53 --> Invalid file: pages/assets.php
in SYSTEMPATH/Exceptions/FrameworkException.php on line 33.
 1 SYSTEMPATH/View/View.php(201): CodeIgniter\Exceptions\FrameworkException::forInvalidFile()
 2 SYSTEMPATH/Common.php(1142): CodeIgniter\View\View->render()
 3 APPPATH/Controllers/Pages.php(28): view()
 4 SYSTEMPATH/CodeIgniter.php(907): App\Controllers\Pages->view()
 5 SYSTEMPATH/CodeIgniter.php(457): CodeIgniter\CodeIgniter->runController()
 6 SYSTEMPATH/CodeIgniter.php(340): CodeIgniter\CodeIgniter->handleRequest()
 7 FCPATH/index.php(67): CodeIgniter\CodeIgniter->run()
CRITICAL - 2022-09-28 10:37:53 --> Invalid file: pages/assets.php
in SYSTEMPATH/Exceptions/FrameworkException.php on line 33.
 1 SYSTEMPATH/View/View.php(201): CodeIgniter\Exceptions\FrameworkException::forInvalidFile()
 2 SYSTEMPATH/Common.php(1142): CodeIgniter\View\View->render()
 3 APPPATH/Controllers/Pages.php(28): view()
 4 SYSTEMPATH/CodeIgniter.php(907): App\Controllers\Pages->view()
 5 SYSTEMPATH/CodeIgniter.php(457): CodeIgniter\CodeIgniter->runController()
 6 SYSTEMPATH/CodeIgniter.php(340): CodeIgniter\CodeIgniter->handleRequest()
 7 FCPATH/index.php(67): CodeIgniter\CodeIgniter->run()
CRITICAL - 2022-09-28 10:37:54 --> Invalid file: pages/assets.php
in SYSTEMPATH/Exceptions/FrameworkException.php on line 33.
 1 SYSTEMPATH/View/View.php(201): CodeIgniter\Exceptions\FrameworkException::forInvalidFile()
 2 SYSTEMPATH/Common.php(1142): CodeIgniter\View\View->render()
 3 APPPATH/Controllers/Pages.php(28): view()
 4 SYSTEMPATH/CodeIgniter.php(907): App\Controllers\Pages->view()
 5 SYSTEMPATH/CodeIgniter.php(457): CodeIgniter\CodeIgniter->runController()
 6 SYSTEMPATH/CodeIgniter.php(340): CodeIgniter\CodeIgniter->handleRequest()
 7 FCPATH/index.php(67): CodeIgniter\CodeIgniter->run()
CRITICAL - 2022-09-28 10:37:54 --> Invalid file: pages/assets.php
in SYSTEMPATH/Exceptions/FrameworkException.php on line 33.
 1 SYSTEMPATH/View/View.php(201): CodeIgniter\Exceptions\FrameworkException::forInvalidFile()
 2 SYSTEMPATH/Common.php(1142): CodeIgniter\View\View->render()
 3 APPPATH/Controllers/Pages.php(28): view()
 4 SYSTEMPATH/CodeIgniter.php(907): App\Controllers\Pages->view()
 5 SYSTEMPATH/CodeIgniter.php(457): CodeIgniter\CodeIgniter->runController()
 6 SYSTEMPATH/CodeIgniter.php(340): CodeIgniter\CodeIgniter->handleRequest()
 7 FCPATH/index.php(67): CodeIgniter\CodeIgniter->run()
CRITICAL - 2022-09-28 10:37:55 --> Invalid file: pages/assets.php
in SYSTEMPATH/Exceptions/FrameworkException.php on line 33.
 1 SYSTEMPATH/View/View.php(201): CodeIgniter\Exceptions\FrameworkException::forInvalidFile()
 2 SYSTEMPATH/Common.php(1142): CodeIgniter\View\View->render()
 3 APPPATH/Controllers/Pages.php(28): view()
 4 SYSTEMPATH/CodeIgniter.php(907): App\Controllers\Pages->view()
 5 SYSTEMPATH/CodeIgniter.php(457): CodeIgniter\CodeIgniter->runController()
 6 SYSTEMPATH/CodeIgniter.php(340): CodeIgniter\CodeIgniter->handleRequest()
 7 FCPATH/index.php(67): CodeIgniter\CodeIgniter->run()
CRITICAL - 2022-09-28 10:37:55 --> Invalid file: pages/assets.php
in SYSTEMPATH/Exceptions/FrameworkException.php on line 33.
 1 SYSTEMPATH/View/View.php(201): CodeIgniter\Exceptions\FrameworkException::forInvalidFile()
 2 SYSTEMPATH/Common.php(1142): CodeIgniter\View\View->render()
 3 APPPATH/Controllers/Pages.php(28): view()
 4 SYSTEMPATH/CodeIgniter.php(907): App\Controllers\Pages->view()
 5 SYSTEMPATH/CodeIgniter.php(457): CodeIgniter\CodeIgniter->runController()
 6 SYSTEMPATH/CodeIgniter.php(340): CodeIgniter\CodeIgniter->handleRequest()
 7 FCPATH/index.php(67): CodeIgniter\CodeIgniter->run()
CRITICAL - 2022-09-28 10:38:29 --> Invalid file: pages/assets.php
in SYSTEMPATH/Exceptions/FrameworkException.php on line 33.
 1 SYSTEMPATH/View/View.php(201): CodeIgniter\Exceptions\FrameworkException::forInvalidFile()
 2 SYSTEMPATH/Common.php(1142): CodeIgniter\View\View->render()
 3 APPPATH/Controllers/Pages.php(28): view()
 4 SYSTEMPATH/CodeIgniter.php(907): App\Controllers\Pages->view()
 5 SYSTEMPATH/CodeIgniter.php(457): CodeIgniter\CodeIgniter->runController()
 6 SYSTEMPATH/CodeIgniter.php(340): CodeIgniter\CodeIgniter->handleRequest()
 7 FCPATH/index.php(67): CodeIgniter\CodeIgniter->run()
CRITICAL - 2022-09-28 10:38:29 --> Invalid file: pages/assets.php
in SYSTEMPATH/Exceptions/FrameworkException.php on line 33.
 1 SYSTEMPATH/View/View.php(201): CodeIgniter\Exceptions\FrameworkException::forInvalidFile()
 2 SYSTEMPATH/Common.php(1142): CodeIgniter\View\View->render()
 3 APPPATH/Controllers/Pages.php(28): view()
 4 SYSTEMPATH/CodeIgniter.php(907): App\Controllers\Pages->view()
 5 SYSTEMPATH/CodeIgniter.php(457): CodeIgniter\CodeIgniter->runController()
 6 SYSTEMPATH/CodeIgniter.php(340): CodeIgniter\CodeIgniter->handleRequest()
 7 FCPATH/index.php(67): CodeIgniter\CodeIgniter->run()
CRITICAL - 2022-09-28 10:38:29 --> Invalid file: pages/__service-worker.js
in SYSTEMPATH/Exceptions/FrameworkException.php on line 33.
 1 SYSTEMPATH/View/View.php(201): CodeIgniter\Exceptions\FrameworkException::forInvalidFile()
 2 SYSTEMPATH/Common.php(1142): CodeIgniter\View\View->render()
 3 APPPATH/Controllers/Pages.php(28): view()
 4 SYSTEMPATH/CodeIgniter.php(907): App\Controllers\Pages->view()
 5 SYSTEMPATH/CodeIgniter.php(457): CodeIgniter\CodeIgniter->runController()
 6 SYSTEMPATH/CodeIgniter.php(340): CodeIgniter\CodeIgniter->handleRequest()
 7 FCPATH/index.php(67): CodeIgniter\CodeIgniter->run()
CRITICAL - 2022-09-28 10:38:30 --> Invalid file: pages/assets.php
in SYSTEMPATH/Exceptions/FrameworkException.php on line 33.
 1 SYSTEMPATH/View/View.php(201): CodeIgniter\Exceptions\FrameworkException::forInvalidFile()
 2 SYSTEMPATH/Common.php(1142): CodeIgniter\View\View->render()
 3 APPPATH/Controllers/Pages.php(28): view()
 4 SYSTEMPATH/CodeIgniter.php(907): App\Controllers\Pages->view()
 5 SYSTEMPATH/CodeIgniter.php(457): CodeIgniter\CodeIgniter->runController()
 6 SYSTEMPATH/CodeIgniter.php(340): CodeIgniter\CodeIgniter->handleRequest()
 7 FCPATH/index.php(67): CodeIgniter\CodeIgniter->run()
CRITICAL - 2022-09-28 10:38:30 --> Invalid file: pages/assets.php
in SYSTEMPATH/Exceptions/FrameworkException.php on line 33.
 1 SYSTEMPATH/View/View.php(201): CodeIgniter\Exceptions\FrameworkException::forInvalidFile()
 2 SYSTEMPATH/Common.php(1142): CodeIgniter\View\View->render()
 3 APPPATH/Controllers/Pages.php(28): view()
 4 SYSTEMPATH/CodeIgniter.php(907): App\Controllers\Pages->view()
 5 SYSTEMPATH/CodeIgniter.php(457): CodeIgniter\CodeIgniter->runController()
 6 SYSTEMPATH/CodeIgniter.php(340): CodeIgniter\CodeIgniter->handleRequest()
 7 FCPATH/index.php(67): CodeIgniter\CodeIgniter->run()
CRITICAL - 2022-09-28 10:38:30 --> Invalid file: pages/assets.php
in SYSTEMPATH/Exceptions/FrameworkException.php on line 33.
 1 SYSTEMPATH/View/View.php(201): CodeIgniter\Exceptions\FrameworkException::forInvalidFile()
 2 SYSTEMPATH/Common.php(1142): CodeIgniter\View\View->render()
 3 APPPATH/Controllers/Pages.php(28): view()
 4 SYSTEMPATH/CodeIgniter.php(907): App\Controllers\Pages->view()
 5 SYSTEMPATH/CodeIgniter.php(457): CodeIgniter\CodeIgniter->runController()
 6 SYSTEMPATH/CodeIgniter.php(340): CodeIgniter\CodeIgniter->handleRequest()
 7 FCPATH/index.php(67): CodeIgniter\CodeIgniter->run()
CRITICAL - 2022-09-28 10:38:30 --> Invalid file: pages/assets.php
in SYSTEMPATH/Exceptions/FrameworkException.php on line 33.
 1 SYSTEMPATH/View/View.php(201): CodeIgniter\Exceptions\FrameworkException::forInvalidFile()
 2 SYSTEMPATH/Common.php(1142): CodeIgniter\View\View->render()
 3 APPPATH/Controllers/Pages.php(28): view()
 4 SYSTEMPATH/CodeIgniter.php(907): App\Controllers\Pages->view()
 5 SYSTEMPATH/CodeIgniter.php(457): CodeIgniter\CodeIgniter->runController()
 6 SYSTEMPATH/CodeIgniter.php(340): CodeIgniter\CodeIgniter->handleRequest()
 7 FCPATH/index.php(67): CodeIgniter\CodeIgniter->run()
CRITICAL - 2022-09-28 10:38:31 --> Invalid file: pages/assets.php
in SYSTEMPATH/Exceptions/FrameworkException.php on line 33.
 1 SYSTEMPATH/View/View.php(201): CodeIgniter\Exceptions\FrameworkException::forInvalidFile()
 2 SYSTEMPATH/Common.php(1142): CodeIgniter\View\View->render()
 3 APPPATH/Controllers/Pages.php(28): view()
 4 SYSTEMPATH/CodeIgniter.php(907): App\Controllers\Pages->view()
 5 SYSTEMPATH/CodeIgniter.php(457): CodeIgniter\CodeIgniter->runController()
 6 SYSTEMPATH/CodeIgniter.php(340): CodeIgniter\CodeIgniter->handleRequest()
 7 FCPATH/index.php(67): CodeIgniter\CodeIgniter->run()
CRITICAL - 2022-09-28 10:38:31 --> Invalid file: pages/assets.php
in SYSTEMPATH/Exceptions/FrameworkException.php on line 33.
 1 SYSTEMPATH/View/View.php(201): CodeIgniter\Exceptions\FrameworkException::forInvalidFile()
 2 SYSTEMPATH/Common.php(1142): CodeIgniter\View\View->render()
 3 APPPATH/Controllers/Pages.php(28): view()
 4 SYSTEMPATH/CodeIgniter.php(907): App\Controllers\Pages->view()
 5 SYSTEMPATH/CodeIgniter.php(457): CodeIgniter\CodeIgniter->runController()
 6 SYSTEMPATH/CodeIgniter.php(340): CodeIgniter\CodeIgniter->handleRequest()
 7 FCPATH/index.php(67): CodeIgniter\CodeIgniter->run()
CRITICAL - 2022-09-28 10:39:08 --> Invalid file: pages/__service-worker.js
in SYSTEMPATH/Exceptions/FrameworkException.php on line 33.
 1 SYSTEMPATH/View/View.php(201): CodeIgniter\Exceptions\FrameworkException::forInvalidFile()
 2 SYSTEMPATH/Common.php(1142): CodeIgniter\View\View->render()
 3 APPPATH/Controllers/Pages.php(28): view()
 4 SYSTEMPATH/CodeIgniter.php(907): App\Controllers\Pages->view()
 5 SYSTEMPATH/CodeIgniter.php(457): CodeIgniter\CodeIgniter->runController()
 6 SYSTEMPATH/CodeIgniter.php(340): CodeIgniter\CodeIgniter->handleRequest()
 7 FCPATH/index.php(67): CodeIgniter\CodeIgniter->run()
CRITICAL - 2022-09-28 10:39:08 --> Invalid file: pages/assets.php
in SYSTEMPATH/Exceptions/FrameworkException.php on line 33.
 1 SYSTEMPATH/View/View.php(201): CodeIgniter\Exceptions\FrameworkException::forInvalidFile()
 2 SYSTEMPATH/Common.php(1142): CodeIgniter\View\View->render()
 3 APPPATH/Controllers/Pages.php(28): view()
 4 SYSTEMPATH/CodeIgniter.php(907): App\Controllers\Pages->view()
 5 SYSTEMPATH/CodeIgniter.php(457): CodeIgniter\CodeIgniter->runController()
 6 SYSTEMPATH/CodeIgniter.php(340): CodeIgniter\CodeIgniter->handleRequest()
 7 FCPATH/index.php(67): CodeIgniter\CodeIgniter->run()
CRITICAL - 2022-09-28 10:39:08 --> Invalid file: pages/assets.php
in SYSTEMPATH/Exceptions/FrameworkException.php on line 33.
 1 SYSTEMPATH/View/View.php(201): CodeIgniter\Exceptions\FrameworkException::forInvalidFile()
 2 SYSTEMPATH/Common.php(1142): CodeIgniter\View\View->render()
 3 APPPATH/Controllers/Pages.php(28): view()
 4 SYSTEMPATH/CodeIgniter.php(907): App\Controllers\Pages->view()
 5 SYSTEMPATH/CodeIgniter.php(457): CodeIgniter\CodeIgniter->runController()
 6 SYSTEMPATH/CodeIgniter.php(340): CodeIgniter\CodeIgniter->handleRequest()
 7 FCPATH/index.php(67): CodeIgniter\CodeIgniter->run()
CRITICAL - 2022-09-28 10:39:08 --> Invalid file: pages/assets.php
in SYSTEMPATH/Exceptions/FrameworkException.php on line 33.
 1 SYSTEMPATH/View/View.php(201): CodeIgniter\Exceptions\FrameworkException::forInvalidFile()
 2 SYSTEMPATH/Common.php(1142): CodeIgniter\View\View->render()
 3 APPPATH/Controllers/Pages.php(28): view()
 4 SYSTEMPATH/CodeIgniter.php(907): App\Controllers\Pages->view()
 5 SYSTEMPATH/CodeIgniter.php(457): CodeIgniter\CodeIgniter->runController()
 6 SYSTEMPATH/CodeIgniter.php(340): CodeIgniter\CodeIgniter->handleRequest()
 7 FCPATH/index.php(67): CodeIgniter\CodeIgniter->run()
CRITICAL - 2022-09-28 10:39:08 --> Invalid file: pages/assets.php
in SYSTEMPATH/Exceptions/FrameworkException.php on line 33.
 1 SYSTEMPATH/View/View.php(201): CodeIgniter\Exceptions\FrameworkException::forInvalidFile()
 2 SYSTEMPATH/Common.php(1142): CodeIgniter\View\View->render()
 3 APPPATH/Controllers/Pages.php(28): view()
 4 SYSTEMPATH/CodeIgniter.php(907): App\Controllers\Pages->view()
 5 SYSTEMPATH/CodeIgniter.php(457): CodeIgniter\CodeIgniter->runController()
 6 SYSTEMPATH/CodeIgniter.php(340): CodeIgniter\CodeIgniter->handleRequest()
 7 FCPATH/index.php(67): CodeIgniter\CodeIgniter->run()
CRITICAL - 2022-09-28 10:39:09 --> Invalid file: pages/assets.php
in SYSTEMPATH/Exceptions/FrameworkException.php on line 33.
 1 SYSTEMPATH/View/View.php(201): CodeIgniter\Exceptions\FrameworkException::forInvalidFile()
 2 SYSTEMPATH/Common.php(1142): CodeIgniter\View\View->render()
 3 APPPATH/Controllers/Pages.php(28): view()
 4 SYSTEMPATH/CodeIgniter.php(907): App\Controllers\Pages->view()
 5 SYSTEMPATH/CodeIgniter.php(457): CodeIgniter\CodeIgniter->runController()
 6 SYSTEMPATH/CodeIgniter.php(340): CodeIgniter\CodeIgniter->handleRequest()
 7 FCPATH/index.php(67): CodeIgniter\CodeIgniter->run()
CRITICAL - 2022-09-28 10:39:09 --> Invalid file: pages/assets.php
in SYSTEMPATH/Exceptions/FrameworkException.php on line 33.
 1 SYSTEMPATH/View/View.php(201): CodeIgniter\Exceptions\FrameworkException::forInvalidFile()
 2 SYSTEMPATH/Common.php(1142): CodeIgniter\View\View->render()
 3 APPPATH/Controllers/Pages.php(28): view()
 4 SYSTEMPATH/CodeIgniter.php(907): App\Controllers\Pages->view()
 5 SYSTEMPATH/CodeIgniter.php(457): CodeIgniter\CodeIgniter->runController()
 6 SYSTEMPATH/CodeIgniter.php(340): CodeIgniter\CodeIgniter->handleRequest()
 7 FCPATH/index.php(67): CodeIgniter\CodeIgniter->run()
CRITICAL - 2022-09-28 10:39:10 --> Invalid file: pages/assets.php
in SYSTEMPATH/Exceptions/FrameworkException.php on line 33.
 1 SYSTEMPATH/View/View.php(201): CodeIgniter\Exceptions\FrameworkException::forInvalidFile()
 2 SYSTEMPATH/Common.php(1142): CodeIgniter\View\View->render()
 3 APPPATH/Controllers/Pages.php(28): view()
 4 SYSTEMPATH/CodeIgniter.php(907): App\Controllers\Pages->view()
 5 SYSTEMPATH/CodeIgniter.php(457): CodeIgniter\CodeIgniter->runController()
 6 SYSTEMPATH/CodeIgniter.php(340): CodeIgniter\CodeIgniter->handleRequest()
 7 FCPATH/index.php(67): CodeIgniter\CodeIgniter->run()
CRITICAL - 2022-09-28 10:39:10 --> Invalid file: pages/assets.php
in SYSTEMPATH/Exceptions/FrameworkException.php on line 33.
 1 SYSTEMPATH/View/View.php(201): CodeIgniter\Exceptions\FrameworkException::forInvalidFile()
 2 SYSTEMPATH/Common.php(1142): CodeIgniter\View\View->render()
 3 APPPATH/Controllers/Pages.php(28): view()
 4 SYSTEMPATH/CodeIgniter.php(907): App\Controllers\Pages->view()
 5 SYSTEMPATH/CodeIgniter.php(457): CodeIgniter\CodeIgniter->runController()
 6 SYSTEMPATH/CodeIgniter.php(340): CodeIgniter\CodeIgniter->handleRequest()
 7 FCPATH/index.php(67): CodeIgniter\CodeIgniter->run()
CRITICAL - 2022-09-28 10:39:35 --> Invalid file: pages/__service-worker.js
in SYSTEMPATH/Exceptions/FrameworkException.php on line 33.
 1 SYSTEMPATH/View/View.php(201): CodeIgniter\Exceptions\FrameworkException::forInvalidFile()
 2 SYSTEMPATH/Common.php(1142): CodeIgniter\View\View->render()
 3 APPPATH/Controllers/Pages.php(28): view()
 4 SYSTEMPATH/CodeIgniter.php(907): App\Controllers\Pages->view()
 5 SYSTEMPATH/CodeIgniter.php(457): CodeIgniter\CodeIgniter->runController()
 6 SYSTEMPATH/CodeIgniter.php(340): CodeIgniter\CodeIgniter->handleRequest()
 7 FCPATH/index.php(67): CodeIgniter\CodeIgniter->run()
CRITICAL - 2022-09-28 10:39:35 --> Invalid file: pages/assets.php
in SYSTEMPATH/Exceptions/FrameworkException.php on line 33.
 1 SYSTEMPATH/View/View.php(201): CodeIgniter\Exceptions\FrameworkException::forInvalidFile()
 2 SYSTEMPATH/Common.php(1142): CodeIgniter\View\View->render()
 3 APPPATH/Controllers/Pages.php(28): view()
 4 SYSTEMPATH/CodeIgniter.php(907): App\Controllers\Pages->view()
 5 SYSTEMPATH/CodeIgniter.php(457): CodeIgniter\CodeIgniter->runController()
 6 SYSTEMPATH/CodeIgniter.php(340): CodeIgniter\CodeIgniter->handleRequest()
 7 FCPATH/index.php(67): CodeIgniter\CodeIgniter->run()
CRITICAL - 2022-09-28 10:39:35 --> Invalid file: pages/assets.php
in SYSTEMPATH/Exceptions/FrameworkException.php on line 33.
 1 SYSTEMPATH/View/View.php(201): CodeIgniter\Exceptions\FrameworkException::forInvalidFile()
 2 SYSTEMPATH/Common.php(1142): CodeIgniter\View\View->render()
 3 APPPATH/Controllers/Pages.php(28): view()
 4 SYSTEMPATH/CodeIgniter.php(907): App\Controllers\Pages->view()
 5 SYSTEMPATH/CodeIgniter.php(457): CodeIgniter\CodeIgniter->runController()
 6 SYSTEMPATH/CodeIgniter.php(340): CodeIgniter\CodeIgniter->handleRequest()
 7 FCPATH/index.php(67): CodeIgniter\CodeIgniter->run()
CRITICAL - 2022-09-28 10:39:35 --> Invalid file: pages/assets.php
in SYSTEMPATH/Exceptions/FrameworkException.php on line 33.
 1 SYSTEMPATH/View/View.php(201): CodeIgniter\Exceptions\FrameworkException::forInvalidFile()
 2 SYSTEMPATH/Common.php(1142): CodeIgniter\View\View->render()
 3 APPPATH/Controllers/Pages.php(28): view()
 4 SYSTEMPATH/CodeIgniter.php(907): App\Controllers\Pages->view()
 5 SYSTEMPATH/CodeIgniter.php(457): CodeIgniter\CodeIgniter->runController()
 6 SYSTEMPATH/CodeIgniter.php(340): CodeIgniter\CodeIgniter->handleRequest()
 7 FCPATH/index.php(67): CodeIgniter\CodeIgniter->run()
CRITICAL - 2022-09-28 10:39:35 --> Invalid file: pages/assets.php
in SYSTEMPATH/Exceptions/FrameworkException.php on line 33.
 1 SYSTEMPATH/View/View.php(201): CodeIgniter\Exceptions\FrameworkException::forInvalidFile()
 2 SYSTEMPATH/Common.php(1142): CodeIgniter\View\View->render()
 3 APPPATH/Controllers/Pages.php(28): view()
 4 SYSTEMPATH/CodeIgniter.php(907): App\Controllers\Pages->view()
 5 SYSTEMPATH/CodeIgniter.php(457): CodeIgniter\CodeIgniter->runController()
 6 SYSTEMPATH/CodeIgniter.php(340): CodeIgniter\CodeIgniter->handleRequest()
 7 FCPATH/index.php(67): CodeIgniter\CodeIgniter->run()
CRITICAL - 2022-09-28 10:39:35 --> Invalid file: pages/assets.php
in SYSTEMPATH/Exceptions/FrameworkException.php on line 33.
 1 SYSTEMPATH/View/View.php(201): CodeIgniter\Exceptions\FrameworkException::forInvalidFile()
 2 SYSTEMPATH/Common.php(1142): CodeIgniter\View\View->render()
 3 APPPATH/Controllers/Pages.php(28): view()
 4 SYSTEMPATH/CodeIgniter.php(907): App\Controllers\Pages->view()
 5 SYSTEMPATH/CodeIgniter.php(457): CodeIgniter\CodeIgniter->runController()
 6 SYSTEMPATH/CodeIgniter.php(340): CodeIgniter\CodeIgniter->handleRequest()
 7 FCPATH/index.php(67): CodeIgniter\CodeIgniter->run()
CRITICAL - 2022-09-28 10:39:35 --> Invalid file: pages/assets.php
in SYSTEMPATH/Exceptions/FrameworkException.php on line 33.
 1 SYSTEMPATH/View/View.php(201): CodeIgniter\Exceptions\FrameworkException::forInvalidFile()
 2 SYSTEMPATH/Common.php(1142): CodeIgniter\View\View->render()
 3 APPPATH/Controllers/Pages.php(28): view()
 4 SYSTEMPATH/CodeIgniter.php(907): App\Controllers\Pages->view()
 5 SYSTEMPATH/CodeIgniter.php(457): CodeIgniter\CodeIgniter->runController()
 6 SYSTEMPATH/CodeIgniter.php(340): CodeIgniter\CodeIgniter->handleRequest()
 7 FCPATH/index.php(67): CodeIgniter\CodeIgniter->run()
CRITICAL - 2022-09-28 10:39:36 --> Invalid file: pages/assets.php
in SYSTEMPATH/Exceptions/FrameworkException.php on line 33.
 1 SYSTEMPATH/View/View.php(201): CodeIgniter\Exceptions\FrameworkException::forInvalidFile()
 2 SYSTEMPATH/Common.php(1142): CodeIgniter\View\View->render()
 3 APPPATH/Controllers/Pages.php(28): view()
 4 SYSTEMPATH/CodeIgniter.php(907): App\Controllers\Pages->view()
 5 SYSTEMPATH/CodeIgniter.php(457): CodeIgniter\CodeIgniter->runController()
 6 SYSTEMPATH/CodeIgniter.php(340): CodeIgniter\CodeIgniter->handleRequest()
 7 FCPATH/index.php(67): CodeIgniter\CodeIgniter->run()
CRITICAL - 2022-09-28 10:39:36 --> Invalid file: pages/assets.php
in SYSTEMPATH/Exceptions/FrameworkException.php on line 33.
 1 SYSTEMPATH/View/View.php(201): CodeIgniter\Exceptions\FrameworkException::forInvalidFile()
 2 SYSTEMPATH/Common.php(1142): CodeIgniter\View\View->render()
 3 APPPATH/Controllers/Pages.php(28): view()
 4 SYSTEMPATH/CodeIgniter.php(907): App\Controllers\Pages->view()
 5 SYSTEMPATH/CodeIgniter.php(457): CodeIgniter\CodeIgniter->runController()
 6 SYSTEMPATH/CodeIgniter.php(340): CodeIgniter\CodeIgniter->handleRequest()
 7 FCPATH/index.php(67): CodeIgniter\CodeIgniter->run()
CRITICAL - 2022-09-28 10:39:57 --> Invalid file: pages/__service-worker.js
in SYSTEMPATH/Exceptions/FrameworkException.php on line 33.
 1 SYSTEMPATH/View/View.php(201): CodeIgniter\Exceptions\FrameworkException::forInvalidFile()
 2 SYSTEMPATH/Common.php(1142): CodeIgniter\View\View->render()
 3 APPPATH/Controllers/Pages.php(28): view()
 4 SYSTEMPATH/CodeIgniter.php(907): App\Controllers\Pages->view()
 5 SYSTEMPATH/CodeIgniter.php(457): CodeIgniter\CodeIgniter->runController()
 6 SYSTEMPATH/CodeIgniter.php(340): CodeIgniter\CodeIgniter->handleRequest()
 7 FCPATH/index.php(67): CodeIgniter\CodeIgniter->run()
CRITICAL - 2022-09-28 10:39:57 --> Invalid file: pages/assets.php
in SYSTEMPATH/Exceptions/FrameworkException.php on line 33.
 1 SYSTEMPATH/View/View.php(201): CodeIgniter\Exceptions\FrameworkException::forInvalidFile()
 2 SYSTEMPATH/Common.php(1142): CodeIgniter\View\View->render()
 3 APPPATH/Controllers/Pages.php(28): view()
 4 SYSTEMPATH/CodeIgniter.php(907): App\Controllers\Pages->view()
 5 SYSTEMPATH/CodeIgniter.php(457): CodeIgniter\CodeIgniter->runController()
 6 SYSTEMPATH/CodeIgniter.php(340): CodeIgniter\CodeIgniter->handleRequest()
 7 FCPATH/index.php(67): CodeIgniter\CodeIgniter->run()
CRITICAL - 2022-09-28 10:39:57 --> Invalid file: pages/assets.php
in SYSTEMPATH/Exceptions/FrameworkException.php on line 33.
 1 SYSTEMPATH/View/View.php(201): CodeIgniter\Exceptions\FrameworkException::forInvalidFile()
 2 SYSTEMPATH/Common.php(1142): CodeIgniter\View\View->render()
 3 APPPATH/Controllers/Pages.php(28): view()
 4 SYSTEMPATH/CodeIgniter.php(907): App\Controllers\Pages->view()
 5 SYSTEMPATH/CodeIgniter.php(457): CodeIgniter\CodeIgniter->runController()
 6 SYSTEMPATH/CodeIgniter.php(340): CodeIgniter\CodeIgniter->handleRequest()
 7 FCPATH/index.php(67): CodeIgniter\CodeIgniter->run()
CRITICAL - 2022-09-28 10:39:57 --> Invalid file: pages/assets.php
in SYSTEMPATH/Exceptions/FrameworkException.php on line 33.
 1 SYSTEMPATH/View/View.php(201): CodeIgniter\Exceptions\FrameworkException::forInvalidFile()
 2 SYSTEMPATH/Common.php(1142): CodeIgniter\View\View->render()
 3 APPPATH/Controllers/Pages.php(28): view()
 4 SYSTEMPATH/CodeIgniter.php(907): App\Controllers\Pages->view()
 5 SYSTEMPATH/CodeIgniter.php(457): CodeIgniter\CodeIgniter->runController()
 6 SYSTEMPATH/CodeIgniter.php(340): CodeIgniter\CodeIgniter->handleRequest()
 7 FCPATH/index.php(67): CodeIgniter\CodeIgniter->run()
CRITICAL - 2022-09-28 10:39:57 --> Invalid file: pages/assets.php
in SYSTEMPATH/Exceptions/FrameworkException.php on line 33.
 1 SYSTEMPATH/View/View.php(201): CodeIgniter\Exceptions\FrameworkException::forInvalidFile()
 2 SYSTEMPATH/Common.php(1142): CodeIgniter\View\View->render()
 3 APPPATH/Controllers/Pages.php(28): view()
 4 SYSTEMPATH/CodeIgniter.php(907): App\Controllers\Pages->view()
 5 SYSTEMPATH/CodeIgniter.php(457): CodeIgniter\CodeIgniter->runController()
 6 SYSTEMPATH/CodeIgniter.php(340): CodeIgniter\CodeIgniter->handleRequest()
 7 FCPATH/index.php(67): CodeIgniter\CodeIgniter->run()
CRITICAL - 2022-09-28 10:39:58 --> Invalid file: pages/assets.php
in SYSTEMPATH/Exceptions/FrameworkException.php on line 33.
 1 SYSTEMPATH/View/View.php(201): CodeIgniter\Exceptions\FrameworkException::forInvalidFile()
 2 SYSTEMPATH/Common.php(1142): CodeIgniter\View\View->render()
 3 APPPATH/Controllers/Pages.php(28): view()
 4 SYSTEMPATH/CodeIgniter.php(907): App\Controllers\Pages->view()
 5 SYSTEMPATH/CodeIgniter.php(457): CodeIgniter\CodeIgniter->runController()
 6 SYSTEMPATH/CodeIgniter.php(340): CodeIgniter\CodeIgniter->handleRequest()
 7 FCPATH/index.php(67): CodeIgniter\CodeIgniter->run()
CRITICAL - 2022-09-28 10:39:58 --> Invalid file: pages/assets.php
in SYSTEMPATH/Exceptions/FrameworkException.php on line 33.
 1 SYSTEMPATH/View/View.php(201): CodeIgniter\Exceptions\FrameworkException::forInvalidFile()
 2 SYSTEMPATH/Common.php(1142): CodeIgniter\View\View->render()
 3 APPPATH/Controllers/Pages.php(28): view()
 4 SYSTEMPATH/CodeIgniter.php(907): App\Controllers\Pages->view()
 5 SYSTEMPATH/CodeIgniter.php(457): CodeIgniter\CodeIgniter->runController()
 6 SYSTEMPATH/CodeIgniter.php(340): CodeIgniter\CodeIgniter->handleRequest()
 7 FCPATH/index.php(67): CodeIgniter\CodeIgniter->run()
CRITICAL - 2022-09-28 10:39:58 --> Invalid file: pages/assets.php
in SYSTEMPATH/Exceptions/FrameworkException.php on line 33.
 1 SYSTEMPATH/View/View.php(201): CodeIgniter\Exceptions\FrameworkException::forInvalidFile()
 2 SYSTEMPATH/Common.php(1142): CodeIgniter\View\View->render()
 3 APPPATH/Controllers/Pages.php(28): view()
 4 SYSTEMPATH/CodeIgniter.php(907): App\Controllers\Pages->view()
 5 SYSTEMPATH/CodeIgniter.php(457): CodeIgniter\CodeIgniter->runController()
 6 SYSTEMPATH/CodeIgniter.php(340): CodeIgniter\CodeIgniter->handleRequest()
 7 FCPATH/index.php(67): CodeIgniter\CodeIgniter->run()
CRITICAL - 2022-09-28 10:39:58 --> Invalid file: pages/assets.php
in SYSTEMPATH/Exceptions/FrameworkException.php on line 33.
 1 SYSTEMPATH/View/View.php(201): CodeIgniter\Exceptions\FrameworkException::forInvalidFile()
 2 SYSTEMPATH/Common.php(1142): CodeIgniter\View\View->render()
 3 APPPATH/Controllers/Pages.php(28): view()
 4 SYSTEMPATH/CodeIgniter.php(907): App\Controllers\Pages->view()
 5 SYSTEMPATH/CodeIgniter.php(457): CodeIgniter\CodeIgniter->runController()
 6 SYSTEMPATH/CodeIgniter.php(340): CodeIgniter\CodeIgniter->handleRequest()
 7 FCPATH/index.php(67): CodeIgniter\CodeIgniter->run()
CRITICAL - 2022-09-28 10:40:32 --> Invalid file: pages/__service-worker.js
in SYSTEMPATH/Exceptions/FrameworkException.php on line 33.
 1 SYSTEMPATH/View/View.php(201): CodeIgniter\Exceptions\FrameworkException::forInvalidFile()
 2 SYSTEMPATH/Common.php(1142): CodeIgniter\View\View->render()
 3 APPPATH/Controllers/Pages.php(28): view()
 4 SYSTEMPATH/CodeIgniter.php(907): App\Controllers\Pages->view()
 5 SYSTEMPATH/CodeIgniter.php(457): CodeIgniter\CodeIgniter->runController()
 6 SYSTEMPATH/CodeIgniter.php(340): CodeIgniter\CodeIgniter->handleRequest()
 7 FCPATH/index.php(67): CodeIgniter\CodeIgniter->run()
CRITICAL - 2022-09-28 10:40:32 --> Invalid file: pages/assets.php
in SYSTEMPATH/Exceptions/FrameworkException.php on line 33.
 1 SYSTEMPATH/View/View.php(201): CodeIgniter\Exceptions\FrameworkException::forInvalidFile()
 2 SYSTEMPATH/Common.php(1142): CodeIgniter\View\View->render()
 3 APPPATH/Controllers/Pages.php(28): view()
 4 SYSTEMPATH/CodeIgniter.php(907): App\Controllers\Pages->view()
 5 SYSTEMPATH/CodeIgniter.php(457): CodeIgniter\CodeIgniter->runController()
 6 SYSTEMPATH/CodeIgniter.php(340): CodeIgniter\CodeIgniter->handleRequest()
 7 FCPATH/index.php(67): CodeIgniter\CodeIgniter->run()
CRITICAL - 2022-09-28 10:40:32 --> Invalid file: pages/assets.php
in SYSTEMPATH/Exceptions/FrameworkException.php on line 33.
 1 SYSTEMPATH/View/View.php(201): CodeIgniter\Exceptions\FrameworkException::forInvalidFile()
 2 SYSTEMPATH/Common.php(1142): CodeIgniter\View\View->render()
 3 APPPATH/Controllers/Pages.php(28): view()
 4 SYSTEMPATH/CodeIgniter.php(907): App\Controllers\Pages->view()
 5 SYSTEMPATH/CodeIgniter.php(457): CodeIgniter\CodeIgniter->runController()
 6 SYSTEMPATH/CodeIgniter.php(340): CodeIgniter\CodeIgniter->handleRequest()
 7 FCPATH/index.php(67): CodeIgniter\CodeIgniter->run()
CRITICAL - 2022-09-28 10:40:32 --> Invalid file: pages/assets.php
in SYSTEMPATH/Exceptions/FrameworkException.php on line 33.
 1 SYSTEMPATH/View/View.php(201): CodeIgniter\Exceptions\FrameworkException::forInvalidFile()
 2 SYSTEMPATH/Common.php(1142): CodeIgniter\View\View->render()
 3 APPPATH/Controllers/Pages.php(28): view()
 4 SYSTEMPATH/CodeIgniter.php(907): App\Controllers\Pages->view()
 5 SYSTEMPATH/CodeIgniter.php(457): CodeIgniter\CodeIgniter->runController()
 6 SYSTEMPATH/CodeIgniter.php(340): CodeIgniter\CodeIgniter->handleRequest()
 7 FCPATH/index.php(67): CodeIgniter\CodeIgniter->run()
CRITICAL - 2022-09-28 10:40:32 --> Invalid file: pages/assets.php
in SYSTEMPATH/Exceptions/FrameworkException.php on line 33.
 1 SYSTEMPATH/View/View.php(201): CodeIgniter\Exceptions\FrameworkException::forInvalidFile()
 2 SYSTEMPATH/Common.php(1142): CodeIgniter\View\View->render()
 3 APPPATH/Controllers/Pages.php(28): view()
 4 SYSTEMPATH/CodeIgniter.php(907): App\Controllers\Pages->view()
 5 SYSTEMPATH/CodeIgniter.php(457): CodeIgniter\CodeIgniter->runController()
 6 SYSTEMPATH/CodeIgniter.php(340): CodeIgniter\CodeIgniter->handleRequest()
 7 FCPATH/index.php(67): CodeIgniter\CodeIgniter->run()
CRITICAL - 2022-09-28 10:40:32 --> Invalid file: pages/assets.php
in SYSTEMPATH/Exceptions/FrameworkException.php on line 33.
 1 SYSTEMPATH/View/View.php(201): CodeIgniter\Exceptions\FrameworkException::forInvalidFile()
 2 SYSTEMPATH/Common.php(1142): CodeIgniter\View\View->render()
 3 APPPATH/Controllers/Pages.php(28): view()
 4 SYSTEMPATH/CodeIgniter.php(907): App\Controllers\Pages->view()
 5 SYSTEMPATH/CodeIgniter.php(457): CodeIgniter\CodeIgniter->runController()
 6 SYSTEMPATH/CodeIgniter.php(340): CodeIgniter\CodeIgniter->handleRequest()
 7 FCPATH/index.php(67): CodeIgniter\CodeIgniter->run()
CRITICAL - 2022-09-28 10:40:32 --> Invalid file: pages/assets.php
in SYSTEMPATH/Exceptions/FrameworkException.php on line 33.
 1 SYSTEMPATH/View/View.php(201): CodeIgniter\Exceptions\FrameworkException::forInvalidFile()
 2 SYSTEMPATH/Common.php(1142): CodeIgniter\View\View->render()
 3 APPPATH/Controllers/Pages.php(28): view()
 4 SYSTEMPATH/CodeIgniter.php(907): App\Controllers\Pages->view()
 5 SYSTEMPATH/CodeIgniter.php(457): CodeIgniter\CodeIgniter->runController()
 6 SYSTEMPATH/CodeIgniter.php(340): CodeIgniter\CodeIgniter->handleRequest()
 7 FCPATH/index.php(67): CodeIgniter\CodeIgniter->run()
CRITICAL - 2022-09-28 10:40:33 --> Invalid file: pages/assets.php
in SYSTEMPATH/Exceptions/FrameworkException.php on line 33.
 1 SYSTEMPATH/View/View.php(201): CodeIgniter\Exceptions\FrameworkException::forInvalidFile()
 2 SYSTEMPATH/Common.php(1142): CodeIgniter\View\View->render()
 3 APPPATH/Controllers/Pages.php(28): view()
 4 SYSTEMPATH/CodeIgniter.php(907): App\Controllers\Pages->view()
 5 SYSTEMPATH/CodeIgniter.php(457): CodeIgniter\CodeIgniter->runController()
 6 SYSTEMPATH/CodeIgniter.php(340): CodeIgniter\CodeIgniter->handleRequest()
 7 FCPATH/index.php(67): CodeIgniter\CodeIgniter->run()
CRITICAL - 2022-09-28 10:40:33 --> Invalid file: pages/assets.php
in SYSTEMPATH/Exceptions/FrameworkException.php on line 33.
 1 SYSTEMPATH/View/View.php(201): CodeIgniter\Exceptions\FrameworkException::forInvalidFile()
 2 SYSTEMPATH/Common.php(1142): CodeIgniter\View\View->render()
 3 APPPATH/Controllers/Pages.php(28): view()
 4 SYSTEMPATH/CodeIgniter.php(907): App\Controllers\Pages->view()
 5 SYSTEMPATH/CodeIgniter.php(457): CodeIgniter\CodeIgniter->runController()
 6 SYSTEMPATH/CodeIgniter.php(340): CodeIgniter\CodeIgniter->handleRequest()
 7 FCPATH/index.php(67): CodeIgniter\CodeIgniter->run()
CRITICAL - 2022-09-28 10:40:50 --> Invalid file: pages/assets.php
in SYSTEMPATH/Exceptions/FrameworkException.php on line 33.
 1 SYSTEMPATH/View/View.php(201): CodeIgniter\Exceptions\FrameworkException::forInvalidFile()
 2 SYSTEMPATH/Common.php(1142): CodeIgniter\View\View->render()
 3 APPPATH/Controllers/Pages.php(28): view()
 4 SYSTEMPATH/CodeIgniter.php(907): App\Controllers\Pages->view()
 5 SYSTEMPATH/CodeIgniter.php(457): CodeIgniter\CodeIgniter->runController()
 6 SYSTEMPATH/CodeIgniter.php(340): CodeIgniter\CodeIgniter->handleRequest()
 7 FCPATH/index.php(67): CodeIgniter\CodeIgniter->run()
CRITICAL - 2022-09-28 10:40:50 --> Invalid file: pages/__service-worker.js
in SYSTEMPATH/Exceptions/FrameworkException.php on line 33.
 1 SYSTEMPATH/View/View.php(201): CodeIgniter\Exceptions\FrameworkException::forInvalidFile()
 2 SYSTEMPATH/Common.php(1142): CodeIgniter\View\View->render()
 3 APPPATH/Controllers/Pages.php(28): view()
 4 SYSTEMPATH/CodeIgniter.php(907): App\Controllers\Pages->view()
 5 SYSTEMPATH/CodeIgniter.php(457): CodeIgniter\CodeIgniter->runController()
 6 SYSTEMPATH/CodeIgniter.php(340): CodeIgniter\CodeIgniter->handleRequest()
 7 FCPATH/index.php(67): CodeIgniter\CodeIgniter->run()
CRITICAL - 2022-09-28 10:40:50 --> Invalid file: pages/assets.php
in SYSTEMPATH/Exceptions/FrameworkException.php on line 33.
 1 SYSTEMPATH/View/View.php(201): CodeIgniter\Exceptions\FrameworkException::forInvalidFile()
 2 SYSTEMPATH/Common.php(1142): CodeIgniter\View\View->render()
 3 APPPATH/Controllers/Pages.php(28): view()
 4 SYSTEMPATH/CodeIgniter.php(907): App\Controllers\Pages->view()
 5 SYSTEMPATH/CodeIgniter.php(457): CodeIgniter\CodeIgniter->runController()
 6 SYSTEMPATH/CodeIgniter.php(340): CodeIgniter\CodeIgniter->handleRequest()
 7 FCPATH/index.php(67): CodeIgniter\CodeIgniter->run()
CRITICAL - 2022-09-28 10:40:50 --> Invalid file: pages/assets.php
in SYSTEMPATH/Exceptions/FrameworkException.php on line 33.
 1 SYSTEMPATH/View/View.php(201): CodeIgniter\Exceptions\FrameworkException::forInvalidFile()
 2 SYSTEMPATH/Common.php(1142): CodeIgniter\View\View->render()
 3 APPPATH/Controllers/Pages.php(28): view()
 4 SYSTEMPATH/CodeIgniter.php(907): App\Controllers\Pages->view()
 5 SYSTEMPATH/CodeIgniter.php(457): CodeIgniter\CodeIgniter->runController()
 6 SYSTEMPATH/CodeIgniter.php(340): CodeIgniter\CodeIgniter->handleRequest()
 7 FCPATH/index.php(67): CodeIgniter\CodeIgniter->run()
CRITICAL - 2022-09-28 10:40:51 --> Invalid file: pages/assets.php
in SYSTEMPATH/Exceptions/FrameworkException.php on line 33.
 1 SYSTEMPATH/View/View.php(201): CodeIgniter\Exceptions\FrameworkException::forInvalidFile()
 2 SYSTEMPATH/Common.php(1142): CodeIgniter\View\View->render()
 3 APPPATH/Controllers/Pages.php(28): view()
 4 SYSTEMPATH/CodeIgniter.php(907): App\Controllers\Pages->view()
 5 SYSTEMPATH/CodeIgniter.php(457): CodeIgniter\CodeIgniter->runController()
 6 SYSTEMPATH/CodeIgniter.php(340): CodeIgniter\CodeIgniter->handleRequest()
 7 FCPATH/index.php(67): CodeIgniter\CodeIgniter->run()
CRITICAL - 2022-09-28 10:40:51 --> Invalid file: pages/assets.php
in SYSTEMPATH/Exceptions/FrameworkException.php on line 33.
 1 SYSTEMPATH/View/View.php(201): CodeIgniter\Exceptions\FrameworkException::forInvalidFile()
 2 SYSTEMPATH/Common.php(1142): CodeIgniter\View\View->render()
 3 APPPATH/Controllers/Pages.php(28): view()
 4 SYSTEMPATH/CodeIgniter.php(907): App\Controllers\Pages->view()
 5 SYSTEMPATH/CodeIgniter.php(457): CodeIgniter\CodeIgniter->runController()
 6 SYSTEMPATH/CodeIgniter.php(340): CodeIgniter\CodeIgniter->handleRequest()
 7 FCPATH/index.php(67): CodeIgniter\CodeIgniter->run()
CRITICAL - 2022-09-28 10:40:51 --> Invalid file: pages/assets.php
in SYSTEMPATH/Exceptions/FrameworkException.php on line 33.
 1 SYSTEMPATH/View/View.php(201): CodeIgniter\Exceptions\FrameworkException::forInvalidFile()
 2 SYSTEMPATH/Common.php(1142): CodeIgniter\View\View->render()
 3 APPPATH/Controllers/Pages.php(28): view()
 4 SYSTEMPATH/CodeIgniter.php(907): App\Controllers\Pages->view()
 5 SYSTEMPATH/CodeIgniter.php(457): CodeIgniter\CodeIgniter->runController()
 6 SYSTEMPATH/CodeIgniter.php(340): CodeIgniter\CodeIgniter->handleRequest()
 7 FCPATH/index.php(67): CodeIgniter\CodeIgniter->run()
CRITICAL - 2022-09-28 10:40:51 --> Invalid file: pages/assets.php
in SYSTEMPATH/Exceptions/FrameworkException.php on line 33.
 1 SYSTEMPATH/View/View.php(201): CodeIgniter\Exceptions\FrameworkException::forInvalidFile()
 2 SYSTEMPATH/Common.php(1142): CodeIgniter\View\View->render()
 3 APPPATH/Controllers/Pages.php(28): view()
 4 SYSTEMPATH/CodeIgniter.php(907): App\Controllers\Pages->view()
 5 SYSTEMPATH/CodeIgniter.php(457): CodeIgniter\CodeIgniter->runController()
 6 SYSTEMPATH/CodeIgniter.php(340): CodeIgniter\CodeIgniter->handleRequest()
 7 FCPATH/index.php(67): CodeIgniter\CodeIgniter->run()
CRITICAL - 2022-09-28 10:40:51 --> Invalid file: pages/assets.php
in SYSTEMPATH/Exceptions/FrameworkException.php on line 33.
 1 SYSTEMPATH/View/View.php(201): CodeIgniter\Exceptions\FrameworkException::forInvalidFile()
 2 SYSTEMPATH/Common.php(1142): CodeIgniter\View\View->render()
 3 APPPATH/Controllers/Pages.php(28): view()
 4 SYSTEMPATH/CodeIgniter.php(907): App\Controllers\Pages->view()
 5 SYSTEMPATH/CodeIgniter.php(457): CodeIgniter\CodeIgniter->runController()
 6 SYSTEMPATH/CodeIgniter.php(340): CodeIgniter\CodeIgniter->handleRequest()
 7 FCPATH/index.php(67): CodeIgniter\CodeIgniter->run()
CRITICAL - 2022-09-28 10:41:34 --> Invalid file: pages/assets.php
in SYSTEMPATH/Exceptions/FrameworkException.php on line 33.
 1 SYSTEMPATH/View/View.php(201): CodeIgniter\Exceptions\FrameworkException::forInvalidFile()
 2 SYSTEMPATH/Common.php(1142): CodeIgniter\View\View->render()
 3 APPPATH/Controllers/Pages.php(28): view()
 4 SYSTEMPATH/CodeIgniter.php(907): App\Controllers\Pages->view()
 5 SYSTEMPATH/CodeIgniter.php(457): CodeIgniter\CodeIgniter->runController()
 6 SYSTEMPATH/CodeIgniter.php(340): CodeIgniter\CodeIgniter->handleRequest()
 7 FCPATH/index.php(67): CodeIgniter\CodeIgniter->run()
CRITICAL - 2022-09-28 10:41:34 --> Invalid file: pages/assets.php
in SYSTEMPATH/Exceptions/FrameworkException.php on line 33.
 1 SYSTEMPATH/View/View.php(201): CodeIgniter\Exceptions\FrameworkException::forInvalidFile()
 2 SYSTEMPATH/Common.php(1142): CodeIgniter\View\View->render()
 3 APPPATH/Controllers/Pages.php(28): view()
 4 SYSTEMPATH/CodeIgniter.php(907): App\Controllers\Pages->view()
 5 SYSTEMPATH/CodeIgniter.php(457): CodeIgniter\CodeIgniter->runController()
 6 SYSTEMPATH/CodeIgniter.php(340): CodeIgniter\CodeIgniter->handleRequest()
 7 FCPATH/index.php(67): CodeIgniter\CodeIgniter->run()
CRITICAL - 2022-09-28 10:41:34 --> Invalid file: pages/assets.php
in SYSTEMPATH/Exceptions/FrameworkException.php on line 33.
 1 SYSTEMPATH/View/View.php(201): CodeIgniter\Exceptions\FrameworkException::forInvalidFile()
 2 SYSTEMPATH/Common.php(1142): CodeIgniter\View\View->render()
 3 APPPATH/Controllers/Pages.php(28): view()
 4 SYSTEMPATH/CodeIgniter.php(907): App\Controllers\Pages->view()
 5 SYSTEMPATH/CodeIgniter.php(457): CodeIgniter\CodeIgniter->runController()
 6 SYSTEMPATH/CodeIgniter.php(340): CodeIgniter\CodeIgniter->handleRequest()
 7 FCPATH/index.php(67): CodeIgniter\CodeIgniter->run()
CRITICAL - 2022-09-28 10:41:34 --> Invalid file: pages/__service-worker.js
in SYSTEMPATH/Exceptions/FrameworkException.php on line 33.
 1 SYSTEMPATH/View/View.php(201): CodeIgniter\Exceptions\FrameworkException::forInvalidFile()
 2 SYSTEMPATH/Common.php(1142): CodeIgniter\View\View->render()
 3 APPPATH/Controllers/Pages.php(28): view()
 4 SYSTEMPATH/CodeIgniter.php(907): App\Controllers\Pages->view()
 5 SYSTEMPATH/CodeIgniter.php(457): CodeIgniter\CodeIgniter->runController()
 6 SYSTEMPATH/CodeIgniter.php(340): CodeIgniter\CodeIgniter->handleRequest()
 7 FCPATH/index.php(67): CodeIgniter\CodeIgniter->run()
CRITICAL - 2022-09-28 10:41:34 --> Invalid file: pages/assets.php
in SYSTEMPATH/Exceptions/FrameworkException.php on line 33.
 1 SYSTEMPATH/View/View.php(201): CodeIgniter\Exceptions\FrameworkException::forInvalidFile()
 2 SYSTEMPATH/Common.php(1142): CodeIgniter\View\View->render()
 3 APPPATH/Controllers/Pages.php(28): view()
 4 SYSTEMPATH/CodeIgniter.php(907): App\Controllers\Pages->view()
 5 SYSTEMPATH/CodeIgniter.php(457): CodeIgniter\CodeIgniter->runController()
 6 SYSTEMPATH/CodeIgniter.php(340): CodeIgniter\CodeIgniter->handleRequest()
 7 FCPATH/index.php(67): CodeIgniter\CodeIgniter->run()
CRITICAL - 2022-09-28 10:41:35 --> Invalid file: pages/assets.php
in SYSTEMPATH/Exceptions/FrameworkException.php on line 33.
 1 SYSTEMPATH/View/View.php(201): CodeIgniter\Exceptions\FrameworkException::forInvalidFile()
 2 SYSTEMPATH/Common.php(1142): CodeIgniter\View\View->render()
 3 APPPATH/Controllers/Pages.php(28): view()
 4 SYSTEMPATH/CodeIgniter.php(907): App\Controllers\Pages->view()
 5 SYSTEMPATH/CodeIgniter.php(457): CodeIgniter\CodeIgniter->runController()
 6 SYSTEMPATH/CodeIgniter.php(340): CodeIgniter\CodeIgniter->handleRequest()
 7 FCPATH/index.php(67): CodeIgniter\CodeIgniter->run()
CRITICAL - 2022-09-28 10:41:35 --> Invalid file: pages/assets.php
in SYSTEMPATH/Exceptions/FrameworkException.php on line 33.
 1 SYSTEMPATH/View/View.php(201): CodeIgniter\Exceptions\FrameworkException::forInvalidFile()
 2 SYSTEMPATH/Common.php(1142): CodeIgniter\View\View->render()
 3 APPPATH/Controllers/Pages.php(28): view()
 4 SYSTEMPATH/CodeIgniter.php(907): App\Controllers\Pages->view()
 5 SYSTEMPATH/CodeIgniter.php(457): CodeIgniter\CodeIgniter->runController()
 6 SYSTEMPATH/CodeIgniter.php(340): CodeIgniter\CodeIgniter->handleRequest()
 7 FCPATH/index.php(67): CodeIgniter\CodeIgniter->run()
CRITICAL - 2022-09-28 10:41:35 --> Invalid file: pages/assets.php
in SYSTEMPATH/Exceptions/FrameworkException.php on line 33.
 1 SYSTEMPATH/View/View.php(201): CodeIgniter\Exceptions\FrameworkException::forInvalidFile()
 2 SYSTEMPATH/Common.php(1142): CodeIgniter\View\View->render()
 3 APPPATH/Controllers/Pages.php(28): view()
 4 SYSTEMPATH/CodeIgniter.php(907): App\Controllers\Pages->view()
 5 SYSTEMPATH/CodeIgniter.php(457): CodeIgniter\CodeIgniter->runController()
 6 SYSTEMPATH/CodeIgniter.php(340): CodeIgniter\CodeIgniter->handleRequest()
 7 FCPATH/index.php(67): CodeIgniter\CodeIgniter->run()
CRITICAL - 2022-09-28 10:41:35 --> Invalid file: pages/assets.php
in SYSTEMPATH/Exceptions/FrameworkException.php on line 33.
 1 SYSTEMPATH/View/View.php(201): CodeIgniter\Exceptions\FrameworkException::forInvalidFile()
 2 SYSTEMPATH/Common.php(1142): CodeIgniter\View\View->render()
 3 APPPATH/Controllers/Pages.php(28): view()
 4 SYSTEMPATH/CodeIgniter.php(907): App\Controllers\Pages->view()
 5 SYSTEMPATH/CodeIgniter.php(457): CodeIgniter\CodeIgniter->runController()
 6 SYSTEMPATH/CodeIgniter.php(340): CodeIgniter\CodeIgniter->handleRequest()
 7 FCPATH/index.php(67): CodeIgniter\CodeIgniter->run()
CRITICAL - 2022-09-28 10:41:45 --> Invalid file: pages/assets.php
in SYSTEMPATH/Exceptions/FrameworkException.php on line 33.
 1 SYSTEMPATH/View/View.php(201): CodeIgniter\Exceptions\FrameworkException::forInvalidFile()
 2 SYSTEMPATH/Common.php(1142): CodeIgniter\View\View->render()
 3 APPPATH/Controllers/Pages.php(28): view()
 4 SYSTEMPATH/CodeIgniter.php(907): App\Controllers\Pages->view()
 5 SYSTEMPATH/CodeIgniter.php(457): CodeIgniter\CodeIgniter->runController()
 6 SYSTEMPATH/CodeIgniter.php(340): CodeIgniter\CodeIgniter->handleRequest()
 7 FCPATH/index.php(67): CodeIgniter\CodeIgniter->run()
CRITICAL - 2022-09-28 10:41:45 --> Invalid file: pages/assets.php
in SYSTEMPATH/Exceptions/FrameworkException.php on line 33.
 1 SYSTEMPATH/View/View.php(201): CodeIgniter\Exceptions\FrameworkException::forInvalidFile()
 2 SYSTEMPATH/Common.php(1142): CodeIgniter\View\View->render()
 3 APPPATH/Controllers/Pages.php(28): view()
 4 SYSTEMPATH/CodeIgniter.php(907): App\Controllers\Pages->view()
 5 SYSTEMPATH/CodeIgniter.php(457): CodeIgniter\CodeIgniter->runController()
 6 SYSTEMPATH/CodeIgniter.php(340): CodeIgniter\CodeIgniter->handleRequest()
 7 FCPATH/index.php(67): CodeIgniter\CodeIgniter->run()
CRITICAL - 2022-09-28 10:42:28 --> Invalid file: pages/assets.php
in SYSTEMPATH/Exceptions/FrameworkException.php on line 33.
 1 SYSTEMPATH/View/View.php(201): CodeIgniter\Exceptions\FrameworkException::forInvalidFile()
 2 SYSTEMPATH/Common.php(1142): CodeIgniter\View\View->render()
 3 APPPATH/Controllers/Pages.php(28): view()
 4 SYSTEMPATH/CodeIgniter.php(907): App\Controllers\Pages->view()
 5 SYSTEMPATH/CodeIgniter.php(457): CodeIgniter\CodeIgniter->runController()
 6 SYSTEMPATH/CodeIgniter.php(340): CodeIgniter\CodeIgniter->handleRequest()
 7 FCPATH/index.php(67): CodeIgniter\CodeIgniter->run()
CRITICAL - 2022-09-28 10:42:28 --> Invalid file: pages/assets.php
in SYSTEMPATH/Exceptions/FrameworkException.php on line 33.
 1 SYSTEMPATH/View/View.php(201): CodeIgniter\Exceptions\FrameworkException::forInvalidFile()
 2 SYSTEMPATH/Common.php(1142): CodeIgniter\View\View->render()
 3 APPPATH/Controllers/Pages.php(28): view()
 4 SYSTEMPATH/CodeIgniter.php(907): App\Controllers\Pages->view()
 5 SYSTEMPATH/CodeIgniter.php(457): CodeIgniter\CodeIgniter->runController()
 6 SYSTEMPATH/CodeIgniter.php(340): CodeIgniter\CodeIgniter->handleRequest()
 7 FCPATH/index.php(67): CodeIgniter\CodeIgniter->run()
CRITICAL - 2022-09-28 10:42:33 --> Invalid file: pages/assets.php
in SYSTEMPATH/Exceptions/FrameworkException.php on line 33.
 1 SYSTEMPATH/View/View.php(201): CodeIgniter\Exceptions\FrameworkException::forInvalidFile()
 2 SYSTEMPATH/Common.php(1142): CodeIgniter\View\View->render()
 3 APPPATH/Controllers/Pages.php(28): view()
 4 SYSTEMPATH/CodeIgniter.php(907): App\Controllers\Pages->view()
 5 SYSTEMPATH/CodeIgniter.php(457): CodeIgniter\CodeIgniter->runController()
 6 SYSTEMPATH/CodeIgniter.php(340): CodeIgniter\CodeIgniter->handleRequest()
 7 FCPATH/index.php(67): CodeIgniter\CodeIgniter->run()
CRITICAL - 2022-09-28 10:42:33 --> Invalid file: pages/__service-worker.js
in SYSTEMPATH/Exceptions/FrameworkException.php on line 33.
 1 SYSTEMPATH/View/View.php(201): CodeIgniter\Exceptions\FrameworkException::forInvalidFile()
 2 SYSTEMPATH/Common.php(1142): CodeIgniter\View\View->render()
 3 APPPATH/Controllers/Pages.php(28): view()
 4 SYSTEMPATH/CodeIgniter.php(907): App\Controllers\Pages->view()
 5 SYSTEMPATH/CodeIgniter.php(457): CodeIgniter\CodeIgniter->runController()
 6 SYSTEMPATH/CodeIgniter.php(340): CodeIgniter\CodeIgniter->handleRequest()
 7 FCPATH/index.php(67): CodeIgniter\CodeIgniter->run()
CRITICAL - 2022-09-28 10:42:33 --> Invalid file: pages/assets.php
in SYSTEMPATH/Exceptions/FrameworkException.php on line 33.
 1 SYSTEMPATH/View/View.php(201): CodeIgniter\Exceptions\FrameworkException::forInvalidFile()
 2 SYSTEMPATH/Common.php(1142): CodeIgniter\View\View->render()
 3 APPPATH/Controllers/Pages.php(28): view()
 4 SYSTEMPATH/CodeIgniter.php(907): App\Controllers\Pages->view()
 5 SYSTEMPATH/CodeIgniter.php(457): CodeIgniter\CodeIgniter->runController()
 6 SYSTEMPATH/CodeIgniter.php(340): CodeIgniter\CodeIgniter->handleRequest()
 7 FCPATH/index.php(67): CodeIgniter\CodeIgniter->run()
CRITICAL - 2022-09-28 10:42:33 --> Invalid file: pages/assets.php
in SYSTEMPATH/Exceptions/FrameworkException.php on line 33.
 1 SYSTEMPATH/View/View.php(201): CodeIgniter\Exceptions\FrameworkException::forInvalidFile()
 2 SYSTEMPATH/Common.php(1142): CodeIgniter\View\View->render()
 3 APPPATH/Controllers/Pages.php(28): view()
 4 SYSTEMPATH/CodeIgniter.php(907): App\Controllers\Pages->view()
 5 SYSTEMPATH/CodeIgniter.php(457): CodeIgniter\CodeIgniter->runController()
 6 SYSTEMPATH/CodeIgniter.php(340): CodeIgniter\CodeIgniter->handleRequest()
 7 FCPATH/index.php(67): CodeIgniter\CodeIgniter->run()
CRITICAL - 2022-09-28 10:42:33 --> Invalid file: pages/assets.php
in SYSTEMPATH/Exceptions/FrameworkException.php on line 33.
 1 SYSTEMPATH/View/View.php(201): CodeIgniter\Exceptions\FrameworkException::forInvalidFile()
 2 SYSTEMPATH/Common.php(1142): CodeIgniter\View\View->render()
 3 APPPATH/Controllers/Pages.php(28): view()
 4 SYSTEMPATH/CodeIgniter.php(907): App\Controllers\Pages->view()
 5 SYSTEMPATH/CodeIgniter.php(457): CodeIgniter\CodeIgniter->runController()
 6 SYSTEMPATH/CodeIgniter.php(340): CodeIgniter\CodeIgniter->handleRequest()
 7 FCPATH/index.php(67): CodeIgniter\CodeIgniter->run()
CRITICAL - 2022-09-28 10:42:34 --> Invalid file: pages/assets.php
in SYSTEMPATH/Exceptions/FrameworkException.php on line 33.
 1 SYSTEMPATH/View/View.php(201): CodeIgniter\Exceptions\FrameworkException::forInvalidFile()
 2 SYSTEMPATH/Common.php(1142): CodeIgniter\View\View->render()
 3 APPPATH/Controllers/Pages.php(28): view()
 4 SYSTEMPATH/CodeIgniter.php(907): App\Controllers\Pages->view()
 5 SYSTEMPATH/CodeIgniter.php(457): CodeIgniter\CodeIgniter->runController()
 6 SYSTEMPATH/CodeIgniter.php(340): CodeIgniter\CodeIgniter->handleRequest()
 7 FCPATH/index.php(67): CodeIgniter\CodeIgniter->run()
CRITICAL - 2022-09-28 10:42:34 --> Invalid file: pages/assets.php
in SYSTEMPATH/Exceptions/FrameworkException.php on line 33.
 1 SYSTEMPATH/View/View.php(201): CodeIgniter\Exceptions\FrameworkException::forInvalidFile()
 2 SYSTEMPATH/Common.php(1142): CodeIgniter\View\View->render()
 3 APPPATH/Controllers/Pages.php(28): view()
 4 SYSTEMPATH/CodeIgniter.php(907): App\Controllers\Pages->view()
 5 SYSTEMPATH/CodeIgniter.php(457): CodeIgniter\CodeIgniter->runController()
 6 SYSTEMPATH/CodeIgniter.php(340): CodeIgniter\CodeIgniter->handleRequest()
 7 FCPATH/index.php(67): CodeIgniter\CodeIgniter->run()
CRITICAL - 2022-09-28 10:42:35 --> Invalid file: pages/assets.php
in SYSTEMPATH/Exceptions/FrameworkException.php on line 33.
 1 SYSTEMPATH/View/View.php(201): CodeIgniter\Exceptions\FrameworkException::forInvalidFile()
 2 SYSTEMPATH/Common.php(1142): CodeIgniter\View\View->render()
 3 APPPATH/Controllers/Pages.php(28): view()
 4 SYSTEMPATH/CodeIgniter.php(907): App\Controllers\Pages->view()
 5 SYSTEMPATH/CodeIgniter.php(457): CodeIgniter\CodeIgniter->runController()
 6 SYSTEMPATH/CodeIgniter.php(340): CodeIgniter\CodeIgniter->handleRequest()
 7 FCPATH/index.php(67): CodeIgniter\CodeIgniter->run()
CRITICAL - 2022-09-28 10:42:35 --> Invalid file: pages/assets.php
in SYSTEMPATH/Exceptions/FrameworkException.php on line 33.
 1 SYSTEMPATH/View/View.php(201): CodeIgniter\Exceptions\FrameworkException::forInvalidFile()
 2 SYSTEMPATH/Common.php(1142): CodeIgniter\View\View->render()
 3 APPPATH/Controllers/Pages.php(28): view()
 4 SYSTEMPATH/CodeIgniter.php(907): App\Controllers\Pages->view()
 5 SYSTEMPATH/CodeIgniter.php(457): CodeIgniter\CodeIgniter->runController()
 6 SYSTEMPATH/CodeIgniter.php(340): CodeIgniter\CodeIgniter->handleRequest()
 7 FCPATH/index.php(67): CodeIgniter\CodeIgniter->run()
CRITICAL - 2022-09-28 10:45:15 --> Invalid file: pages/assets.php
in SYSTEMPATH/Exceptions/FrameworkException.php on line 33.
 1 SYSTEMPATH/View/View.php(201): CodeIgniter\Exceptions\FrameworkException::forInvalidFile()
 2 SYSTEMPATH/Common.php(1142): CodeIgniter\View\View->render()
 3 APPPATH/Controllers/Pages.php(28): view()
 4 SYSTEMPATH/CodeIgniter.php(907): App\Controllers\Pages->view()
 5 SYSTEMPATH/CodeIgniter.php(457): CodeIgniter\CodeIgniter->runController()
 6 SYSTEMPATH/CodeIgniter.php(340): CodeIgniter\CodeIgniter->handleRequest()
 7 FCPATH/index.php(67): CodeIgniter\CodeIgniter->run()
CRITICAL - 2022-09-28 10:45:15 --> Invalid file: pages/assets.php
in SYSTEMPATH/Exceptions/FrameworkException.php on line 33.
 1 SYSTEMPATH/View/View.php(201): CodeIgniter\Exceptions\FrameworkException::forInvalidFile()
 2 SYSTEMPATH/Common.php(1142): CodeIgniter\View\View->render()
 3 APPPATH/Controllers/Pages.php(28): view()
 4 SYSTEMPATH/CodeIgniter.php(907): App\Controllers\Pages->view()
 5 SYSTEMPATH/CodeIgniter.php(457): CodeIgniter\CodeIgniter->runController()
 6 SYSTEMPATH/CodeIgniter.php(340): CodeIgniter\CodeIgniter->handleRequest()
 7 FCPATH/index.php(67): CodeIgniter\CodeIgniter->run()
CRITICAL - 2022-09-28 10:45:40 --> Invalid file: pages/assets.php
in SYSTEMPATH/Exceptions/FrameworkException.php on line 33.
 1 SYSTEMPATH/View/View.php(201): CodeIgniter\Exceptions\FrameworkException::forInvalidFile()
 2 SYSTEMPATH/Common.php(1142): CodeIgniter\View\View->render()
 3 APPPATH/Controllers/Pages.php(28): view()
 4 SYSTEMPATH/CodeIgniter.php(907): App\Controllers\Pages->view()
 5 SYSTEMPATH/CodeIgniter.php(457): CodeIgniter\CodeIgniter->runController()
 6 SYSTEMPATH/CodeIgniter.php(340): CodeIgniter\CodeIgniter->handleRequest()
 7 FCPATH/index.php(67): CodeIgniter\CodeIgniter->run()
CRITICAL - 2022-09-28 10:45:41 --> Invalid file: pages/assets.php
in SYSTEMPATH/Exceptions/FrameworkException.php on line 33.
 1 SYSTEMPATH/View/View.php(201): CodeIgniter\Exceptions\FrameworkException::forInvalidFile()
 2 SYSTEMPATH/Common.php(1142): CodeIgniter\View\View->render()
 3 APPPATH/Controllers/Pages.php(28): view()
 4 SYSTEMPATH/CodeIgniter.php(907): App\Controllers\Pages->view()
 5 SYSTEMPATH/CodeIgniter.php(457): CodeIgniter\CodeIgniter->runController()
 6 SYSTEMPATH/CodeIgniter.php(340): CodeIgniter\CodeIgniter->handleRequest()
 7 FCPATH/index.php(67): CodeIgniter\CodeIgniter->run()
CRITICAL - 2022-09-28 10:45:42 --> Invalid file: pages/assets.php
in SYSTEMPATH/Exceptions/FrameworkException.php on line 33.
 1 SYSTEMPATH/View/View.php(201): CodeIgniter\Exceptions\FrameworkException::forInvalidFile()
 2 SYSTEMPATH/Common.php(1142): CodeIgniter\View\View->render()
 3 APPPATH/Controllers/Pages.php(28): view()
 4 SYSTEMPATH/CodeIgniter.php(907): App\Controllers\Pages->view()
 5 SYSTEMPATH/CodeIgniter.php(457): CodeIgniter\CodeIgniter->runController()
 6 SYSTEMPATH/CodeIgniter.php(340): CodeIgniter\CodeIgniter->handleRequest()
 7 FCPATH/index.php(67): CodeIgniter\CodeIgniter->run()
CRITICAL - 2022-09-28 10:46:00 --> Invalid file: pages/assets.php
in SYSTEMPATH/Exceptions/FrameworkException.php on line 33.
 1 SYSTEMPATH/View/View.php(201): CodeIgniter\Exceptions\FrameworkException::forInvalidFile()
 2 SYSTEMPATH/Common.php(1142): CodeIgniter\View\View->render()
 3 APPPATH/Controllers/Pages.php(28): view()
 4 SYSTEMPATH/CodeIgniter.php(907): App\Controllers\Pages->view()
 5 SYSTEMPATH/CodeIgniter.php(457): CodeIgniter\CodeIgniter->runController()
 6 SYSTEMPATH/CodeIgniter.php(340): CodeIgniter\CodeIgniter->handleRequest()
 7 FCPATH/index.php(67): CodeIgniter\CodeIgniter->run()
CRITICAL - 2022-09-28 10:46:00 --> Invalid file: pages/assets.php
in SYSTEMPATH/Exceptions/FrameworkException.php on line 33.
 1 SYSTEMPATH/View/View.php(201): CodeIgniter\Exceptions\FrameworkException::forInvalidFile()
 2 SYSTEMPATH/Common.php(1142): CodeIgniter\View\View->render()
 3 APPPATH/Controllers/Pages.php(28): view()
 4 SYSTEMPATH/CodeIgniter.php(907): App\Controllers\Pages->view()
 5 SYSTEMPATH/CodeIgniter.php(457): CodeIgniter\CodeIgniter->runController()
 6 SYSTEMPATH/CodeIgniter.php(340): CodeIgniter\CodeIgniter->handleRequest()
 7 FCPATH/index.php(67): CodeIgniter\CodeIgniter->run()
CRITICAL - 2022-09-28 10:46:00 --> Invalid file: pages/assets.php
in SYSTEMPATH/Exceptions/FrameworkException.php on line 33.
 1 SYSTEMPATH/View/View.php(201): CodeIgniter\Exceptions\FrameworkException::forInvalidFile()
 2 SYSTEMPATH/Common.php(1142): CodeIgniter\View\View->render()
 3 APPPATH/Controllers/Pages.php(28): view()
 4 SYSTEMPATH/CodeIgniter.php(907): App\Controllers\Pages->view()
 5 SYSTEMPATH/CodeIgniter.php(457): CodeIgniter\CodeIgniter->runController()
 6 SYSTEMPATH/CodeIgniter.php(340): CodeIgniter\CodeIgniter->handleRequest()
 7 FCPATH/index.php(67): CodeIgniter\CodeIgniter->run()
CRITICAL - 2022-09-28 10:46:00 --> Invalid file: pages/assets.php
in SYSTEMPATH/Exceptions/FrameworkException.php on line 33.
 1 SYSTEMPATH/View/View.php(201): CodeIgniter\Exceptions\FrameworkException::forInvalidFile()
 2 SYSTEMPATH/Common.php(1142): CodeIgniter\View\View->render()
 3 APPPATH/Controllers/Pages.php(28): view()
 4 SYSTEMPATH/CodeIgniter.php(907): App\Controllers\Pages->view()
 5 SYSTEMPATH/CodeIgniter.php(457): CodeIgniter\CodeIgniter->runController()
 6 SYSTEMPATH/CodeIgniter.php(340): CodeIgniter\CodeIgniter->handleRequest()
 7 FCPATH/index.php(67): CodeIgniter\CodeIgniter->run()
CRITICAL - 2022-09-28 10:46:00 --> Invalid file: pages/__service-worker.js
in SYSTEMPATH/Exceptions/FrameworkException.php on line 33.
 1 SYSTEMPATH/View/View.php(201): CodeIgniter\Exceptions\FrameworkException::forInvalidFile()
 2 SYSTEMPATH/Common.php(1142): CodeIgniter\View\View->render()
 3 APPPATH/Controllers/Pages.php(28): view()
 4 SYSTEMPATH/CodeIgniter.php(907): App\Controllers\Pages->view()
 5 SYSTEMPATH/CodeIgniter.php(457): CodeIgniter\CodeIgniter->runController()
 6 SYSTEMPATH/CodeIgniter.php(340): CodeIgniter\CodeIgniter->handleRequest()
 7 FCPATH/index.php(67): CodeIgniter\CodeIgniter->run()
CRITICAL - 2022-09-28 10:46:01 --> Invalid file: pages/assets.php
in SYSTEMPATH/Exceptions/FrameworkException.php on line 33.
 1 SYSTEMPATH/View/View.php(201): CodeIgniter\Exceptions\FrameworkException::forInvalidFile()
 2 SYSTEMPATH/Common.php(1142): CodeIgniter\View\View->render()
 3 APPPATH/Controllers/Pages.php(28): view()
 4 SYSTEMPATH/CodeIgniter.php(907): App\Controllers\Pages->view()
 5 SYSTEMPATH/CodeIgniter.php(457): CodeIgniter\CodeIgniter->runController()
 6 SYSTEMPATH/CodeIgniter.php(340): CodeIgniter\CodeIgniter->handleRequest()
 7 FCPATH/index.php(67): CodeIgniter\CodeIgniter->run()
CRITICAL - 2022-09-28 10:46:01 --> Invalid file: pages/assets.php
in SYSTEMPATH/Exceptions/FrameworkException.php on line 33.
 1 SYSTEMPATH/View/View.php(201): CodeIgniter\Exceptions\FrameworkException::forInvalidFile()
 2 SYSTEMPATH/Common.php(1142): CodeIgniter\View\View->render()
 3 APPPATH/Controllers/Pages.php(28): view()
 4 SYSTEMPATH/CodeIgniter.php(907): App\Controllers\Pages->view()
 5 SYSTEMPATH/CodeIgniter.php(457): CodeIgniter\CodeIgniter->runController()
 6 SYSTEMPATH/CodeIgniter.php(340): CodeIgniter\CodeIgniter->handleRequest()
 7 FCPATH/index.php(67): CodeIgniter\CodeIgniter->run()
CRITICAL - 2022-09-28 10:46:31 --> Invalid file: pages/assets.php
in SYSTEMPATH/Exceptions/FrameworkException.php on line 33.
 1 SYSTEMPATH/View/View.php(201): CodeIgniter\Exceptions\FrameworkException::forInvalidFile()
 2 SYSTEMPATH/Common.php(1142): CodeIgniter\View\View->render()
 3 APPPATH/Controllers/Pages.php(28): view()
 4 SYSTEMPATH/CodeIgniter.php(907): App\Controllers\Pages->view()
 5 SYSTEMPATH/CodeIgniter.php(457): CodeIgniter\CodeIgniter->runController()
 6 SYSTEMPATH/CodeIgniter.php(340): CodeIgniter\CodeIgniter->handleRequest()
 7 FCPATH/index.php(67): CodeIgniter\CodeIgniter->run()
CRITICAL - 2022-09-28 10:46:31 --> Invalid file: pages/assets.php
in SYSTEMPATH/Exceptions/FrameworkException.php on line 33.
 1 SYSTEMPATH/View/View.php(201): CodeIgniter\Exceptions\FrameworkException::forInvalidFile()
 2 SYSTEMPATH/Common.php(1142): CodeIgniter\View\View->render()
 3 APPPATH/Controllers/Pages.php(28): view()
 4 SYSTEMPATH/CodeIgniter.php(907): App\Controllers\Pages->view()
 5 SYSTEMPATH/CodeIgniter.php(457): CodeIgniter\CodeIgniter->runController()
 6 SYSTEMPATH/CodeIgniter.php(340): CodeIgniter\CodeIgniter->handleRequest()
 7 FCPATH/index.php(67): CodeIgniter\CodeIgniter->run()
CRITICAL - 2022-09-28 10:46:32 --> Invalid file: pages/assets.php
in SYSTEMPATH/Exceptions/FrameworkException.php on line 33.
 1 SYSTEMPATH/View/View.php(201): CodeIgniter\Exceptions\FrameworkException::forInvalidFile()
 2 SYSTEMPATH/Common.php(1142): CodeIgniter\View\View->render()
 3 APPPATH/Controllers/Pages.php(28): view()
 4 SYSTEMPATH/CodeIgniter.php(907): App\Controllers\Pages->view()
 5 SYSTEMPATH/CodeIgniter.php(457): CodeIgniter\CodeIgniter->runController()
 6 SYSTEMPATH/CodeIgniter.php(340): CodeIgniter\CodeIgniter->handleRequest()
 7 FCPATH/index.php(67): CodeIgniter\CodeIgniter->run()
CRITICAL - 2022-09-28 10:46:51 --> Invalid file: pages/assets.php
in SYSTEMPATH/Exceptions/FrameworkException.php on line 33.
 1 SYSTEMPATH/View/View.php(201): CodeIgniter\Exceptions\FrameworkException::forInvalidFile()
 2 SYSTEMPATH/Common.php(1142): CodeIgniter\View\View->render()
 3 APPPATH/Controllers/Pages.php(28): view()
 4 SYSTEMPATH/CodeIgniter.php(907): App\Controllers\Pages->view()
 5 SYSTEMPATH/CodeIgniter.php(457): CodeIgniter\CodeIgniter->runController()
 6 SYSTEMPATH/CodeIgniter.php(340): CodeIgniter\CodeIgniter->handleRequest()
 7 FCPATH/index.php(67): CodeIgniter\CodeIgniter->run()
CRITICAL - 2022-09-28 10:46:52 --> Invalid file: pages/assets.php
in SYSTEMPATH/Exceptions/FrameworkException.php on line 33.
 1 SYSTEMPATH/View/View.php(201): CodeIgniter\Exceptions\FrameworkException::forInvalidFile()
 2 SYSTEMPATH/Common.php(1142): CodeIgniter\View\View->render()
 3 APPPATH/Controllers/Pages.php(28): view()
 4 SYSTEMPATH/CodeIgniter.php(907): App\Controllers\Pages->view()
 5 SYSTEMPATH/CodeIgniter.php(457): CodeIgniter\CodeIgniter->runController()
 6 SYSTEMPATH/CodeIgniter.php(340): CodeIgniter\CodeIgniter->handleRequest()
 7 FCPATH/index.php(67): CodeIgniter\CodeIgniter->run()
CRITICAL - 2022-09-28 10:46:53 --> Invalid file: pages/assets.php
in SYSTEMPATH/Exceptions/FrameworkException.php on line 33.
 1 SYSTEMPATH/View/View.php(201): CodeIgniter\Exceptions\FrameworkException::forInvalidFile()
 2 SYSTEMPATH/Common.php(1142): CodeIgniter\View\View->render()
 3 APPPATH/Controllers/Pages.php(28): view()
 4 SYSTEMPATH/CodeIgniter.php(907): App\Controllers\Pages->view()
 5 SYSTEMPATH/CodeIgniter.php(457): CodeIgniter\CodeIgniter->runController()
 6 SYSTEMPATH/CodeIgniter.php(340): CodeIgniter\CodeIgniter->handleRequest()
 7 FCPATH/index.php(67): CodeIgniter\CodeIgniter->run()
CRITICAL - 2022-09-28 10:50:37 --> Invalid file: pages/assets.php
in SYSTEMPATH/Exceptions/FrameworkException.php on line 33.
 1 SYSTEMPATH/View/View.php(201): CodeIgniter\Exceptions\FrameworkException::forInvalidFile()
 2 SYSTEMPATH/Common.php(1142): CodeIgniter\View\View->render()
 3 APPPATH/Controllers/Pages.php(28): view()
 4 SYSTEMPATH/CodeIgniter.php(907): App\Controllers\Pages->view()
 5 SYSTEMPATH/CodeIgniter.php(457): CodeIgniter\CodeIgniter->runController()
 6 SYSTEMPATH/CodeIgniter.php(340): CodeIgniter\CodeIgniter->handleRequest()
 7 FCPATH/index.php(67): CodeIgniter\CodeIgniter->run()
CRITICAL - 2022-09-28 10:50:38 --> Invalid file: pages/assets.php
in SYSTEMPATH/Exceptions/FrameworkException.php on line 33.
 1 SYSTEMPATH/View/View.php(201): CodeIgniter\Exceptions\FrameworkException::forInvalidFile()
 2 SYSTEMPATH/Common.php(1142): CodeIgniter\View\View->render()
 3 APPPATH/Controllers/Pages.php(28): view()
 4 SYSTEMPATH/CodeIgniter.php(907): App\Controllers\Pages->view()
 5 SYSTEMPATH/CodeIgniter.php(457): CodeIgniter\CodeIgniter->runController()
 6 SYSTEMPATH/CodeIgniter.php(340): CodeIgniter\CodeIgniter->handleRequest()
 7 FCPATH/index.php(67): CodeIgniter\CodeIgniter->run()
CRITICAL - 2022-09-28 10:50:39 --> Invalid file: pages/assets.php
in SYSTEMPATH/Exceptions/FrameworkException.php on line 33.
 1 SYSTEMPATH/View/View.php(201): CodeIgniter\Exceptions\FrameworkException::forInvalidFile()
 2 SYSTEMPATH/Common.php(1142): CodeIgniter\View\View->render()
 3 APPPATH/Controllers/Pages.php(28): view()
 4 SYSTEMPATH/CodeIgniter.php(907): App\Controllers\Pages->view()
 5 SYSTEMPATH/CodeIgniter.php(457): CodeIgniter\CodeIgniter->runController()
 6 SYSTEMPATH/CodeIgniter.php(340): CodeIgniter\CodeIgniter->handleRequest()
 7 FCPATH/index.php(67): CodeIgniter\CodeIgniter->run()
CRITICAL - 2022-09-28 10:51:20 --> Invalid file: pages/assets.php
in SYSTEMPATH/Exceptions/FrameworkException.php on line 33.
 1 SYSTEMPATH/View/View.php(201): CodeIgniter\Exceptions\FrameworkException::forInvalidFile()
 2 SYSTEMPATH/Common.php(1142): CodeIgniter\View\View->render()
 3 APPPATH/Controllers/Pages.php(28): view()
 4 SYSTEMPATH/CodeIgniter.php(907): App\Controllers\Pages->view()
 5 SYSTEMPATH/CodeIgniter.php(457): CodeIgniter\CodeIgniter->runController()
 6 SYSTEMPATH/CodeIgniter.php(340): CodeIgniter\CodeIgniter->handleRequest()
 7 FCPATH/index.php(67): CodeIgniter\CodeIgniter->run()
CRITICAL - 2022-09-28 10:51:21 --> Invalid file: pages/assets.php
in SYSTEMPATH/Exceptions/FrameworkException.php on line 33.
 1 SYSTEMPATH/View/View.php(201): CodeIgniter\Exceptions\FrameworkException::forInvalidFile()
 2 SYSTEMPATH/Common.php(1142): CodeIgniter\View\View->render()
 3 APPPATH/Controllers/Pages.php(28): view()
 4 SYSTEMPATH/CodeIgniter.php(907): App\Controllers\Pages->view()
 5 SYSTEMPATH/CodeIgniter.php(457): CodeIgniter\CodeIgniter->runController()
 6 SYSTEMPATH/CodeIgniter.php(340): CodeIgniter\CodeIgniter->handleRequest()
 7 FCPATH/index.php(67): CodeIgniter\CodeIgniter->run()
CRITICAL - 2022-09-28 10:51:22 --> Invalid file: pages/assets.php
in SYSTEMPATH/Exceptions/FrameworkException.php on line 33.
 1 SYSTEMPATH/View/View.php(201): CodeIgniter\Exceptions\FrameworkException::forInvalidFile()
 2 SYSTEMPATH/Common.php(1142): CodeIgniter\View\View->render()
 3 APPPATH/Controllers/Pages.php(28): view()
 4 SYSTEMPATH/CodeIgniter.php(907): App\Controllers\Pages->view()
 5 SYSTEMPATH/CodeIgniter.php(457): CodeIgniter\CodeIgniter->runController()
 6 SYSTEMPATH/CodeIgniter.php(340): CodeIgniter\CodeIgniter->handleRequest()
 7 FCPATH/index.php(67): CodeIgniter\CodeIgniter->run()
CRITICAL - 2022-09-28 10:51:56 --> Invalid file: pages/__service-worker.js
in SYSTEMPATH/Exceptions/FrameworkException.php on line 33.
 1 SYSTEMPATH/View/View.php(201): CodeIgniter\Exceptions\FrameworkException::forInvalidFile()
 2 SYSTEMPATH/Common.php(1142): CodeIgniter\View\View->render()
 3 APPPATH/Controllers/Pages.php(28): view()
 4 SYSTEMPATH/CodeIgniter.php(907): App\Controllers\Pages->view()
 5 SYSTEMPATH/CodeIgniter.php(457): CodeIgniter\CodeIgniter->runController()
 6 SYSTEMPATH/CodeIgniter.php(340): CodeIgniter\CodeIgniter->handleRequest()
 7 FCPATH/index.php(67): CodeIgniter\CodeIgniter->run()
CRITICAL - 2022-09-28 10:51:57 --> Invalid file: pages/assets.php
in SYSTEMPATH/Exceptions/FrameworkException.php on line 33.
 1 SYSTEMPATH/View/View.php(201): CodeIgniter\Exceptions\FrameworkException::forInvalidFile()
 2 SYSTEMPATH/Common.php(1142): CodeIgniter\View\View->render()
 3 APPPATH/Controllers/Pages.php(28): view()
 4 SYSTEMPATH/CodeIgniter.php(907): App\Controllers\Pages->view()
 5 SYSTEMPATH/CodeIgniter.php(457): CodeIgniter\CodeIgniter->runController()
 6 SYSTEMPATH/CodeIgniter.php(340): CodeIgniter\CodeIgniter->handleRequest()
 7 FCPATH/index.php(67): CodeIgniter\CodeIgniter->run()
CRITICAL - 2022-09-28 10:51:57 --> Invalid file: pages/assets.php
in SYSTEMPATH/Exceptions/FrameworkException.php on line 33.
 1 SYSTEMPATH/View/View.php(201): CodeIgniter\Exceptions\FrameworkException::forInvalidFile()
 2 SYSTEMPATH/Common.php(1142): CodeIgniter\View\View->render()
 3 APPPATH/Controllers/Pages.php(28): view()
 4 SYSTEMPATH/CodeIgniter.php(907): App\Controllers\Pages->view()
 5 SYSTEMPATH/CodeIgniter.php(457): CodeIgniter\CodeIgniter->runController()
 6 SYSTEMPATH/CodeIgniter.php(340): CodeIgniter\CodeIgniter->handleRequest()
 7 FCPATH/index.php(67): CodeIgniter\CodeIgniter->run()
CRITICAL - 2022-09-28 10:51:58 --> Invalid file: pages/assets.php
in SYSTEMPATH/Exceptions/FrameworkException.php on line 33.
 1 SYSTEMPATH/View/View.php(201): CodeIgniter\Exceptions\FrameworkException::forInvalidFile()
 2 SYSTEMPATH/Common.php(1142): CodeIgniter\View\View->render()
 3 APPPATH/Controllers/Pages.php(28): view()
 4 SYSTEMPATH/CodeIgniter.php(907): App\Controllers\Pages->view()
 5 SYSTEMPATH/CodeIgniter.php(457): CodeIgniter\CodeIgniter->runController()
 6 SYSTEMPATH/CodeIgniter.php(340): CodeIgniter\CodeIgniter->handleRequest()
 7 FCPATH/index.php(67): CodeIgniter\CodeIgniter->run()
CRITICAL - 2022-09-28 10:51:58 --> Invalid file: pages/assets.php
in SYSTEMPATH/Exceptions/FrameworkException.php on line 33.
 1 SYSTEMPATH/View/View.php(201): CodeIgniter\Exceptions\FrameworkException::forInvalidFile()
 2 SYSTEMPATH/Common.php(1142): CodeIgniter\View\View->render()
 3 APPPATH/Controllers/Pages.php(28): view()
 4 SYSTEMPATH/CodeIgniter.php(907): App\Controllers\Pages->view()
 5 SYSTEMPATH/CodeIgniter.php(457): CodeIgniter\CodeIgniter->runController()
 6 SYSTEMPATH/CodeIgniter.php(340): CodeIgniter\CodeIgniter->handleRequest()
 7 FCPATH/index.php(67): CodeIgniter\CodeIgniter->run()
CRITICAL - 2022-09-28 10:51:59 --> Invalid file: pages/assets.php
in SYSTEMPATH/Exceptions/FrameworkException.php on line 33.
 1 SYSTEMPATH/View/View.php(201): CodeIgniter\Exceptions\FrameworkException::forInvalidFile()
 2 SYSTEMPATH/Common.php(1142): CodeIgniter\View\View->render()
 3 APPPATH/Controllers/Pages.php(28): view()
 4 SYSTEMPATH/CodeIgniter.php(907): App\Controllers\Pages->view()
 5 SYSTEMPATH/CodeIgniter.php(457): CodeIgniter\CodeIgniter->runController()
 6 SYSTEMPATH/CodeIgniter.php(340): CodeIgniter\CodeIgniter->handleRequest()
 7 FCPATH/index.php(67): CodeIgniter\CodeIgniter->run()
CRITICAL - 2022-09-28 10:51:59 --> Invalid file: pages/assets.php
in SYSTEMPATH/Exceptions/FrameworkException.php on line 33.
 1 SYSTEMPATH/View/View.php(201): CodeIgniter\Exceptions\FrameworkException::forInvalidFile()
 2 SYSTEMPATH/Common.php(1142): CodeIgniter\View\View->render()
 3 APPPATH/Controllers/Pages.php(28): view()
 4 SYSTEMPATH/CodeIgniter.php(907): App\Controllers\Pages->view()
 5 SYSTEMPATH/CodeIgniter.php(457): CodeIgniter\CodeIgniter->runController()
 6 SYSTEMPATH/CodeIgniter.php(340): CodeIgniter\CodeIgniter->handleRequest()
 7 FCPATH/index.php(67): CodeIgniter\CodeIgniter->run()
CRITICAL - 2022-09-28 10:52:16 --> Invalid file: pages/assets.php
in SYSTEMPATH/Exceptions/FrameworkException.php on line 33.
 1 SYSTEMPATH/View/View.php(201): CodeIgniter\Exceptions\FrameworkException::forInvalidFile()
 2 SYSTEMPATH/Common.php(1142): CodeIgniter\View\View->render()
 3 APPPATH/Controllers/Pages.php(28): view()
 4 SYSTEMPATH/CodeIgniter.php(907): App\Controllers\Pages->view()
 5 SYSTEMPATH/CodeIgniter.php(457): CodeIgniter\CodeIgniter->runController()
 6 SYSTEMPATH/CodeIgniter.php(340): CodeIgniter\CodeIgniter->handleRequest()
 7 FCPATH/index.php(67): CodeIgniter\CodeIgniter->run()
CRITICAL - 2022-09-28 10:52:17 --> Invalid file: pages/assets.php
in SYSTEMPATH/Exceptions/FrameworkException.php on line 33.
 1 SYSTEMPATH/View/View.php(201): CodeIgniter\Exceptions\FrameworkException::forInvalidFile()
 2 SYSTEMPATH/Common.php(1142): CodeIgniter\View\View->render()
 3 APPPATH/Controllers/Pages.php(28): view()
 4 SYSTEMPATH/CodeIgniter.php(907): App\Controllers\Pages->view()
 5 SYSTEMPATH/CodeIgniter.php(457): CodeIgniter\CodeIgniter->runController()
 6 SYSTEMPATH/CodeIgniter.php(340): CodeIgniter\CodeIgniter->handleRequest()
 7 FCPATH/index.php(67): CodeIgniter\CodeIgniter->run()
CRITICAL - 2022-09-28 10:52:17 --> Invalid file: pages/assets.php
in SYSTEMPATH/Exceptions/FrameworkException.php on line 33.
 1 SYSTEMPATH/View/View.php(201): CodeIgniter\Exceptions\FrameworkException::forInvalidFile()
 2 SYSTEMPATH/Common.php(1142): CodeIgniter\View\View->render()
 3 APPPATH/Controllers/Pages.php(28): view()
 4 SYSTEMPATH/CodeIgniter.php(907): App\Controllers\Pages->view()
 5 SYSTEMPATH/CodeIgniter.php(457): CodeIgniter\CodeIgniter->runController()
 6 SYSTEMPATH/CodeIgniter.php(340): CodeIgniter\CodeIgniter->handleRequest()
 7 FCPATH/index.php(67): CodeIgniter\CodeIgniter->run()
CRITICAL - 2022-09-28 10:52:23 --> Invalid file: pages/assets.php
in SYSTEMPATH/Exceptions/FrameworkException.php on line 33.
 1 SYSTEMPATH/View/View.php(201): CodeIgniter\Exceptions\FrameworkException::forInvalidFile()
 2 SYSTEMPATH/Common.php(1142): CodeIgniter\View\View->render()
 3 APPPATH/Controllers/Pages.php(28): view()
 4 SYSTEMPATH/CodeIgniter.php(907): App\Controllers\Pages->view()
 5 SYSTEMPATH/CodeIgniter.php(457): CodeIgniter\CodeIgniter->runController()
 6 SYSTEMPATH/CodeIgniter.php(340): CodeIgniter\CodeIgniter->handleRequest()
 7 FCPATH/index.php(67): CodeIgniter\CodeIgniter->run()
CRITICAL - 2022-09-28 10:52:24 --> Invalid file: pages/__service-worker.js
in SYSTEMPATH/Exceptions/FrameworkException.php on line 33.
 1 SYSTEMPATH/View/View.php(201): CodeIgniter\Exceptions\FrameworkException::forInvalidFile()
 2 SYSTEMPATH/Common.php(1142): CodeIgniter\View\View->render()
 3 APPPATH/Controllers/Pages.php(28): view()
 4 SYSTEMPATH/CodeIgniter.php(907): App\Controllers\Pages->view()
 5 SYSTEMPATH/CodeIgniter.php(457): CodeIgniter\CodeIgniter->runController()
 6 SYSTEMPATH/CodeIgniter.php(340): CodeIgniter\CodeIgniter->handleRequest()
 7 FCPATH/index.php(67): CodeIgniter\CodeIgniter->run()
CRITICAL - 2022-09-28 10:52:24 --> Invalid file: pages/assets.php
in SYSTEMPATH/Exceptions/FrameworkException.php on line 33.
 1 SYSTEMPATH/View/View.php(201): CodeIgniter\Exceptions\FrameworkException::forInvalidFile()
 2 SYSTEMPATH/Common.php(1142): CodeIgniter\View\View->render()
 3 APPPATH/Controllers/Pages.php(28): view()
 4 SYSTEMPATH/CodeIgniter.php(907): App\Controllers\Pages->view()
 5 SYSTEMPATH/CodeIgniter.php(457): CodeIgniter\CodeIgniter->runController()
 6 SYSTEMPATH/CodeIgniter.php(340): CodeIgniter\CodeIgniter->handleRequest()
 7 FCPATH/index.php(67): CodeIgniter\CodeIgniter->run()
CRITICAL - 2022-09-28 10:52:24 --> Invalid file: pages/assets.php
in SYSTEMPATH/Exceptions/FrameworkException.php on line 33.
 1 SYSTEMPATH/View/View.php(201): CodeIgniter\Exceptions\FrameworkException::forInvalidFile()
 2 SYSTEMPATH/Common.php(1142): CodeIgniter\View\View->render()
 3 APPPATH/Controllers/Pages.php(28): view()
 4 SYSTEMPATH/CodeIgniter.php(907): App\Controllers\Pages->view()
 5 SYSTEMPATH/CodeIgniter.php(457): CodeIgniter\CodeIgniter->runController()
 6 SYSTEMPATH/CodeIgniter.php(340): CodeIgniter\CodeIgniter->handleRequest()
 7 FCPATH/index.php(67): CodeIgniter\CodeIgniter->run()
CRITICAL - 2022-09-28 10:52:24 --> Invalid file: pages/assets.php
in SYSTEMPATH/Exceptions/FrameworkException.php on line 33.
 1 SYSTEMPATH/View/View.php(201): CodeIgniter\Exceptions\FrameworkException::forInvalidFile()
 2 SYSTEMPATH/Common.php(1142): CodeIgniter\View\View->render()
 3 APPPATH/Controllers/Pages.php(28): view()
 4 SYSTEMPATH/CodeIgniter.php(907): App\Controllers\Pages->view()
 5 SYSTEMPATH/CodeIgniter.php(457): CodeIgniter\CodeIgniter->runController()
 6 SYSTEMPATH/CodeIgniter.php(340): CodeIgniter\CodeIgniter->handleRequest()
 7 FCPATH/index.php(67): CodeIgniter\CodeIgniter->run()
CRITICAL - 2022-09-28 10:52:25 --> Invalid file: pages/assets.php
in SYSTEMPATH/Exceptions/FrameworkException.php on line 33.
 1 SYSTEMPATH/View/View.php(201): CodeIgniter\Exceptions\FrameworkException::forInvalidFile()
 2 SYSTEMPATH/Common.php(1142): CodeIgniter\View\View->render()
 3 APPPATH/Controllers/Pages.php(28): view()
 4 SYSTEMPATH/CodeIgniter.php(907): App\Controllers\Pages->view()
 5 SYSTEMPATH/CodeIgniter.php(457): CodeIgniter\CodeIgniter->runController()
 6 SYSTEMPATH/CodeIgniter.php(340): CodeIgniter\CodeIgniter->handleRequest()
 7 FCPATH/index.php(67): CodeIgniter\CodeIgniter->run()
CRITICAL - 2022-09-28 10:52:25 --> Invalid file: pages/assets.php
in SYSTEMPATH/Exceptions/FrameworkException.php on line 33.
 1 SYSTEMPATH/View/View.php(201): CodeIgniter\Exceptions\FrameworkException::forInvalidFile()
 2 SYSTEMPATH/Common.php(1142): CodeIgniter\View\View->render()
 3 APPPATH/Controllers/Pages.php(28): view()
 4 SYSTEMPATH/CodeIgniter.php(907): App\Controllers\Pages->view()
 5 SYSTEMPATH/CodeIgniter.php(457): CodeIgniter\CodeIgniter->runController()
 6 SYSTEMPATH/CodeIgniter.php(340): CodeIgniter\CodeIgniter->handleRequest()
 7 FCPATH/index.php(67): CodeIgniter\CodeIgniter->run()
CRITICAL - 2022-09-28 11:01:01 --> Invalid file: pages/__service-worker.js
in SYSTEMPATH/Exceptions/FrameworkException.php on line 33.
 1 SYSTEMPATH/View/View.php(201): CodeIgniter\Exceptions\FrameworkException::forInvalidFile()
 2 SYSTEMPATH/Common.php(1142): CodeIgniter\View\View->render()
 3 APPPATH/Controllers/Pages.php(28): view()
 4 SYSTEMPATH/CodeIgniter.php(907): App\Controllers\Pages->view()
 5 SYSTEMPATH/CodeIgniter.php(457): CodeIgniter\CodeIgniter->runController()
 6 SYSTEMPATH/CodeIgniter.php(340): CodeIgniter\CodeIgniter->handleRequest()
 7 FCPATH/index.php(67): CodeIgniter\CodeIgniter->run()
CRITICAL - 2022-09-28 11:01:01 --> Invalid file: pages/assets.php
in SYSTEMPATH/Exceptions/FrameworkException.php on line 33.
 1 SYSTEMPATH/View/View.php(201): CodeIgniter\Exceptions\FrameworkException::forInvalidFile()
 2 SYSTEMPATH/Common.php(1142): CodeIgniter\View\View->render()
 3 APPPATH/Controllers/Pages.php(28): view()
 4 SYSTEMPATH/CodeIgniter.php(907): App\Controllers\Pages->view()
 5 SYSTEMPATH/CodeIgniter.php(457): CodeIgniter\CodeIgniter->runController()
 6 SYSTEMPATH/CodeIgniter.php(340): CodeIgniter\CodeIgniter->handleRequest()
 7 FCPATH/index.php(67): CodeIgniter\CodeIgniter->run()
CRITICAL - 2022-09-28 11:01:01 --> Invalid file: pages/assets.php
in SYSTEMPATH/Exceptions/FrameworkException.php on line 33.
 1 SYSTEMPATH/View/View.php(201): CodeIgniter\Exceptions\FrameworkException::forInvalidFile()
 2 SYSTEMPATH/Common.php(1142): CodeIgniter\View\View->render()
 3 APPPATH/Controllers/Pages.php(28): view()
 4 SYSTEMPATH/CodeIgniter.php(907): App\Controllers\Pages->view()
 5 SYSTEMPATH/CodeIgniter.php(457): CodeIgniter\CodeIgniter->runController()
 6 SYSTEMPATH/CodeIgniter.php(340): CodeIgniter\CodeIgniter->handleRequest()
 7 FCPATH/index.php(67): CodeIgniter\CodeIgniter->run()
CRITICAL - 2022-09-28 11:01:02 --> Invalid file: pages/assets.php
in SYSTEMPATH/Exceptions/FrameworkException.php on line 33.
 1 SYSTEMPATH/View/View.php(201): CodeIgniter\Exceptions\FrameworkException::forInvalidFile()
 2 SYSTEMPATH/Common.php(1142): CodeIgniter\View\View->render()
 3 APPPATH/Controllers/Pages.php(28): view()
 4 SYSTEMPATH/CodeIgniter.php(907): App\Controllers\Pages->view()
 5 SYSTEMPATH/CodeIgniter.php(457): CodeIgniter\CodeIgniter->runController()
 6 SYSTEMPATH/CodeIgniter.php(340): CodeIgniter\CodeIgniter->handleRequest()
 7 FCPATH/index.php(67): CodeIgniter\CodeIgniter->run()
CRITICAL - 2022-09-28 11:01:02 --> Invalid file: pages/assets.php
in SYSTEMPATH/Exceptions/FrameworkException.php on line 33.
 1 SYSTEMPATH/View/View.php(201): CodeIgniter\Exceptions\FrameworkException::forInvalidFile()
 2 SYSTEMPATH/Common.php(1142): CodeIgniter\View\View->render()
 3 APPPATH/Controllers/Pages.php(28): view()
 4 SYSTEMPATH/CodeIgniter.php(907): App\Controllers\Pages->view()
 5 SYSTEMPATH/CodeIgniter.php(457): CodeIgniter\CodeIgniter->runController()
 6 SYSTEMPATH/CodeIgniter.php(340): CodeIgniter\CodeIgniter->handleRequest()
 7 FCPATH/index.php(67): CodeIgniter\CodeIgniter->run()
CRITICAL - 2022-09-28 11:01:02 --> Invalid file: pages/assets.php
in SYSTEMPATH/Exceptions/FrameworkException.php on line 33.
 1 SYSTEMPATH/View/View.php(201): CodeIgniter\Exceptions\FrameworkException::forInvalidFile()
 2 SYSTEMPATH/Common.php(1142): CodeIgniter\View\View->render()
 3 APPPATH/Controllers/Pages.php(28): view()
 4 SYSTEMPATH/CodeIgniter.php(907): App\Controllers\Pages->view()
 5 SYSTEMPATH/CodeIgniter.php(457): CodeIgniter\CodeIgniter->runController()
 6 SYSTEMPATH/CodeIgniter.php(340): CodeIgniter\CodeIgniter->handleRequest()
 7 FCPATH/index.php(67): CodeIgniter\CodeIgniter->run()
CRITICAL - 2022-09-28 11:01:02 --> Invalid file: pages/assets.php
in SYSTEMPATH/Exceptions/FrameworkException.php on line 33.
 1 SYSTEMPATH/View/View.php(201): CodeIgniter\Exceptions\FrameworkException::forInvalidFile()
 2 SYSTEMPATH/Common.php(1142): CodeIgniter\View\View->render()
 3 APPPATH/Controllers/Pages.php(28): view()
 4 SYSTEMPATH/CodeIgniter.php(907): App\Controllers\Pages->view()
 5 SYSTEMPATH/CodeIgniter.php(457): CodeIgniter\CodeIgniter->runController()
 6 SYSTEMPATH/CodeIgniter.php(340): CodeIgniter\CodeIgniter->handleRequest()
 7 FCPATH/index.php(67): CodeIgniter\CodeIgniter->run()
CRITICAL - 2022-09-28 11:01:03 --> Invalid file: pages/assets.php
in SYSTEMPATH/Exceptions/FrameworkException.php on line 33.
 1 SYSTEMPATH/View/View.php(201): CodeIgniter\Exceptions\FrameworkException::forInvalidFile()
 2 SYSTEMPATH/Common.php(1142): CodeIgniter\View\View->render()
 3 APPPATH/Controllers/Pages.php(28): view()
 4 SYSTEMPATH/CodeIgniter.php(907): App\Controllers\Pages->view()
 5 SYSTEMPATH/CodeIgniter.php(457): CodeIgniter\CodeIgniter->runController()
 6 SYSTEMPATH/CodeIgniter.php(340): CodeIgniter\CodeIgniter->handleRequest()
 7 FCPATH/index.php(67): CodeIgniter\CodeIgniter->run()
CRITICAL - 2022-09-28 11:01:03 --> Invalid file: pages/assets.php
in SYSTEMPATH/Exceptions/FrameworkException.php on line 33.
 1 SYSTEMPATH/View/View.php(201): CodeIgniter\Exceptions\FrameworkException::forInvalidFile()
 2 SYSTEMPATH/Common.php(1142): CodeIgniter\View\View->render()
 3 APPPATH/Controllers/Pages.php(28): view()
 4 SYSTEMPATH/CodeIgniter.php(907): App\Controllers\Pages->view()
 5 SYSTEMPATH/CodeIgniter.php(457): CodeIgniter\CodeIgniter->runController()
 6 SYSTEMPATH/CodeIgniter.php(340): CodeIgniter\CodeIgniter->handleRequest()
 7 FCPATH/index.php(67): CodeIgniter\CodeIgniter->run()
CRITICAL - 2022-09-28 11:04:33 --> Invalid file: pages/assets.php
in SYSTEMPATH/Exceptions/FrameworkException.php on line 33.
 1 SYSTEMPATH/View/View.php(201): CodeIgniter\Exceptions\FrameworkException::forInvalidFile()
 2 SYSTEMPATH/Common.php(1142): CodeIgniter\View\View->render()
 3 APPPATH/Controllers/Pages.php(28): view()
 4 SYSTEMPATH/CodeIgniter.php(907): App\Controllers\Pages->view()
 5 SYSTEMPATH/CodeIgniter.php(457): CodeIgniter\CodeIgniter->runController()
 6 SYSTEMPATH/CodeIgniter.php(340): CodeIgniter\CodeIgniter->handleRequest()
 7 FCPATH/index.php(67): CodeIgniter\CodeIgniter->run()
CRITICAL - 2022-09-28 11:04:33 --> Invalid file: pages/assets.php
in SYSTEMPATH/Exceptions/FrameworkException.php on line 33.
 1 SYSTEMPATH/View/View.php(201): CodeIgniter\Exceptions\FrameworkException::forInvalidFile()
 2 SYSTEMPATH/Common.php(1142): CodeIgniter\View\View->render()
 3 APPPATH/Controllers/Pages.php(28): view()
 4 SYSTEMPATH/CodeIgniter.php(907): App\Controllers\Pages->view()
 5 SYSTEMPATH/CodeIgniter.php(457): CodeIgniter\CodeIgniter->runController()
 6 SYSTEMPATH/CodeIgniter.php(340): CodeIgniter\CodeIgniter->handleRequest()
 7 FCPATH/index.php(67): CodeIgniter\CodeIgniter->run()
CRITICAL - 2022-09-28 11:04:34 --> Invalid file: pages/assets.php
in SYSTEMPATH/Exceptions/FrameworkException.php on line 33.
 1 SYSTEMPATH/View/View.php(201): CodeIgniter\Exceptions\FrameworkException::forInvalidFile()
 2 SYSTEMPATH/Common.php(1142): CodeIgniter\View\View->render()
 3 APPPATH/Controllers/Pages.php(28): view()
 4 SYSTEMPATH/CodeIgniter.php(907): App\Controllers\Pages->view()
 5 SYSTEMPATH/CodeIgniter.php(457): CodeIgniter\CodeIgniter->runController()
 6 SYSTEMPATH/CodeIgniter.php(340): CodeIgniter\CodeIgniter->handleRequest()
 7 FCPATH/index.php(67): CodeIgniter\CodeIgniter->run()
CRITICAL - 2022-09-28 11:04:47 --> Invalid file: pages/assets.php
in SYSTEMPATH/Exceptions/FrameworkException.php on line 33.
 1 SYSTEMPATH/View/View.php(201): CodeIgniter\Exceptions\FrameworkException::forInvalidFile()
 2 SYSTEMPATH/Common.php(1142): CodeIgniter\View\View->render()
 3 APPPATH/Controllers/Pages.php(28): view()
 4 SYSTEMPATH/CodeIgniter.php(907): App\Controllers\Pages->view()
 5 SYSTEMPATH/CodeIgniter.php(457): CodeIgniter\CodeIgniter->runController()
 6 SYSTEMPATH/CodeIgniter.php(340): CodeIgniter\CodeIgniter->handleRequest()
 7 FCPATH/index.php(67): CodeIgniter\CodeIgniter->run()
CRITICAL - 2022-09-28 11:04:48 --> Invalid file: pages/assets.php
in SYSTEMPATH/Exceptions/FrameworkException.php on line 33.
 1 SYSTEMPATH/View/View.php(201): CodeIgniter\Exceptions\FrameworkException::forInvalidFile()
 2 SYSTEMPATH/Common.php(1142): CodeIgniter\View\View->render()
 3 APPPATH/Controllers/Pages.php(28): view()
 4 SYSTEMPATH/CodeIgniter.php(907): App\Controllers\Pages->view()
 5 SYSTEMPATH/CodeIgniter.php(457): CodeIgniter\CodeIgniter->runController()
 6 SYSTEMPATH/CodeIgniter.php(340): CodeIgniter\CodeIgniter->handleRequest()
 7 FCPATH/index.php(67): CodeIgniter\CodeIgniter->run()
CRITICAL - 2022-09-28 11:04:48 --> Invalid file: pages/assets.php
in SYSTEMPATH/Exceptions/FrameworkException.php on line 33.
 1 SYSTEMPATH/View/View.php(201): CodeIgniter\Exceptions\FrameworkException::forInvalidFile()
 2 SYSTEMPATH/Common.php(1142): CodeIgniter\View\View->render()
 3 APPPATH/Controllers/Pages.php(28): view()
 4 SYSTEMPATH/CodeIgniter.php(907): App\Controllers\Pages->view()
 5 SYSTEMPATH/CodeIgniter.php(457): CodeIgniter\CodeIgniter->runController()
 6 SYSTEMPATH/CodeIgniter.php(340): CodeIgniter\CodeIgniter->handleRequest()
 7 FCPATH/index.php(67): CodeIgniter\CodeIgniter->run()
CRITICAL - 2022-09-28 11:04:48 --> Invalid file: pages/assets.php
in SYSTEMPATH/Exceptions/FrameworkException.php on line 33.
 1 SYSTEMPATH/View/View.php(201): CodeIgniter\Exceptions\FrameworkException::forInvalidFile()
 2 SYSTEMPATH/Common.php(1142): CodeIgniter\View\View->render()
 3 APPPATH/Controllers/Pages.php(28): view()
 4 SYSTEMPATH/CodeIgniter.php(907): App\Controllers\Pages->view()
 5 SYSTEMPATH/CodeIgniter.php(457): CodeIgniter\CodeIgniter->runController()
 6 SYSTEMPATH/CodeIgniter.php(340): CodeIgniter\CodeIgniter->handleRequest()
 7 FCPATH/index.php(67): CodeIgniter\CodeIgniter->run()
CRITICAL - 2022-09-28 11:04:48 --> Invalid file: pages/__service-worker.js
in SYSTEMPATH/Exceptions/FrameworkException.php on line 33.
 1 SYSTEMPATH/View/View.php(201): CodeIgniter\Exceptions\FrameworkException::forInvalidFile()
 2 SYSTEMPATH/Common.php(1142): CodeIgniter\View\View->render()
 3 APPPATH/Controllers/Pages.php(28): view()
 4 SYSTEMPATH/CodeIgniter.php(907): App\Controllers\Pages->view()
 5 SYSTEMPATH/CodeIgniter.php(457): CodeIgniter\CodeIgniter->runController()
 6 SYSTEMPATH/CodeIgniter.php(340): CodeIgniter\CodeIgniter->handleRequest()
 7 FCPATH/index.php(67): CodeIgniter\CodeIgniter->run()
CRITICAL - 2022-09-28 11:04:48 --> Invalid file: pages/assets.php
in SYSTEMPATH/Exceptions/FrameworkException.php on line 33.
 1 SYSTEMPATH/View/View.php(201): CodeIgniter\Exceptions\FrameworkException::forInvalidFile()
 2 SYSTEMPATH/Common.php(1142): CodeIgniter\View\View->render()
 3 APPPATH/Controllers/Pages.php(28): view()
 4 SYSTEMPATH/CodeIgniter.php(907): App\Controllers\Pages->view()
 5 SYSTEMPATH/CodeIgniter.php(457): CodeIgniter\CodeIgniter->runController()
 6 SYSTEMPATH/CodeIgniter.php(340): CodeIgniter\CodeIgniter->handleRequest()
 7 FCPATH/index.php(67): CodeIgniter\CodeIgniter->run()
CRITICAL - 2022-09-28 11:04:49 --> Invalid file: pages/assets.php
in SYSTEMPATH/Exceptions/FrameworkException.php on line 33.
 1 SYSTEMPATH/View/View.php(201): CodeIgniter\Exceptions\FrameworkException::forInvalidFile()
 2 SYSTEMPATH/Common.php(1142): CodeIgniter\View\View->render()
 3 APPPATH/Controllers/Pages.php(28): view()
 4 SYSTEMPATH/CodeIgniter.php(907): App\Controllers\Pages->view()
 5 SYSTEMPATH/CodeIgniter.php(457): CodeIgniter\CodeIgniter->runController()
 6 SYSTEMPATH/CodeIgniter.php(340): CodeIgniter\CodeIgniter->handleRequest()
 7 FCPATH/index.php(67): CodeIgniter\CodeIgniter->run()
CRITICAL - 2022-09-28 11:05:05 --> Invalid file: pages/assets.php
in SYSTEMPATH/Exceptions/FrameworkException.php on line 33.
 1 SYSTEMPATH/View/View.php(201): CodeIgniter\Exceptions\FrameworkException::forInvalidFile()
 2 SYSTEMPATH/Common.php(1142): CodeIgniter\View\View->render()
 3 APPPATH/Controllers/Pages.php(28): view()
 4 SYSTEMPATH/CodeIgniter.php(907): App\Controllers\Pages->view()
 5 SYSTEMPATH/CodeIgniter.php(457): CodeIgniter\CodeIgniter->runController()
 6 SYSTEMPATH/CodeIgniter.php(340): CodeIgniter\CodeIgniter->handleRequest()
 7 FCPATH/index.php(67): CodeIgniter\CodeIgniter->run()
CRITICAL - 2022-09-28 11:05:06 --> Invalid file: pages/assets.php
in SYSTEMPATH/Exceptions/FrameworkException.php on line 33.
 1 SYSTEMPATH/View/View.php(201): CodeIgniter\Exceptions\FrameworkException::forInvalidFile()
 2 SYSTEMPATH/Common.php(1142): CodeIgniter\View\View->render()
 3 APPPATH/Controllers/Pages.php(28): view()
 4 SYSTEMPATH/CodeIgniter.php(907): App\Controllers\Pages->view()
 5 SYSTEMPATH/CodeIgniter.php(457): CodeIgniter\CodeIgniter->runController()
 6 SYSTEMPATH/CodeIgniter.php(340): CodeIgniter\CodeIgniter->handleRequest()
 7 FCPATH/index.php(67): CodeIgniter\CodeIgniter->run()
CRITICAL - 2022-09-28 11:05:06 --> Invalid file: pages/assets.php
in SYSTEMPATH/Exceptions/FrameworkException.php on line 33.
 1 SYSTEMPATH/View/View.php(201): CodeIgniter\Exceptions\FrameworkException::forInvalidFile()
 2 SYSTEMPATH/Common.php(1142): CodeIgniter\View\View->render()
 3 APPPATH/Controllers/Pages.php(28): view()
 4 SYSTEMPATH/CodeIgniter.php(907): App\Controllers\Pages->view()
 5 SYSTEMPATH/CodeIgniter.php(457): CodeIgniter\CodeIgniter->runController()
 6 SYSTEMPATH/CodeIgniter.php(340): CodeIgniter\CodeIgniter->handleRequest()
 7 FCPATH/index.php(67): CodeIgniter\CodeIgniter->run()
CRITICAL - 2022-09-28 11:05:13 --> Invalid file: pages/assets.php
in SYSTEMPATH/Exceptions/FrameworkException.php on line 33.
 1 SYSTEMPATH/View/View.php(201): CodeIgniter\Exceptions\FrameworkException::forInvalidFile()
 2 SYSTEMPATH/Common.php(1142): CodeIgniter\View\View->render()
 3 APPPATH/Controllers/Pages.php(28): view()
 4 SYSTEMPATH/CodeIgniter.php(907): App\Controllers\Pages->view()
 5 SYSTEMPATH/CodeIgniter.php(457): CodeIgniter\CodeIgniter->runController()
 6 SYSTEMPATH/CodeIgniter.php(340): CodeIgniter\CodeIgniter->handleRequest()
 7 FCPATH/index.php(67): CodeIgniter\CodeIgniter->run()
CRITICAL - 2022-09-28 11:05:13 --> Invalid file: pages/__service-worker.js
in SYSTEMPATH/Exceptions/FrameworkException.php on line 33.
 1 SYSTEMPATH/View/View.php(201): CodeIgniter\Exceptions\FrameworkException::forInvalidFile()
 2 SYSTEMPATH/Common.php(1142): CodeIgniter\View\View->render()
 3 APPPATH/Controllers/Pages.php(28): view()
 4 SYSTEMPATH/CodeIgniter.php(907): App\Controllers\Pages->view()
 5 SYSTEMPATH/CodeIgniter.php(457): CodeIgniter\CodeIgniter->runController()
 6 SYSTEMPATH/CodeIgniter.php(340): CodeIgniter\CodeIgniter->handleRequest()
 7 FCPATH/index.php(67): CodeIgniter\CodeIgniter->run()
CRITICAL - 2022-09-28 11:05:13 --> Invalid file: pages/assets.php
in SYSTEMPATH/Exceptions/FrameworkException.php on line 33.
 1 SYSTEMPATH/View/View.php(201): CodeIgniter\Exceptions\FrameworkException::forInvalidFile()
 2 SYSTEMPATH/Common.php(1142): CodeIgniter\View\View->render()
 3 APPPATH/Controllers/Pages.php(28): view()
 4 SYSTEMPATH/CodeIgniter.php(907): App\Controllers\Pages->view()
 5 SYSTEMPATH/CodeIgniter.php(457): CodeIgniter\CodeIgniter->runController()
 6 SYSTEMPATH/CodeIgniter.php(340): CodeIgniter\CodeIgniter->handleRequest()
 7 FCPATH/index.php(67): CodeIgniter\CodeIgniter->run()
CRITICAL - 2022-09-28 11:05:13 --> Invalid file: pages/assets.php
in SYSTEMPATH/Exceptions/FrameworkException.php on line 33.
 1 SYSTEMPATH/View/View.php(201): CodeIgniter\Exceptions\FrameworkException::forInvalidFile()
 2 SYSTEMPATH/Common.php(1142): CodeIgniter\View\View->render()
 3 APPPATH/Controllers/Pages.php(28): view()
 4 SYSTEMPATH/CodeIgniter.php(907): App\Controllers\Pages->view()
 5 SYSTEMPATH/CodeIgniter.php(457): CodeIgniter\CodeIgniter->runController()
 6 SYSTEMPATH/CodeIgniter.php(340): CodeIgniter\CodeIgniter->handleRequest()
 7 FCPATH/index.php(67): CodeIgniter\CodeIgniter->run()
CRITICAL - 2022-09-28 11:05:13 --> Invalid file: pages/assets.php
in SYSTEMPATH/Exceptions/FrameworkException.php on line 33.
 1 SYSTEMPATH/View/View.php(201): CodeIgniter\Exceptions\FrameworkException::forInvalidFile()
 2 SYSTEMPATH/Common.php(1142): CodeIgniter\View\View->render()
 3 APPPATH/Controllers/Pages.php(28): view()
 4 SYSTEMPATH/CodeIgniter.php(907): App\Controllers\Pages->view()
 5 SYSTEMPATH/CodeIgniter.php(457): CodeIgniter\CodeIgniter->runController()
 6 SYSTEMPATH/CodeIgniter.php(340): CodeIgniter\CodeIgniter->handleRequest()
 7 FCPATH/index.php(67): CodeIgniter\CodeIgniter->run()
CRITICAL - 2022-09-28 11:05:14 --> Invalid file: pages/assets.php
in SYSTEMPATH/Exceptions/FrameworkException.php on line 33.
 1 SYSTEMPATH/View/View.php(201): CodeIgniter\Exceptions\FrameworkException::forInvalidFile()
 2 SYSTEMPATH/Common.php(1142): CodeIgniter\View\View->render()
 3 APPPATH/Controllers/Pages.php(28): view()
 4 SYSTEMPATH/CodeIgniter.php(907): App\Controllers\Pages->view()
 5 SYSTEMPATH/CodeIgniter.php(457): CodeIgniter\CodeIgniter->runController()
 6 SYSTEMPATH/CodeIgniter.php(340): CodeIgniter\CodeIgniter->handleRequest()
 7 FCPATH/index.php(67): CodeIgniter\CodeIgniter->run()
CRITICAL - 2022-09-28 11:05:14 --> Invalid file: pages/assets.php
in SYSTEMPATH/Exceptions/FrameworkException.php on line 33.
 1 SYSTEMPATH/View/View.php(201): CodeIgniter\Exceptions\FrameworkException::forInvalidFile()
 2 SYSTEMPATH/Common.php(1142): CodeIgniter\View\View->render()
 3 APPPATH/Controllers/Pages.php(28): view()
 4 SYSTEMPATH/CodeIgniter.php(907): App\Controllers\Pages->view()
 5 SYSTEMPATH/CodeIgniter.php(457): CodeIgniter\CodeIgniter->runController()
 6 SYSTEMPATH/CodeIgniter.php(340): CodeIgniter\CodeIgniter->handleRequest()
 7 FCPATH/index.php(67): CodeIgniter\CodeIgniter->run()
CRITICAL - 2022-09-28 11:05:14 --> Invalid file: pages/assets.php
in SYSTEMPATH/Exceptions/FrameworkException.php on line 33.
 1 SYSTEMPATH/View/View.php(201): CodeIgniter\Exceptions\FrameworkException::forInvalidFile()
 2 SYSTEMPATH/Common.php(1142): CodeIgniter\View\View->render()
 3 APPPATH/Controllers/Pages.php(28): view()
 4 SYSTEMPATH/CodeIgniter.php(907): App\Controllers\Pages->view()
 5 SYSTEMPATH/CodeIgniter.php(457): CodeIgniter\CodeIgniter->runController()
 6 SYSTEMPATH/CodeIgniter.php(340): CodeIgniter\CodeIgniter->handleRequest()
 7 FCPATH/index.php(67): CodeIgniter\CodeIgniter->run()
CRITICAL - 2022-09-28 11:05:14 --> Invalid file: pages/assets.php
in SYSTEMPATH/Exceptions/FrameworkException.php on line 33.
 1 SYSTEMPATH/View/View.php(201): CodeIgniter\Exceptions\FrameworkException::forInvalidFile()
 2 SYSTEMPATH/Common.php(1142): CodeIgniter\View\View->render()
 3 APPPATH/Controllers/Pages.php(28): view()
 4 SYSTEMPATH/CodeIgniter.php(907): App\Controllers\Pages->view()
 5 SYSTEMPATH/CodeIgniter.php(457): CodeIgniter\CodeIgniter->runController()
 6 SYSTEMPATH/CodeIgniter.php(340): CodeIgniter\CodeIgniter->handleRequest()
 7 FCPATH/index.php(67): CodeIgniter\CodeIgniter->run()
CRITICAL - 2022-09-28 11:05:20 --> Invalid file: pages/assets.php
in SYSTEMPATH/Exceptions/FrameworkException.php on line 33.
 1 SYSTEMPATH/View/View.php(201): CodeIgniter\Exceptions\FrameworkException::forInvalidFile()
 2 SYSTEMPATH/Common.php(1142): CodeIgniter\View\View->render()
 3 APPPATH/Controllers/Pages.php(28): view()
 4 SYSTEMPATH/CodeIgniter.php(907): App\Controllers\Pages->view()
 5 SYSTEMPATH/CodeIgniter.php(457): CodeIgniter\CodeIgniter->runController()
 6 SYSTEMPATH/CodeIgniter.php(340): CodeIgniter\CodeIgniter->handleRequest()
 7 FCPATH/index.php(67): CodeIgniter\CodeIgniter->run()
CRITICAL - 2022-09-28 11:05:20 --> Invalid file: pages/assets.php
in SYSTEMPATH/Exceptions/FrameworkException.php on line 33.
 1 SYSTEMPATH/View/View.php(201): CodeIgniter\Exceptions\FrameworkException::forInvalidFile()
 2 SYSTEMPATH/Common.php(1142): CodeIgniter\View\View->render()
 3 APPPATH/Controllers/Pages.php(28): view()
 4 SYSTEMPATH/CodeIgniter.php(907): App\Controllers\Pages->view()
 5 SYSTEMPATH/CodeIgniter.php(457): CodeIgniter\CodeIgniter->runController()
 6 SYSTEMPATH/CodeIgniter.php(340): CodeIgniter\CodeIgniter->handleRequest()
 7 FCPATH/index.php(67): CodeIgniter\CodeIgniter->run()
CRITICAL - 2022-09-28 11:05:20 --> Invalid file: pages/assets.php
in SYSTEMPATH/Exceptions/FrameworkException.php on line 33.
 1 SYSTEMPATH/View/View.php(201): CodeIgniter\Exceptions\FrameworkException::forInvalidFile()
 2 SYSTEMPATH/Common.php(1142): CodeIgniter\View\View->render()
 3 APPPATH/Controllers/Pages.php(28): view()
 4 SYSTEMPATH/CodeIgniter.php(907): App\Controllers\Pages->view()
 5 SYSTEMPATH/CodeIgniter.php(457): CodeIgniter\CodeIgniter->runController()
 6 SYSTEMPATH/CodeIgniter.php(340): CodeIgniter\CodeIgniter->handleRequest()
 7 FCPATH/index.php(67): CodeIgniter\CodeIgniter->run()
CRITICAL - 2022-09-28 11:05:20 --> Invalid file: pages/__service-worker.js
in SYSTEMPATH/Exceptions/FrameworkException.php on line 33.
 1 SYSTEMPATH/View/View.php(201): CodeIgniter\Exceptions\FrameworkException::forInvalidFile()
 2 SYSTEMPATH/Common.php(1142): CodeIgniter\View\View->render()
 3 APPPATH/Controllers/Pages.php(28): view()
 4 SYSTEMPATH/CodeIgniter.php(907): App\Controllers\Pages->view()
 5 SYSTEMPATH/CodeIgniter.php(457): CodeIgniter\CodeIgniter->runController()
 6 SYSTEMPATH/CodeIgniter.php(340): CodeIgniter\CodeIgniter->handleRequest()
 7 FCPATH/index.php(67): CodeIgniter\CodeIgniter->run()
CRITICAL - 2022-09-28 11:05:20 --> Invalid file: pages/assets.php
in SYSTEMPATH/Exceptions/FrameworkException.php on line 33.
 1 SYSTEMPATH/View/View.php(201): CodeIgniter\Exceptions\FrameworkException::forInvalidFile()
 2 SYSTEMPATH/Common.php(1142): CodeIgniter\View\View->render()
 3 APPPATH/Controllers/Pages.php(28): view()
 4 SYSTEMPATH/CodeIgniter.php(907): App\Controllers\Pages->view()
 5 SYSTEMPATH/CodeIgniter.php(457): CodeIgniter\CodeIgniter->runController()
 6 SYSTEMPATH/CodeIgniter.php(340): CodeIgniter\CodeIgniter->handleRequest()
 7 FCPATH/index.php(67): CodeIgniter\CodeIgniter->run()
CRITICAL - 2022-09-28 11:05:21 --> Invalid file: pages/assets.php
in SYSTEMPATH/Exceptions/FrameworkException.php on line 33.
 1 SYSTEMPATH/View/View.php(201): CodeIgniter\Exceptions\FrameworkException::forInvalidFile()
 2 SYSTEMPATH/Common.php(1142): CodeIgniter\View\View->render()
 3 APPPATH/Controllers/Pages.php(28): view()
 4 SYSTEMPATH/CodeIgniter.php(907): App\Controllers\Pages->view()
 5 SYSTEMPATH/CodeIgniter.php(457): CodeIgniter\CodeIgniter->runController()
 6 SYSTEMPATH/CodeIgniter.php(340): CodeIgniter\CodeIgniter->handleRequest()
 7 FCPATH/index.php(67): CodeIgniter\CodeIgniter->run()
CRITICAL - 2022-09-28 11:05:21 --> Invalid file: pages/assets.php
in SYSTEMPATH/Exceptions/FrameworkException.php on line 33.
 1 SYSTEMPATH/View/View.php(201): CodeIgniter\Exceptions\FrameworkException::forInvalidFile()
 2 SYSTEMPATH/Common.php(1142): CodeIgniter\View\View->render()
 3 APPPATH/Controllers/Pages.php(28): view()
 4 SYSTEMPATH/CodeIgniter.php(907): App\Controllers\Pages->view()
 5 SYSTEMPATH/CodeIgniter.php(457): CodeIgniter\CodeIgniter->runController()
 6 SYSTEMPATH/CodeIgniter.php(340): CodeIgniter\CodeIgniter->handleRequest()
 7 FCPATH/index.php(67): CodeIgniter\CodeIgniter->run()
CRITICAL - 2022-09-28 11:05:39 --> Invalid file: pages/__service-worker.js
in SYSTEMPATH/Exceptions/FrameworkException.php on line 33.
 1 SYSTEMPATH/View/View.php(201): CodeIgniter\Exceptions\FrameworkException::forInvalidFile()
 2 SYSTEMPATH/Common.php(1142): CodeIgniter\View\View->render()
 3 APPPATH/Controllers/Pages.php(28): view()
 4 SYSTEMPATH/CodeIgniter.php(907): App\Controllers\Pages->view()
 5 SYSTEMPATH/CodeIgniter.php(457): CodeIgniter\CodeIgniter->runController()
 6 SYSTEMPATH/CodeIgniter.php(340): CodeIgniter\CodeIgniter->handleRequest()
 7 FCPATH/index.php(67): CodeIgniter\CodeIgniter->run()
CRITICAL - 2022-09-28 11:05:39 --> Invalid file: pages/assets.php
in SYSTEMPATH/Exceptions/FrameworkException.php on line 33.
 1 SYSTEMPATH/View/View.php(201): CodeIgniter\Exceptions\FrameworkException::forInvalidFile()
 2 SYSTEMPATH/Common.php(1142): CodeIgniter\View\View->render()
 3 APPPATH/Controllers/Pages.php(28): view()
 4 SYSTEMPATH/CodeIgniter.php(907): App\Controllers\Pages->view()
 5 SYSTEMPATH/CodeIgniter.php(457): CodeIgniter\CodeIgniter->runController()
 6 SYSTEMPATH/CodeIgniter.php(340): CodeIgniter\CodeIgniter->handleRequest()
 7 FCPATH/index.php(67): CodeIgniter\CodeIgniter->run()
CRITICAL - 2022-09-28 11:05:39 --> Invalid file: pages/assets.php
in SYSTEMPATH/Exceptions/FrameworkException.php on line 33.
 1 SYSTEMPATH/View/View.php(201): CodeIgniter\Exceptions\FrameworkException::forInvalidFile()
 2 SYSTEMPATH/Common.php(1142): CodeIgniter\View\View->render()
 3 APPPATH/Controllers/Pages.php(28): view()
 4 SYSTEMPATH/CodeIgniter.php(907): App\Controllers\Pages->view()
 5 SYSTEMPATH/CodeIgniter.php(457): CodeIgniter\CodeIgniter->runController()
 6 SYSTEMPATH/CodeIgniter.php(340): CodeIgniter\CodeIgniter->handleRequest()
 7 FCPATH/index.php(67): CodeIgniter\CodeIgniter->run()
CRITICAL - 2022-09-28 11:05:39 --> Invalid file: pages/assets.php
in SYSTEMPATH/Exceptions/FrameworkException.php on line 33.
 1 SYSTEMPATH/View/View.php(201): CodeIgniter\Exceptions\FrameworkException::forInvalidFile()
 2 SYSTEMPATH/Common.php(1142): CodeIgniter\View\View->render()
 3 APPPATH/Controllers/Pages.php(28): view()
 4 SYSTEMPATH/CodeIgniter.php(907): App\Controllers\Pages->view()
 5 SYSTEMPATH/CodeIgniter.php(457): CodeIgniter\CodeIgniter->runController()
 6 SYSTEMPATH/CodeIgniter.php(340): CodeIgniter\CodeIgniter->handleRequest()
 7 FCPATH/index.php(67): CodeIgniter\CodeIgniter->run()
CRITICAL - 2022-09-28 11:05:40 --> Invalid file: pages/assets.php
in SYSTEMPATH/Exceptions/FrameworkException.php on line 33.
 1 SYSTEMPATH/View/View.php(201): CodeIgniter\Exceptions\FrameworkException::forInvalidFile()
 2 SYSTEMPATH/Common.php(1142): CodeIgniter\View\View->render()
 3 APPPATH/Controllers/Pages.php(28): view()
 4 SYSTEMPATH/CodeIgniter.php(907): App\Controllers\Pages->view()
 5 SYSTEMPATH/CodeIgniter.php(457): CodeIgniter\CodeIgniter->runController()
 6 SYSTEMPATH/CodeIgniter.php(340): CodeIgniter\CodeIgniter->handleRequest()
 7 FCPATH/index.php(67): CodeIgniter\CodeIgniter->run()
CRITICAL - 2022-09-28 11:05:40 --> Invalid file: pages/assets.php
in SYSTEMPATH/Exceptions/FrameworkException.php on line 33.
 1 SYSTEMPATH/View/View.php(201): CodeIgniter\Exceptions\FrameworkException::forInvalidFile()
 2 SYSTEMPATH/Common.php(1142): CodeIgniter\View\View->render()
 3 APPPATH/Controllers/Pages.php(28): view()
 4 SYSTEMPATH/CodeIgniter.php(907): App\Controllers\Pages->view()
 5 SYSTEMPATH/CodeIgniter.php(457): CodeIgniter\CodeIgniter->runController()
 6 SYSTEMPATH/CodeIgniter.php(340): CodeIgniter\CodeIgniter->handleRequest()
 7 FCPATH/index.php(67): CodeIgniter\CodeIgniter->run()
CRITICAL - 2022-09-28 11:05:40 --> Invalid file: pages/assets.php
in SYSTEMPATH/Exceptions/FrameworkException.php on line 33.
 1 SYSTEMPATH/View/View.php(201): CodeIgniter\Exceptions\FrameworkException::forInvalidFile()
 2 SYSTEMPATH/Common.php(1142): CodeIgniter\View\View->render()
 3 APPPATH/Controllers/Pages.php(28): view()
 4 SYSTEMPATH/CodeIgniter.php(907): App\Controllers\Pages->view()
 5 SYSTEMPATH/CodeIgniter.php(457): CodeIgniter\CodeIgniter->runController()
 6 SYSTEMPATH/CodeIgniter.php(340): CodeIgniter\CodeIgniter->handleRequest()
 7 FCPATH/index.php(67): CodeIgniter\CodeIgniter->run()
CRITICAL - 2022-09-28 11:05:40 --> Invalid file: pages/assets.php
in SYSTEMPATH/Exceptions/FrameworkException.php on line 33.
 1 SYSTEMPATH/View/View.php(201): CodeIgniter\Exceptions\FrameworkException::forInvalidFile()
 2 SYSTEMPATH/Common.php(1142): CodeIgniter\View\View->render()
 3 APPPATH/Controllers/Pages.php(28): view()
 4 SYSTEMPATH/CodeIgniter.php(907): App\Controllers\Pages->view()
 5 SYSTEMPATH/CodeIgniter.php(457): CodeIgniter\CodeIgniter->runController()
 6 SYSTEMPATH/CodeIgniter.php(340): CodeIgniter\CodeIgniter->handleRequest()
 7 FCPATH/index.php(67): CodeIgniter\CodeIgniter->run()
CRITICAL - 2022-09-28 11:05:40 --> Invalid file: pages/assets.php
in SYSTEMPATH/Exceptions/FrameworkException.php on line 33.
 1 SYSTEMPATH/View/View.php(201): CodeIgniter\Exceptions\FrameworkException::forInvalidFile()
 2 SYSTEMPATH/Common.php(1142): CodeIgniter\View\View->render()
 3 APPPATH/Controllers/Pages.php(28): view()
 4 SYSTEMPATH/CodeIgniter.php(907): App\Controllers\Pages->view()
 5 SYSTEMPATH/CodeIgniter.php(457): CodeIgniter\CodeIgniter->runController()
 6 SYSTEMPATH/CodeIgniter.php(340): CodeIgniter\CodeIgniter->handleRequest()
 7 FCPATH/index.php(67): CodeIgniter\CodeIgniter->run()
CRITICAL - 2022-09-28 11:07:53 --> Invalid file: pages/assets.php
in SYSTEMPATH/Exceptions/FrameworkException.php on line 33.
 1 SYSTEMPATH/View/View.php(201): CodeIgniter\Exceptions\FrameworkException::forInvalidFile()
 2 SYSTEMPATH/Common.php(1142): CodeIgniter\View\View->render()
 3 APPPATH/Controllers/Pages.php(28): view()
 4 SYSTEMPATH/CodeIgniter.php(907): App\Controllers\Pages->view()
 5 SYSTEMPATH/CodeIgniter.php(457): CodeIgniter\CodeIgniter->runController()
 6 SYSTEMPATH/CodeIgniter.php(340): CodeIgniter\CodeIgniter->handleRequest()
 7 FCPATH/index.php(67): CodeIgniter\CodeIgniter->run()
CRITICAL - 2022-09-28 11:07:54 --> Invalid file: pages/assets.php
in SYSTEMPATH/Exceptions/FrameworkException.php on line 33.
 1 SYSTEMPATH/View/View.php(201): CodeIgniter\Exceptions\FrameworkException::forInvalidFile()
 2 SYSTEMPATH/Common.php(1142): CodeIgniter\View\View->render()
 3 APPPATH/Controllers/Pages.php(28): view()
 4 SYSTEMPATH/CodeIgniter.php(907): App\Controllers\Pages->view()
 5 SYSTEMPATH/CodeIgniter.php(457): CodeIgniter\CodeIgniter->runController()
 6 SYSTEMPATH/CodeIgniter.php(340): CodeIgniter\CodeIgniter->handleRequest()
 7 FCPATH/index.php(67): CodeIgniter\CodeIgniter->run()
CRITICAL - 2022-09-28 11:07:56 --> Invalid file: pages/assets.php
in SYSTEMPATH/Exceptions/FrameworkException.php on line 33.
 1 SYSTEMPATH/View/View.php(201): CodeIgniter\Exceptions\FrameworkException::forInvalidFile()
 2 SYSTEMPATH/Common.php(1142): CodeIgniter\View\View->render()
 3 APPPATH/Controllers/Pages.php(28): view()
 4 SYSTEMPATH/CodeIgniter.php(907): App\Controllers\Pages->view()
 5 SYSTEMPATH/CodeIgniter.php(457): CodeIgniter\CodeIgniter->runController()
 6 SYSTEMPATH/CodeIgniter.php(340): CodeIgniter\CodeIgniter->handleRequest()
 7 FCPATH/index.php(67): CodeIgniter\CodeIgniter->run()
CRITICAL - 2022-09-28 11:08:07 --> Invalid file: pages/assets.php
in SYSTEMPATH/Exceptions/FrameworkException.php on line 33.
 1 SYSTEMPATH/View/View.php(201): CodeIgniter\Exceptions\FrameworkException::forInvalidFile()
 2 SYSTEMPATH/Common.php(1142): CodeIgniter\View\View->render()
 3 APPPATH/Controllers/Pages.php(28): view()
 4 SYSTEMPATH/CodeIgniter.php(907): App\Controllers\Pages->view()
 5 SYSTEMPATH/CodeIgniter.php(457): CodeIgniter\CodeIgniter->runController()
 6 SYSTEMPATH/CodeIgniter.php(340): CodeIgniter\CodeIgniter->handleRequest()
 7 FCPATH/index.php(67): CodeIgniter\CodeIgniter->run()
CRITICAL - 2022-09-28 11:08:07 --> Invalid file: pages/assets.php
in SYSTEMPATH/Exceptions/FrameworkException.php on line 33.
 1 SYSTEMPATH/View/View.php(201): CodeIgniter\Exceptions\FrameworkException::forInvalidFile()
 2 SYSTEMPATH/Common.php(1142): CodeIgniter\View\View->render()
 3 APPPATH/Controllers/Pages.php(28): view()
 4 SYSTEMPATH/CodeIgniter.php(907): App\Controllers\Pages->view()
 5 SYSTEMPATH/CodeIgniter.php(457): CodeIgniter\CodeIgniter->runController()
 6 SYSTEMPATH/CodeIgniter.php(340): CodeIgniter\CodeIgniter->handleRequest()
 7 FCPATH/index.php(67): CodeIgniter\CodeIgniter->run()
CRITICAL - 2022-09-28 11:08:07 --> Invalid file: pages/assets.php
in SYSTEMPATH/Exceptions/FrameworkException.php on line 33.
 1 SYSTEMPATH/View/View.php(201): CodeIgniter\Exceptions\FrameworkException::forInvalidFile()
 2 SYSTEMPATH/Common.php(1142): CodeIgniter\View\View->render()
 3 APPPATH/Controllers/Pages.php(28): view()
 4 SYSTEMPATH/CodeIgniter.php(907): App\Controllers\Pages->view()
 5 SYSTEMPATH/CodeIgniter.php(457): CodeIgniter\CodeIgniter->runController()
 6 SYSTEMPATH/CodeIgniter.php(340): CodeIgniter\CodeIgniter->handleRequest()
 7 FCPATH/index.php(67): CodeIgniter\CodeIgniter->run()
CRITICAL - 2022-09-28 11:08:08 --> Invalid file: pages/assets.php
in SYSTEMPATH/Exceptions/FrameworkException.php on line 33.
 1 SYSTEMPATH/View/View.php(201): CodeIgniter\Exceptions\FrameworkException::forInvalidFile()
 2 SYSTEMPATH/Common.php(1142): CodeIgniter\View\View->render()
 3 APPPATH/Controllers/Pages.php(28): view()
 4 SYSTEMPATH/CodeIgniter.php(907): App\Controllers\Pages->view()
 5 SYSTEMPATH/CodeIgniter.php(457): CodeIgniter\CodeIgniter->runController()
 6 SYSTEMPATH/CodeIgniter.php(340): CodeIgniter\CodeIgniter->handleRequest()
 7 FCPATH/index.php(67): CodeIgniter\CodeIgniter->run()
CRITICAL - 2022-09-28 11:08:08 --> Invalid file: pages/assets.php
in SYSTEMPATH/Exceptions/FrameworkException.php on line 33.
 1 SYSTEMPATH/View/View.php(201): CodeIgniter\Exceptions\FrameworkException::forInvalidFile()
 2 SYSTEMPATH/Common.php(1142): CodeIgniter\View\View->render()
 3 APPPATH/Controllers/Pages.php(28): view()
 4 SYSTEMPATH/CodeIgniter.php(907): App\Controllers\Pages->view()
 5 SYSTEMPATH/CodeIgniter.php(457): CodeIgniter\CodeIgniter->runController()
 6 SYSTEMPATH/CodeIgniter.php(340): CodeIgniter\CodeIgniter->handleRequest()
 7 FCPATH/index.php(67): CodeIgniter\CodeIgniter->run()
CRITICAL - 2022-09-28 11:08:08 --> Invalid file: pages/__service-worker.js
in SYSTEMPATH/Exceptions/FrameworkException.php on line 33.
 1 SYSTEMPATH/View/View.php(201): CodeIgniter\Exceptions\FrameworkException::forInvalidFile()
 2 SYSTEMPATH/Common.php(1142): CodeIgniter\View\View->render()
 3 APPPATH/Controllers/Pages.php(28): view()
 4 SYSTEMPATH/CodeIgniter.php(907): App\Controllers\Pages->view()
 5 SYSTEMPATH/CodeIgniter.php(457): CodeIgniter\CodeIgniter->runController()
 6 SYSTEMPATH/CodeIgniter.php(340): CodeIgniter\CodeIgniter->handleRequest()
 7 FCPATH/index.php(67): CodeIgniter\CodeIgniter->run()
CRITICAL - 2022-09-28 11:08:09 --> Invalid file: pages/assets.php
in SYSTEMPATH/Exceptions/FrameworkException.php on line 33.
 1 SYSTEMPATH/View/View.php(201): CodeIgniter\Exceptions\FrameworkException::forInvalidFile()
 2 SYSTEMPATH/Common.php(1142): CodeIgniter\View\View->render()
 3 APPPATH/Controllers/Pages.php(28): view()
 4 SYSTEMPATH/CodeIgniter.php(907): App\Controllers\Pages->view()
 5 SYSTEMPATH/CodeIgniter.php(457): CodeIgniter\CodeIgniter->runController()
 6 SYSTEMPATH/CodeIgniter.php(340): CodeIgniter\CodeIgniter->handleRequest()
 7 FCPATH/index.php(67): CodeIgniter\CodeIgniter->run()
CRITICAL - 2022-09-28 11:13:52 --> Invalid file: pages/assets.php
in SYSTEMPATH/Exceptions/FrameworkException.php on line 33.
 1 SYSTEMPATH/View/View.php(201): CodeIgniter\Exceptions\FrameworkException::forInvalidFile()
 2 SYSTEMPATH/Common.php(1142): CodeIgniter\View\View->render()
 3 APPPATH/Controllers/Pages.php(28): view()
 4 SYSTEMPATH/CodeIgniter.php(907): App\Controllers\Pages->view()
 5 SYSTEMPATH/CodeIgniter.php(457): CodeIgniter\CodeIgniter->runController()
 6 SYSTEMPATH/CodeIgniter.php(340): CodeIgniter\CodeIgniter->handleRequest()
 7 FCPATH/index.php(67): CodeIgniter\CodeIgniter->run()
CRITICAL - 2022-09-28 11:13:53 --> Invalid file: pages/assets.php
in SYSTEMPATH/Exceptions/FrameworkException.php on line 33.
 1 SYSTEMPATH/View/View.php(201): CodeIgniter\Exceptions\FrameworkException::forInvalidFile()
 2 SYSTEMPATH/Common.php(1142): CodeIgniter\View\View->render()
 3 APPPATH/Controllers/Pages.php(28): view()
 4 SYSTEMPATH/CodeIgniter.php(907): App\Controllers\Pages->view()
 5 SYSTEMPATH/CodeIgniter.php(457): CodeIgniter\CodeIgniter->runController()
 6 SYSTEMPATH/CodeIgniter.php(340): CodeIgniter\CodeIgniter->handleRequest()
 7 FCPATH/index.php(67): CodeIgniter\CodeIgniter->run()
CRITICAL - 2022-09-28 11:13:54 --> Invalid file: pages/assets.php
in SYSTEMPATH/Exceptions/FrameworkException.php on line 33.
 1 SYSTEMPATH/View/View.php(201): CodeIgniter\Exceptions\FrameworkException::forInvalidFile()
 2 SYSTEMPATH/Common.php(1142): CodeIgniter\View\View->render()
 3 APPPATH/Controllers/Pages.php(28): view()
 4 SYSTEMPATH/CodeIgniter.php(907): App\Controllers\Pages->view()
 5 SYSTEMPATH/CodeIgniter.php(457): CodeIgniter\CodeIgniter->runController()
 6 SYSTEMPATH/CodeIgniter.php(340): CodeIgniter\CodeIgniter->handleRequest()
 7 FCPATH/index.php(67): CodeIgniter\CodeIgniter->run()
CRITICAL - 2022-09-28 11:14:23 --> Invalid file: pages/assets.php
in SYSTEMPATH/Exceptions/FrameworkException.php on line 33.
 1 SYSTEMPATH/View/View.php(201): CodeIgniter\Exceptions\FrameworkException::forInvalidFile()
 2 SYSTEMPATH/Common.php(1142): CodeIgniter\View\View->render()
 3 APPPATH/Controllers/Pages.php(28): view()
 4 SYSTEMPATH/CodeIgniter.php(907): App\Controllers\Pages->view()
 5 SYSTEMPATH/CodeIgniter.php(457): CodeIgniter\CodeIgniter->runController()
 6 SYSTEMPATH/CodeIgniter.php(340): CodeIgniter\CodeIgniter->handleRequest()
 7 FCPATH/index.php(67): CodeIgniter\CodeIgniter->run()
CRITICAL - 2022-09-28 11:14:23 --> Invalid file: pages/assets.php
in SYSTEMPATH/Exceptions/FrameworkException.php on line 33.
 1 SYSTEMPATH/View/View.php(201): CodeIgniter\Exceptions\FrameworkException::forInvalidFile()
 2 SYSTEMPATH/Common.php(1142): CodeIgniter\View\View->render()
 3 APPPATH/Controllers/Pages.php(28): view()
 4 SYSTEMPATH/CodeIgniter.php(907): App\Controllers\Pages->view()
 5 SYSTEMPATH/CodeIgniter.php(457): CodeIgniter\CodeIgniter->runController()
 6 SYSTEMPATH/CodeIgniter.php(340): CodeIgniter\CodeIgniter->handleRequest()
 7 FCPATH/index.php(67): CodeIgniter\CodeIgniter->run()
CRITICAL - 2022-09-28 11:14:23 --> Invalid file: pages/__service-worker.js
in SYSTEMPATH/Exceptions/FrameworkException.php on line 33.
 1 SYSTEMPATH/View/View.php(201): CodeIgniter\Exceptions\FrameworkException::forInvalidFile()
 2 SYSTEMPATH/Common.php(1142): CodeIgniter\View\View->render()
 3 APPPATH/Controllers/Pages.php(28): view()
 4 SYSTEMPATH/CodeIgniter.php(907): App\Controllers\Pages->view()
 5 SYSTEMPATH/CodeIgniter.php(457): CodeIgniter\CodeIgniter->runController()
 6 SYSTEMPATH/CodeIgniter.php(340): CodeIgniter\CodeIgniter->handleRequest()
 7 FCPATH/index.php(67): CodeIgniter\CodeIgniter->run()
CRITICAL - 2022-09-28 11:14:24 --> Invalid file: pages/assets.php
in SYSTEMPATH/Exceptions/FrameworkException.php on line 33.
 1 SYSTEMPATH/View/View.php(201): CodeIgniter\Exceptions\FrameworkException::forInvalidFile()
 2 SYSTEMPATH/Common.php(1142): CodeIgniter\View\View->render()
 3 APPPATH/Controllers/Pages.php(28): view()
 4 SYSTEMPATH/CodeIgniter.php(907): App\Controllers\Pages->view()
 5 SYSTEMPATH/CodeIgniter.php(457): CodeIgniter\CodeIgniter->runController()
 6 SYSTEMPATH/CodeIgniter.php(340): CodeIgniter\CodeIgniter->handleRequest()
 7 FCPATH/index.php(67): CodeIgniter\CodeIgniter->run()
CRITICAL - 2022-09-28 11:14:24 --> Invalid file: pages/assets.php
in SYSTEMPATH/Exceptions/FrameworkException.php on line 33.
 1 SYSTEMPATH/View/View.php(201): CodeIgniter\Exceptions\FrameworkException::forInvalidFile()
 2 SYSTEMPATH/Common.php(1142): CodeIgniter\View\View->render()
 3 APPPATH/Controllers/Pages.php(28): view()
 4 SYSTEMPATH/CodeIgniter.php(907): App\Controllers\Pages->view()
 5 SYSTEMPATH/CodeIgniter.php(457): CodeIgniter\CodeIgniter->runController()
 6 SYSTEMPATH/CodeIgniter.php(340): CodeIgniter\CodeIgniter->handleRequest()
 7 FCPATH/index.php(67): CodeIgniter\CodeIgniter->run()
CRITICAL - 2022-09-28 11:14:24 --> Invalid file: pages/assets.php
in SYSTEMPATH/Exceptions/FrameworkException.php on line 33.
 1 SYSTEMPATH/View/View.php(201): CodeIgniter\Exceptions\FrameworkException::forInvalidFile()
 2 SYSTEMPATH/Common.php(1142): CodeIgniter\View\View->render()
 3 APPPATH/Controllers/Pages.php(28): view()
 4 SYSTEMPATH/CodeIgniter.php(907): App\Controllers\Pages->view()
 5 SYSTEMPATH/CodeIgniter.php(457): CodeIgniter\CodeIgniter->runController()
 6 SYSTEMPATH/CodeIgniter.php(340): CodeIgniter\CodeIgniter->handleRequest()
 7 FCPATH/index.php(67): CodeIgniter\CodeIgniter->run()
CRITICAL - 2022-09-28 11:14:24 --> Invalid file: pages/assets.php
in SYSTEMPATH/Exceptions/FrameworkException.php on line 33.
 1 SYSTEMPATH/View/View.php(201): CodeIgniter\Exceptions\FrameworkException::forInvalidFile()
 2 SYSTEMPATH/Common.php(1142): CodeIgniter\View\View->render()
 3 APPPATH/Controllers/Pages.php(28): view()
 4 SYSTEMPATH/CodeIgniter.php(907): App\Controllers\Pages->view()
 5 SYSTEMPATH/CodeIgniter.php(457): CodeIgniter\CodeIgniter->runController()
 6 SYSTEMPATH/CodeIgniter.php(340): CodeIgniter\CodeIgniter->handleRequest()
 7 FCPATH/index.php(67): CodeIgniter\CodeIgniter->run()
CRITICAL - 2022-09-28 11:14:40 --> Invalid file: pages/assets.php
in SYSTEMPATH/Exceptions/FrameworkException.php on line 33.
 1 SYSTEMPATH/View/View.php(201): CodeIgniter\Exceptions\FrameworkException::forInvalidFile()
 2 SYSTEMPATH/Common.php(1142): CodeIgniter\View\View->render()
 3 APPPATH/Controllers/Pages.php(28): view()
 4 SYSTEMPATH/CodeIgniter.php(907): App\Controllers\Pages->view()
 5 SYSTEMPATH/CodeIgniter.php(457): CodeIgniter\CodeIgniter->runController()
 6 SYSTEMPATH/CodeIgniter.php(340): CodeIgniter\CodeIgniter->handleRequest()
 7 FCPATH/index.php(67): CodeIgniter\CodeIgniter->run()
CRITICAL - 2022-09-28 11:14:40 --> Invalid file: pages/assets.php
in SYSTEMPATH/Exceptions/FrameworkException.php on line 33.
 1 SYSTEMPATH/View/View.php(201): CodeIgniter\Exceptions\FrameworkException::forInvalidFile()
 2 SYSTEMPATH/Common.php(1142): CodeIgniter\View\View->render()
 3 APPPATH/Controllers/Pages.php(28): view()
 4 SYSTEMPATH/CodeIgniter.php(907): App\Controllers\Pages->view()
 5 SYSTEMPATH/CodeIgniter.php(457): CodeIgniter\CodeIgniter->runController()
 6 SYSTEMPATH/CodeIgniter.php(340): CodeIgniter\CodeIgniter->handleRequest()
 7 FCPATH/index.php(67): CodeIgniter\CodeIgniter->run()
CRITICAL - 2022-09-28 11:14:41 --> Invalid file: pages/__service-worker.js
in SYSTEMPATH/Exceptions/FrameworkException.php on line 33.
 1 SYSTEMPATH/View/View.php(201): CodeIgniter\Exceptions\FrameworkException::forInvalidFile()
 2 SYSTEMPATH/Common.php(1142): CodeIgniter\View\View->render()
 3 APPPATH/Controllers/Pages.php(28): view()
 4 SYSTEMPATH/CodeIgniter.php(907): App\Controllers\Pages->view()
 5 SYSTEMPATH/CodeIgniter.php(457): CodeIgniter\CodeIgniter->runController()
 6 SYSTEMPATH/CodeIgniter.php(340): CodeIgniter\CodeIgniter->handleRequest()
 7 FCPATH/index.php(67): CodeIgniter\CodeIgniter->run()
CRITICAL - 2022-09-28 11:14:41 --> Invalid file: pages/assets.php
in SYSTEMPATH/Exceptions/FrameworkException.php on line 33.
 1 SYSTEMPATH/View/View.php(201): CodeIgniter\Exceptions\FrameworkException::forInvalidFile()
 2 SYSTEMPATH/Common.php(1142): CodeIgniter\View\View->render()
 3 APPPATH/Controllers/Pages.php(28): view()
 4 SYSTEMPATH/CodeIgniter.php(907): App\Controllers\Pages->view()
 5 SYSTEMPATH/CodeIgniter.php(457): CodeIgniter\CodeIgniter->runController()
 6 SYSTEMPATH/CodeIgniter.php(340): CodeIgniter\CodeIgniter->handleRequest()
 7 FCPATH/index.php(67): CodeIgniter\CodeIgniter->run()
CRITICAL - 2022-09-28 11:14:41 --> Invalid file: pages/assets.php
in SYSTEMPATH/Exceptions/FrameworkException.php on line 33.
 1 SYSTEMPATH/View/View.php(201): CodeIgniter\Exceptions\FrameworkException::forInvalidFile()
 2 SYSTEMPATH/Common.php(1142): CodeIgniter\View\View->render()
 3 APPPATH/Controllers/Pages.php(28): view()
 4 SYSTEMPATH/CodeIgniter.php(907): App\Controllers\Pages->view()
 5 SYSTEMPATH/CodeIgniter.php(457): CodeIgniter\CodeIgniter->runController()
 6 SYSTEMPATH/CodeIgniter.php(340): CodeIgniter\CodeIgniter->handleRequest()
 7 FCPATH/index.php(67): CodeIgniter\CodeIgniter->run()
CRITICAL - 2022-09-28 11:14:42 --> Invalid file: pages/assets.php
in SYSTEMPATH/Exceptions/FrameworkException.php on line 33.
 1 SYSTEMPATH/View/View.php(201): CodeIgniter\Exceptions\FrameworkException::forInvalidFile()
 2 SYSTEMPATH/Common.php(1142): CodeIgniter\View\View->render()
 3 APPPATH/Controllers/Pages.php(28): view()
 4 SYSTEMPATH/CodeIgniter.php(907): App\Controllers\Pages->view()
 5 SYSTEMPATH/CodeIgniter.php(457): CodeIgniter\CodeIgniter->runController()
 6 SYSTEMPATH/CodeIgniter.php(340): CodeIgniter\CodeIgniter->handleRequest()
 7 FCPATH/index.php(67): CodeIgniter\CodeIgniter->run()
CRITICAL - 2022-09-28 11:14:42 --> Invalid file: pages/assets.php
in SYSTEMPATH/Exceptions/FrameworkException.php on line 33.
 1 SYSTEMPATH/View/View.php(201): CodeIgniter\Exceptions\FrameworkException::forInvalidFile()
 2 SYSTEMPATH/Common.php(1142): CodeIgniter\View\View->render()
 3 APPPATH/Controllers/Pages.php(28): view()
 4 SYSTEMPATH/CodeIgniter.php(907): App\Controllers\Pages->view()
 5 SYSTEMPATH/CodeIgniter.php(457): CodeIgniter\CodeIgniter->runController()
 6 SYSTEMPATH/CodeIgniter.php(340): CodeIgniter\CodeIgniter->handleRequest()
 7 FCPATH/index.php(67): CodeIgniter\CodeIgniter->run()
CRITICAL - 2022-09-28 11:15:10 --> Invalid file: pages/__service-worker.js
in SYSTEMPATH/Exceptions/FrameworkException.php on line 33.
 1 SYSTEMPATH/View/View.php(201): CodeIgniter\Exceptions\FrameworkException::forInvalidFile()
 2 SYSTEMPATH/Common.php(1142): CodeIgniter\View\View->render()
 3 APPPATH/Controllers/Pages.php(28): view()
 4 SYSTEMPATH/CodeIgniter.php(907): App\Controllers\Pages->view()
 5 SYSTEMPATH/CodeIgniter.php(457): CodeIgniter\CodeIgniter->runController()
 6 SYSTEMPATH/CodeIgniter.php(340): CodeIgniter\CodeIgniter->handleRequest()
 7 FCPATH/index.php(67): CodeIgniter\CodeIgniter->run()
CRITICAL - 2022-09-28 11:15:11 --> Invalid file: pages/assets.php
in SYSTEMPATH/Exceptions/FrameworkException.php on line 33.
 1 SYSTEMPATH/View/View.php(201): CodeIgniter\Exceptions\FrameworkException::forInvalidFile()
 2 SYSTEMPATH/Common.php(1142): CodeIgniter\View\View->render()
 3 APPPATH/Controllers/Pages.php(28): view()
 4 SYSTEMPATH/CodeIgniter.php(907): App\Controllers\Pages->view()
 5 SYSTEMPATH/CodeIgniter.php(457): CodeIgniter\CodeIgniter->runController()
 6 SYSTEMPATH/CodeIgniter.php(340): CodeIgniter\CodeIgniter->handleRequest()
 7 FCPATH/index.php(67): CodeIgniter\CodeIgniter->run()
CRITICAL - 2022-09-28 11:15:11 --> Invalid file: pages/assets.php
in SYSTEMPATH/Exceptions/FrameworkException.php on line 33.
 1 SYSTEMPATH/View/View.php(201): CodeIgniter\Exceptions\FrameworkException::forInvalidFile()
 2 SYSTEMPATH/Common.php(1142): CodeIgniter\View\View->render()
 3 APPPATH/Controllers/Pages.php(28): view()
 4 SYSTEMPATH/CodeIgniter.php(907): App\Controllers\Pages->view()
 5 SYSTEMPATH/CodeIgniter.php(457): CodeIgniter\CodeIgniter->runController()
 6 SYSTEMPATH/CodeIgniter.php(340): CodeIgniter\CodeIgniter->handleRequest()
 7 FCPATH/index.php(67): CodeIgniter\CodeIgniter->run()
CRITICAL - 2022-09-28 11:15:12 --> Invalid file: pages/assets.php
in SYSTEMPATH/Exceptions/FrameworkException.php on line 33.
 1 SYSTEMPATH/View/View.php(201): CodeIgniter\Exceptions\FrameworkException::forInvalidFile()
 2 SYSTEMPATH/Common.php(1142): CodeIgniter\View\View->render()
 3 APPPATH/Controllers/Pages.php(28): view()
 4 SYSTEMPATH/CodeIgniter.php(907): App\Controllers\Pages->view()
 5 SYSTEMPATH/CodeIgniter.php(457): CodeIgniter\CodeIgniter->runController()
 6 SYSTEMPATH/CodeIgniter.php(340): CodeIgniter\CodeIgniter->handleRequest()
 7 FCPATH/index.php(67): CodeIgniter\CodeIgniter->run()
CRITICAL - 2022-09-28 11:15:12 --> Invalid file: pages/assets.php
in SYSTEMPATH/Exceptions/FrameworkException.php on line 33.
 1 SYSTEMPATH/View/View.php(201): CodeIgniter\Exceptions\FrameworkException::forInvalidFile()
 2 SYSTEMPATH/Common.php(1142): CodeIgniter\View\View->render()
 3 APPPATH/Controllers/Pages.php(28): view()
 4 SYSTEMPATH/CodeIgniter.php(907): App\Controllers\Pages->view()
 5 SYSTEMPATH/CodeIgniter.php(457): CodeIgniter\CodeIgniter->runController()
 6 SYSTEMPATH/CodeIgniter.php(340): CodeIgniter\CodeIgniter->handleRequest()
 7 FCPATH/index.php(67): CodeIgniter\CodeIgniter->run()
CRITICAL - 2022-09-28 11:15:13 --> Invalid file: pages/assets.php
in SYSTEMPATH/Exceptions/FrameworkException.php on line 33.
 1 SYSTEMPATH/View/View.php(201): CodeIgniter\Exceptions\FrameworkException::forInvalidFile()
 2 SYSTEMPATH/Common.php(1142): CodeIgniter\View\View->render()
 3 APPPATH/Controllers/Pages.php(28): view()
 4 SYSTEMPATH/CodeIgniter.php(907): App\Controllers\Pages->view()
 5 SYSTEMPATH/CodeIgniter.php(457): CodeIgniter\CodeIgniter->runController()
 6 SYSTEMPATH/CodeIgniter.php(340): CodeIgniter\CodeIgniter->handleRequest()
 7 FCPATH/index.php(67): CodeIgniter\CodeIgniter->run()
CRITICAL - 2022-09-28 11:15:13 --> Invalid file: pages/assets.php
in SYSTEMPATH/Exceptions/FrameworkException.php on line 33.
 1 SYSTEMPATH/View/View.php(201): CodeIgniter\Exceptions\FrameworkException::forInvalidFile()
 2 SYSTEMPATH/Common.php(1142): CodeIgniter\View\View->render()
 3 APPPATH/Controllers/Pages.php(28): view()
 4 SYSTEMPATH/CodeIgniter.php(907): App\Controllers\Pages->view()
 5 SYSTEMPATH/CodeIgniter.php(457): CodeIgniter\CodeIgniter->runController()
 6 SYSTEMPATH/CodeIgniter.php(340): CodeIgniter\CodeIgniter->handleRequest()
 7 FCPATH/index.php(67): CodeIgniter\CodeIgniter->run()
CRITICAL - 2022-09-28 11:16:25 --> Invalid file: pages/assets.php
in SYSTEMPATH/Exceptions/FrameworkException.php on line 33.
 1 SYSTEMPATH/View/View.php(201): CodeIgniter\Exceptions\FrameworkException::forInvalidFile()
 2 SYSTEMPATH/Common.php(1142): CodeIgniter\View\View->render()
 3 APPPATH/Controllers/Pages.php(28): view()
 4 SYSTEMPATH/CodeIgniter.php(907): App\Controllers\Pages->view()
 5 SYSTEMPATH/CodeIgniter.php(457): CodeIgniter\CodeIgniter->runController()
 6 SYSTEMPATH/CodeIgniter.php(340): CodeIgniter\CodeIgniter->handleRequest()
 7 FCPATH/index.php(67): CodeIgniter\CodeIgniter->run()
CRITICAL - 2022-09-28 11:16:25 --> Invalid file: pages/__service-worker.js
in SYSTEMPATH/Exceptions/FrameworkException.php on line 33.
 1 SYSTEMPATH/View/View.php(201): CodeIgniter\Exceptions\FrameworkException::forInvalidFile()
 2 SYSTEMPATH/Common.php(1142): CodeIgniter\View\View->render()
 3 APPPATH/Controllers/Pages.php(28): view()
 4 SYSTEMPATH/CodeIgniter.php(907): App\Controllers\Pages->view()
 5 SYSTEMPATH/CodeIgniter.php(457): CodeIgniter\CodeIgniter->runController()
 6 SYSTEMPATH/CodeIgniter.php(340): CodeIgniter\CodeIgniter->handleRequest()
 7 FCPATH/index.php(67): CodeIgniter\CodeIgniter->run()
CRITICAL - 2022-09-28 11:16:25 --> Invalid file: pages/assets.php
in SYSTEMPATH/Exceptions/FrameworkException.php on line 33.
 1 SYSTEMPATH/View/View.php(201): CodeIgniter\Exceptions\FrameworkException::forInvalidFile()
 2 SYSTEMPATH/Common.php(1142): CodeIgniter\View\View->render()
 3 APPPATH/Controllers/Pages.php(28): view()
 4 SYSTEMPATH/CodeIgniter.php(907): App\Controllers\Pages->view()
 5 SYSTEMPATH/CodeIgniter.php(457): CodeIgniter\CodeIgniter->runController()
 6 SYSTEMPATH/CodeIgniter.php(340): CodeIgniter\CodeIgniter->handleRequest()
 7 FCPATH/index.php(67): CodeIgniter\CodeIgniter->run()
CRITICAL - 2022-09-28 11:16:26 --> Invalid file: pages/assets.php
in SYSTEMPATH/Exceptions/FrameworkException.php on line 33.
 1 SYSTEMPATH/View/View.php(201): CodeIgniter\Exceptions\FrameworkException::forInvalidFile()
 2 SYSTEMPATH/Common.php(1142): CodeIgniter\View\View->render()
 3 APPPATH/Controllers/Pages.php(28): view()
 4 SYSTEMPATH/CodeIgniter.php(907): App\Controllers\Pages->view()
 5 SYSTEMPATH/CodeIgniter.php(457): CodeIgniter\CodeIgniter->runController()
 6 SYSTEMPATH/CodeIgniter.php(340): CodeIgniter\CodeIgniter->handleRequest()
 7 FCPATH/index.php(67): CodeIgniter\CodeIgniter->run()
CRITICAL - 2022-09-28 11:16:26 --> Invalid file: pages/assets.php
in SYSTEMPATH/Exceptions/FrameworkException.php on line 33.
 1 SYSTEMPATH/View/View.php(201): CodeIgniter\Exceptions\FrameworkException::forInvalidFile()
 2 SYSTEMPATH/Common.php(1142): CodeIgniter\View\View->render()
 3 APPPATH/Controllers/Pages.php(28): view()
 4 SYSTEMPATH/CodeIgniter.php(907): App\Controllers\Pages->view()
 5 SYSTEMPATH/CodeIgniter.php(457): CodeIgniter\CodeIgniter->runController()
 6 SYSTEMPATH/CodeIgniter.php(340): CodeIgniter\CodeIgniter->handleRequest()
 7 FCPATH/index.php(67): CodeIgniter\CodeIgniter->run()
CRITICAL - 2022-09-28 11:16:26 --> Invalid file: pages/assets.php
in SYSTEMPATH/Exceptions/FrameworkException.php on line 33.
 1 SYSTEMPATH/View/View.php(201): CodeIgniter\Exceptions\FrameworkException::forInvalidFile()
 2 SYSTEMPATH/Common.php(1142): CodeIgniter\View\View->render()
 3 APPPATH/Controllers/Pages.php(28): view()
 4 SYSTEMPATH/CodeIgniter.php(907): App\Controllers\Pages->view()
 5 SYSTEMPATH/CodeIgniter.php(457): CodeIgniter\CodeIgniter->runController()
 6 SYSTEMPATH/CodeIgniter.php(340): CodeIgniter\CodeIgniter->handleRequest()
 7 FCPATH/index.php(67): CodeIgniter\CodeIgniter->run()
CRITICAL - 2022-09-28 11:16:27 --> Invalid file: pages/assets.php
in SYSTEMPATH/Exceptions/FrameworkException.php on line 33.
 1 SYSTEMPATH/View/View.php(201): CodeIgniter\Exceptions\FrameworkException::forInvalidFile()
 2 SYSTEMPATH/Common.php(1142): CodeIgniter\View\View->render()
 3 APPPATH/Controllers/Pages.php(28): view()
 4 SYSTEMPATH/CodeIgniter.php(907): App\Controllers\Pages->view()
 5 SYSTEMPATH/CodeIgniter.php(457): CodeIgniter\CodeIgniter->runController()
 6 SYSTEMPATH/CodeIgniter.php(340): CodeIgniter\CodeIgniter->handleRequest()
 7 FCPATH/index.php(67): CodeIgniter\CodeIgniter->run()
CRITICAL - 2022-09-28 11:17:09 --> Invalid file: pages/assets.php
in SYSTEMPATH/Exceptions/FrameworkException.php on line 33.
 1 SYSTEMPATH/View/View.php(201): CodeIgniter\Exceptions\FrameworkException::forInvalidFile()
 2 SYSTEMPATH/Common.php(1142): CodeIgniter\View\View->render()
 3 APPPATH/Controllers/Pages.php(28): view()
 4 SYSTEMPATH/CodeIgniter.php(907): App\Controllers\Pages->view()
 5 SYSTEMPATH/CodeIgniter.php(457): CodeIgniter\CodeIgniter->runController()
 6 SYSTEMPATH/CodeIgniter.php(340): CodeIgniter\CodeIgniter->handleRequest()
 7 FCPATH/index.php(67): CodeIgniter\CodeIgniter->run()
CRITICAL - 2022-09-28 11:17:09 --> Invalid file: pages/assets.php
in SYSTEMPATH/Exceptions/FrameworkException.php on line 33.
 1 SYSTEMPATH/View/View.php(201): CodeIgniter\Exceptions\FrameworkException::forInvalidFile()
 2 SYSTEMPATH/Common.php(1142): CodeIgniter\View\View->render()
 3 APPPATH/Controllers/Pages.php(28): view()
 4 SYSTEMPATH/CodeIgniter.php(907): App\Controllers\Pages->view()
 5 SYSTEMPATH/CodeIgniter.php(457): CodeIgniter\CodeIgniter->runController()
 6 SYSTEMPATH/CodeIgniter.php(340): CodeIgniter\CodeIgniter->handleRequest()
 7 FCPATH/index.php(67): CodeIgniter\CodeIgniter->run()
CRITICAL - 2022-09-28 11:17:09 --> Invalid file: pages/__service-worker.js
in SYSTEMPATH/Exceptions/FrameworkException.php on line 33.
 1 SYSTEMPATH/View/View.php(201): CodeIgniter\Exceptions\FrameworkException::forInvalidFile()
 2 SYSTEMPATH/Common.php(1142): CodeIgniter\View\View->render()
 3 APPPATH/Controllers/Pages.php(28): view()
 4 SYSTEMPATH/CodeIgniter.php(907): App\Controllers\Pages->view()
 5 SYSTEMPATH/CodeIgniter.php(457): CodeIgniter\CodeIgniter->runController()
 6 SYSTEMPATH/CodeIgniter.php(340): CodeIgniter\CodeIgniter->handleRequest()
 7 FCPATH/index.php(67): CodeIgniter\CodeIgniter->run()
CRITICAL - 2022-09-28 11:17:09 --> Invalid file: pages/assets.php
in SYSTEMPATH/Exceptions/FrameworkException.php on line 33.
 1 SYSTEMPATH/View/View.php(201): CodeIgniter\Exceptions\FrameworkException::forInvalidFile()
 2 SYSTEMPATH/Common.php(1142): CodeIgniter\View\View->render()
 3 APPPATH/Controllers/Pages.php(28): view()
 4 SYSTEMPATH/CodeIgniter.php(907): App\Controllers\Pages->view()
 5 SYSTEMPATH/CodeIgniter.php(457): CodeIgniter\CodeIgniter->runController()
 6 SYSTEMPATH/CodeIgniter.php(340): CodeIgniter\CodeIgniter->handleRequest()
 7 FCPATH/index.php(67): CodeIgniter\CodeIgniter->run()
CRITICAL - 2022-09-28 11:17:10 --> Invalid file: pages/assets.php
in SYSTEMPATH/Exceptions/FrameworkException.php on line 33.
 1 SYSTEMPATH/View/View.php(201): CodeIgniter\Exceptions\FrameworkException::forInvalidFile()
 2 SYSTEMPATH/Common.php(1142): CodeIgniter\View\View->render()
 3 APPPATH/Controllers/Pages.php(28): view()
 4 SYSTEMPATH/CodeIgniter.php(907): App\Controllers\Pages->view()
 5 SYSTEMPATH/CodeIgniter.php(457): CodeIgniter\CodeIgniter->runController()
 6 SYSTEMPATH/CodeIgniter.php(340): CodeIgniter\CodeIgniter->handleRequest()
 7 FCPATH/index.php(67): CodeIgniter\CodeIgniter->run()
CRITICAL - 2022-09-28 11:17:10 --> Invalid file: pages/assets.php
in SYSTEMPATH/Exceptions/FrameworkException.php on line 33.
 1 SYSTEMPATH/View/View.php(201): CodeIgniter\Exceptions\FrameworkException::forInvalidFile()
 2 SYSTEMPATH/Common.php(1142): CodeIgniter\View\View->render()
 3 APPPATH/Controllers/Pages.php(28): view()
 4 SYSTEMPATH/CodeIgniter.php(907): App\Controllers\Pages->view()
 5 SYSTEMPATH/CodeIgniter.php(457): CodeIgniter\CodeIgniter->runController()
 6 SYSTEMPATH/CodeIgniter.php(340): CodeIgniter\CodeIgniter->handleRequest()
 7 FCPATH/index.php(67): CodeIgniter\CodeIgniter->run()
CRITICAL - 2022-09-28 11:17:11 --> Invalid file: pages/assets.php
in SYSTEMPATH/Exceptions/FrameworkException.php on line 33.
 1 SYSTEMPATH/View/View.php(201): CodeIgniter\Exceptions\FrameworkException::forInvalidFile()
 2 SYSTEMPATH/Common.php(1142): CodeIgniter\View\View->render()
 3 APPPATH/Controllers/Pages.php(28): view()
 4 SYSTEMPATH/CodeIgniter.php(907): App\Controllers\Pages->view()
 5 SYSTEMPATH/CodeIgniter.php(457): CodeIgniter\CodeIgniter->runController()
 6 SYSTEMPATH/CodeIgniter.php(340): CodeIgniter\CodeIgniter->handleRequest()
 7 FCPATH/index.php(67): CodeIgniter\CodeIgniter->run()
CRITICAL - 2022-09-28 11:17:27 --> Invalid file: pages/assets.php
in SYSTEMPATH/Exceptions/FrameworkException.php on line 33.
 1 SYSTEMPATH/View/View.php(201): CodeIgniter\Exceptions\FrameworkException::forInvalidFile()
 2 SYSTEMPATH/Common.php(1142): CodeIgniter\View\View->render()
 3 APPPATH/Controllers/Pages.php(28): view()
 4 SYSTEMPATH/CodeIgniter.php(907): App\Controllers\Pages->view()
 5 SYSTEMPATH/CodeIgniter.php(457): CodeIgniter\CodeIgniter->runController()
 6 SYSTEMPATH/CodeIgniter.php(340): CodeIgniter\CodeIgniter->handleRequest()
 7 FCPATH/index.php(67): CodeIgniter\CodeIgniter->run()
CRITICAL - 2022-09-28 11:17:28 --> Invalid file: pages/assets.php
in SYSTEMPATH/Exceptions/FrameworkException.php on line 33.
 1 SYSTEMPATH/View/View.php(201): CodeIgniter\Exceptions\FrameworkException::forInvalidFile()
 2 SYSTEMPATH/Common.php(1142): CodeIgniter\View\View->render()
 3 APPPATH/Controllers/Pages.php(28): view()
 4 SYSTEMPATH/CodeIgniter.php(907): App\Controllers\Pages->view()
 5 SYSTEMPATH/CodeIgniter.php(457): CodeIgniter\CodeIgniter->runController()
 6 SYSTEMPATH/CodeIgniter.php(340): CodeIgniter\CodeIgniter->handleRequest()
 7 FCPATH/index.php(67): CodeIgniter\CodeIgniter->run()
CRITICAL - 2022-09-28 11:17:29 --> Invalid file: pages/assets.php
in SYSTEMPATH/Exceptions/FrameworkException.php on line 33.
 1 SYSTEMPATH/View/View.php(201): CodeIgniter\Exceptions\FrameworkException::forInvalidFile()
 2 SYSTEMPATH/Common.php(1142): CodeIgniter\View\View->render()
 3 APPPATH/Controllers/Pages.php(28): view()
 4 SYSTEMPATH/CodeIgniter.php(907): App\Controllers\Pages->view()
 5 SYSTEMPATH/CodeIgniter.php(457): CodeIgniter\CodeIgniter->runController()
 6 SYSTEMPATH/CodeIgniter.php(340): CodeIgniter\CodeIgniter->handleRequest()
 7 FCPATH/index.php(67): CodeIgniter\CodeIgniter->run()
CRITICAL - 2022-09-28 11:17:51 --> Invalid file: pages/assets.php
in SYSTEMPATH/Exceptions/FrameworkException.php on line 33.
 1 SYSTEMPATH/View/View.php(201): CodeIgniter\Exceptions\FrameworkException::forInvalidFile()
 2 SYSTEMPATH/Common.php(1142): CodeIgniter\View\View->render()
 3 APPPATH/Controllers/Pages.php(28): view()
 4 SYSTEMPATH/CodeIgniter.php(907): App\Controllers\Pages->view()
 5 SYSTEMPATH/CodeIgniter.php(457): CodeIgniter\CodeIgniter->runController()
 6 SYSTEMPATH/CodeIgniter.php(340): CodeIgniter\CodeIgniter->handleRequest()
 7 FCPATH/index.php(67): CodeIgniter\CodeIgniter->run()
CRITICAL - 2022-09-28 11:17:52 --> Invalid file: pages/assets.php
in SYSTEMPATH/Exceptions/FrameworkException.php on line 33.
 1 SYSTEMPATH/View/View.php(201): CodeIgniter\Exceptions\FrameworkException::forInvalidFile()
 2 SYSTEMPATH/Common.php(1142): CodeIgniter\View\View->render()
 3 APPPATH/Controllers/Pages.php(28): view()
 4 SYSTEMPATH/CodeIgniter.php(907): App\Controllers\Pages->view()
 5 SYSTEMPATH/CodeIgniter.php(457): CodeIgniter\CodeIgniter->runController()
 6 SYSTEMPATH/CodeIgniter.php(340): CodeIgniter\CodeIgniter->handleRequest()
 7 FCPATH/index.php(67): CodeIgniter\CodeIgniter->run()
CRITICAL - 2022-09-28 11:17:52 --> Invalid file: pages/assets.php
in SYSTEMPATH/Exceptions/FrameworkException.php on line 33.
 1 SYSTEMPATH/View/View.php(201): CodeIgniter\Exceptions\FrameworkException::forInvalidFile()
 2 SYSTEMPATH/Common.php(1142): CodeIgniter\View\View->render()
 3 APPPATH/Controllers/Pages.php(28): view()
 4 SYSTEMPATH/CodeIgniter.php(907): App\Controllers\Pages->view()
 5 SYSTEMPATH/CodeIgniter.php(457): CodeIgniter\CodeIgniter->runController()
 6 SYSTEMPATH/CodeIgniter.php(340): CodeIgniter\CodeIgniter->handleRequest()
 7 FCPATH/index.php(67): CodeIgniter\CodeIgniter->run()
CRITICAL - 2022-09-28 11:18:20 --> Invalid file: pages/assets.php
in SYSTEMPATH/Exceptions/FrameworkException.php on line 33.
 1 SYSTEMPATH/View/View.php(201): CodeIgniter\Exceptions\FrameworkException::forInvalidFile()
 2 SYSTEMPATH/Common.php(1142): CodeIgniter\View\View->render()
 3 APPPATH/Controllers/Pages.php(28): view()
 4 SYSTEMPATH/CodeIgniter.php(907): App\Controllers\Pages->view()
 5 SYSTEMPATH/CodeIgniter.php(457): CodeIgniter\CodeIgniter->runController()
 6 SYSTEMPATH/CodeIgniter.php(340): CodeIgniter\CodeIgniter->handleRequest()
 7 FCPATH/index.php(67): CodeIgniter\CodeIgniter->run()
CRITICAL - 2022-09-28 11:18:21 --> Invalid file: pages/assets.php
in SYSTEMPATH/Exceptions/FrameworkException.php on line 33.
 1 SYSTEMPATH/View/View.php(201): CodeIgniter\Exceptions\FrameworkException::forInvalidFile()
 2 SYSTEMPATH/Common.php(1142): CodeIgniter\View\View->render()
 3 APPPATH/Controllers/Pages.php(28): view()
 4 SYSTEMPATH/CodeIgniter.php(907): App\Controllers\Pages->view()
 5 SYSTEMPATH/CodeIgniter.php(457): CodeIgniter\CodeIgniter->runController()
 6 SYSTEMPATH/CodeIgniter.php(340): CodeIgniter\CodeIgniter->handleRequest()
 7 FCPATH/index.php(67): CodeIgniter\CodeIgniter->run()
CRITICAL - 2022-09-28 11:18:22 --> Invalid file: pages/assets.php
in SYSTEMPATH/Exceptions/FrameworkException.php on line 33.
 1 SYSTEMPATH/View/View.php(201): CodeIgniter\Exceptions\FrameworkException::forInvalidFile()
 2 SYSTEMPATH/Common.php(1142): CodeIgniter\View\View->render()
 3 APPPATH/Controllers/Pages.php(28): view()
 4 SYSTEMPATH/CodeIgniter.php(907): App\Controllers\Pages->view()
 5 SYSTEMPATH/CodeIgniter.php(457): CodeIgniter\CodeIgniter->runController()
 6 SYSTEMPATH/CodeIgniter.php(340): CodeIgniter\CodeIgniter->handleRequest()
 7 FCPATH/index.php(67): CodeIgniter\CodeIgniter->run()
CRITICAL - 2022-09-28 11:18:35 --> Invalid file: pages/assets.php
in SYSTEMPATH/Exceptions/FrameworkException.php on line 33.
 1 SYSTEMPATH/View/View.php(201): CodeIgniter\Exceptions\FrameworkException::forInvalidFile()
 2 SYSTEMPATH/Common.php(1142): CodeIgniter\View\View->render()
 3 APPPATH/Controllers/Pages.php(28): view()
 4 SYSTEMPATH/CodeIgniter.php(907): App\Controllers\Pages->view()
 5 SYSTEMPATH/CodeIgniter.php(457): CodeIgniter\CodeIgniter->runController()
 6 SYSTEMPATH/CodeIgniter.php(340): CodeIgniter\CodeIgniter->handleRequest()
 7 FCPATH/index.php(67): CodeIgniter\CodeIgniter->run()
CRITICAL - 2022-09-28 11:18:35 --> Invalid file: pages/assets.php
in SYSTEMPATH/Exceptions/FrameworkException.php on line 33.
 1 SYSTEMPATH/View/View.php(201): CodeIgniter\Exceptions\FrameworkException::forInvalidFile()
 2 SYSTEMPATH/Common.php(1142): CodeIgniter\View\View->render()
 3 APPPATH/Controllers/Pages.php(28): view()
 4 SYSTEMPATH/CodeIgniter.php(907): App\Controllers\Pages->view()
 5 SYSTEMPATH/CodeIgniter.php(457): CodeIgniter\CodeIgniter->runController()
 6 SYSTEMPATH/CodeIgniter.php(340): CodeIgniter\CodeIgniter->handleRequest()
 7 FCPATH/index.php(67): CodeIgniter\CodeIgniter->run()
CRITICAL - 2022-09-28 11:18:35 --> Invalid file: pages/assets.php
in SYSTEMPATH/Exceptions/FrameworkException.php on line 33.
 1 SYSTEMPATH/View/View.php(201): CodeIgniter\Exceptions\FrameworkException::forInvalidFile()
 2 SYSTEMPATH/Common.php(1142): CodeIgniter\View\View->render()
 3 APPPATH/Controllers/Pages.php(28): view()
 4 SYSTEMPATH/CodeIgniter.php(907): App\Controllers\Pages->view()
 5 SYSTEMPATH/CodeIgniter.php(457): CodeIgniter\CodeIgniter->runController()
 6 SYSTEMPATH/CodeIgniter.php(340): CodeIgniter\CodeIgniter->handleRequest()
 7 FCPATH/index.php(67): CodeIgniter\CodeIgniter->run()
CRITICAL - 2022-09-28 11:18:36 --> Invalid file: pages/assets.php
in SYSTEMPATH/Exceptions/FrameworkException.php on line 33.
 1 SYSTEMPATH/View/View.php(201): CodeIgniter\Exceptions\FrameworkException::forInvalidFile()
 2 SYSTEMPATH/Common.php(1142): CodeIgniter\View\View->render()
 3 APPPATH/Controllers/Pages.php(28): view()
 4 SYSTEMPATH/CodeIgniter.php(907): App\Controllers\Pages->view()
 5 SYSTEMPATH/CodeIgniter.php(457): CodeIgniter\CodeIgniter->runController()
 6 SYSTEMPATH/CodeIgniter.php(340): CodeIgniter\CodeIgniter->handleRequest()
 7 FCPATH/index.php(67): CodeIgniter\CodeIgniter->run()
CRITICAL - 2022-09-28 11:18:36 --> Invalid file: pages/assets.php
in SYSTEMPATH/Exceptions/FrameworkException.php on line 33.
 1 SYSTEMPATH/View/View.php(201): CodeIgniter\Exceptions\FrameworkException::forInvalidFile()
 2 SYSTEMPATH/Common.php(1142): CodeIgniter\View\View->render()
 3 APPPATH/Controllers/Pages.php(28): view()
 4 SYSTEMPATH/CodeIgniter.php(907): App\Controllers\Pages->view()
 5 SYSTEMPATH/CodeIgniter.php(457): CodeIgniter\CodeIgniter->runController()
 6 SYSTEMPATH/CodeIgniter.php(340): CodeIgniter\CodeIgniter->handleRequest()
 7 FCPATH/index.php(67): CodeIgniter\CodeIgniter->run()
CRITICAL - 2022-09-28 11:18:39 --> Invalid file: pages/assets.php
in SYSTEMPATH/Exceptions/FrameworkException.php on line 33.
 1 SYSTEMPATH/View/View.php(201): CodeIgniter\Exceptions\FrameworkException::forInvalidFile()
 2 SYSTEMPATH/Common.php(1142): CodeIgniter\View\View->render()
 3 APPPATH/Controllers/Pages.php(28): view()
 4 SYSTEMPATH/CodeIgniter.php(907): App\Controllers\Pages->view()
 5 SYSTEMPATH/CodeIgniter.php(457): CodeIgniter\CodeIgniter->runController()
 6 SYSTEMPATH/CodeIgniter.php(340): CodeIgniter\CodeIgniter->handleRequest()
 7 FCPATH/index.php(67): CodeIgniter\CodeIgniter->run()
CRITICAL - 2022-09-28 11:18:39 --> Invalid file: pages/assets.php
in SYSTEMPATH/Exceptions/FrameworkException.php on line 33.
 1 SYSTEMPATH/View/View.php(201): CodeIgniter\Exceptions\FrameworkException::forInvalidFile()
 2 SYSTEMPATH/Common.php(1142): CodeIgniter\View\View->render()
 3 APPPATH/Controllers/Pages.php(28): view()
 4 SYSTEMPATH/CodeIgniter.php(907): App\Controllers\Pages->view()
 5 SYSTEMPATH/CodeIgniter.php(457): CodeIgniter\CodeIgniter->runController()
 6 SYSTEMPATH/CodeIgniter.php(340): CodeIgniter\CodeIgniter->handleRequest()
 7 FCPATH/index.php(67): CodeIgniter\CodeIgniter->run()
CRITICAL - 2022-09-28 11:18:41 --> Invalid file: pages/assets.php
in SYSTEMPATH/Exceptions/FrameworkException.php on line 33.
 1 SYSTEMPATH/View/View.php(201): CodeIgniter\Exceptions\FrameworkException::forInvalidFile()
 2 SYSTEMPATH/Common.php(1142): CodeIgniter\View\View->render()
 3 APPPATH/Controllers/Pages.php(28): view()
 4 SYSTEMPATH/CodeIgniter.php(907): App\Controllers\Pages->view()
 5 SYSTEMPATH/CodeIgniter.php(457): CodeIgniter\CodeIgniter->runController()
 6 SYSTEMPATH/CodeIgniter.php(340): CodeIgniter\CodeIgniter->handleRequest()
 7 FCPATH/index.php(67): CodeIgniter\CodeIgniter->run()
CRITICAL - 2022-09-28 11:18:41 --> Invalid file: pages/assets.php
in SYSTEMPATH/Exceptions/FrameworkException.php on line 33.
 1 SYSTEMPATH/View/View.php(201): CodeIgniter\Exceptions\FrameworkException::forInvalidFile()
 2 SYSTEMPATH/Common.php(1142): CodeIgniter\View\View->render()
 3 APPPATH/Controllers/Pages.php(28): view()
 4 SYSTEMPATH/CodeIgniter.php(907): App\Controllers\Pages->view()
 5 SYSTEMPATH/CodeIgniter.php(457): CodeIgniter\CodeIgniter->runController()
 6 SYSTEMPATH/CodeIgniter.php(340): CodeIgniter\CodeIgniter->handleRequest()
 7 FCPATH/index.php(67): CodeIgniter\CodeIgniter->run()
CRITICAL - 2022-09-28 11:19:37 --> Invalid file: pages/assets.php
in SYSTEMPATH/Exceptions/FrameworkException.php on line 33.
 1 SYSTEMPATH/View/View.php(201): CodeIgniter\Exceptions\FrameworkException::forInvalidFile()
 2 SYSTEMPATH/Common.php(1142): CodeIgniter\View\View->render()
 3 APPPATH/Controllers/Pages.php(28): view()
 4 SYSTEMPATH/CodeIgniter.php(907): App\Controllers\Pages->view()
 5 SYSTEMPATH/CodeIgniter.php(457): CodeIgniter\CodeIgniter->runController()
 6 SYSTEMPATH/CodeIgniter.php(340): CodeIgniter\CodeIgniter->handleRequest()
 7 FCPATH/index.php(67): CodeIgniter\CodeIgniter->run()
CRITICAL - 2022-09-28 11:19:37 --> Invalid file: pages/assets.php
in SYSTEMPATH/Exceptions/FrameworkException.php on line 33.
 1 SYSTEMPATH/View/View.php(201): CodeIgniter\Exceptions\FrameworkException::forInvalidFile()
 2 SYSTEMPATH/Common.php(1142): CodeIgniter\View\View->render()
 3 APPPATH/Controllers/Pages.php(28): view()
 4 SYSTEMPATH/CodeIgniter.php(907): App\Controllers\Pages->view()
 5 SYSTEMPATH/CodeIgniter.php(457): CodeIgniter\CodeIgniter->runController()
 6 SYSTEMPATH/CodeIgniter.php(340): CodeIgniter\CodeIgniter->handleRequest()
 7 FCPATH/index.php(67): CodeIgniter\CodeIgniter->run()
CRITICAL - 2022-09-28 11:19:37 --> Invalid file: pages/__service-worker.js
in SYSTEMPATH/Exceptions/FrameworkException.php on line 33.
 1 SYSTEMPATH/View/View.php(201): CodeIgniter\Exceptions\FrameworkException::forInvalidFile()
 2 SYSTEMPATH/Common.php(1142): CodeIgniter\View\View->render()
 3 APPPATH/Controllers/Pages.php(28): view()
 4 SYSTEMPATH/CodeIgniter.php(907): App\Controllers\Pages->view()
 5 SYSTEMPATH/CodeIgniter.php(457): CodeIgniter\CodeIgniter->runController()
 6 SYSTEMPATH/CodeIgniter.php(340): CodeIgniter\CodeIgniter->handleRequest()
 7 FCPATH/index.php(67): CodeIgniter\CodeIgniter->run()
CRITICAL - 2022-09-28 11:19:37 --> Invalid file: pages/assets.php
in SYSTEMPATH/Exceptions/FrameworkException.php on line 33.
 1 SYSTEMPATH/View/View.php(201): CodeIgniter\Exceptions\FrameworkException::forInvalidFile()
 2 SYSTEMPATH/Common.php(1142): CodeIgniter\View\View->render()
 3 APPPATH/Controllers/Pages.php(28): view()
 4 SYSTEMPATH/CodeIgniter.php(907): App\Controllers\Pages->view()
 5 SYSTEMPATH/CodeIgniter.php(457): CodeIgniter\CodeIgniter->runController()
 6 SYSTEMPATH/CodeIgniter.php(340): CodeIgniter\CodeIgniter->handleRequest()
 7 FCPATH/index.php(67): CodeIgniter\CodeIgniter->run()
CRITICAL - 2022-09-28 11:19:37 --> Invalid file: pages/assets.php
in SYSTEMPATH/Exceptions/FrameworkException.php on line 33.
 1 SYSTEMPATH/View/View.php(201): CodeIgniter\Exceptions\FrameworkException::forInvalidFile()
 2 SYSTEMPATH/Common.php(1142): CodeIgniter\View\View->render()
 3 APPPATH/Controllers/Pages.php(28): view()
 4 SYSTEMPATH/CodeIgniter.php(907): App\Controllers\Pages->view()
 5 SYSTEMPATH/CodeIgniter.php(457): CodeIgniter\CodeIgniter->runController()
 6 SYSTEMPATH/CodeIgniter.php(340): CodeIgniter\CodeIgniter->handleRequest()
 7 FCPATH/index.php(67): CodeIgniter\CodeIgniter->run()
CRITICAL - 2022-09-28 11:19:38 --> Invalid file: pages/assets.php
in SYSTEMPATH/Exceptions/FrameworkException.php on line 33.
 1 SYSTEMPATH/View/View.php(201): CodeIgniter\Exceptions\FrameworkException::forInvalidFile()
 2 SYSTEMPATH/Common.php(1142): CodeIgniter\View\View->render()
 3 APPPATH/Controllers/Pages.php(28): view()
 4 SYSTEMPATH/CodeIgniter.php(907): App\Controllers\Pages->view()
 5 SYSTEMPATH/CodeIgniter.php(457): CodeIgniter\CodeIgniter->runController()
 6 SYSTEMPATH/CodeIgniter.php(340): CodeIgniter\CodeIgniter->handleRequest()
 7 FCPATH/index.php(67): CodeIgniter\CodeIgniter->run()
CRITICAL - 2022-09-28 11:19:38 --> Invalid file: pages/assets.php
in SYSTEMPATH/Exceptions/FrameworkException.php on line 33.
 1 SYSTEMPATH/View/View.php(201): CodeIgniter\Exceptions\FrameworkException::forInvalidFile()
 2 SYSTEMPATH/Common.php(1142): CodeIgniter\View\View->render()
 3 APPPATH/Controllers/Pages.php(28): view()
 4 SYSTEMPATH/CodeIgniter.php(907): App\Controllers\Pages->view()
 5 SYSTEMPATH/CodeIgniter.php(457): CodeIgniter\CodeIgniter->runController()
 6 SYSTEMPATH/CodeIgniter.php(340): CodeIgniter\CodeIgniter->handleRequest()
 7 FCPATH/index.php(67): CodeIgniter\CodeIgniter->run()
CRITICAL - 2022-09-28 11:21:30 --> Unclosed '[' does not match ')'
in APPPATH/Views/admin/settings.php on line 38.
 1 SYSTEMPATH/View/View.php(216): CodeIgniter\View\View->CodeIgniter\View\{closure}()
 2 SYSTEMPATH/Common.php(1142): CodeIgniter\View\View->render()
 3 APPPATH/Controllers/Admin.php(1667): view()
 4 SYSTEMPATH/CodeIgniter.php(907): App\Controllers\Admin->settings()
 5 SYSTEMPATH/CodeIgniter.php(457): CodeIgniter\CodeIgniter->runController()
 6 SYSTEMPATH/CodeIgniter.php(340): CodeIgniter\CodeIgniter->handleRequest()
 7 FCPATH/index.php(67): CodeIgniter\CodeIgniter->run()
CRITICAL - 2022-09-28 11:22:39 --> Undefined array key "allow_deposit_hash"
in APPPATH/Views/admin/settings.php on line 107.
 1 APPPATH/Views/admin/settings.php(107): CodeIgniter\Debug\Exceptions->errorHandler()
 2 SYSTEMPATH/View/View.php(213): include('APPPATH/Views/admin/settings.php')
 3 SYSTEMPATH/View/View.php(216): CodeIgniter\View\View->CodeIgniter\View\{closure}()
 4 SYSTEMPATH/Common.php(1142): CodeIgniter\View\View->render()
 5 APPPATH/Controllers/Admin.php(1667): view()
 6 SYSTEMPATH/CodeIgniter.php(907): App\Controllers\Admin->settings()
 7 SYSTEMPATH/CodeIgniter.php(457): CodeIgniter\CodeIgniter->runController()
 8 SYSTEMPATH/CodeIgniter.php(340): CodeIgniter\CodeIgniter->handleRequest()
 9 FCPATH/index.php(67): CodeIgniter\CodeIgniter->run()
CRITICAL - 2022-09-28 11:24:14 --> Invalid file: pages/assets.php
in SYSTEMPATH/Exceptions/FrameworkException.php on line 33.
 1 SYSTEMPATH/View/View.php(201): CodeIgniter\Exceptions\FrameworkException::forInvalidFile()
 2 SYSTEMPATH/Common.php(1142): CodeIgniter\View\View->render()
 3 APPPATH/Controllers/Pages.php(28): view()
 4 SYSTEMPATH/CodeIgniter.php(907): App\Controllers\Pages->view()
 5 SYSTEMPATH/CodeIgniter.php(457): CodeIgniter\CodeIgniter->runController()
 6 SYSTEMPATH/CodeIgniter.php(340): CodeIgniter\CodeIgniter->handleRequest()
 7 FCPATH/index.php(67): CodeIgniter\CodeIgniter->run()
CRITICAL - 2022-09-28 11:24:14 --> Invalid file: pages/__service-worker.js
in SYSTEMPATH/Exceptions/FrameworkException.php on line 33.
 1 SYSTEMPATH/View/View.php(201): CodeIgniter\Exceptions\FrameworkException::forInvalidFile()
 2 SYSTEMPATH/Common.php(1142): CodeIgniter\View\View->render()
 3 APPPATH/Controllers/Pages.php(28): view()
 4 SYSTEMPATH/CodeIgniter.php(907): App\Controllers\Pages->view()
 5 SYSTEMPATH/CodeIgniter.php(457): CodeIgniter\CodeIgniter->runController()
 6 SYSTEMPATH/CodeIgniter.php(340): CodeIgniter\CodeIgniter->handleRequest()
 7 FCPATH/index.php(67): CodeIgniter\CodeIgniter->run()
CRITICAL - 2022-09-28 11:24:14 --> Invalid file: pages/assets.php
in SYSTEMPATH/Exceptions/FrameworkException.php on line 33.
 1 SYSTEMPATH/View/View.php(201): CodeIgniter\Exceptions\FrameworkException::forInvalidFile()
 2 SYSTEMPATH/Common.php(1142): CodeIgniter\View\View->render()
 3 APPPATH/Controllers/Pages.php(28): view()
 4 SYSTEMPATH/CodeIgniter.php(907): App\Controllers\Pages->view()
 5 SYSTEMPATH/CodeIgniter.php(457): CodeIgniter\CodeIgniter->runController()
 6 SYSTEMPATH/CodeIgniter.php(340): CodeIgniter\CodeIgniter->handleRequest()
 7 FCPATH/index.php(67): CodeIgniter\CodeIgniter->run()
CRITICAL - 2022-09-28 11:24:15 --> Invalid file: pages/assets.php
in SYSTEMPATH/Exceptions/FrameworkException.php on line 33.
 1 SYSTEMPATH/View/View.php(201): CodeIgniter\Exceptions\FrameworkException::forInvalidFile()
 2 SYSTEMPATH/Common.php(1142): CodeIgniter\View\View->render()
 3 APPPATH/Controllers/Pages.php(28): view()
 4 SYSTEMPATH/CodeIgniter.php(907): App\Controllers\Pages->view()
 5 SYSTEMPATH/CodeIgniter.php(457): CodeIgniter\CodeIgniter->runController()
 6 SYSTEMPATH/CodeIgniter.php(340): CodeIgniter\CodeIgniter->handleRequest()
 7 FCPATH/index.php(67): CodeIgniter\CodeIgniter->run()
CRITICAL - 2022-09-28 11:24:15 --> Invalid file: pages/assets.php
in SYSTEMPATH/Exceptions/FrameworkException.php on line 33.
 1 SYSTEMPATH/View/View.php(201): CodeIgniter\Exceptions\FrameworkException::forInvalidFile()
 2 SYSTEMPATH/Common.php(1142): CodeIgniter\View\View->render()
 3 APPPATH/Controllers/Pages.php(28): view()
 4 SYSTEMPATH/CodeIgniter.php(907): App\Controllers\Pages->view()
 5 SYSTEMPATH/CodeIgniter.php(457): CodeIgniter\CodeIgniter->runController()
 6 SYSTEMPATH/CodeIgniter.php(340): CodeIgniter\CodeIgniter->handleRequest()
 7 FCPATH/index.php(67): CodeIgniter\CodeIgniter->run()
CRITICAL - 2022-09-28 11:24:15 --> Invalid file: pages/assets.php
in SYSTEMPATH/Exceptions/FrameworkException.php on line 33.
 1 SYSTEMPATH/View/View.php(201): CodeIgniter\Exceptions\FrameworkException::forInvalidFile()
 2 SYSTEMPATH/Common.php(1142): CodeIgniter\View\View->render()
 3 APPPATH/Controllers/Pages.php(28): view()
 4 SYSTEMPATH/CodeIgniter.php(907): App\Controllers\Pages->view()
 5 SYSTEMPATH/CodeIgniter.php(457): CodeIgniter\CodeIgniter->runController()
 6 SYSTEMPATH/CodeIgniter.php(340): CodeIgniter\CodeIgniter->handleRequest()
 7 FCPATH/index.php(67): CodeIgniter\CodeIgniter->run()
CRITICAL - 2022-09-28 11:24:16 --> Invalid file: pages/assets.php
in SYSTEMPATH/Exceptions/FrameworkException.php on line 33.
 1 SYSTEMPATH/View/View.php(201): CodeIgniter\Exceptions\FrameworkException::forInvalidFile()
 2 SYSTEMPATH/Common.php(1142): CodeIgniter\View\View->render()
 3 APPPATH/Controllers/Pages.php(28): view()
 4 SYSTEMPATH/CodeIgniter.php(907): App\Controllers\Pages->view()
 5 SYSTEMPATH/CodeIgniter.php(457): CodeIgniter\CodeIgniter->runController()
 6 SYSTEMPATH/CodeIgniter.php(340): CodeIgniter\CodeIgniter->handleRequest()
 7 FCPATH/index.php(67): CodeIgniter\CodeIgniter->run()
CRITICAL - 2022-09-28 11:25:00 --> Invalid file: pages/assets.php
in SYSTEMPATH/Exceptions/FrameworkException.php on line 33.
 1 SYSTEMPATH/View/View.php(201): CodeIgniter\Exceptions\FrameworkException::forInvalidFile()
 2 SYSTEMPATH/Common.php(1142): CodeIgniter\View\View->render()
 3 APPPATH/Controllers/Pages.php(28): view()
 4 SYSTEMPATH/CodeIgniter.php(907): App\Controllers\Pages->view()
 5 SYSTEMPATH/CodeIgniter.php(457): CodeIgniter\CodeIgniter->runController()
 6 SYSTEMPATH/CodeIgniter.php(340): CodeIgniter\CodeIgniter->handleRequest()
 7 FCPATH/index.php(67): CodeIgniter\CodeIgniter->run()
CRITICAL - 2022-09-28 11:25:01 --> Invalid file: pages/assets.php
in SYSTEMPATH/Exceptions/FrameworkException.php on line 33.
 1 SYSTEMPATH/View/View.php(201): CodeIgniter\Exceptions\FrameworkException::forInvalidFile()
 2 SYSTEMPATH/Common.php(1142): CodeIgniter\View\View->render()
 3 APPPATH/Controllers/Pages.php(28): view()
 4 SYSTEMPATH/CodeIgniter.php(907): App\Controllers\Pages->view()
 5 SYSTEMPATH/CodeIgniter.php(457): CodeIgniter\CodeIgniter->runController()
 6 SYSTEMPATH/CodeIgniter.php(340): CodeIgniter\CodeIgniter->handleRequest()
 7 FCPATH/index.php(67): CodeIgniter\CodeIgniter->run()
CRITICAL - 2022-09-28 11:25:01 --> Invalid file: pages/assets.php
in SYSTEMPATH/Exceptions/FrameworkException.php on line 33.
 1 SYSTEMPATH/View/View.php(201): CodeIgniter\Exceptions\FrameworkException::forInvalidFile()
 2 SYSTEMPATH/Common.php(1142): CodeIgniter\View\View->render()
 3 APPPATH/Controllers/Pages.php(28): view()
 4 SYSTEMPATH/CodeIgniter.php(907): App\Controllers\Pages->view()
 5 SYSTEMPATH/CodeIgniter.php(457): CodeIgniter\CodeIgniter->runController()
 6 SYSTEMPATH/CodeIgniter.php(340): CodeIgniter\CodeIgniter->handleRequest()
 7 FCPATH/index.php(67): CodeIgniter\CodeIgniter->run()
CRITICAL - 2022-09-28 11:25:11 --> Invalid file: pages/assets.php
in SYSTEMPATH/Exceptions/FrameworkException.php on line 33.
 1 SYSTEMPATH/View/View.php(201): CodeIgniter\Exceptions\FrameworkException::forInvalidFile()
 2 SYSTEMPATH/Common.php(1142): CodeIgniter\View\View->render()
 3 APPPATH/Controllers/Pages.php(28): view()
 4 SYSTEMPATH/CodeIgniter.php(907): App\Controllers\Pages->view()
 5 SYSTEMPATH/CodeIgniter.php(457): CodeIgniter\CodeIgniter->runController()
 6 SYSTEMPATH/CodeIgniter.php(340): CodeIgniter\CodeIgniter->handleRequest()
 7 FCPATH/index.php(67): CodeIgniter\CodeIgniter->run()
CRITICAL - 2022-09-28 11:25:11 --> Invalid file: pages/__service-worker.js
in SYSTEMPATH/Exceptions/FrameworkException.php on line 33.
 1 SYSTEMPATH/View/View.php(201): CodeIgniter\Exceptions\FrameworkException::forInvalidFile()
 2 SYSTEMPATH/Common.php(1142): CodeIgniter\View\View->render()
 3 APPPATH/Controllers/Pages.php(28): view()
 4 SYSTEMPATH/CodeIgniter.php(907): App\Controllers\Pages->view()
 5 SYSTEMPATH/CodeIgniter.php(457): CodeIgniter\CodeIgniter->runController()
 6 SYSTEMPATH/CodeIgniter.php(340): CodeIgniter\CodeIgniter->handleRequest()
 7 FCPATH/index.php(67): CodeIgniter\CodeIgniter->run()
CRITICAL - 2022-09-28 11:25:11 --> Invalid file: pages/assets.php
in SYSTEMPATH/Exceptions/FrameworkException.php on line 33.
 1 SYSTEMPATH/View/View.php(201): CodeIgniter\Exceptions\FrameworkException::forInvalidFile()
 2 SYSTEMPATH/Common.php(1142): CodeIgniter\View\View->render()
 3 APPPATH/Controllers/Pages.php(28): view()
 4 SYSTEMPATH/CodeIgniter.php(907): App\Controllers\Pages->view()
 5 SYSTEMPATH/CodeIgniter.php(457): CodeIgniter\CodeIgniter->runController()
 6 SYSTEMPATH/CodeIgniter.php(340): CodeIgniter\CodeIgniter->handleRequest()
 7 FCPATH/index.php(67): CodeIgniter\CodeIgniter->run()
CRITICAL - 2022-09-28 11:25:12 --> Invalid file: pages/assets.php
in SYSTEMPATH/Exceptions/FrameworkException.php on line 33.
 1 SYSTEMPATH/View/View.php(201): CodeIgniter\Exceptions\FrameworkException::forInvalidFile()
 2 SYSTEMPATH/Common.php(1142): CodeIgniter\View\View->render()
 3 APPPATH/Controllers/Pages.php(28): view()
 4 SYSTEMPATH/CodeIgniter.php(907): App\Controllers\Pages->view()
 5 SYSTEMPATH/CodeIgniter.php(457): CodeIgniter\CodeIgniter->runController()
 6 SYSTEMPATH/CodeIgniter.php(340): CodeIgniter\CodeIgniter->handleRequest()
 7 FCPATH/index.php(67): CodeIgniter\CodeIgniter->run()
CRITICAL - 2022-09-28 11:25:12 --> Invalid file: pages/assets.php
in SYSTEMPATH/Exceptions/FrameworkException.php on line 33.
 1 SYSTEMPATH/View/View.php(201): CodeIgniter\Exceptions\FrameworkException::forInvalidFile()
 2 SYSTEMPATH/Common.php(1142): CodeIgniter\View\View->render()
 3 APPPATH/Controllers/Pages.php(28): view()
 4 SYSTEMPATH/CodeIgniter.php(907): App\Controllers\Pages->view()
 5 SYSTEMPATH/CodeIgniter.php(457): CodeIgniter\CodeIgniter->runController()
 6 SYSTEMPATH/CodeIgniter.php(340): CodeIgniter\CodeIgniter->handleRequest()
 7 FCPATH/index.php(67): CodeIgniter\CodeIgniter->run()
CRITICAL - 2022-09-28 11:25:12 --> Invalid file: pages/assets.php
in SYSTEMPATH/Exceptions/FrameworkException.php on line 33.
 1 SYSTEMPATH/View/View.php(201): CodeIgniter\Exceptions\FrameworkException::forInvalidFile()
 2 SYSTEMPATH/Common.php(1142): CodeIgniter\View\View->render()
 3 APPPATH/Controllers/Pages.php(28): view()
 4 SYSTEMPATH/CodeIgniter.php(907): App\Controllers\Pages->view()
 5 SYSTEMPATH/CodeIgniter.php(457): CodeIgniter\CodeIgniter->runController()
 6 SYSTEMPATH/CodeIgniter.php(340): CodeIgniter\CodeIgniter->handleRequest()
 7 FCPATH/index.php(67): CodeIgniter\CodeIgniter->run()
CRITICAL - 2022-09-28 11:25:13 --> Invalid file: pages/assets.php
in SYSTEMPATH/Exceptions/FrameworkException.php on line 33.
 1 SYSTEMPATH/View/View.php(201): CodeIgniter\Exceptions\FrameworkException::forInvalidFile()
 2 SYSTEMPATH/Common.php(1142): CodeIgniter\View\View->render()
 3 APPPATH/Controllers/Pages.php(28): view()
 4 SYSTEMPATH/CodeIgniter.php(907): App\Controllers\Pages->view()
 5 SYSTEMPATH/CodeIgniter.php(457): CodeIgniter\CodeIgniter->runController()
 6 SYSTEMPATH/CodeIgniter.php(340): CodeIgniter\CodeIgniter->handleRequest()
 7 FCPATH/index.php(67): CodeIgniter\CodeIgniter->run()
CRITICAL - 2022-09-28 11:25:24 --> Invalid file: pages/assets.php
in SYSTEMPATH/Exceptions/FrameworkException.php on line 33.
 1 SYSTEMPATH/View/View.php(201): CodeIgniter\Exceptions\FrameworkException::forInvalidFile()
 2 SYSTEMPATH/Common.php(1142): CodeIgniter\View\View->render()
 3 APPPATH/Controllers/Pages.php(28): view()
 4 SYSTEMPATH/CodeIgniter.php(907): App\Controllers\Pages->view()
 5 SYSTEMPATH/CodeIgniter.php(457): CodeIgniter\CodeIgniter->runController()
 6 SYSTEMPATH/CodeIgniter.php(340): CodeIgniter\CodeIgniter->handleRequest()
 7 FCPATH/index.php(67): CodeIgniter\CodeIgniter->run()
CRITICAL - 2022-09-28 11:25:24 --> Invalid file: pages/assets.php
in SYSTEMPATH/Exceptions/FrameworkException.php on line 33.
 1 SYSTEMPATH/View/View.php(201): CodeIgniter\Exceptions\FrameworkException::forInvalidFile()
 2 SYSTEMPATH/Common.php(1142): CodeIgniter\View\View->render()
 3 APPPATH/Controllers/Pages.php(28): view()
 4 SYSTEMPATH/CodeIgniter.php(907): App\Controllers\Pages->view()
 5 SYSTEMPATH/CodeIgniter.php(457): CodeIgniter\CodeIgniter->runController()
 6 SYSTEMPATH/CodeIgniter.php(340): CodeIgniter\CodeIgniter->handleRequest()
 7 FCPATH/index.php(67): CodeIgniter\CodeIgniter->run()
CRITICAL - 2022-09-28 11:25:40 --> Invalid file: pages/assets.php
in SYSTEMPATH/Exceptions/FrameworkException.php on line 33.
 1 SYSTEMPATH/View/View.php(201): CodeIgniter\Exceptions\FrameworkException::forInvalidFile()
 2 SYSTEMPATH/Common.php(1142): CodeIgniter\View\View->render()
 3 APPPATH/Controllers/Pages.php(28): view()
 4 SYSTEMPATH/CodeIgniter.php(907): App\Controllers\Pages->view()
 5 SYSTEMPATH/CodeIgniter.php(457): CodeIgniter\CodeIgniter->runController()
 6 SYSTEMPATH/CodeIgniter.php(340): CodeIgniter\CodeIgniter->handleRequest()
 7 FCPATH/index.php(67): CodeIgniter\CodeIgniter->run()
CRITICAL - 2022-09-28 11:25:41 --> Invalid file: pages/assets.php
in SYSTEMPATH/Exceptions/FrameworkException.php on line 33.
 1 SYSTEMPATH/View/View.php(201): CodeIgniter\Exceptions\FrameworkException::forInvalidFile()
 2 SYSTEMPATH/Common.php(1142): CodeIgniter\View\View->render()
 3 APPPATH/Controllers/Pages.php(28): view()
 4 SYSTEMPATH/CodeIgniter.php(907): App\Controllers\Pages->view()
 5 SYSTEMPATH/CodeIgniter.php(457): CodeIgniter\CodeIgniter->runController()
 6 SYSTEMPATH/CodeIgniter.php(340): CodeIgniter\CodeIgniter->handleRequest()
 7 FCPATH/index.php(67): CodeIgniter\CodeIgniter->run()
CRITICAL - 2022-09-28 11:25:41 --> Invalid file: pages/assets.php
in SYSTEMPATH/Exceptions/FrameworkException.php on line 33.
 1 SYSTEMPATH/View/View.php(201): CodeIgniter\Exceptions\FrameworkException::forInvalidFile()
 2 SYSTEMPATH/Common.php(1142): CodeIgniter\View\View->render()
 3 APPPATH/Controllers/Pages.php(28): view()
 4 SYSTEMPATH/CodeIgniter.php(907): App\Controllers\Pages->view()
 5 SYSTEMPATH/CodeIgniter.php(457): CodeIgniter\CodeIgniter->runController()
 6 SYSTEMPATH/CodeIgniter.php(340): CodeIgniter\CodeIgniter->handleRequest()
 7 FCPATH/index.php(67): CodeIgniter\CodeIgniter->run()
CRITICAL - 2022-09-28 11:28:58 --> Invalid file: pages/.env
in SYSTEMPATH/Exceptions/FrameworkException.php on line 33.
 1 SYSTEMPATH/View/View.php(201): CodeIgniter\Exceptions\FrameworkException::forInvalidFile()
 2 SYSTEMPATH/Common.php(1142): CodeIgniter\View\View->render()
 3 APPPATH/Controllers/Pages.php(28): view()
 4 SYSTEMPATH/CodeIgniter.php(907): App\Controllers\Pages->view()
 5 SYSTEMPATH/CodeIgniter.php(457): CodeIgniter\CodeIgniter->runController()
 6 SYSTEMPATH/CodeIgniter.php(340): CodeIgniter\CodeIgniter->handleRequest()
 7 FCPATH/index.php(67): CodeIgniter\CodeIgniter->run()
CRITICAL - 2022-09-28 11:31:04 --> Invalid file: pages/assets.php
in SYSTEMPATH/Exceptions/FrameworkException.php on line 33.
 1 SYSTEMPATH/View/View.php(201): CodeIgniter\Exceptions\FrameworkException::forInvalidFile()
 2 SYSTEMPATH/Common.php(1142): CodeIgniter\View\View->render()
 3 APPPATH/Controllers/Pages.php(28): view()
 4 SYSTEMPATH/CodeIgniter.php(907): App\Controllers\Pages->view()
 5 SYSTEMPATH/CodeIgniter.php(457): CodeIgniter\CodeIgniter->runController()
 6 SYSTEMPATH/CodeIgniter.php(340): CodeIgniter\CodeIgniter->handleRequest()
 7 FCPATH/index.php(67): CodeIgniter\CodeIgniter->run()
CRITICAL - 2022-09-28 11:31:04 --> Invalid file: pages/assets.php
in SYSTEMPATH/Exceptions/FrameworkException.php on line 33.
 1 SYSTEMPATH/View/View.php(201): CodeIgniter\Exceptions\FrameworkException::forInvalidFile()
 2 SYSTEMPATH/Common.php(1142): CodeIgniter\View\View->render()
 3 APPPATH/Controllers/Pages.php(28): view()
 4 SYSTEMPATH/CodeIgniter.php(907): App\Controllers\Pages->view()
 5 SYSTEMPATH/CodeIgniter.php(457): CodeIgniter\CodeIgniter->runController()
 6 SYSTEMPATH/CodeIgniter.php(340): CodeIgniter\CodeIgniter->handleRequest()
 7 FCPATH/index.php(67): CodeIgniter\CodeIgniter->run()
CRITICAL - 2022-09-28 11:32:16 --> Invalid file: pages/assets.php
in SYSTEMPATH/Exceptions/FrameworkException.php on line 33.
 1 SYSTEMPATH/View/View.php(201): CodeIgniter\Exceptions\FrameworkException::forInvalidFile()
 2 SYSTEMPATH/Common.php(1142): CodeIgniter\View\View->render()
 3 APPPATH/Controllers/Pages.php(28): view()
 4 SYSTEMPATH/CodeIgniter.php(907): App\Controllers\Pages->view()
 5 SYSTEMPATH/CodeIgniter.php(457): CodeIgniter\CodeIgniter->runController()
 6 SYSTEMPATH/CodeIgniter.php(340): CodeIgniter\CodeIgniter->handleRequest()
 7 FCPATH/index.php(67): CodeIgniter\CodeIgniter->run()
CRITICAL - 2022-09-28 11:32:16 --> Invalid file: pages/assets.php
in SYSTEMPATH/Exceptions/FrameworkException.php on line 33.
 1 SYSTEMPATH/View/View.php(201): CodeIgniter\Exceptions\FrameworkException::forInvalidFile()
 2 SYSTEMPATH/Common.php(1142): CodeIgniter\View\View->render()
 3 APPPATH/Controllers/Pages.php(28): view()
 4 SYSTEMPATH/CodeIgniter.php(907): App\Controllers\Pages->view()
 5 SYSTEMPATH/CodeIgniter.php(457): CodeIgniter\CodeIgniter->runController()
 6 SYSTEMPATH/CodeIgniter.php(340): CodeIgniter\CodeIgniter->handleRequest()
 7 FCPATH/index.php(67): CodeIgniter\CodeIgniter->run()
CRITICAL - 2022-09-28 11:34:06 --> Invalid file: pages/assets.php
in SYSTEMPATH/Exceptions/FrameworkException.php on line 33.
 1 SYSTEMPATH/View/View.php(201): CodeIgniter\Exceptions\FrameworkException::forInvalidFile()
 2 SYSTEMPATH/Common.php(1142): CodeIgniter\View\View->render()
 3 APPPATH/Controllers/Pages.php(28): view()
 4 SYSTEMPATH/CodeIgniter.php(907): App\Controllers\Pages->view()
 5 SYSTEMPATH/CodeIgniter.php(457): CodeIgniter\CodeIgniter->runController()
 6 SYSTEMPATH/CodeIgniter.php(340): CodeIgniter\CodeIgniter->handleRequest()
 7 FCPATH/index.php(67): CodeIgniter\CodeIgniter->run()
CRITICAL - 2022-09-28 11:34:06 --> Invalid file: pages/assets.php
in SYSTEMPATH/Exceptions/FrameworkException.php on line 33.
 1 SYSTEMPATH/View/View.php(201): CodeIgniter\Exceptions\FrameworkException::forInvalidFile()
 2 SYSTEMPATH/Common.php(1142): CodeIgniter\View\View->render()
 3 APPPATH/Controllers/Pages.php(28): view()
 4 SYSTEMPATH/CodeIgniter.php(907): App\Controllers\Pages->view()
 5 SYSTEMPATH/CodeIgniter.php(457): CodeIgniter\CodeIgniter->runController()
 6 SYSTEMPATH/CodeIgniter.php(340): CodeIgniter\CodeIgniter->handleRequest()
 7 FCPATH/index.php(67): CodeIgniter\CodeIgniter->run()
CRITICAL - 2022-09-28 11:36:05 --> Invalid file: pages/assets.php
in SYSTEMPATH/Exceptions/FrameworkException.php on line 33.
 1 SYSTEMPATH/View/View.php(201): CodeIgniter\Exceptions\FrameworkException::forInvalidFile()
 2 SYSTEMPATH/Common.php(1142): CodeIgniter\View\View->render()
 3 APPPATH/Controllers/Pages.php(28): view()
 4 SYSTEMPATH/CodeIgniter.php(907): App\Controllers\Pages->view()
 5 SYSTEMPATH/CodeIgniter.php(457): CodeIgniter\CodeIgniter->runController()
 6 SYSTEMPATH/CodeIgniter.php(340): CodeIgniter\CodeIgniter->handleRequest()
 7 FCPATH/index.php(67): CodeIgniter\CodeIgniter->run()
CRITICAL - 2022-09-28 11:36:06 --> Invalid file: pages/assets.php
in SYSTEMPATH/Exceptions/FrameworkException.php on line 33.
 1 SYSTEMPATH/View/View.php(201): CodeIgniter\Exceptions\FrameworkException::forInvalidFile()
 2 SYSTEMPATH/Common.php(1142): CodeIgniter\View\View->render()
 3 APPPATH/Controllers/Pages.php(28): view()
 4 SYSTEMPATH/CodeIgniter.php(907): App\Controllers\Pages->view()
 5 SYSTEMPATH/CodeIgniter.php(457): CodeIgniter\CodeIgniter->runController()
 6 SYSTEMPATH/CodeIgniter.php(340): CodeIgniter\CodeIgniter->handleRequest()
 7 FCPATH/index.php(67): CodeIgniter\CodeIgniter->run()
CRITICAL - 2022-09-28 11:36:07 --> Invalid file: pages/assets.php
in SYSTEMPATH/Exceptions/FrameworkException.php on line 33.
 1 SYSTEMPATH/View/View.php(201): CodeIgniter\Exceptions\FrameworkException::forInvalidFile()
 2 SYSTEMPATH/Common.php(1142): CodeIgniter\View\View->render()
 3 APPPATH/Controllers/Pages.php(28): view()
 4 SYSTEMPATH/CodeIgniter.php(907): App\Controllers\Pages->view()
 5 SYSTEMPATH/CodeIgniter.php(457): CodeIgniter\CodeIgniter->runController()
 6 SYSTEMPATH/CodeIgniter.php(340): CodeIgniter\CodeIgniter->handleRequest()
 7 FCPATH/index.php(67): CodeIgniter\CodeIgniter->run()
CRITICAL - 2022-09-28 11:36:24 --> Invalid file: pages/assets.php
in SYSTEMPATH/Exceptions/FrameworkException.php on line 33.
 1 SYSTEMPATH/View/View.php(201): CodeIgniter\Exceptions\FrameworkException::forInvalidFile()
 2 SYSTEMPATH/Common.php(1142): CodeIgniter\View\View->render()
 3 APPPATH/Controllers/Pages.php(28): view()
 4 SYSTEMPATH/CodeIgniter.php(907): App\Controllers\Pages->view()
 5 SYSTEMPATH/CodeIgniter.php(457): CodeIgniter\CodeIgniter->runController()
 6 SYSTEMPATH/CodeIgniter.php(340): CodeIgniter\CodeIgniter->handleRequest()
 7 FCPATH/index.php(67): CodeIgniter\CodeIgniter->run()
CRITICAL - 2022-09-28 11:36:24 --> Invalid file: pages/assets.php
in SYSTEMPATH/Exceptions/FrameworkException.php on line 33.
 1 SYSTEMPATH/View/View.php(201): CodeIgniter\Exceptions\FrameworkException::forInvalidFile()
 2 SYSTEMPATH/Common.php(1142): CodeIgniter\View\View->render()
 3 APPPATH/Controllers/Pages.php(28): view()
 4 SYSTEMPATH/CodeIgniter.php(907): App\Controllers\Pages->view()
 5 SYSTEMPATH/CodeIgniter.php(457): CodeIgniter\CodeIgniter->runController()
 6 SYSTEMPATH/CodeIgniter.php(340): CodeIgniter\CodeIgniter->handleRequest()
 7 FCPATH/index.php(67): CodeIgniter\CodeIgniter->run()
CRITICAL - 2022-09-28 11:36:24 --> Invalid file: pages/assets.php
in SYSTEMPATH/Exceptions/FrameworkException.php on line 33.
 1 SYSTEMPATH/View/View.php(201): CodeIgniter\Exceptions\FrameworkException::forInvalidFile()
 2 SYSTEMPATH/Common.php(1142): CodeIgniter\View\View->render()
 3 APPPATH/Controllers/Pages.php(28): view()
 4 SYSTEMPATH/CodeIgniter.php(907): App\Controllers\Pages->view()
 5 SYSTEMPATH/CodeIgniter.php(457): CodeIgniter\CodeIgniter->runController()
 6 SYSTEMPATH/CodeIgniter.php(340): CodeIgniter\CodeIgniter->handleRequest()
 7 FCPATH/index.php(67): CodeIgniter\CodeIgniter->run()
CRITICAL - 2022-09-28 11:36:24 --> Invalid file: pages/assets.php
in SYSTEMPATH/Exceptions/FrameworkException.php on line 33.
 1 SYSTEMPATH/View/View.php(201): CodeIgniter\Exceptions\FrameworkException::forInvalidFile()
 2 SYSTEMPATH/Common.php(1142): CodeIgniter\View\View->render()
 3 APPPATH/Controllers/Pages.php(28): view()
 4 SYSTEMPATH/CodeIgniter.php(907): App\Controllers\Pages->view()
 5 SYSTEMPATH/CodeIgniter.php(457): CodeIgniter\CodeIgniter->runController()
 6 SYSTEMPATH/CodeIgniter.php(340): CodeIgniter\CodeIgniter->handleRequest()
 7 FCPATH/index.php(67): CodeIgniter\CodeIgniter->run()
CRITICAL - 2022-09-28 11:36:24 --> Invalid file: pages/assets.php
in SYSTEMPATH/Exceptions/FrameworkException.php on line 33.
 1 SYSTEMPATH/View/View.php(201): CodeIgniter\Exceptions\FrameworkException::forInvalidFile()
 2 SYSTEMPATH/Common.php(1142): CodeIgniter\View\View->render()
 3 APPPATH/Controllers/Pages.php(28): view()
 4 SYSTEMPATH/CodeIgniter.php(907): App\Controllers\Pages->view()
 5 SYSTEMPATH/CodeIgniter.php(457): CodeIgniter\CodeIgniter->runController()
 6 SYSTEMPATH/CodeIgniter.php(340): CodeIgniter\CodeIgniter->handleRequest()
 7 FCPATH/index.php(67): CodeIgniter\CodeIgniter->run()
CRITICAL - 2022-09-28 11:36:24 --> Invalid file: pages/__service-worker.js
in SYSTEMPATH/Exceptions/FrameworkException.php on line 33.
 1 SYSTEMPATH/View/View.php(201): CodeIgniter\Exceptions\FrameworkException::forInvalidFile()
 2 SYSTEMPATH/Common.php(1142): CodeIgniter\View\View->render()
 3 APPPATH/Controllers/Pages.php(28): view()
 4 SYSTEMPATH/CodeIgniter.php(907): App\Controllers\Pages->view()
 5 SYSTEMPATH/CodeIgniter.php(457): CodeIgniter\CodeIgniter->runController()
 6 SYSTEMPATH/CodeIgniter.php(340): CodeIgniter\CodeIgniter->handleRequest()
 7 FCPATH/index.php(67): CodeIgniter\CodeIgniter->run()
CRITICAL - 2022-09-28 11:36:25 --> Invalid file: pages/assets.php
in SYSTEMPATH/Exceptions/FrameworkException.php on line 33.
 1 SYSTEMPATH/View/View.php(201): CodeIgniter\Exceptions\FrameworkException::forInvalidFile()
 2 SYSTEMPATH/Common.php(1142): CodeIgniter\View\View->render()
 3 APPPATH/Controllers/Pages.php(28): view()
 4 SYSTEMPATH/CodeIgniter.php(907): App\Controllers\Pages->view()
 5 SYSTEMPATH/CodeIgniter.php(457): CodeIgniter\CodeIgniter->runController()
 6 SYSTEMPATH/CodeIgniter.php(340): CodeIgniter\CodeIgniter->handleRequest()
 7 FCPATH/index.php(67): CodeIgniter\CodeIgniter->run()
CRITICAL - 2022-09-28 11:38:11 --> Invalid file: pages/assets.php
in SYSTEMPATH/Exceptions/FrameworkException.php on line 33.
 1 SYSTEMPATH/View/View.php(201): CodeIgniter\Exceptions\FrameworkException::forInvalidFile()
 2 SYSTEMPATH/Common.php(1142): CodeIgniter\View\View->render()
 3 APPPATH/Controllers/Pages.php(28): view()
 4 SYSTEMPATH/CodeIgniter.php(907): App\Controllers\Pages->view()
 5 SYSTEMPATH/CodeIgniter.php(457): CodeIgniter\CodeIgniter->runController()
 6 SYSTEMPATH/CodeIgniter.php(340): CodeIgniter\CodeIgniter->handleRequest()
 7 FCPATH/index.php(67): CodeIgniter\CodeIgniter->run()
CRITICAL - 2022-09-28 11:38:12 --> Invalid file: pages/assets.php
in SYSTEMPATH/Exceptions/FrameworkException.php on line 33.
 1 SYSTEMPATH/View/View.php(201): CodeIgniter\Exceptions\FrameworkException::forInvalidFile()
 2 SYSTEMPATH/Common.php(1142): CodeIgniter\View\View->render()
 3 APPPATH/Controllers/Pages.php(28): view()
 4 SYSTEMPATH/CodeIgniter.php(907): App\Controllers\Pages->view()
 5 SYSTEMPATH/CodeIgniter.php(457): CodeIgniter\CodeIgniter->runController()
 6 SYSTEMPATH/CodeIgniter.php(340): CodeIgniter\CodeIgniter->handleRequest()
 7 FCPATH/index.php(67): CodeIgniter\CodeIgniter->run()
CRITICAL - 2022-09-28 11:38:13 --> Invalid file: pages/assets.php
in SYSTEMPATH/Exceptions/FrameworkException.php on line 33.
 1 SYSTEMPATH/View/View.php(201): CodeIgniter\Exceptions\FrameworkException::forInvalidFile()
 2 SYSTEMPATH/Common.php(1142): CodeIgniter\View\View->render()
 3 APPPATH/Controllers/Pages.php(28): view()
 4 SYSTEMPATH/CodeIgniter.php(907): App\Controllers\Pages->view()
 5 SYSTEMPATH/CodeIgniter.php(457): CodeIgniter\CodeIgniter->runController()
 6 SYSTEMPATH/CodeIgniter.php(340): CodeIgniter\CodeIgniter->handleRequest()
 7 FCPATH/index.php(67): CodeIgniter\CodeIgniter->run()
CRITICAL - 2022-09-28 11:38:18 --> Invalid file: pages/assets.php
in SYSTEMPATH/Exceptions/FrameworkException.php on line 33.
 1 SYSTEMPATH/View/View.php(201): CodeIgniter\Exceptions\FrameworkException::forInvalidFile()
 2 SYSTEMPATH/Common.php(1142): CodeIgniter\View\View->render()
 3 APPPATH/Controllers/Pages.php(28): view()
 4 SYSTEMPATH/CodeIgniter.php(907): App\Controllers\Pages->view()
 5 SYSTEMPATH/CodeIgniter.php(457): CodeIgniter\CodeIgniter->runController()
 6 SYSTEMPATH/CodeIgniter.php(340): CodeIgniter\CodeIgniter->handleRequest()
 7 FCPATH/index.php(67): CodeIgniter\CodeIgniter->run()
CRITICAL - 2022-09-28 11:38:19 --> Invalid file: pages/assets.php
in SYSTEMPATH/Exceptions/FrameworkException.php on line 33.
 1 SYSTEMPATH/View/View.php(201): CodeIgniter\Exceptions\FrameworkException::forInvalidFile()
 2 SYSTEMPATH/Common.php(1142): CodeIgniter\View\View->render()
 3 APPPATH/Controllers/Pages.php(28): view()
 4 SYSTEMPATH/CodeIgniter.php(907): App\Controllers\Pages->view()
 5 SYSTEMPATH/CodeIgniter.php(457): CodeIgniter\CodeIgniter->runController()
 6 SYSTEMPATH/CodeIgniter.php(340): CodeIgniter\CodeIgniter->handleRequest()
 7 FCPATH/index.php(67): CodeIgniter\CodeIgniter->run()
CRITICAL - 2022-09-28 11:38:19 --> Invalid file: pages/assets.php
in SYSTEMPATH/Exceptions/FrameworkException.php on line 33.
 1 SYSTEMPATH/View/View.php(201): CodeIgniter\Exceptions\FrameworkException::forInvalidFile()
 2 SYSTEMPATH/Common.php(1142): CodeIgniter\View\View->render()
 3 APPPATH/Controllers/Pages.php(28): view()
 4 SYSTEMPATH/CodeIgniter.php(907): App\Controllers\Pages->view()
 5 SYSTEMPATH/CodeIgniter.php(457): CodeIgniter\CodeIgniter->runController()
 6 SYSTEMPATH/CodeIgniter.php(340): CodeIgniter\CodeIgniter->handleRequest()
 7 FCPATH/index.php(67): CodeIgniter\CodeIgniter->run()
CRITICAL - 2022-09-28 11:38:24 --> Invalid file: pages/assets.php
in SYSTEMPATH/Exceptions/FrameworkException.php on line 33.
 1 SYSTEMPATH/View/View.php(201): CodeIgniter\Exceptions\FrameworkException::forInvalidFile()
 2 SYSTEMPATH/Common.php(1142): CodeIgniter\View\View->render()
 3 APPPATH/Controllers/Pages.php(28): view()
 4 SYSTEMPATH/CodeIgniter.php(907): App\Controllers\Pages->view()
 5 SYSTEMPATH/CodeIgniter.php(457): CodeIgniter\CodeIgniter->runController()
 6 SYSTEMPATH/CodeIgniter.php(340): CodeIgniter\CodeIgniter->handleRequest()
 7 FCPATH/index.php(67): CodeIgniter\CodeIgniter->run()
CRITICAL - 2022-09-28 11:38:25 --> Invalid file: pages/__service-worker.js
in SYSTEMPATH/Exceptions/FrameworkException.php on line 33.
 1 SYSTEMPATH/View/View.php(201): CodeIgniter\Exceptions\FrameworkException::forInvalidFile()
 2 SYSTEMPATH/Common.php(1142): CodeIgniter\View\View->render()
 3 APPPATH/Controllers/Pages.php(28): view()
 4 SYSTEMPATH/CodeIgniter.php(907): App\Controllers\Pages->view()
 5 SYSTEMPATH/CodeIgniter.php(457): CodeIgniter\CodeIgniter->runController()
 6 SYSTEMPATH/CodeIgniter.php(340): CodeIgniter\CodeIgniter->handleRequest()
 7 FCPATH/index.php(67): CodeIgniter\CodeIgniter->run()
CRITICAL - 2022-09-28 11:38:25 --> Invalid file: pages/assets.php
in SYSTEMPATH/Exceptions/FrameworkException.php on line 33.
 1 SYSTEMPATH/View/View.php(201): CodeIgniter\Exceptions\FrameworkException::forInvalidFile()
 2 SYSTEMPATH/Common.php(1142): CodeIgniter\View\View->render()
 3 APPPATH/Controllers/Pages.php(28): view()
 4 SYSTEMPATH/CodeIgniter.php(907): App\Controllers\Pages->view()
 5 SYSTEMPATH/CodeIgniter.php(457): CodeIgniter\CodeIgniter->runController()
 6 SYSTEMPATH/CodeIgniter.php(340): CodeIgniter\CodeIgniter->handleRequest()
 7 FCPATH/index.php(67): CodeIgniter\CodeIgniter->run()
CRITICAL - 2022-09-28 11:38:25 --> Invalid file: pages/assets.php
in SYSTEMPATH/Exceptions/FrameworkException.php on line 33.
 1 SYSTEMPATH/View/View.php(201): CodeIgniter\Exceptions\FrameworkException::forInvalidFile()
 2 SYSTEMPATH/Common.php(1142): CodeIgniter\View\View->render()
 3 APPPATH/Controllers/Pages.php(28): view()
 4 SYSTEMPATH/CodeIgniter.php(907): App\Controllers\Pages->view()
 5 SYSTEMPATH/CodeIgniter.php(457): CodeIgniter\CodeIgniter->runController()
 6 SYSTEMPATH/CodeIgniter.php(340): CodeIgniter\CodeIgniter->handleRequest()
 7 FCPATH/index.php(67): CodeIgniter\CodeIgniter->run()
CRITICAL - 2022-09-28 11:38:25 --> Invalid file: pages/assets.php
in SYSTEMPATH/Exceptions/FrameworkException.php on line 33.
 1 SYSTEMPATH/View/View.php(201): CodeIgniter\Exceptions\FrameworkException::forInvalidFile()
 2 SYSTEMPATH/Common.php(1142): CodeIgniter\View\View->render()
 3 APPPATH/Controllers/Pages.php(28): view()
 4 SYSTEMPATH/CodeIgniter.php(907): App\Controllers\Pages->view()
 5 SYSTEMPATH/CodeIgniter.php(457): CodeIgniter\CodeIgniter->runController()
 6 SYSTEMPATH/CodeIgniter.php(340): CodeIgniter\CodeIgniter->handleRequest()
 7 FCPATH/index.php(67): CodeIgniter\CodeIgniter->run()
CRITICAL - 2022-09-28 11:38:26 --> Invalid file: pages/assets.php
in SYSTEMPATH/Exceptions/FrameworkException.php on line 33.
 1 SYSTEMPATH/View/View.php(201): CodeIgniter\Exceptions\FrameworkException::forInvalidFile()
 2 SYSTEMPATH/Common.php(1142): CodeIgniter\View\View->render()
 3 APPPATH/Controllers/Pages.php(28): view()
 4 SYSTEMPATH/CodeIgniter.php(907): App\Controllers\Pages->view()
 5 SYSTEMPATH/CodeIgniter.php(457): CodeIgniter\CodeIgniter->runController()
 6 SYSTEMPATH/CodeIgniter.php(340): CodeIgniter\CodeIgniter->handleRequest()
 7 FCPATH/index.php(67): CodeIgniter\CodeIgniter->run()
CRITICAL - 2022-09-28 11:38:26 --> Invalid file: pages/assets.php
in SYSTEMPATH/Exceptions/FrameworkException.php on line 33.
 1 SYSTEMPATH/View/View.php(201): CodeIgniter\Exceptions\FrameworkException::forInvalidFile()
 2 SYSTEMPATH/Common.php(1142): CodeIgniter\View\View->render()
 3 APPPATH/Controllers/Pages.php(28): view()
 4 SYSTEMPATH/CodeIgniter.php(907): App\Controllers\Pages->view()
 5 SYSTEMPATH/CodeIgniter.php(457): CodeIgniter\CodeIgniter->runController()
 6 SYSTEMPATH/CodeIgniter.php(340): CodeIgniter\CodeIgniter->handleRequest()
 7 FCPATH/index.php(67): CodeIgniter\CodeIgniter->run()
CRITICAL - 2022-09-28 11:39:37 --> Invalid file: pages/assets.php
in SYSTEMPATH/Exceptions/FrameworkException.php on line 33.
 1 SYSTEMPATH/View/View.php(201): CodeIgniter\Exceptions\FrameworkException::forInvalidFile()
 2 SYSTEMPATH/Common.php(1142): CodeIgniter\View\View->render()
 3 APPPATH/Controllers/Pages.php(28): view()
 4 SYSTEMPATH/CodeIgniter.php(907): App\Controllers\Pages->view()
 5 SYSTEMPATH/CodeIgniter.php(457): CodeIgniter\CodeIgniter->runController()
 6 SYSTEMPATH/CodeIgniter.php(340): CodeIgniter\CodeIgniter->handleRequest()
 7 FCPATH/index.php(67): CodeIgniter\CodeIgniter->run()
CRITICAL - 2022-09-28 11:39:38 --> Invalid file: pages/assets.php
in SYSTEMPATH/Exceptions/FrameworkException.php on line 33.
 1 SYSTEMPATH/View/View.php(201): CodeIgniter\Exceptions\FrameworkException::forInvalidFile()
 2 SYSTEMPATH/Common.php(1142): CodeIgniter\View\View->render()
 3 APPPATH/Controllers/Pages.php(28): view()
 4 SYSTEMPATH/CodeIgniter.php(907): App\Controllers\Pages->view()
 5 SYSTEMPATH/CodeIgniter.php(457): CodeIgniter\CodeIgniter->runController()
 6 SYSTEMPATH/CodeIgniter.php(340): CodeIgniter\CodeIgniter->handleRequest()
 7 FCPATH/index.php(67): CodeIgniter\CodeIgniter->run()
CRITICAL - 2022-09-28 11:39:39 --> Invalid file: pages/assets.php
in SYSTEMPATH/Exceptions/FrameworkException.php on line 33.
 1 SYSTEMPATH/View/View.php(201): CodeIgniter\Exceptions\FrameworkException::forInvalidFile()
 2 SYSTEMPATH/Common.php(1142): CodeIgniter\View\View->render()
 3 APPPATH/Controllers/Pages.php(28): view()
 4 SYSTEMPATH/CodeIgniter.php(907): App\Controllers\Pages->view()
 5 SYSTEMPATH/CodeIgniter.php(457): CodeIgniter\CodeIgniter->runController()
 6 SYSTEMPATH/CodeIgniter.php(340): CodeIgniter\CodeIgniter->handleRequest()
 7 FCPATH/index.php(67): CodeIgniter\CodeIgniter->run()
CRITICAL - 2022-09-28 11:40:38 --> Invalid file: pages/assets.php
in SYSTEMPATH/Exceptions/FrameworkException.php on line 33.
 1 SYSTEMPATH/View/View.php(201): CodeIgniter\Exceptions\FrameworkException::forInvalidFile()
 2 SYSTEMPATH/Common.php(1142): CodeIgniter\View\View->render()
 3 APPPATH/Controllers/Pages.php(28): view()
 4 SYSTEMPATH/CodeIgniter.php(907): App\Controllers\Pages->view()
 5 SYSTEMPATH/CodeIgniter.php(457): CodeIgniter\CodeIgniter->runController()
 6 SYSTEMPATH/CodeIgniter.php(340): CodeIgniter\CodeIgniter->handleRequest()
 7 FCPATH/index.php(67): CodeIgniter\CodeIgniter->run()
CRITICAL - 2022-09-28 11:40:38 --> Invalid file: pages/__service-worker.js
in SYSTEMPATH/Exceptions/FrameworkException.php on line 33.
 1 SYSTEMPATH/View/View.php(201): CodeIgniter\Exceptions\FrameworkException::forInvalidFile()
 2 SYSTEMPATH/Common.php(1142): CodeIgniter\View\View->render()
 3 APPPATH/Controllers/Pages.php(28): view()
 4 SYSTEMPATH/CodeIgniter.php(907): App\Controllers\Pages->view()
 5 SYSTEMPATH/CodeIgniter.php(457): CodeIgniter\CodeIgniter->runController()
 6 SYSTEMPATH/CodeIgniter.php(340): CodeIgniter\CodeIgniter->handleRequest()
 7 FCPATH/index.php(67): CodeIgniter\CodeIgniter->run()
CRITICAL - 2022-09-28 11:40:39 --> Invalid file: pages/assets.php
in SYSTEMPATH/Exceptions/FrameworkException.php on line 33.
 1 SYSTEMPATH/View/View.php(201): CodeIgniter\Exceptions\FrameworkException::forInvalidFile()
 2 SYSTEMPATH/Common.php(1142): CodeIgniter\View\View->render()
 3 APPPATH/Controllers/Pages.php(28): view()
 4 SYSTEMPATH/CodeIgniter.php(907): App\Controllers\Pages->view()
 5 SYSTEMPATH/CodeIgniter.php(457): CodeIgniter\CodeIgniter->runController()
 6 SYSTEMPATH/CodeIgniter.php(340): CodeIgniter\CodeIgniter->handleRequest()
 7 FCPATH/index.php(67): CodeIgniter\CodeIgniter->run()
CRITICAL - 2022-09-28 11:40:39 --> Invalid file: pages/assets.php
in SYSTEMPATH/Exceptions/FrameworkException.php on line 33.
 1 SYSTEMPATH/View/View.php(201): CodeIgniter\Exceptions\FrameworkException::forInvalidFile()
 2 SYSTEMPATH/Common.php(1142): CodeIgniter\View\View->render()
 3 APPPATH/Controllers/Pages.php(28): view()
 4 SYSTEMPATH/CodeIgniter.php(907): App\Controllers\Pages->view()
 5 SYSTEMPATH/CodeIgniter.php(457): CodeIgniter\CodeIgniter->runController()
 6 SYSTEMPATH/CodeIgniter.php(340): CodeIgniter\CodeIgniter->handleRequest()
 7 FCPATH/index.php(67): CodeIgniter\CodeIgniter->run()
CRITICAL - 2022-09-28 11:40:39 --> Invalid file: pages/assets.php
in SYSTEMPATH/Exceptions/FrameworkException.php on line 33.
 1 SYSTEMPATH/View/View.php(201): CodeIgniter\Exceptions\FrameworkException::forInvalidFile()
 2 SYSTEMPATH/Common.php(1142): CodeIgniter\View\View->render()
 3 APPPATH/Controllers/Pages.php(28): view()
 4 SYSTEMPATH/CodeIgniter.php(907): App\Controllers\Pages->view()
 5 SYSTEMPATH/CodeIgniter.php(457): CodeIgniter\CodeIgniter->runController()
 6 SYSTEMPATH/CodeIgniter.php(340): CodeIgniter\CodeIgniter->handleRequest()
 7 FCPATH/index.php(67): CodeIgniter\CodeIgniter->run()
CRITICAL - 2022-09-28 11:40:39 --> Invalid file: pages/assets.php
in SYSTEMPATH/Exceptions/FrameworkException.php on line 33.
 1 SYSTEMPATH/View/View.php(201): CodeIgniter\Exceptions\FrameworkException::forInvalidFile()
 2 SYSTEMPATH/Common.php(1142): CodeIgniter\View\View->render()
 3 APPPATH/Controllers/Pages.php(28): view()
 4 SYSTEMPATH/CodeIgniter.php(907): App\Controllers\Pages->view()
 5 SYSTEMPATH/CodeIgniter.php(457): CodeIgniter\CodeIgniter->runController()
 6 SYSTEMPATH/CodeIgniter.php(340): CodeIgniter\CodeIgniter->handleRequest()
 7 FCPATH/index.php(67): CodeIgniter\CodeIgniter->run()
CRITICAL - 2022-09-28 11:40:40 --> Invalid file: pages/assets.php
in SYSTEMPATH/Exceptions/FrameworkException.php on line 33.
 1 SYSTEMPATH/View/View.php(201): CodeIgniter\Exceptions\FrameworkException::forInvalidFile()
 2 SYSTEMPATH/Common.php(1142): CodeIgniter\View\View->render()
 3 APPPATH/Controllers/Pages.php(28): view()
 4 SYSTEMPATH/CodeIgniter.php(907): App\Controllers\Pages->view()
 5 SYSTEMPATH/CodeIgniter.php(457): CodeIgniter\CodeIgniter->runController()
 6 SYSTEMPATH/CodeIgniter.php(340): CodeIgniter\CodeIgniter->handleRequest()
 7 FCPATH/index.php(67): CodeIgniter\CodeIgniter->run()
CRITICAL - 2022-09-28 11:42:34 --> Invalid file: pages/assets.php
in SYSTEMPATH/Exceptions/FrameworkException.php on line 33.
 1 SYSTEMPATH/View/View.php(201): CodeIgniter\Exceptions\FrameworkException::forInvalidFile()
 2 SYSTEMPATH/Common.php(1142): CodeIgniter\View\View->render()
 3 APPPATH/Controllers/Pages.php(28): view()
 4 SYSTEMPATH/CodeIgniter.php(907): App\Controllers\Pages->view()
 5 SYSTEMPATH/CodeIgniter.php(457): CodeIgniter\CodeIgniter->runController()
 6 SYSTEMPATH/CodeIgniter.php(340): CodeIgniter\CodeIgniter->handleRequest()
 7 FCPATH/index.php(67): CodeIgniter\CodeIgniter->run()
CRITICAL - 2022-09-28 11:42:34 --> Invalid file: pages/assets.php
in SYSTEMPATH/Exceptions/FrameworkException.php on line 33.
 1 SYSTEMPATH/View/View.php(201): CodeIgniter\Exceptions\FrameworkException::forInvalidFile()
 2 SYSTEMPATH/Common.php(1142): CodeIgniter\View\View->render()
 3 APPPATH/Controllers/Pages.php(28): view()
 4 SYSTEMPATH/CodeIgniter.php(907): App\Controllers\Pages->view()
 5 SYSTEMPATH/CodeIgniter.php(457): CodeIgniter\CodeIgniter->runController()
 6 SYSTEMPATH/CodeIgniter.php(340): CodeIgniter\CodeIgniter->handleRequest()
 7 FCPATH/index.php(67): CodeIgniter\CodeIgniter->run()
CRITICAL - 2022-09-28 11:43:41 --> Invalid file: pages/assets.php
in SYSTEMPATH/Exceptions/FrameworkException.php on line 33.
 1 SYSTEMPATH/View/View.php(201): CodeIgniter\Exceptions\FrameworkException::forInvalidFile()
 2 SYSTEMPATH/Common.php(1142): CodeIgniter\View\View->render()
 3 APPPATH/Controllers/Pages.php(28): view()
 4 SYSTEMPATH/CodeIgniter.php(907): App\Controllers\Pages->view()
 5 SYSTEMPATH/CodeIgniter.php(457): CodeIgniter\CodeIgniter->runController()
 6 SYSTEMPATH/CodeIgniter.php(340): CodeIgniter\CodeIgniter->handleRequest()
 7 FCPATH/index.php(67): CodeIgniter\CodeIgniter->run()
CRITICAL - 2022-09-28 11:43:41 --> Invalid file: pages/assets.php
in SYSTEMPATH/Exceptions/FrameworkException.php on line 33.
 1 SYSTEMPATH/View/View.php(201): CodeIgniter\Exceptions\FrameworkException::forInvalidFile()
 2 SYSTEMPATH/Common.php(1142): CodeIgniter\View\View->render()
 3 APPPATH/Controllers/Pages.php(28): view()
 4 SYSTEMPATH/CodeIgniter.php(907): App\Controllers\Pages->view()
 5 SYSTEMPATH/CodeIgniter.php(457): CodeIgniter\CodeIgniter->runController()
 6 SYSTEMPATH/CodeIgniter.php(340): CodeIgniter\CodeIgniter->handleRequest()
 7 FCPATH/index.php(67): CodeIgniter\CodeIgniter->run()
CRITICAL - 2022-09-28 11:47:12 --> Invalid file: pages/assets.php
in SYSTEMPATH/Exceptions/FrameworkException.php on line 33.
 1 SYSTEMPATH/View/View.php(201): CodeIgniter\Exceptions\FrameworkException::forInvalidFile()
 2 SYSTEMPATH/Common.php(1142): CodeIgniter\View\View->render()
 3 APPPATH/Controllers/Pages.php(28): view()
 4 SYSTEMPATH/CodeIgniter.php(907): App\Controllers\Pages->view()
 5 SYSTEMPATH/CodeIgniter.php(457): CodeIgniter\CodeIgniter->runController()
 6 SYSTEMPATH/CodeIgniter.php(340): CodeIgniter\CodeIgniter->handleRequest()
 7 FCPATH/index.php(67): CodeIgniter\CodeIgniter->run()
CRITICAL - 2022-09-28 11:47:13 --> Invalid file: pages/assets.php
in SYSTEMPATH/Exceptions/FrameworkException.php on line 33.
 1 SYSTEMPATH/View/View.php(201): CodeIgniter\Exceptions\FrameworkException::forInvalidFile()
 2 SYSTEMPATH/Common.php(1142): CodeIgniter\View\View->render()
 3 APPPATH/Controllers/Pages.php(28): view()
 4 SYSTEMPATH/CodeIgniter.php(907): App\Controllers\Pages->view()
 5 SYSTEMPATH/CodeIgniter.php(457): CodeIgniter\CodeIgniter->runController()
 6 SYSTEMPATH/CodeIgniter.php(340): CodeIgniter\CodeIgniter->handleRequest()
 7 FCPATH/index.php(67): CodeIgniter\CodeIgniter->run()
CRITICAL - 2022-09-28 11:47:14 --> Invalid file: pages/assets.php
in SYSTEMPATH/Exceptions/FrameworkException.php on line 33.
 1 SYSTEMPATH/View/View.php(201): CodeIgniter\Exceptions\FrameworkException::forInvalidFile()
 2 SYSTEMPATH/Common.php(1142): CodeIgniter\View\View->render()
 3 APPPATH/Controllers/Pages.php(28): view()
 4 SYSTEMPATH/CodeIgniter.php(907): App\Controllers\Pages->view()
 5 SYSTEMPATH/CodeIgniter.php(457): CodeIgniter\CodeIgniter->runController()
 6 SYSTEMPATH/CodeIgniter.php(340): CodeIgniter\CodeIgniter->handleRequest()
 7 FCPATH/index.php(67): CodeIgniter\CodeIgniter->run()
CRITICAL - 2022-09-28 11:47:17 --> Invalid file: pages/__service-worker.js
in SYSTEMPATH/Exceptions/FrameworkException.php on line 33.
 1 SYSTEMPATH/View/View.php(201): CodeIgniter\Exceptions\FrameworkException::forInvalidFile()
 2 SYSTEMPATH/Common.php(1142): CodeIgniter\View\View->render()
 3 APPPATH/Controllers/Pages.php(28): view()
 4 SYSTEMPATH/CodeIgniter.php(907): App\Controllers\Pages->view()
 5 SYSTEMPATH/CodeIgniter.php(457): CodeIgniter\CodeIgniter->runController()
 6 SYSTEMPATH/CodeIgniter.php(340): CodeIgniter\CodeIgniter->handleRequest()
 7 FCPATH/index.php(67): CodeIgniter\CodeIgniter->run()
CRITICAL - 2022-09-28 11:47:17 --> Invalid file: pages/assets.php
in SYSTEMPATH/Exceptions/FrameworkException.php on line 33.
 1 SYSTEMPATH/View/View.php(201): CodeIgniter\Exceptions\FrameworkException::forInvalidFile()
 2 SYSTEMPATH/Common.php(1142): CodeIgniter\View\View->render()
 3 APPPATH/Controllers/Pages.php(28): view()
 4 SYSTEMPATH/CodeIgniter.php(907): App\Controllers\Pages->view()
 5 SYSTEMPATH/CodeIgniter.php(457): CodeIgniter\CodeIgniter->runController()
 6 SYSTEMPATH/CodeIgniter.php(340): CodeIgniter\CodeIgniter->handleRequest()
 7 FCPATH/index.php(67): CodeIgniter\CodeIgniter->run()
CRITICAL - 2022-09-28 11:47:18 --> Invalid file: pages/assets.php
in SYSTEMPATH/Exceptions/FrameworkException.php on line 33.
 1 SYSTEMPATH/View/View.php(201): CodeIgniter\Exceptions\FrameworkException::forInvalidFile()
 2 SYSTEMPATH/Common.php(1142): CodeIgniter\View\View->render()
 3 APPPATH/Controllers/Pages.php(28): view()
 4 SYSTEMPATH/CodeIgniter.php(907): App\Controllers\Pages->view()
 5 SYSTEMPATH/CodeIgniter.php(457): CodeIgniter\CodeIgniter->runController()
 6 SYSTEMPATH/CodeIgniter.php(340): CodeIgniter\CodeIgniter->handleRequest()
 7 FCPATH/index.php(67): CodeIgniter\CodeIgniter->run()
CRITICAL - 2022-09-28 11:47:18 --> Invalid file: pages/assets.php
in SYSTEMPATH/Exceptions/FrameworkException.php on line 33.
 1 SYSTEMPATH/View/View.php(201): CodeIgniter\Exceptions\FrameworkException::forInvalidFile()
 2 SYSTEMPATH/Common.php(1142): CodeIgniter\View\View->render()
 3 APPPATH/Controllers/Pages.php(28): view()
 4 SYSTEMPATH/CodeIgniter.php(907): App\Controllers\Pages->view()
 5 SYSTEMPATH/CodeIgniter.php(457): CodeIgniter\CodeIgniter->runController()
 6 SYSTEMPATH/CodeIgniter.php(340): CodeIgniter\CodeIgniter->handleRequest()
 7 FCPATH/index.php(67): CodeIgniter\CodeIgniter->run()
CRITICAL - 2022-09-28 11:47:18 --> Invalid file: pages/assets.php
in SYSTEMPATH/Exceptions/FrameworkException.php on line 33.
 1 SYSTEMPATH/View/View.php(201): CodeIgniter\Exceptions\FrameworkException::forInvalidFile()
 2 SYSTEMPATH/Common.php(1142): CodeIgniter\View\View->render()
 3 APPPATH/Controllers/Pages.php(28): view()
 4 SYSTEMPATH/CodeIgniter.php(907): App\Controllers\Pages->view()
 5 SYSTEMPATH/CodeIgniter.php(457): CodeIgniter\CodeIgniter->runController()
 6 SYSTEMPATH/CodeIgniter.php(340): CodeIgniter\CodeIgniter->handleRequest()
 7 FCPATH/index.php(67): CodeIgniter\CodeIgniter->run()
CRITICAL - 2022-09-28 11:47:18 --> Invalid file: pages/assets.php
in SYSTEMPATH/Exceptions/FrameworkException.php on line 33.
 1 SYSTEMPATH/View/View.php(201): CodeIgniter\Exceptions\FrameworkException::forInvalidFile()
 2 SYSTEMPATH/Common.php(1142): CodeIgniter\View\View->render()
 3 APPPATH/Controllers/Pages.php(28): view()
 4 SYSTEMPATH/CodeIgniter.php(907): App\Controllers\Pages->view()
 5 SYSTEMPATH/CodeIgniter.php(457): CodeIgniter\CodeIgniter->runController()
 6 SYSTEMPATH/CodeIgniter.php(340): CodeIgniter\CodeIgniter->handleRequest()
 7 FCPATH/index.php(67): CodeIgniter\CodeIgniter->run()
CRITICAL - 2022-09-28 11:47:19 --> Invalid file: pages/assets.php
in SYSTEMPATH/Exceptions/FrameworkException.php on line 33.
 1 SYSTEMPATH/View/View.php(201): CodeIgniter\Exceptions\FrameworkException::forInvalidFile()
 2 SYSTEMPATH/Common.php(1142): CodeIgniter\View\View->render()
 3 APPPATH/Controllers/Pages.php(28): view()
 4 SYSTEMPATH/CodeIgniter.php(907): App\Controllers\Pages->view()
 5 SYSTEMPATH/CodeIgniter.php(457): CodeIgniter\CodeIgniter->runController()
 6 SYSTEMPATH/CodeIgniter.php(340): CodeIgniter\CodeIgniter->handleRequest()
 7 FCPATH/index.php(67): CodeIgniter\CodeIgniter->run()
CRITICAL - 2022-09-28 11:49:57 --> Invalid file: pages/assets.php
in SYSTEMPATH/Exceptions/FrameworkException.php on line 33.
 1 SYSTEMPATH/View/View.php(201): CodeIgniter\Exceptions\FrameworkException::forInvalidFile()
 2 SYSTEMPATH/Common.php(1142): CodeIgniter\View\View->render()
 3 APPPATH/Controllers/Pages.php(28): view()
 4 SYSTEMPATH/CodeIgniter.php(907): App\Controllers\Pages->view()
 5 SYSTEMPATH/CodeIgniter.php(457): CodeIgniter\CodeIgniter->runController()
 6 SYSTEMPATH/CodeIgniter.php(340): CodeIgniter\CodeIgniter->handleRequest()
 7 FCPATH/index.php(67): CodeIgniter\CodeIgniter->run()
CRITICAL - 2022-09-28 11:49:57 --> Invalid file: pages/assets.php
in SYSTEMPATH/Exceptions/FrameworkException.php on line 33.
 1 SYSTEMPATH/View/View.php(201): CodeIgniter\Exceptions\FrameworkException::forInvalidFile()
 2 SYSTEMPATH/Common.php(1142): CodeIgniter\View\View->render()
 3 APPPATH/Controllers/Pages.php(28): view()
 4 SYSTEMPATH/CodeIgniter.php(907): App\Controllers\Pages->view()
 5 SYSTEMPATH/CodeIgniter.php(457): CodeIgniter\CodeIgniter->runController()
 6 SYSTEMPATH/CodeIgniter.php(340): CodeIgniter\CodeIgniter->handleRequest()
 7 FCPATH/index.php(67): CodeIgniter\CodeIgniter->run()
CRITICAL - 2022-09-28 11:50:27 --> Invalid file: pages/assets.php
in SYSTEMPATH/Exceptions/FrameworkException.php on line 33.
 1 SYSTEMPATH/View/View.php(201): CodeIgniter\Exceptions\FrameworkException::forInvalidFile()
 2 SYSTEMPATH/Common.php(1142): CodeIgniter\View\View->render()
 3 APPPATH/Controllers/Pages.php(28): view()
 4 SYSTEMPATH/CodeIgniter.php(907): App\Controllers\Pages->view()
 5 SYSTEMPATH/CodeIgniter.php(457): CodeIgniter\CodeIgniter->runController()
 6 SYSTEMPATH/CodeIgniter.php(340): CodeIgniter\CodeIgniter->handleRequest()
 7 FCPATH/index.php(67): CodeIgniter\CodeIgniter->run()
CRITICAL - 2022-09-28 11:50:27 --> Invalid file: pages/__service-worker.js
in SYSTEMPATH/Exceptions/FrameworkException.php on line 33.
 1 SYSTEMPATH/View/View.php(201): CodeIgniter\Exceptions\FrameworkException::forInvalidFile()
 2 SYSTEMPATH/Common.php(1142): CodeIgniter\View\View->render()
 3 APPPATH/Controllers/Pages.php(28): view()
 4 SYSTEMPATH/CodeIgniter.php(907): App\Controllers\Pages->view()
 5 SYSTEMPATH/CodeIgniter.php(457): CodeIgniter\CodeIgniter->runController()
 6 SYSTEMPATH/CodeIgniter.php(340): CodeIgniter\CodeIgniter->handleRequest()
 7 FCPATH/index.php(67): CodeIgniter\CodeIgniter->run()
CRITICAL - 2022-09-28 11:50:28 --> Invalid file: pages/assets.php
in SYSTEMPATH/Exceptions/FrameworkException.php on line 33.
 1 SYSTEMPATH/View/View.php(201): CodeIgniter\Exceptions\FrameworkException::forInvalidFile()
 2 SYSTEMPATH/Common.php(1142): CodeIgniter\View\View->render()
 3 APPPATH/Controllers/Pages.php(28): view()
 4 SYSTEMPATH/CodeIgniter.php(907): App\Controllers\Pages->view()
 5 SYSTEMPATH/CodeIgniter.php(457): CodeIgniter\CodeIgniter->runController()
 6 SYSTEMPATH/CodeIgniter.php(340): CodeIgniter\CodeIgniter->handleRequest()
 7 FCPATH/index.php(67): CodeIgniter\CodeIgniter->run()
CRITICAL - 2022-09-28 11:50:28 --> Invalid file: pages/assets.php
in SYSTEMPATH/Exceptions/FrameworkException.php on line 33.
 1 SYSTEMPATH/View/View.php(201): CodeIgniter\Exceptions\FrameworkException::forInvalidFile()
 2 SYSTEMPATH/Common.php(1142): CodeIgniter\View\View->render()
 3 APPPATH/Controllers/Pages.php(28): view()
 4 SYSTEMPATH/CodeIgniter.php(907): App\Controllers\Pages->view()
 5 SYSTEMPATH/CodeIgniter.php(457): CodeIgniter\CodeIgniter->runController()
 6 SYSTEMPATH/CodeIgniter.php(340): CodeIgniter\CodeIgniter->handleRequest()
 7 FCPATH/index.php(67): CodeIgniter\CodeIgniter->run()
CRITICAL - 2022-09-28 11:50:29 --> Invalid file: pages/assets.php
in SYSTEMPATH/Exceptions/FrameworkException.php on line 33.
 1 SYSTEMPATH/View/View.php(201): CodeIgniter\Exceptions\FrameworkException::forInvalidFile()
 2 SYSTEMPATH/Common.php(1142): CodeIgniter\View\View->render()
 3 APPPATH/Controllers/Pages.php(28): view()
 4 SYSTEMPATH/CodeIgniter.php(907): App\Controllers\Pages->view()
 5 SYSTEMPATH/CodeIgniter.php(457): CodeIgniter\CodeIgniter->runController()
 6 SYSTEMPATH/CodeIgniter.php(340): CodeIgniter\CodeIgniter->handleRequest()
 7 FCPATH/index.php(67): CodeIgniter\CodeIgniter->run()
CRITICAL - 2022-09-28 11:50:30 --> Invalid file: pages/assets.php
in SYSTEMPATH/Exceptions/FrameworkException.php on line 33.
 1 SYSTEMPATH/View/View.php(201): CodeIgniter\Exceptions\FrameworkException::forInvalidFile()
 2 SYSTEMPATH/Common.php(1142): CodeIgniter\View\View->render()
 3 APPPATH/Controllers/Pages.php(28): view()
 4 SYSTEMPATH/CodeIgniter.php(907): App\Controllers\Pages->view()
 5 SYSTEMPATH/CodeIgniter.php(457): CodeIgniter\CodeIgniter->runController()
 6 SYSTEMPATH/CodeIgniter.php(340): CodeIgniter\CodeIgniter->handleRequest()
 7 FCPATH/index.php(67): CodeIgniter\CodeIgniter->run()
CRITICAL - 2022-09-28 11:50:30 --> Invalid file: pages/assets.php
in SYSTEMPATH/Exceptions/FrameworkException.php on line 33.
 1 SYSTEMPATH/View/View.php(201): CodeIgniter\Exceptions\FrameworkException::forInvalidFile()
 2 SYSTEMPATH/Common.php(1142): CodeIgniter\View\View->render()
 3 APPPATH/Controllers/Pages.php(28): view()
 4 SYSTEMPATH/CodeIgniter.php(907): App\Controllers\Pages->view()
 5 SYSTEMPATH/CodeIgniter.php(457): CodeIgniter\CodeIgniter->runController()
 6 SYSTEMPATH/CodeIgniter.php(340): CodeIgniter\CodeIgniter->handleRequest()
 7 FCPATH/index.php(67): CodeIgniter\CodeIgniter->run()
CRITICAL - 2022-09-28 11:50:44 --> Invalid file: pages/assets.php
in SYSTEMPATH/Exceptions/FrameworkException.php on line 33.
 1 SYSTEMPATH/View/View.php(201): CodeIgniter\Exceptions\FrameworkException::forInvalidFile()
 2 SYSTEMPATH/Common.php(1142): CodeIgniter\View\View->render()
 3 APPPATH/Controllers/Pages.php(28): view()
 4 SYSTEMPATH/CodeIgniter.php(907): App\Controllers\Pages->view()
 5 SYSTEMPATH/CodeIgniter.php(457): CodeIgniter\CodeIgniter->runController()
 6 SYSTEMPATH/CodeIgniter.php(340): CodeIgniter\CodeIgniter->handleRequest()
 7 FCPATH/index.php(67): CodeIgniter\CodeIgniter->run()
CRITICAL - 2022-09-28 11:50:44 --> Invalid file: pages/assets.php
in SYSTEMPATH/Exceptions/FrameworkException.php on line 33.
 1 SYSTEMPATH/View/View.php(201): CodeIgniter\Exceptions\FrameworkException::forInvalidFile()
 2 SYSTEMPATH/Common.php(1142): CodeIgniter\View\View->render()
 3 APPPATH/Controllers/Pages.php(28): view()
 4 SYSTEMPATH/CodeIgniter.php(907): App\Controllers\Pages->view()
 5 SYSTEMPATH/CodeIgniter.php(457): CodeIgniter\CodeIgniter->runController()
 6 SYSTEMPATH/CodeIgniter.php(340): CodeIgniter\CodeIgniter->handleRequest()
 7 FCPATH/index.php(67): CodeIgniter\CodeIgniter->run()
CRITICAL - 2022-09-28 11:51:27 --> Invalid file: pages/assets.php
in SYSTEMPATH/Exceptions/FrameworkException.php on line 33.
 1 SYSTEMPATH/View/View.php(201): CodeIgniter\Exceptions\FrameworkException::forInvalidFile()
 2 SYSTEMPATH/Common.php(1142): CodeIgniter\View\View->render()
 3 APPPATH/Controllers/Pages.php(28): view()
 4 SYSTEMPATH/CodeIgniter.php(907): App\Controllers\Pages->view()
 5 SYSTEMPATH/CodeIgniter.php(457): CodeIgniter\CodeIgniter->runController()
 6 SYSTEMPATH/CodeIgniter.php(340): CodeIgniter\CodeIgniter->handleRequest()
 7 FCPATH/index.php(67): CodeIgniter\CodeIgniter->run()
CRITICAL - 2022-09-28 11:51:27 --> Invalid file: pages/assets.php
in SYSTEMPATH/Exceptions/FrameworkException.php on line 33.
 1 SYSTEMPATH/View/View.php(201): CodeIgniter\Exceptions\FrameworkException::forInvalidFile()
 2 SYSTEMPATH/Common.php(1142): CodeIgniter\View\View->render()
 3 APPPATH/Controllers/Pages.php(28): view()
 4 SYSTEMPATH/CodeIgniter.php(907): App\Controllers\Pages->view()
 5 SYSTEMPATH/CodeIgniter.php(457): CodeIgniter\CodeIgniter->runController()
 6 SYSTEMPATH/CodeIgniter.php(340): CodeIgniter\CodeIgniter->handleRequest()
 7 FCPATH/index.php(67): CodeIgniter\CodeIgniter->run()
CRITICAL - 2022-09-28 11:51:27 --> Invalid file: pages/__service-worker.js
in SYSTEMPATH/Exceptions/FrameworkException.php on line 33.
 1 SYSTEMPATH/View/View.php(201): CodeIgniter\Exceptions\FrameworkException::forInvalidFile()
 2 SYSTEMPATH/Common.php(1142): CodeIgniter\View\View->render()
 3 APPPATH/Controllers/Pages.php(28): view()
 4 SYSTEMPATH/CodeIgniter.php(907): App\Controllers\Pages->view()
 5 SYSTEMPATH/CodeIgniter.php(457): CodeIgniter\CodeIgniter->runController()
 6 SYSTEMPATH/CodeIgniter.php(340): CodeIgniter\CodeIgniter->handleRequest()
 7 FCPATH/index.php(67): CodeIgniter\CodeIgniter->run()
CRITICAL - 2022-09-28 11:51:28 --> Invalid file: pages/assets.php
in SYSTEMPATH/Exceptions/FrameworkException.php on line 33.
 1 SYSTEMPATH/View/View.php(201): CodeIgniter\Exceptions\FrameworkException::forInvalidFile()
 2 SYSTEMPATH/Common.php(1142): CodeIgniter\View\View->render()
 3 APPPATH/Controllers/Pages.php(28): view()
 4 SYSTEMPATH/CodeIgniter.php(907): App\Controllers\Pages->view()
 5 SYSTEMPATH/CodeIgniter.php(457): CodeIgniter\CodeIgniter->runController()
 6 SYSTEMPATH/CodeIgniter.php(340): CodeIgniter\CodeIgniter->handleRequest()
 7 FCPATH/index.php(67): CodeIgniter\CodeIgniter->run()
CRITICAL - 2022-09-28 11:51:28 --> Invalid file: pages/assets.php
in SYSTEMPATH/Exceptions/FrameworkException.php on line 33.
 1 SYSTEMPATH/View/View.php(201): CodeIgniter\Exceptions\FrameworkException::forInvalidFile()
 2 SYSTEMPATH/Common.php(1142): CodeIgniter\View\View->render()
 3 APPPATH/Controllers/Pages.php(28): view()
 4 SYSTEMPATH/CodeIgniter.php(907): App\Controllers\Pages->view()
 5 SYSTEMPATH/CodeIgniter.php(457): CodeIgniter\CodeIgniter->runController()
 6 SYSTEMPATH/CodeIgniter.php(340): CodeIgniter\CodeIgniter->handleRequest()
 7 FCPATH/index.php(67): CodeIgniter\CodeIgniter->run()
CRITICAL - 2022-09-28 11:51:28 --> Invalid file: pages/assets.php
in SYSTEMPATH/Exceptions/FrameworkException.php on line 33.
 1 SYSTEMPATH/View/View.php(201): CodeIgniter\Exceptions\FrameworkException::forInvalidFile()
 2 SYSTEMPATH/Common.php(1142): CodeIgniter\View\View->render()
 3 APPPATH/Controllers/Pages.php(28): view()
 4 SYSTEMPATH/CodeIgniter.php(907): App\Controllers\Pages->view()
 5 SYSTEMPATH/CodeIgniter.php(457): CodeIgniter\CodeIgniter->runController()
 6 SYSTEMPATH/CodeIgniter.php(340): CodeIgniter\CodeIgniter->handleRequest()
 7 FCPATH/index.php(67): CodeIgniter\CodeIgniter->run()
CRITICAL - 2022-09-28 11:51:29 --> Invalid file: pages/assets.php
in SYSTEMPATH/Exceptions/FrameworkException.php on line 33.
 1 SYSTEMPATH/View/View.php(201): CodeIgniter\Exceptions\FrameworkException::forInvalidFile()
 2 SYSTEMPATH/Common.php(1142): CodeIgniter\View\View->render()
 3 APPPATH/Controllers/Pages.php(28): view()
 4 SYSTEMPATH/CodeIgniter.php(907): App\Controllers\Pages->view()
 5 SYSTEMPATH/CodeIgniter.php(457): CodeIgniter\CodeIgniter->runController()
 6 SYSTEMPATH/CodeIgniter.php(340): CodeIgniter\CodeIgniter->handleRequest()
 7 FCPATH/index.php(67): CodeIgniter\CodeIgniter->run()
CRITICAL - 2022-09-28 11:52:09 --> Invalid file: pages/assets.php
in SYSTEMPATH/Exceptions/FrameworkException.php on line 33.
 1 SYSTEMPATH/View/View.php(201): CodeIgniter\Exceptions\FrameworkException::forInvalidFile()
 2 SYSTEMPATH/Common.php(1142): CodeIgniter\View\View->render()
 3 APPPATH/Controllers/Pages.php(28): view()
 4 SYSTEMPATH/CodeIgniter.php(907): App\Controllers\Pages->view()
 5 SYSTEMPATH/CodeIgniter.php(457): CodeIgniter\CodeIgniter->runController()
 6 SYSTEMPATH/CodeIgniter.php(340): CodeIgniter\CodeIgniter->handleRequest()
 7 FCPATH/index.php(67): CodeIgniter\CodeIgniter->run()
CRITICAL - 2022-09-28 11:52:09 --> Invalid file: pages/assets.php
in SYSTEMPATH/Exceptions/FrameworkException.php on line 33.
 1 SYSTEMPATH/View/View.php(201): CodeIgniter\Exceptions\FrameworkException::forInvalidFile()
 2 SYSTEMPATH/Common.php(1142): CodeIgniter\View\View->render()
 3 APPPATH/Controllers/Pages.php(28): view()
 4 SYSTEMPATH/CodeIgniter.php(907): App\Controllers\Pages->view()
 5 SYSTEMPATH/CodeIgniter.php(457): CodeIgniter\CodeIgniter->runController()
 6 SYSTEMPATH/CodeIgniter.php(340): CodeIgniter\CodeIgniter->handleRequest()
 7 FCPATH/index.php(67): CodeIgniter\CodeIgniter->run()
CRITICAL - 2022-09-28 11:52:38 --> Invalid file: pages/assets.php
in SYSTEMPATH/Exceptions/FrameworkException.php on line 33.
 1 SYSTEMPATH/View/View.php(201): CodeIgniter\Exceptions\FrameworkException::forInvalidFile()
 2 SYSTEMPATH/Common.php(1142): CodeIgniter\View\View->render()
 3 APPPATH/Controllers/Pages.php(28): view()
 4 SYSTEMPATH/CodeIgniter.php(907): App\Controllers\Pages->view()
 5 SYSTEMPATH/CodeIgniter.php(457): CodeIgniter\CodeIgniter->runController()
 6 SYSTEMPATH/CodeIgniter.php(340): CodeIgniter\CodeIgniter->handleRequest()
 7 FCPATH/index.php(67): CodeIgniter\CodeIgniter->run()
CRITICAL - 2022-09-28 11:52:38 --> Invalid file: pages/assets.php
in SYSTEMPATH/Exceptions/FrameworkException.php on line 33.
 1 SYSTEMPATH/View/View.php(201): CodeIgniter\Exceptions\FrameworkException::forInvalidFile()
 2 SYSTEMPATH/Common.php(1142): CodeIgniter\View\View->render()
 3 APPPATH/Controllers/Pages.php(28): view()
 4 SYSTEMPATH/CodeIgniter.php(907): App\Controllers\Pages->view()
 5 SYSTEMPATH/CodeIgniter.php(457): CodeIgniter\CodeIgniter->runController()
 6 SYSTEMPATH/CodeIgniter.php(340): CodeIgniter\CodeIgniter->handleRequest()
 7 FCPATH/index.php(67): CodeIgniter\CodeIgniter->run()
CRITICAL - 2022-09-28 11:52:38 --> Invalid file: pages/__service-worker.js
in SYSTEMPATH/Exceptions/FrameworkException.php on line 33.
 1 SYSTEMPATH/View/View.php(201): CodeIgniter\Exceptions\FrameworkException::forInvalidFile()
 2 SYSTEMPATH/Common.php(1142): CodeIgniter\View\View->render()
 3 APPPATH/Controllers/Pages.php(28): view()
 4 SYSTEMPATH/CodeIgniter.php(907): App\Controllers\Pages->view()
 5 SYSTEMPATH/CodeIgniter.php(457): CodeIgniter\CodeIgniter->runController()
 6 SYSTEMPATH/CodeIgniter.php(340): CodeIgniter\CodeIgniter->handleRequest()
 7 FCPATH/index.php(67): CodeIgniter\CodeIgniter->run()
CRITICAL - 2022-09-28 11:52:38 --> Invalid file: pages/assets.php
in SYSTEMPATH/Exceptions/FrameworkException.php on line 33.
 1 SYSTEMPATH/View/View.php(201): CodeIgniter\Exceptions\FrameworkException::forInvalidFile()
 2 SYSTEMPATH/Common.php(1142): CodeIgniter\View\View->render()
 3 APPPATH/Controllers/Pages.php(28): view()
 4 SYSTEMPATH/CodeIgniter.php(907): App\Controllers\Pages->view()
 5 SYSTEMPATH/CodeIgniter.php(457): CodeIgniter\CodeIgniter->runController()
 6 SYSTEMPATH/CodeIgniter.php(340): CodeIgniter\CodeIgniter->handleRequest()
 7 FCPATH/index.php(67): CodeIgniter\CodeIgniter->run()
CRITICAL - 2022-09-28 11:52:38 --> Invalid file: pages/assets.php
in SYSTEMPATH/Exceptions/FrameworkException.php on line 33.
 1 SYSTEMPATH/View/View.php(201): CodeIgniter\Exceptions\FrameworkException::forInvalidFile()
 2 SYSTEMPATH/Common.php(1142): CodeIgniter\View\View->render()
 3 APPPATH/Controllers/Pages.php(28): view()
 4 SYSTEMPATH/CodeIgniter.php(907): App\Controllers\Pages->view()
 5 SYSTEMPATH/CodeIgniter.php(457): CodeIgniter\CodeIgniter->runController()
 6 SYSTEMPATH/CodeIgniter.php(340): CodeIgniter\CodeIgniter->handleRequest()
 7 FCPATH/index.php(67): CodeIgniter\CodeIgniter->run()
CRITICAL - 2022-09-28 11:52:39 --> Invalid file: pages/assets.php
in SYSTEMPATH/Exceptions/FrameworkException.php on line 33.
 1 SYSTEMPATH/View/View.php(201): CodeIgniter\Exceptions\FrameworkException::forInvalidFile()
 2 SYSTEMPATH/Common.php(1142): CodeIgniter\View\View->render()
 3 APPPATH/Controllers/Pages.php(28): view()
 4 SYSTEMPATH/CodeIgniter.php(907): App\Controllers\Pages->view()
 5 SYSTEMPATH/CodeIgniter.php(457): CodeIgniter\CodeIgniter->runController()
 6 SYSTEMPATH/CodeIgniter.php(340): CodeIgniter\CodeIgniter->handleRequest()
 7 FCPATH/index.php(67): CodeIgniter\CodeIgniter->run()
CRITICAL - 2022-09-28 11:52:39 --> Invalid file: pages/assets.php
in SYSTEMPATH/Exceptions/FrameworkException.php on line 33.
 1 SYSTEMPATH/View/View.php(201): CodeIgniter\Exceptions\FrameworkException::forInvalidFile()
 2 SYSTEMPATH/Common.php(1142): CodeIgniter\View\View->render()
 3 APPPATH/Controllers/Pages.php(28): view()
 4 SYSTEMPATH/CodeIgniter.php(907): App\Controllers\Pages->view()
 5 SYSTEMPATH/CodeIgniter.php(457): CodeIgniter\CodeIgniter->runController()
 6 SYSTEMPATH/CodeIgniter.php(340): CodeIgniter\CodeIgniter->handleRequest()
 7 FCPATH/index.php(67): CodeIgniter\CodeIgniter->run()
CRITICAL - 2022-09-28 11:53:10 --> Invalid file: pages/assets.php
in SYSTEMPATH/Exceptions/FrameworkException.php on line 33.
 1 SYSTEMPATH/View/View.php(201): CodeIgniter\Exceptions\FrameworkException::forInvalidFile()
 2 SYSTEMPATH/Common.php(1142): CodeIgniter\View\View->render()
 3 APPPATH/Controllers/Pages.php(28): view()
 4 SYSTEMPATH/CodeIgniter.php(907): App\Controllers\Pages->view()
 5 SYSTEMPATH/CodeIgniter.php(457): CodeIgniter\CodeIgniter->runController()
 6 SYSTEMPATH/CodeIgniter.php(340): CodeIgniter\CodeIgniter->handleRequest()
 7 FCPATH/index.php(67): CodeIgniter\CodeIgniter->run()
CRITICAL - 2022-09-28 11:53:10 --> Invalid file: pages/__service-worker.js
in SYSTEMPATH/Exceptions/FrameworkException.php on line 33.
 1 SYSTEMPATH/View/View.php(201): CodeIgniter\Exceptions\FrameworkException::forInvalidFile()
 2 SYSTEMPATH/Common.php(1142): CodeIgniter\View\View->render()
 3 APPPATH/Controllers/Pages.php(28): view()
 4 SYSTEMPATH/CodeIgniter.php(907): App\Controllers\Pages->view()
 5 SYSTEMPATH/CodeIgniter.php(457): CodeIgniter\CodeIgniter->runController()
 6 SYSTEMPATH/CodeIgniter.php(340): CodeIgniter\CodeIgniter->handleRequest()
 7 FCPATH/index.php(67): CodeIgniter\CodeIgniter->run()
CRITICAL - 2022-09-28 11:53:10 --> Invalid file: pages/assets.php
in SYSTEMPATH/Exceptions/FrameworkException.php on line 33.
 1 SYSTEMPATH/View/View.php(201): CodeIgniter\Exceptions\FrameworkException::forInvalidFile()
 2 SYSTEMPATH/Common.php(1142): CodeIgniter\View\View->render()
 3 APPPATH/Controllers/Pages.php(28): view()
 4 SYSTEMPATH/CodeIgniter.php(907): App\Controllers\Pages->view()
 5 SYSTEMPATH/CodeIgniter.php(457): CodeIgniter\CodeIgniter->runController()
 6 SYSTEMPATH/CodeIgniter.php(340): CodeIgniter\CodeIgniter->handleRequest()
 7 FCPATH/index.php(67): CodeIgniter\CodeIgniter->run()
CRITICAL - 2022-09-28 11:53:10 --> Invalid file: pages/assets.php
in SYSTEMPATH/Exceptions/FrameworkException.php on line 33.
 1 SYSTEMPATH/View/View.php(201): CodeIgniter\Exceptions\FrameworkException::forInvalidFile()
 2 SYSTEMPATH/Common.php(1142): CodeIgniter\View\View->render()
 3 APPPATH/Controllers/Pages.php(28): view()
 4 SYSTEMPATH/CodeIgniter.php(907): App\Controllers\Pages->view()
 5 SYSTEMPATH/CodeIgniter.php(457): CodeIgniter\CodeIgniter->runController()
 6 SYSTEMPATH/CodeIgniter.php(340): CodeIgniter\CodeIgniter->handleRequest()
 7 FCPATH/index.php(67): CodeIgniter\CodeIgniter->run()
CRITICAL - 2022-09-28 11:53:11 --> Invalid file: pages/assets.php
in SYSTEMPATH/Exceptions/FrameworkException.php on line 33.
 1 SYSTEMPATH/View/View.php(201): CodeIgniter\Exceptions\FrameworkException::forInvalidFile()
 2 SYSTEMPATH/Common.php(1142): CodeIgniter\View\View->render()
 3 APPPATH/Controllers/Pages.php(28): view()
 4 SYSTEMPATH/CodeIgniter.php(907): App\Controllers\Pages->view()
 5 SYSTEMPATH/CodeIgniter.php(457): CodeIgniter\CodeIgniter->runController()
 6 SYSTEMPATH/CodeIgniter.php(340): CodeIgniter\CodeIgniter->handleRequest()
 7 FCPATH/index.php(67): CodeIgniter\CodeIgniter->run()
CRITICAL - 2022-09-28 11:53:11 --> Invalid file: pages/assets.php
in SYSTEMPATH/Exceptions/FrameworkException.php on line 33.
 1 SYSTEMPATH/View/View.php(201): CodeIgniter\Exceptions\FrameworkException::forInvalidFile()
 2 SYSTEMPATH/Common.php(1142): CodeIgniter\View\View->render()
 3 APPPATH/Controllers/Pages.php(28): view()
 4 SYSTEMPATH/CodeIgniter.php(907): App\Controllers\Pages->view()
 5 SYSTEMPATH/CodeIgniter.php(457): CodeIgniter\CodeIgniter->runController()
 6 SYSTEMPATH/CodeIgniter.php(340): CodeIgniter\CodeIgniter->handleRequest()
 7 FCPATH/index.php(67): CodeIgniter\CodeIgniter->run()
CRITICAL - 2022-09-28 11:53:11 --> Invalid file: pages/assets.php
in SYSTEMPATH/Exceptions/FrameworkException.php on line 33.
 1 SYSTEMPATH/View/View.php(201): CodeIgniter\Exceptions\FrameworkException::forInvalidFile()
 2 SYSTEMPATH/Common.php(1142): CodeIgniter\View\View->render()
 3 APPPATH/Controllers/Pages.php(28): view()
 4 SYSTEMPATH/CodeIgniter.php(907): App\Controllers\Pages->view()
 5 SYSTEMPATH/CodeIgniter.php(457): CodeIgniter\CodeIgniter->runController()
 6 SYSTEMPATH/CodeIgniter.php(340): CodeIgniter\CodeIgniter->handleRequest()
 7 FCPATH/index.php(67): CodeIgniter\CodeIgniter->run()
CRITICAL - 2022-09-28 11:53:13 --> Invalid file: pages/assets.php
in SYSTEMPATH/Exceptions/FrameworkException.php on line 33.
 1 SYSTEMPATH/View/View.php(201): CodeIgniter\Exceptions\FrameworkException::forInvalidFile()
 2 SYSTEMPATH/Common.php(1142): CodeIgniter\View\View->render()
 3 APPPATH/Controllers/Pages.php(28): view()
 4 SYSTEMPATH/CodeIgniter.php(907): App\Controllers\Pages->view()
 5 SYSTEMPATH/CodeIgniter.php(457): CodeIgniter\CodeIgniter->runController()
 6 SYSTEMPATH/CodeIgniter.php(340): CodeIgniter\CodeIgniter->handleRequest()
 7 FCPATH/index.php(67): CodeIgniter\CodeIgniter->run()
CRITICAL - 2022-09-28 11:53:14 --> Invalid file: pages/assets.php
in SYSTEMPATH/Exceptions/FrameworkException.php on line 33.
 1 SYSTEMPATH/View/View.php(201): CodeIgniter\Exceptions\FrameworkException::forInvalidFile()
 2 SYSTEMPATH/Common.php(1142): CodeIgniter\View\View->render()
 3 APPPATH/Controllers/Pages.php(28): view()
 4 SYSTEMPATH/CodeIgniter.php(907): App\Controllers\Pages->view()
 5 SYSTEMPATH/CodeIgniter.php(457): CodeIgniter\CodeIgniter->runController()
 6 SYSTEMPATH/CodeIgniter.php(340): CodeIgniter\CodeIgniter->handleRequest()
 7 FCPATH/index.php(67): CodeIgniter\CodeIgniter->run()
CRITICAL - 2022-09-28 11:53:14 --> Invalid file: pages/assets.php
in SYSTEMPATH/Exceptions/FrameworkException.php on line 33.
 1 SYSTEMPATH/View/View.php(201): CodeIgniter\Exceptions\FrameworkException::forInvalidFile()
 2 SYSTEMPATH/Common.php(1142): CodeIgniter\View\View->render()
 3 APPPATH/Controllers/Pages.php(28): view()
 4 SYSTEMPATH/CodeIgniter.php(907): App\Controllers\Pages->view()
 5 SYSTEMPATH/CodeIgniter.php(457): CodeIgniter\CodeIgniter->runController()
 6 SYSTEMPATH/CodeIgniter.php(340): CodeIgniter\CodeIgniter->handleRequest()
 7 FCPATH/index.php(67): CodeIgniter\CodeIgniter->run()
CRITICAL - 2022-09-28 11:54:31 --> Invalid file: pages/wp-content.php
in SYSTEMPATH/Exceptions/FrameworkException.php on line 33.
 1 SYSTEMPATH/View/View.php(201): CodeIgniter\Exceptions\FrameworkException::forInvalidFile()
 2 SYSTEMPATH/Common.php(1142): CodeIgniter\View\View->render()
 3 APPPATH/Controllers/Pages.php(28): view()
 4 SYSTEMPATH/CodeIgniter.php(907): App\Controllers\Pages->view()
 5 SYSTEMPATH/CodeIgniter.php(457): CodeIgniter\CodeIgniter->runController()
 6 SYSTEMPATH/CodeIgniter.php(340): CodeIgniter\CodeIgniter->handleRequest()
 7 FCPATH/index.php(67): CodeIgniter\CodeIgniter->run()
CRITICAL - 2022-09-28 11:54:31 --> Invalid file: pages/wp-content.php
in SYSTEMPATH/Exceptions/FrameworkException.php on line 33.
 1 SYSTEMPATH/View/View.php(201): CodeIgniter\Exceptions\FrameworkException::forInvalidFile()
 2 SYSTEMPATH/Common.php(1142): CodeIgniter\View\View->render()
 3 APPPATH/Controllers/Pages.php(28): view()
 4 SYSTEMPATH/CodeIgniter.php(907): App\Controllers\Pages->view()
 5 SYSTEMPATH/CodeIgniter.php(457): CodeIgniter\CodeIgniter->runController()
 6 SYSTEMPATH/CodeIgniter.php(340): CodeIgniter\CodeIgniter->handleRequest()
 7 FCPATH/index.php(67): CodeIgniter\CodeIgniter->run()
CRITICAL - 2022-09-28 11:59:33 --> Invalid file: pages/assets.php
in SYSTEMPATH/Exceptions/FrameworkException.php on line 33.
 1 SYSTEMPATH/View/View.php(201): CodeIgniter\Exceptions\FrameworkException::forInvalidFile()
 2 SYSTEMPATH/Common.php(1142): CodeIgniter\View\View->render()
 3 APPPATH/Controllers/Pages.php(28): view()
 4 SYSTEMPATH/CodeIgniter.php(907): App\Controllers\Pages->view()
 5 SYSTEMPATH/CodeIgniter.php(457): CodeIgniter\CodeIgniter->runController()
 6 SYSTEMPATH/CodeIgniter.php(340): CodeIgniter\CodeIgniter->handleRequest()
 7 FCPATH/index.php(67): CodeIgniter\CodeIgniter->run()
CRITICAL - 2022-09-28 11:59:33 --> Invalid file: pages/assets.php
in SYSTEMPATH/Exceptions/FrameworkException.php on line 33.
 1 SYSTEMPATH/View/View.php(201): CodeIgniter\Exceptions\FrameworkException::forInvalidFile()
 2 SYSTEMPATH/Common.php(1142): CodeIgniter\View\View->render()
 3 APPPATH/Controllers/Pages.php(28): view()
 4 SYSTEMPATH/CodeIgniter.php(907): App\Controllers\Pages->view()
 5 SYSTEMPATH/CodeIgniter.php(457): CodeIgniter\CodeIgniter->runController()
 6 SYSTEMPATH/CodeIgniter.php(340): CodeIgniter\CodeIgniter->handleRequest()
 7 FCPATH/index.php(67): CodeIgniter\CodeIgniter->run()
CRITICAL - 2022-09-28 12:00:42 --> Invalid file: pages/assets.php
in SYSTEMPATH/Exceptions/FrameworkException.php on line 33.
 1 SYSTEMPATH/View/View.php(201): CodeIgniter\Exceptions\FrameworkException::forInvalidFile()
 2 SYSTEMPATH/Common.php(1142): CodeIgniter\View\View->render()
 3 APPPATH/Controllers/Pages.php(28): view()
 4 SYSTEMPATH/CodeIgniter.php(907): App\Controllers\Pages->view()
 5 SYSTEMPATH/CodeIgniter.php(457): CodeIgniter\CodeIgniter->runController()
 6 SYSTEMPATH/CodeIgniter.php(340): CodeIgniter\CodeIgniter->handleRequest()
 7 FCPATH/index.php(67): CodeIgniter\CodeIgniter->run()
CRITICAL - 2022-09-28 12:00:42 --> Invalid file: pages/assets.php
in SYSTEMPATH/Exceptions/FrameworkException.php on line 33.
 1 SYSTEMPATH/View/View.php(201): CodeIgniter\Exceptions\FrameworkException::forInvalidFile()
 2 SYSTEMPATH/Common.php(1142): CodeIgniter\View\View->render()
 3 APPPATH/Controllers/Pages.php(28): view()
 4 SYSTEMPATH/CodeIgniter.php(907): App\Controllers\Pages->view()
 5 SYSTEMPATH/CodeIgniter.php(457): CodeIgniter\CodeIgniter->runController()
 6 SYSTEMPATH/CodeIgniter.php(340): CodeIgniter\CodeIgniter->handleRequest()
 7 FCPATH/index.php(67): CodeIgniter\CodeIgniter->run()
CRITICAL - 2022-09-28 12:01:46 --> Undefined array key "login_Disabledtify"
in APPPATH/Views/admin/settings.php on line 45.
 1 APPPATH/Views/admin/settings.php(45): CodeIgniter\Debug\Exceptions->errorHandler()
 2 SYSTEMPATH/View/View.php(213): include('APPPATH/Views/admin/settings.php')
 3 SYSTEMPATH/View/View.php(216): CodeIgniter\View\View->CodeIgniter\View\{closure}()
 4 SYSTEMPATH/Common.php(1142): CodeIgniter\View\View->render()
 5 APPPATH/Controllers/Admin.php(1667): view()
 6 SYSTEMPATH/CodeIgniter.php(907): App\Controllers\Admin->settings()
 7 SYSTEMPATH/CodeIgniter.php(457): CodeIgniter\CodeIgniter->runController()
 8 SYSTEMPATH/CodeIgniter.php(340): CodeIgniter\CodeIgniter->handleRequest()
 9 FCPATH/index.php(67): CodeIgniter\CodeIgniter->run()
CRITICAL - 2022-09-28 12:02:23 --> Invalid file: pages/assets.php
in SYSTEMPATH/Exceptions/FrameworkException.php on line 33.
 1 SYSTEMPATH/View/View.php(201): CodeIgniter\Exceptions\FrameworkException::forInvalidFile()
 2 SYSTEMPATH/Common.php(1142): CodeIgniter\View\View->render()
 3 APPPATH/Controllers/Pages.php(28): view()
 4 SYSTEMPATH/CodeIgniter.php(907): App\Controllers\Pages->view()
 5 SYSTEMPATH/CodeIgniter.php(457): CodeIgniter\CodeIgniter->runController()
 6 SYSTEMPATH/CodeIgniter.php(340): CodeIgniter\CodeIgniter->handleRequest()
 7 FCPATH/index.php(67): CodeIgniter\CodeIgniter->run()
CRITICAL - 2022-09-28 12:02:23 --> Invalid file: pages/assets.php
in SYSTEMPATH/Exceptions/FrameworkException.php on line 33.
 1 SYSTEMPATH/View/View.php(201): CodeIgniter\Exceptions\FrameworkException::forInvalidFile()
 2 SYSTEMPATH/Common.php(1142): CodeIgniter\View\View->render()
 3 APPPATH/Controllers/Pages.php(28): view()
 4 SYSTEMPATH/CodeIgniter.php(907): App\Controllers\Pages->view()
 5 SYSTEMPATH/CodeIgniter.php(457): CodeIgniter\CodeIgniter->runController()
 6 SYSTEMPATH/CodeIgniter.php(340): CodeIgniter\CodeIgniter->handleRequest()
 7 FCPATH/index.php(67): CodeIgniter\CodeIgniter->run()
CRITICAL - 2022-09-28 12:03:54 --> Invalid file: pages/__service-worker.js
in SYSTEMPATH/Exceptions/FrameworkException.php on line 33.
 1 SYSTEMPATH/View/View.php(201): CodeIgniter\Exceptions\FrameworkException::forInvalidFile()
 2 SYSTEMPATH/Common.php(1142): CodeIgniter\View\View->render()
 3 APPPATH/Controllers/Pages.php(28): view()
 4 SYSTEMPATH/CodeIgniter.php(907): App\Controllers\Pages->view()
 5 SYSTEMPATH/CodeIgniter.php(457): CodeIgniter\CodeIgniter->runController()
 6 SYSTEMPATH/CodeIgniter.php(340): CodeIgniter\CodeIgniter->handleRequest()
 7 FCPATH/index.php(67): CodeIgniter\CodeIgniter->run()
CRITICAL - 2022-09-28 12:03:54 --> Invalid file: pages/assets.php
in SYSTEMPATH/Exceptions/FrameworkException.php on line 33.
 1 SYSTEMPATH/View/View.php(201): CodeIgniter\Exceptions\FrameworkException::forInvalidFile()
 2 SYSTEMPATH/Common.php(1142): CodeIgniter\View\View->render()
 3 APPPATH/Controllers/Pages.php(28): view()
 4 SYSTEMPATH/CodeIgniter.php(907): App\Controllers\Pages->view()
 5 SYSTEMPATH/CodeIgniter.php(457): CodeIgniter\CodeIgniter->runController()
 6 SYSTEMPATH/CodeIgniter.php(340): CodeIgniter\CodeIgniter->handleRequest()
 7 FCPATH/index.php(67): CodeIgniter\CodeIgniter->run()
CRITICAL - 2022-09-28 12:03:54 --> Invalid file: pages/assets.php
in SYSTEMPATH/Exceptions/FrameworkException.php on line 33.
 1 SYSTEMPATH/View/View.php(201): CodeIgniter\Exceptions\FrameworkException::forInvalidFile()
 2 SYSTEMPATH/Common.php(1142): CodeIgniter\View\View->render()
 3 APPPATH/Controllers/Pages.php(28): view()
 4 SYSTEMPATH/CodeIgniter.php(907): App\Controllers\Pages->view()
 5 SYSTEMPATH/CodeIgniter.php(457): CodeIgniter\CodeIgniter->runController()
 6 SYSTEMPATH/CodeIgniter.php(340): CodeIgniter\CodeIgniter->handleRequest()
 7 FCPATH/index.php(67): CodeIgniter\CodeIgniter->run()
CRITICAL - 2022-09-28 12:03:54 --> Invalid file: pages/assets.php
in SYSTEMPATH/Exceptions/FrameworkException.php on line 33.
 1 SYSTEMPATH/View/View.php(201): CodeIgniter\Exceptions\FrameworkException::forInvalidFile()
 2 SYSTEMPATH/Common.php(1142): CodeIgniter\View\View->render()
 3 APPPATH/Controllers/Pages.php(28): view()
 4 SYSTEMPATH/CodeIgniter.php(907): App\Controllers\Pages->view()
 5 SYSTEMPATH/CodeIgniter.php(457): CodeIgniter\CodeIgniter->runController()
 6 SYSTEMPATH/CodeIgniter.php(340): CodeIgniter\CodeIgniter->handleRequest()
 7 FCPATH/index.php(67): CodeIgniter\CodeIgniter->run()
CRITICAL - 2022-09-28 12:03:54 --> Invalid file: pages/assets.php
in SYSTEMPATH/Exceptions/FrameworkException.php on line 33.
 1 SYSTEMPATH/View/View.php(201): CodeIgniter\Exceptions\FrameworkException::forInvalidFile()
 2 SYSTEMPATH/Common.php(1142): CodeIgniter\View\View->render()
 3 APPPATH/Controllers/Pages.php(28): view()
 4 SYSTEMPATH/CodeIgniter.php(907): App\Controllers\Pages->view()
 5 SYSTEMPATH/CodeIgniter.php(457): CodeIgniter\CodeIgniter->runController()
 6 SYSTEMPATH/CodeIgniter.php(340): CodeIgniter\CodeIgniter->handleRequest()
 7 FCPATH/index.php(67): CodeIgniter\CodeIgniter->run()
CRITICAL - 2022-09-28 12:03:55 --> Invalid file: pages/__service-worker.js
in SYSTEMPATH/Exceptions/FrameworkException.php on line 33.
 1 SYSTEMPATH/View/View.php(201): CodeIgniter\Exceptions\FrameworkException::forInvalidFile()
 2 SYSTEMPATH/Common.php(1142): CodeIgniter\View\View->render()
 3 APPPATH/Controllers/Pages.php(28): view()
 4 SYSTEMPATH/CodeIgniter.php(907): App\Controllers\Pages->view()
 5 SYSTEMPATH/CodeIgniter.php(457): CodeIgniter\CodeIgniter->runController()
 6 SYSTEMPATH/CodeIgniter.php(340): CodeIgniter\CodeIgniter->handleRequest()
 7 FCPATH/index.php(67): CodeIgniter\CodeIgniter->run()
CRITICAL - 2022-09-28 12:03:55 --> Invalid file: pages/assets.php
in SYSTEMPATH/Exceptions/FrameworkException.php on line 33.
 1 SYSTEMPATH/View/View.php(201): CodeIgniter\Exceptions\FrameworkException::forInvalidFile()
 2 SYSTEMPATH/Common.php(1142): CodeIgniter\View\View->render()
 3 APPPATH/Controllers/Pages.php(28): view()
 4 SYSTEMPATH/CodeIgniter.php(907): App\Controllers\Pages->view()
 5 SYSTEMPATH/CodeIgniter.php(457): CodeIgniter\CodeIgniter->runController()
 6 SYSTEMPATH/CodeIgniter.php(340): CodeIgniter\CodeIgniter->handleRequest()
 7 FCPATH/index.php(67): CodeIgniter\CodeIgniter->run()
CRITICAL - 2022-09-28 12:03:55 --> Invalid file: pages/assets.php
in SYSTEMPATH/Exceptions/FrameworkException.php on line 33.
 1 SYSTEMPATH/View/View.php(201): CodeIgniter\Exceptions\FrameworkException::forInvalidFile()
 2 SYSTEMPATH/Common.php(1142): CodeIgniter\View\View->render()
 3 APPPATH/Controllers/Pages.php(28): view()
 4 SYSTEMPATH/CodeIgniter.php(907): App\Controllers\Pages->view()
 5 SYSTEMPATH/CodeIgniter.php(457): CodeIgniter\CodeIgniter->runController()
 6 SYSTEMPATH/CodeIgniter.php(340): CodeIgniter\CodeIgniter->handleRequest()
 7 FCPATH/index.php(67): CodeIgniter\CodeIgniter->run()
CRITICAL - 2022-09-28 12:03:55 --> Invalid file: pages/assets.php
in SYSTEMPATH/Exceptions/FrameworkException.php on line 33.
 1 SYSTEMPATH/View/View.php(201): CodeIgniter\Exceptions\FrameworkException::forInvalidFile()
 2 SYSTEMPATH/Common.php(1142): CodeIgniter\View\View->render()
 3 APPPATH/Controllers/Pages.php(28): view()
 4 SYSTEMPATH/CodeIgniter.php(907): App\Controllers\Pages->view()
 5 SYSTEMPATH/CodeIgniter.php(457): CodeIgniter\CodeIgniter->runController()
 6 SYSTEMPATH/CodeIgniter.php(340): CodeIgniter\CodeIgniter->handleRequest()
 7 FCPATH/index.php(67): CodeIgniter\CodeIgniter->run()
CRITICAL - 2022-09-28 12:03:56 --> Invalid file: pages/assets.php
in SYSTEMPATH/Exceptions/FrameworkException.php on line 33.
 1 SYSTEMPATH/View/View.php(201): CodeIgniter\Exceptions\FrameworkException::forInvalidFile()
 2 SYSTEMPATH/Common.php(1142): CodeIgniter\View\View->render()
 3 APPPATH/Controllers/Pages.php(28): view()
 4 SYSTEMPATH/CodeIgniter.php(907): App\Controllers\Pages->view()
 5 SYSTEMPATH/CodeIgniter.php(457): CodeIgniter\CodeIgniter->runController()
 6 SYSTEMPATH/CodeIgniter.php(340): CodeIgniter\CodeIgniter->handleRequest()
 7 FCPATH/index.php(67): CodeIgniter\CodeIgniter->run()
CRITICAL - 2022-09-28 12:03:57 --> Invalid file: pages/assets.php
in SYSTEMPATH/Exceptions/FrameworkException.php on line 33.
 1 SYSTEMPATH/View/View.php(201): CodeIgniter\Exceptions\FrameworkException::forInvalidFile()
 2 SYSTEMPATH/Common.php(1142): CodeIgniter\View\View->render()
 3 APPPATH/Controllers/Pages.php(28): view()
 4 SYSTEMPATH/CodeIgniter.php(907): App\Controllers\Pages->view()
 5 SYSTEMPATH/CodeIgniter.php(457): CodeIgniter\CodeIgniter->runController()
 6 SYSTEMPATH/CodeIgniter.php(340): CodeIgniter\CodeIgniter->handleRequest()
 7 FCPATH/index.php(67): CodeIgniter\CodeIgniter->run()
CRITICAL - 2022-09-28 12:03:57 --> Invalid file: pages/assets.php
in SYSTEMPATH/Exceptions/FrameworkException.php on line 33.
 1 SYSTEMPATH/View/View.php(201): CodeIgniter\Exceptions\FrameworkException::forInvalidFile()
 2 SYSTEMPATH/Common.php(1142): CodeIgniter\View\View->render()
 3 APPPATH/Controllers/Pages.php(28): view()
 4 SYSTEMPATH/CodeIgniter.php(907): App\Controllers\Pages->view()
 5 SYSTEMPATH/CodeIgniter.php(457): CodeIgniter\CodeIgniter->runController()
 6 SYSTEMPATH/CodeIgniter.php(340): CodeIgniter\CodeIgniter->handleRequest()
 7 FCPATH/index.php(67): CodeIgniter\CodeIgniter->run()
CRITICAL - 2022-09-28 12:03:58 --> Invalid file: pages/assets.php
in SYSTEMPATH/Exceptions/FrameworkException.php on line 33.
 1 SYSTEMPATH/View/View.php(201): CodeIgniter\Exceptions\FrameworkException::forInvalidFile()
 2 SYSTEMPATH/Common.php(1142): CodeIgniter\View\View->render()
 3 APPPATH/Controllers/Pages.php(28): view()
 4 SYSTEMPATH/CodeIgniter.php(907): App\Controllers\Pages->view()
 5 SYSTEMPATH/CodeIgniter.php(457): CodeIgniter\CodeIgniter->runController()
 6 SYSTEMPATH/CodeIgniter.php(340): CodeIgniter\CodeIgniter->handleRequest()
 7 FCPATH/index.php(67): CodeIgniter\CodeIgniter->run()
CRITICAL - 2022-09-28 12:04:57 --> Invalid file: pages/assets.php
in SYSTEMPATH/Exceptions/FrameworkException.php on line 33.
 1 SYSTEMPATH/View/View.php(201): CodeIgniter\Exceptions\FrameworkException::forInvalidFile()
 2 SYSTEMPATH/Common.php(1142): CodeIgniter\View\View->render()
 3 APPPATH/Controllers/Pages.php(28): view()
 4 SYSTEMPATH/CodeIgniter.php(907): App\Controllers\Pages->view()
 5 SYSTEMPATH/CodeIgniter.php(457): CodeIgniter\CodeIgniter->runController()
 6 SYSTEMPATH/CodeIgniter.php(340): CodeIgniter\CodeIgniter->handleRequest()
 7 FCPATH/index.php(67): CodeIgniter\CodeIgniter->run()
CRITICAL - 2022-09-28 12:04:57 --> Invalid file: pages/assets.php
in SYSTEMPATH/Exceptions/FrameworkException.php on line 33.
 1 SYSTEMPATH/View/View.php(201): CodeIgniter\Exceptions\FrameworkException::forInvalidFile()
 2 SYSTEMPATH/Common.php(1142): CodeIgniter\View\View->render()
 3 APPPATH/Controllers/Pages.php(28): view()
 4 SYSTEMPATH/CodeIgniter.php(907): App\Controllers\Pages->view()
 5 SYSTEMPATH/CodeIgniter.php(457): CodeIgniter\CodeIgniter->runController()
 6 SYSTEMPATH/CodeIgniter.php(340): CodeIgniter\CodeIgniter->handleRequest()
 7 FCPATH/index.php(67): CodeIgniter\CodeIgniter->run()
CRITICAL - 2022-09-28 12:08:59 --> Invalid file: pages/assets.php
in SYSTEMPATH/Exceptions/FrameworkException.php on line 33.
 1 SYSTEMPATH/View/View.php(201): CodeIgniter\Exceptions\FrameworkException::forInvalidFile()
 2 SYSTEMPATH/Common.php(1142): CodeIgniter\View\View->render()
 3 APPPATH/Controllers/Pages.php(28): view()
 4 SYSTEMPATH/CodeIgniter.php(907): App\Controllers\Pages->view()
 5 SYSTEMPATH/CodeIgniter.php(457): CodeIgniter\CodeIgniter->runController()
 6 SYSTEMPATH/CodeIgniter.php(340): CodeIgniter\CodeIgniter->handleRequest()
 7 FCPATH/index.php(67): CodeIgniter\CodeIgniter->run()
CRITICAL - 2022-09-28 12:09:00 --> Invalid file: pages/assets.php
in SYSTEMPATH/Exceptions/FrameworkException.php on line 33.
 1 SYSTEMPATH/View/View.php(201): CodeIgniter\Exceptions\FrameworkException::forInvalidFile()
 2 SYSTEMPATH/Common.php(1142): CodeIgniter\View\View->render()
 3 APPPATH/Controllers/Pages.php(28): view()
 4 SYSTEMPATH/CodeIgniter.php(907): App\Controllers\Pages->view()
 5 SYSTEMPATH/CodeIgniter.php(457): CodeIgniter\CodeIgniter->runController()
 6 SYSTEMPATH/CodeIgniter.php(340): CodeIgniter\CodeIgniter->handleRequest()
 7 FCPATH/index.php(67): CodeIgniter\CodeIgniter->run()
CRITICAL - 2022-09-28 12:09:00 --> Invalid file: pages/assets.php
in SYSTEMPATH/Exceptions/FrameworkException.php on line 33.
 1 SYSTEMPATH/View/View.php(201): CodeIgniter\Exceptions\FrameworkException::forInvalidFile()
 2 SYSTEMPATH/Common.php(1142): CodeIgniter\View\View->render()
 3 APPPATH/Controllers/Pages.php(28): view()
 4 SYSTEMPATH/CodeIgniter.php(907): App\Controllers\Pages->view()
 5 SYSTEMPATH/CodeIgniter.php(457): CodeIgniter\CodeIgniter->runController()
 6 SYSTEMPATH/CodeIgniter.php(340): CodeIgniter\CodeIgniter->handleRequest()
 7 FCPATH/index.php(67): CodeIgniter\CodeIgniter->run()
CRITICAL - 2022-09-28 12:09:15 --> Invalid file: pages/assets.php
in SYSTEMPATH/Exceptions/FrameworkException.php on line 33.
 1 SYSTEMPATH/View/View.php(201): CodeIgniter\Exceptions\FrameworkException::forInvalidFile()
 2 SYSTEMPATH/Common.php(1142): CodeIgniter\View\View->render()
 3 APPPATH/Controllers/Pages.php(28): view()
 4 SYSTEMPATH/CodeIgniter.php(907): App\Controllers\Pages->view()
 5 SYSTEMPATH/CodeIgniter.php(457): CodeIgniter\CodeIgniter->runController()
 6 SYSTEMPATH/CodeIgniter.php(340): CodeIgniter\CodeIgniter->handleRequest()
 7 FCPATH/index.php(67): CodeIgniter\CodeIgniter->run()
CRITICAL - 2022-09-28 12:09:15 --> Invalid file: pages/assets.php
in SYSTEMPATH/Exceptions/FrameworkException.php on line 33.
 1 SYSTEMPATH/View/View.php(201): CodeIgniter\Exceptions\FrameworkException::forInvalidFile()
 2 SYSTEMPATH/Common.php(1142): CodeIgniter\View\View->render()
 3 APPPATH/Controllers/Pages.php(28): view()
 4 SYSTEMPATH/CodeIgniter.php(907): App\Controllers\Pages->view()
 5 SYSTEMPATH/CodeIgniter.php(457): CodeIgniter\CodeIgniter->runController()
 6 SYSTEMPATH/CodeIgniter.php(340): CodeIgniter\CodeIgniter->handleRequest()
 7 FCPATH/index.php(67): CodeIgniter\CodeIgniter->run()
CRITICAL - 2022-09-28 12:09:16 --> Invalid file: pages/assets.php
in SYSTEMPATH/Exceptions/FrameworkException.php on line 33.
 1 SYSTEMPATH/View/View.php(201): CodeIgniter\Exceptions\FrameworkException::forInvalidFile()
 2 SYSTEMPATH/Common.php(1142): CodeIgniter\View\View->render()
 3 APPPATH/Controllers/Pages.php(28): view()
 4 SYSTEMPATH/CodeIgniter.php(907): App\Controllers\Pages->view()
 5 SYSTEMPATH/CodeIgniter.php(457): CodeIgniter\CodeIgniter->runController()
 6 SYSTEMPATH/CodeIgniter.php(340): CodeIgniter\CodeIgniter->handleRequest()
 7 FCPATH/index.php(67): CodeIgniter\CodeIgniter->run()
CRITICAL - 2022-09-28 12:09:21 --> Invalid file: pages/assets.php
in SYSTEMPATH/Exceptions/FrameworkException.php on line 33.
 1 SYSTEMPATH/View/View.php(201): CodeIgniter\Exceptions\FrameworkException::forInvalidFile()
 2 SYSTEMPATH/Common.php(1142): CodeIgniter\View\View->render()
 3 APPPATH/Controllers/Pages.php(28): view()
 4 SYSTEMPATH/CodeIgniter.php(907): App\Controllers\Pages->view()
 5 SYSTEMPATH/CodeIgniter.php(457): CodeIgniter\CodeIgniter->runController()
 6 SYSTEMPATH/CodeIgniter.php(340): CodeIgniter\CodeIgniter->handleRequest()
 7 FCPATH/index.php(67): CodeIgniter\CodeIgniter->run()
CRITICAL - 2022-09-28 12:09:21 --> Invalid file: pages/assets.php
in SYSTEMPATH/Exceptions/FrameworkException.php on line 33.
 1 SYSTEMPATH/View/View.php(201): CodeIgniter\Exceptions\FrameworkException::forInvalidFile()
 2 SYSTEMPATH/Common.php(1142): CodeIgniter\View\View->render()
 3 APPPATH/Controllers/Pages.php(28): view()
 4 SYSTEMPATH/CodeIgniter.php(907): App\Controllers\Pages->view()
 5 SYSTEMPATH/CodeIgniter.php(457): CodeIgniter\CodeIgniter->runController()
 6 SYSTEMPATH/CodeIgniter.php(340): CodeIgniter\CodeIgniter->handleRequest()
 7 FCPATH/index.php(67): CodeIgniter\CodeIgniter->run()
CRITICAL - 2022-09-28 12:09:21 --> Invalid file: pages/assets.php
in SYSTEMPATH/Exceptions/FrameworkException.php on line 33.
 1 SYSTEMPATH/View/View.php(201): CodeIgniter\Exceptions\FrameworkException::forInvalidFile()
 2 SYSTEMPATH/Common.php(1142): CodeIgniter\View\View->render()
 3 APPPATH/Controllers/Pages.php(28): view()
 4 SYSTEMPATH/CodeIgniter.php(907): App\Controllers\Pages->view()
 5 SYSTEMPATH/CodeIgniter.php(457): CodeIgniter\CodeIgniter->runController()
 6 SYSTEMPATH/CodeIgniter.php(340): CodeIgniter\CodeIgniter->handleRequest()
 7 FCPATH/index.php(67): CodeIgniter\CodeIgniter->run()
CRITICAL - 2022-09-28 12:09:45 --> Invalid file: pages/assets.php
in SYSTEMPATH/Exceptions/FrameworkException.php on line 33.
 1 SYSTEMPATH/View/View.php(201): CodeIgniter\Exceptions\FrameworkException::forInvalidFile()
 2 SYSTEMPATH/Common.php(1142): CodeIgniter\View\View->render()
 3 APPPATH/Controllers/Pages.php(28): view()
 4 SYSTEMPATH/CodeIgniter.php(907): App\Controllers\Pages->view()
 5 SYSTEMPATH/CodeIgniter.php(457): CodeIgniter\CodeIgniter->runController()
 6 SYSTEMPATH/CodeIgniter.php(340): CodeIgniter\CodeIgniter->handleRequest()
 7 FCPATH/index.php(67): CodeIgniter\CodeIgniter->run()
CRITICAL - 2022-09-28 12:09:46 --> Invalid file: pages/__service-worker.js
in SYSTEMPATH/Exceptions/FrameworkException.php on line 33.
 1 SYSTEMPATH/View/View.php(201): CodeIgniter\Exceptions\FrameworkException::forInvalidFile()
 2 SYSTEMPATH/Common.php(1142): CodeIgniter\View\View->render()
 3 APPPATH/Controllers/Pages.php(28): view()
 4 SYSTEMPATH/CodeIgniter.php(907): App\Controllers\Pages->view()
 5 SYSTEMPATH/CodeIgniter.php(457): CodeIgniter\CodeIgniter->runController()
 6 SYSTEMPATH/CodeIgniter.php(340): CodeIgniter\CodeIgniter->handleRequest()
 7 FCPATH/index.php(67): CodeIgniter\CodeIgniter->run()
CRITICAL - 2022-09-28 12:09:46 --> Invalid file: pages/assets.php
in SYSTEMPATH/Exceptions/FrameworkException.php on line 33.
 1 SYSTEMPATH/View/View.php(201): CodeIgniter\Exceptions\FrameworkException::forInvalidFile()
 2 SYSTEMPATH/Common.php(1142): CodeIgniter\View\View->render()
 3 APPPATH/Controllers/Pages.php(28): view()
 4 SYSTEMPATH/CodeIgniter.php(907): App\Controllers\Pages->view()
 5 SYSTEMPATH/CodeIgniter.php(457): CodeIgniter\CodeIgniter->runController()
 6 SYSTEMPATH/CodeIgniter.php(340): CodeIgniter\CodeIgniter->handleRequest()
 7 FCPATH/index.php(67): CodeIgniter\CodeIgniter->run()
CRITICAL - 2022-09-28 12:09:46 --> Invalid file: pages/assets.php
in SYSTEMPATH/Exceptions/FrameworkException.php on line 33.
 1 SYSTEMPATH/View/View.php(201): CodeIgniter\Exceptions\FrameworkException::forInvalidFile()
 2 SYSTEMPATH/Common.php(1142): CodeIgniter\View\View->render()
 3 APPPATH/Controllers/Pages.php(28): view()
 4 SYSTEMPATH/CodeIgniter.php(907): App\Controllers\Pages->view()
 5 SYSTEMPATH/CodeIgniter.php(457): CodeIgniter\CodeIgniter->runController()
 6 SYSTEMPATH/CodeIgniter.php(340): CodeIgniter\CodeIgniter->handleRequest()
 7 FCPATH/index.php(67): CodeIgniter\CodeIgniter->run()
CRITICAL - 2022-09-28 12:09:47 --> Invalid file: pages/assets.php
in SYSTEMPATH/Exceptions/FrameworkException.php on line 33.
 1 SYSTEMPATH/View/View.php(201): CodeIgniter\Exceptions\FrameworkException::forInvalidFile()
 2 SYSTEMPATH/Common.php(1142): CodeIgniter\View\View->render()
 3 APPPATH/Controllers/Pages.php(28): view()
 4 SYSTEMPATH/CodeIgniter.php(907): App\Controllers\Pages->view()
 5 SYSTEMPATH/CodeIgniter.php(457): CodeIgniter\CodeIgniter->runController()
 6 SYSTEMPATH/CodeIgniter.php(340): CodeIgniter\CodeIgniter->handleRequest()
 7 FCPATH/index.php(67): CodeIgniter\CodeIgniter->run()
CRITICAL - 2022-09-28 12:09:47 --> Invalid file: pages/assets.php
in SYSTEMPATH/Exceptions/FrameworkException.php on line 33.
 1 SYSTEMPATH/View/View.php(201): CodeIgniter\Exceptions\FrameworkException::forInvalidFile()
 2 SYSTEMPATH/Common.php(1142): CodeIgniter\View\View->render()
 3 APPPATH/Controllers/Pages.php(28): view()
 4 SYSTEMPATH/CodeIgniter.php(907): App\Controllers\Pages->view()
 5 SYSTEMPATH/CodeIgniter.php(457): CodeIgniter\CodeIgniter->runController()
 6 SYSTEMPATH/CodeIgniter.php(340): CodeIgniter\CodeIgniter->handleRequest()
 7 FCPATH/index.php(67): CodeIgniter\CodeIgniter->run()
CRITICAL - 2022-09-28 12:09:48 --> Invalid file: pages/assets.php
in SYSTEMPATH/Exceptions/FrameworkException.php on line 33.
 1 SYSTEMPATH/View/View.php(201): CodeIgniter\Exceptions\FrameworkException::forInvalidFile()
 2 SYSTEMPATH/Common.php(1142): CodeIgniter\View\View->render()
 3 APPPATH/Controllers/Pages.php(28): view()
 4 SYSTEMPATH/CodeIgniter.php(907): App\Controllers\Pages->view()
 5 SYSTEMPATH/CodeIgniter.php(457): CodeIgniter\CodeIgniter->runController()
 6 SYSTEMPATH/CodeIgniter.php(340): CodeIgniter\CodeIgniter->handleRequest()
 7 FCPATH/index.php(67): CodeIgniter\CodeIgniter->run()
CRITICAL - 2022-09-28 12:11:53 --> Invalid file: pages/assets.php
in SYSTEMPATH/Exceptions/FrameworkException.php on line 33.
 1 SYSTEMPATH/View/View.php(201): CodeIgniter\Exceptions\FrameworkException::forInvalidFile()
 2 SYSTEMPATH/Common.php(1142): CodeIgniter\View\View->render()
 3 APPPATH/Controllers/Pages.php(28): view()
 4 SYSTEMPATH/CodeIgniter.php(907): App\Controllers\Pages->view()
 5 SYSTEMPATH/CodeIgniter.php(457): CodeIgniter\CodeIgniter->runController()
 6 SYSTEMPATH/CodeIgniter.php(340): CodeIgniter\CodeIgniter->handleRequest()
 7 FCPATH/index.php(67): CodeIgniter\CodeIgniter->run()
CRITICAL - 2022-09-28 12:11:54 --> Invalid file: pages/assets.php
in SYSTEMPATH/Exceptions/FrameworkException.php on line 33.
 1 SYSTEMPATH/View/View.php(201): CodeIgniter\Exceptions\FrameworkException::forInvalidFile()
 2 SYSTEMPATH/Common.php(1142): CodeIgniter\View\View->render()
 3 APPPATH/Controllers/Pages.php(28): view()
 4 SYSTEMPATH/CodeIgniter.php(907): App\Controllers\Pages->view()
 5 SYSTEMPATH/CodeIgniter.php(457): CodeIgniter\CodeIgniter->runController()
 6 SYSTEMPATH/CodeIgniter.php(340): CodeIgniter\CodeIgniter->handleRequest()
 7 FCPATH/index.php(67): CodeIgniter\CodeIgniter->run()
CRITICAL - 2022-09-28 12:11:55 --> Invalid file: pages/assets.php
in SYSTEMPATH/Exceptions/FrameworkException.php on line 33.
 1 SYSTEMPATH/View/View.php(201): CodeIgniter\Exceptions\FrameworkException::forInvalidFile()
 2 SYSTEMPATH/Common.php(1142): CodeIgniter\View\View->render()
 3 APPPATH/Controllers/Pages.php(28): view()
 4 SYSTEMPATH/CodeIgniter.php(907): App\Controllers\Pages->view()
 5 SYSTEMPATH/CodeIgniter.php(457): CodeIgniter\CodeIgniter->runController()
 6 SYSTEMPATH/CodeIgniter.php(340): CodeIgniter\CodeIgniter->handleRequest()
 7 FCPATH/index.php(67): CodeIgniter\CodeIgniter->run()
CRITICAL - 2022-09-28 12:11:58 --> Invalid file: pages/assets.php
in SYSTEMPATH/Exceptions/FrameworkException.php on line 33.
 1 SYSTEMPATH/View/View.php(201): CodeIgniter\Exceptions\FrameworkException::forInvalidFile()
 2 SYSTEMPATH/Common.php(1142): CodeIgniter\View\View->render()
 3 APPPATH/Controllers/Pages.php(28): view()
 4 SYSTEMPATH/CodeIgniter.php(907): App\Controllers\Pages->view()
 5 SYSTEMPATH/CodeIgniter.php(457): CodeIgniter\CodeIgniter->runController()
 6 SYSTEMPATH/CodeIgniter.php(340): CodeIgniter\CodeIgniter->handleRequest()
 7 FCPATH/index.php(67): CodeIgniter\CodeIgniter->run()
CRITICAL - 2022-09-28 12:11:58 --> Invalid file: pages/__service-worker.js
in SYSTEMPATH/Exceptions/FrameworkException.php on line 33.
 1 SYSTEMPATH/View/View.php(201): CodeIgniter\Exceptions\FrameworkException::forInvalidFile()
 2 SYSTEMPATH/Common.php(1142): CodeIgniter\View\View->render()
 3 APPPATH/Controllers/Pages.php(28): view()
 4 SYSTEMPATH/CodeIgniter.php(907): App\Controllers\Pages->view()
 5 SYSTEMPATH/CodeIgniter.php(457): CodeIgniter\CodeIgniter->runController()
 6 SYSTEMPATH/CodeIgniter.php(340): CodeIgniter\CodeIgniter->handleRequest()
 7 FCPATH/index.php(67): CodeIgniter\CodeIgniter->run()
CRITICAL - 2022-09-28 12:11:58 --> Invalid file: pages/assets.php
in SYSTEMPATH/Exceptions/FrameworkException.php on line 33.
 1 SYSTEMPATH/View/View.php(201): CodeIgniter\Exceptions\FrameworkException::forInvalidFile()
 2 SYSTEMPATH/Common.php(1142): CodeIgniter\View\View->render()
 3 APPPATH/Controllers/Pages.php(28): view()
 4 SYSTEMPATH/CodeIgniter.php(907): App\Controllers\Pages->view()
 5 SYSTEMPATH/CodeIgniter.php(457): CodeIgniter\CodeIgniter->runController()
 6 SYSTEMPATH/CodeIgniter.php(340): CodeIgniter\CodeIgniter->handleRequest()
 7 FCPATH/index.php(67): CodeIgniter\CodeIgniter->run()
CRITICAL - 2022-09-28 12:11:58 --> Invalid file: pages/assets.php
in SYSTEMPATH/Exceptions/FrameworkException.php on line 33.
 1 SYSTEMPATH/View/View.php(201): CodeIgniter\Exceptions\FrameworkException::forInvalidFile()
 2 SYSTEMPATH/Common.php(1142): CodeIgniter\View\View->render()
 3 APPPATH/Controllers/Pages.php(28): view()
 4 SYSTEMPATH/CodeIgniter.php(907): App\Controllers\Pages->view()
 5 SYSTEMPATH/CodeIgniter.php(457): CodeIgniter\CodeIgniter->runController()
 6 SYSTEMPATH/CodeIgniter.php(340): CodeIgniter\CodeIgniter->handleRequest()
 7 FCPATH/index.php(67): CodeIgniter\CodeIgniter->run()
CRITICAL - 2022-09-28 12:11:59 --> Invalid file: pages/assets.php
in SYSTEMPATH/Exceptions/FrameworkException.php on line 33.
 1 SYSTEMPATH/View/View.php(201): CodeIgniter\Exceptions\FrameworkException::forInvalidFile()
 2 SYSTEMPATH/Common.php(1142): CodeIgniter\View\View->render()
 3 APPPATH/Controllers/Pages.php(28): view()
 4 SYSTEMPATH/CodeIgniter.php(907): App\Controllers\Pages->view()
 5 SYSTEMPATH/CodeIgniter.php(457): CodeIgniter\CodeIgniter->runController()
 6 SYSTEMPATH/CodeIgniter.php(340): CodeIgniter\CodeIgniter->handleRequest()
 7 FCPATH/index.php(67): CodeIgniter\CodeIgniter->run()
CRITICAL - 2022-09-28 12:11:59 --> Invalid file: pages/assets.php
in SYSTEMPATH/Exceptions/FrameworkException.php on line 33.
 1 SYSTEMPATH/View/View.php(201): CodeIgniter\Exceptions\FrameworkException::forInvalidFile()
 2 SYSTEMPATH/Common.php(1142): CodeIgniter\View\View->render()
 3 APPPATH/Controllers/Pages.php(28): view()
 4 SYSTEMPATH/CodeIgniter.php(907): App\Controllers\Pages->view()
 5 SYSTEMPATH/CodeIgniter.php(457): CodeIgniter\CodeIgniter->runController()
 6 SYSTEMPATH/CodeIgniter.php(340): CodeIgniter\CodeIgniter->handleRequest()
 7 FCPATH/index.php(67): CodeIgniter\CodeIgniter->run()
CRITICAL - 2022-09-28 12:12:00 --> Invalid file: pages/assets.php
in SYSTEMPATH/Exceptions/FrameworkException.php on line 33.
 1 SYSTEMPATH/View/View.php(201): CodeIgniter\Exceptions\FrameworkException::forInvalidFile()
 2 SYSTEMPATH/Common.php(1142): CodeIgniter\View\View->render()
 3 APPPATH/Controllers/Pages.php(28): view()
 4 SYSTEMPATH/CodeIgniter.php(907): App\Controllers\Pages->view()
 5 SYSTEMPATH/CodeIgniter.php(457): CodeIgniter\CodeIgniter->runController()
 6 SYSTEMPATH/CodeIgniter.php(340): CodeIgniter\CodeIgniter->handleRequest()
 7 FCPATH/index.php(67): CodeIgniter\CodeIgniter->run()
CRITICAL - 2022-09-28 12:12:04 --> Invalid file: pages/assets.php
in SYSTEMPATH/Exceptions/FrameworkException.php on line 33.
 1 SYSTEMPATH/View/View.php(201): CodeIgniter\Exceptions\FrameworkException::forInvalidFile()
 2 SYSTEMPATH/Common.php(1142): CodeIgniter\View\View->render()
 3 APPPATH/Controllers/Pages.php(28): view()
 4 SYSTEMPATH/CodeIgniter.php(907): App\Controllers\Pages->view()
 5 SYSTEMPATH/CodeIgniter.php(457): CodeIgniter\CodeIgniter->runController()
 6 SYSTEMPATH/CodeIgniter.php(340): CodeIgniter\CodeIgniter->handleRequest()
 7 FCPATH/index.php(67): CodeIgniter\CodeIgniter->run()
CRITICAL - 2022-09-28 12:12:05 --> Invalid file: pages/assets.php
in SYSTEMPATH/Exceptions/FrameworkException.php on line 33.
 1 SYSTEMPATH/View/View.php(201): CodeIgniter\Exceptions\FrameworkException::forInvalidFile()
 2 SYSTEMPATH/Common.php(1142): CodeIgniter\View\View->render()
 3 APPPATH/Controllers/Pages.php(28): view()
 4 SYSTEMPATH/CodeIgniter.php(907): App\Controllers\Pages->view()
 5 SYSTEMPATH/CodeIgniter.php(457): CodeIgniter\CodeIgniter->runController()
 6 SYSTEMPATH/CodeIgniter.php(340): CodeIgniter\CodeIgniter->handleRequest()
 7 FCPATH/index.php(67): CodeIgniter\CodeIgniter->run()
CRITICAL - 2022-09-28 12:12:05 --> Invalid file: pages/assets.php
in SYSTEMPATH/Exceptions/FrameworkException.php on line 33.
 1 SYSTEMPATH/View/View.php(201): CodeIgniter\Exceptions\FrameworkException::forInvalidFile()
 2 SYSTEMPATH/Common.php(1142): CodeIgniter\View\View->render()
 3 APPPATH/Controllers/Pages.php(28): view()
 4 SYSTEMPATH/CodeIgniter.php(907): App\Controllers\Pages->view()
 5 SYSTEMPATH/CodeIgniter.php(457): CodeIgniter\CodeIgniter->runController()
 6 SYSTEMPATH/CodeIgniter.php(340): CodeIgniter\CodeIgniter->handleRequest()
 7 FCPATH/index.php(67): CodeIgniter\CodeIgniter->run()
CRITICAL - 2022-09-28 12:15:50 --> Invalid file: pages/wp-login.php
in SYSTEMPATH/Exceptions/FrameworkException.php on line 33.
 1 SYSTEMPATH/View/View.php(201): CodeIgniter\Exceptions\FrameworkException::forInvalidFile()
 2 SYSTEMPATH/Common.php(1142): CodeIgniter\View\View->render()
 3 APPPATH/Controllers/Pages.php(28): view()
 4 SYSTEMPATH/CodeIgniter.php(907): App\Controllers\Pages->view()
 5 SYSTEMPATH/CodeIgniter.php(457): CodeIgniter\CodeIgniter->runController()
 6 SYSTEMPATH/CodeIgniter.php(340): CodeIgniter\CodeIgniter->handleRequest()
 7 FCPATH/index.php(67): CodeIgniter\CodeIgniter->run()
CRITICAL - 2022-09-28 12:18:07 --> Invalid file: pages/assets.php
in SYSTEMPATH/Exceptions/FrameworkException.php on line 33.
 1 SYSTEMPATH/View/View.php(201): CodeIgniter\Exceptions\FrameworkException::forInvalidFile()
 2 SYSTEMPATH/Common.php(1142): CodeIgniter\View\View->render()
 3 APPPATH/Controllers/Pages.php(28): view()
 4 SYSTEMPATH/CodeIgniter.php(907): App\Controllers\Pages->view()
 5 SYSTEMPATH/CodeIgniter.php(457): CodeIgniter\CodeIgniter->runController()
 6 SYSTEMPATH/CodeIgniter.php(340): CodeIgniter\CodeIgniter->handleRequest()
 7 FCPATH/index.php(67): CodeIgniter\CodeIgniter->run()
CRITICAL - 2022-09-28 12:18:07 --> Invalid file: pages/assets.php
in SYSTEMPATH/Exceptions/FrameworkException.php on line 33.
 1 SYSTEMPATH/View/View.php(201): CodeIgniter\Exceptions\FrameworkException::forInvalidFile()
 2 SYSTEMPATH/Common.php(1142): CodeIgniter\View\View->render()
 3 APPPATH/Controllers/Pages.php(28): view()
 4 SYSTEMPATH/CodeIgniter.php(907): App\Controllers\Pages->view()
 5 SYSTEMPATH/CodeIgniter.php(457): CodeIgniter\CodeIgniter->runController()
 6 SYSTEMPATH/CodeIgniter.php(340): CodeIgniter\CodeIgniter->handleRequest()
 7 FCPATH/index.php(67): CodeIgniter\CodeIgniter->run()
CRITICAL - 2022-09-28 12:18:39 --> Invalid file: pages/assets.php
in SYSTEMPATH/Exceptions/FrameworkException.php on line 33.
 1 SYSTEMPATH/View/View.php(201): CodeIgniter\Exceptions\FrameworkException::forInvalidFile()
 2 SYSTEMPATH/Common.php(1142): CodeIgniter\View\View->render()
 3 APPPATH/Controllers/Pages.php(28): view()
 4 SYSTEMPATH/CodeIgniter.php(907): App\Controllers\Pages->view()
 5 SYSTEMPATH/CodeIgniter.php(457): CodeIgniter\CodeIgniter->runController()
 6 SYSTEMPATH/CodeIgniter.php(340): CodeIgniter\CodeIgniter->handleRequest()
 7 FCPATH/index.php(67): CodeIgniter\CodeIgniter->run()
CRITICAL - 2022-09-28 12:18:39 --> Invalid file: pages/assets.php
in SYSTEMPATH/Exceptions/FrameworkException.php on line 33.
 1 SYSTEMPATH/View/View.php(201): CodeIgniter\Exceptions\FrameworkException::forInvalidFile()
 2 SYSTEMPATH/Common.php(1142): CodeIgniter\View\View->render()
 3 APPPATH/Controllers/Pages.php(28): view()
 4 SYSTEMPATH/CodeIgniter.php(907): App\Controllers\Pages->view()
 5 SYSTEMPATH/CodeIgniter.php(457): CodeIgniter\CodeIgniter->runController()
 6 SYSTEMPATH/CodeIgniter.php(340): CodeIgniter\CodeIgniter->handleRequest()
 7 FCPATH/index.php(67): CodeIgniter\CodeIgniter->run()
CRITICAL - 2022-09-28 12:18:58 --> Invalid file: pages/assets.php
in SYSTEMPATH/Exceptions/FrameworkException.php on line 33.
 1 SYSTEMPATH/View/View.php(201): CodeIgniter\Exceptions\FrameworkException::forInvalidFile()
 2 SYSTEMPATH/Common.php(1142): CodeIgniter\View\View->render()
 3 APPPATH/Controllers/Pages.php(28): view()
 4 SYSTEMPATH/CodeIgniter.php(907): App\Controllers\Pages->view()
 5 SYSTEMPATH/CodeIgniter.php(457): CodeIgniter\CodeIgniter->runController()
 6 SYSTEMPATH/CodeIgniter.php(340): CodeIgniter\CodeIgniter->handleRequest()
 7 FCPATH/index.php(67): CodeIgniter\CodeIgniter->run()
CRITICAL - 2022-09-28 12:18:58 --> Invalid file: pages/assets.php
in SYSTEMPATH/Exceptions/FrameworkException.php on line 33.
 1 SYSTEMPATH/View/View.php(201): CodeIgniter\Exceptions\FrameworkException::forInvalidFile()
 2 SYSTEMPATH/Common.php(1142): CodeIgniter\View\View->render()
 3 APPPATH/Controllers/Pages.php(28): view()
 4 SYSTEMPATH/CodeIgniter.php(907): App\Controllers\Pages->view()
 5 SYSTEMPATH/CodeIgniter.php(457): CodeIgniter\CodeIgniter->runController()
 6 SYSTEMPATH/CodeIgniter.php(340): CodeIgniter\CodeIgniter->handleRequest()
 7 FCPATH/index.php(67): CodeIgniter\CodeIgniter->run()
CRITICAL - 2022-09-28 12:19:33 --> Invalid file: pages/assets.php
in SYSTEMPATH/Exceptions/FrameworkException.php on line 33.
 1 SYSTEMPATH/View/View.php(201): CodeIgniter\Exceptions\FrameworkException::forInvalidFile()
 2 SYSTEMPATH/Common.php(1142): CodeIgniter\View\View->render()
 3 APPPATH/Controllers/Pages.php(28): view()
 4 SYSTEMPATH/CodeIgniter.php(907): App\Controllers\Pages->view()
 5 SYSTEMPATH/CodeIgniter.php(457): CodeIgniter\CodeIgniter->runController()
 6 SYSTEMPATH/CodeIgniter.php(340): CodeIgniter\CodeIgniter->handleRequest()
 7 FCPATH/index.php(67): CodeIgniter\CodeIgniter->run()
CRITICAL - 2022-09-28 12:19:33 --> Invalid file: pages/assets.php
in SYSTEMPATH/Exceptions/FrameworkException.php on line 33.
 1 SYSTEMPATH/View/View.php(201): CodeIgniter\Exceptions\FrameworkException::forInvalidFile()
 2 SYSTEMPATH/Common.php(1142): CodeIgniter\View\View->render()
 3 APPPATH/Controllers/Pages.php(28): view()
 4 SYSTEMPATH/CodeIgniter.php(907): App\Controllers\Pages->view()
 5 SYSTEMPATH/CodeIgniter.php(457): CodeIgniter\CodeIgniter->runController()
 6 SYSTEMPATH/CodeIgniter.php(340): CodeIgniter\CodeIgniter->handleRequest()
 7 FCPATH/index.php(67): CodeIgniter\CodeIgniter->run()
CRITICAL - 2022-09-28 12:19:53 --> Invalid file: pages/assets.php
in SYSTEMPATH/Exceptions/FrameworkException.php on line 33.
 1 SYSTEMPATH/View/View.php(201): CodeIgniter\Exceptions\FrameworkException::forInvalidFile()
 2 SYSTEMPATH/Common.php(1142): CodeIgniter\View\View->render()
 3 APPPATH/Controllers/Pages.php(28): view()
 4 SYSTEMPATH/CodeIgniter.php(907): App\Controllers\Pages->view()
 5 SYSTEMPATH/CodeIgniter.php(457): CodeIgniter\CodeIgniter->runController()
 6 SYSTEMPATH/CodeIgniter.php(340): CodeIgniter\CodeIgniter->handleRequest()
 7 FCPATH/index.php(67): CodeIgniter\CodeIgniter->run()
CRITICAL - 2022-09-28 12:19:53 --> Invalid file: pages/assets.php
in SYSTEMPATH/Exceptions/FrameworkException.php on line 33.
 1 SYSTEMPATH/View/View.php(201): CodeIgniter\Exceptions\FrameworkException::forInvalidFile()
 2 SYSTEMPATH/Common.php(1142): CodeIgniter\View\View->render()
 3 APPPATH/Controllers/Pages.php(28): view()
 4 SYSTEMPATH/CodeIgniter.php(907): App\Controllers\Pages->view()
 5 SYSTEMPATH/CodeIgniter.php(457): CodeIgniter\CodeIgniter->runController()
 6 SYSTEMPATH/CodeIgniter.php(340): CodeIgniter\CodeIgniter->handleRequest()
 7 FCPATH/index.php(67): CodeIgniter\CodeIgniter->run()
CRITICAL - 2022-09-28 12:21:27 --> Invalid file: pages/assets.php
in SYSTEMPATH/Exceptions/FrameworkException.php on line 33.
 1 SYSTEMPATH/View/View.php(201): CodeIgniter\Exceptions\FrameworkException::forInvalidFile()
 2 SYSTEMPATH/Common.php(1142): CodeIgniter\View\View->render()
 3 APPPATH/Controllers/Pages.php(28): view()
 4 SYSTEMPATH/CodeIgniter.php(907): App\Controllers\Pages->view()
 5 SYSTEMPATH/CodeIgniter.php(457): CodeIgniter\CodeIgniter->runController()
 6 SYSTEMPATH/CodeIgniter.php(340): CodeIgniter\CodeIgniter->handleRequest()
 7 FCPATH/index.php(67): CodeIgniter\CodeIgniter->run()
CRITICAL - 2022-09-28 12:21:27 --> Invalid file: pages/assets.php
in SYSTEMPATH/Exceptions/FrameworkException.php on line 33.
 1 SYSTEMPATH/View/View.php(201): CodeIgniter\Exceptions\FrameworkException::forInvalidFile()
 2 SYSTEMPATH/Common.php(1142): CodeIgniter\View\View->render()
 3 APPPATH/Controllers/Pages.php(28): view()
 4 SYSTEMPATH/CodeIgniter.php(907): App\Controllers\Pages->view()
 5 SYSTEMPATH/CodeIgniter.php(457): CodeIgniter\CodeIgniter->runController()
 6 SYSTEMPATH/CodeIgniter.php(340): CodeIgniter\CodeIgniter->handleRequest()
 7 FCPATH/index.php(67): CodeIgniter\CodeIgniter->run()
CRITICAL - 2022-09-28 12:21:30 --> Invalid file: pages/assets.php
in SYSTEMPATH/Exceptions/FrameworkException.php on line 33.
 1 SYSTEMPATH/View/View.php(201): CodeIgniter\Exceptions\FrameworkException::forInvalidFile()
 2 SYSTEMPATH/Common.php(1142): CodeIgniter\View\View->render()
 3 APPPATH/Controllers/Pages.php(28): view()
 4 SYSTEMPATH/CodeIgniter.php(907): App\Controllers\Pages->view()
 5 SYSTEMPATH/CodeIgniter.php(457): CodeIgniter\CodeIgniter->runController()
 6 SYSTEMPATH/CodeIgniter.php(340): CodeIgniter\CodeIgniter->handleRequest()
 7 FCPATH/index.php(67): CodeIgniter\CodeIgniter->run()
CRITICAL - 2022-09-28 12:21:30 --> Invalid file: pages/assets.php
in SYSTEMPATH/Exceptions/FrameworkException.php on line 33.
 1 SYSTEMPATH/View/View.php(201): CodeIgniter\Exceptions\FrameworkException::forInvalidFile()
 2 SYSTEMPATH/Common.php(1142): CodeIgniter\View\View->render()
 3 APPPATH/Controllers/Pages.php(28): view()
 4 SYSTEMPATH/CodeIgniter.php(907): App\Controllers\Pages->view()
 5 SYSTEMPATH/CodeIgniter.php(457): CodeIgniter\CodeIgniter->runController()
 6 SYSTEMPATH/CodeIgniter.php(340): CodeIgniter\CodeIgniter->handleRequest()
 7 FCPATH/index.php(67): CodeIgniter\CodeIgniter->run()
CRITICAL - 2022-09-28 12:25:55 --> Invalid file: pages/assets.php
in SYSTEMPATH/Exceptions/FrameworkException.php on line 33.
 1 SYSTEMPATH/View/View.php(201): CodeIgniter\Exceptions\FrameworkException::forInvalidFile()
 2 SYSTEMPATH/Common.php(1142): CodeIgniter\View\View->render()
 3 APPPATH/Controllers/Pages.php(28): view()
 4 SYSTEMPATH/CodeIgniter.php(907): App\Controllers\Pages->view()
 5 SYSTEMPATH/CodeIgniter.php(457): CodeIgniter\CodeIgniter->runController()
 6 SYSTEMPATH/CodeIgniter.php(340): CodeIgniter\CodeIgniter->handleRequest()
 7 FCPATH/index.php(67): CodeIgniter\CodeIgniter->run()
CRITICAL - 2022-09-28 12:25:55 --> Invalid file: pages/assets.php
in SYSTEMPATH/Exceptions/FrameworkException.php on line 33.
 1 SYSTEMPATH/View/View.php(201): CodeIgniter\Exceptions\FrameworkException::forInvalidFile()
 2 SYSTEMPATH/Common.php(1142): CodeIgniter\View\View->render()
 3 APPPATH/Controllers/Pages.php(28): view()
 4 SYSTEMPATH/CodeIgniter.php(907): App\Controllers\Pages->view()
 5 SYSTEMPATH/CodeIgniter.php(457): CodeIgniter\CodeIgniter->runController()
 6 SYSTEMPATH/CodeIgniter.php(340): CodeIgniter\CodeIgniter->handleRequest()
 7 FCPATH/index.php(67): CodeIgniter\CodeIgniter->run()
CRITICAL - 2022-09-28 12:27:14 --> Invalid file: pages/assets.php
in SYSTEMPATH/Exceptions/FrameworkException.php on line 33.
 1 SYSTEMPATH/View/View.php(201): CodeIgniter\Exceptions\FrameworkException::forInvalidFile()
 2 SYSTEMPATH/Common.php(1142): CodeIgniter\View\View->render()
 3 APPPATH/Controllers/Pages.php(28): view()
 4 SYSTEMPATH/CodeIgniter.php(907): App\Controllers\Pages->view()
 5 SYSTEMPATH/CodeIgniter.php(457): CodeIgniter\CodeIgniter->runController()
 6 SYSTEMPATH/CodeIgniter.php(340): CodeIgniter\CodeIgniter->handleRequest()
 7 FCPATH/index.php(67): CodeIgniter\CodeIgniter->run()
CRITICAL - 2022-09-28 12:27:15 --> Invalid file: pages/assets.php
in SYSTEMPATH/Exceptions/FrameworkException.php on line 33.
 1 SYSTEMPATH/View/View.php(201): CodeIgniter\Exceptions\FrameworkException::forInvalidFile()
 2 SYSTEMPATH/Common.php(1142): CodeIgniter\View\View->render()
 3 APPPATH/Controllers/Pages.php(28): view()
 4 SYSTEMPATH/CodeIgniter.php(907): App\Controllers\Pages->view()
 5 SYSTEMPATH/CodeIgniter.php(457): CodeIgniter\CodeIgniter->runController()
 6 SYSTEMPATH/CodeIgniter.php(340): CodeIgniter\CodeIgniter->handleRequest()
 7 FCPATH/index.php(67): CodeIgniter\CodeIgniter->run()
CRITICAL - 2022-09-28 12:27:16 --> Invalid file: pages/assets.php
in SYSTEMPATH/Exceptions/FrameworkException.php on line 33.
 1 SYSTEMPATH/View/View.php(201): CodeIgniter\Exceptions\FrameworkException::forInvalidFile()
 2 SYSTEMPATH/Common.php(1142): CodeIgniter\View\View->render()
 3 APPPATH/Controllers/Pages.php(28): view()
 4 SYSTEMPATH/CodeIgniter.php(907): App\Controllers\Pages->view()
 5 SYSTEMPATH/CodeIgniter.php(457): CodeIgniter\CodeIgniter->runController()
 6 SYSTEMPATH/CodeIgniter.php(340): CodeIgniter\CodeIgniter->handleRequest()
 7 FCPATH/index.php(67): CodeIgniter\CodeIgniter->run()
CRITICAL - 2022-09-28 12:27:17 --> Invalid file: pages/assets.php
in SYSTEMPATH/Exceptions/FrameworkException.php on line 33.
 1 SYSTEMPATH/View/View.php(201): CodeIgniter\Exceptions\FrameworkException::forInvalidFile()
 2 SYSTEMPATH/Common.php(1142): CodeIgniter\View\View->render()
 3 APPPATH/Controllers/Pages.php(28): view()
 4 SYSTEMPATH/CodeIgniter.php(907): App\Controllers\Pages->view()
 5 SYSTEMPATH/CodeIgniter.php(457): CodeIgniter\CodeIgniter->runController()
 6 SYSTEMPATH/CodeIgniter.php(340): CodeIgniter\CodeIgniter->handleRequest()
 7 FCPATH/index.php(67): CodeIgniter\CodeIgniter->run()
CRITICAL - 2022-09-28 12:27:18 --> Invalid file: pages/assets.php
in SYSTEMPATH/Exceptions/FrameworkException.php on line 33.
 1 SYSTEMPATH/View/View.php(201): CodeIgniter\Exceptions\FrameworkException::forInvalidFile()
 2 SYSTEMPATH/Common.php(1142): CodeIgniter\View\View->render()
 3 APPPATH/Controllers/Pages.php(28): view()
 4 SYSTEMPATH/CodeIgniter.php(907): App\Controllers\Pages->view()
 5 SYSTEMPATH/CodeIgniter.php(457): CodeIgniter\CodeIgniter->runController()
 6 SYSTEMPATH/CodeIgniter.php(340): CodeIgniter\CodeIgniter->handleRequest()
 7 FCPATH/index.php(67): CodeIgniter\CodeIgniter->run()
CRITICAL - 2022-09-28 12:27:18 --> Invalid file: pages/assets.php
in SYSTEMPATH/Exceptions/FrameworkException.php on line 33.
 1 SYSTEMPATH/View/View.php(201): CodeIgniter\Exceptions\FrameworkException::forInvalidFile()
 2 SYSTEMPATH/Common.php(1142): CodeIgniter\View\View->render()
 3 APPPATH/Controllers/Pages.php(28): view()
 4 SYSTEMPATH/CodeIgniter.php(907): App\Controllers\Pages->view()
 5 SYSTEMPATH/CodeIgniter.php(457): CodeIgniter\CodeIgniter->runController()
 6 SYSTEMPATH/CodeIgniter.php(340): CodeIgniter\CodeIgniter->handleRequest()
 7 FCPATH/index.php(67): CodeIgniter\CodeIgniter->run()
CRITICAL - 2022-09-28 12:27:22 --> Invalid file: pages/assets.php
in SYSTEMPATH/Exceptions/FrameworkException.php on line 33.
 1 SYSTEMPATH/View/View.php(201): CodeIgniter\Exceptions\FrameworkException::forInvalidFile()
 2 SYSTEMPATH/Common.php(1142): CodeIgniter\View\View->render()
 3 APPPATH/Controllers/Pages.php(28): view()
 4 SYSTEMPATH/CodeIgniter.php(907): App\Controllers\Pages->view()
 5 SYSTEMPATH/CodeIgniter.php(457): CodeIgniter\CodeIgniter->runController()
 6 SYSTEMPATH/CodeIgniter.php(340): CodeIgniter\CodeIgniter->handleRequest()
 7 FCPATH/index.php(67): CodeIgniter\CodeIgniter->run()
CRITICAL - 2022-09-28 12:27:23 --> Invalid file: pages/assets.php
in SYSTEMPATH/Exceptions/FrameworkException.php on line 33.
 1 SYSTEMPATH/View/View.php(201): CodeIgniter\Exceptions\FrameworkException::forInvalidFile()
 2 SYSTEMPATH/Common.php(1142): CodeIgniter\View\View->render()
 3 APPPATH/Controllers/Pages.php(28): view()
 4 SYSTEMPATH/CodeIgniter.php(907): App\Controllers\Pages->view()
 5 SYSTEMPATH/CodeIgniter.php(457): CodeIgniter\CodeIgniter->runController()
 6 SYSTEMPATH/CodeIgniter.php(340): CodeIgniter\CodeIgniter->handleRequest()
 7 FCPATH/index.php(67): CodeIgniter\CodeIgniter->run()
CRITICAL - 2022-09-28 12:27:23 --> Invalid file: pages/assets.php
in SYSTEMPATH/Exceptions/FrameworkException.php on line 33.
 1 SYSTEMPATH/View/View.php(201): CodeIgniter\Exceptions\FrameworkException::forInvalidFile()
 2 SYSTEMPATH/Common.php(1142): CodeIgniter\View\View->render()
 3 APPPATH/Controllers/Pages.php(28): view()
 4 SYSTEMPATH/CodeIgniter.php(907): App\Controllers\Pages->view()
 5 SYSTEMPATH/CodeIgniter.php(457): CodeIgniter\CodeIgniter->runController()
 6 SYSTEMPATH/CodeIgniter.php(340): CodeIgniter\CodeIgniter->handleRequest()
 7 FCPATH/index.php(67): CodeIgniter\CodeIgniter->run()
CRITICAL - 2022-09-28 12:28:18 --> Invalid file: pages/assets.php
in SYSTEMPATH/Exceptions/FrameworkException.php on line 33.
 1 SYSTEMPATH/View/View.php(201): CodeIgniter\Exceptions\FrameworkException::forInvalidFile()
 2 SYSTEMPATH/Common.php(1142): CodeIgniter\View\View->render()
 3 APPPATH/Controllers/Pages.php(28): view()
 4 SYSTEMPATH/CodeIgniter.php(907): App\Controllers\Pages->view()
 5 SYSTEMPATH/CodeIgniter.php(457): CodeIgniter\CodeIgniter->runController()
 6 SYSTEMPATH/CodeIgniter.php(340): CodeIgniter\CodeIgniter->handleRequest()
 7 FCPATH/index.php(67): CodeIgniter\CodeIgniter->run()
CRITICAL - 2022-09-28 12:28:19 --> Invalid file: pages/assets.php
in SYSTEMPATH/Exceptions/FrameworkException.php on line 33.
 1 SYSTEMPATH/View/View.php(201): CodeIgniter\Exceptions\FrameworkException::forInvalidFile()
 2 SYSTEMPATH/Common.php(1142): CodeIgniter\View\View->render()
 3 APPPATH/Controllers/Pages.php(28): view()
 4 SYSTEMPATH/CodeIgniter.php(907): App\Controllers\Pages->view()
 5 SYSTEMPATH/CodeIgniter.php(457): CodeIgniter\CodeIgniter->runController()
 6 SYSTEMPATH/CodeIgniter.php(340): CodeIgniter\CodeIgniter->handleRequest()
 7 FCPATH/index.php(67): CodeIgniter\CodeIgniter->run()
CRITICAL - 2022-09-28 12:28:20 --> Invalid file: pages/assets.php
in SYSTEMPATH/Exceptions/FrameworkException.php on line 33.
 1 SYSTEMPATH/View/View.php(201): CodeIgniter\Exceptions\FrameworkException::forInvalidFile()
 2 SYSTEMPATH/Common.php(1142): CodeIgniter\View\View->render()
 3 APPPATH/Controllers/Pages.php(28): view()
 4 SYSTEMPATH/CodeIgniter.php(907): App\Controllers\Pages->view()
 5 SYSTEMPATH/CodeIgniter.php(457): CodeIgniter\CodeIgniter->runController()
 6 SYSTEMPATH/CodeIgniter.php(340): CodeIgniter\CodeIgniter->handleRequest()
 7 FCPATH/index.php(67): CodeIgniter\CodeIgniter->run()
CRITICAL - 2022-09-28 12:28:21 --> Invalid file: pages/assets.php
in SYSTEMPATH/Exceptions/FrameworkException.php on line 33.
 1 SYSTEMPATH/View/View.php(201): CodeIgniter\Exceptions\FrameworkException::forInvalidFile()
 2 SYSTEMPATH/Common.php(1142): CodeIgniter\View\View->render()
 3 APPPATH/Controllers/Pages.php(28): view()
 4 SYSTEMPATH/CodeIgniter.php(907): App\Controllers\Pages->view()
 5 SYSTEMPATH/CodeIgniter.php(457): CodeIgniter\CodeIgniter->runController()
 6 SYSTEMPATH/CodeIgniter.php(340): CodeIgniter\CodeIgniter->handleRequest()
 7 FCPATH/index.php(67): CodeIgniter\CodeIgniter->run()
CRITICAL - 2022-09-28 12:28:21 --> Invalid file: pages/assets.php
in SYSTEMPATH/Exceptions/FrameworkException.php on line 33.
 1 SYSTEMPATH/View/View.php(201): CodeIgniter\Exceptions\FrameworkException::forInvalidFile()
 2 SYSTEMPATH/Common.php(1142): CodeIgniter\View\View->render()
 3 APPPATH/Controllers/Pages.php(28): view()
 4 SYSTEMPATH/CodeIgniter.php(907): App\Controllers\Pages->view()
 5 SYSTEMPATH/CodeIgniter.php(457): CodeIgniter\CodeIgniter->runController()
 6 SYSTEMPATH/CodeIgniter.php(340): CodeIgniter\CodeIgniter->handleRequest()
 7 FCPATH/index.php(67): CodeIgniter\CodeIgniter->run()
CRITICAL - 2022-09-28 12:28:41 --> Invalid file: pages/assets.php
in SYSTEMPATH/Exceptions/FrameworkException.php on line 33.
 1 SYSTEMPATH/View/View.php(201): CodeIgniter\Exceptions\FrameworkException::forInvalidFile()
 2 SYSTEMPATH/Common.php(1142): CodeIgniter\View\View->render()
 3 APPPATH/Controllers/Pages.php(28): view()
 4 SYSTEMPATH/CodeIgniter.php(907): App\Controllers\Pages->view()
 5 SYSTEMPATH/CodeIgniter.php(457): CodeIgniter\CodeIgniter->runController()
 6 SYSTEMPATH/CodeIgniter.php(340): CodeIgniter\CodeIgniter->handleRequest()
 7 FCPATH/index.php(67): CodeIgniter\CodeIgniter->run()
CRITICAL - 2022-09-28 12:28:41 --> Invalid file: pages/assets.php
in SYSTEMPATH/Exceptions/FrameworkException.php on line 33.
 1 SYSTEMPATH/View/View.php(201): CodeIgniter\Exceptions\FrameworkException::forInvalidFile()
 2 SYSTEMPATH/Common.php(1142): CodeIgniter\View\View->render()
 3 APPPATH/Controllers/Pages.php(28): view()
 4 SYSTEMPATH/CodeIgniter.php(907): App\Controllers\Pages->view()
 5 SYSTEMPATH/CodeIgniter.php(457): CodeIgniter\CodeIgniter->runController()
 6 SYSTEMPATH/CodeIgniter.php(340): CodeIgniter\CodeIgniter->handleRequest()
 7 FCPATH/index.php(67): CodeIgniter\CodeIgniter->run()
CRITICAL - 2022-09-28 12:28:41 --> Invalid file: pages/__service-worker.js
in SYSTEMPATH/Exceptions/FrameworkException.php on line 33.
 1 SYSTEMPATH/View/View.php(201): CodeIgniter\Exceptions\FrameworkException::forInvalidFile()
 2 SYSTEMPATH/Common.php(1142): CodeIgniter\View\View->render()
 3 APPPATH/Controllers/Pages.php(28): view()
 4 SYSTEMPATH/CodeIgniter.php(907): App\Controllers\Pages->view()
 5 SYSTEMPATH/CodeIgniter.php(457): CodeIgniter\CodeIgniter->runController()
 6 SYSTEMPATH/CodeIgniter.php(340): CodeIgniter\CodeIgniter->handleRequest()
 7 FCPATH/index.php(67): CodeIgniter\CodeIgniter->run()
CRITICAL - 2022-09-28 12:28:41 --> Invalid file: pages/assets.php
in SYSTEMPATH/Exceptions/FrameworkException.php on line 33.
 1 SYSTEMPATH/View/View.php(201): CodeIgniter\Exceptions\FrameworkException::forInvalidFile()
 2 SYSTEMPATH/Common.php(1142): CodeIgniter\View\View->render()
 3 APPPATH/Controllers/Pages.php(28): view()
 4 SYSTEMPATH/CodeIgniter.php(907): App\Controllers\Pages->view()
 5 SYSTEMPATH/CodeIgniter.php(457): CodeIgniter\CodeIgniter->runController()
 6 SYSTEMPATH/CodeIgniter.php(340): CodeIgniter\CodeIgniter->handleRequest()
 7 FCPATH/index.php(67): CodeIgniter\CodeIgniter->run()
CRITICAL - 2022-09-28 12:28:42 --> Invalid file: pages/assets.php
in SYSTEMPATH/Exceptions/FrameworkException.php on line 33.
 1 SYSTEMPATH/View/View.php(201): CodeIgniter\Exceptions\FrameworkException::forInvalidFile()
 2 SYSTEMPATH/Common.php(1142): CodeIgniter\View\View->render()
 3 APPPATH/Controllers/Pages.php(28): view()
 4 SYSTEMPATH/CodeIgniter.php(907): App\Controllers\Pages->view()
 5 SYSTEMPATH/CodeIgniter.php(457): CodeIgniter\CodeIgniter->runController()
 6 SYSTEMPATH/CodeIgniter.php(340): CodeIgniter\CodeIgniter->handleRequest()
 7 FCPATH/index.php(67): CodeIgniter\CodeIgniter->run()
CRITICAL - 2022-09-28 12:28:42 --> Invalid file: pages/assets.php
in SYSTEMPATH/Exceptions/FrameworkException.php on line 33.
 1 SYSTEMPATH/View/View.php(201): CodeIgniter\Exceptions\FrameworkException::forInvalidFile()
 2 SYSTEMPATH/Common.php(1142): CodeIgniter\View\View->render()
 3 APPPATH/Controllers/Pages.php(28): view()
 4 SYSTEMPATH/CodeIgniter.php(907): App\Controllers\Pages->view()
 5 SYSTEMPATH/CodeIgniter.php(457): CodeIgniter\CodeIgniter->runController()
 6 SYSTEMPATH/CodeIgniter.php(340): CodeIgniter\CodeIgniter->handleRequest()
 7 FCPATH/index.php(67): CodeIgniter\CodeIgniter->run()
CRITICAL - 2022-09-28 12:28:42 --> Invalid file: pages/assets.php
in SYSTEMPATH/Exceptions/FrameworkException.php on line 33.
 1 SYSTEMPATH/View/View.php(201): CodeIgniter\Exceptions\FrameworkException::forInvalidFile()
 2 SYSTEMPATH/Common.php(1142): CodeIgniter\View\View->render()
 3 APPPATH/Controllers/Pages.php(28): view()
 4 SYSTEMPATH/CodeIgniter.php(907): App\Controllers\Pages->view()
 5 SYSTEMPATH/CodeIgniter.php(457): CodeIgniter\CodeIgniter->runController()
 6 SYSTEMPATH/CodeIgniter.php(340): CodeIgniter\CodeIgniter->handleRequest()
 7 FCPATH/index.php(67): CodeIgniter\CodeIgniter->run()
CRITICAL - 2022-09-28 12:28:54 --> Invalid file: pages/assets.php
in SYSTEMPATH/Exceptions/FrameworkException.php on line 33.
 1 SYSTEMPATH/View/View.php(201): CodeIgniter\Exceptions\FrameworkException::forInvalidFile()
 2 SYSTEMPATH/Common.php(1142): CodeIgniter\View\View->render()
 3 APPPATH/Controllers/Pages.php(28): view()
 4 SYSTEMPATH/CodeIgniter.php(907): App\Controllers\Pages->view()
 5 SYSTEMPATH/CodeIgniter.php(457): CodeIgniter\CodeIgniter->runController()
 6 SYSTEMPATH/CodeIgniter.php(340): CodeIgniter\CodeIgniter->handleRequest()
 7 FCPATH/index.php(67): CodeIgniter\CodeIgniter->run()
CRITICAL - 2022-09-28 12:28:55 --> Invalid file: pages/assets.php
in SYSTEMPATH/Exceptions/FrameworkException.php on line 33.
 1 SYSTEMPATH/View/View.php(201): CodeIgniter\Exceptions\FrameworkException::forInvalidFile()
 2 SYSTEMPATH/Common.php(1142): CodeIgniter\View\View->render()
 3 APPPATH/Controllers/Pages.php(28): view()
 4 SYSTEMPATH/CodeIgniter.php(907): App\Controllers\Pages->view()
 5 SYSTEMPATH/CodeIgniter.php(457): CodeIgniter\CodeIgniter->runController()
 6 SYSTEMPATH/CodeIgniter.php(340): CodeIgniter\CodeIgniter->handleRequest()
 7 FCPATH/index.php(67): CodeIgniter\CodeIgniter->run()
CRITICAL - 2022-09-28 12:28:55 --> Invalid file: pages/assets.php
in SYSTEMPATH/Exceptions/FrameworkException.php on line 33.
 1 SYSTEMPATH/View/View.php(201): CodeIgniter\Exceptions\FrameworkException::forInvalidFile()
 2 SYSTEMPATH/Common.php(1142): CodeIgniter\View\View->render()
 3 APPPATH/Controllers/Pages.php(28): view()
 4 SYSTEMPATH/CodeIgniter.php(907): App\Controllers\Pages->view()
 5 SYSTEMPATH/CodeIgniter.php(457): CodeIgniter\CodeIgniter->runController()
 6 SYSTEMPATH/CodeIgniter.php(340): CodeIgniter\CodeIgniter->handleRequest()
 7 FCPATH/index.php(67): CodeIgniter\CodeIgniter->run()
CRITICAL - 2022-09-28 12:28:58 --> Invalid file: pages/assets.php
in SYSTEMPATH/Exceptions/FrameworkException.php on line 33.
 1 SYSTEMPATH/View/View.php(201): CodeIgniter\Exceptions\FrameworkException::forInvalidFile()
 2 SYSTEMPATH/Common.php(1142): CodeIgniter\View\View->render()
 3 APPPATH/Controllers/Pages.php(28): view()
 4 SYSTEMPATH/CodeIgniter.php(907): App\Controllers\Pages->view()
 5 SYSTEMPATH/CodeIgniter.php(457): CodeIgniter\CodeIgniter->runController()
 6 SYSTEMPATH/CodeIgniter.php(340): CodeIgniter\CodeIgniter->handleRequest()
 7 FCPATH/index.php(67): CodeIgniter\CodeIgniter->run()
CRITICAL - 2022-09-28 12:28:59 --> Invalid file: pages/assets.php
in SYSTEMPATH/Exceptions/FrameworkException.php on line 33.
 1 SYSTEMPATH/View/View.php(201): CodeIgniter\Exceptions\FrameworkException::forInvalidFile()
 2 SYSTEMPATH/Common.php(1142): CodeIgniter\View\View->render()
 3 APPPATH/Controllers/Pages.php(28): view()
 4 SYSTEMPATH/CodeIgniter.php(907): App\Controllers\Pages->view()
 5 SYSTEMPATH/CodeIgniter.php(457): CodeIgniter\CodeIgniter->runController()
 6 SYSTEMPATH/CodeIgniter.php(340): CodeIgniter\CodeIgniter->handleRequest()
 7 FCPATH/index.php(67): CodeIgniter\CodeIgniter->run()
CRITICAL - 2022-09-28 12:28:59 --> Invalid file: pages/assets.php
in SYSTEMPATH/Exceptions/FrameworkException.php on line 33.
 1 SYSTEMPATH/View/View.php(201): CodeIgniter\Exceptions\FrameworkException::forInvalidFile()
 2 SYSTEMPATH/Common.php(1142): CodeIgniter\View\View->render()
 3 APPPATH/Controllers/Pages.php(28): view()
 4 SYSTEMPATH/CodeIgniter.php(907): App\Controllers\Pages->view()
 5 SYSTEMPATH/CodeIgniter.php(457): CodeIgniter\CodeIgniter->runController()
 6 SYSTEMPATH/CodeIgniter.php(340): CodeIgniter\CodeIgniter->handleRequest()
 7 FCPATH/index.php(67): CodeIgniter\CodeIgniter->run()
CRITICAL - 2022-09-28 12:29:01 --> Invalid file: pages/__service-worker.js
in SYSTEMPATH/Exceptions/FrameworkException.php on line 33.
 1 SYSTEMPATH/View/View.php(201): CodeIgniter\Exceptions\FrameworkException::forInvalidFile()
 2 SYSTEMPATH/Common.php(1142): CodeIgniter\View\View->render()
 3 APPPATH/Controllers/Pages.php(28): view()
 4 SYSTEMPATH/CodeIgniter.php(907): App\Controllers\Pages->view()
 5 SYSTEMPATH/CodeIgniter.php(457): CodeIgniter\CodeIgniter->runController()
 6 SYSTEMPATH/CodeIgniter.php(340): CodeIgniter\CodeIgniter->handleRequest()
 7 FCPATH/index.php(67): CodeIgniter\CodeIgniter->run()
CRITICAL - 2022-09-28 12:29:02 --> Invalid file: pages/assets.php
in SYSTEMPATH/Exceptions/FrameworkException.php on line 33.
 1 SYSTEMPATH/View/View.php(201): CodeIgniter\Exceptions\FrameworkException::forInvalidFile()
 2 SYSTEMPATH/Common.php(1142): CodeIgniter\View\View->render()
 3 APPPATH/Controllers/Pages.php(28): view()
 4 SYSTEMPATH/CodeIgniter.php(907): App\Controllers\Pages->view()
 5 SYSTEMPATH/CodeIgniter.php(457): CodeIgniter\CodeIgniter->runController()
 6 SYSTEMPATH/CodeIgniter.php(340): CodeIgniter\CodeIgniter->handleRequest()
 7 FCPATH/index.php(67): CodeIgniter\CodeIgniter->run()
CRITICAL - 2022-09-28 12:29:02 --> Invalid file: pages/assets.php
in SYSTEMPATH/Exceptions/FrameworkException.php on line 33.
 1 SYSTEMPATH/View/View.php(201): CodeIgniter\Exceptions\FrameworkException::forInvalidFile()
 2 SYSTEMPATH/Common.php(1142): CodeIgniter\View\View->render()
 3 APPPATH/Controllers/Pages.php(28): view()
 4 SYSTEMPATH/CodeIgniter.php(907): App\Controllers\Pages->view()
 5 SYSTEMPATH/CodeIgniter.php(457): CodeIgniter\CodeIgniter->runController()
 6 SYSTEMPATH/CodeIgniter.php(340): CodeIgniter\CodeIgniter->handleRequest()
 7 FCPATH/index.php(67): CodeIgniter\CodeIgniter->run()
CRITICAL - 2022-09-28 12:29:02 --> Invalid file: pages/assets.php
in SYSTEMPATH/Exceptions/FrameworkException.php on line 33.
 1 SYSTEMPATH/View/View.php(201): CodeIgniter\Exceptions\FrameworkException::forInvalidFile()
 2 SYSTEMPATH/Common.php(1142): CodeIgniter\View\View->render()
 3 APPPATH/Controllers/Pages.php(28): view()
 4 SYSTEMPATH/CodeIgniter.php(907): App\Controllers\Pages->view()
 5 SYSTEMPATH/CodeIgniter.php(457): CodeIgniter\CodeIgniter->runController()
 6 SYSTEMPATH/CodeIgniter.php(340): CodeIgniter\CodeIgniter->handleRequest()
 7 FCPATH/index.php(67): CodeIgniter\CodeIgniter->run()
CRITICAL - 2022-09-28 12:29:02 --> Invalid file: pages/assets.php
in SYSTEMPATH/Exceptions/FrameworkException.php on line 33.
 1 SYSTEMPATH/View/View.php(201): CodeIgniter\Exceptions\FrameworkException::forInvalidFile()
 2 SYSTEMPATH/Common.php(1142): CodeIgniter\View\View->render()
 3 APPPATH/Controllers/Pages.php(28): view()
 4 SYSTEMPATH/CodeIgniter.php(907): App\Controllers\Pages->view()
 5 SYSTEMPATH/CodeIgniter.php(457): CodeIgniter\CodeIgniter->runController()
 6 SYSTEMPATH/CodeIgniter.php(340): CodeIgniter\CodeIgniter->handleRequest()
 7 FCPATH/index.php(67): CodeIgniter\CodeIgniter->run()
CRITICAL - 2022-09-28 12:29:02 --> Invalid file: pages/assets.php
in SYSTEMPATH/Exceptions/FrameworkException.php on line 33.
 1 SYSTEMPATH/View/View.php(201): CodeIgniter\Exceptions\FrameworkException::forInvalidFile()
 2 SYSTEMPATH/Common.php(1142): CodeIgniter\View\View->render()
 3 APPPATH/Controllers/Pages.php(28): view()
 4 SYSTEMPATH/CodeIgniter.php(907): App\Controllers\Pages->view()
 5 SYSTEMPATH/CodeIgniter.php(457): CodeIgniter\CodeIgniter->runController()
 6 SYSTEMPATH/CodeIgniter.php(340): CodeIgniter\CodeIgniter->handleRequest()
 7 FCPATH/index.php(67): CodeIgniter\CodeIgniter->run()
CRITICAL - 2022-09-28 12:29:02 --> Invalid file: pages/assets.php
in SYSTEMPATH/Exceptions/FrameworkException.php on line 33.
 1 SYSTEMPATH/View/View.php(201): CodeIgniter\Exceptions\FrameworkException::forInvalidFile()
 2 SYSTEMPATH/Common.php(1142): CodeIgniter\View\View->render()
 3 APPPATH/Controllers/Pages.php(28): view()
 4 SYSTEMPATH/CodeIgniter.php(907): App\Controllers\Pages->view()
 5 SYSTEMPATH/CodeIgniter.php(457): CodeIgniter\CodeIgniter->runController()
 6 SYSTEMPATH/CodeIgniter.php(340): CodeIgniter\CodeIgniter->handleRequest()
 7 FCPATH/index.php(67): CodeIgniter\CodeIgniter->run()
CRITICAL - 2022-09-28 12:29:08 --> Invalid file: pages/josephchuks.com
in SYSTEMPATH/Exceptions/FrameworkException.php on line 33.
 1 SYSTEMPATH/View/View.php(201): CodeIgniter\Exceptions\FrameworkException::forInvalidFile()
 2 SYSTEMPATH/Common.php(1142): CodeIgniter\View\View->render()
 3 APPPATH/Controllers/Pages.php(28): view()
 4 SYSTEMPATH/CodeIgniter.php(907): App\Controllers\Pages->view()
 5 SYSTEMPATH/CodeIgniter.php(457): CodeIgniter\CodeIgniter->runController()
 6 SYSTEMPATH/CodeIgniter.php(340): CodeIgniter\CodeIgniter->handleRequest()
 7 FCPATH/index.php(67): CodeIgniter\CodeIgniter->run()
CRITICAL - 2022-09-28 12:43:50 --> Invalid file: pages/assets.php
in SYSTEMPATH/Exceptions/FrameworkException.php on line 33.
 1 SYSTEMPATH/View/View.php(201): CodeIgniter\Exceptions\FrameworkException::forInvalidFile()
 2 SYSTEMPATH/Common.php(1142): CodeIgniter\View\View->render()
 3 APPPATH/Controllers/Pages.php(28): view()
 4 SYSTEMPATH/CodeIgniter.php(907): App\Controllers\Pages->view()
 5 SYSTEMPATH/CodeIgniter.php(457): CodeIgniter\CodeIgniter->runController()
 6 SYSTEMPATH/CodeIgniter.php(340): CodeIgniter\CodeIgniter->handleRequest()
 7 FCPATH/index.php(67): CodeIgniter\CodeIgniter->run()
CRITICAL - 2022-09-28 12:43:50 --> Invalid file: pages/assets.php
in SYSTEMPATH/Exceptions/FrameworkException.php on line 33.
 1 SYSTEMPATH/View/View.php(201): CodeIgniter\Exceptions\FrameworkException::forInvalidFile()
 2 SYSTEMPATH/Common.php(1142): CodeIgniter\View\View->render()
 3 APPPATH/Controllers/Pages.php(28): view()
 4 SYSTEMPATH/CodeIgniter.php(907): App\Controllers\Pages->view()
 5 SYSTEMPATH/CodeIgniter.php(457): CodeIgniter\CodeIgniter->runController()
 6 SYSTEMPATH/CodeIgniter.php(340): CodeIgniter\CodeIgniter->handleRequest()
 7 FCPATH/index.php(67): CodeIgniter\CodeIgniter->run()
CRITICAL - 2022-09-28 13:04:59 --> Invalid file: pages/assets.php
in SYSTEMPATH/Exceptions/FrameworkException.php on line 33.
 1 SYSTEMPATH/View/View.php(201): CodeIgniter\Exceptions\FrameworkException::forInvalidFile()
 2 SYSTEMPATH/Common.php(1142): CodeIgniter\View\View->render()
 3 APPPATH/Controllers/Pages.php(28): view()
 4 SYSTEMPATH/CodeIgniter.php(907): App\Controllers\Pages->view()
 5 SYSTEMPATH/CodeIgniter.php(457): CodeIgniter\CodeIgniter->runController()
 6 SYSTEMPATH/CodeIgniter.php(340): CodeIgniter\CodeIgniter->handleRequest()
 7 FCPATH/index.php(67): CodeIgniter\CodeIgniter->run()
CRITICAL - 2022-09-28 13:04:59 --> Invalid file: pages/assets.php
in SYSTEMPATH/Exceptions/FrameworkException.php on line 33.
 1 SYSTEMPATH/View/View.php(201): CodeIgniter\Exceptions\FrameworkException::forInvalidFile()
 2 SYSTEMPATH/Common.php(1142): CodeIgniter\View\View->render()
 3 APPPATH/Controllers/Pages.php(28): view()
 4 SYSTEMPATH/CodeIgniter.php(907): App\Controllers\Pages->view()
 5 SYSTEMPATH/CodeIgniter.php(457): CodeIgniter\CodeIgniter->runController()
 6 SYSTEMPATH/CodeIgniter.php(340): CodeIgniter\CodeIgniter->handleRequest()
 7 FCPATH/index.php(67): CodeIgniter\CodeIgniter->run()
CRITICAL - 2022-09-28 13:06:36 --> Invalid file: pages/assets.php
in SYSTEMPATH/Exceptions/FrameworkException.php on line 33.
 1 SYSTEMPATH/View/View.php(201): CodeIgniter\Exceptions\FrameworkException::forInvalidFile()
 2 SYSTEMPATH/Common.php(1142): CodeIgniter\View\View->render()
 3 APPPATH/Controllers/Pages.php(28): view()
 4 SYSTEMPATH/CodeIgniter.php(907): App\Controllers\Pages->view()
 5 SYSTEMPATH/CodeIgniter.php(457): CodeIgniter\CodeIgniter->runController()
 6 SYSTEMPATH/CodeIgniter.php(340): CodeIgniter\CodeIgniter->handleRequest()
 7 FCPATH/index.php(67): CodeIgniter\CodeIgniter->run()
CRITICAL - 2022-09-28 13:06:36 --> Invalid file: pages/assets.php
in SYSTEMPATH/Exceptions/FrameworkException.php on line 33.
 1 SYSTEMPATH/View/View.php(201): CodeIgniter\Exceptions\FrameworkException::forInvalidFile()
 2 SYSTEMPATH/Common.php(1142): CodeIgniter\View\View->render()
 3 APPPATH/Controllers/Pages.php(28): view()
 4 SYSTEMPATH/CodeIgniter.php(907): App\Controllers\Pages->view()
 5 SYSTEMPATH/CodeIgniter.php(457): CodeIgniter\CodeIgniter->runController()
 6 SYSTEMPATH/CodeIgniter.php(340): CodeIgniter\CodeIgniter->handleRequest()
 7 FCPATH/index.php(67): CodeIgniter\CodeIgniter->run()
CRITICAL - 2022-09-28 13:08:27 --> Invalid file: pages/assets.php
in SYSTEMPATH/Exceptions/FrameworkException.php on line 33.
 1 SYSTEMPATH/View/View.php(201): CodeIgniter\Exceptions\FrameworkException::forInvalidFile()
 2 SYSTEMPATH/Common.php(1142): CodeIgniter\View\View->render()
 3 APPPATH/Controllers/Pages.php(28): view()
 4 SYSTEMPATH/CodeIgniter.php(907): App\Controllers\Pages->view()
 5 SYSTEMPATH/CodeIgniter.php(457): CodeIgniter\CodeIgniter->runController()
 6 SYSTEMPATH/CodeIgniter.php(340): CodeIgniter\CodeIgniter->handleRequest()
 7 FCPATH/index.php(67): CodeIgniter\CodeIgniter->run()
CRITICAL - 2022-09-28 13:08:27 --> Invalid file: pages/assets.php
in SYSTEMPATH/Exceptions/FrameworkException.php on line 33.
 1 SYSTEMPATH/View/View.php(201): CodeIgniter\Exceptions\FrameworkException::forInvalidFile()
 2 SYSTEMPATH/Common.php(1142): CodeIgniter\View\View->render()
 3 APPPATH/Controllers/Pages.php(28): view()
 4 SYSTEMPATH/CodeIgniter.php(907): App\Controllers\Pages->view()
 5 SYSTEMPATH/CodeIgniter.php(457): CodeIgniter\CodeIgniter->runController()
 6 SYSTEMPATH/CodeIgniter.php(340): CodeIgniter\CodeIgniter->handleRequest()
 7 FCPATH/index.php(67): CodeIgniter\CodeIgniter->run()
CRITICAL - 2022-09-28 13:09:29 --> Invalid file: pages/wp-login.php
in SYSTEMPATH/Exceptions/FrameworkException.php on line 33.
 1 SYSTEMPATH/View/View.php(201): CodeIgniter\Exceptions\FrameworkException::forInvalidFile()
 2 SYSTEMPATH/Common.php(1142): CodeIgniter\View\View->render()
 3 APPPATH/Controllers/Pages.php(28): view()
 4 SYSTEMPATH/CodeIgniter.php(907): App\Controllers\Pages->view()
 5 SYSTEMPATH/CodeIgniter.php(457): CodeIgniter\CodeIgniter->runController()
 6 SYSTEMPATH/CodeIgniter.php(340): CodeIgniter\CodeIgniter->handleRequest()
 7 FCPATH/index.php(67): CodeIgniter\CodeIgniter->run()
CRITICAL - 2022-09-28 13:17:53 --> Invalid file: pages/assets.php
in SYSTEMPATH/Exceptions/FrameworkException.php on line 33.
 1 SYSTEMPATH/View/View.php(201): CodeIgniter\Exceptions\FrameworkException::forInvalidFile()
 2 SYSTEMPATH/Common.php(1142): CodeIgniter\View\View->render()
 3 APPPATH/Controllers/Pages.php(28): view()
 4 SYSTEMPATH/CodeIgniter.php(907): App\Controllers\Pages->view()
 5 SYSTEMPATH/CodeIgniter.php(457): CodeIgniter\CodeIgniter->runController()
 6 SYSTEMPATH/CodeIgniter.php(340): CodeIgniter\CodeIgniter->handleRequest()
 7 FCPATH/index.php(67): CodeIgniter\CodeIgniter->run()
CRITICAL - 2022-09-28 13:17:53 --> Invalid file: pages/assets.php
in SYSTEMPATH/Exceptions/FrameworkException.php on line 33.
 1 SYSTEMPATH/View/View.php(201): CodeIgniter\Exceptions\FrameworkException::forInvalidFile()
 2 SYSTEMPATH/Common.php(1142): CodeIgniter\View\View->render()
 3 APPPATH/Controllers/Pages.php(28): view()
 4 SYSTEMPATH/CodeIgniter.php(907): App\Controllers\Pages->view()
 5 SYSTEMPATH/CodeIgniter.php(457): CodeIgniter\CodeIgniter->runController()
 6 SYSTEMPATH/CodeIgniter.php(340): CodeIgniter\CodeIgniter->handleRequest()
 7 FCPATH/index.php(67): CodeIgniter\CodeIgniter->run()
CRITICAL - 2022-09-28 13:18:58 --> Invalid file: pages/assets.php
in SYSTEMPATH/Exceptions/FrameworkException.php on line 33.
 1 SYSTEMPATH/View/View.php(201): CodeIgniter\Exceptions\FrameworkException::forInvalidFile()
 2 SYSTEMPATH/Common.php(1142): CodeIgniter\View\View->render()
 3 APPPATH/Controllers/Pages.php(28): view()
 4 SYSTEMPATH/CodeIgniter.php(907): App\Controllers\Pages->view()
 5 SYSTEMPATH/CodeIgniter.php(457): CodeIgniter\CodeIgniter->runController()
 6 SYSTEMPATH/CodeIgniter.php(340): CodeIgniter\CodeIgniter->handleRequest()
 7 FCPATH/index.php(67): CodeIgniter\CodeIgniter->run()
CRITICAL - 2022-09-28 13:18:58 --> Invalid file: pages/assets.php
in SYSTEMPATH/Exceptions/FrameworkException.php on line 33.
 1 SYSTEMPATH/View/View.php(201): CodeIgniter\Exceptions\FrameworkException::forInvalidFile()
 2 SYSTEMPATH/Common.php(1142): CodeIgniter\View\View->render()
 3 APPPATH/Controllers/Pages.php(28): view()
 4 SYSTEMPATH/CodeIgniter.php(907): App\Controllers\Pages->view()
 5 SYSTEMPATH/CodeIgniter.php(457): CodeIgniter\CodeIgniter->runController()
 6 SYSTEMPATH/CodeIgniter.php(340): CodeIgniter\CodeIgniter->handleRequest()
 7 FCPATH/index.php(67): CodeIgniter\CodeIgniter->run()
CRITICAL - 2022-09-28 13:19:57 --> Invalid file: pages/assets.php
in SYSTEMPATH/Exceptions/FrameworkException.php on line 33.
 1 SYSTEMPATH/View/View.php(201): CodeIgniter\Exceptions\FrameworkException::forInvalidFile()
 2 SYSTEMPATH/Common.php(1142): CodeIgniter\View\View->render()
 3 APPPATH/Controllers/Pages.php(28): view()
 4 SYSTEMPATH/CodeIgniter.php(907): App\Controllers\Pages->view()
 5 SYSTEMPATH/CodeIgniter.php(457): CodeIgniter\CodeIgniter->runController()
 6 SYSTEMPATH/CodeIgniter.php(340): CodeIgniter\CodeIgniter->handleRequest()
 7 FCPATH/index.php(67): CodeIgniter\CodeIgniter->run()
CRITICAL - 2022-09-28 13:19:57 --> Invalid file: pages/assets.php
in SYSTEMPATH/Exceptions/FrameworkException.php on line 33.
 1 SYSTEMPATH/View/View.php(201): CodeIgniter\Exceptions\FrameworkException::forInvalidFile()
 2 SYSTEMPATH/Common.php(1142): CodeIgniter\View\View->render()
 3 APPPATH/Controllers/Pages.php(28): view()
 4 SYSTEMPATH/CodeIgniter.php(907): App\Controllers\Pages->view()
 5 SYSTEMPATH/CodeIgniter.php(457): CodeIgniter\CodeIgniter->runController()
 6 SYSTEMPATH/CodeIgniter.php(340): CodeIgniter\CodeIgniter->handleRequest()
 7 FCPATH/index.php(67): CodeIgniter\CodeIgniter->run()
CRITICAL - 2022-09-28 13:24:51 --> Invalid file: pages/assets.php
in SYSTEMPATH/Exceptions/FrameworkException.php on line 33.
 1 SYSTEMPATH/View/View.php(201): CodeIgniter\Exceptions\FrameworkException::forInvalidFile()
 2 SYSTEMPATH/Common.php(1142): CodeIgniter\View\View->render()
 3 APPPATH/Controllers/Pages.php(28): view()
 4 SYSTEMPATH/CodeIgniter.php(907): App\Controllers\Pages->view()
 5 SYSTEMPATH/CodeIgniter.php(457): CodeIgniter\CodeIgniter->runController()
 6 SYSTEMPATH/CodeIgniter.php(340): CodeIgniter\CodeIgniter->handleRequest()
 7 FCPATH/index.php(67): CodeIgniter\CodeIgniter->run()
CRITICAL - 2022-09-28 13:24:51 --> Invalid file: pages/assets.php
in SYSTEMPATH/Exceptions/FrameworkException.php on line 33.
 1 SYSTEMPATH/View/View.php(201): CodeIgniter\Exceptions\FrameworkException::forInvalidFile()
 2 SYSTEMPATH/Common.php(1142): CodeIgniter\View\View->render()
 3 APPPATH/Controllers/Pages.php(28): view()
 4 SYSTEMPATH/CodeIgniter.php(907): App\Controllers\Pages->view()
 5 SYSTEMPATH/CodeIgniter.php(457): CodeIgniter\CodeIgniter->runController()
 6 SYSTEMPATH/CodeIgniter.php(340): CodeIgniter\CodeIgniter->handleRequest()
 7 FCPATH/index.php(67): CodeIgniter\CodeIgniter->run()
CRITICAL - 2022-09-28 13:25:11 --> Invalid file: pages/assets.php
in SYSTEMPATH/Exceptions/FrameworkException.php on line 33.
 1 SYSTEMPATH/View/View.php(201): CodeIgniter\Exceptions\FrameworkException::forInvalidFile()
 2 SYSTEMPATH/Common.php(1142): CodeIgniter\View\View->render()
 3 APPPATH/Controllers/Pages.php(28): view()
 4 SYSTEMPATH/CodeIgniter.php(907): App\Controllers\Pages->view()
 5 SYSTEMPATH/CodeIgniter.php(457): CodeIgniter\CodeIgniter->runController()
 6 SYSTEMPATH/CodeIgniter.php(340): CodeIgniter\CodeIgniter->handleRequest()
 7 FCPATH/index.php(67): CodeIgniter\CodeIgniter->run()
CRITICAL - 2022-09-28 13:25:11 --> Invalid file: pages/assets.php
in SYSTEMPATH/Exceptions/FrameworkException.php on line 33.
 1 SYSTEMPATH/View/View.php(201): CodeIgniter\Exceptions\FrameworkException::forInvalidFile()
 2 SYSTEMPATH/Common.php(1142): CodeIgniter\View\View->render()
 3 APPPATH/Controllers/Pages.php(28): view()
 4 SYSTEMPATH/CodeIgniter.php(907): App\Controllers\Pages->view()
 5 SYSTEMPATH/CodeIgniter.php(457): CodeIgniter\CodeIgniter->runController()
 6 SYSTEMPATH/CodeIgniter.php(340): CodeIgniter\CodeIgniter->handleRequest()
 7 FCPATH/index.php(67): CodeIgniter\CodeIgniter->run()
CRITICAL - 2022-09-28 13:26:12 --> Invalid file: pages/assets.php
in SYSTEMPATH/Exceptions/FrameworkException.php on line 33.
 1 SYSTEMPATH/View/View.php(201): CodeIgniter\Exceptions\FrameworkException::forInvalidFile()
 2 SYSTEMPATH/Common.php(1142): CodeIgniter\View\View->render()
 3 APPPATH/Controllers/Pages.php(28): view()
 4 SYSTEMPATH/CodeIgniter.php(907): App\Controllers\Pages->view()
 5 SYSTEMPATH/CodeIgniter.php(457): CodeIgniter\CodeIgniter->runController()
 6 SYSTEMPATH/CodeIgniter.php(340): CodeIgniter\CodeIgniter->handleRequest()
 7 FCPATH/index.php(67): CodeIgniter\CodeIgniter->run()
CRITICAL - 2022-09-28 13:26:12 --> Invalid file: pages/assets.php
in SYSTEMPATH/Exceptions/FrameworkException.php on line 33.
 1 SYSTEMPATH/View/View.php(201): CodeIgniter\Exceptions\FrameworkException::forInvalidFile()
 2 SYSTEMPATH/Common.php(1142): CodeIgniter\View\View->render()
 3 APPPATH/Controllers/Pages.php(28): view()
 4 SYSTEMPATH/CodeIgniter.php(907): App\Controllers\Pages->view()
 5 SYSTEMPATH/CodeIgniter.php(457): CodeIgniter\CodeIgniter->runController()
 6 SYSTEMPATH/CodeIgniter.php(340): CodeIgniter\CodeIgniter->handleRequest()
 7 FCPATH/index.php(67): CodeIgniter\CodeIgniter->run()
CRITICAL - 2022-09-28 13:27:22 --> Invalid file: pages/assets.php
in SYSTEMPATH/Exceptions/FrameworkException.php on line 33.
 1 SYSTEMPATH/View/View.php(201): CodeIgniter\Exceptions\FrameworkException::forInvalidFile()
 2 SYSTEMPATH/Common.php(1142): CodeIgniter\View\View->render()
 3 APPPATH/Controllers/Pages.php(28): view()
 4 SYSTEMPATH/CodeIgniter.php(907): App\Controllers\Pages->view()
 5 SYSTEMPATH/CodeIgniter.php(457): CodeIgniter\CodeIgniter->runController()
 6 SYSTEMPATH/CodeIgniter.php(340): CodeIgniter\CodeIgniter->handleRequest()
 7 FCPATH/index.php(67): CodeIgniter\CodeIgniter->run()
CRITICAL - 2022-09-28 13:27:22 --> Invalid file: pages/assets.php
in SYSTEMPATH/Exceptions/FrameworkException.php on line 33.
 1 SYSTEMPATH/View/View.php(201): CodeIgniter\Exceptions\FrameworkException::forInvalidFile()
 2 SYSTEMPATH/Common.php(1142): CodeIgniter\View\View->render()
 3 APPPATH/Controllers/Pages.php(28): view()
 4 SYSTEMPATH/CodeIgniter.php(907): App\Controllers\Pages->view()
 5 SYSTEMPATH/CodeIgniter.php(457): CodeIgniter\CodeIgniter->runController()
 6 SYSTEMPATH/CodeIgniter.php(340): CodeIgniter\CodeIgniter->handleRequest()
 7 FCPATH/index.php(67): CodeIgniter\CodeIgniter->run()
CRITICAL - 2022-09-28 13:28:16 --> Invalid file: pages/assets.php
in SYSTEMPATH/Exceptions/FrameworkException.php on line 33.
 1 SYSTEMPATH/View/View.php(201): CodeIgniter\Exceptions\FrameworkException::forInvalidFile()
 2 SYSTEMPATH/Common.php(1142): CodeIgniter\View\View->render()
 3 APPPATH/Controllers/Pages.php(28): view()
 4 SYSTEMPATH/CodeIgniter.php(907): App\Controllers\Pages->view()
 5 SYSTEMPATH/CodeIgniter.php(457): CodeIgniter\CodeIgniter->runController()
 6 SYSTEMPATH/CodeIgniter.php(340): CodeIgniter\CodeIgniter->handleRequest()
 7 FCPATH/index.php(67): CodeIgniter\CodeIgniter->run()
CRITICAL - 2022-09-28 13:28:16 --> Invalid file: pages/assets.php
in SYSTEMPATH/Exceptions/FrameworkException.php on line 33.
 1 SYSTEMPATH/View/View.php(201): CodeIgniter\Exceptions\FrameworkException::forInvalidFile()
 2 SYSTEMPATH/Common.php(1142): CodeIgniter\View\View->render()
 3 APPPATH/Controllers/Pages.php(28): view()
 4 SYSTEMPATH/CodeIgniter.php(907): App\Controllers\Pages->view()
 5 SYSTEMPATH/CodeIgniter.php(457): CodeIgniter\CodeIgniter->runController()
 6 SYSTEMPATH/CodeIgniter.php(340): CodeIgniter\CodeIgniter->handleRequest()
 7 FCPATH/index.php(67): CodeIgniter\CodeIgniter->run()
CRITICAL - 2022-09-28 13:30:22 --> Invalid file: pages/assets.php
in SYSTEMPATH/Exceptions/FrameworkException.php on line 33.
 1 SYSTEMPATH/View/View.php(201): CodeIgniter\Exceptions\FrameworkException::forInvalidFile()
 2 SYSTEMPATH/Common.php(1142): CodeIgniter\View\View->render()
 3 APPPATH/Controllers/Pages.php(28): view()
 4 SYSTEMPATH/CodeIgniter.php(907): App\Controllers\Pages->view()
 5 SYSTEMPATH/CodeIgniter.php(457): CodeIgniter\CodeIgniter->runController()
 6 SYSTEMPATH/CodeIgniter.php(340): CodeIgniter\CodeIgniter->handleRequest()
 7 FCPATH/index.php(67): CodeIgniter\CodeIgniter->run()
CRITICAL - 2022-09-28 13:30:22 --> Invalid file: pages/assets.php
in SYSTEMPATH/Exceptions/FrameworkException.php on line 33.
 1 SYSTEMPATH/View/View.php(201): CodeIgniter\Exceptions\FrameworkException::forInvalidFile()
 2 SYSTEMPATH/Common.php(1142): CodeIgniter\View\View->render()
 3 APPPATH/Controllers/Pages.php(28): view()
 4 SYSTEMPATH/CodeIgniter.php(907): App\Controllers\Pages->view()
 5 SYSTEMPATH/CodeIgniter.php(457): CodeIgniter\CodeIgniter->runController()
 6 SYSTEMPATH/CodeIgniter.php(340): CodeIgniter\CodeIgniter->handleRequest()
 7 FCPATH/index.php(67): CodeIgniter\CodeIgniter->run()
CRITICAL - 2022-09-28 13:35:19 --> Invalid file: pages/assets.php
in SYSTEMPATH/Exceptions/FrameworkException.php on line 33.
 1 SYSTEMPATH/View/View.php(201): CodeIgniter\Exceptions\FrameworkException::forInvalidFile()
 2 SYSTEMPATH/Common.php(1142): CodeIgniter\View\View->render()
 3 APPPATH/Controllers/Pages.php(28): view()
 4 SYSTEMPATH/CodeIgniter.php(907): App\Controllers\Pages->view()
 5 SYSTEMPATH/CodeIgniter.php(457): CodeIgniter\CodeIgniter->runController()
 6 SYSTEMPATH/CodeIgniter.php(340): CodeIgniter\CodeIgniter->handleRequest()
 7 FCPATH/index.php(67): CodeIgniter\CodeIgniter->run()
CRITICAL - 2022-09-28 13:35:19 --> Invalid file: pages/assets.php
in SYSTEMPATH/Exceptions/FrameworkException.php on line 33.
 1 SYSTEMPATH/View/View.php(201): CodeIgniter\Exceptions\FrameworkException::forInvalidFile()
 2 SYSTEMPATH/Common.php(1142): CodeIgniter\View\View->render()
 3 APPPATH/Controllers/Pages.php(28): view()
 4 SYSTEMPATH/CodeIgniter.php(907): App\Controllers\Pages->view()
 5 SYSTEMPATH/CodeIgniter.php(457): CodeIgniter\CodeIgniter->runController()
 6 SYSTEMPATH/CodeIgniter.php(340): CodeIgniter\CodeIgniter->handleRequest()
 7 FCPATH/index.php(67): CodeIgniter\CodeIgniter->run()
CRITICAL - 2022-09-28 13:41:45 --> Invalid file: pages/assets.php
in SYSTEMPATH/Exceptions/FrameworkException.php on line 33.
 1 SYSTEMPATH/View/View.php(201): CodeIgniter\Exceptions\FrameworkException::forInvalidFile()
 2 SYSTEMPATH/Common.php(1142): CodeIgniter\View\View->render()
 3 APPPATH/Controllers/Pages.php(28): view()
 4 SYSTEMPATH/CodeIgniter.php(907): App\Controllers\Pages->view()
 5 SYSTEMPATH/CodeIgniter.php(457): CodeIgniter\CodeIgniter->runController()
 6 SYSTEMPATH/CodeIgniter.php(340): CodeIgniter\CodeIgniter->handleRequest()
 7 FCPATH/index.php(67): CodeIgniter\CodeIgniter->run()
CRITICAL - 2022-09-28 13:41:45 --> Invalid file: pages/assets.php
in SYSTEMPATH/Exceptions/FrameworkException.php on line 33.
 1 SYSTEMPATH/View/View.php(201): CodeIgniter\Exceptions\FrameworkException::forInvalidFile()
 2 SYSTEMPATH/Common.php(1142): CodeIgniter\View\View->render()
 3 APPPATH/Controllers/Pages.php(28): view()
 4 SYSTEMPATH/CodeIgniter.php(907): App\Controllers\Pages->view()
 5 SYSTEMPATH/CodeIgniter.php(457): CodeIgniter\CodeIgniter->runController()
 6 SYSTEMPATH/CodeIgniter.php(340): CodeIgniter\CodeIgniter->handleRequest()
 7 FCPATH/index.php(67): CodeIgniter\CodeIgniter->run()
CRITICAL - 2022-09-28 13:42:12 --> Invalid file: pages/assets.php
in SYSTEMPATH/Exceptions/FrameworkException.php on line 33.
 1 SYSTEMPATH/View/View.php(201): CodeIgniter\Exceptions\FrameworkException::forInvalidFile()
 2 SYSTEMPATH/Common.php(1142): CodeIgniter\View\View->render()
 3 APPPATH/Controllers/Pages.php(28): view()
 4 SYSTEMPATH/CodeIgniter.php(907): App\Controllers\Pages->view()
 5 SYSTEMPATH/CodeIgniter.php(457): CodeIgniter\CodeIgniter->runController()
 6 SYSTEMPATH/CodeIgniter.php(340): CodeIgniter\CodeIgniter->handleRequest()
 7 FCPATH/index.php(67): CodeIgniter\CodeIgniter->run()
CRITICAL - 2022-09-28 13:42:12 --> Invalid file: pages/assets.php
in SYSTEMPATH/Exceptions/FrameworkException.php on line 33.
 1 SYSTEMPATH/View/View.php(201): CodeIgniter\Exceptions\FrameworkException::forInvalidFile()
 2 SYSTEMPATH/Common.php(1142): CodeIgniter\View\View->render()
 3 APPPATH/Controllers/Pages.php(28): view()
 4 SYSTEMPATH/CodeIgniter.php(907): App\Controllers\Pages->view()
 5 SYSTEMPATH/CodeIgniter.php(457): CodeIgniter\CodeIgniter->runController()
 6 SYSTEMPATH/CodeIgniter.php(340): CodeIgniter\CodeIgniter->handleRequest()
 7 FCPATH/index.php(67): CodeIgniter\CodeIgniter->run()
CRITICAL - 2022-09-28 13:42:20 --> Invalid file: pages/assets.php
in SYSTEMPATH/Exceptions/FrameworkException.php on line 33.
 1 SYSTEMPATH/View/View.php(201): CodeIgniter\Exceptions\FrameworkException::forInvalidFile()
 2 SYSTEMPATH/Common.php(1142): CodeIgniter\View\View->render()
 3 APPPATH/Controllers/Pages.php(28): view()
 4 SYSTEMPATH/CodeIgniter.php(907): App\Controllers\Pages->view()
 5 SYSTEMPATH/CodeIgniter.php(457): CodeIgniter\CodeIgniter->runController()
 6 SYSTEMPATH/CodeIgniter.php(340): CodeIgniter\CodeIgniter->handleRequest()
 7 FCPATH/index.php(67): CodeIgniter\CodeIgniter->run()
CRITICAL - 2022-09-28 13:42:20 --> Invalid file: pages/assets.php
in SYSTEMPATH/Exceptions/FrameworkException.php on line 33.
 1 SYSTEMPATH/View/View.php(201): CodeIgniter\Exceptions\FrameworkException::forInvalidFile()
 2 SYSTEMPATH/Common.php(1142): CodeIgniter\View\View->render()
 3 APPPATH/Controllers/Pages.php(28): view()
 4 SYSTEMPATH/CodeIgniter.php(907): App\Controllers\Pages->view()
 5 SYSTEMPATH/CodeIgniter.php(457): CodeIgniter\CodeIgniter->runController()
 6 SYSTEMPATH/CodeIgniter.php(340): CodeIgniter\CodeIgniter->handleRequest()
 7 FCPATH/index.php(67): CodeIgniter\CodeIgniter->run()
CRITICAL - 2022-09-28 13:42:28 --> Invalid file: pages/technology.php
in SYSTEMPATH/Exceptions/FrameworkException.php on line 33.
 1 SYSTEMPATH/View/View.php(201): CodeIgniter\Exceptions\FrameworkException::forInvalidFile()
 2 SYSTEMPATH/Common.php(1142): CodeIgniter\View\View->render()
 3 APPPATH/Controllers/Pages.php(28): view()
 4 SYSTEMPATH/CodeIgniter.php(907): App\Controllers\Pages->view()
 5 SYSTEMPATH/CodeIgniter.php(457): CodeIgniter\CodeIgniter->runController()
 6 SYSTEMPATH/CodeIgniter.php(340): CodeIgniter\CodeIgniter->handleRequest()
 7 FCPATH/index.php(67): CodeIgniter\CodeIgniter->run()
CRITICAL - 2022-09-28 13:42:34 --> Invalid file: pages/assets.php
in SYSTEMPATH/Exceptions/FrameworkException.php on line 33.
 1 SYSTEMPATH/View/View.php(201): CodeIgniter\Exceptions\FrameworkException::forInvalidFile()
 2 SYSTEMPATH/Common.php(1142): CodeIgniter\View\View->render()
 3 APPPATH/Controllers/Pages.php(28): view()
 4 SYSTEMPATH/CodeIgniter.php(907): App\Controllers\Pages->view()
 5 SYSTEMPATH/CodeIgniter.php(457): CodeIgniter\CodeIgniter->runController()
 6 SYSTEMPATH/CodeIgniter.php(340): CodeIgniter\CodeIgniter->handleRequest()
 7 FCPATH/index.php(67): CodeIgniter\CodeIgniter->run()
CRITICAL - 2022-09-28 13:42:34 --> Invalid file: pages/assets.php
in SYSTEMPATH/Exceptions/FrameworkException.php on line 33.
 1 SYSTEMPATH/View/View.php(201): CodeIgniter\Exceptions\FrameworkException::forInvalidFile()
 2 SYSTEMPATH/Common.php(1142): CodeIgniter\View\View->render()
 3 APPPATH/Controllers/Pages.php(28): view()
 4 SYSTEMPATH/CodeIgniter.php(907): App\Controllers\Pages->view()
 5 SYSTEMPATH/CodeIgniter.php(457): CodeIgniter\CodeIgniter->runController()
 6 SYSTEMPATH/CodeIgniter.php(340): CodeIgniter\CodeIgniter->handleRequest()
 7 FCPATH/index.php(67): CodeIgniter\CodeIgniter->run()
CRITICAL - 2022-09-28 13:56:10 --> Invalid file: pages/assets.php
in SYSTEMPATH/Exceptions/FrameworkException.php on line 33.
 1 SYSTEMPATH/View/View.php(201): CodeIgniter\Exceptions\FrameworkException::forInvalidFile()
 2 SYSTEMPATH/Common.php(1142): CodeIgniter\View\View->render()
 3 APPPATH/Controllers/Pages.php(28): view()
 4 SYSTEMPATH/CodeIgniter.php(907): App\Controllers\Pages->view()
 5 SYSTEMPATH/CodeIgniter.php(457): CodeIgniter\CodeIgniter->runController()
 6 SYSTEMPATH/CodeIgniter.php(340): CodeIgniter\CodeIgniter->handleRequest()
 7 FCPATH/index.php(67): CodeIgniter\CodeIgniter->run()
CRITICAL - 2022-09-28 13:56:11 --> Invalid file: pages/assets.php
in SYSTEMPATH/Exceptions/FrameworkException.php on line 33.
 1 SYSTEMPATH/View/View.php(201): CodeIgniter\Exceptions\FrameworkException::forInvalidFile()
 2 SYSTEMPATH/Common.php(1142): CodeIgniter\View\View->render()
 3 APPPATH/Controllers/Pages.php(28): view()
 4 SYSTEMPATH/CodeIgniter.php(907): App\Controllers\Pages->view()
 5 SYSTEMPATH/CodeIgniter.php(457): CodeIgniter\CodeIgniter->runController()
 6 SYSTEMPATH/CodeIgniter.php(340): CodeIgniter\CodeIgniter->handleRequest()
 7 FCPATH/index.php(67): CodeIgniter\CodeIgniter->run()
CRITICAL - 2022-09-28 13:56:12 --> Invalid file: pages/assets.php
in SYSTEMPATH/Exceptions/FrameworkException.php on line 33.
 1 SYSTEMPATH/View/View.php(201): CodeIgniter\Exceptions\FrameworkException::forInvalidFile()
 2 SYSTEMPATH/Common.php(1142): CodeIgniter\View\View->render()
 3 APPPATH/Controllers/Pages.php(28): view()
 4 SYSTEMPATH/CodeIgniter.php(907): App\Controllers\Pages->view()
 5 SYSTEMPATH/CodeIgniter.php(457): CodeIgniter\CodeIgniter->runController()
 6 SYSTEMPATH/CodeIgniter.php(340): CodeIgniter\CodeIgniter->handleRequest()
 7 FCPATH/index.php(67): CodeIgniter\CodeIgniter->run()
CRITICAL - 2022-09-28 14:20:21 --> Invalid file: pages/wp-content.php
in SYSTEMPATH/Exceptions/FrameworkException.php on line 33.
 1 SYSTEMPATH/View/View.php(201): CodeIgniter\Exceptions\FrameworkException::forInvalidFile()
 2 SYSTEMPATH/Common.php(1142): CodeIgniter\View\View->render()
 3 APPPATH/Controllers/Pages.php(28): view()
 4 SYSTEMPATH/CodeIgniter.php(907): App\Controllers\Pages->view()
 5 SYSTEMPATH/CodeIgniter.php(457): CodeIgniter\CodeIgniter->runController()
 6 SYSTEMPATH/CodeIgniter.php(340): CodeIgniter\CodeIgniter->handleRequest()
 7 FCPATH/index.php(67): CodeIgniter\CodeIgniter->run()
CRITICAL - 2022-09-28 14:21:23 --> Invalid file: pages/wp-content.php
in SYSTEMPATH/Exceptions/FrameworkException.php on line 33.
 1 SYSTEMPATH/View/View.php(201): CodeIgniter\Exceptions\FrameworkException::forInvalidFile()
 2 SYSTEMPATH/Common.php(1142): CodeIgniter\View\View->render()
 3 APPPATH/Controllers/Pages.php(28): view()
 4 SYSTEMPATH/CodeIgniter.php(907): App\Controllers\Pages->view()
 5 SYSTEMPATH/CodeIgniter.php(457): CodeIgniter\CodeIgniter->runController()
 6 SYSTEMPATH/CodeIgniter.php(340): CodeIgniter\CodeIgniter->handleRequest()
 7 FCPATH/index.php(67): CodeIgniter\CodeIgniter->run()
CRITICAL - 2022-09-28 14:21:47 --> Invalid file: pages/wp-content.php
in SYSTEMPATH/Exceptions/FrameworkException.php on line 33.
 1 SYSTEMPATH/View/View.php(201): CodeIgniter\Exceptions\FrameworkException::forInvalidFile()
 2 SYSTEMPATH/Common.php(1142): CodeIgniter\View\View->render()
 3 APPPATH/Controllers/Pages.php(28): view()
 4 SYSTEMPATH/CodeIgniter.php(907): App\Controllers\Pages->view()
 5 SYSTEMPATH/CodeIgniter.php(457): CodeIgniter\CodeIgniter->runController()
 6 SYSTEMPATH/CodeIgniter.php(340): CodeIgniter\CodeIgniter->handleRequest()
 7 FCPATH/index.php(67): CodeIgniter\CodeIgniter->run()
CRITICAL - 2022-09-28 14:36:45 --> Invalid file: pages/assets.php
in SYSTEMPATH/Exceptions/FrameworkException.php on line 33.
 1 SYSTEMPATH/View/View.php(201): CodeIgniter\Exceptions\FrameworkException::forInvalidFile()
 2 SYSTEMPATH/Common.php(1142): CodeIgniter\View\View->render()
 3 APPPATH/Controllers/Pages.php(28): view()
 4 SYSTEMPATH/CodeIgniter.php(907): App\Controllers\Pages->view()
 5 SYSTEMPATH/CodeIgniter.php(457): CodeIgniter\CodeIgniter->runController()
 6 SYSTEMPATH/CodeIgniter.php(340): CodeIgniter\CodeIgniter->handleRequest()
 7 FCPATH/index.php(67): CodeIgniter\CodeIgniter->run()
CRITICAL - 2022-09-28 14:36:45 --> Invalid file: pages/assets.php
in SYSTEMPATH/Exceptions/FrameworkException.php on line 33.
 1 SYSTEMPATH/View/View.php(201): CodeIgniter\Exceptions\FrameworkException::forInvalidFile()
 2 SYSTEMPATH/Common.php(1142): CodeIgniter\View\View->render()
 3 APPPATH/Controllers/Pages.php(28): view()
 4 SYSTEMPATH/CodeIgniter.php(907): App\Controllers\Pages->view()
 5 SYSTEMPATH/CodeIgniter.php(457): CodeIgniter\CodeIgniter->runController()
 6 SYSTEMPATH/CodeIgniter.php(340): CodeIgniter\CodeIgniter->handleRequest()
 7 FCPATH/index.php(67): CodeIgniter\CodeIgniter->run()
CRITICAL - 2022-09-28 14:36:46 --> Invalid file: pages/assets.php
in SYSTEMPATH/Exceptions/FrameworkException.php on line 33.
 1 SYSTEMPATH/View/View.php(201): CodeIgniter\Exceptions\FrameworkException::forInvalidFile()
 2 SYSTEMPATH/Common.php(1142): CodeIgniter\View\View->render()
 3 APPPATH/Controllers/Pages.php(28): view()
 4 SYSTEMPATH/CodeIgniter.php(907): App\Controllers\Pages->view()
 5 SYSTEMPATH/CodeIgniter.php(457): CodeIgniter\CodeIgniter->runController()
 6 SYSTEMPATH/CodeIgniter.php(340): CodeIgniter\CodeIgniter->handleRequest()
 7 FCPATH/index.php(67): CodeIgniter\CodeIgniter->run()
CRITICAL - 2022-09-28 14:57:32 --> Invalid file: pages/assets.php
in SYSTEMPATH/Exceptions/FrameworkException.php on line 33.
 1 SYSTEMPATH/View/View.php(201): CodeIgniter\Exceptions\FrameworkException::forInvalidFile()
 2 SYSTEMPATH/Common.php(1142): CodeIgniter\View\View->render()
 3 APPPATH/Controllers/Pages.php(28): view()
 4 SYSTEMPATH/CodeIgniter.php(907): App\Controllers\Pages->view()
 5 SYSTEMPATH/CodeIgniter.php(457): CodeIgniter\CodeIgniter->runController()
 6 SYSTEMPATH/CodeIgniter.php(340): CodeIgniter\CodeIgniter->handleRequest()
 7 FCPATH/index.php(67): CodeIgniter\CodeIgniter->run()
CRITICAL - 2022-09-28 14:57:33 --> Invalid file: pages/assets.php
in SYSTEMPATH/Exceptions/FrameworkException.php on line 33.
 1 SYSTEMPATH/View/View.php(201): CodeIgniter\Exceptions\FrameworkException::forInvalidFile()
 2 SYSTEMPATH/Common.php(1142): CodeIgniter\View\View->render()
 3 APPPATH/Controllers/Pages.php(28): view()
 4 SYSTEMPATH/CodeIgniter.php(907): App\Controllers\Pages->view()
 5 SYSTEMPATH/CodeIgniter.php(457): CodeIgniter\CodeIgniter->runController()
 6 SYSTEMPATH/CodeIgniter.php(340): CodeIgniter\CodeIgniter->handleRequest()
 7 FCPATH/index.php(67): CodeIgniter\CodeIgniter->run()
CRITICAL - 2022-09-28 14:57:34 --> Invalid file: pages/assets.php
in SYSTEMPATH/Exceptions/FrameworkException.php on line 33.
 1 SYSTEMPATH/View/View.php(201): CodeIgniter\Exceptions\FrameworkException::forInvalidFile()
 2 SYSTEMPATH/Common.php(1142): CodeIgniter\View\View->render()
 3 APPPATH/Controllers/Pages.php(28): view()
 4 SYSTEMPATH/CodeIgniter.php(907): App\Controllers\Pages->view()
 5 SYSTEMPATH/CodeIgniter.php(457): CodeIgniter\CodeIgniter->runController()
 6 SYSTEMPATH/CodeIgniter.php(340): CodeIgniter\CodeIgniter->handleRequest()
 7 FCPATH/index.php(67): CodeIgniter\CodeIgniter->run()
CRITICAL - 2022-09-28 14:58:22 --> Invalid file: pages/assets.php
in SYSTEMPATH/Exceptions/FrameworkException.php on line 33.
 1 SYSTEMPATH/View/View.php(201): CodeIgniter\Exceptions\FrameworkException::forInvalidFile()
 2 SYSTEMPATH/Common.php(1142): CodeIgniter\View\View->render()
 3 APPPATH/Controllers/Pages.php(28): view()
 4 SYSTEMPATH/CodeIgniter.php(907): App\Controllers\Pages->view()
 5 SYSTEMPATH/CodeIgniter.php(457): CodeIgniter\CodeIgniter->runController()
 6 SYSTEMPATH/CodeIgniter.php(340): CodeIgniter\CodeIgniter->handleRequest()
 7 FCPATH/index.php(67): CodeIgniter\CodeIgniter->run()
CRITICAL - 2022-09-28 14:58:22 --> Invalid file: pages/assets.php
in SYSTEMPATH/Exceptions/FrameworkException.php on line 33.
 1 SYSTEMPATH/View/View.php(201): CodeIgniter\Exceptions\FrameworkException::forInvalidFile()
 2 SYSTEMPATH/Common.php(1142): CodeIgniter\View\View->render()
 3 APPPATH/Controllers/Pages.php(28): view()
 4 SYSTEMPATH/CodeIgniter.php(907): App\Controllers\Pages->view()
 5 SYSTEMPATH/CodeIgniter.php(457): CodeIgniter\CodeIgniter->runController()
 6 SYSTEMPATH/CodeIgniter.php(340): CodeIgniter\CodeIgniter->handleRequest()
 7 FCPATH/index.php(67): CodeIgniter\CodeIgniter->run()
CRITICAL - 2022-09-28 14:58:24 --> Invalid file: pages/assets.php
in SYSTEMPATH/Exceptions/FrameworkException.php on line 33.
 1 SYSTEMPATH/View/View.php(201): CodeIgniter\Exceptions\FrameworkException::forInvalidFile()
 2 SYSTEMPATH/Common.php(1142): CodeIgniter\View\View->render()
 3 APPPATH/Controllers/Pages.php(28): view()
 4 SYSTEMPATH/CodeIgniter.php(907): App\Controllers\Pages->view()
 5 SYSTEMPATH/CodeIgniter.php(457): CodeIgniter\CodeIgniter->runController()
 6 SYSTEMPATH/CodeIgniter.php(340): CodeIgniter\CodeIgniter->handleRequest()
 7 FCPATH/index.php(67): CodeIgniter\CodeIgniter->run()
CRITICAL - 2022-09-28 14:58:33 --> Invalid file: pages/__service-worker.js
in SYSTEMPATH/Exceptions/FrameworkException.php on line 33.
 1 SYSTEMPATH/View/View.php(201): CodeIgniter\Exceptions\FrameworkException::forInvalidFile()
 2 SYSTEMPATH/Common.php(1142): CodeIgniter\View\View->render()
 3 APPPATH/Controllers/Pages.php(28): view()
 4 SYSTEMPATH/CodeIgniter.php(907): App\Controllers\Pages->view()
 5 SYSTEMPATH/CodeIgniter.php(457): CodeIgniter\CodeIgniter->runController()
 6 SYSTEMPATH/CodeIgniter.php(340): CodeIgniter\CodeIgniter->handleRequest()
 7 FCPATH/index.php(67): CodeIgniter\CodeIgniter->run()
CRITICAL - 2022-09-28 14:58:33 --> Invalid file: pages/assets.php
in SYSTEMPATH/Exceptions/FrameworkException.php on line 33.
 1 SYSTEMPATH/View/View.php(201): CodeIgniter\Exceptions\FrameworkException::forInvalidFile()
 2 SYSTEMPATH/Common.php(1142): CodeIgniter\View\View->render()
 3 APPPATH/Controllers/Pages.php(28): view()
 4 SYSTEMPATH/CodeIgniter.php(907): App\Controllers\Pages->view()
 5 SYSTEMPATH/CodeIgniter.php(457): CodeIgniter\CodeIgniter->runController()
 6 SYSTEMPATH/CodeIgniter.php(340): CodeIgniter\CodeIgniter->handleRequest()
 7 FCPATH/index.php(67): CodeIgniter\CodeIgniter->run()
CRITICAL - 2022-09-28 14:58:33 --> Invalid file: pages/assets.php
in SYSTEMPATH/Exceptions/FrameworkException.php on line 33.
 1 SYSTEMPATH/View/View.php(201): CodeIgniter\Exceptions\FrameworkException::forInvalidFile()
 2 SYSTEMPATH/Common.php(1142): CodeIgniter\View\View->render()
 3 APPPATH/Controllers/Pages.php(28): view()
 4 SYSTEMPATH/CodeIgniter.php(907): App\Controllers\Pages->view()
 5 SYSTEMPATH/CodeIgniter.php(457): CodeIgniter\CodeIgniter->runController()
 6 SYSTEMPATH/CodeIgniter.php(340): CodeIgniter\CodeIgniter->handleRequest()
 7 FCPATH/index.php(67): CodeIgniter\CodeIgniter->run()
CRITICAL - 2022-09-28 14:58:34 --> Invalid file: pages/assets.php
in SYSTEMPATH/Exceptions/FrameworkException.php on line 33.
 1 SYSTEMPATH/View/View.php(201): CodeIgniter\Exceptions\FrameworkException::forInvalidFile()
 2 SYSTEMPATH/Common.php(1142): CodeIgniter\View\View->render()
 3 APPPATH/Controllers/Pages.php(28): view()
 4 SYSTEMPATH/CodeIgniter.php(907): App\Controllers\Pages->view()
 5 SYSTEMPATH/CodeIgniter.php(457): CodeIgniter\CodeIgniter->runController()
 6 SYSTEMPATH/CodeIgniter.php(340): CodeIgniter\CodeIgniter->handleRequest()
 7 FCPATH/index.php(67): CodeIgniter\CodeIgniter->run()
CRITICAL - 2022-09-28 14:59:05 --> Invalid file: pages/assets.php
in SYSTEMPATH/Exceptions/FrameworkException.php on line 33.
 1 SYSTEMPATH/View/View.php(201): CodeIgniter\Exceptions\FrameworkException::forInvalidFile()
 2 SYSTEMPATH/Common.php(1142): CodeIgniter\View\View->render()
 3 APPPATH/Controllers/Pages.php(28): view()
 4 SYSTEMPATH/CodeIgniter.php(907): App\Controllers\Pages->view()
 5 SYSTEMPATH/CodeIgniter.php(457): CodeIgniter\CodeIgniter->runController()
 6 SYSTEMPATH/CodeIgniter.php(340): CodeIgniter\CodeIgniter->handleRequest()
 7 FCPATH/index.php(67): CodeIgniter\CodeIgniter->run()
CRITICAL - 2022-09-28 14:59:06 --> Invalid file: pages/assets.php
in SYSTEMPATH/Exceptions/FrameworkException.php on line 33.
 1 SYSTEMPATH/View/View.php(201): CodeIgniter\Exceptions\FrameworkException::forInvalidFile()
 2 SYSTEMPATH/Common.php(1142): CodeIgniter\View\View->render()
 3 APPPATH/Controllers/Pages.php(28): view()
 4 SYSTEMPATH/CodeIgniter.php(907): App\Controllers\Pages->view()
 5 SYSTEMPATH/CodeIgniter.php(457): CodeIgniter\CodeIgniter->runController()
 6 SYSTEMPATH/CodeIgniter.php(340): CodeIgniter\CodeIgniter->handleRequest()
 7 FCPATH/index.php(67): CodeIgniter\CodeIgniter->run()
CRITICAL - 2022-09-28 14:59:07 --> Invalid file: pages/assets.php
in SYSTEMPATH/Exceptions/FrameworkException.php on line 33.
 1 SYSTEMPATH/View/View.php(201): CodeIgniter\Exceptions\FrameworkException::forInvalidFile()
 2 SYSTEMPATH/Common.php(1142): CodeIgniter\View\View->render()
 3 APPPATH/Controllers/Pages.php(28): view()
 4 SYSTEMPATH/CodeIgniter.php(907): App\Controllers\Pages->view()
 5 SYSTEMPATH/CodeIgniter.php(457): CodeIgniter\CodeIgniter->runController()
 6 SYSTEMPATH/CodeIgniter.php(340): CodeIgniter\CodeIgniter->handleRequest()
 7 FCPATH/index.php(67): CodeIgniter\CodeIgniter->run()
CRITICAL - 2022-09-28 14:59:36 --> Invalid file: pages/assets.php
in SYSTEMPATH/Exceptions/FrameworkException.php on line 33.
 1 SYSTEMPATH/View/View.php(201): CodeIgniter\Exceptions\FrameworkException::forInvalidFile()
 2 SYSTEMPATH/Common.php(1142): CodeIgniter\View\View->render()
 3 APPPATH/Controllers/Pages.php(28): view()
 4 SYSTEMPATH/CodeIgniter.php(907): App\Controllers\Pages->view()
 5 SYSTEMPATH/CodeIgniter.php(457): CodeIgniter\CodeIgniter->runController()
 6 SYSTEMPATH/CodeIgniter.php(340): CodeIgniter\CodeIgniter->handleRequest()
 7 FCPATH/index.php(67): CodeIgniter\CodeIgniter->run()
CRITICAL - 2022-09-28 14:59:37 --> Invalid file: pages/assets.php
in SYSTEMPATH/Exceptions/FrameworkException.php on line 33.
 1 SYSTEMPATH/View/View.php(201): CodeIgniter\Exceptions\FrameworkException::forInvalidFile()
 2 SYSTEMPATH/Common.php(1142): CodeIgniter\View\View->render()
 3 APPPATH/Controllers/Pages.php(28): view()
 4 SYSTEMPATH/CodeIgniter.php(907): App\Controllers\Pages->view()
 5 SYSTEMPATH/CodeIgniter.php(457): CodeIgniter\CodeIgniter->runController()
 6 SYSTEMPATH/CodeIgniter.php(340): CodeIgniter\CodeIgniter->handleRequest()
 7 FCPATH/index.php(67): CodeIgniter\CodeIgniter->run()
CRITICAL - 2022-09-28 14:59:37 --> Invalid file: pages/assets.php
in SYSTEMPATH/Exceptions/FrameworkException.php on line 33.
 1 SYSTEMPATH/View/View.php(201): CodeIgniter\Exceptions\FrameworkException::forInvalidFile()
 2 SYSTEMPATH/Common.php(1142): CodeIgniter\View\View->render()
 3 APPPATH/Controllers/Pages.php(28): view()
 4 SYSTEMPATH/CodeIgniter.php(907): App\Controllers\Pages->view()
 5 SYSTEMPATH/CodeIgniter.php(457): CodeIgniter\CodeIgniter->runController()
 6 SYSTEMPATH/CodeIgniter.php(340): CodeIgniter\CodeIgniter->handleRequest()
 7 FCPATH/index.php(67): CodeIgniter\CodeIgniter->run()
CRITICAL - 2022-09-28 15:01:19 --> Invalid file: pages/assets.php
in SYSTEMPATH/Exceptions/FrameworkException.php on line 33.
 1 SYSTEMPATH/View/View.php(201): CodeIgniter\Exceptions\FrameworkException::forInvalidFile()
 2 SYSTEMPATH/Common.php(1142): CodeIgniter\View\View->render()
 3 APPPATH/Controllers/Pages.php(28): view()
 4 SYSTEMPATH/CodeIgniter.php(907): App\Controllers\Pages->view()
 5 SYSTEMPATH/CodeIgniter.php(457): CodeIgniter\CodeIgniter->runController()
 6 SYSTEMPATH/CodeIgniter.php(340): CodeIgniter\CodeIgniter->handleRequest()
 7 FCPATH/index.php(67): CodeIgniter\CodeIgniter->run()
CRITICAL - 2022-09-28 15:01:20 --> Invalid file: pages/assets.php
in SYSTEMPATH/Exceptions/FrameworkException.php on line 33.
 1 SYSTEMPATH/View/View.php(201): CodeIgniter\Exceptions\FrameworkException::forInvalidFile()
 2 SYSTEMPATH/Common.php(1142): CodeIgniter\View\View->render()
 3 APPPATH/Controllers/Pages.php(28): view()
 4 SYSTEMPATH/CodeIgniter.php(907): App\Controllers\Pages->view()
 5 SYSTEMPATH/CodeIgniter.php(457): CodeIgniter\CodeIgniter->runController()
 6 SYSTEMPATH/CodeIgniter.php(340): CodeIgniter\CodeIgniter->handleRequest()
 7 FCPATH/index.php(67): CodeIgniter\CodeIgniter->run()
CRITICAL - 2022-09-28 15:01:21 --> Invalid file: pages/assets.php
in SYSTEMPATH/Exceptions/FrameworkException.php on line 33.
 1 SYSTEMPATH/View/View.php(201): CodeIgniter\Exceptions\FrameworkException::forInvalidFile()
 2 SYSTEMPATH/Common.php(1142): CodeIgniter\View\View->render()
 3 APPPATH/Controllers/Pages.php(28): view()
 4 SYSTEMPATH/CodeIgniter.php(907): App\Controllers\Pages->view()
 5 SYSTEMPATH/CodeIgniter.php(457): CodeIgniter\CodeIgniter->runController()
 6 SYSTEMPATH/CodeIgniter.php(340): CodeIgniter\CodeIgniter->handleRequest()
 7 FCPATH/index.php(67): CodeIgniter\CodeIgniter->run()
CRITICAL - 2022-09-28 15:01:23 --> Invalid file: pages/assets.php
in SYSTEMPATH/Exceptions/FrameworkException.php on line 33.
 1 SYSTEMPATH/View/View.php(201): CodeIgniter\Exceptions\FrameworkException::forInvalidFile()
 2 SYSTEMPATH/Common.php(1142): CodeIgniter\View\View->render()
 3 APPPATH/Controllers/Pages.php(28): view()
 4 SYSTEMPATH/CodeIgniter.php(907): App\Controllers\Pages->view()
 5 SYSTEMPATH/CodeIgniter.php(457): CodeIgniter\CodeIgniter->runController()
 6 SYSTEMPATH/CodeIgniter.php(340): CodeIgniter\CodeIgniter->handleRequest()
 7 FCPATH/index.php(67): CodeIgniter\CodeIgniter->run()
CRITICAL - 2022-09-28 15:01:23 --> Invalid file: pages/__service-worker.js
in SYSTEMPATH/Exceptions/FrameworkException.php on line 33.
 1 SYSTEMPATH/View/View.php(201): CodeIgniter\Exceptions\FrameworkException::forInvalidFile()
 2 SYSTEMPATH/Common.php(1142): CodeIgniter\View\View->render()
 3 APPPATH/Controllers/Pages.php(28): view()
 4 SYSTEMPATH/CodeIgniter.php(907): App\Controllers\Pages->view()
 5 SYSTEMPATH/CodeIgniter.php(457): CodeIgniter\CodeIgniter->runController()
 6 SYSTEMPATH/CodeIgniter.php(340): CodeIgniter\CodeIgniter->handleRequest()
 7 FCPATH/index.php(67): CodeIgniter\CodeIgniter->run()
CRITICAL - 2022-09-28 15:01:23 --> Invalid file: pages/assets.php
in SYSTEMPATH/Exceptions/FrameworkException.php on line 33.
 1 SYSTEMPATH/View/View.php(201): CodeIgniter\Exceptions\FrameworkException::forInvalidFile()
 2 SYSTEMPATH/Common.php(1142): CodeIgniter\View\View->render()
 3 APPPATH/Controllers/Pages.php(28): view()
 4 SYSTEMPATH/CodeIgniter.php(907): App\Controllers\Pages->view()
 5 SYSTEMPATH/CodeIgniter.php(457): CodeIgniter\CodeIgniter->runController()
 6 SYSTEMPATH/CodeIgniter.php(340): CodeIgniter\CodeIgniter->handleRequest()
 7 FCPATH/index.php(67): CodeIgniter\CodeIgniter->run()
CRITICAL - 2022-09-28 15:01:24 --> Invalid file: pages/assets.php
in SYSTEMPATH/Exceptions/FrameworkException.php on line 33.
 1 SYSTEMPATH/View/View.php(201): CodeIgniter\Exceptions\FrameworkException::forInvalidFile()
 2 SYSTEMPATH/Common.php(1142): CodeIgniter\View\View->render()
 3 APPPATH/Controllers/Pages.php(28): view()
 4 SYSTEMPATH/CodeIgniter.php(907): App\Controllers\Pages->view()
 5 SYSTEMPATH/CodeIgniter.php(457): CodeIgniter\CodeIgniter->runController()
 6 SYSTEMPATH/CodeIgniter.php(340): CodeIgniter\CodeIgniter->handleRequest()
 7 FCPATH/index.php(67): CodeIgniter\CodeIgniter->run()
CRITICAL - 2022-09-28 15:01:24 --> Invalid file: pages/assets.php
in SYSTEMPATH/Exceptions/FrameworkException.php on line 33.
 1 SYSTEMPATH/View/View.php(201): CodeIgniter\Exceptions\FrameworkException::forInvalidFile()
 2 SYSTEMPATH/Common.php(1142): CodeIgniter\View\View->render()
 3 APPPATH/Controllers/Pages.php(28): view()
 4 SYSTEMPATH/CodeIgniter.php(907): App\Controllers\Pages->view()
 5 SYSTEMPATH/CodeIgniter.php(457): CodeIgniter\CodeIgniter->runController()
 6 SYSTEMPATH/CodeIgniter.php(340): CodeIgniter\CodeIgniter->handleRequest()
 7 FCPATH/index.php(67): CodeIgniter\CodeIgniter->run()
CRITICAL - 2022-09-28 15:01:24 --> Invalid file: pages/assets.php
in SYSTEMPATH/Exceptions/FrameworkException.php on line 33.
 1 SYSTEMPATH/View/View.php(201): CodeIgniter\Exceptions\FrameworkException::forInvalidFile()
 2 SYSTEMPATH/Common.php(1142): CodeIgniter\View\View->render()
 3 APPPATH/Controllers/Pages.php(28): view()
 4 SYSTEMPATH/CodeIgniter.php(907): App\Controllers\Pages->view()
 5 SYSTEMPATH/CodeIgniter.php(457): CodeIgniter\CodeIgniter->runController()
 6 SYSTEMPATH/CodeIgniter.php(340): CodeIgniter\CodeIgniter->handleRequest()
 7 FCPATH/index.php(67): CodeIgniter\CodeIgniter->run()
CRITICAL - 2022-09-28 15:01:25 --> Invalid file: pages/assets.php
in SYSTEMPATH/Exceptions/FrameworkException.php on line 33.
 1 SYSTEMPATH/View/View.php(201): CodeIgniter\Exceptions\FrameworkException::forInvalidFile()
 2 SYSTEMPATH/Common.php(1142): CodeIgniter\View\View->render()
 3 APPPATH/Controllers/Pages.php(28): view()
 4 SYSTEMPATH/CodeIgniter.php(907): App\Controllers\Pages->view()
 5 SYSTEMPATH/CodeIgniter.php(457): CodeIgniter\CodeIgniter->runController()
 6 SYSTEMPATH/CodeIgniter.php(340): CodeIgniter\CodeIgniter->handleRequest()
 7 FCPATH/index.php(67): CodeIgniter\CodeIgniter->run()
CRITICAL - 2022-09-28 15:20:12 --> Invalid file: pages/wp-login.php
in SYSTEMPATH/Exceptions/FrameworkException.php on line 33.
 1 SYSTEMPATH/View/View.php(201): CodeIgniter\Exceptions\FrameworkException::forInvalidFile()
 2 SYSTEMPATH/Common.php(1142): CodeIgniter\View\View->render()
 3 APPPATH/Controllers/Pages.php(28): view()
 4 SYSTEMPATH/CodeIgniter.php(907): App\Controllers\Pages->view()
 5 SYSTEMPATH/CodeIgniter.php(457): CodeIgniter\CodeIgniter->runController()
 6 SYSTEMPATH/CodeIgniter.php(340): CodeIgniter\CodeIgniter->handleRequest()
 7 FCPATH/index.php(67): CodeIgniter\CodeIgniter->run()
CRITICAL - 2022-09-28 15:31:31 --> Invalid file: pages/assets.php
in SYSTEMPATH/Exceptions/FrameworkException.php on line 33.
 1 SYSTEMPATH/View/View.php(201): CodeIgniter\Exceptions\FrameworkException::forInvalidFile()
 2 SYSTEMPATH/Common.php(1142): CodeIgniter\View\View->render()
 3 APPPATH/Controllers/Pages.php(28): view()
 4 SYSTEMPATH/CodeIgniter.php(907): App\Controllers\Pages->view()
 5 SYSTEMPATH/CodeIgniter.php(457): CodeIgniter\CodeIgniter->runController()
 6 SYSTEMPATH/CodeIgniter.php(340): CodeIgniter\CodeIgniter->handleRequest()
 7 FCPATH/index.php(67): CodeIgniter\CodeIgniter->run()
CRITICAL - 2022-09-28 15:31:32 --> Invalid file: pages/assets.php
in SYSTEMPATH/Exceptions/FrameworkException.php on line 33.
 1 SYSTEMPATH/View/View.php(201): CodeIgniter\Exceptions\FrameworkException::forInvalidFile()
 2 SYSTEMPATH/Common.php(1142): CodeIgniter\View\View->render()
 3 APPPATH/Controllers/Pages.php(28): view()
 4 SYSTEMPATH/CodeIgniter.php(907): App\Controllers\Pages->view()
 5 SYSTEMPATH/CodeIgniter.php(457): CodeIgniter\CodeIgniter->runController()
 6 SYSTEMPATH/CodeIgniter.php(340): CodeIgniter\CodeIgniter->handleRequest()
 7 FCPATH/index.php(67): CodeIgniter\CodeIgniter->run()
CRITICAL - 2022-09-28 15:31:33 --> Invalid file: pages/assets.php
in SYSTEMPATH/Exceptions/FrameworkException.php on line 33.
 1 SYSTEMPATH/View/View.php(201): CodeIgniter\Exceptions\FrameworkException::forInvalidFile()
 2 SYSTEMPATH/Common.php(1142): CodeIgniter\View\View->render()
 3 APPPATH/Controllers/Pages.php(28): view()
 4 SYSTEMPATH/CodeIgniter.php(907): App\Controllers\Pages->view()
 5 SYSTEMPATH/CodeIgniter.php(457): CodeIgniter\CodeIgniter->runController()
 6 SYSTEMPATH/CodeIgniter.php(340): CodeIgniter\CodeIgniter->handleRequest()
 7 FCPATH/index.php(67): CodeIgniter\CodeIgniter->run()
CRITICAL - 2022-09-28 15:31:38 --> Invalid file: pages/assets.php
in SYSTEMPATH/Exceptions/FrameworkException.php on line 33.
 1 SYSTEMPATH/View/View.php(201): CodeIgniter\Exceptions\FrameworkException::forInvalidFile()
 2 SYSTEMPATH/Common.php(1142): CodeIgniter\View\View->render()
 3 APPPATH/Controllers/Pages.php(28): view()
 4 SYSTEMPATH/CodeIgniter.php(907): App\Controllers\Pages->view()
 5 SYSTEMPATH/CodeIgniter.php(457): CodeIgniter\CodeIgniter->runController()
 6 SYSTEMPATH/CodeIgniter.php(340): CodeIgniter\CodeIgniter->handleRequest()
 7 FCPATH/index.php(67): CodeIgniter\CodeIgniter->run()
CRITICAL - 2022-09-28 15:31:38 --> Invalid file: pages/assets.php
in SYSTEMPATH/Exceptions/FrameworkException.php on line 33.
 1 SYSTEMPATH/View/View.php(201): CodeIgniter\Exceptions\FrameworkException::forInvalidFile()
 2 SYSTEMPATH/Common.php(1142): CodeIgniter\View\View->render()
 3 APPPATH/Controllers/Pages.php(28): view()
 4 SYSTEMPATH/CodeIgniter.php(907): App\Controllers\Pages->view()
 5 SYSTEMPATH/CodeIgniter.php(457): CodeIgniter\CodeIgniter->runController()
 6 SYSTEMPATH/CodeIgniter.php(340): CodeIgniter\CodeIgniter->handleRequest()
 7 FCPATH/index.php(67): CodeIgniter\CodeIgniter->run()
CRITICAL - 2022-09-28 15:31:38 --> Invalid file: pages/__service-worker.js
in SYSTEMPATH/Exceptions/FrameworkException.php on line 33.
 1 SYSTEMPATH/View/View.php(201): CodeIgniter\Exceptions\FrameworkException::forInvalidFile()
 2 SYSTEMPATH/Common.php(1142): CodeIgniter\View\View->render()
 3 APPPATH/Controllers/Pages.php(28): view()
 4 SYSTEMPATH/CodeIgniter.php(907): App\Controllers\Pages->view()
 5 SYSTEMPATH/CodeIgniter.php(457): CodeIgniter\CodeIgniter->runController()
 6 SYSTEMPATH/CodeIgniter.php(340): CodeIgniter\CodeIgniter->handleRequest()
 7 FCPATH/index.php(67): CodeIgniter\CodeIgniter->run()
CRITICAL - 2022-09-28 15:31:38 --> Invalid file: pages/assets.php
in SYSTEMPATH/Exceptions/FrameworkException.php on line 33.
 1 SYSTEMPATH/View/View.php(201): CodeIgniter\Exceptions\FrameworkException::forInvalidFile()
 2 SYSTEMPATH/Common.php(1142): CodeIgniter\View\View->render()
 3 APPPATH/Controllers/Pages.php(28): view()
 4 SYSTEMPATH/CodeIgniter.php(907): App\Controllers\Pages->view()
 5 SYSTEMPATH/CodeIgniter.php(457): CodeIgniter\CodeIgniter->runController()
 6 SYSTEMPATH/CodeIgniter.php(340): CodeIgniter\CodeIgniter->handleRequest()
 7 FCPATH/index.php(67): CodeIgniter\CodeIgniter->run()
CRITICAL - 2022-09-28 15:31:39 --> Invalid file: pages/assets.php
in SYSTEMPATH/Exceptions/FrameworkException.php on line 33.
 1 SYSTEMPATH/View/View.php(201): CodeIgniter\Exceptions\FrameworkException::forInvalidFile()
 2 SYSTEMPATH/Common.php(1142): CodeIgniter\View\View->render()
 3 APPPATH/Controllers/Pages.php(28): view()
 4 SYSTEMPATH/CodeIgniter.php(907): App\Controllers\Pages->view()
 5 SYSTEMPATH/CodeIgniter.php(457): CodeIgniter\CodeIgniter->runController()
 6 SYSTEMPATH/CodeIgniter.php(340): CodeIgniter\CodeIgniter->handleRequest()
 7 FCPATH/index.php(67): CodeIgniter\CodeIgniter->run()
CRITICAL - 2022-09-28 15:31:39 --> Invalid file: pages/assets.php
in SYSTEMPATH/Exceptions/FrameworkException.php on line 33.
 1 SYSTEMPATH/View/View.php(201): CodeIgniter\Exceptions\FrameworkException::forInvalidFile()
 2 SYSTEMPATH/Common.php(1142): CodeIgniter\View\View->render()
 3 APPPATH/Controllers/Pages.php(28): view()
 4 SYSTEMPATH/CodeIgniter.php(907): App\Controllers\Pages->view()
 5 SYSTEMPATH/CodeIgniter.php(457): CodeIgniter\CodeIgniter->runController()
 6 SYSTEMPATH/CodeIgniter.php(340): CodeIgniter\CodeIgniter->handleRequest()
 7 FCPATH/index.php(67): CodeIgniter\CodeIgniter->run()
CRITICAL - 2022-09-28 15:31:39 --> Invalid file: pages/assets.php
in SYSTEMPATH/Exceptions/FrameworkException.php on line 33.
 1 SYSTEMPATH/View/View.php(201): CodeIgniter\Exceptions\FrameworkException::forInvalidFile()
 2 SYSTEMPATH/Common.php(1142): CodeIgniter\View\View->render()
 3 APPPATH/Controllers/Pages.php(28): view()
 4 SYSTEMPATH/CodeIgniter.php(907): App\Controllers\Pages->view()
 5 SYSTEMPATH/CodeIgniter.php(457): CodeIgniter\CodeIgniter->runController()
 6 SYSTEMPATH/CodeIgniter.php(340): CodeIgniter\CodeIgniter->handleRequest()
 7 FCPATH/index.php(67): CodeIgniter\CodeIgniter->run()
CRITICAL - 2022-09-28 16:13:04 --> Invalid file: pages/assets.php
in SYSTEMPATH/Exceptions/FrameworkException.php on line 33.
 1 SYSTEMPATH/View/View.php(201): CodeIgniter\Exceptions\FrameworkException::forInvalidFile()
 2 SYSTEMPATH/Common.php(1142): CodeIgniter\View\View->render()
 3 APPPATH/Controllers/Pages.php(28): view()
 4 SYSTEMPATH/CodeIgniter.php(907): App\Controllers\Pages->view()
 5 SYSTEMPATH/CodeIgniter.php(457): CodeIgniter\CodeIgniter->runController()
 6 SYSTEMPATH/CodeIgniter.php(340): CodeIgniter\CodeIgniter->handleRequest()
 7 FCPATH/index.php(67): CodeIgniter\CodeIgniter->run()
CRITICAL - 2022-09-28 16:13:04 --> Invalid file: pages/__service-worker.js
in SYSTEMPATH/Exceptions/FrameworkException.php on line 33.
 1 SYSTEMPATH/View/View.php(201): CodeIgniter\Exceptions\FrameworkException::forInvalidFile()
 2 SYSTEMPATH/Common.php(1142): CodeIgniter\View\View->render()
 3 APPPATH/Controllers/Pages.php(28): view()
 4 SYSTEMPATH/CodeIgniter.php(907): App\Controllers\Pages->view()
 5 SYSTEMPATH/CodeIgniter.php(457): CodeIgniter\CodeIgniter->runController()
 6 SYSTEMPATH/CodeIgniter.php(340): CodeIgniter\CodeIgniter->handleRequest()
 7 FCPATH/index.php(67): CodeIgniter\CodeIgniter->run()
CRITICAL - 2022-09-28 16:13:05 --> Invalid file: pages/assets.php
in SYSTEMPATH/Exceptions/FrameworkException.php on line 33.
 1 SYSTEMPATH/View/View.php(201): CodeIgniter\Exceptions\FrameworkException::forInvalidFile()
 2 SYSTEMPATH/Common.php(1142): CodeIgniter\View\View->render()
 3 APPPATH/Controllers/Pages.php(28): view()
 4 SYSTEMPATH/CodeIgniter.php(907): App\Controllers\Pages->view()
 5 SYSTEMPATH/CodeIgniter.php(457): CodeIgniter\CodeIgniter->runController()
 6 SYSTEMPATH/CodeIgniter.php(340): CodeIgniter\CodeIgniter->handleRequest()
 7 FCPATH/index.php(67): CodeIgniter\CodeIgniter->run()
CRITICAL - 2022-09-28 16:13:06 --> Invalid file: pages/assets.php
in SYSTEMPATH/Exceptions/FrameworkException.php on line 33.
 1 SYSTEMPATH/View/View.php(201): CodeIgniter\Exceptions\FrameworkException::forInvalidFile()
 2 SYSTEMPATH/Common.php(1142): CodeIgniter\View\View->render()
 3 APPPATH/Controllers/Pages.php(28): view()
 4 SYSTEMPATH/CodeIgniter.php(907): App\Controllers\Pages->view()
 5 SYSTEMPATH/CodeIgniter.php(457): CodeIgniter\CodeIgniter->runController()
 6 SYSTEMPATH/CodeIgniter.php(340): CodeIgniter\CodeIgniter->handleRequest()
 7 FCPATH/index.php(67): CodeIgniter\CodeIgniter->run()
CRITICAL - 2022-09-28 16:13:06 --> Invalid file: pages/assets.php
in SYSTEMPATH/Exceptions/FrameworkException.php on line 33.
 1 SYSTEMPATH/View/View.php(201): CodeIgniter\Exceptions\FrameworkException::forInvalidFile()
 2 SYSTEMPATH/Common.php(1142): CodeIgniter\View\View->render()
 3 APPPATH/Controllers/Pages.php(28): view()
 4 SYSTEMPATH/CodeIgniter.php(907): App\Controllers\Pages->view()
 5 SYSTEMPATH/CodeIgniter.php(457): CodeIgniter\CodeIgniter->runController()
 6 SYSTEMPATH/CodeIgniter.php(340): CodeIgniter\CodeIgniter->handleRequest()
 7 FCPATH/index.php(67): CodeIgniter\CodeIgniter->run()
CRITICAL - 2022-09-28 16:13:07 --> Invalid file: pages/assets.php
in SYSTEMPATH/Exceptions/FrameworkException.php on line 33.
 1 SYSTEMPATH/View/View.php(201): CodeIgniter\Exceptions\FrameworkException::forInvalidFile()
 2 SYSTEMPATH/Common.php(1142): CodeIgniter\View\View->render()
 3 APPPATH/Controllers/Pages.php(28): view()
 4 SYSTEMPATH/CodeIgniter.php(907): App\Controllers\Pages->view()
 5 SYSTEMPATH/CodeIgniter.php(457): CodeIgniter\CodeIgniter->runController()
 6 SYSTEMPATH/CodeIgniter.php(340): CodeIgniter\CodeIgniter->handleRequest()
 7 FCPATH/index.php(67): CodeIgniter\CodeIgniter->run()
CRITICAL - 2022-09-28 16:13:07 --> Invalid file: pages/assets.php
in SYSTEMPATH/Exceptions/FrameworkException.php on line 33.
 1 SYSTEMPATH/View/View.php(201): CodeIgniter\Exceptions\FrameworkException::forInvalidFile()
 2 SYSTEMPATH/Common.php(1142): CodeIgniter\View\View->render()
 3 APPPATH/Controllers/Pages.php(28): view()
 4 SYSTEMPATH/CodeIgniter.php(907): App\Controllers\Pages->view()
 5 SYSTEMPATH/CodeIgniter.php(457): CodeIgniter\CodeIgniter->runController()
 6 SYSTEMPATH/CodeIgniter.php(340): CodeIgniter\CodeIgniter->handleRequest()
 7 FCPATH/index.php(67): CodeIgniter\CodeIgniter->run()
CRITICAL - 2022-09-28 16:41:19 --> syntax error, unexpected token "public"
in APPPATH/Controllers/Admin.php on line 1860.
 1 SYSTEMPATH/Autoloader/Autoloader.php(259): CodeIgniter\Autoloader\Autoloader->includeFile()
 2 SYSTEMPATH/Autoloader/Autoloader.php(237): CodeIgniter\Autoloader\Autoloader->loadInNamespace()
 3 [internal function]: CodeIgniter\Autoloader\Autoloader->loadClass()
 4 SYSTEMPATH/CodeIgniter.php(857): class_exists()
 5 SYSTEMPATH/CodeIgniter.php(444): CodeIgniter\CodeIgniter->startController()
 6 SYSTEMPATH/CodeIgniter.php(340): CodeIgniter\CodeIgniter->handleRequest()
 7 FCPATH/index.php(67): CodeIgniter\CodeIgniter->run()
CRITICAL - 2022-09-28 16:46:03 --> Invalid file: pages/assets.php
in SYSTEMPATH/Exceptions/FrameworkException.php on line 33.
 1 SYSTEMPATH/View/View.php(201): CodeIgniter\Exceptions\FrameworkException::forInvalidFile()
 2 SYSTEMPATH/Common.php(1142): CodeIgniter\View\View->render()
 3 APPPATH/Controllers/Pages.php(28): view()
 4 SYSTEMPATH/CodeIgniter.php(907): App\Controllers\Pages->view()
 5 SYSTEMPATH/CodeIgniter.php(457): CodeIgniter\CodeIgniter->runController()
 6 SYSTEMPATH/CodeIgniter.php(340): CodeIgniter\CodeIgniter->handleRequest()
 7 FCPATH/index.php(67): CodeIgniter\CodeIgniter->run()
CRITICAL - 2022-09-28 16:46:03 --> Invalid file: pages/assets.php
in SYSTEMPATH/Exceptions/FrameworkException.php on line 33.
 1 SYSTEMPATH/View/View.php(201): CodeIgniter\Exceptions\FrameworkException::forInvalidFile()
 2 SYSTEMPATH/Common.php(1142): CodeIgniter\View\View->render()
 3 APPPATH/Controllers/Pages.php(28): view()
 4 SYSTEMPATH/CodeIgniter.php(907): App\Controllers\Pages->view()
 5 SYSTEMPATH/CodeIgniter.php(457): CodeIgniter\CodeIgniter->runController()
 6 SYSTEMPATH/CodeIgniter.php(340): CodeIgniter\CodeIgniter->handleRequest()
 7 FCPATH/index.php(67): CodeIgniter\CodeIgniter->run()
CRITICAL - 2022-09-28 16:46:04 --> Invalid file: pages/assets.php
in SYSTEMPATH/Exceptions/FrameworkException.php on line 33.
 1 SYSTEMPATH/View/View.php(201): CodeIgniter\Exceptions\FrameworkException::forInvalidFile()
 2 SYSTEMPATH/Common.php(1142): CodeIgniter\View\View->render()
 3 APPPATH/Controllers/Pages.php(28): view()
 4 SYSTEMPATH/CodeIgniter.php(907): App\Controllers\Pages->view()
 5 SYSTEMPATH/CodeIgniter.php(457): CodeIgniter\CodeIgniter->runController()
 6 SYSTEMPATH/CodeIgniter.php(340): CodeIgniter\CodeIgniter->handleRequest()
 7 FCPATH/index.php(67): CodeIgniter\CodeIgniter->run()
CRITICAL - 2022-09-28 16:46:08 --> Invalid file: pages/assets.php
in SYSTEMPATH/Exceptions/FrameworkException.php on line 33.
 1 SYSTEMPATH/View/View.php(201): CodeIgniter\Exceptions\FrameworkException::forInvalidFile()
 2 SYSTEMPATH/Common.php(1142): CodeIgniter\View\View->render()
 3 APPPATH/Controllers/Pages.php(28): view()
 4 SYSTEMPATH/CodeIgniter.php(907): App\Controllers\Pages->view()
 5 SYSTEMPATH/CodeIgniter.php(457): CodeIgniter\CodeIgniter->runController()
 6 SYSTEMPATH/CodeIgniter.php(340): CodeIgniter\CodeIgniter->handleRequest()
 7 FCPATH/index.php(67): CodeIgniter\CodeIgniter->run()
CRITICAL - 2022-09-28 16:46:08 --> Invalid file: pages/assets.php
in SYSTEMPATH/Exceptions/FrameworkException.php on line 33.
 1 SYSTEMPATH/View/View.php(201): CodeIgniter\Exceptions\FrameworkException::forInvalidFile()
 2 SYSTEMPATH/Common.php(1142): CodeIgniter\View\View->render()
 3 APPPATH/Controllers/Pages.php(28): view()
 4 SYSTEMPATH/CodeIgniter.php(907): App\Controllers\Pages->view()
 5 SYSTEMPATH/CodeIgniter.php(457): CodeIgniter\CodeIgniter->runController()
 6 SYSTEMPATH/CodeIgniter.php(340): CodeIgniter\CodeIgniter->handleRequest()
 7 FCPATH/index.php(67): CodeIgniter\CodeIgniter->run()
CRITICAL - 2022-09-28 16:46:30 --> Invalid file: pages/assets.php
in SYSTEMPATH/Exceptions/FrameworkException.php on line 33.
 1 SYSTEMPATH/View/View.php(201): CodeIgniter\Exceptions\FrameworkException::forInvalidFile()
 2 SYSTEMPATH/Common.php(1142): CodeIgniter\View\View->render()
 3 APPPATH/Controllers/Pages.php(28): view()
 4 SYSTEMPATH/CodeIgniter.php(907): App\Controllers\Pages->view()
 5 SYSTEMPATH/CodeIgniter.php(457): CodeIgniter\CodeIgniter->runController()
 6 SYSTEMPATH/CodeIgniter.php(340): CodeIgniter\CodeIgniter->handleRequest()
 7 FCPATH/index.php(67): CodeIgniter\CodeIgniter->run()
CRITICAL - 2022-09-28 16:46:30 --> Invalid file: pages/assets.php
in SYSTEMPATH/Exceptions/FrameworkException.php on line 33.
 1 SYSTEMPATH/View/View.php(201): CodeIgniter\Exceptions\FrameworkException::forInvalidFile()
 2 SYSTEMPATH/Common.php(1142): CodeIgniter\View\View->render()
 3 APPPATH/Controllers/Pages.php(28): view()
 4 SYSTEMPATH/CodeIgniter.php(907): App\Controllers\Pages->view()
 5 SYSTEMPATH/CodeIgniter.php(457): CodeIgniter\CodeIgniter->runController()
 6 SYSTEMPATH/CodeIgniter.php(340): CodeIgniter\CodeIgniter->handleRequest()
 7 FCPATH/index.php(67): CodeIgniter\CodeIgniter->run()
CRITICAL - 2022-09-28 16:48:58 --> Invalid file: pages/assets.php
in SYSTEMPATH/Exceptions/FrameworkException.php on line 33.
 1 SYSTEMPATH/View/View.php(201): CodeIgniter\Exceptions\FrameworkException::forInvalidFile()
 2 SYSTEMPATH/Common.php(1142): CodeIgniter\View\View->render()
 3 APPPATH/Controllers/Pages.php(28): view()
 4 SYSTEMPATH/CodeIgniter.php(907): App\Controllers\Pages->view()
 5 SYSTEMPATH/CodeIgniter.php(457): CodeIgniter\CodeIgniter->runController()
 6 SYSTEMPATH/CodeIgniter.php(340): CodeIgniter\CodeIgniter->handleRequest()
 7 FCPATH/index.php(67): CodeIgniter\CodeIgniter->run()
CRITICAL - 2022-09-28 16:48:58 --> Invalid file: pages/assets.php
in SYSTEMPATH/Exceptions/FrameworkException.php on line 33.
 1 SYSTEMPATH/View/View.php(201): CodeIgniter\Exceptions\FrameworkException::forInvalidFile()
 2 SYSTEMPATH/Common.php(1142): CodeIgniter\View\View->render()
 3 APPPATH/Controllers/Pages.php(28): view()
 4 SYSTEMPATH/CodeIgniter.php(907): App\Controllers\Pages->view()
 5 SYSTEMPATH/CodeIgniter.php(457): CodeIgniter\CodeIgniter->runController()
 6 SYSTEMPATH/CodeIgniter.php(340): CodeIgniter\CodeIgniter->handleRequest()
 7 FCPATH/index.php(67): CodeIgniter\CodeIgniter->run()
CRITICAL - 2022-09-28 16:49:06 --> Invalid file: pages/assets.php
in SYSTEMPATH/Exceptions/FrameworkException.php on line 33.
 1 SYSTEMPATH/View/View.php(201): CodeIgniter\Exceptions\FrameworkException::forInvalidFile()
 2 SYSTEMPATH/Common.php(1142): CodeIgniter\View\View->render()
 3 APPPATH/Controllers/Pages.php(28): view()
 4 SYSTEMPATH/CodeIgniter.php(907): App\Controllers\Pages->view()
 5 SYSTEMPATH/CodeIgniter.php(457): CodeIgniter\CodeIgniter->runController()
 6 SYSTEMPATH/CodeIgniter.php(340): CodeIgniter\CodeIgniter->handleRequest()
 7 FCPATH/index.php(67): CodeIgniter\CodeIgniter->run()
CRITICAL - 2022-09-28 16:49:06 --> Invalid file: pages/assets.php
in SYSTEMPATH/Exceptions/FrameworkException.php on line 33.
 1 SYSTEMPATH/View/View.php(201): CodeIgniter\Exceptions\FrameworkException::forInvalidFile()
 2 SYSTEMPATH/Common.php(1142): CodeIgniter\View\View->render()
 3 APPPATH/Controllers/Pages.php(28): view()
 4 SYSTEMPATH/CodeIgniter.php(907): App\Controllers\Pages->view()
 5 SYSTEMPATH/CodeIgniter.php(457): CodeIgniter\CodeIgniter->runController()
 6 SYSTEMPATH/CodeIgniter.php(340): CodeIgniter\CodeIgniter->handleRequest()
 7 FCPATH/index.php(67): CodeIgniter\CodeIgniter->run()
CRITICAL - 2022-09-28 16:52:30 --> Invalid file: pages/assets.php
in SYSTEMPATH/Exceptions/FrameworkException.php on line 33.
 1 SYSTEMPATH/View/View.php(201): CodeIgniter\Exceptions\FrameworkException::forInvalidFile()
 2 SYSTEMPATH/Common.php(1142): CodeIgniter\View\View->render()
 3 APPPATH/Controllers/Pages.php(28): view()
 4 SYSTEMPATH/CodeIgniter.php(907): App\Controllers\Pages->view()
 5 SYSTEMPATH/CodeIgniter.php(457): CodeIgniter\CodeIgniter->runController()
 6 SYSTEMPATH/CodeIgniter.php(340): CodeIgniter\CodeIgniter->handleRequest()
 7 FCPATH/index.php(67): CodeIgniter\CodeIgniter->run()
CRITICAL - 2022-09-28 16:52:30 --> Invalid file: pages/assets.php
in SYSTEMPATH/Exceptions/FrameworkException.php on line 33.
 1 SYSTEMPATH/View/View.php(201): CodeIgniter\Exceptions\FrameworkException::forInvalidFile()
 2 SYSTEMPATH/Common.php(1142): CodeIgniter\View\View->render()
 3 APPPATH/Controllers/Pages.php(28): view()
 4 SYSTEMPATH/CodeIgniter.php(907): App\Controllers\Pages->view()
 5 SYSTEMPATH/CodeIgniter.php(457): CodeIgniter\CodeIgniter->runController()
 6 SYSTEMPATH/CodeIgniter.php(340): CodeIgniter\CodeIgniter->handleRequest()
 7 FCPATH/index.php(67): CodeIgniter\CodeIgniter->run()
CRITICAL - 2022-09-28 16:53:19 --> Invalid file: pages/assets.php
in SYSTEMPATH/Exceptions/FrameworkException.php on line 33.
 1 SYSTEMPATH/View/View.php(201): CodeIgniter\Exceptions\FrameworkException::forInvalidFile()
 2 SYSTEMPATH/Common.php(1142): CodeIgniter\View\View->render()
 3 APPPATH/Controllers/Pages.php(28): view()
 4 SYSTEMPATH/CodeIgniter.php(907): App\Controllers\Pages->view()
 5 SYSTEMPATH/CodeIgniter.php(457): CodeIgniter\CodeIgniter->runController()
 6 SYSTEMPATH/CodeIgniter.php(340): CodeIgniter\CodeIgniter->handleRequest()
 7 FCPATH/index.php(67): CodeIgniter\CodeIgniter->run()
CRITICAL - 2022-09-28 16:53:19 --> Invalid file: pages/assets.php
in SYSTEMPATH/Exceptions/FrameworkException.php on line 33.
 1 SYSTEMPATH/View/View.php(201): CodeIgniter\Exceptions\FrameworkException::forInvalidFile()
 2 SYSTEMPATH/Common.php(1142): CodeIgniter\View\View->render()
 3 APPPATH/Controllers/Pages.php(28): view()
 4 SYSTEMPATH/CodeIgniter.php(907): App\Controllers\Pages->view()
 5 SYSTEMPATH/CodeIgniter.php(457): CodeIgniter\CodeIgniter->runController()
 6 SYSTEMPATH/CodeIgniter.php(340): CodeIgniter\CodeIgniter->handleRequest()
 7 FCPATH/index.php(67): CodeIgniter\CodeIgniter->run()
CRITICAL - 2022-09-28 16:53:26 --> Invalid file: pages/assets.php
in SYSTEMPATH/Exceptions/FrameworkException.php on line 33.
 1 SYSTEMPATH/View/View.php(201): CodeIgniter\Exceptions\FrameworkException::forInvalidFile()
 2 SYSTEMPATH/Common.php(1142): CodeIgniter\View\View->render()
 3 APPPATH/Controllers/Pages.php(28): view()
 4 SYSTEMPATH/CodeIgniter.php(907): App\Controllers\Pages->view()
 5 SYSTEMPATH/CodeIgniter.php(457): CodeIgniter\CodeIgniter->runController()
 6 SYSTEMPATH/CodeIgniter.php(340): CodeIgniter\CodeIgniter->handleRequest()
 7 FCPATH/index.php(67): CodeIgniter\CodeIgniter->run()
CRITICAL - 2022-09-28 16:53:26 --> Invalid file: pages/assets.php
in SYSTEMPATH/Exceptions/FrameworkException.php on line 33.
 1 SYSTEMPATH/View/View.php(201): CodeIgniter\Exceptions\FrameworkException::forInvalidFile()
 2 SYSTEMPATH/Common.php(1142): CodeIgniter\View\View->render()
 3 APPPATH/Controllers/Pages.php(28): view()
 4 SYSTEMPATH/CodeIgniter.php(907): App\Controllers\Pages->view()
 5 SYSTEMPATH/CodeIgniter.php(457): CodeIgniter\CodeIgniter->runController()
 6 SYSTEMPATH/CodeIgniter.php(340): CodeIgniter\CodeIgniter->handleRequest()
 7 FCPATH/index.php(67): CodeIgniter\CodeIgniter->run()
CRITICAL - 2022-09-28 16:53:42 --> Invalid file: pages/assets.php
in SYSTEMPATH/Exceptions/FrameworkException.php on line 33.
 1 SYSTEMPATH/View/View.php(201): CodeIgniter\Exceptions\FrameworkException::forInvalidFile()
 2 SYSTEMPATH/Common.php(1142): CodeIgniter\View\View->render()
 3 APPPATH/Controllers/Pages.php(28): view()
 4 SYSTEMPATH/CodeIgniter.php(907): App\Controllers\Pages->view()
 5 SYSTEMPATH/CodeIgniter.php(457): CodeIgniter\CodeIgniter->runController()
 6 SYSTEMPATH/CodeIgniter.php(340): CodeIgniter\CodeIgniter->handleRequest()
 7 FCPATH/index.php(67): CodeIgniter\CodeIgniter->run()
CRITICAL - 2022-09-28 16:53:42 --> Invalid file: pages/assets.php
in SYSTEMPATH/Exceptions/FrameworkException.php on line 33.
 1 SYSTEMPATH/View/View.php(201): CodeIgniter\Exceptions\FrameworkException::forInvalidFile()
 2 SYSTEMPATH/Common.php(1142): CodeIgniter\View\View->render()
 3 APPPATH/Controllers/Pages.php(28): view()
 4 SYSTEMPATH/CodeIgniter.php(907): App\Controllers\Pages->view()
 5 SYSTEMPATH/CodeIgniter.php(457): CodeIgniter\CodeIgniter->runController()
 6 SYSTEMPATH/CodeIgniter.php(340): CodeIgniter\CodeIgniter->handleRequest()
 7 FCPATH/index.php(67): CodeIgniter\CodeIgniter->run()
CRITICAL - 2022-09-28 16:53:45 --> Invalid file: pages/assets.php
in SYSTEMPATH/Exceptions/FrameworkException.php on line 33.
 1 SYSTEMPATH/View/View.php(201): CodeIgniter\Exceptions\FrameworkException::forInvalidFile()
 2 SYSTEMPATH/Common.php(1142): CodeIgniter\View\View->render()
 3 APPPATH/Controllers/Pages.php(28): view()
 4 SYSTEMPATH/CodeIgniter.php(907): App\Controllers\Pages->view()
 5 SYSTEMPATH/CodeIgniter.php(457): CodeIgniter\CodeIgniter->runController()
 6 SYSTEMPATH/CodeIgniter.php(340): CodeIgniter\CodeIgniter->handleRequest()
 7 FCPATH/index.php(67): CodeIgniter\CodeIgniter->run()
CRITICAL - 2022-09-28 16:53:45 --> Invalid file: pages/assets.php
in SYSTEMPATH/Exceptions/FrameworkException.php on line 33.
 1 SYSTEMPATH/View/View.php(201): CodeIgniter\Exceptions\FrameworkException::forInvalidFile()
 2 SYSTEMPATH/Common.php(1142): CodeIgniter\View\View->render()
 3 APPPATH/Controllers/Pages.php(28): view()
 4 SYSTEMPATH/CodeIgniter.php(907): App\Controllers\Pages->view()
 5 SYSTEMPATH/CodeIgniter.php(457): CodeIgniter\CodeIgniter->runController()
 6 SYSTEMPATH/CodeIgniter.php(340): CodeIgniter\CodeIgniter->handleRequest()
 7 FCPATH/index.php(67): CodeIgniter\CodeIgniter->run()
CRITICAL - 2022-09-28 16:53:49 --> Invalid file: pages/assets.php
in SYSTEMPATH/Exceptions/FrameworkException.php on line 33.
 1 SYSTEMPATH/View/View.php(201): CodeIgniter\Exceptions\FrameworkException::forInvalidFile()
 2 SYSTEMPATH/Common.php(1142): CodeIgniter\View\View->render()
 3 APPPATH/Controllers/Pages.php(28): view()
 4 SYSTEMPATH/CodeIgniter.php(907): App\Controllers\Pages->view()
 5 SYSTEMPATH/CodeIgniter.php(457): CodeIgniter\CodeIgniter->runController()
 6 SYSTEMPATH/CodeIgniter.php(340): CodeIgniter\CodeIgniter->handleRequest()
 7 FCPATH/index.php(67): CodeIgniter\CodeIgniter->run()
CRITICAL - 2022-09-28 16:53:49 --> Invalid file: pages/assets.php
in SYSTEMPATH/Exceptions/FrameworkException.php on line 33.
 1 SYSTEMPATH/View/View.php(201): CodeIgniter\Exceptions\FrameworkException::forInvalidFile()
 2 SYSTEMPATH/Common.php(1142): CodeIgniter\View\View->render()
 3 APPPATH/Controllers/Pages.php(28): view()
 4 SYSTEMPATH/CodeIgniter.php(907): App\Controllers\Pages->view()
 5 SYSTEMPATH/CodeIgniter.php(457): CodeIgniter\CodeIgniter->runController()
 6 SYSTEMPATH/CodeIgniter.php(340): CodeIgniter\CodeIgniter->handleRequest()
 7 FCPATH/index.php(67): CodeIgniter\CodeIgniter->run()
CRITICAL - 2022-09-28 17:49:33 --> Invalid file: pages/wp-login.php
in SYSTEMPATH/Exceptions/FrameworkException.php on line 33.
 1 SYSTEMPATH/View/View.php(201): CodeIgniter\Exceptions\FrameworkException::forInvalidFile()
 2 SYSTEMPATH/Common.php(1142): CodeIgniter\View\View->render()
 3 APPPATH/Controllers/Pages.php(28): view()
 4 SYSTEMPATH/CodeIgniter.php(907): App\Controllers\Pages->view()
 5 SYSTEMPATH/CodeIgniter.php(457): CodeIgniter\CodeIgniter->runController()
 6 SYSTEMPATH/CodeIgniter.php(340): CodeIgniter\CodeIgniter->handleRequest()
 7 FCPATH/index.php(67): CodeIgniter\CodeIgniter->run()
CRITICAL - 2022-09-28 17:50:51 --> Invalid file: pages/assets.php
in SYSTEMPATH/Exceptions/FrameworkException.php on line 33.
 1 SYSTEMPATH/View/View.php(201): CodeIgniter\Exceptions\FrameworkException::forInvalidFile()
 2 SYSTEMPATH/Common.php(1142): CodeIgniter\View\View->render()
 3 APPPATH/Controllers/Pages.php(28): view()
 4 SYSTEMPATH/CodeIgniter.php(907): App\Controllers\Pages->view()
 5 SYSTEMPATH/CodeIgniter.php(457): CodeIgniter\CodeIgniter->runController()
 6 SYSTEMPATH/CodeIgniter.php(340): CodeIgniter\CodeIgniter->handleRequest()
 7 FCPATH/index.php(67): CodeIgniter\CodeIgniter->run()
CRITICAL - 2022-09-28 17:50:51 --> Invalid file: pages/__service-worker.js
in SYSTEMPATH/Exceptions/FrameworkException.php on line 33.
 1 SYSTEMPATH/View/View.php(201): CodeIgniter\Exceptions\FrameworkException::forInvalidFile()
 2 SYSTEMPATH/Common.php(1142): CodeIgniter\View\View->render()
 3 APPPATH/Controllers/Pages.php(28): view()
 4 SYSTEMPATH/CodeIgniter.php(907): App\Controllers\Pages->view()
 5 SYSTEMPATH/CodeIgniter.php(457): CodeIgniter\CodeIgniter->runController()
 6 SYSTEMPATH/CodeIgniter.php(340): CodeIgniter\CodeIgniter->handleRequest()
 7 FCPATH/index.php(67): CodeIgniter\CodeIgniter->run()
CRITICAL - 2022-09-28 17:50:51 --> Invalid file: pages/assets.php
in SYSTEMPATH/Exceptions/FrameworkException.php on line 33.
 1 SYSTEMPATH/View/View.php(201): CodeIgniter\Exceptions\FrameworkException::forInvalidFile()
 2 SYSTEMPATH/Common.php(1142): CodeIgniter\View\View->render()
 3 APPPATH/Controllers/Pages.php(28): view()
 4 SYSTEMPATH/CodeIgniter.php(907): App\Controllers\Pages->view()
 5 SYSTEMPATH/CodeIgniter.php(457): CodeIgniter\CodeIgniter->runController()
 6 SYSTEMPATH/CodeIgniter.php(340): CodeIgniter\CodeIgniter->handleRequest()
 7 FCPATH/index.php(67): CodeIgniter\CodeIgniter->run()
CRITICAL - 2022-09-28 17:50:52 --> Invalid file: pages/assets.php
in SYSTEMPATH/Exceptions/FrameworkException.php on line 33.
 1 SYSTEMPATH/View/View.php(201): CodeIgniter\Exceptions\FrameworkException::forInvalidFile()
 2 SYSTEMPATH/Common.php(1142): CodeIgniter\View\View->render()
 3 APPPATH/Controllers/Pages.php(28): view()
 4 SYSTEMPATH/CodeIgniter.php(907): App\Controllers\Pages->view()
 5 SYSTEMPATH/CodeIgniter.php(457): CodeIgniter\CodeIgniter->runController()
 6 SYSTEMPATH/CodeIgniter.php(340): CodeIgniter\CodeIgniter->handleRequest()
 7 FCPATH/index.php(67): CodeIgniter\CodeIgniter->run()
CRITICAL - 2022-09-28 17:50:52 --> Invalid file: pages/assets.php
in SYSTEMPATH/Exceptions/FrameworkException.php on line 33.
 1 SYSTEMPATH/View/View.php(201): CodeIgniter\Exceptions\FrameworkException::forInvalidFile()
 2 SYSTEMPATH/Common.php(1142): CodeIgniter\View\View->render()
 3 APPPATH/Controllers/Pages.php(28): view()
 4 SYSTEMPATH/CodeIgniter.php(907): App\Controllers\Pages->view()
 5 SYSTEMPATH/CodeIgniter.php(457): CodeIgniter\CodeIgniter->runController()
 6 SYSTEMPATH/CodeIgniter.php(340): CodeIgniter\CodeIgniter->handleRequest()
 7 FCPATH/index.php(67): CodeIgniter\CodeIgniter->run()
CRITICAL - 2022-09-28 17:50:53 --> Invalid file: pages/assets.php
in SYSTEMPATH/Exceptions/FrameworkException.php on line 33.
 1 SYSTEMPATH/View/View.php(201): CodeIgniter\Exceptions\FrameworkException::forInvalidFile()
 2 SYSTEMPATH/Common.php(1142): CodeIgniter\View\View->render()
 3 APPPATH/Controllers/Pages.php(28): view()
 4 SYSTEMPATH/CodeIgniter.php(907): App\Controllers\Pages->view()
 5 SYSTEMPATH/CodeIgniter.php(457): CodeIgniter\CodeIgniter->runController()
 6 SYSTEMPATH/CodeIgniter.php(340): CodeIgniter\CodeIgniter->handleRequest()
 7 FCPATH/index.php(67): CodeIgniter\CodeIgniter->run()
CRITICAL - 2022-09-28 17:50:53 --> Invalid file: pages/assets.php
in SYSTEMPATH/Exceptions/FrameworkException.php on line 33.
 1 SYSTEMPATH/View/View.php(201): CodeIgniter\Exceptions\FrameworkException::forInvalidFile()
 2 SYSTEMPATH/Common.php(1142): CodeIgniter\View\View->render()
 3 APPPATH/Controllers/Pages.php(28): view()
 4 SYSTEMPATH/CodeIgniter.php(907): App\Controllers\Pages->view()
 5 SYSTEMPATH/CodeIgniter.php(457): CodeIgniter\CodeIgniter->runController()
 6 SYSTEMPATH/CodeIgniter.php(340): CodeIgniter\CodeIgniter->handleRequest()
 7 FCPATH/index.php(67): CodeIgniter\CodeIgniter->run()
CRITICAL - 2022-09-28 17:54:01 --> Invalid file: pages/assets.php
in SYSTEMPATH/Exceptions/FrameworkException.php on line 33.
 1 SYSTEMPATH/View/View.php(201): CodeIgniter\Exceptions\FrameworkException::forInvalidFile()
 2 SYSTEMPATH/Common.php(1142): CodeIgniter\View\View->render()
 3 APPPATH/Controllers/Pages.php(28): view()
 4 SYSTEMPATH/CodeIgniter.php(907): App\Controllers\Pages->view()
 5 SYSTEMPATH/CodeIgniter.php(457): CodeIgniter\CodeIgniter->runController()
 6 SYSTEMPATH/CodeIgniter.php(340): CodeIgniter\CodeIgniter->handleRequest()
 7 FCPATH/index.php(67): CodeIgniter\CodeIgniter->run()
CRITICAL - 2022-09-28 17:54:01 --> Invalid file: pages/assets.php
in SYSTEMPATH/Exceptions/FrameworkException.php on line 33.
 1 SYSTEMPATH/View/View.php(201): CodeIgniter\Exceptions\FrameworkException::forInvalidFile()
 2 SYSTEMPATH/Common.php(1142): CodeIgniter\View\View->render()
 3 APPPATH/Controllers/Pages.php(28): view()
 4 SYSTEMPATH/CodeIgniter.php(907): App\Controllers\Pages->view()
 5 SYSTEMPATH/CodeIgniter.php(457): CodeIgniter\CodeIgniter->runController()
 6 SYSTEMPATH/CodeIgniter.php(340): CodeIgniter\CodeIgniter->handleRequest()
 7 FCPATH/index.php(67): CodeIgniter\CodeIgniter->run()
CRITICAL - 2022-09-28 17:54:04 --> Call to undefined function App\Controllers\nfile_get_contents()
in APPPATH/Controllers/Admin.php on line 1874.
 1 SYSTEMPATH/CodeIgniter.php(907): App\Controllers\Admin->manage()
 2 SYSTEMPATH/CodeIgniter.php(457): CodeIgniter\CodeIgniter->runController()
 3 SYSTEMPATH/CodeIgniter.php(340): CodeIgniter\CodeIgniter->handleRequest()
 4 FCPATH/index.php(67): CodeIgniter\CodeIgniter->run()
CRITICAL - 2022-09-28 17:54:32 --> Undefined variable $page_id
in APPPATH/Views/admin/settings.php on line 16.
 1 APPPATH/Views/admin/settings.php(16): CodeIgniter\Debug\Exceptions->errorHandler()
 2 SYSTEMPATH/View/View.php(213): include('APPPATH/Views/admin/settings.php')
 3 SYSTEMPATH/View/View.php(216): CodeIgniter\View\View->CodeIgniter\View\{closure}()
 4 SYSTEMPATH/Common.php(1142): CodeIgniter\View\View->render()
 5 APPPATH/Controllers/Admin.php(1897): view()
 6 SYSTEMPATH/CodeIgniter.php(907): App\Controllers\Admin->manage()
 7 SYSTEMPATH/CodeIgniter.php(457): CodeIgniter\CodeIgniter->runController()
 8 SYSTEMPATH/CodeIgniter.php(340): CodeIgniter\CodeIgniter->handleRequest()
 9 FCPATH/index.php(67): CodeIgniter\CodeIgniter->run()
CRITICAL - 2022-09-28 17:54:51 --> Invalid file: pages/assets.php
in SYSTEMPATH/Exceptions/FrameworkException.php on line 33.
 1 SYSTEMPATH/View/View.php(201): CodeIgniter\Exceptions\FrameworkException::forInvalidFile()
 2 SYSTEMPATH/Common.php(1142): CodeIgniter\View\View->render()
 3 APPPATH/Controllers/Pages.php(28): view()
 4 SYSTEMPATH/CodeIgniter.php(907): App\Controllers\Pages->view()
 5 SYSTEMPATH/CodeIgniter.php(457): CodeIgniter\CodeIgniter->runController()
 6 SYSTEMPATH/CodeIgniter.php(340): CodeIgniter\CodeIgniter->handleRequest()
 7 FCPATH/index.php(67): CodeIgniter\CodeIgniter->run()
CRITICAL - 2022-09-28 17:54:51 --> Invalid file: pages/assets.php
in SYSTEMPATH/Exceptions/FrameworkException.php on line 33.
 1 SYSTEMPATH/View/View.php(201): CodeIgniter\Exceptions\FrameworkException::forInvalidFile()
 2 SYSTEMPATH/Common.php(1142): CodeIgniter\View\View->render()
 3 APPPATH/Controllers/Pages.php(28): view()
 4 SYSTEMPATH/CodeIgniter.php(907): App\Controllers\Pages->view()
 5 SYSTEMPATH/CodeIgniter.php(457): CodeIgniter\CodeIgniter->runController()
 6 SYSTEMPATH/CodeIgniter.php(340): CodeIgniter\CodeIgniter->handleRequest()
 7 FCPATH/index.php(67): CodeIgniter\CodeIgniter->run()
CRITICAL - 2022-09-28 17:55:35 --> Invalid file: pages/assets.php
in SYSTEMPATH/Exceptions/FrameworkException.php on line 33.
 1 SYSTEMPATH/View/View.php(201): CodeIgniter\Exceptions\FrameworkException::forInvalidFile()
 2 SYSTEMPATH/Common.php(1142): CodeIgniter\View\View->render()
 3 APPPATH/Controllers/Pages.php(28): view()
 4 SYSTEMPATH/CodeIgniter.php(907): App\Controllers\Pages->view()
 5 SYSTEMPATH/CodeIgniter.php(457): CodeIgniter\CodeIgniter->runController()
 6 SYSTEMPATH/CodeIgniter.php(340): CodeIgniter\CodeIgniter->handleRequest()
 7 FCPATH/index.php(67): CodeIgniter\CodeIgniter->run()
CRITICAL - 2022-09-28 17:55:35 --> Invalid file: pages/assets.php
in SYSTEMPATH/Exceptions/FrameworkException.php on line 33.
 1 SYSTEMPATH/View/View.php(201): CodeIgniter\Exceptions\FrameworkException::forInvalidFile()
 2 SYSTEMPATH/Common.php(1142): CodeIgniter\View\View->render()
 3 APPPATH/Controllers/Pages.php(28): view()
 4 SYSTEMPATH/CodeIgniter.php(907): App\Controllers\Pages->view()
 5 SYSTEMPATH/CodeIgniter.php(457): CodeIgniter\CodeIgniter->runController()
 6 SYSTEMPATH/CodeIgniter.php(340): CodeIgniter\CodeIgniter->handleRequest()
 7 FCPATH/index.php(67): CodeIgniter\CodeIgniter->run()
CRITICAL - 2022-09-28 17:55:40 --> Invalid file: pages/assets.php
in SYSTEMPATH/Exceptions/FrameworkException.php on line 33.
 1 SYSTEMPATH/View/View.php(201): CodeIgniter\Exceptions\FrameworkException::forInvalidFile()
 2 SYSTEMPATH/Common.php(1142): CodeIgniter\View\View->render()
 3 APPPATH/Controllers/Pages.php(28): view()
 4 SYSTEMPATH/CodeIgniter.php(907): App\Controllers\Pages->view()
 5 SYSTEMPATH/CodeIgniter.php(457): CodeIgniter\CodeIgniter->runController()
 6 SYSTEMPATH/CodeIgniter.php(340): CodeIgniter\CodeIgniter->handleRequest()
 7 FCPATH/index.php(67): CodeIgniter\CodeIgniter->run()
CRITICAL - 2022-09-28 17:55:40 --> Invalid file: pages/assets.php
in SYSTEMPATH/Exceptions/FrameworkException.php on line 33.
 1 SYSTEMPATH/View/View.php(201): CodeIgniter\Exceptions\FrameworkException::forInvalidFile()
 2 SYSTEMPATH/Common.php(1142): CodeIgniter\View\View->render()
 3 APPPATH/Controllers/Pages.php(28): view()
 4 SYSTEMPATH/CodeIgniter.php(907): App\Controllers\Pages->view()
 5 SYSTEMPATH/CodeIgniter.php(457): CodeIgniter\CodeIgniter->runController()
 6 SYSTEMPATH/CodeIgniter.php(340): CodeIgniter\CodeIgniter->handleRequest()
 7 FCPATH/index.php(67): CodeIgniter\CodeIgniter->run()
CRITICAL - 2022-09-28 17:55:52 --> Invalid file: pages/assets.php
in SYSTEMPATH/Exceptions/FrameworkException.php on line 33.
 1 SYSTEMPATH/View/View.php(201): CodeIgniter\Exceptions\FrameworkException::forInvalidFile()
 2 SYSTEMPATH/Common.php(1142): CodeIgniter\View\View->render()
 3 APPPATH/Controllers/Pages.php(28): view()
 4 SYSTEMPATH/CodeIgniter.php(907): App\Controllers\Pages->view()
 5 SYSTEMPATH/CodeIgniter.php(457): CodeIgniter\CodeIgniter->runController()
 6 SYSTEMPATH/CodeIgniter.php(340): CodeIgniter\CodeIgniter->handleRequest()
 7 FCPATH/index.php(67): CodeIgniter\CodeIgniter->run()
CRITICAL - 2022-09-28 17:55:52 --> Invalid file: pages/assets.php
in SYSTEMPATH/Exceptions/FrameworkException.php on line 33.
 1 SYSTEMPATH/View/View.php(201): CodeIgniter\Exceptions\FrameworkException::forInvalidFile()
 2 SYSTEMPATH/Common.php(1142): CodeIgniter\View\View->render()
 3 APPPATH/Controllers/Pages.php(28): view()
 4 SYSTEMPATH/CodeIgniter.php(907): App\Controllers\Pages->view()
 5 SYSTEMPATH/CodeIgniter.php(457): CodeIgniter\CodeIgniter->runController()
 6 SYSTEMPATH/CodeIgniter.php(340): CodeIgniter\CodeIgniter->handleRequest()
 7 FCPATH/index.php(67): CodeIgniter\CodeIgniter->run()
CRITICAL - 2022-09-28 17:55:55 --> Invalid file: pages/assets.php
in SYSTEMPATH/Exceptions/FrameworkException.php on line 33.
 1 SYSTEMPATH/View/View.php(201): CodeIgniter\Exceptions\FrameworkException::forInvalidFile()
 2 SYSTEMPATH/Common.php(1142): CodeIgniter\View\View->render()
 3 APPPATH/Controllers/Pages.php(28): view()
 4 SYSTEMPATH/CodeIgniter.php(907): App\Controllers\Pages->view()
 5 SYSTEMPATH/CodeIgniter.php(457): CodeIgniter\CodeIgniter->runController()
 6 SYSTEMPATH/CodeIgniter.php(340): CodeIgniter\CodeIgniter->handleRequest()
 7 FCPATH/index.php(67): CodeIgniter\CodeIgniter->run()
CRITICAL - 2022-09-28 17:55:55 --> Invalid file: pages/assets.php
in SYSTEMPATH/Exceptions/FrameworkException.php on line 33.
 1 SYSTEMPATH/View/View.php(201): CodeIgniter\Exceptions\FrameworkException::forInvalidFile()
 2 SYSTEMPATH/Common.php(1142): CodeIgniter\View\View->render()
 3 APPPATH/Controllers/Pages.php(28): view()
 4 SYSTEMPATH/CodeIgniter.php(907): App\Controllers\Pages->view()
 5 SYSTEMPATH/CodeIgniter.php(457): CodeIgniter\CodeIgniter->runController()
 6 SYSTEMPATH/CodeIgniter.php(340): CodeIgniter\CodeIgniter->handleRequest()
 7 FCPATH/index.php(67): CodeIgniter\CodeIgniter->run()
CRITICAL - 2022-09-28 17:56:14 --> Invalid file: pages/assets.php
in SYSTEMPATH/Exceptions/FrameworkException.php on line 33.
 1 SYSTEMPATH/View/View.php(201): CodeIgniter\Exceptions\FrameworkException::forInvalidFile()
 2 SYSTEMPATH/Common.php(1142): CodeIgniter\View\View->render()
 3 APPPATH/Controllers/Pages.php(28): view()
 4 SYSTEMPATH/CodeIgniter.php(907): App\Controllers\Pages->view()
 5 SYSTEMPATH/CodeIgniter.php(457): CodeIgniter\CodeIgniter->runController()
 6 SYSTEMPATH/CodeIgniter.php(340): CodeIgniter\CodeIgniter->handleRequest()
 7 FCPATH/index.php(67): CodeIgniter\CodeIgniter->run()
CRITICAL - 2022-09-28 17:56:14 --> Invalid file: pages/assets.php
in SYSTEMPATH/Exceptions/FrameworkException.php on line 33.
 1 SYSTEMPATH/View/View.php(201): CodeIgniter\Exceptions\FrameworkException::forInvalidFile()
 2 SYSTEMPATH/Common.php(1142): CodeIgniter\View\View->render()
 3 APPPATH/Controllers/Pages.php(28): view()
 4 SYSTEMPATH/CodeIgniter.php(907): App\Controllers\Pages->view()
 5 SYSTEMPATH/CodeIgniter.php(457): CodeIgniter\CodeIgniter->runController()
 6 SYSTEMPATH/CodeIgniter.php(340): CodeIgniter\CodeIgniter->handleRequest()
 7 FCPATH/index.php(67): CodeIgniter\CodeIgniter->run()
CRITICAL - 2022-09-28 17:56:19 --> Invalid file: pages/assets.php
in SYSTEMPATH/Exceptions/FrameworkException.php on line 33.
 1 SYSTEMPATH/View/View.php(201): CodeIgniter\Exceptions\FrameworkException::forInvalidFile()
 2 SYSTEMPATH/Common.php(1142): CodeIgniter\View\View->render()
 3 APPPATH/Controllers/Pages.php(28): view()
 4 SYSTEMPATH/CodeIgniter.php(907): App\Controllers\Pages->view()
 5 SYSTEMPATH/CodeIgniter.php(457): CodeIgniter\CodeIgniter->runController()
 6 SYSTEMPATH/CodeIgniter.php(340): CodeIgniter\CodeIgniter->handleRequest()
 7 FCPATH/index.php(67): CodeIgniter\CodeIgniter->run()
CRITICAL - 2022-09-28 17:56:19 --> Invalid file: pages/assets.php
in SYSTEMPATH/Exceptions/FrameworkException.php on line 33.
 1 SYSTEMPATH/View/View.php(201): CodeIgniter\Exceptions\FrameworkException::forInvalidFile()
 2 SYSTEMPATH/Common.php(1142): CodeIgniter\View\View->render()
 3 APPPATH/Controllers/Pages.php(28): view()
 4 SYSTEMPATH/CodeIgniter.php(907): App\Controllers\Pages->view()
 5 SYSTEMPATH/CodeIgniter.php(457): CodeIgniter\CodeIgniter->runController()
 6 SYSTEMPATH/CodeIgniter.php(340): CodeIgniter\CodeIgniter->handleRequest()
 7 FCPATH/index.php(67): CodeIgniter\CodeIgniter->run()
CRITICAL - 2022-09-28 17:56:42 --> Invalid file: pages/assets.php
in SYSTEMPATH/Exceptions/FrameworkException.php on line 33.
 1 SYSTEMPATH/View/View.php(201): CodeIgniter\Exceptions\FrameworkException::forInvalidFile()
 2 SYSTEMPATH/Common.php(1142): CodeIgniter\View\View->render()
 3 APPPATH/Controllers/Pages.php(28): view()
 4 SYSTEMPATH/CodeIgniter.php(907): App\Controllers\Pages->view()
 5 SYSTEMPATH/CodeIgniter.php(457): CodeIgniter\CodeIgniter->runController()
 6 SYSTEMPATH/CodeIgniter.php(340): CodeIgniter\CodeIgniter->handleRequest()
 7 FCPATH/index.php(67): CodeIgniter\CodeIgniter->run()
CRITICAL - 2022-09-28 17:56:42 --> Invalid file: pages/assets.php
in SYSTEMPATH/Exceptions/FrameworkException.php on line 33.
 1 SYSTEMPATH/View/View.php(201): CodeIgniter\Exceptions\FrameworkException::forInvalidFile()
 2 SYSTEMPATH/Common.php(1142): CodeIgniter\View\View->render()
 3 APPPATH/Controllers/Pages.php(28): view()
 4 SYSTEMPATH/CodeIgniter.php(907): App\Controllers\Pages->view()
 5 SYSTEMPATH/CodeIgniter.php(457): CodeIgniter\CodeIgniter->runController()
 6 SYSTEMPATH/CodeIgniter.php(340): CodeIgniter\CodeIgniter->handleRequest()
 7 FCPATH/index.php(67): CodeIgniter\CodeIgniter->run()
CRITICAL - 2022-09-28 17:58:09 --> Undefined array key "amount"
in APPPATH/Views/admin/manage.php on line 627.
 1 APPPATH/Views/admin/manage.php(627): CodeIgniter\Debug\Exceptions->errorHandler()
 2 SYSTEMPATH/View/View.php(213): include('APPPATH/Views/admin/manage.php')
 3 SYSTEMPATH/View/View.php(216): CodeIgniter\View\View->CodeIgniter\View\{closure}()
 4 SYSTEMPATH/Common.php(1142): CodeIgniter\View\View->render()
 5 APPPATH/Controllers/Admin.php(1897): view()
 6 SYSTEMPATH/CodeIgniter.php(907): App\Controllers\Admin->manage()
 7 SYSTEMPATH/CodeIgniter.php(457): CodeIgniter\CodeIgniter->runController()
 8 SYSTEMPATH/CodeIgniter.php(340): CodeIgniter\CodeIgniter->handleRequest()
 9 FCPATH/index.php(67): CodeIgniter\CodeIgniter->run()
CRITICAL - 2022-09-28 17:58:55 --> Invalid file: pages/assets.php
in SYSTEMPATH/Exceptions/FrameworkException.php on line 33.
 1 SYSTEMPATH/View/View.php(201): CodeIgniter\Exceptions\FrameworkException::forInvalidFile()
 2 SYSTEMPATH/Common.php(1142): CodeIgniter\View\View->render()
 3 APPPATH/Controllers/Pages.php(28): view()
 4 SYSTEMPATH/CodeIgniter.php(907): App\Controllers\Pages->view()
 5 SYSTEMPATH/CodeIgniter.php(457): CodeIgniter\CodeIgniter->runController()
 6 SYSTEMPATH/CodeIgniter.php(340): CodeIgniter\CodeIgniter->handleRequest()
 7 FCPATH/index.php(67): CodeIgniter\CodeIgniter->run()
CRITICAL - 2022-09-28 17:58:55 --> Invalid file: pages/assets.php
in SYSTEMPATH/Exceptions/FrameworkException.php on line 33.
 1 SYSTEMPATH/View/View.php(201): CodeIgniter\Exceptions\FrameworkException::forInvalidFile()
 2 SYSTEMPATH/Common.php(1142): CodeIgniter\View\View->render()
 3 APPPATH/Controllers/Pages.php(28): view()
 4 SYSTEMPATH/CodeIgniter.php(907): App\Controllers\Pages->view()
 5 SYSTEMPATH/CodeIgniter.php(457): CodeIgniter\CodeIgniter->runController()
 6 SYSTEMPATH/CodeIgniter.php(340): CodeIgniter\CodeIgniter->handleRequest()
 7 FCPATH/index.php(67): CodeIgniter\CodeIgniter->run()
CRITICAL - 2022-09-28 18:11:34 --> Invalid file: pages/assets.php
in SYSTEMPATH/Exceptions/FrameworkException.php on line 33.
 1 SYSTEMPATH/View/View.php(201): CodeIgniter\Exceptions\FrameworkException::forInvalidFile()
 2 SYSTEMPATH/Common.php(1142): CodeIgniter\View\View->render()
 3 APPPATH/Controllers/Pages.php(28): view()
 4 SYSTEMPATH/CodeIgniter.php(907): App\Controllers\Pages->view()
 5 SYSTEMPATH/CodeIgniter.php(457): CodeIgniter\CodeIgniter->runController()
 6 SYSTEMPATH/CodeIgniter.php(340): CodeIgniter\CodeIgniter->handleRequest()
 7 FCPATH/index.php(67): CodeIgniter\CodeIgniter->run()
CRITICAL - 2022-09-28 18:11:34 --> Invalid file: pages/assets.php
in SYSTEMPATH/Exceptions/FrameworkException.php on line 33.
 1 SYSTEMPATH/View/View.php(201): CodeIgniter\Exceptions\FrameworkException::forInvalidFile()
 2 SYSTEMPATH/Common.php(1142): CodeIgniter\View\View->render()
 3 APPPATH/Controllers/Pages.php(28): view()
 4 SYSTEMPATH/CodeIgniter.php(907): App\Controllers\Pages->view()
 5 SYSTEMPATH/CodeIgniter.php(457): CodeIgniter\CodeIgniter->runController()
 6 SYSTEMPATH/CodeIgniter.php(340): CodeIgniter\CodeIgniter->handleRequest()
 7 FCPATH/index.php(67): CodeIgniter\CodeIgniter->run()
CRITICAL - 2022-09-28 18:11:51 --> Invalid file: pages/assets.php
in SYSTEMPATH/Exceptions/FrameworkException.php on line 33.
 1 SYSTEMPATH/View/View.php(201): CodeIgniter\Exceptions\FrameworkException::forInvalidFile()
 2 SYSTEMPATH/Common.php(1142): CodeIgniter\View\View->render()
 3 APPPATH/Controllers/Pages.php(28): view()
 4 SYSTEMPATH/CodeIgniter.php(907): App\Controllers\Pages->view()
 5 SYSTEMPATH/CodeIgniter.php(457): CodeIgniter\CodeIgniter->runController()
 6 SYSTEMPATH/CodeIgniter.php(340): CodeIgniter\CodeIgniter->handleRequest()
 7 FCPATH/index.php(67): CodeIgniter\CodeIgniter->run()
CRITICAL - 2022-09-28 18:11:51 --> Invalid file: pages/assets.php
in SYSTEMPATH/Exceptions/FrameworkException.php on line 33.
 1 SYSTEMPATH/View/View.php(201): CodeIgniter\Exceptions\FrameworkException::forInvalidFile()
 2 SYSTEMPATH/Common.php(1142): CodeIgniter\View\View->render()
 3 APPPATH/Controllers/Pages.php(28): view()
 4 SYSTEMPATH/CodeIgniter.php(907): App\Controllers\Pages->view()
 5 SYSTEMPATH/CodeIgniter.php(457): CodeIgniter\CodeIgniter->runController()
 6 SYSTEMPATH/CodeIgniter.php(340): CodeIgniter\CodeIgniter->handleRequest()
 7 FCPATH/index.php(67): CodeIgniter\CodeIgniter->run()
CRITICAL - 2022-09-28 18:12:07 --> Invalid file: pages/assets.php
in SYSTEMPATH/Exceptions/FrameworkException.php on line 33.
 1 SYSTEMPATH/View/View.php(201): CodeIgniter\Exceptions\FrameworkException::forInvalidFile()
 2 SYSTEMPATH/Common.php(1142): CodeIgniter\View\View->render()
 3 APPPATH/Controllers/Pages.php(28): view()
 4 SYSTEMPATH/CodeIgniter.php(907): App\Controllers\Pages->view()
 5 SYSTEMPATH/CodeIgniter.php(457): CodeIgniter\CodeIgniter->runController()
 6 SYSTEMPATH/CodeIgniter.php(340): CodeIgniter\CodeIgniter->handleRequest()
 7 FCPATH/index.php(67): CodeIgniter\CodeIgniter->run()
CRITICAL - 2022-09-28 18:12:07 --> Invalid file: pages/assets.php
in SYSTEMPATH/Exceptions/FrameworkException.php on line 33.
 1 SYSTEMPATH/View/View.php(201): CodeIgniter\Exceptions\FrameworkException::forInvalidFile()
 2 SYSTEMPATH/Common.php(1142): CodeIgniter\View\View->render()
 3 APPPATH/Controllers/Pages.php(28): view()
 4 SYSTEMPATH/CodeIgniter.php(907): App\Controllers\Pages->view()
 5 SYSTEMPATH/CodeIgniter.php(457): CodeIgniter\CodeIgniter->runController()
 6 SYSTEMPATH/CodeIgniter.php(340): CodeIgniter\CodeIgniter->handleRequest()
 7 FCPATH/index.php(67): CodeIgniter\CodeIgniter->run()
CRITICAL - 2022-09-28 18:12:15 --> Invalid file: pages/assets.php
in SYSTEMPATH/Exceptions/FrameworkException.php on line 33.
 1 SYSTEMPATH/View/View.php(201): CodeIgniter\Exceptions\FrameworkException::forInvalidFile()
 2 SYSTEMPATH/Common.php(1142): CodeIgniter\View\View->render()
 3 APPPATH/Controllers/Pages.php(28): view()
 4 SYSTEMPATH/CodeIgniter.php(907): App\Controllers\Pages->view()
 5 SYSTEMPATH/CodeIgniter.php(457): CodeIgniter\CodeIgniter->runController()
 6 SYSTEMPATH/CodeIgniter.php(340): CodeIgniter\CodeIgniter->handleRequest()
 7 FCPATH/index.php(67): CodeIgniter\CodeIgniter->run()
CRITICAL - 2022-09-28 18:12:15 --> Invalid file: pages/assets.php
in SYSTEMPATH/Exceptions/FrameworkException.php on line 33.
 1 SYSTEMPATH/View/View.php(201): CodeIgniter\Exceptions\FrameworkException::forInvalidFile()
 2 SYSTEMPATH/Common.php(1142): CodeIgniter\View\View->render()
 3 APPPATH/Controllers/Pages.php(28): view()
 4 SYSTEMPATH/CodeIgniter.php(907): App\Controllers\Pages->view()
 5 SYSTEMPATH/CodeIgniter.php(457): CodeIgniter\CodeIgniter->runController()
 6 SYSTEMPATH/CodeIgniter.php(340): CodeIgniter\CodeIgniter->handleRequest()
 7 FCPATH/index.php(67): CodeIgniter\CodeIgniter->run()
CRITICAL - 2022-09-28 18:12:38 --> Invalid file: pages/assets.php
in SYSTEMPATH/Exceptions/FrameworkException.php on line 33.
 1 SYSTEMPATH/View/View.php(201): CodeIgniter\Exceptions\FrameworkException::forInvalidFile()
 2 SYSTEMPATH/Common.php(1142): CodeIgniter\View\View->render()
 3 APPPATH/Controllers/Pages.php(28): view()
 4 SYSTEMPATH/CodeIgniter.php(907): App\Controllers\Pages->view()
 5 SYSTEMPATH/CodeIgniter.php(457): CodeIgniter\CodeIgniter->runController()
 6 SYSTEMPATH/CodeIgniter.php(340): CodeIgniter\CodeIgniter->handleRequest()
 7 FCPATH/index.php(67): CodeIgniter\CodeIgniter->run()
CRITICAL - 2022-09-28 18:12:38 --> Invalid file: pages/assets.php
in SYSTEMPATH/Exceptions/FrameworkException.php on line 33.
 1 SYSTEMPATH/View/View.php(201): CodeIgniter\Exceptions\FrameworkException::forInvalidFile()
 2 SYSTEMPATH/Common.php(1142): CodeIgniter\View\View->render()
 3 APPPATH/Controllers/Pages.php(28): view()
 4 SYSTEMPATH/CodeIgniter.php(907): App\Controllers\Pages->view()
 5 SYSTEMPATH/CodeIgniter.php(457): CodeIgniter\CodeIgniter->runController()
 6 SYSTEMPATH/CodeIgniter.php(340): CodeIgniter\CodeIgniter->handleRequest()
 7 FCPATH/index.php(67): CodeIgniter\CodeIgniter->run()
CRITICAL - 2022-09-28 18:12:47 --> Invalid file: pages/assets.php
in SYSTEMPATH/Exceptions/FrameworkException.php on line 33.
 1 SYSTEMPATH/View/View.php(201): CodeIgniter\Exceptions\FrameworkException::forInvalidFile()
 2 SYSTEMPATH/Common.php(1142): CodeIgniter\View\View->render()
 3 APPPATH/Controllers/Pages.php(28): view()
 4 SYSTEMPATH/CodeIgniter.php(907): App\Controllers\Pages->view()
 5 SYSTEMPATH/CodeIgniter.php(457): CodeIgniter\CodeIgniter->runController()
 6 SYSTEMPATH/CodeIgniter.php(340): CodeIgniter\CodeIgniter->handleRequest()
 7 FCPATH/index.php(67): CodeIgniter\CodeIgniter->run()
CRITICAL - 2022-09-28 18:12:47 --> Invalid file: pages/assets.php
in SYSTEMPATH/Exceptions/FrameworkException.php on line 33.
 1 SYSTEMPATH/View/View.php(201): CodeIgniter\Exceptions\FrameworkException::forInvalidFile()
 2 SYSTEMPATH/Common.php(1142): CodeIgniter\View\View->render()
 3 APPPATH/Controllers/Pages.php(28): view()
 4 SYSTEMPATH/CodeIgniter.php(907): App\Controllers\Pages->view()
 5 SYSTEMPATH/CodeIgniter.php(457): CodeIgniter\CodeIgniter->runController()
 6 SYSTEMPATH/CodeIgniter.php(340): CodeIgniter\CodeIgniter->handleRequest()
 7 FCPATH/index.php(67): CodeIgniter\CodeIgniter->run()
CRITICAL - 2022-09-28 18:21:20 --> Invalid file: pages/assets.php
in SYSTEMPATH/Exceptions/FrameworkException.php on line 33.
 1 SYSTEMPATH/View/View.php(201): CodeIgniter\Exceptions\FrameworkException::forInvalidFile()
 2 SYSTEMPATH/Common.php(1142): CodeIgniter\View\View->render()
 3 APPPATH/Controllers/Pages.php(28): view()
 4 SYSTEMPATH/CodeIgniter.php(907): App\Controllers\Pages->view()
 5 SYSTEMPATH/CodeIgniter.php(457): CodeIgniter\CodeIgniter->runController()
 6 SYSTEMPATH/CodeIgniter.php(340): CodeIgniter\CodeIgniter->handleRequest()
 7 FCPATH/index.php(67): CodeIgniter\CodeIgniter->run()
CRITICAL - 2022-09-28 18:21:20 --> Invalid file: pages/assets.php
in SYSTEMPATH/Exceptions/FrameworkException.php on line 33.
 1 SYSTEMPATH/View/View.php(201): CodeIgniter\Exceptions\FrameworkException::forInvalidFile()
 2 SYSTEMPATH/Common.php(1142): CodeIgniter\View\View->render()
 3 APPPATH/Controllers/Pages.php(28): view()
 4 SYSTEMPATH/CodeIgniter.php(907): App\Controllers\Pages->view()
 5 SYSTEMPATH/CodeIgniter.php(457): CodeIgniter\CodeIgniter->runController()
 6 SYSTEMPATH/CodeIgniter.php(340): CodeIgniter\CodeIgniter->handleRequest()
 7 FCPATH/index.php(67): CodeIgniter\CodeIgniter->run()
CRITICAL - 2022-09-28 18:21:23 --> Invalid file: pages/assets.php
in SYSTEMPATH/Exceptions/FrameworkException.php on line 33.
 1 SYSTEMPATH/View/View.php(201): CodeIgniter\Exceptions\FrameworkException::forInvalidFile()
 2 SYSTEMPATH/Common.php(1142): CodeIgniter\View\View->render()
 3 APPPATH/Controllers/Pages.php(28): view()
 4 SYSTEMPATH/CodeIgniter.php(907): App\Controllers\Pages->view()
 5 SYSTEMPATH/CodeIgniter.php(457): CodeIgniter\CodeIgniter->runController()
 6 SYSTEMPATH/CodeIgniter.php(340): CodeIgniter\CodeIgniter->handleRequest()
 7 FCPATH/index.php(67): CodeIgniter\CodeIgniter->run()
CRITICAL - 2022-09-28 18:21:23 --> Invalid file: pages/assets.php
in SYSTEMPATH/Exceptions/FrameworkException.php on line 33.
 1 SYSTEMPATH/View/View.php(201): CodeIgniter\Exceptions\FrameworkException::forInvalidFile()
 2 SYSTEMPATH/Common.php(1142): CodeIgniter\View\View->render()
 3 APPPATH/Controllers/Pages.php(28): view()
 4 SYSTEMPATH/CodeIgniter.php(907): App\Controllers\Pages->view()
 5 SYSTEMPATH/CodeIgniter.php(457): CodeIgniter\CodeIgniter->runController()
 6 SYSTEMPATH/CodeIgniter.php(340): CodeIgniter\CodeIgniter->handleRequest()
 7 FCPATH/index.php(67): CodeIgniter\CodeIgniter->run()
CRITICAL - 2022-09-28 18:21:29 --> Invalid file: pages/assets.php
in SYSTEMPATH/Exceptions/FrameworkException.php on line 33.
 1 SYSTEMPATH/View/View.php(201): CodeIgniter\Exceptions\FrameworkException::forInvalidFile()
 2 SYSTEMPATH/Common.php(1142): CodeIgniter\View\View->render()
 3 APPPATH/Controllers/Pages.php(28): view()
 4 SYSTEMPATH/CodeIgniter.php(907): App\Controllers\Pages->view()
 5 SYSTEMPATH/CodeIgniter.php(457): CodeIgniter\CodeIgniter->runController()
 6 SYSTEMPATH/CodeIgniter.php(340): CodeIgniter\CodeIgniter->handleRequest()
 7 FCPATH/index.php(67): CodeIgniter\CodeIgniter->run()
CRITICAL - 2022-09-28 18:21:29 --> Invalid file: pages/assets.php
in SYSTEMPATH/Exceptions/FrameworkException.php on line 33.
 1 SYSTEMPATH/View/View.php(201): CodeIgniter\Exceptions\FrameworkException::forInvalidFile()
 2 SYSTEMPATH/Common.php(1142): CodeIgniter\View\View->render()
 3 APPPATH/Controllers/Pages.php(28): view()
 4 SYSTEMPATH/CodeIgniter.php(907): App\Controllers\Pages->view()
 5 SYSTEMPATH/CodeIgniter.php(457): CodeIgniter\CodeIgniter->runController()
 6 SYSTEMPATH/CodeIgniter.php(340): CodeIgniter\CodeIgniter->handleRequest()
 7 FCPATH/index.php(67): CodeIgniter\CodeIgniter->run()
CRITICAL - 2022-09-28 18:22:44 --> Invalid file: pages/assets.php
in SYSTEMPATH/Exceptions/FrameworkException.php on line 33.
 1 SYSTEMPATH/View/View.php(201): CodeIgniter\Exceptions\FrameworkException::forInvalidFile()
 2 SYSTEMPATH/Common.php(1142): CodeIgniter\View\View->render()
 3 APPPATH/Controllers/Pages.php(28): view()
 4 SYSTEMPATH/CodeIgniter.php(907): App\Controllers\Pages->view()
 5 SYSTEMPATH/CodeIgniter.php(457): CodeIgniter\CodeIgniter->runController()
 6 SYSTEMPATH/CodeIgniter.php(340): CodeIgniter\CodeIgniter->handleRequest()
 7 FCPATH/index.php(67): CodeIgniter\CodeIgniter->run()
CRITICAL - 2022-09-28 18:22:44 --> Invalid file: pages/assets.php
in SYSTEMPATH/Exceptions/FrameworkException.php on line 33.
 1 SYSTEMPATH/View/View.php(201): CodeIgniter\Exceptions\FrameworkException::forInvalidFile()
 2 SYSTEMPATH/Common.php(1142): CodeIgniter\View\View->render()
 3 APPPATH/Controllers/Pages.php(28): view()
 4 SYSTEMPATH/CodeIgniter.php(907): App\Controllers\Pages->view()
 5 SYSTEMPATH/CodeIgniter.php(457): CodeIgniter\CodeIgniter->runController()
 6 SYSTEMPATH/CodeIgniter.php(340): CodeIgniter\CodeIgniter->handleRequest()
 7 FCPATH/index.php(67): CodeIgniter\CodeIgniter->run()
CRITICAL - 2022-09-28 18:22:47 --> Invalid file: pages/assets.php
in SYSTEMPATH/Exceptions/FrameworkException.php on line 33.
 1 SYSTEMPATH/View/View.php(201): CodeIgniter\Exceptions\FrameworkException::forInvalidFile()
 2 SYSTEMPATH/Common.php(1142): CodeIgniter\View\View->render()
 3 APPPATH/Controllers/Pages.php(28): view()
 4 SYSTEMPATH/CodeIgniter.php(907): App\Controllers\Pages->view()
 5 SYSTEMPATH/CodeIgniter.php(457): CodeIgniter\CodeIgniter->runController()
 6 SYSTEMPATH/CodeIgniter.php(340): CodeIgniter\CodeIgniter->handleRequest()
 7 FCPATH/index.php(67): CodeIgniter\CodeIgniter->run()
CRITICAL - 2022-09-28 18:22:47 --> Invalid file: pages/assets.php
in SYSTEMPATH/Exceptions/FrameworkException.php on line 33.
 1 SYSTEMPATH/View/View.php(201): CodeIgniter\Exceptions\FrameworkException::forInvalidFile()
 2 SYSTEMPATH/Common.php(1142): CodeIgniter\View\View->render()
 3 APPPATH/Controllers/Pages.php(28): view()
 4 SYSTEMPATH/CodeIgniter.php(907): App\Controllers\Pages->view()
 5 SYSTEMPATH/CodeIgniter.php(457): CodeIgniter\CodeIgniter->runController()
 6 SYSTEMPATH/CodeIgniter.php(340): CodeIgniter\CodeIgniter->handleRequest()
 7 FCPATH/index.php(67): CodeIgniter\CodeIgniter->run()
CRITICAL - 2022-09-28 18:22:51 --> Invalid file: pages/assets.php
in SYSTEMPATH/Exceptions/FrameworkException.php on line 33.
 1 SYSTEMPATH/View/View.php(201): CodeIgniter\Exceptions\FrameworkException::forInvalidFile()
 2 SYSTEMPATH/Common.php(1142): CodeIgniter\View\View->render()
 3 APPPATH/Controllers/Pages.php(28): view()
 4 SYSTEMPATH/CodeIgniter.php(907): App\Controllers\Pages->view()
 5 SYSTEMPATH/CodeIgniter.php(457): CodeIgniter\CodeIgniter->runController()
 6 SYSTEMPATH/CodeIgniter.php(340): CodeIgniter\CodeIgniter->handleRequest()
 7 FCPATH/index.php(67): CodeIgniter\CodeIgniter->run()
CRITICAL - 2022-09-28 18:22:51 --> Invalid file: pages/assets.php
in SYSTEMPATH/Exceptions/FrameworkException.php on line 33.
 1 SYSTEMPATH/View/View.php(201): CodeIgniter\Exceptions\FrameworkException::forInvalidFile()
 2 SYSTEMPATH/Common.php(1142): CodeIgniter\View\View->render()
 3 APPPATH/Controllers/Pages.php(28): view()
 4 SYSTEMPATH/CodeIgniter.php(907): App\Controllers\Pages->view()
 5 SYSTEMPATH/CodeIgniter.php(457): CodeIgniter\CodeIgniter->runController()
 6 SYSTEMPATH/CodeIgniter.php(340): CodeIgniter\CodeIgniter->handleRequest()
 7 FCPATH/index.php(67): CodeIgniter\CodeIgniter->run()
CRITICAL - 2022-09-28 18:22:55 --> Invalid file: pages/assets.php
in SYSTEMPATH/Exceptions/FrameworkException.php on line 33.
 1 SYSTEMPATH/View/View.php(201): CodeIgniter\Exceptions\FrameworkException::forInvalidFile()
 2 SYSTEMPATH/Common.php(1142): CodeIgniter\View\View->render()
 3 APPPATH/Controllers/Pages.php(28): view()
 4 SYSTEMPATH/CodeIgniter.php(907): App\Controllers\Pages->view()
 5 SYSTEMPATH/CodeIgniter.php(457): CodeIgniter\CodeIgniter->runController()
 6 SYSTEMPATH/CodeIgniter.php(340): CodeIgniter\CodeIgniter->handleRequest()
 7 FCPATH/index.php(67): CodeIgniter\CodeIgniter->run()
CRITICAL - 2022-09-28 18:22:55 --> Invalid file: pages/assets.php
in SYSTEMPATH/Exceptions/FrameworkException.php on line 33.
 1 SYSTEMPATH/View/View.php(201): CodeIgniter\Exceptions\FrameworkException::forInvalidFile()
 2 SYSTEMPATH/Common.php(1142): CodeIgniter\View\View->render()
 3 APPPATH/Controllers/Pages.php(28): view()
 4 SYSTEMPATH/CodeIgniter.php(907): App\Controllers\Pages->view()
 5 SYSTEMPATH/CodeIgniter.php(457): CodeIgniter\CodeIgniter->runController()
 6 SYSTEMPATH/CodeIgniter.php(340): CodeIgniter\CodeIgniter->handleRequest()
 7 FCPATH/index.php(67): CodeIgniter\CodeIgniter->run()
CRITICAL - 2022-09-28 18:23:11 --> Invalid file: pages/assets.php
in SYSTEMPATH/Exceptions/FrameworkException.php on line 33.
 1 SYSTEMPATH/View/View.php(201): CodeIgniter\Exceptions\FrameworkException::forInvalidFile()
 2 SYSTEMPATH/Common.php(1142): CodeIgniter\View\View->render()
 3 APPPATH/Controllers/Pages.php(28): view()
 4 SYSTEMPATH/CodeIgniter.php(907): App\Controllers\Pages->view()
 5 SYSTEMPATH/CodeIgniter.php(457): CodeIgniter\CodeIgniter->runController()
 6 SYSTEMPATH/CodeIgniter.php(340): CodeIgniter\CodeIgniter->handleRequest()
 7 FCPATH/index.php(67): CodeIgniter\CodeIgniter->run()
CRITICAL - 2022-09-28 18:23:11 --> Invalid file: pages/assets.php
in SYSTEMPATH/Exceptions/FrameworkException.php on line 33.
 1 SYSTEMPATH/View/View.php(201): CodeIgniter\Exceptions\FrameworkException::forInvalidFile()
 2 SYSTEMPATH/Common.php(1142): CodeIgniter\View\View->render()
 3 APPPATH/Controllers/Pages.php(28): view()
 4 SYSTEMPATH/CodeIgniter.php(907): App\Controllers\Pages->view()
 5 SYSTEMPATH/CodeIgniter.php(457): CodeIgniter\CodeIgniter->runController()
 6 SYSTEMPATH/CodeIgniter.php(340): CodeIgniter\CodeIgniter->handleRequest()
 7 FCPATH/index.php(67): CodeIgniter\CodeIgniter->run()
CRITICAL - 2022-09-28 18:46:55 --> Invalid file: pages/assets.php
in SYSTEMPATH/Exceptions/FrameworkException.php on line 33.
 1 SYSTEMPATH/View/View.php(201): CodeIgniter\Exceptions\FrameworkException::forInvalidFile()
 2 SYSTEMPATH/Common.php(1142): CodeIgniter\View\View->render()
 3 APPPATH/Controllers/Pages.php(28): view()
 4 SYSTEMPATH/CodeIgniter.php(907): App\Controllers\Pages->view()
 5 SYSTEMPATH/CodeIgniter.php(457): CodeIgniter\CodeIgniter->runController()
 6 SYSTEMPATH/CodeIgniter.php(340): CodeIgniter\CodeIgniter->handleRequest()
 7 FCPATH/index.php(67): CodeIgniter\CodeIgniter->run()
CRITICAL - 2022-09-28 18:46:55 --> Invalid file: pages/assets.php
in SYSTEMPATH/Exceptions/FrameworkException.php on line 33.
 1 SYSTEMPATH/View/View.php(201): CodeIgniter\Exceptions\FrameworkException::forInvalidFile()
 2 SYSTEMPATH/Common.php(1142): CodeIgniter\View\View->render()
 3 APPPATH/Controllers/Pages.php(28): view()
 4 SYSTEMPATH/CodeIgniter.php(907): App\Controllers\Pages->view()
 5 SYSTEMPATH/CodeIgniter.php(457): CodeIgniter\CodeIgniter->runController()
 6 SYSTEMPATH/CodeIgniter.php(340): CodeIgniter\CodeIgniter->handleRequest()
 7 FCPATH/index.php(67): CodeIgniter\CodeIgniter->run()
CRITICAL - 2022-09-28 18:47:38 --> Invalid file: pages/assets.php
in SYSTEMPATH/Exceptions/FrameworkException.php on line 33.
 1 SYSTEMPATH/View/View.php(201): CodeIgniter\Exceptions\FrameworkException::forInvalidFile()
 2 SYSTEMPATH/Common.php(1142): CodeIgniter\View\View->render()
 3 APPPATH/Controllers/Pages.php(28): view()
 4 SYSTEMPATH/CodeIgniter.php(907): App\Controllers\Pages->view()
 5 SYSTEMPATH/CodeIgniter.php(457): CodeIgniter\CodeIgniter->runController()
 6 SYSTEMPATH/CodeIgniter.php(340): CodeIgniter\CodeIgniter->handleRequest()
 7 FCPATH/index.php(67): CodeIgniter\CodeIgniter->run()
CRITICAL - 2022-09-28 18:47:38 --> Invalid file: pages/assets.php
in SYSTEMPATH/Exceptions/FrameworkException.php on line 33.
 1 SYSTEMPATH/View/View.php(201): CodeIgniter\Exceptions\FrameworkException::forInvalidFile()
 2 SYSTEMPATH/Common.php(1142): CodeIgniter\View\View->render()
 3 APPPATH/Controllers/Pages.php(28): view()
 4 SYSTEMPATH/CodeIgniter.php(907): App\Controllers\Pages->view()
 5 SYSTEMPATH/CodeIgniter.php(457): CodeIgniter\CodeIgniter->runController()
 6 SYSTEMPATH/CodeIgniter.php(340): CodeIgniter\CodeIgniter->handleRequest()
 7 FCPATH/index.php(67): CodeIgniter\CodeIgniter->run()
CRITICAL - 2022-09-28 19:04:11 --> Invalid file: pages/assets.php
in SYSTEMPATH/Exceptions/FrameworkException.php on line 33.
 1 SYSTEMPATH/View/View.php(201): CodeIgniter\Exceptions\FrameworkException::forInvalidFile()
 2 SYSTEMPATH/Common.php(1142): CodeIgniter\View\View->render()
 3 APPPATH/Controllers/Pages.php(28): view()
 4 SYSTEMPATH/CodeIgniter.php(907): App\Controllers\Pages->view()
 5 SYSTEMPATH/CodeIgniter.php(457): CodeIgniter\CodeIgniter->runController()
 6 SYSTEMPATH/CodeIgniter.php(340): CodeIgniter\CodeIgniter->handleRequest()
 7 FCPATH/index.php(67): CodeIgniter\CodeIgniter->run()
CRITICAL - 2022-09-28 19:04:12 --> Invalid file: pages/assets.php
in SYSTEMPATH/Exceptions/FrameworkException.php on line 33.
 1 SYSTEMPATH/View/View.php(201): CodeIgniter\Exceptions\FrameworkException::forInvalidFile()
 2 SYSTEMPATH/Common.php(1142): CodeIgniter\View\View->render()
 3 APPPATH/Controllers/Pages.php(28): view()
 4 SYSTEMPATH/CodeIgniter.php(907): App\Controllers\Pages->view()
 5 SYSTEMPATH/CodeIgniter.php(457): CodeIgniter\CodeIgniter->runController()
 6 SYSTEMPATH/CodeIgniter.php(340): CodeIgniter\CodeIgniter->handleRequest()
 7 FCPATH/index.php(67): CodeIgniter\CodeIgniter->run()
CRITICAL - 2022-09-28 19:04:13 --> Invalid file: pages/assets.php
in SYSTEMPATH/Exceptions/FrameworkException.php on line 33.
 1 SYSTEMPATH/View/View.php(201): CodeIgniter\Exceptions\FrameworkException::forInvalidFile()
 2 SYSTEMPATH/Common.php(1142): CodeIgniter\View\View->render()
 3 APPPATH/Controllers/Pages.php(28): view()
 4 SYSTEMPATH/CodeIgniter.php(907): App\Controllers\Pages->view()
 5 SYSTEMPATH/CodeIgniter.php(457): CodeIgniter\CodeIgniter->runController()
 6 SYSTEMPATH/CodeIgniter.php(340): CodeIgniter\CodeIgniter->handleRequest()
 7 FCPATH/index.php(67): CodeIgniter\CodeIgniter->run()
CRITICAL - 2022-09-28 19:04:24 --> Invalid file: pages/assets.php
in SYSTEMPATH/Exceptions/FrameworkException.php on line 33.
 1 SYSTEMPATH/View/View.php(201): CodeIgniter\Exceptions\FrameworkException::forInvalidFile()
 2 SYSTEMPATH/Common.php(1142): CodeIgniter\View\View->render()
 3 APPPATH/Controllers/Pages.php(28): view()
 4 SYSTEMPATH/CodeIgniter.php(907): App\Controllers\Pages->view()
 5 SYSTEMPATH/CodeIgniter.php(457): CodeIgniter\CodeIgniter->runController()
 6 SYSTEMPATH/CodeIgniter.php(340): CodeIgniter\CodeIgniter->handleRequest()
 7 FCPATH/index.php(67): CodeIgniter\CodeIgniter->run()
CRITICAL - 2022-09-28 19:04:24 --> Invalid file: pages/__service-worker.js
in SYSTEMPATH/Exceptions/FrameworkException.php on line 33.
 1 SYSTEMPATH/View/View.php(201): CodeIgniter\Exceptions\FrameworkException::forInvalidFile()
 2 SYSTEMPATH/Common.php(1142): CodeIgniter\View\View->render()
 3 APPPATH/Controllers/Pages.php(28): view()
 4 SYSTEMPATH/CodeIgniter.php(907): App\Controllers\Pages->view()
 5 SYSTEMPATH/CodeIgniter.php(457): CodeIgniter\CodeIgniter->runController()
 6 SYSTEMPATH/CodeIgniter.php(340): CodeIgniter\CodeIgniter->handleRequest()
 7 FCPATH/index.php(67): CodeIgniter\CodeIgniter->run()
CRITICAL - 2022-09-28 19:04:25 --> Invalid file: pages/assets.php
in SYSTEMPATH/Exceptions/FrameworkException.php on line 33.
 1 SYSTEMPATH/View/View.php(201): CodeIgniter\Exceptions\FrameworkException::forInvalidFile()
 2 SYSTEMPATH/Common.php(1142): CodeIgniter\View\View->render()
 3 APPPATH/Controllers/Pages.php(28): view()
 4 SYSTEMPATH/CodeIgniter.php(907): App\Controllers\Pages->view()
 5 SYSTEMPATH/CodeIgniter.php(457): CodeIgniter\CodeIgniter->runController()
 6 SYSTEMPATH/CodeIgniter.php(340): CodeIgniter\CodeIgniter->handleRequest()
 7 FCPATH/index.php(67): CodeIgniter\CodeIgniter->run()
CRITICAL - 2022-09-28 19:04:25 --> Invalid file: pages/assets.php
in SYSTEMPATH/Exceptions/FrameworkException.php on line 33.
 1 SYSTEMPATH/View/View.php(201): CodeIgniter\Exceptions\FrameworkException::forInvalidFile()
 2 SYSTEMPATH/Common.php(1142): CodeIgniter\View\View->render()
 3 APPPATH/Controllers/Pages.php(28): view()
 4 SYSTEMPATH/CodeIgniter.php(907): App\Controllers\Pages->view()
 5 SYSTEMPATH/CodeIgniter.php(457): CodeIgniter\CodeIgniter->runController()
 6 SYSTEMPATH/CodeIgniter.php(340): CodeIgniter\CodeIgniter->handleRequest()
 7 FCPATH/index.php(67): CodeIgniter\CodeIgniter->run()
CRITICAL - 2022-09-28 19:04:25 --> Invalid file: pages/assets.php
in SYSTEMPATH/Exceptions/FrameworkException.php on line 33.
 1 SYSTEMPATH/View/View.php(201): CodeIgniter\Exceptions\FrameworkException::forInvalidFile()
 2 SYSTEMPATH/Common.php(1142): CodeIgniter\View\View->render()
 3 APPPATH/Controllers/Pages.php(28): view()
 4 SYSTEMPATH/CodeIgniter.php(907): App\Controllers\Pages->view()
 5 SYSTEMPATH/CodeIgniter.php(457): CodeIgniter\CodeIgniter->runController()
 6 SYSTEMPATH/CodeIgniter.php(340): CodeIgniter\CodeIgniter->handleRequest()
 7 FCPATH/index.php(67): CodeIgniter\CodeIgniter->run()
CRITICAL - 2022-09-28 19:04:26 --> Invalid file: pages/assets.php
in SYSTEMPATH/Exceptions/FrameworkException.php on line 33.
 1 SYSTEMPATH/View/View.php(201): CodeIgniter\Exceptions\FrameworkException::forInvalidFile()
 2 SYSTEMPATH/Common.php(1142): CodeIgniter\View\View->render()
 3 APPPATH/Controllers/Pages.php(28): view()
 4 SYSTEMPATH/CodeIgniter.php(907): App\Controllers\Pages->view()
 5 SYSTEMPATH/CodeIgniter.php(457): CodeIgniter\CodeIgniter->runController()
 6 SYSTEMPATH/CodeIgniter.php(340): CodeIgniter\CodeIgniter->handleRequest()
 7 FCPATH/index.php(67): CodeIgniter\CodeIgniter->run()
CRITICAL - 2022-09-28 19:04:26 --> Invalid file: pages/assets.php
in SYSTEMPATH/Exceptions/FrameworkException.php on line 33.
 1 SYSTEMPATH/View/View.php(201): CodeIgniter\Exceptions\FrameworkException::forInvalidFile()
 2 SYSTEMPATH/Common.php(1142): CodeIgniter\View\View->render()
 3 APPPATH/Controllers/Pages.php(28): view()
 4 SYSTEMPATH/CodeIgniter.php(907): App\Controllers\Pages->view()
 5 SYSTEMPATH/CodeIgniter.php(457): CodeIgniter\CodeIgniter->runController()
 6 SYSTEMPATH/CodeIgniter.php(340): CodeIgniter\CodeIgniter->handleRequest()
 7 FCPATH/index.php(67): CodeIgniter\CodeIgniter->run()
CRITICAL - 2022-09-28 19:05:00 --> Invalid file: pages/assets.php
in SYSTEMPATH/Exceptions/FrameworkException.php on line 33.
 1 SYSTEMPATH/View/View.php(201): CodeIgniter\Exceptions\FrameworkException::forInvalidFile()
 2 SYSTEMPATH/Common.php(1142): CodeIgniter\View\View->render()
 3 APPPATH/Controllers/Pages.php(28): view()
 4 SYSTEMPATH/CodeIgniter.php(907): App\Controllers\Pages->view()
 5 SYSTEMPATH/CodeIgniter.php(457): CodeIgniter\CodeIgniter->runController()
 6 SYSTEMPATH/CodeIgniter.php(340): CodeIgniter\CodeIgniter->handleRequest()
 7 FCPATH/index.php(67): CodeIgniter\CodeIgniter->run()
CRITICAL - 2022-09-28 19:05:00 --> Invalid file: pages/assets.php
in SYSTEMPATH/Exceptions/FrameworkException.php on line 33.
 1 SYSTEMPATH/View/View.php(201): CodeIgniter\Exceptions\FrameworkException::forInvalidFile()
 2 SYSTEMPATH/Common.php(1142): CodeIgniter\View\View->render()
 3 APPPATH/Controllers/Pages.php(28): view()
 4 SYSTEMPATH/CodeIgniter.php(907): App\Controllers\Pages->view()
 5 SYSTEMPATH/CodeIgniter.php(457): CodeIgniter\CodeIgniter->runController()
 6 SYSTEMPATH/CodeIgniter.php(340): CodeIgniter\CodeIgniter->handleRequest()
 7 FCPATH/index.php(67): CodeIgniter\CodeIgniter->run()
CRITICAL - 2022-09-28 19:05:20 --> Invalid file: pages/assets.php
in SYSTEMPATH/Exceptions/FrameworkException.php on line 33.
 1 SYSTEMPATH/View/View.php(201): CodeIgniter\Exceptions\FrameworkException::forInvalidFile()
 2 SYSTEMPATH/Common.php(1142): CodeIgniter\View\View->render()
 3 APPPATH/Controllers/Pages.php(28): view()
 4 SYSTEMPATH/CodeIgniter.php(907): App\Controllers\Pages->view()
 5 SYSTEMPATH/CodeIgniter.php(457): CodeIgniter\CodeIgniter->runController()
 6 SYSTEMPATH/CodeIgniter.php(340): CodeIgniter\CodeIgniter->handleRequest()
 7 FCPATH/index.php(67): CodeIgniter\CodeIgniter->run()
CRITICAL - 2022-09-28 19:05:21 --> Invalid file: pages/assets.php
in SYSTEMPATH/Exceptions/FrameworkException.php on line 33.
 1 SYSTEMPATH/View/View.php(201): CodeIgniter\Exceptions\FrameworkException::forInvalidFile()
 2 SYSTEMPATH/Common.php(1142): CodeIgniter\View\View->render()
 3 APPPATH/Controllers/Pages.php(28): view()
 4 SYSTEMPATH/CodeIgniter.php(907): App\Controllers\Pages->view()
 5 SYSTEMPATH/CodeIgniter.php(457): CodeIgniter\CodeIgniter->runController()
 6 SYSTEMPATH/CodeIgniter.php(340): CodeIgniter\CodeIgniter->handleRequest()
 7 FCPATH/index.php(67): CodeIgniter\CodeIgniter->run()
CRITICAL - 2022-09-28 19:05:22 --> Invalid file: pages/assets.php
in SYSTEMPATH/Exceptions/FrameworkException.php on line 33.
 1 SYSTEMPATH/View/View.php(201): CodeIgniter\Exceptions\FrameworkException::forInvalidFile()
 2 SYSTEMPATH/Common.php(1142): CodeIgniter\View\View->render()
 3 APPPATH/Controllers/Pages.php(28): view()
 4 SYSTEMPATH/CodeIgniter.php(907): App\Controllers\Pages->view()
 5 SYSTEMPATH/CodeIgniter.php(457): CodeIgniter\CodeIgniter->runController()
 6 SYSTEMPATH/CodeIgniter.php(340): CodeIgniter\CodeIgniter->handleRequest()
 7 FCPATH/index.php(67): CodeIgniter\CodeIgniter->run()
CRITICAL - 2022-09-28 19:05:25 --> Invalid file: pages/assets.php
in SYSTEMPATH/Exceptions/FrameworkException.php on line 33.
 1 SYSTEMPATH/View/View.php(201): CodeIgniter\Exceptions\FrameworkException::forInvalidFile()
 2 SYSTEMPATH/Common.php(1142): CodeIgniter\View\View->render()
 3 APPPATH/Controllers/Pages.php(28): view()
 4 SYSTEMPATH/CodeIgniter.php(907): App\Controllers\Pages->view()
 5 SYSTEMPATH/CodeIgniter.php(457): CodeIgniter\CodeIgniter->runController()
 6 SYSTEMPATH/CodeIgniter.php(340): CodeIgniter\CodeIgniter->handleRequest()
 7 FCPATH/index.php(67): CodeIgniter\CodeIgniter->run()
CRITICAL - 2022-09-28 19:05:25 --> Invalid file: pages/assets.php
in SYSTEMPATH/Exceptions/FrameworkException.php on line 33.
 1 SYSTEMPATH/View/View.php(201): CodeIgniter\Exceptions\FrameworkException::forInvalidFile()
 2 SYSTEMPATH/Common.php(1142): CodeIgniter\View\View->render()
 3 APPPATH/Controllers/Pages.php(28): view()
 4 SYSTEMPATH/CodeIgniter.php(907): App\Controllers\Pages->view()
 5 SYSTEMPATH/CodeIgniter.php(457): CodeIgniter\CodeIgniter->runController()
 6 SYSTEMPATH/CodeIgniter.php(340): CodeIgniter\CodeIgniter->handleRequest()
 7 FCPATH/index.php(67): CodeIgniter\CodeIgniter->run()
CRITICAL - 2022-09-28 19:05:35 --> Invalid file: pages/assets.php
in SYSTEMPATH/Exceptions/FrameworkException.php on line 33.
 1 SYSTEMPATH/View/View.php(201): CodeIgniter\Exceptions\FrameworkException::forInvalidFile()
 2 SYSTEMPATH/Common.php(1142): CodeIgniter\View\View->render()
 3 APPPATH/Controllers/Pages.php(28): view()
 4 SYSTEMPATH/CodeIgniter.php(907): App\Controllers\Pages->view()
 5 SYSTEMPATH/CodeIgniter.php(457): CodeIgniter\CodeIgniter->runController()
 6 SYSTEMPATH/CodeIgniter.php(340): CodeIgniter\CodeIgniter->handleRequest()
 7 FCPATH/index.php(67): CodeIgniter\CodeIgniter->run()
CRITICAL - 2022-09-28 19:05:35 --> Invalid file: pages/assets.php
in SYSTEMPATH/Exceptions/FrameworkException.php on line 33.
 1 SYSTEMPATH/View/View.php(201): CodeIgniter\Exceptions\FrameworkException::forInvalidFile()
 2 SYSTEMPATH/Common.php(1142): CodeIgniter\View\View->render()
 3 APPPATH/Controllers/Pages.php(28): view()
 4 SYSTEMPATH/CodeIgniter.php(907): App\Controllers\Pages->view()
 5 SYSTEMPATH/CodeIgniter.php(457): CodeIgniter\CodeIgniter->runController()
 6 SYSTEMPATH/CodeIgniter.php(340): CodeIgniter\CodeIgniter->handleRequest()
 7 FCPATH/index.php(67): CodeIgniter\CodeIgniter->run()
CRITICAL - 2022-09-28 19:20:13 --> Invalid file: pages/assets.php
in SYSTEMPATH/Exceptions/FrameworkException.php on line 33.
 1 SYSTEMPATH/View/View.php(201): CodeIgniter\Exceptions\FrameworkException::forInvalidFile()
 2 SYSTEMPATH/Common.php(1142): CodeIgniter\View\View->render()
 3 APPPATH/Controllers/Pages.php(28): view()
 4 SYSTEMPATH/CodeIgniter.php(907): App\Controllers\Pages->view()
 5 SYSTEMPATH/CodeIgniter.php(457): CodeIgniter\CodeIgniter->runController()
 6 SYSTEMPATH/CodeIgniter.php(340): CodeIgniter\CodeIgniter->handleRequest()
 7 FCPATH/index.php(67): CodeIgniter\CodeIgniter->run()
CRITICAL - 2022-09-28 19:20:13 --> Invalid file: pages/assets.php
in SYSTEMPATH/Exceptions/FrameworkException.php on line 33.
 1 SYSTEMPATH/View/View.php(201): CodeIgniter\Exceptions\FrameworkException::forInvalidFile()
 2 SYSTEMPATH/Common.php(1142): CodeIgniter\View\View->render()
 3 APPPATH/Controllers/Pages.php(28): view()
 4 SYSTEMPATH/CodeIgniter.php(907): App\Controllers\Pages->view()
 5 SYSTEMPATH/CodeIgniter.php(457): CodeIgniter\CodeIgniter->runController()
 6 SYSTEMPATH/CodeIgniter.php(340): CodeIgniter\CodeIgniter->handleRequest()
 7 FCPATH/index.php(67): CodeIgniter\CodeIgniter->run()
CRITICAL - 2022-09-28 19:20:35 --> Undefined variable $site
in APPPATH/Controllers/Admin.php on line 2023.
 1 APPPATH/Controllers/Admin.php(2023): CodeIgniter\Debug\Exceptions->errorHandler()
 2 SYSTEMPATH/CodeIgniter.php(907): App\Controllers\Admin->userupdate()
 3 SYSTEMPATH/CodeIgniter.php(457): CodeIgniter\CodeIgniter->runController()
 4 SYSTEMPATH/CodeIgniter.php(340): CodeIgniter\CodeIgniter->handleRequest()
 5 FCPATH/index.php(67): CodeIgniter\CodeIgniter->run()
CRITICAL - 2022-09-28 19:21:10 --> Invalid file: pages/assets.php
in SYSTEMPATH/Exceptions/FrameworkException.php on line 33.
 1 SYSTEMPATH/View/View.php(201): CodeIgniter\Exceptions\FrameworkException::forInvalidFile()
 2 SYSTEMPATH/Common.php(1142): CodeIgniter\View\View->render()
 3 APPPATH/Controllers/Pages.php(28): view()
 4 SYSTEMPATH/CodeIgniter.php(907): App\Controllers\Pages->view()
 5 SYSTEMPATH/CodeIgniter.php(457): CodeIgniter\CodeIgniter->runController()
 6 SYSTEMPATH/CodeIgniter.php(340): CodeIgniter\CodeIgniter->handleRequest()
 7 FCPATH/index.php(67): CodeIgniter\CodeIgniter->run()
CRITICAL - 2022-09-28 19:21:10 --> Invalid file: pages/assets.php
in SYSTEMPATH/Exceptions/FrameworkException.php on line 33.
 1 SYSTEMPATH/View/View.php(201): CodeIgniter\Exceptions\FrameworkException::forInvalidFile()
 2 SYSTEMPATH/Common.php(1142): CodeIgniter\View\View->render()
 3 APPPATH/Controllers/Pages.php(28): view()
 4 SYSTEMPATH/CodeIgniter.php(907): App\Controllers\Pages->view()
 5 SYSTEMPATH/CodeIgniter.php(457): CodeIgniter\CodeIgniter->runController()
 6 SYSTEMPATH/CodeIgniter.php(340): CodeIgniter\CodeIgniter->handleRequest()
 7 FCPATH/index.php(67): CodeIgniter\CodeIgniter->run()
CRITICAL - 2022-09-28 19:21:56 --> Invalid file: pages/assets.php
in SYSTEMPATH/Exceptions/FrameworkException.php on line 33.
 1 SYSTEMPATH/View/View.php(201): CodeIgniter\Exceptions\FrameworkException::forInvalidFile()
 2 SYSTEMPATH/Common.php(1142): CodeIgniter\View\View->render()
 3 APPPATH/Controllers/Pages.php(28): view()
 4 SYSTEMPATH/CodeIgniter.php(907): App\Controllers\Pages->view()
 5 SYSTEMPATH/CodeIgniter.php(457): CodeIgniter\CodeIgniter->runController()
 6 SYSTEMPATH/CodeIgniter.php(340): CodeIgniter\CodeIgniter->handleRequest()
 7 FCPATH/index.php(67): CodeIgniter\CodeIgniter->run()
CRITICAL - 2022-09-28 19:21:56 --> Invalid file: pages/assets.php
in SYSTEMPATH/Exceptions/FrameworkException.php on line 33.
 1 SYSTEMPATH/View/View.php(201): CodeIgniter\Exceptions\FrameworkException::forInvalidFile()
 2 SYSTEMPATH/Common.php(1142): CodeIgniter\View\View->render()
 3 APPPATH/Controllers/Pages.php(28): view()
 4 SYSTEMPATH/CodeIgniter.php(907): App\Controllers\Pages->view()
 5 SYSTEMPATH/CodeIgniter.php(457): CodeIgniter\CodeIgniter->runController()
 6 SYSTEMPATH/CodeIgniter.php(340): CodeIgniter\CodeIgniter->handleRequest()
 7 FCPATH/index.php(67): CodeIgniter\CodeIgniter->run()
CRITICAL - 2022-09-28 19:25:38 --> Invalid file: pages/assets.php
in SYSTEMPATH/Exceptions/FrameworkException.php on line 33.
 1 SYSTEMPATH/View/View.php(201): CodeIgniter\Exceptions\FrameworkException::forInvalidFile()
 2 SYSTEMPATH/Common.php(1142): CodeIgniter\View\View->render()
 3 APPPATH/Controllers/Pages.php(28): view()
 4 SYSTEMPATH/CodeIgniter.php(907): App\Controllers\Pages->view()
 5 SYSTEMPATH/CodeIgniter.php(457): CodeIgniter\CodeIgniter->runController()
 6 SYSTEMPATH/CodeIgniter.php(340): CodeIgniter\CodeIgniter->handleRequest()
 7 FCPATH/index.php(67): CodeIgniter\CodeIgniter->run()
CRITICAL - 2022-09-28 19:25:38 --> Invalid file: pages/assets.php
in SYSTEMPATH/Exceptions/FrameworkException.php on line 33.
 1 SYSTEMPATH/View/View.php(201): CodeIgniter\Exceptions\FrameworkException::forInvalidFile()
 2 SYSTEMPATH/Common.php(1142): CodeIgniter\View\View->render()
 3 APPPATH/Controllers/Pages.php(28): view()
 4 SYSTEMPATH/CodeIgniter.php(907): App\Controllers\Pages->view()
 5 SYSTEMPATH/CodeIgniter.php(457): CodeIgniter\CodeIgniter->runController()
 6 SYSTEMPATH/CodeIgniter.php(340): CodeIgniter\CodeIgniter->handleRequest()
 7 FCPATH/index.php(67): CodeIgniter\CodeIgniter->run()
CRITICAL - 2022-09-28 19:27:32 --> Invalid file: pages/assets.php
in SYSTEMPATH/Exceptions/FrameworkException.php on line 33.
 1 SYSTEMPATH/View/View.php(201): CodeIgniter\Exceptions\FrameworkException::forInvalidFile()
 2 SYSTEMPATH/Common.php(1142): CodeIgniter\View\View->render()
 3 APPPATH/Controllers/Pages.php(28): view()
 4 SYSTEMPATH/CodeIgniter.php(907): App\Controllers\Pages->view()
 5 SYSTEMPATH/CodeIgniter.php(457): CodeIgniter\CodeIgniter->runController()
 6 SYSTEMPATH/CodeIgniter.php(340): CodeIgniter\CodeIgniter->handleRequest()
 7 FCPATH/index.php(67): CodeIgniter\CodeIgniter->run()
CRITICAL - 2022-09-28 19:27:32 --> Invalid file: pages/assets.php
in SYSTEMPATH/Exceptions/FrameworkException.php on line 33.
 1 SYSTEMPATH/View/View.php(201): CodeIgniter\Exceptions\FrameworkException::forInvalidFile()
 2 SYSTEMPATH/Common.php(1142): CodeIgniter\View\View->render()
 3 APPPATH/Controllers/Pages.php(28): view()
 4 SYSTEMPATH/CodeIgniter.php(907): App\Controllers\Pages->view()
 5 SYSTEMPATH/CodeIgniter.php(457): CodeIgniter\CodeIgniter->runController()
 6 SYSTEMPATH/CodeIgniter.php(340): CodeIgniter\CodeIgniter->handleRequest()
 7 FCPATH/index.php(67): CodeIgniter\CodeIgniter->run()
CRITICAL - 2022-09-28 19:39:00 --> Invalid file: pages/assets.php
in SYSTEMPATH/Exceptions/FrameworkException.php on line 33.
 1 SYSTEMPATH/View/View.php(201): CodeIgniter\Exceptions\FrameworkException::forInvalidFile()
 2 SYSTEMPATH/Common.php(1142): CodeIgniter\View\View->render()
 3 APPPATH/Controllers/Pages.php(28): view()
 4 SYSTEMPATH/CodeIgniter.php(907): App\Controllers\Pages->view()
 5 SYSTEMPATH/CodeIgniter.php(457): CodeIgniter\CodeIgniter->runController()
 6 SYSTEMPATH/CodeIgniter.php(340): CodeIgniter\CodeIgniter->handleRequest()
 7 FCPATH/index.php(67): CodeIgniter\CodeIgniter->run()
CRITICAL - 2022-09-28 19:39:00 --> Invalid file: pages/assets.php
in SYSTEMPATH/Exceptions/FrameworkException.php on line 33.
 1 SYSTEMPATH/View/View.php(201): CodeIgniter\Exceptions\FrameworkException::forInvalidFile()
 2 SYSTEMPATH/Common.php(1142): CodeIgniter\View\View->render()
 3 APPPATH/Controllers/Pages.php(28): view()
 4 SYSTEMPATH/CodeIgniter.php(907): App\Controllers\Pages->view()
 5 SYSTEMPATH/CodeIgniter.php(457): CodeIgniter\CodeIgniter->runController()
 6 SYSTEMPATH/CodeIgniter.php(340): CodeIgniter\CodeIgniter->handleRequest()
 7 FCPATH/index.php(67): CodeIgniter\CodeIgniter->run()
CRITICAL - 2022-09-28 19:39:03 --> Trying to access array offset on value of type null
in APPPATH/Controllers/Admin.php on line 2095.
 1 APPPATH/Controllers/Admin.php(2095): CodeIgniter\Debug\Exceptions->errorHandler()
 2 SYSTEMPATH/CodeIgniter.php(907): App\Controllers\Admin->userupdate()
 3 SYSTEMPATH/CodeIgniter.php(457): CodeIgniter\CodeIgniter->runController()
 4 SYSTEMPATH/CodeIgniter.php(340): CodeIgniter\CodeIgniter->handleRequest()
 5 FCPATH/index.php(67): CodeIgniter\CodeIgniter->run()
CRITICAL - 2022-09-28 19:40:21 --> Trying to access array offset on value of type null
in APPPATH/Controllers/Admin.php on line 2095.
 1 APPPATH/Controllers/Admin.php(2095): CodeIgniter\Debug\Exceptions->errorHandler()
 2 SYSTEMPATH/CodeIgniter.php(907): App\Controllers\Admin->userupdate()
 3 SYSTEMPATH/CodeIgniter.php(457): CodeIgniter\CodeIgniter->runController()
 4 SYSTEMPATH/CodeIgniter.php(340): CodeIgniter\CodeIgniter->handleRequest()
 5 FCPATH/index.php(67): CodeIgniter\CodeIgniter->run()
CRITICAL - 2022-09-28 19:40:26 --> Invalid file: pages/assets.php
in SYSTEMPATH/Exceptions/FrameworkException.php on line 33.
 1 SYSTEMPATH/View/View.php(201): CodeIgniter\Exceptions\FrameworkException::forInvalidFile()
 2 SYSTEMPATH/Common.php(1142): CodeIgniter\View\View->render()
 3 APPPATH/Controllers/Pages.php(28): view()
 4 SYSTEMPATH/CodeIgniter.php(907): App\Controllers\Pages->view()
 5 SYSTEMPATH/CodeIgniter.php(457): CodeIgniter\CodeIgniter->runController()
 6 SYSTEMPATH/CodeIgniter.php(340): CodeIgniter\CodeIgniter->handleRequest()
 7 FCPATH/index.php(67): CodeIgniter\CodeIgniter->run()
CRITICAL - 2022-09-28 19:40:26 --> Invalid file: pages/assets.php
in SYSTEMPATH/Exceptions/FrameworkException.php on line 33.
 1 SYSTEMPATH/View/View.php(201): CodeIgniter\Exceptions\FrameworkException::forInvalidFile()
 2 SYSTEMPATH/Common.php(1142): CodeIgniter\View\View->render()
 3 APPPATH/Controllers/Pages.php(28): view()
 4 SYSTEMPATH/CodeIgniter.php(907): App\Controllers\Pages->view()
 5 SYSTEMPATH/CodeIgniter.php(457): CodeIgniter\CodeIgniter->runController()
 6 SYSTEMPATH/CodeIgniter.php(340): CodeIgniter\CodeIgniter->handleRequest()
 7 FCPATH/index.php(67): CodeIgniter\CodeIgniter->run()
CRITICAL - 2022-09-28 19:40:27 --> Invalid file: pages/assets.php
in SYSTEMPATH/Exceptions/FrameworkException.php on line 33.
 1 SYSTEMPATH/View/View.php(201): CodeIgniter\Exceptions\FrameworkException::forInvalidFile()
 2 SYSTEMPATH/Common.php(1142): CodeIgniter\View\View->render()
 3 APPPATH/Controllers/Pages.php(28): view()
 4 SYSTEMPATH/CodeIgniter.php(907): App\Controllers\Pages->view()
 5 SYSTEMPATH/CodeIgniter.php(457): CodeIgniter\CodeIgniter->runController()
 6 SYSTEMPATH/CodeIgniter.php(340): CodeIgniter\CodeIgniter->handleRequest()
 7 FCPATH/index.php(67): CodeIgniter\CodeIgniter->run()
CRITICAL - 2022-09-28 19:40:27 --> Invalid file: pages/assets.php
in SYSTEMPATH/Exceptions/FrameworkException.php on line 33.
 1 SYSTEMPATH/View/View.php(201): CodeIgniter\Exceptions\FrameworkException::forInvalidFile()
 2 SYSTEMPATH/Common.php(1142): CodeIgniter\View\View->render()
 3 APPPATH/Controllers/Pages.php(28): view()
 4 SYSTEMPATH/CodeIgniter.php(907): App\Controllers\Pages->view()
 5 SYSTEMPATH/CodeIgniter.php(457): CodeIgniter\CodeIgniter->runController()
 6 SYSTEMPATH/CodeIgniter.php(340): CodeIgniter\CodeIgniter->handleRequest()
 7 FCPATH/index.php(67): CodeIgniter\CodeIgniter->run()
CRITICAL - 2022-09-28 19:40:35 --> Trying to access array offset on value of type null
in APPPATH/Controllers/Admin.php on line 2095.
 1 APPPATH/Controllers/Admin.php(2095): CodeIgniter\Debug\Exceptions->errorHandler()
 2 SYSTEMPATH/CodeIgniter.php(907): App\Controllers\Admin->userupdate()
 3 SYSTEMPATH/CodeIgniter.php(457): CodeIgniter\CodeIgniter->runController()
 4 SYSTEMPATH/CodeIgniter.php(340): CodeIgniter\CodeIgniter->handleRequest()
 5 FCPATH/index.php(67): CodeIgniter\CodeIgniter->run()
CRITICAL - 2022-09-28 19:42:39 --> Invalid file: pages/assets.php
in SYSTEMPATH/Exceptions/FrameworkException.php on line 33.
 1 SYSTEMPATH/View/View.php(201): CodeIgniter\Exceptions\FrameworkException::forInvalidFile()
 2 SYSTEMPATH/Common.php(1142): CodeIgniter\View\View->render()
 3 APPPATH/Controllers/Pages.php(28): view()
 4 SYSTEMPATH/CodeIgniter.php(907): App\Controllers\Pages->view()
 5 SYSTEMPATH/CodeIgniter.php(457): CodeIgniter\CodeIgniter->runController()
 6 SYSTEMPATH/CodeIgniter.php(340): CodeIgniter\CodeIgniter->handleRequest()
 7 FCPATH/index.php(67): CodeIgniter\CodeIgniter->run()
CRITICAL - 2022-09-28 19:42:39 --> Invalid file: pages/assets.php
in SYSTEMPATH/Exceptions/FrameworkException.php on line 33.
 1 SYSTEMPATH/View/View.php(201): CodeIgniter\Exceptions\FrameworkException::forInvalidFile()
 2 SYSTEMPATH/Common.php(1142): CodeIgniter\View\View->render()
 3 APPPATH/Controllers/Pages.php(28): view()
 4 SYSTEMPATH/CodeIgniter.php(907): App\Controllers\Pages->view()
 5 SYSTEMPATH/CodeIgniter.php(457): CodeIgniter\CodeIgniter->runController()
 6 SYSTEMPATH/CodeIgniter.php(340): CodeIgniter\CodeIgniter->handleRequest()
 7 FCPATH/index.php(67): CodeIgniter\CodeIgniter->run()
CRITICAL - 2022-09-28 19:42:41 --> Invalid file: pages/assets.php
in SYSTEMPATH/Exceptions/FrameworkException.php on line 33.
 1 SYSTEMPATH/View/View.php(201): CodeIgniter\Exceptions\FrameworkException::forInvalidFile()
 2 SYSTEMPATH/Common.php(1142): CodeIgniter\View\View->render()
 3 APPPATH/Controllers/Pages.php(28): view()
 4 SYSTEMPATH/CodeIgniter.php(907): App\Controllers\Pages->view()
 5 SYSTEMPATH/CodeIgniter.php(457): CodeIgniter\CodeIgniter->runController()
 6 SYSTEMPATH/CodeIgniter.php(340): CodeIgniter\CodeIgniter->handleRequest()
 7 FCPATH/index.php(67): CodeIgniter\CodeIgniter->run()
CRITICAL - 2022-09-28 19:42:42 --> Invalid file: pages/assets.php
in SYSTEMPATH/Exceptions/FrameworkException.php on line 33.
 1 SYSTEMPATH/View/View.php(201): CodeIgniter\Exceptions\FrameworkException::forInvalidFile()
 2 SYSTEMPATH/Common.php(1142): CodeIgniter\View\View->render()
 3 APPPATH/Controllers/Pages.php(28): view()
 4 SYSTEMPATH/CodeIgniter.php(907): App\Controllers\Pages->view()
 5 SYSTEMPATH/CodeIgniter.php(457): CodeIgniter\CodeIgniter->runController()
 6 SYSTEMPATH/CodeIgniter.php(340): CodeIgniter\CodeIgniter->handleRequest()
 7 FCPATH/index.php(67): CodeIgniter\CodeIgniter->run()
CRITICAL - 2022-09-28 19:44:22 --> Invalid file: pages/assets.php
in SYSTEMPATH/Exceptions/FrameworkException.php on line 33.
 1 SYSTEMPATH/View/View.php(201): CodeIgniter\Exceptions\FrameworkException::forInvalidFile()
 2 SYSTEMPATH/Common.php(1142): CodeIgniter\View\View->render()
 3 APPPATH/Controllers/Pages.php(28): view()
 4 SYSTEMPATH/CodeIgniter.php(907): App\Controllers\Pages->view()
 5 SYSTEMPATH/CodeIgniter.php(457): CodeIgniter\CodeIgniter->runController()
 6 SYSTEMPATH/CodeIgniter.php(340): CodeIgniter\CodeIgniter->handleRequest()
 7 FCPATH/index.php(67): CodeIgniter\CodeIgniter->run()
CRITICAL - 2022-09-28 19:44:22 --> Invalid file: pages/assets.php
in SYSTEMPATH/Exceptions/FrameworkException.php on line 33.
 1 SYSTEMPATH/View/View.php(201): CodeIgniter\Exceptions\FrameworkException::forInvalidFile()
 2 SYSTEMPATH/Common.php(1142): CodeIgniter\View\View->render()
 3 APPPATH/Controllers/Pages.php(28): view()
 4 SYSTEMPATH/CodeIgniter.php(907): App\Controllers\Pages->view()
 5 SYSTEMPATH/CodeIgniter.php(457): CodeIgniter\CodeIgniter->runController()
 6 SYSTEMPATH/CodeIgniter.php(340): CodeIgniter\CodeIgniter->handleRequest()
 7 FCPATH/index.php(67): CodeIgniter\CodeIgniter->run()
CRITICAL - 2022-09-28 19:44:51 --> Invalid file: pages/assets.php
in SYSTEMPATH/Exceptions/FrameworkException.php on line 33.
 1 SYSTEMPATH/View/View.php(201): CodeIgniter\Exceptions\FrameworkException::forInvalidFile()
 2 SYSTEMPATH/Common.php(1142): CodeIgniter\View\View->render()
 3 APPPATH/Controllers/Pages.php(28): view()
 4 SYSTEMPATH/CodeIgniter.php(907): App\Controllers\Pages->view()
 5 SYSTEMPATH/CodeIgniter.php(457): CodeIgniter\CodeIgniter->runController()
 6 SYSTEMPATH/CodeIgniter.php(340): CodeIgniter\CodeIgniter->handleRequest()
 7 FCPATH/index.php(67): CodeIgniter\CodeIgniter->run()
CRITICAL - 2022-09-28 19:44:51 --> Invalid file: pages/assets.php
in SYSTEMPATH/Exceptions/FrameworkException.php on line 33.
 1 SYSTEMPATH/View/View.php(201): CodeIgniter\Exceptions\FrameworkException::forInvalidFile()
 2 SYSTEMPATH/Common.php(1142): CodeIgniter\View\View->render()
 3 APPPATH/Controllers/Pages.php(28): view()
 4 SYSTEMPATH/CodeIgniter.php(907): App\Controllers\Pages->view()
 5 SYSTEMPATH/CodeIgniter.php(457): CodeIgniter\CodeIgniter->runController()
 6 SYSTEMPATH/CodeIgniter.php(340): CodeIgniter\CodeIgniter->handleRequest()
 7 FCPATH/index.php(67): CodeIgniter\CodeIgniter->run()
CRITICAL - 2022-09-28 19:44:55 --> Invalid file: pages/assets.php
in SYSTEMPATH/Exceptions/FrameworkException.php on line 33.
 1 SYSTEMPATH/View/View.php(201): CodeIgniter\Exceptions\FrameworkException::forInvalidFile()
 2 SYSTEMPATH/Common.php(1142): CodeIgniter\View\View->render()
 3 APPPATH/Controllers/Pages.php(28): view()
 4 SYSTEMPATH/CodeIgniter.php(907): App\Controllers\Pages->view()
 5 SYSTEMPATH/CodeIgniter.php(457): CodeIgniter\CodeIgniter->runController()
 6 SYSTEMPATH/CodeIgniter.php(340): CodeIgniter\CodeIgniter->handleRequest()
 7 FCPATH/index.php(67): CodeIgniter\CodeIgniter->run()
CRITICAL - 2022-09-28 19:44:55 --> Invalid file: pages/assets.php
in SYSTEMPATH/Exceptions/FrameworkException.php on line 33.
 1 SYSTEMPATH/View/View.php(201): CodeIgniter\Exceptions\FrameworkException::forInvalidFile()
 2 SYSTEMPATH/Common.php(1142): CodeIgniter\View\View->render()
 3 APPPATH/Controllers/Pages.php(28): view()
 4 SYSTEMPATH/CodeIgniter.php(907): App\Controllers\Pages->view()
 5 SYSTEMPATH/CodeIgniter.php(457): CodeIgniter\CodeIgniter->runController()
 6 SYSTEMPATH/CodeIgniter.php(340): CodeIgniter\CodeIgniter->handleRequest()
 7 FCPATH/index.php(67): CodeIgniter\CodeIgniter->run()
CRITICAL - 2022-09-28 19:46:24 --> Invalid file: pages/assets.php
in SYSTEMPATH/Exceptions/FrameworkException.php on line 33.
 1 SYSTEMPATH/View/View.php(201): CodeIgniter\Exceptions\FrameworkException::forInvalidFile()
 2 SYSTEMPATH/Common.php(1142): CodeIgniter\View\View->render()
 3 APPPATH/Controllers/Pages.php(28): view()
 4 SYSTEMPATH/CodeIgniter.php(907): App\Controllers\Pages->view()
 5 SYSTEMPATH/CodeIgniter.php(457): CodeIgniter\CodeIgniter->runController()
 6 SYSTEMPATH/CodeIgniter.php(340): CodeIgniter\CodeIgniter->handleRequest()
 7 FCPATH/index.php(67): CodeIgniter\CodeIgniter->run()
CRITICAL - 2022-09-28 19:46:24 --> Invalid file: pages/assets.php
in SYSTEMPATH/Exceptions/FrameworkException.php on line 33.
 1 SYSTEMPATH/View/View.php(201): CodeIgniter\Exceptions\FrameworkException::forInvalidFile()
 2 SYSTEMPATH/Common.php(1142): CodeIgniter\View\View->render()
 3 APPPATH/Controllers/Pages.php(28): view()
 4 SYSTEMPATH/CodeIgniter.php(907): App\Controllers\Pages->view()
 5 SYSTEMPATH/CodeIgniter.php(457): CodeIgniter\CodeIgniter->runController()
 6 SYSTEMPATH/CodeIgniter.php(340): CodeIgniter\CodeIgniter->handleRequest()
 7 FCPATH/index.php(67): CodeIgniter\CodeIgniter->run()
CRITICAL - 2022-09-28 19:46:27 --> Invalid file: pages/assets.php
in SYSTEMPATH/Exceptions/FrameworkException.php on line 33.
 1 SYSTEMPATH/View/View.php(201): CodeIgniter\Exceptions\FrameworkException::forInvalidFile()
 2 SYSTEMPATH/Common.php(1142): CodeIgniter\View\View->render()
 3 APPPATH/Controllers/Pages.php(28): view()
 4 SYSTEMPATH/CodeIgniter.php(907): App\Controllers\Pages->view()
 5 SYSTEMPATH/CodeIgniter.php(457): CodeIgniter\CodeIgniter->runController()
 6 SYSTEMPATH/CodeIgniter.php(340): CodeIgniter\CodeIgniter->handleRequest()
 7 FCPATH/index.php(67): CodeIgniter\CodeIgniter->run()
CRITICAL - 2022-09-28 19:46:27 --> Invalid file: pages/assets.php
in SYSTEMPATH/Exceptions/FrameworkException.php on line 33.
 1 SYSTEMPATH/View/View.php(201): CodeIgniter\Exceptions\FrameworkException::forInvalidFile()
 2 SYSTEMPATH/Common.php(1142): CodeIgniter\View\View->render()
 3 APPPATH/Controllers/Pages.php(28): view()
 4 SYSTEMPATH/CodeIgniter.php(907): App\Controllers\Pages->view()
 5 SYSTEMPATH/CodeIgniter.php(457): CodeIgniter\CodeIgniter->runController()
 6 SYSTEMPATH/CodeIgniter.php(340): CodeIgniter\CodeIgniter->handleRequest()
 7 FCPATH/index.php(67): CodeIgniter\CodeIgniter->run()
CRITICAL - 2022-09-28 19:46:33 --> Invalid file: pages/assets.php
in SYSTEMPATH/Exceptions/FrameworkException.php on line 33.
 1 SYSTEMPATH/View/View.php(201): CodeIgniter\Exceptions\FrameworkException::forInvalidFile()
 2 SYSTEMPATH/Common.php(1142): CodeIgniter\View\View->render()
 3 APPPATH/Controllers/Pages.php(28): view()
 4 SYSTEMPATH/CodeIgniter.php(907): App\Controllers\Pages->view()
 5 SYSTEMPATH/CodeIgniter.php(457): CodeIgniter\CodeIgniter->runController()
 6 SYSTEMPATH/CodeIgniter.php(340): CodeIgniter\CodeIgniter->handleRequest()
 7 FCPATH/index.php(67): CodeIgniter\CodeIgniter->run()
CRITICAL - 2022-09-28 19:46:33 --> Invalid file: pages/assets.php
in SYSTEMPATH/Exceptions/FrameworkException.php on line 33.
 1 SYSTEMPATH/View/View.php(201): CodeIgniter\Exceptions\FrameworkException::forInvalidFile()
 2 SYSTEMPATH/Common.php(1142): CodeIgniter\View\View->render()
 3 APPPATH/Controllers/Pages.php(28): view()
 4 SYSTEMPATH/CodeIgniter.php(907): App\Controllers\Pages->view()
 5 SYSTEMPATH/CodeIgniter.php(457): CodeIgniter\CodeIgniter->runController()
 6 SYSTEMPATH/CodeIgniter.php(340): CodeIgniter\CodeIgniter->handleRequest()
 7 FCPATH/index.php(67): CodeIgniter\CodeIgniter->run()
CRITICAL - 2022-09-28 19:47:45 --> Invalid file: pages/assets.php
in SYSTEMPATH/Exceptions/FrameworkException.php on line 33.
 1 SYSTEMPATH/View/View.php(201): CodeIgniter\Exceptions\FrameworkException::forInvalidFile()
 2 SYSTEMPATH/Common.php(1142): CodeIgniter\View\View->render()
 3 APPPATH/Controllers/Pages.php(28): view()
 4 SYSTEMPATH/CodeIgniter.php(907): App\Controllers\Pages->view()
 5 SYSTEMPATH/CodeIgniter.php(457): CodeIgniter\CodeIgniter->runController()
 6 SYSTEMPATH/CodeIgniter.php(340): CodeIgniter\CodeIgniter->handleRequest()
 7 FCPATH/index.php(67): CodeIgniter\CodeIgniter->run()
CRITICAL - 2022-09-28 19:47:45 --> Invalid file: pages/assets.php
in SYSTEMPATH/Exceptions/FrameworkException.php on line 33.
 1 SYSTEMPATH/View/View.php(201): CodeIgniter\Exceptions\FrameworkException::forInvalidFile()
 2 SYSTEMPATH/Common.php(1142): CodeIgniter\View\View->render()
 3 APPPATH/Controllers/Pages.php(28): view()
 4 SYSTEMPATH/CodeIgniter.php(907): App\Controllers\Pages->view()
 5 SYSTEMPATH/CodeIgniter.php(457): CodeIgniter\CodeIgniter->runController()
 6 SYSTEMPATH/CodeIgniter.php(340): CodeIgniter\CodeIgniter->handleRequest()
 7 FCPATH/index.php(67): CodeIgniter\CodeIgniter->run()
CRITICAL - 2022-09-28 19:48:28 --> Invalid file: pages/assets.php
in SYSTEMPATH/Exceptions/FrameworkException.php on line 33.
 1 SYSTEMPATH/View/View.php(201): CodeIgniter\Exceptions\FrameworkException::forInvalidFile()
 2 SYSTEMPATH/Common.php(1142): CodeIgniter\View\View->render()
 3 APPPATH/Controllers/Pages.php(28): view()
 4 SYSTEMPATH/CodeIgniter.php(907): App\Controllers\Pages->view()
 5 SYSTEMPATH/CodeIgniter.php(457): CodeIgniter\CodeIgniter->runController()
 6 SYSTEMPATH/CodeIgniter.php(340): CodeIgniter\CodeIgniter->handleRequest()
 7 FCPATH/index.php(67): CodeIgniter\CodeIgniter->run()
CRITICAL - 2022-09-28 19:48:28 --> Invalid file: pages/assets.php
in SYSTEMPATH/Exceptions/FrameworkException.php on line 33.
 1 SYSTEMPATH/View/View.php(201): CodeIgniter\Exceptions\FrameworkException::forInvalidFile()
 2 SYSTEMPATH/Common.php(1142): CodeIgniter\View\View->render()
 3 APPPATH/Controllers/Pages.php(28): view()
 4 SYSTEMPATH/CodeIgniter.php(907): App\Controllers\Pages->view()
 5 SYSTEMPATH/CodeIgniter.php(457): CodeIgniter\CodeIgniter->runController()
 6 SYSTEMPATH/CodeIgniter.php(340): CodeIgniter\CodeIgniter->handleRequest()
 7 FCPATH/index.php(67): CodeIgniter\CodeIgniter->run()
CRITICAL - 2022-09-28 19:48:31 --> Undefined variable $user_id
in APPPATH/Controllers/Admin.php on line 2108.
 1 APPPATH/Controllers/Admin.php(2108): CodeIgniter\Debug\Exceptions->errorHandler()
 2 SYSTEMPATH/CodeIgniter.php(907): App\Controllers\Admin->userupdate()
 3 SYSTEMPATH/CodeIgniter.php(457): CodeIgniter\CodeIgniter->runController()
 4 SYSTEMPATH/CodeIgniter.php(340): CodeIgniter\CodeIgniter->handleRequest()
 5 FCPATH/index.php(67): CodeIgniter\CodeIgniter->run()
CRITICAL - 2022-09-28 19:49:10 --> Invalid file: pages/assets.php
in SYSTEMPATH/Exceptions/FrameworkException.php on line 33.
 1 SYSTEMPATH/View/View.php(201): CodeIgniter\Exceptions\FrameworkException::forInvalidFile()
 2 SYSTEMPATH/Common.php(1142): CodeIgniter\View\View->render()
 3 APPPATH/Controllers/Pages.php(28): view()
 4 SYSTEMPATH/CodeIgniter.php(907): App\Controllers\Pages->view()
 5 SYSTEMPATH/CodeIgniter.php(457): CodeIgniter\CodeIgniter->runController()
 6 SYSTEMPATH/CodeIgniter.php(340): CodeIgniter\CodeIgniter->handleRequest()
 7 FCPATH/index.php(67): CodeIgniter\CodeIgniter->run()
CRITICAL - 2022-09-28 19:49:10 --> Invalid file: pages/assets.php
in SYSTEMPATH/Exceptions/FrameworkException.php on line 33.
 1 SYSTEMPATH/View/View.php(201): CodeIgniter\Exceptions\FrameworkException::forInvalidFile()
 2 SYSTEMPATH/Common.php(1142): CodeIgniter\View\View->render()
 3 APPPATH/Controllers/Pages.php(28): view()
 4 SYSTEMPATH/CodeIgniter.php(907): App\Controllers\Pages->view()
 5 SYSTEMPATH/CodeIgniter.php(457): CodeIgniter\CodeIgniter->runController()
 6 SYSTEMPATH/CodeIgniter.php(340): CodeIgniter\CodeIgniter->handleRequest()
 7 FCPATH/index.php(67): CodeIgniter\CodeIgniter->run()
CRITICAL - 2022-09-28 19:58:32 --> Invalid file: pages/uploads.php
in SYSTEMPATH/Exceptions/FrameworkException.php on line 33.
 1 SYSTEMPATH/View/View.php(201): CodeIgniter\Exceptions\FrameworkException::forInvalidFile()
 2 SYSTEMPATH/Common.php(1142): CodeIgniter\View\View->render()
 3 APPPATH/Controllers/Pages.php(28): view()
 4 SYSTEMPATH/CodeIgniter.php(907): App\Controllers\Pages->view()
 5 SYSTEMPATH/CodeIgniter.php(457): CodeIgniter\CodeIgniter->runController()
 6 SYSTEMPATH/CodeIgniter.php(340): CodeIgniter\CodeIgniter->handleRequest()
 7 FCPATH/index.php(67): CodeIgniter\CodeIgniter->run()
CRITICAL - 2022-09-28 20:01:45 --> Invalid file: pages/assets.php
in SYSTEMPATH/Exceptions/FrameworkException.php on line 33.
 1 SYSTEMPATH/View/View.php(201): CodeIgniter\Exceptions\FrameworkException::forInvalidFile()
 2 SYSTEMPATH/Common.php(1142): CodeIgniter\View\View->render()
 3 APPPATH/Controllers/Pages.php(28): view()
 4 SYSTEMPATH/CodeIgniter.php(907): App\Controllers\Pages->view()
 5 SYSTEMPATH/CodeIgniter.php(457): CodeIgniter\CodeIgniter->runController()
 6 SYSTEMPATH/CodeIgniter.php(340): CodeIgniter\CodeIgniter->handleRequest()
 7 FCPATH/index.php(67): CodeIgniter\CodeIgniter->run()
CRITICAL - 2022-09-28 20:01:45 --> Invalid file: pages/assets.php
in SYSTEMPATH/Exceptions/FrameworkException.php on line 33.
 1 SYSTEMPATH/View/View.php(201): CodeIgniter\Exceptions\FrameworkException::forInvalidFile()
 2 SYSTEMPATH/Common.php(1142): CodeIgniter\View\View->render()
 3 APPPATH/Controllers/Pages.php(28): view()
 4 SYSTEMPATH/CodeIgniter.php(907): App\Controllers\Pages->view()
 5 SYSTEMPATH/CodeIgniter.php(457): CodeIgniter\CodeIgniter->runController()
 6 SYSTEMPATH/CodeIgniter.php(340): CodeIgniter\CodeIgniter->handleRequest()
 7 FCPATH/index.php(67): CodeIgniter\CodeIgniter->run()
CRITICAL - 2022-09-28 20:02:05 --> Invalid file: pages/assets.php
in SYSTEMPATH/Exceptions/FrameworkException.php on line 33.
 1 SYSTEMPATH/View/View.php(201): CodeIgniter\Exceptions\FrameworkException::forInvalidFile()
 2 SYSTEMPATH/Common.php(1142): CodeIgniter\View\View->render()
 3 APPPATH/Controllers/Pages.php(28): view()
 4 SYSTEMPATH/CodeIgniter.php(907): App\Controllers\Pages->view()
 5 SYSTEMPATH/CodeIgniter.php(457): CodeIgniter\CodeIgniter->runController()
 6 SYSTEMPATH/CodeIgniter.php(340): CodeIgniter\CodeIgniter->handleRequest()
 7 FCPATH/index.php(67): CodeIgniter\CodeIgniter->run()
CRITICAL - 2022-09-28 20:02:05 --> Invalid file: pages/assets.php
in SYSTEMPATH/Exceptions/FrameworkException.php on line 33.
 1 SYSTEMPATH/View/View.php(201): CodeIgniter\Exceptions\FrameworkException::forInvalidFile()
 2 SYSTEMPATH/Common.php(1142): CodeIgniter\View\View->render()
 3 APPPATH/Controllers/Pages.php(28): view()
 4 SYSTEMPATH/CodeIgniter.php(907): App\Controllers\Pages->view()
 5 SYSTEMPATH/CodeIgniter.php(457): CodeIgniter\CodeIgniter->runController()
 6 SYSTEMPATH/CodeIgniter.php(340): CodeIgniter\CodeIgniter->handleRequest()
 7 FCPATH/index.php(67): CodeIgniter\CodeIgniter->run()
CRITICAL - 2022-09-28 20:02:12 --> Invalid file: pages/assets.php
in SYSTEMPATH/Exceptions/FrameworkException.php on line 33.
 1 SYSTEMPATH/View/View.php(201): CodeIgniter\Exceptions\FrameworkException::forInvalidFile()
 2 SYSTEMPATH/Common.php(1142): CodeIgniter\View\View->render()
 3 APPPATH/Controllers/Pages.php(28): view()
 4 SYSTEMPATH/CodeIgniter.php(907): App\Controllers\Pages->view()
 5 SYSTEMPATH/CodeIgniter.php(457): CodeIgniter\CodeIgniter->runController()
 6 SYSTEMPATH/CodeIgniter.php(340): CodeIgniter\CodeIgniter->handleRequest()
 7 FCPATH/index.php(67): CodeIgniter\CodeIgniter->run()
CRITICAL - 2022-09-28 20:02:12 --> Invalid file: pages/assets.php
in SYSTEMPATH/Exceptions/FrameworkException.php on line 33.
 1 SYSTEMPATH/View/View.php(201): CodeIgniter\Exceptions\FrameworkException::forInvalidFile()
 2 SYSTEMPATH/Common.php(1142): CodeIgniter\View\View->render()
 3 APPPATH/Controllers/Pages.php(28): view()
 4 SYSTEMPATH/CodeIgniter.php(907): App\Controllers\Pages->view()
 5 SYSTEMPATH/CodeIgniter.php(457): CodeIgniter\CodeIgniter->runController()
 6 SYSTEMPATH/CodeIgniter.php(340): CodeIgniter\CodeIgniter->handleRequest()
 7 FCPATH/index.php(67): CodeIgniter\CodeIgniter->run()
CRITICAL - 2022-09-28 20:16:01 --> Invalid file: pages/assets.php
in SYSTEMPATH/Exceptions/FrameworkException.php on line 33.
 1 SYSTEMPATH/View/View.php(201): CodeIgniter\Exceptions\FrameworkException::forInvalidFile()
 2 SYSTEMPATH/Common.php(1142): CodeIgniter\View\View->render()
 3 APPPATH/Controllers/Pages.php(28): view()
 4 SYSTEMPATH/CodeIgniter.php(907): App\Controllers\Pages->view()
 5 SYSTEMPATH/CodeIgniter.php(457): CodeIgniter\CodeIgniter->runController()
 6 SYSTEMPATH/CodeIgniter.php(340): CodeIgniter\CodeIgniter->handleRequest()
 7 FCPATH/index.php(67): CodeIgniter\CodeIgniter->run()
CRITICAL - 2022-09-28 20:16:01 --> Invalid file: pages/assets.php
in SYSTEMPATH/Exceptions/FrameworkException.php on line 33.
 1 SYSTEMPATH/View/View.php(201): CodeIgniter\Exceptions\FrameworkException::forInvalidFile()
 2 SYSTEMPATH/Common.php(1142): CodeIgniter\View\View->render()
 3 APPPATH/Controllers/Pages.php(28): view()
 4 SYSTEMPATH/CodeIgniter.php(907): App\Controllers\Pages->view()
 5 SYSTEMPATH/CodeIgniter.php(457): CodeIgniter\CodeIgniter->runController()
 6 SYSTEMPATH/CodeIgniter.php(340): CodeIgniter\CodeIgniter->handleRequest()
 7 FCPATH/index.php(67): CodeIgniter\CodeIgniter->run()
CRITICAL - 2022-09-28 20:32:22 --> Invalid file: pages/assets.php
in SYSTEMPATH/Exceptions/FrameworkException.php on line 33.
 1 SYSTEMPATH/View/View.php(201): CodeIgniter\Exceptions\FrameworkException::forInvalidFile()
 2 SYSTEMPATH/Common.php(1142): CodeIgniter\View\View->render()
 3 APPPATH/Controllers/Pages.php(28): view()
 4 SYSTEMPATH/CodeIgniter.php(907): App\Controllers\Pages->view()
 5 SYSTEMPATH/CodeIgniter.php(457): CodeIgniter\CodeIgniter->runController()
 6 SYSTEMPATH/CodeIgniter.php(340): CodeIgniter\CodeIgniter->handleRequest()
 7 FCPATH/index.php(67): CodeIgniter\CodeIgniter->run()
CRITICAL - 2022-09-28 20:32:22 --> Invalid file: pages/assets.php
in SYSTEMPATH/Exceptions/FrameworkException.php on line 33.
 1 SYSTEMPATH/View/View.php(201): CodeIgniter\Exceptions\FrameworkException::forInvalidFile()
 2 SYSTEMPATH/Common.php(1142): CodeIgniter\View\View->render()
 3 APPPATH/Controllers/Pages.php(28): view()
 4 SYSTEMPATH/CodeIgniter.php(907): App\Controllers\Pages->view()
 5 SYSTEMPATH/CodeIgniter.php(457): CodeIgniter\CodeIgniter->runController()
 6 SYSTEMPATH/CodeIgniter.php(340): CodeIgniter\CodeIgniter->handleRequest()
 7 FCPATH/index.php(67): CodeIgniter\CodeIgniter->run()
CRITICAL - 2022-09-28 20:33:06 --> Invalid file: pages/assets.php
in SYSTEMPATH/Exceptions/FrameworkException.php on line 33.
 1 SYSTEMPATH/View/View.php(201): CodeIgniter\Exceptions\FrameworkException::forInvalidFile()
 2 SYSTEMPATH/Common.php(1142): CodeIgniter\View\View->render()
 3 APPPATH/Controllers/Pages.php(28): view()
 4 SYSTEMPATH/CodeIgniter.php(907): App\Controllers\Pages->view()
 5 SYSTEMPATH/CodeIgniter.php(457): CodeIgniter\CodeIgniter->runController()
 6 SYSTEMPATH/CodeIgniter.php(340): CodeIgniter\CodeIgniter->handleRequest()
 7 FCPATH/index.php(67): CodeIgniter\CodeIgniter->run()
CRITICAL - 2022-09-28 20:33:06 --> Invalid file: pages/assets.php
in SYSTEMPATH/Exceptions/FrameworkException.php on line 33.
 1 SYSTEMPATH/View/View.php(201): CodeIgniter\Exceptions\FrameworkException::forInvalidFile()
 2 SYSTEMPATH/Common.php(1142): CodeIgniter\View\View->render()
 3 APPPATH/Controllers/Pages.php(28): view()
 4 SYSTEMPATH/CodeIgniter.php(907): App\Controllers\Pages->view()
 5 SYSTEMPATH/CodeIgniter.php(457): CodeIgniter\CodeIgniter->runController()
 6 SYSTEMPATH/CodeIgniter.php(340): CodeIgniter\CodeIgniter->handleRequest()
 7 FCPATH/index.php(67): CodeIgniter\CodeIgniter->run()
CRITICAL - 2022-09-28 20:33:43 --> Invalid file: pages/assets.php
in SYSTEMPATH/Exceptions/FrameworkException.php on line 33.
 1 SYSTEMPATH/View/View.php(201): CodeIgniter\Exceptions\FrameworkException::forInvalidFile()
 2 SYSTEMPATH/Common.php(1142): CodeIgniter\View\View->render()
 3 APPPATH/Controllers/Pages.php(28): view()
 4 SYSTEMPATH/CodeIgniter.php(907): App\Controllers\Pages->view()
 5 SYSTEMPATH/CodeIgniter.php(457): CodeIgniter\CodeIgniter->runController()
 6 SYSTEMPATH/CodeIgniter.php(340): CodeIgniter\CodeIgniter->handleRequest()
 7 FCPATH/index.php(67): CodeIgniter\CodeIgniter->run()
CRITICAL - 2022-09-28 20:33:43 --> Invalid file: pages/assets.php
in SYSTEMPATH/Exceptions/FrameworkException.php on line 33.
 1 SYSTEMPATH/View/View.php(201): CodeIgniter\Exceptions\FrameworkException::forInvalidFile()
 2 SYSTEMPATH/Common.php(1142): CodeIgniter\View\View->render()
 3 APPPATH/Controllers/Pages.php(28): view()
 4 SYSTEMPATH/CodeIgniter.php(907): App\Controllers\Pages->view()
 5 SYSTEMPATH/CodeIgniter.php(457): CodeIgniter\CodeIgniter->runController()
 6 SYSTEMPATH/CodeIgniter.php(340): CodeIgniter\CodeIgniter->handleRequest()
 7 FCPATH/index.php(67): CodeIgniter\CodeIgniter->run()
CRITICAL - 2022-09-28 20:35:40 --> Invalid file: pages/assets.php
in SYSTEMPATH/Exceptions/FrameworkException.php on line 33.
 1 SYSTEMPATH/View/View.php(201): CodeIgniter\Exceptions\FrameworkException::forInvalidFile()
 2 SYSTEMPATH/Common.php(1142): CodeIgniter\View\View->render()
 3 APPPATH/Controllers/Pages.php(28): view()
 4 SYSTEMPATH/CodeIgniter.php(907): App\Controllers\Pages->view()
 5 SYSTEMPATH/CodeIgniter.php(457): CodeIgniter\CodeIgniter->runController()
 6 SYSTEMPATH/CodeIgniter.php(340): CodeIgniter\CodeIgniter->handleRequest()
 7 FCPATH/index.php(67): CodeIgniter\CodeIgniter->run()
CRITICAL - 2022-09-28 20:35:40 --> Invalid file: pages/assets.php
in SYSTEMPATH/Exceptions/FrameworkException.php on line 33.
 1 SYSTEMPATH/View/View.php(201): CodeIgniter\Exceptions\FrameworkException::forInvalidFile()
 2 SYSTEMPATH/Common.php(1142): CodeIgniter\View\View->render()
 3 APPPATH/Controllers/Pages.php(28): view()
 4 SYSTEMPATH/CodeIgniter.php(907): App\Controllers\Pages->view()
 5 SYSTEMPATH/CodeIgniter.php(457): CodeIgniter\CodeIgniter->runController()
 6 SYSTEMPATH/CodeIgniter.php(340): CodeIgniter\CodeIgniter->handleRequest()
 7 FCPATH/index.php(67): CodeIgniter\CodeIgniter->run()
CRITICAL - 2022-09-28 20:35:50 --> Invalid file: pages/assets.php
in SYSTEMPATH/Exceptions/FrameworkException.php on line 33.
 1 SYSTEMPATH/View/View.php(201): CodeIgniter\Exceptions\FrameworkException::forInvalidFile()
 2 SYSTEMPATH/Common.php(1142): CodeIgniter\View\View->render()
 3 APPPATH/Controllers/Pages.php(28): view()
 4 SYSTEMPATH/CodeIgniter.php(907): App\Controllers\Pages->view()
 5 SYSTEMPATH/CodeIgniter.php(457): CodeIgniter\CodeIgniter->runController()
 6 SYSTEMPATH/CodeIgniter.php(340): CodeIgniter\CodeIgniter->handleRequest()
 7 FCPATH/index.php(67): CodeIgniter\CodeIgniter->run()
CRITICAL - 2022-09-28 20:35:50 --> Invalid file: pages/assets.php
in SYSTEMPATH/Exceptions/FrameworkException.php on line 33.
 1 SYSTEMPATH/View/View.php(201): CodeIgniter\Exceptions\FrameworkException::forInvalidFile()
 2 SYSTEMPATH/Common.php(1142): CodeIgniter\View\View->render()
 3 APPPATH/Controllers/Pages.php(28): view()
 4 SYSTEMPATH/CodeIgniter.php(907): App\Controllers\Pages->view()
 5 SYSTEMPATH/CodeIgniter.php(457): CodeIgniter\CodeIgniter->runController()
 6 SYSTEMPATH/CodeIgniter.php(340): CodeIgniter\CodeIgniter->handleRequest()
 7 FCPATH/index.php(67): CodeIgniter\CodeIgniter->run()
CRITICAL - 2022-09-28 20:36:29 --> Invalid file: pages/assets.php
in SYSTEMPATH/Exceptions/FrameworkException.php on line 33.
 1 SYSTEMPATH/View/View.php(201): CodeIgniter\Exceptions\FrameworkException::forInvalidFile()
 2 SYSTEMPATH/Common.php(1142): CodeIgniter\View\View->render()
 3 APPPATH/Controllers/Pages.php(28): view()
 4 SYSTEMPATH/CodeIgniter.php(907): App\Controllers\Pages->view()
 5 SYSTEMPATH/CodeIgniter.php(457): CodeIgniter\CodeIgniter->runController()
 6 SYSTEMPATH/CodeIgniter.php(340): CodeIgniter\CodeIgniter->handleRequest()
 7 FCPATH/index.php(67): CodeIgniter\CodeIgniter->run()
CRITICAL - 2022-09-28 20:36:29 --> Invalid file: pages/assets.php
in SYSTEMPATH/Exceptions/FrameworkException.php on line 33.
 1 SYSTEMPATH/View/View.php(201): CodeIgniter\Exceptions\FrameworkException::forInvalidFile()
 2 SYSTEMPATH/Common.php(1142): CodeIgniter\View\View->render()
 3 APPPATH/Controllers/Pages.php(28): view()
 4 SYSTEMPATH/CodeIgniter.php(907): App\Controllers\Pages->view()
 5 SYSTEMPATH/CodeIgniter.php(457): CodeIgniter\CodeIgniter->runController()
 6 SYSTEMPATH/CodeIgniter.php(340): CodeIgniter\CodeIgniter->handleRequest()
 7 FCPATH/index.php(67): CodeIgniter\CodeIgniter->run()
CRITICAL - 2022-09-28 20:36:34 --> Invalid file: pages/assets.php
in SYSTEMPATH/Exceptions/FrameworkException.php on line 33.
 1 SYSTEMPATH/View/View.php(201): CodeIgniter\Exceptions\FrameworkException::forInvalidFile()
 2 SYSTEMPATH/Common.php(1142): CodeIgniter\View\View->render()
 3 APPPATH/Controllers/Pages.php(28): view()
 4 SYSTEMPATH/CodeIgniter.php(907): App\Controllers\Pages->view()
 5 SYSTEMPATH/CodeIgniter.php(457): CodeIgniter\CodeIgniter->runController()
 6 SYSTEMPATH/CodeIgniter.php(340): CodeIgniter\CodeIgniter->handleRequest()
 7 FCPATH/index.php(67): CodeIgniter\CodeIgniter->run()
CRITICAL - 2022-09-28 20:36:34 --> Invalid file: pages/assets.php
in SYSTEMPATH/Exceptions/FrameworkException.php on line 33.
 1 SYSTEMPATH/View/View.php(201): CodeIgniter\Exceptions\FrameworkException::forInvalidFile()
 2 SYSTEMPATH/Common.php(1142): CodeIgniter\View\View->render()
 3 APPPATH/Controllers/Pages.php(28): view()
 4 SYSTEMPATH/CodeIgniter.php(907): App\Controllers\Pages->view()
 5 SYSTEMPATH/CodeIgniter.php(457): CodeIgniter\CodeIgniter->runController()
 6 SYSTEMPATH/CodeIgniter.php(340): CodeIgniter\CodeIgniter->handleRequest()
 7 FCPATH/index.php(67): CodeIgniter\CodeIgniter->run()
CRITICAL - 2022-09-28 20:36:42 --> Invalid file: pages/assets.php
in SYSTEMPATH/Exceptions/FrameworkException.php on line 33.
 1 SYSTEMPATH/View/View.php(201): CodeIgniter\Exceptions\FrameworkException::forInvalidFile()
 2 SYSTEMPATH/Common.php(1142): CodeIgniter\View\View->render()
 3 APPPATH/Controllers/Pages.php(28): view()
 4 SYSTEMPATH/CodeIgniter.php(907): App\Controllers\Pages->view()
 5 SYSTEMPATH/CodeIgniter.php(457): CodeIgniter\CodeIgniter->runController()
 6 SYSTEMPATH/CodeIgniter.php(340): CodeIgniter\CodeIgniter->handleRequest()
 7 FCPATH/index.php(67): CodeIgniter\CodeIgniter->run()
CRITICAL - 2022-09-28 20:36:42 --> Invalid file: pages/assets.php
in SYSTEMPATH/Exceptions/FrameworkException.php on line 33.
 1 SYSTEMPATH/View/View.php(201): CodeIgniter\Exceptions\FrameworkException::forInvalidFile()
 2 SYSTEMPATH/Common.php(1142): CodeIgniter\View\View->render()
 3 APPPATH/Controllers/Pages.php(28): view()
 4 SYSTEMPATH/CodeIgniter.php(907): App\Controllers\Pages->view()
 5 SYSTEMPATH/CodeIgniter.php(457): CodeIgniter\CodeIgniter->runController()
 6 SYSTEMPATH/CodeIgniter.php(340): CodeIgniter\CodeIgniter->handleRequest()
 7 FCPATH/index.php(67): CodeIgniter\CodeIgniter->run()
CRITICAL - 2022-09-28 20:38:40 --> Invalid file: pages/assets.php
in SYSTEMPATH/Exceptions/FrameworkException.php on line 33.
 1 SYSTEMPATH/View/View.php(201): CodeIgniter\Exceptions\FrameworkException::forInvalidFile()
 2 SYSTEMPATH/Common.php(1142): CodeIgniter\View\View->render()
 3 APPPATH/Controllers/Pages.php(28): view()
 4 SYSTEMPATH/CodeIgniter.php(907): App\Controllers\Pages->view()
 5 SYSTEMPATH/CodeIgniter.php(457): CodeIgniter\CodeIgniter->runController()
 6 SYSTEMPATH/CodeIgniter.php(340): CodeIgniter\CodeIgniter->handleRequest()
 7 FCPATH/index.php(67): CodeIgniter\CodeIgniter->run()
CRITICAL - 2022-09-28 20:38:40 --> Invalid file: pages/assets.php
in SYSTEMPATH/Exceptions/FrameworkException.php on line 33.
 1 SYSTEMPATH/View/View.php(201): CodeIgniter\Exceptions\FrameworkException::forInvalidFile()
 2 SYSTEMPATH/Common.php(1142): CodeIgniter\View\View->render()
 3 APPPATH/Controllers/Pages.php(28): view()
 4 SYSTEMPATH/CodeIgniter.php(907): App\Controllers\Pages->view()
 5 SYSTEMPATH/CodeIgniter.php(457): CodeIgniter\CodeIgniter->runController()
 6 SYSTEMPATH/CodeIgniter.php(340): CodeIgniter\CodeIgniter->handleRequest()
 7 FCPATH/index.php(67): CodeIgniter\CodeIgniter->run()
CRITICAL - 2022-09-28 20:38:45 --> Invalid file: pages/assets.php
in SYSTEMPATH/Exceptions/FrameworkException.php on line 33.
 1 SYSTEMPATH/View/View.php(201): CodeIgniter\Exceptions\FrameworkException::forInvalidFile()
 2 SYSTEMPATH/Common.php(1142): CodeIgniter\View\View->render()
 3 APPPATH/Controllers/Pages.php(28): view()
 4 SYSTEMPATH/CodeIgniter.php(907): App\Controllers\Pages->view()
 5 SYSTEMPATH/CodeIgniter.php(457): CodeIgniter\CodeIgniter->runController()
 6 SYSTEMPATH/CodeIgniter.php(340): CodeIgniter\CodeIgniter->handleRequest()
 7 FCPATH/index.php(67): CodeIgniter\CodeIgniter->run()
CRITICAL - 2022-09-28 20:38:45 --> Invalid file: pages/assets.php
in SYSTEMPATH/Exceptions/FrameworkException.php on line 33.
 1 SYSTEMPATH/View/View.php(201): CodeIgniter\Exceptions\FrameworkException::forInvalidFile()
 2 SYSTEMPATH/Common.php(1142): CodeIgniter\View\View->render()
 3 APPPATH/Controllers/Pages.php(28): view()
 4 SYSTEMPATH/CodeIgniter.php(907): App\Controllers\Pages->view()
 5 SYSTEMPATH/CodeIgniter.php(457): CodeIgniter\CodeIgniter->runController()
 6 SYSTEMPATH/CodeIgniter.php(340): CodeIgniter\CodeIgniter->handleRequest()
 7 FCPATH/index.php(67): CodeIgniter\CodeIgniter->run()
CRITICAL - 2022-09-28 20:39:39 --> Invalid file: pages/assets.php
in SYSTEMPATH/Exceptions/FrameworkException.php on line 33.
 1 SYSTEMPATH/View/View.php(201): CodeIgniter\Exceptions\FrameworkException::forInvalidFile()
 2 SYSTEMPATH/Common.php(1142): CodeIgniter\View\View->render()
 3 APPPATH/Controllers/Pages.php(28): view()
 4 SYSTEMPATH/CodeIgniter.php(907): App\Controllers\Pages->view()
 5 SYSTEMPATH/CodeIgniter.php(457): CodeIgniter\CodeIgniter->runController()
 6 SYSTEMPATH/CodeIgniter.php(340): CodeIgniter\CodeIgniter->handleRequest()
 7 FCPATH/index.php(67): CodeIgniter\CodeIgniter->run()
CRITICAL - 2022-09-28 20:39:39 --> Invalid file: pages/assets.php
in SYSTEMPATH/Exceptions/FrameworkException.php on line 33.
 1 SYSTEMPATH/View/View.php(201): CodeIgniter\Exceptions\FrameworkException::forInvalidFile()
 2 SYSTEMPATH/Common.php(1142): CodeIgniter\View\View->render()
 3 APPPATH/Controllers/Pages.php(28): view()
 4 SYSTEMPATH/CodeIgniter.php(907): App\Controllers\Pages->view()
 5 SYSTEMPATH/CodeIgniter.php(457): CodeIgniter\CodeIgniter->runController()
 6 SYSTEMPATH/CodeIgniter.php(340): CodeIgniter\CodeIgniter->handleRequest()
 7 FCPATH/index.php(67): CodeIgniter\CodeIgniter->run()
CRITICAL - 2022-09-28 20:39:47 --> Invalid file: pages/assets.php
in SYSTEMPATH/Exceptions/FrameworkException.php on line 33.
 1 SYSTEMPATH/View/View.php(201): CodeIgniter\Exceptions\FrameworkException::forInvalidFile()
 2 SYSTEMPATH/Common.php(1142): CodeIgniter\View\View->render()
 3 APPPATH/Controllers/Pages.php(28): view()
 4 SYSTEMPATH/CodeIgniter.php(907): App\Controllers\Pages->view()
 5 SYSTEMPATH/CodeIgniter.php(457): CodeIgniter\CodeIgniter->runController()
 6 SYSTEMPATH/CodeIgniter.php(340): CodeIgniter\CodeIgniter->handleRequest()
 7 FCPATH/index.php(67): CodeIgniter\CodeIgniter->run()
CRITICAL - 2022-09-28 20:39:47 --> Invalid file: pages/assets.php
in SYSTEMPATH/Exceptions/FrameworkException.php on line 33.
 1 SYSTEMPATH/View/View.php(201): CodeIgniter\Exceptions\FrameworkException::forInvalidFile()
 2 SYSTEMPATH/Common.php(1142): CodeIgniter\View\View->render()
 3 APPPATH/Controllers/Pages.php(28): view()
 4 SYSTEMPATH/CodeIgniter.php(907): App\Controllers\Pages->view()
 5 SYSTEMPATH/CodeIgniter.php(457): CodeIgniter\CodeIgniter->runController()
 6 SYSTEMPATH/CodeIgniter.php(340): CodeIgniter\CodeIgniter->handleRequest()
 7 FCPATH/index.php(67): CodeIgniter\CodeIgniter->run()
CRITICAL - 2022-09-28 20:39:54 --> Invalid file: pages/assets.php
in SYSTEMPATH/Exceptions/FrameworkException.php on line 33.
 1 SYSTEMPATH/View/View.php(201): CodeIgniter\Exceptions\FrameworkException::forInvalidFile()
 2 SYSTEMPATH/Common.php(1142): CodeIgniter\View\View->render()
 3 APPPATH/Controllers/Pages.php(28): view()
 4 SYSTEMPATH/CodeIgniter.php(907): App\Controllers\Pages->view()
 5 SYSTEMPATH/CodeIgniter.php(457): CodeIgniter\CodeIgniter->runController()
 6 SYSTEMPATH/CodeIgniter.php(340): CodeIgniter\CodeIgniter->handleRequest()
 7 FCPATH/index.php(67): CodeIgniter\CodeIgniter->run()
CRITICAL - 2022-09-28 20:39:54 --> Invalid file: pages/assets.php
in SYSTEMPATH/Exceptions/FrameworkException.php on line 33.
 1 SYSTEMPATH/View/View.php(201): CodeIgniter\Exceptions\FrameworkException::forInvalidFile()
 2 SYSTEMPATH/Common.php(1142): CodeIgniter\View\View->render()
 3 APPPATH/Controllers/Pages.php(28): view()
 4 SYSTEMPATH/CodeIgniter.php(907): App\Controllers\Pages->view()
 5 SYSTEMPATH/CodeIgniter.php(457): CodeIgniter\CodeIgniter->runController()
 6 SYSTEMPATH/CodeIgniter.php(340): CodeIgniter\CodeIgniter->handleRequest()
 7 FCPATH/index.php(67): CodeIgniter\CodeIgniter->run()
CRITICAL - 2022-09-28 20:40:05 --> Invalid file: pages/assets.php
in SYSTEMPATH/Exceptions/FrameworkException.php on line 33.
 1 SYSTEMPATH/View/View.php(201): CodeIgniter\Exceptions\FrameworkException::forInvalidFile()
 2 SYSTEMPATH/Common.php(1142): CodeIgniter\View\View->render()
 3 APPPATH/Controllers/Pages.php(28): view()
 4 SYSTEMPATH/CodeIgniter.php(907): App\Controllers\Pages->view()
 5 SYSTEMPATH/CodeIgniter.php(457): CodeIgniter\CodeIgniter->runController()
 6 SYSTEMPATH/CodeIgniter.php(340): CodeIgniter\CodeIgniter->handleRequest()
 7 FCPATH/index.php(67): CodeIgniter\CodeIgniter->run()
CRITICAL - 2022-09-28 20:40:05 --> Invalid file: pages/assets.php
in SYSTEMPATH/Exceptions/FrameworkException.php on line 33.
 1 SYSTEMPATH/View/View.php(201): CodeIgniter\Exceptions\FrameworkException::forInvalidFile()
 2 SYSTEMPATH/Common.php(1142): CodeIgniter\View\View->render()
 3 APPPATH/Controllers/Pages.php(28): view()
 4 SYSTEMPATH/CodeIgniter.php(907): App\Controllers\Pages->view()
 5 SYSTEMPATH/CodeIgniter.php(457): CodeIgniter\CodeIgniter->runController()
 6 SYSTEMPATH/CodeIgniter.php(340): CodeIgniter\CodeIgniter->handleRequest()
 7 FCPATH/index.php(67): CodeIgniter\CodeIgniter->run()
CRITICAL - 2022-09-28 20:40:13 --> Invalid file: pages/assets.php
in SYSTEMPATH/Exceptions/FrameworkException.php on line 33.
 1 SYSTEMPATH/View/View.php(201): CodeIgniter\Exceptions\FrameworkException::forInvalidFile()
 2 SYSTEMPATH/Common.php(1142): CodeIgniter\View\View->render()
 3 APPPATH/Controllers/Pages.php(28): view()
 4 SYSTEMPATH/CodeIgniter.php(907): App\Controllers\Pages->view()
 5 SYSTEMPATH/CodeIgniter.php(457): CodeIgniter\CodeIgniter->runController()
 6 SYSTEMPATH/CodeIgniter.php(340): CodeIgniter\CodeIgniter->handleRequest()
 7 FCPATH/index.php(67): CodeIgniter\CodeIgniter->run()
CRITICAL - 2022-09-28 20:40:13 --> Invalid file: pages/assets.php
in SYSTEMPATH/Exceptions/FrameworkException.php on line 33.
 1 SYSTEMPATH/View/View.php(201): CodeIgniter\Exceptions\FrameworkException::forInvalidFile()
 2 SYSTEMPATH/Common.php(1142): CodeIgniter\View\View->render()
 3 APPPATH/Controllers/Pages.php(28): view()
 4 SYSTEMPATH/CodeIgniter.php(907): App\Controllers\Pages->view()
 5 SYSTEMPATH/CodeIgniter.php(457): CodeIgniter\CodeIgniter->runController()
 6 SYSTEMPATH/CodeIgniter.php(340): CodeIgniter\CodeIgniter->handleRequest()
 7 FCPATH/index.php(67): CodeIgniter\CodeIgniter->run()
CRITICAL - 2022-09-28 20:41:01 --> Invalid file: pages/assets.php
in SYSTEMPATH/Exceptions/FrameworkException.php on line 33.
 1 SYSTEMPATH/View/View.php(201): CodeIgniter\Exceptions\FrameworkException::forInvalidFile()
 2 SYSTEMPATH/Common.php(1142): CodeIgniter\View\View->render()
 3 APPPATH/Controllers/Pages.php(28): view()
 4 SYSTEMPATH/CodeIgniter.php(907): App\Controllers\Pages->view()
 5 SYSTEMPATH/CodeIgniter.php(457): CodeIgniter\CodeIgniter->runController()
 6 SYSTEMPATH/CodeIgniter.php(340): CodeIgniter\CodeIgniter->handleRequest()
 7 FCPATH/index.php(67): CodeIgniter\CodeIgniter->run()
CRITICAL - 2022-09-28 20:41:01 --> Invalid file: pages/assets.php
in SYSTEMPATH/Exceptions/FrameworkException.php on line 33.
 1 SYSTEMPATH/View/View.php(201): CodeIgniter\Exceptions\FrameworkException::forInvalidFile()
 2 SYSTEMPATH/Common.php(1142): CodeIgniter\View\View->render()
 3 APPPATH/Controllers/Pages.php(28): view()
 4 SYSTEMPATH/CodeIgniter.php(907): App\Controllers\Pages->view()
 5 SYSTEMPATH/CodeIgniter.php(457): CodeIgniter\CodeIgniter->runController()
 6 SYSTEMPATH/CodeIgniter.php(340): CodeIgniter\CodeIgniter->handleRequest()
 7 FCPATH/index.php(67): CodeIgniter\CodeIgniter->run()
CRITICAL - 2022-09-28 20:41:14 --> Invalid file: pages/assets.php
in SYSTEMPATH/Exceptions/FrameworkException.php on line 33.
 1 SYSTEMPATH/View/View.php(201): CodeIgniter\Exceptions\FrameworkException::forInvalidFile()
 2 SYSTEMPATH/Common.php(1142): CodeIgniter\View\View->render()
 3 APPPATH/Controllers/Pages.php(28): view()
 4 SYSTEMPATH/CodeIgniter.php(907): App\Controllers\Pages->view()
 5 SYSTEMPATH/CodeIgniter.php(457): CodeIgniter\CodeIgniter->runController()
 6 SYSTEMPATH/CodeIgniter.php(340): CodeIgniter\CodeIgniter->handleRequest()
 7 FCPATH/index.php(67): CodeIgniter\CodeIgniter->run()
CRITICAL - 2022-09-28 20:41:14 --> Invalid file: pages/assets.php
in SYSTEMPATH/Exceptions/FrameworkException.php on line 33.
 1 SYSTEMPATH/View/View.php(201): CodeIgniter\Exceptions\FrameworkException::forInvalidFile()
 2 SYSTEMPATH/Common.php(1142): CodeIgniter\View\View->render()
 3 APPPATH/Controllers/Pages.php(28): view()
 4 SYSTEMPATH/CodeIgniter.php(907): App\Controllers\Pages->view()
 5 SYSTEMPATH/CodeIgniter.php(457): CodeIgniter\CodeIgniter->runController()
 6 SYSTEMPATH/CodeIgniter.php(340): CodeIgniter\CodeIgniter->handleRequest()
 7 FCPATH/index.php(67): CodeIgniter\CodeIgniter->run()
CRITICAL - 2022-09-28 20:41:16 --> Invalid file: pages/assets.php
in SYSTEMPATH/Exceptions/FrameworkException.php on line 33.
 1 SYSTEMPATH/View/View.php(201): CodeIgniter\Exceptions\FrameworkException::forInvalidFile()
 2 SYSTEMPATH/Common.php(1142): CodeIgniter\View\View->render()
 3 APPPATH/Controllers/Pages.php(28): view()
 4 SYSTEMPATH/CodeIgniter.php(907): App\Controllers\Pages->view()
 5 SYSTEMPATH/CodeIgniter.php(457): CodeIgniter\CodeIgniter->runController()
 6 SYSTEMPATH/CodeIgniter.php(340): CodeIgniter\CodeIgniter->handleRequest()
 7 FCPATH/index.php(67): CodeIgniter\CodeIgniter->run()
CRITICAL - 2022-09-28 20:41:16 --> Invalid file: pages/assets.php
in SYSTEMPATH/Exceptions/FrameworkException.php on line 33.
 1 SYSTEMPATH/View/View.php(201): CodeIgniter\Exceptions\FrameworkException::forInvalidFile()
 2 SYSTEMPATH/Common.php(1142): CodeIgniter\View\View->render()
 3 APPPATH/Controllers/Pages.php(28): view()
 4 SYSTEMPATH/CodeIgniter.php(907): App\Controllers\Pages->view()
 5 SYSTEMPATH/CodeIgniter.php(457): CodeIgniter\CodeIgniter->runController()
 6 SYSTEMPATH/CodeIgniter.php(340): CodeIgniter\CodeIgniter->handleRequest()
 7 FCPATH/index.php(67): CodeIgniter\CodeIgniter->run()
CRITICAL - 2022-09-28 20:41:20 --> Invalid file: pages/assets.php
in SYSTEMPATH/Exceptions/FrameworkException.php on line 33.
 1 SYSTEMPATH/View/View.php(201): CodeIgniter\Exceptions\FrameworkException::forInvalidFile()
 2 SYSTEMPATH/Common.php(1142): CodeIgniter\View\View->render()
 3 APPPATH/Controllers/Pages.php(28): view()
 4 SYSTEMPATH/CodeIgniter.php(907): App\Controllers\Pages->view()
 5 SYSTEMPATH/CodeIgniter.php(457): CodeIgniter\CodeIgniter->runController()
 6 SYSTEMPATH/CodeIgniter.php(340): CodeIgniter\CodeIgniter->handleRequest()
 7 FCPATH/index.php(67): CodeIgniter\CodeIgniter->run()
CRITICAL - 2022-09-28 20:41:20 --> Invalid file: pages/assets.php
in SYSTEMPATH/Exceptions/FrameworkException.php on line 33.
 1 SYSTEMPATH/View/View.php(201): CodeIgniter\Exceptions\FrameworkException::forInvalidFile()
 2 SYSTEMPATH/Common.php(1142): CodeIgniter\View\View->render()
 3 APPPATH/Controllers/Pages.php(28): view()
 4 SYSTEMPATH/CodeIgniter.php(907): App\Controllers\Pages->view()
 5 SYSTEMPATH/CodeIgniter.php(457): CodeIgniter\CodeIgniter->runController()
 6 SYSTEMPATH/CodeIgniter.php(340): CodeIgniter\CodeIgniter->handleRequest()
 7 FCPATH/index.php(67): CodeIgniter\CodeIgniter->run()
CRITICAL - 2022-09-28 20:55:05 --> Invalid file: pages/wp-login.php
in SYSTEMPATH/Exceptions/FrameworkException.php on line 33.
 1 SYSTEMPATH/View/View.php(201): CodeIgniter\Exceptions\FrameworkException::forInvalidFile()
 2 SYSTEMPATH/Common.php(1142): CodeIgniter\View\View->render()
 3 APPPATH/Controllers/Pages.php(28): view()
 4 SYSTEMPATH/CodeIgniter.php(907): App\Controllers\Pages->view()
 5 SYSTEMPATH/CodeIgniter.php(457): CodeIgniter\CodeIgniter->runController()
 6 SYSTEMPATH/CodeIgniter.php(340): CodeIgniter\CodeIgniter->handleRequest()
 7 FCPATH/index.php(67): CodeIgniter\CodeIgniter->run()
CRITICAL - 2022-09-28 20:57:04 --> Invalid file: pages/assets.php
in SYSTEMPATH/Exceptions/FrameworkException.php on line 33.
 1 SYSTEMPATH/View/View.php(201): CodeIgniter\Exceptions\FrameworkException::forInvalidFile()
 2 SYSTEMPATH/Common.php(1142): CodeIgniter\View\View->render()
 3 APPPATH/Controllers/Pages.php(28): view()
 4 SYSTEMPATH/CodeIgniter.php(907): App\Controllers\Pages->view()
 5 SYSTEMPATH/CodeIgniter.php(457): CodeIgniter\CodeIgniter->runController()
 6 SYSTEMPATH/CodeIgniter.php(340): CodeIgniter\CodeIgniter->handleRequest()
 7 FCPATH/index.php(67): CodeIgniter\CodeIgniter->run()
CRITICAL - 2022-09-28 20:57:04 --> Invalid file: pages/assets.php
in SYSTEMPATH/Exceptions/FrameworkException.php on line 33.
 1 SYSTEMPATH/View/View.php(201): CodeIgniter\Exceptions\FrameworkException::forInvalidFile()
 2 SYSTEMPATH/Common.php(1142): CodeIgniter\View\View->render()
 3 APPPATH/Controllers/Pages.php(28): view()
 4 SYSTEMPATH/CodeIgniter.php(907): App\Controllers\Pages->view()
 5 SYSTEMPATH/CodeIgniter.php(457): CodeIgniter\CodeIgniter->runController()
 6 SYSTEMPATH/CodeIgniter.php(340): CodeIgniter\CodeIgniter->handleRequest()
 7 FCPATH/index.php(67): CodeIgniter\CodeIgniter->run()
CRITICAL - 2022-09-28 20:57:09 --> Invalid file: pages/assets.php
in SYSTEMPATH/Exceptions/FrameworkException.php on line 33.
 1 SYSTEMPATH/View/View.php(201): CodeIgniter\Exceptions\FrameworkException::forInvalidFile()
 2 SYSTEMPATH/Common.php(1142): CodeIgniter\View\View->render()
 3 APPPATH/Controllers/Pages.php(28): view()
 4 SYSTEMPATH/CodeIgniter.php(907): App\Controllers\Pages->view()
 5 SYSTEMPATH/CodeIgniter.php(457): CodeIgniter\CodeIgniter->runController()
 6 SYSTEMPATH/CodeIgniter.php(340): CodeIgniter\CodeIgniter->handleRequest()
 7 FCPATH/index.php(67): CodeIgniter\CodeIgniter->run()
CRITICAL - 2022-09-28 20:57:09 --> Invalid file: pages/assets.php
in SYSTEMPATH/Exceptions/FrameworkException.php on line 33.
 1 SYSTEMPATH/View/View.php(201): CodeIgniter\Exceptions\FrameworkException::forInvalidFile()
 2 SYSTEMPATH/Common.php(1142): CodeIgniter\View\View->render()
 3 APPPATH/Controllers/Pages.php(28): view()
 4 SYSTEMPATH/CodeIgniter.php(907): App\Controllers\Pages->view()
 5 SYSTEMPATH/CodeIgniter.php(457): CodeIgniter\CodeIgniter->runController()
 6 SYSTEMPATH/CodeIgniter.php(340): CodeIgniter\CodeIgniter->handleRequest()
 7 FCPATH/index.php(67): CodeIgniter\CodeIgniter->run()
CRITICAL - 2022-09-28 20:57:15 --> Invalid file: pages/assets.php
in SYSTEMPATH/Exceptions/FrameworkException.php on line 33.
 1 SYSTEMPATH/View/View.php(201): CodeIgniter\Exceptions\FrameworkException::forInvalidFile()
 2 SYSTEMPATH/Common.php(1142): CodeIgniter\View\View->render()
 3 APPPATH/Controllers/Pages.php(28): view()
 4 SYSTEMPATH/CodeIgniter.php(907): App\Controllers\Pages->view()
 5 SYSTEMPATH/CodeIgniter.php(457): CodeIgniter\CodeIgniter->runController()
 6 SYSTEMPATH/CodeIgniter.php(340): CodeIgniter\CodeIgniter->handleRequest()
 7 FCPATH/index.php(67): CodeIgniter\CodeIgniter->run()
CRITICAL - 2022-09-28 20:57:15 --> Invalid file: pages/assets.php
in SYSTEMPATH/Exceptions/FrameworkException.php on line 33.
 1 SYSTEMPATH/View/View.php(201): CodeIgniter\Exceptions\FrameworkException::forInvalidFile()
 2 SYSTEMPATH/Common.php(1142): CodeIgniter\View\View->render()
 3 APPPATH/Controllers/Pages.php(28): view()
 4 SYSTEMPATH/CodeIgniter.php(907): App\Controllers\Pages->view()
 5 SYSTEMPATH/CodeIgniter.php(457): CodeIgniter\CodeIgniter->runController()
 6 SYSTEMPATH/CodeIgniter.php(340): CodeIgniter\CodeIgniter->handleRequest()
 7 FCPATH/index.php(67): CodeIgniter\CodeIgniter->run()
CRITICAL - 2022-09-28 20:57:19 --> Invalid file: pages/assets.php
in SYSTEMPATH/Exceptions/FrameworkException.php on line 33.
 1 SYSTEMPATH/View/View.php(201): CodeIgniter\Exceptions\FrameworkException::forInvalidFile()
 2 SYSTEMPATH/Common.php(1142): CodeIgniter\View\View->render()
 3 APPPATH/Controllers/Pages.php(28): view()
 4 SYSTEMPATH/CodeIgniter.php(907): App\Controllers\Pages->view()
 5 SYSTEMPATH/CodeIgniter.php(457): CodeIgniter\CodeIgniter->runController()
 6 SYSTEMPATH/CodeIgniter.php(340): CodeIgniter\CodeIgniter->handleRequest()
 7 FCPATH/index.php(67): CodeIgniter\CodeIgniter->run()
CRITICAL - 2022-09-28 20:57:19 --> Invalid file: pages/assets.php
in SYSTEMPATH/Exceptions/FrameworkException.php on line 33.
 1 SYSTEMPATH/View/View.php(201): CodeIgniter\Exceptions\FrameworkException::forInvalidFile()
 2 SYSTEMPATH/Common.php(1142): CodeIgniter\View\View->render()
 3 APPPATH/Controllers/Pages.php(28): view()
 4 SYSTEMPATH/CodeIgniter.php(907): App\Controllers\Pages->view()
 5 SYSTEMPATH/CodeIgniter.php(457): CodeIgniter\CodeIgniter->runController()
 6 SYSTEMPATH/CodeIgniter.php(340): CodeIgniter\CodeIgniter->handleRequest()
 7 FCPATH/index.php(67): CodeIgniter\CodeIgniter->run()
CRITICAL - 2022-09-28 20:57:23 --> Invalid file: pages/assets.php
in SYSTEMPATH/Exceptions/FrameworkException.php on line 33.
 1 SYSTEMPATH/View/View.php(201): CodeIgniter\Exceptions\FrameworkException::forInvalidFile()
 2 SYSTEMPATH/Common.php(1142): CodeIgniter\View\View->render()
 3 APPPATH/Controllers/Pages.php(28): view()
 4 SYSTEMPATH/CodeIgniter.php(907): App\Controllers\Pages->view()
 5 SYSTEMPATH/CodeIgniter.php(457): CodeIgniter\CodeIgniter->runController()
 6 SYSTEMPATH/CodeIgniter.php(340): CodeIgniter\CodeIgniter->handleRequest()
 7 FCPATH/index.php(67): CodeIgniter\CodeIgniter->run()
CRITICAL - 2022-09-28 20:57:23 --> Invalid file: pages/assets.php
in SYSTEMPATH/Exceptions/FrameworkException.php on line 33.
 1 SYSTEMPATH/View/View.php(201): CodeIgniter\Exceptions\FrameworkException::forInvalidFile()
 2 SYSTEMPATH/Common.php(1142): CodeIgniter\View\View->render()
 3 APPPATH/Controllers/Pages.php(28): view()
 4 SYSTEMPATH/CodeIgniter.php(907): App\Controllers\Pages->view()
 5 SYSTEMPATH/CodeIgniter.php(457): CodeIgniter\CodeIgniter->runController()
 6 SYSTEMPATH/CodeIgniter.php(340): CodeIgniter\CodeIgniter->handleRequest()
 7 FCPATH/index.php(67): CodeIgniter\CodeIgniter->run()
CRITICAL - 2022-09-28 21:34:09 --> Invalid file: pages/.env
in SYSTEMPATH/Exceptions/FrameworkException.php on line 33.
 1 SYSTEMPATH/View/View.php(201): CodeIgniter\Exceptions\FrameworkException::forInvalidFile()
 2 SYSTEMPATH/Common.php(1142): CodeIgniter\View\View->render()
 3 APPPATH/Controllers/Pages.php(28): view()
 4 SYSTEMPATH/CodeIgniter.php(907): App\Controllers\Pages->view()
 5 SYSTEMPATH/CodeIgniter.php(457): CodeIgniter\CodeIgniter->runController()
 6 SYSTEMPATH/CodeIgniter.php(340): CodeIgniter\CodeIgniter->handleRequest()
 7 FCPATH/index.php(67): CodeIgniter\CodeIgniter->run()
CRITICAL - 2022-09-28 21:51:15 --> Invalid file: pages/assets.php
in SYSTEMPATH/Exceptions/FrameworkException.php on line 33.
 1 SYSTEMPATH/View/View.php(201): CodeIgniter\Exceptions\FrameworkException::forInvalidFile()
 2 SYSTEMPATH/Common.php(1142): CodeIgniter\View\View->render()
 3 APPPATH/Controllers/Pages.php(28): view()
 4 SYSTEMPATH/CodeIgniter.php(907): App\Controllers\Pages->view()
 5 SYSTEMPATH/CodeIgniter.php(457): CodeIgniter\CodeIgniter->runController()
 6 SYSTEMPATH/CodeIgniter.php(340): CodeIgniter\CodeIgniter->handleRequest()
 7 FCPATH/index.php(67): CodeIgniter\CodeIgniter->run()
CRITICAL - 2022-09-28 21:51:16 --> Invalid file: pages/assets.php
in SYSTEMPATH/Exceptions/FrameworkException.php on line 33.
 1 SYSTEMPATH/View/View.php(201): CodeIgniter\Exceptions\FrameworkException::forInvalidFile()
 2 SYSTEMPATH/Common.php(1142): CodeIgniter\View\View->render()
 3 APPPATH/Controllers/Pages.php(28): view()
 4 SYSTEMPATH/CodeIgniter.php(907): App\Controllers\Pages->view()
 5 SYSTEMPATH/CodeIgniter.php(457): CodeIgniter\CodeIgniter->runController()
 6 SYSTEMPATH/CodeIgniter.php(340): CodeIgniter\CodeIgniter->handleRequest()
 7 FCPATH/index.php(67): CodeIgniter\CodeIgniter->run()
CRITICAL - 2022-09-28 21:51:16 --> Invalid file: pages/assets.php
in SYSTEMPATH/Exceptions/FrameworkException.php on line 33.
 1 SYSTEMPATH/View/View.php(201): CodeIgniter\Exceptions\FrameworkException::forInvalidFile()
 2 SYSTEMPATH/Common.php(1142): CodeIgniter\View\View->render()
 3 APPPATH/Controllers/Pages.php(28): view()
 4 SYSTEMPATH/CodeIgniter.php(907): App\Controllers\Pages->view()
 5 SYSTEMPATH/CodeIgniter.php(457): CodeIgniter\CodeIgniter->runController()
 6 SYSTEMPATH/CodeIgniter.php(340): CodeIgniter\CodeIgniter->handleRequest()
 7 FCPATH/index.php(67): CodeIgniter\CodeIgniter->run()
CRITICAL - 2022-09-28 21:51:22 --> Invalid file: pages/assets.php
in SYSTEMPATH/Exceptions/FrameworkException.php on line 33.
 1 SYSTEMPATH/View/View.php(201): CodeIgniter\Exceptions\FrameworkException::forInvalidFile()
 2 SYSTEMPATH/Common.php(1142): CodeIgniter\View\View->render()
 3 APPPATH/Controllers/Pages.php(28): view()
 4 SYSTEMPATH/CodeIgniter.php(907): App\Controllers\Pages->view()
 5 SYSTEMPATH/CodeIgniter.php(457): CodeIgniter\CodeIgniter->runController()
 6 SYSTEMPATH/CodeIgniter.php(340): CodeIgniter\CodeIgniter->handleRequest()
 7 FCPATH/index.php(67): CodeIgniter\CodeIgniter->run()
CRITICAL - 2022-09-28 21:51:23 --> Invalid file: pages/assets.php
in SYSTEMPATH/Exceptions/FrameworkException.php on line 33.
 1 SYSTEMPATH/View/View.php(201): CodeIgniter\Exceptions\FrameworkException::forInvalidFile()
 2 SYSTEMPATH/Common.php(1142): CodeIgniter\View\View->render()
 3 APPPATH/Controllers/Pages.php(28): view()
 4 SYSTEMPATH/CodeIgniter.php(907): App\Controllers\Pages->view()
 5 SYSTEMPATH/CodeIgniter.php(457): CodeIgniter\CodeIgniter->runController()
 6 SYSTEMPATH/CodeIgniter.php(340): CodeIgniter\CodeIgniter->handleRequest()
 7 FCPATH/index.php(67): CodeIgniter\CodeIgniter->run()
CRITICAL - 2022-09-28 21:51:23 --> Invalid file: pages/__service-worker.js
in SYSTEMPATH/Exceptions/FrameworkException.php on line 33.
 1 SYSTEMPATH/View/View.php(201): CodeIgniter\Exceptions\FrameworkException::forInvalidFile()
 2 SYSTEMPATH/Common.php(1142): CodeIgniter\View\View->render()
 3 APPPATH/Controllers/Pages.php(28): view()
 4 SYSTEMPATH/CodeIgniter.php(907): App\Controllers\Pages->view()
 5 SYSTEMPATH/CodeIgniter.php(457): CodeIgniter\CodeIgniter->runController()
 6 SYSTEMPATH/CodeIgniter.php(340): CodeIgniter\CodeIgniter->handleRequest()
 7 FCPATH/index.php(67): CodeIgniter\CodeIgniter->run()
CRITICAL - 2022-09-28 21:51:23 --> Invalid file: pages/assets.php
in SYSTEMPATH/Exceptions/FrameworkException.php on line 33.
 1 SYSTEMPATH/View/View.php(201): CodeIgniter\Exceptions\FrameworkException::forInvalidFile()
 2 SYSTEMPATH/Common.php(1142): CodeIgniter\View\View->render()
 3 APPPATH/Controllers/Pages.php(28): view()
 4 SYSTEMPATH/CodeIgniter.php(907): App\Controllers\Pages->view()
 5 SYSTEMPATH/CodeIgniter.php(457): CodeIgniter\CodeIgniter->runController()
 6 SYSTEMPATH/CodeIgniter.php(340): CodeIgniter\CodeIgniter->handleRequest()
 7 FCPATH/index.php(67): CodeIgniter\CodeIgniter->run()
CRITICAL - 2022-09-28 21:51:23 --> Invalid file: pages/assets.php
in SYSTEMPATH/Exceptions/FrameworkException.php on line 33.
 1 SYSTEMPATH/View/View.php(201): CodeIgniter\Exceptions\FrameworkException::forInvalidFile()
 2 SYSTEMPATH/Common.php(1142): CodeIgniter\View\View->render()
 3 APPPATH/Controllers/Pages.php(28): view()
 4 SYSTEMPATH/CodeIgniter.php(907): App\Controllers\Pages->view()
 5 SYSTEMPATH/CodeIgniter.php(457): CodeIgniter\CodeIgniter->runController()
 6 SYSTEMPATH/CodeIgniter.php(340): CodeIgniter\CodeIgniter->handleRequest()
 7 FCPATH/index.php(67): CodeIgniter\CodeIgniter->run()
CRITICAL - 2022-09-28 21:51:24 --> Invalid file: pages/assets.php
in SYSTEMPATH/Exceptions/FrameworkException.php on line 33.
 1 SYSTEMPATH/View/View.php(201): CodeIgniter\Exceptions\FrameworkException::forInvalidFile()
 2 SYSTEMPATH/Common.php(1142): CodeIgniter\View\View->render()
 3 APPPATH/Controllers/Pages.php(28): view()
 4 SYSTEMPATH/CodeIgniter.php(907): App\Controllers\Pages->view()
 5 SYSTEMPATH/CodeIgniter.php(457): CodeIgniter\CodeIgniter->runController()
 6 SYSTEMPATH/CodeIgniter.php(340): CodeIgniter\CodeIgniter->handleRequest()
 7 FCPATH/index.php(67): CodeIgniter\CodeIgniter->run()
CRITICAL - 2022-09-28 21:51:25 --> Invalid file: pages/assets.php
in SYSTEMPATH/Exceptions/FrameworkException.php on line 33.
 1 SYSTEMPATH/View/View.php(201): CodeIgniter\Exceptions\FrameworkException::forInvalidFile()
 2 SYSTEMPATH/Common.php(1142): CodeIgniter\View\View->render()
 3 APPPATH/Controllers/Pages.php(28): view()
 4 SYSTEMPATH/CodeIgniter.php(907): App\Controllers\Pages->view()
 5 SYSTEMPATH/CodeIgniter.php(457): CodeIgniter\CodeIgniter->runController()
 6 SYSTEMPATH/CodeIgniter.php(340): CodeIgniter\CodeIgniter->handleRequest()
 7 FCPATH/index.php(67): CodeIgniter\CodeIgniter->run()
CRITICAL - 2022-09-28 21:52:22 --> Invalid file: pages/assets.php
in SYSTEMPATH/Exceptions/FrameworkException.php on line 33.
 1 SYSTEMPATH/View/View.php(201): CodeIgniter\Exceptions\FrameworkException::forInvalidFile()
 2 SYSTEMPATH/Common.php(1142): CodeIgniter\View\View->render()
 3 APPPATH/Controllers/Pages.php(28): view()
 4 SYSTEMPATH/CodeIgniter.php(907): App\Controllers\Pages->view()
 5 SYSTEMPATH/CodeIgniter.php(457): CodeIgniter\CodeIgniter->runController()
 6 SYSTEMPATH/CodeIgniter.php(340): CodeIgniter\CodeIgniter->handleRequest()
 7 FCPATH/index.php(67): CodeIgniter\CodeIgniter->run()
CRITICAL - 2022-09-28 21:52:23 --> Invalid file: pages/__service-worker.js
in SYSTEMPATH/Exceptions/FrameworkException.php on line 33.
 1 SYSTEMPATH/View/View.php(201): CodeIgniter\Exceptions\FrameworkException::forInvalidFile()
 2 SYSTEMPATH/Common.php(1142): CodeIgniter\View\View->render()
 3 APPPATH/Controllers/Pages.php(28): view()
 4 SYSTEMPATH/CodeIgniter.php(907): App\Controllers\Pages->view()
 5 SYSTEMPATH/CodeIgniter.php(457): CodeIgniter\CodeIgniter->runController()
 6 SYSTEMPATH/CodeIgniter.php(340): CodeIgniter\CodeIgniter->handleRequest()
 7 FCPATH/index.php(67): CodeIgniter\CodeIgniter->run()
CRITICAL - 2022-09-28 21:52:23 --> Invalid file: pages/assets.php
in SYSTEMPATH/Exceptions/FrameworkException.php on line 33.
 1 SYSTEMPATH/View/View.php(201): CodeIgniter\Exceptions\FrameworkException::forInvalidFile()
 2 SYSTEMPATH/Common.php(1142): CodeIgniter\View\View->render()
 3 APPPATH/Controllers/Pages.php(28): view()
 4 SYSTEMPATH/CodeIgniter.php(907): App\Controllers\Pages->view()
 5 SYSTEMPATH/CodeIgniter.php(457): CodeIgniter\CodeIgniter->runController()
 6 SYSTEMPATH/CodeIgniter.php(340): CodeIgniter\CodeIgniter->handleRequest()
 7 FCPATH/index.php(67): CodeIgniter\CodeIgniter->run()
CRITICAL - 2022-09-28 21:52:23 --> Invalid file: pages/assets.php
in SYSTEMPATH/Exceptions/FrameworkException.php on line 33.
 1 SYSTEMPATH/View/View.php(201): CodeIgniter\Exceptions\FrameworkException::forInvalidFile()
 2 SYSTEMPATH/Common.php(1142): CodeIgniter\View\View->render()
 3 APPPATH/Controllers/Pages.php(28): view()
 4 SYSTEMPATH/CodeIgniter.php(907): App\Controllers\Pages->view()
 5 SYSTEMPATH/CodeIgniter.php(457): CodeIgniter\CodeIgniter->runController()
 6 SYSTEMPATH/CodeIgniter.php(340): CodeIgniter\CodeIgniter->handleRequest()
 7 FCPATH/index.php(67): CodeIgniter\CodeIgniter->run()
CRITICAL - 2022-09-28 21:52:24 --> Invalid file: pages/assets.php
in SYSTEMPATH/Exceptions/FrameworkException.php on line 33.
 1 SYSTEMPATH/View/View.php(201): CodeIgniter\Exceptions\FrameworkException::forInvalidFile()
 2 SYSTEMPATH/Common.php(1142): CodeIgniter\View\View->render()
 3 APPPATH/Controllers/Pages.php(28): view()
 4 SYSTEMPATH/CodeIgniter.php(907): App\Controllers\Pages->view()
 5 SYSTEMPATH/CodeIgniter.php(457): CodeIgniter\CodeIgniter->runController()
 6 SYSTEMPATH/CodeIgniter.php(340): CodeIgniter\CodeIgniter->handleRequest()
 7 FCPATH/index.php(67): CodeIgniter\CodeIgniter->run()
CRITICAL - 2022-09-28 21:52:24 --> Invalid file: pages/assets.php
in SYSTEMPATH/Exceptions/FrameworkException.php on line 33.
 1 SYSTEMPATH/View/View.php(201): CodeIgniter\Exceptions\FrameworkException::forInvalidFile()
 2 SYSTEMPATH/Common.php(1142): CodeIgniter\View\View->render()
 3 APPPATH/Controllers/Pages.php(28): view()
 4 SYSTEMPATH/CodeIgniter.php(907): App\Controllers\Pages->view()
 5 SYSTEMPATH/CodeIgniter.php(457): CodeIgniter\CodeIgniter->runController()
 6 SYSTEMPATH/CodeIgniter.php(340): CodeIgniter\CodeIgniter->handleRequest()
 7 FCPATH/index.php(67): CodeIgniter\CodeIgniter->run()
CRITICAL - 2022-09-28 21:52:24 --> Invalid file: pages/assets.php
in SYSTEMPATH/Exceptions/FrameworkException.php on line 33.
 1 SYSTEMPATH/View/View.php(201): CodeIgniter\Exceptions\FrameworkException::forInvalidFile()
 2 SYSTEMPATH/Common.php(1142): CodeIgniter\View\View->render()
 3 APPPATH/Controllers/Pages.php(28): view()
 4 SYSTEMPATH/CodeIgniter.php(907): App\Controllers\Pages->view()
 5 SYSTEMPATH/CodeIgniter.php(457): CodeIgniter\CodeIgniter->runController()
 6 SYSTEMPATH/CodeIgniter.php(340): CodeIgniter\CodeIgniter->handleRequest()
 7 FCPATH/index.php(67): CodeIgniter\CodeIgniter->run()
CRITICAL - 2022-09-28 21:52:44 --> Invalid file: pages/assets.php
in SYSTEMPATH/Exceptions/FrameworkException.php on line 33.
 1 SYSTEMPATH/View/View.php(201): CodeIgniter\Exceptions\FrameworkException::forInvalidFile()
 2 SYSTEMPATH/Common.php(1142): CodeIgniter\View\View->render()
 3 APPPATH/Controllers/Pages.php(28): view()
 4 SYSTEMPATH/CodeIgniter.php(907): App\Controllers\Pages->view()
 5 SYSTEMPATH/CodeIgniter.php(457): CodeIgniter\CodeIgniter->runController()
 6 SYSTEMPATH/CodeIgniter.php(340): CodeIgniter\CodeIgniter->handleRequest()
 7 FCPATH/index.php(67): CodeIgniter\CodeIgniter->run()
CRITICAL - 2022-09-28 21:52:45 --> Invalid file: pages/assets.php
in SYSTEMPATH/Exceptions/FrameworkException.php on line 33.
 1 SYSTEMPATH/View/View.php(201): CodeIgniter\Exceptions\FrameworkException::forInvalidFile()
 2 SYSTEMPATH/Common.php(1142): CodeIgniter\View\View->render()
 3 APPPATH/Controllers/Pages.php(28): view()
 4 SYSTEMPATH/CodeIgniter.php(907): App\Controllers\Pages->view()
 5 SYSTEMPATH/CodeIgniter.php(457): CodeIgniter\CodeIgniter->runController()
 6 SYSTEMPATH/CodeIgniter.php(340): CodeIgniter\CodeIgniter->handleRequest()
 7 FCPATH/index.php(67): CodeIgniter\CodeIgniter->run()
CRITICAL - 2022-09-28 21:52:45 --> Invalid file: pages/assets.php
in SYSTEMPATH/Exceptions/FrameworkException.php on line 33.
 1 SYSTEMPATH/View/View.php(201): CodeIgniter\Exceptions\FrameworkException::forInvalidFile()
 2 SYSTEMPATH/Common.php(1142): CodeIgniter\View\View->render()
 3 APPPATH/Controllers/Pages.php(28): view()
 4 SYSTEMPATH/CodeIgniter.php(907): App\Controllers\Pages->view()
 5 SYSTEMPATH/CodeIgniter.php(457): CodeIgniter\CodeIgniter->runController()
 6 SYSTEMPATH/CodeIgniter.php(340): CodeIgniter\CodeIgniter->handleRequest()
 7 FCPATH/index.php(67): CodeIgniter\CodeIgniter->run()
CRITICAL - 2022-09-28 21:53:46 --> Invalid file: pages/assets.php
in SYSTEMPATH/Exceptions/FrameworkException.php on line 33.
 1 SYSTEMPATH/View/View.php(201): CodeIgniter\Exceptions\FrameworkException::forInvalidFile()
 2 SYSTEMPATH/Common.php(1142): CodeIgniter\View\View->render()
 3 APPPATH/Controllers/Pages.php(28): view()
 4 SYSTEMPATH/CodeIgniter.php(907): App\Controllers\Pages->view()
 5 SYSTEMPATH/CodeIgniter.php(457): CodeIgniter\CodeIgniter->runController()
 6 SYSTEMPATH/CodeIgniter.php(340): CodeIgniter\CodeIgniter->handleRequest()
 7 FCPATH/index.php(67): CodeIgniter\CodeIgniter->run()
CRITICAL - 2022-09-28 21:53:46 --> Invalid file: pages/__service-worker.js
in SYSTEMPATH/Exceptions/FrameworkException.php on line 33.
 1 SYSTEMPATH/View/View.php(201): CodeIgniter\Exceptions\FrameworkException::forInvalidFile()
 2 SYSTEMPATH/Common.php(1142): CodeIgniter\View\View->render()
 3 APPPATH/Controllers/Pages.php(28): view()
 4 SYSTEMPATH/CodeIgniter.php(907): App\Controllers\Pages->view()
 5 SYSTEMPATH/CodeIgniter.php(457): CodeIgniter\CodeIgniter->runController()
 6 SYSTEMPATH/CodeIgniter.php(340): CodeIgniter\CodeIgniter->handleRequest()
 7 FCPATH/index.php(67): CodeIgniter\CodeIgniter->run()
CRITICAL - 2022-09-28 21:53:47 --> Invalid file: pages/assets.php
in SYSTEMPATH/Exceptions/FrameworkException.php on line 33.
 1 SYSTEMPATH/View/View.php(201): CodeIgniter\Exceptions\FrameworkException::forInvalidFile()
 2 SYSTEMPATH/Common.php(1142): CodeIgniter\View\View->render()
 3 APPPATH/Controllers/Pages.php(28): view()
 4 SYSTEMPATH/CodeIgniter.php(907): App\Controllers\Pages->view()
 5 SYSTEMPATH/CodeIgniter.php(457): CodeIgniter\CodeIgniter->runController()
 6 SYSTEMPATH/CodeIgniter.php(340): CodeIgniter\CodeIgniter->handleRequest()
 7 FCPATH/index.php(67): CodeIgniter\CodeIgniter->run()
CRITICAL - 2022-09-28 21:53:47 --> Invalid file: pages/assets.php
in SYSTEMPATH/Exceptions/FrameworkException.php on line 33.
 1 SYSTEMPATH/View/View.php(201): CodeIgniter\Exceptions\FrameworkException::forInvalidFile()
 2 SYSTEMPATH/Common.php(1142): CodeIgniter\View\View->render()
 3 APPPATH/Controllers/Pages.php(28): view()
 4 SYSTEMPATH/CodeIgniter.php(907): App\Controllers\Pages->view()
 5 SYSTEMPATH/CodeIgniter.php(457): CodeIgniter\CodeIgniter->runController()
 6 SYSTEMPATH/CodeIgniter.php(340): CodeIgniter\CodeIgniter->handleRequest()
 7 FCPATH/index.php(67): CodeIgniter\CodeIgniter->run()
CRITICAL - 2022-09-28 21:53:47 --> Invalid file: pages/assets.php
in SYSTEMPATH/Exceptions/FrameworkException.php on line 33.
 1 SYSTEMPATH/View/View.php(201): CodeIgniter\Exceptions\FrameworkException::forInvalidFile()
 2 SYSTEMPATH/Common.php(1142): CodeIgniter\View\View->render()
 3 APPPATH/Controllers/Pages.php(28): view()
 4 SYSTEMPATH/CodeIgniter.php(907): App\Controllers\Pages->view()
 5 SYSTEMPATH/CodeIgniter.php(457): CodeIgniter\CodeIgniter->runController()
 6 SYSTEMPATH/CodeIgniter.php(340): CodeIgniter\CodeIgniter->handleRequest()
 7 FCPATH/index.php(67): CodeIgniter\CodeIgniter->run()
CRITICAL - 2022-09-28 21:53:48 --> Invalid file: pages/assets.php
in SYSTEMPATH/Exceptions/FrameworkException.php on line 33.
 1 SYSTEMPATH/View/View.php(201): CodeIgniter\Exceptions\FrameworkException::forInvalidFile()
 2 SYSTEMPATH/Common.php(1142): CodeIgniter\View\View->render()
 3 APPPATH/Controllers/Pages.php(28): view()
 4 SYSTEMPATH/CodeIgniter.php(907): App\Controllers\Pages->view()
 5 SYSTEMPATH/CodeIgniter.php(457): CodeIgniter\CodeIgniter->runController()
 6 SYSTEMPATH/CodeIgniter.php(340): CodeIgniter\CodeIgniter->handleRequest()
 7 FCPATH/index.php(67): CodeIgniter\CodeIgniter->run()
CRITICAL - 2022-09-28 21:53:48 --> Invalid file: pages/assets.php
in SYSTEMPATH/Exceptions/FrameworkException.php on line 33.
 1 SYSTEMPATH/View/View.php(201): CodeIgniter\Exceptions\FrameworkException::forInvalidFile()
 2 SYSTEMPATH/Common.php(1142): CodeIgniter\View\View->render()
 3 APPPATH/Controllers/Pages.php(28): view()
 4 SYSTEMPATH/CodeIgniter.php(907): App\Controllers\Pages->view()
 5 SYSTEMPATH/CodeIgniter.php(457): CodeIgniter\CodeIgniter->runController()
 6 SYSTEMPATH/CodeIgniter.php(340): CodeIgniter\CodeIgniter->handleRequest()
 7 FCPATH/index.php(67): CodeIgniter\CodeIgniter->run()
CRITICAL - 2022-09-28 21:56:57 --> Undefined variable $row
in APPPATH/Views/user/dashboard.php on line 37.
 1 APPPATH/Views/user/dashboard.php(37): CodeIgniter\Debug\Exceptions->errorHandler()
 2 SYSTEMPATH/View/View.php(213): include('APPPATH/Views/user/dashboard.php')
 3 SYSTEMPATH/View/View.php(216): CodeIgniter\View\View->CodeIgniter\View\{closure}()
 4 SYSTEMPATH/Common.php(1142): CodeIgniter\View\View->render()
 5 APPPATH/Controllers/User.php(451): view()
 6 SYSTEMPATH/CodeIgniter.php(907): App\Controllers\User->index()
 7 SYSTEMPATH/CodeIgniter.php(457): CodeIgniter\CodeIgniter->runController()
 8 SYSTEMPATH/CodeIgniter.php(340): CodeIgniter\CodeIgniter->handleRequest()
 9 FCPATH/index.php(67): CodeIgniter\CodeIgniter->run()
CRITICAL - 2022-09-28 22:00:35 --> Invalid file: pages/assets.php
in SYSTEMPATH/Exceptions/FrameworkException.php on line 33.
 1 SYSTEMPATH/View/View.php(201): CodeIgniter\Exceptions\FrameworkException::forInvalidFile()
 2 SYSTEMPATH/Common.php(1142): CodeIgniter\View\View->render()
 3 APPPATH/Controllers/Pages.php(28): view()
 4 SYSTEMPATH/CodeIgniter.php(907): App\Controllers\Pages->view()
 5 SYSTEMPATH/CodeIgniter.php(457): CodeIgniter\CodeIgniter->runController()
 6 SYSTEMPATH/CodeIgniter.php(340): CodeIgniter\CodeIgniter->handleRequest()
 7 FCPATH/index.php(67): CodeIgniter\CodeIgniter->run()
CRITICAL - 2022-09-28 22:00:36 --> Invalid file: pages/__service-worker.js
in SYSTEMPATH/Exceptions/FrameworkException.php on line 33.
 1 SYSTEMPATH/View/View.php(201): CodeIgniter\Exceptions\FrameworkException::forInvalidFile()
 2 SYSTEMPATH/Common.php(1142): CodeIgniter\View\View->render()
 3 APPPATH/Controllers/Pages.php(28): view()
 4 SYSTEMPATH/CodeIgniter.php(907): App\Controllers\Pages->view()
 5 SYSTEMPATH/CodeIgniter.php(457): CodeIgniter\CodeIgniter->runController()
 6 SYSTEMPATH/CodeIgniter.php(340): CodeIgniter\CodeIgniter->handleRequest()
 7 FCPATH/index.php(67): CodeIgniter\CodeIgniter->run()
CRITICAL - 2022-09-28 22:00:36 --> Invalid file: pages/assets.php
in SYSTEMPATH/Exceptions/FrameworkException.php on line 33.
 1 SYSTEMPATH/View/View.php(201): CodeIgniter\Exceptions\FrameworkException::forInvalidFile()
 2 SYSTEMPATH/Common.php(1142): CodeIgniter\View\View->render()
 3 APPPATH/Controllers/Pages.php(28): view()
 4 SYSTEMPATH/CodeIgniter.php(907): App\Controllers\Pages->view()
 5 SYSTEMPATH/CodeIgniter.php(457): CodeIgniter\CodeIgniter->runController()
 6 SYSTEMPATH/CodeIgniter.php(340): CodeIgniter\CodeIgniter->handleRequest()
 7 FCPATH/index.php(67): CodeIgniter\CodeIgniter->run()
CRITICAL - 2022-09-28 22:00:36 --> Invalid file: pages/assets.php
in SYSTEMPATH/Exceptions/FrameworkException.php on line 33.
 1 SYSTEMPATH/View/View.php(201): CodeIgniter\Exceptions\FrameworkException::forInvalidFile()
 2 SYSTEMPATH/Common.php(1142): CodeIgniter\View\View->render()
 3 APPPATH/Controllers/Pages.php(28): view()
 4 SYSTEMPATH/CodeIgniter.php(907): App\Controllers\Pages->view()
 5 SYSTEMPATH/CodeIgniter.php(457): CodeIgniter\CodeIgniter->runController()
 6 SYSTEMPATH/CodeIgniter.php(340): CodeIgniter\CodeIgniter->handleRequest()
 7 FCPATH/index.php(67): CodeIgniter\CodeIgniter->run()
CRITICAL - 2022-09-28 22:00:37 --> Invalid file: pages/assets.php
in SYSTEMPATH/Exceptions/FrameworkException.php on line 33.
 1 SYSTEMPATH/View/View.php(201): CodeIgniter\Exceptions\FrameworkException::forInvalidFile()
 2 SYSTEMPATH/Common.php(1142): CodeIgniter\View\View->render()
 3 APPPATH/Controllers/Pages.php(28): view()
 4 SYSTEMPATH/CodeIgniter.php(907): App\Controllers\Pages->view()
 5 SYSTEMPATH/CodeIgniter.php(457): CodeIgniter\CodeIgniter->runController()
 6 SYSTEMPATH/CodeIgniter.php(340): CodeIgniter\CodeIgniter->handleRequest()
 7 FCPATH/index.php(67): CodeIgniter\CodeIgniter->run()
CRITICAL - 2022-09-28 22:00:37 --> Invalid file: pages/assets.php
in SYSTEMPATH/Exceptions/FrameworkException.php on line 33.
 1 SYSTEMPATH/View/View.php(201): CodeIgniter\Exceptions\FrameworkException::forInvalidFile()
 2 SYSTEMPATH/Common.php(1142): CodeIgniter\View\View->render()
 3 APPPATH/Controllers/Pages.php(28): view()
 4 SYSTEMPATH/CodeIgniter.php(907): App\Controllers\Pages->view()
 5 SYSTEMPATH/CodeIgniter.php(457): CodeIgniter\CodeIgniter->runController()
 6 SYSTEMPATH/CodeIgniter.php(340): CodeIgniter\CodeIgniter->handleRequest()
 7 FCPATH/index.php(67): CodeIgniter\CodeIgniter->run()
CRITICAL - 2022-09-28 22:00:38 --> Invalid file: pages/assets.php
in SYSTEMPATH/Exceptions/FrameworkException.php on line 33.
 1 SYSTEMPATH/View/View.php(201): CodeIgniter\Exceptions\FrameworkException::forInvalidFile()
 2 SYSTEMPATH/Common.php(1142): CodeIgniter\View\View->render()
 3 APPPATH/Controllers/Pages.php(28): view()
 4 SYSTEMPATH/CodeIgniter.php(907): App\Controllers\Pages->view()
 5 SYSTEMPATH/CodeIgniter.php(457): CodeIgniter\CodeIgniter->runController()
 6 SYSTEMPATH/CodeIgniter.php(340): CodeIgniter\CodeIgniter->handleRequest()
 7 FCPATH/index.php(67): CodeIgniter\CodeIgniter->run()
CRITICAL - 2022-09-28 22:02:26 --> Invalid file: pages/__service-worker.js
in SYSTEMPATH/Exceptions/FrameworkException.php on line 33.
 1 SYSTEMPATH/View/View.php(201): CodeIgniter\Exceptions\FrameworkException::forInvalidFile()
 2 SYSTEMPATH/Common.php(1142): CodeIgniter\View\View->render()
 3 APPPATH/Controllers/Pages.php(28): view()
 4 SYSTEMPATH/CodeIgniter.php(907): App\Controllers\Pages->view()
 5 SYSTEMPATH/CodeIgniter.php(457): CodeIgniter\CodeIgniter->runController()
 6 SYSTEMPATH/CodeIgniter.php(340): CodeIgniter\CodeIgniter->handleRequest()
 7 FCPATH/index.php(67): CodeIgniter\CodeIgniter->run()
CRITICAL - 2022-09-28 22:02:26 --> Invalid file: pages/assets.php
in SYSTEMPATH/Exceptions/FrameworkException.php on line 33.
 1 SYSTEMPATH/View/View.php(201): CodeIgniter\Exceptions\FrameworkException::forInvalidFile()
 2 SYSTEMPATH/Common.php(1142): CodeIgniter\View\View->render()
 3 APPPATH/Controllers/Pages.php(28): view()
 4 SYSTEMPATH/CodeIgniter.php(907): App\Controllers\Pages->view()
 5 SYSTEMPATH/CodeIgniter.php(457): CodeIgniter\CodeIgniter->runController()
 6 SYSTEMPATH/CodeIgniter.php(340): CodeIgniter\CodeIgniter->handleRequest()
 7 FCPATH/index.php(67): CodeIgniter\CodeIgniter->run()
CRITICAL - 2022-09-28 22:02:26 --> Invalid file: pages/assets.php
in SYSTEMPATH/Exceptions/FrameworkException.php on line 33.
 1 SYSTEMPATH/View/View.php(201): CodeIgniter\Exceptions\FrameworkException::forInvalidFile()
 2 SYSTEMPATH/Common.php(1142): CodeIgniter\View\View->render()
 3 APPPATH/Controllers/Pages.php(28): view()
 4 SYSTEMPATH/CodeIgniter.php(907): App\Controllers\Pages->view()
 5 SYSTEMPATH/CodeIgniter.php(457): CodeIgniter\CodeIgniter->runController()
 6 SYSTEMPATH/CodeIgniter.php(340): CodeIgniter\CodeIgniter->handleRequest()
 7 FCPATH/index.php(67): CodeIgniter\CodeIgniter->run()
CRITICAL - 2022-09-28 22:02:27 --> Invalid file: pages/assets.php
in SYSTEMPATH/Exceptions/FrameworkException.php on line 33.
 1 SYSTEMPATH/View/View.php(201): CodeIgniter\Exceptions\FrameworkException::forInvalidFile()
 2 SYSTEMPATH/Common.php(1142): CodeIgniter\View\View->render()
 3 APPPATH/Controllers/Pages.php(28): view()
 4 SYSTEMPATH/CodeIgniter.php(907): App\Controllers\Pages->view()
 5 SYSTEMPATH/CodeIgniter.php(457): CodeIgniter\CodeIgniter->runController()
 6 SYSTEMPATH/CodeIgniter.php(340): CodeIgniter\CodeIgniter->handleRequest()
 7 FCPATH/index.php(67): CodeIgniter\CodeIgniter->run()
CRITICAL - 2022-09-28 22:02:27 --> Invalid file: pages/assets.php
in SYSTEMPATH/Exceptions/FrameworkException.php on line 33.
 1 SYSTEMPATH/View/View.php(201): CodeIgniter\Exceptions\FrameworkException::forInvalidFile()
 2 SYSTEMPATH/Common.php(1142): CodeIgniter\View\View->render()
 3 APPPATH/Controllers/Pages.php(28): view()
 4 SYSTEMPATH/CodeIgniter.php(907): App\Controllers\Pages->view()
 5 SYSTEMPATH/CodeIgniter.php(457): CodeIgniter\CodeIgniter->runController()
 6 SYSTEMPATH/CodeIgniter.php(340): CodeIgniter\CodeIgniter->handleRequest()
 7 FCPATH/index.php(67): CodeIgniter\CodeIgniter->run()
CRITICAL - 2022-09-28 22:02:28 --> Invalid file: pages/assets.php
in SYSTEMPATH/Exceptions/FrameworkException.php on line 33.
 1 SYSTEMPATH/View/View.php(201): CodeIgniter\Exceptions\FrameworkException::forInvalidFile()
 2 SYSTEMPATH/Common.php(1142): CodeIgniter\View\View->render()
 3 APPPATH/Controllers/Pages.php(28): view()
 4 SYSTEMPATH/CodeIgniter.php(907): App\Controllers\Pages->view()
 5 SYSTEMPATH/CodeIgniter.php(457): CodeIgniter\CodeIgniter->runController()
 6 SYSTEMPATH/CodeIgniter.php(340): CodeIgniter\CodeIgniter->handleRequest()
 7 FCPATH/index.php(67): CodeIgniter\CodeIgniter->run()
CRITICAL - 2022-09-28 22:02:28 --> Invalid file: pages/assets.php
in SYSTEMPATH/Exceptions/FrameworkException.php on line 33.
 1 SYSTEMPATH/View/View.php(201): CodeIgniter\Exceptions\FrameworkException::forInvalidFile()
 2 SYSTEMPATH/Common.php(1142): CodeIgniter\View\View->render()
 3 APPPATH/Controllers/Pages.php(28): view()
 4 SYSTEMPATH/CodeIgniter.php(907): App\Controllers\Pages->view()
 5 SYSTEMPATH/CodeIgniter.php(457): CodeIgniter\CodeIgniter->runController()
 6 SYSTEMPATH/CodeIgniter.php(340): CodeIgniter\CodeIgniter->handleRequest()
 7 FCPATH/index.php(67): CodeIgniter\CodeIgniter->run()
CRITICAL - 2022-09-28 22:03:01 --> Invalid file: pages/__service-worker.js
in SYSTEMPATH/Exceptions/FrameworkException.php on line 33.
 1 SYSTEMPATH/View/View.php(201): CodeIgniter\Exceptions\FrameworkException::forInvalidFile()
 2 SYSTEMPATH/Common.php(1142): CodeIgniter\View\View->render()
 3 APPPATH/Controllers/Pages.php(28): view()
 4 SYSTEMPATH/CodeIgniter.php(907): App\Controllers\Pages->view()
 5 SYSTEMPATH/CodeIgniter.php(457): CodeIgniter\CodeIgniter->runController()
 6 SYSTEMPATH/CodeIgniter.php(340): CodeIgniter\CodeIgniter->handleRequest()
 7 FCPATH/index.php(67): CodeIgniter\CodeIgniter->run()
CRITICAL - 2022-09-28 22:03:01 --> Invalid file: pages/assets.php
in SYSTEMPATH/Exceptions/FrameworkException.php on line 33.
 1 SYSTEMPATH/View/View.php(201): CodeIgniter\Exceptions\FrameworkException::forInvalidFile()
 2 SYSTEMPATH/Common.php(1142): CodeIgniter\View\View->render()
 3 APPPATH/Controllers/Pages.php(28): view()
 4 SYSTEMPATH/CodeIgniter.php(907): App\Controllers\Pages->view()
 5 SYSTEMPATH/CodeIgniter.php(457): CodeIgniter\CodeIgniter->runController()
 6 SYSTEMPATH/CodeIgniter.php(340): CodeIgniter\CodeIgniter->handleRequest()
 7 FCPATH/index.php(67): CodeIgniter\CodeIgniter->run()
CRITICAL - 2022-09-28 22:03:01 --> Invalid file: pages/assets.php
in SYSTEMPATH/Exceptions/FrameworkException.php on line 33.
 1 SYSTEMPATH/View/View.php(201): CodeIgniter\Exceptions\FrameworkException::forInvalidFile()
 2 SYSTEMPATH/Common.php(1142): CodeIgniter\View\View->render()
 3 APPPATH/Controllers/Pages.php(28): view()
 4 SYSTEMPATH/CodeIgniter.php(907): App\Controllers\Pages->view()
 5 SYSTEMPATH/CodeIgniter.php(457): CodeIgniter\CodeIgniter->runController()
 6 SYSTEMPATH/CodeIgniter.php(340): CodeIgniter\CodeIgniter->handleRequest()
 7 FCPATH/index.php(67): CodeIgniter\CodeIgniter->run()
CRITICAL - 2022-09-28 22:03:02 --> Invalid file: pages/assets.php
in SYSTEMPATH/Exceptions/FrameworkException.php on line 33.
 1 SYSTEMPATH/View/View.php(201): CodeIgniter\Exceptions\FrameworkException::forInvalidFile()
 2 SYSTEMPATH/Common.php(1142): CodeIgniter\View\View->render()
 3 APPPATH/Controllers/Pages.php(28): view()
 4 SYSTEMPATH/CodeIgniter.php(907): App\Controllers\Pages->view()
 5 SYSTEMPATH/CodeIgniter.php(457): CodeIgniter\CodeIgniter->runController()
 6 SYSTEMPATH/CodeIgniter.php(340): CodeIgniter\CodeIgniter->handleRequest()
 7 FCPATH/index.php(67): CodeIgniter\CodeIgniter->run()
CRITICAL - 2022-09-28 22:03:02 --> Invalid file: pages/assets.php
in SYSTEMPATH/Exceptions/FrameworkException.php on line 33.
 1 SYSTEMPATH/View/View.php(201): CodeIgniter\Exceptions\FrameworkException::forInvalidFile()
 2 SYSTEMPATH/Common.php(1142): CodeIgniter\View\View->render()
 3 APPPATH/Controllers/Pages.php(28): view()
 4 SYSTEMPATH/CodeIgniter.php(907): App\Controllers\Pages->view()
 5 SYSTEMPATH/CodeIgniter.php(457): CodeIgniter\CodeIgniter->runController()
 6 SYSTEMPATH/CodeIgniter.php(340): CodeIgniter\CodeIgniter->handleRequest()
 7 FCPATH/index.php(67): CodeIgniter\CodeIgniter->run()
CRITICAL - 2022-09-28 22:03:02 --> Invalid file: pages/assets.php
in SYSTEMPATH/Exceptions/FrameworkException.php on line 33.
 1 SYSTEMPATH/View/View.php(201): CodeIgniter\Exceptions\FrameworkException::forInvalidFile()
 2 SYSTEMPATH/Common.php(1142): CodeIgniter\View\View->render()
 3 APPPATH/Controllers/Pages.php(28): view()
 4 SYSTEMPATH/CodeIgniter.php(907): App\Controllers\Pages->view()
 5 SYSTEMPATH/CodeIgniter.php(457): CodeIgniter\CodeIgniter->runController()
 6 SYSTEMPATH/CodeIgniter.php(340): CodeIgniter\CodeIgniter->handleRequest()
 7 FCPATH/index.php(67): CodeIgniter\CodeIgniter->run()
CRITICAL - 2022-09-28 22:03:02 --> Invalid file: pages/assets.php
in SYSTEMPATH/Exceptions/FrameworkException.php on line 33.
 1 SYSTEMPATH/View/View.php(201): CodeIgniter\Exceptions\FrameworkException::forInvalidFile()
 2 SYSTEMPATH/Common.php(1142): CodeIgniter\View\View->render()
 3 APPPATH/Controllers/Pages.php(28): view()
 4 SYSTEMPATH/CodeIgniter.php(907): App\Controllers\Pages->view()
 5 SYSTEMPATH/CodeIgniter.php(457): CodeIgniter\CodeIgniter->runController()
 6 SYSTEMPATH/CodeIgniter.php(340): CodeIgniter\CodeIgniter->handleRequest()
 7 FCPATH/index.php(67): CodeIgniter\CodeIgniter->run()
CRITICAL - 2022-09-28 22:03:37 --> Invalid file: pages/assets.php
in SYSTEMPATH/Exceptions/FrameworkException.php on line 33.
 1 SYSTEMPATH/View/View.php(201): CodeIgniter\Exceptions\FrameworkException::forInvalidFile()
 2 SYSTEMPATH/Common.php(1142): CodeIgniter\View\View->render()
 3 APPPATH/Controllers/Pages.php(28): view()
 4 SYSTEMPATH/CodeIgniter.php(907): App\Controllers\Pages->view()
 5 SYSTEMPATH/CodeIgniter.php(457): CodeIgniter\CodeIgniter->runController()
 6 SYSTEMPATH/CodeIgniter.php(340): CodeIgniter\CodeIgniter->handleRequest()
 7 FCPATH/index.php(67): CodeIgniter\CodeIgniter->run()
CRITICAL - 2022-09-28 22:03:37 --> Invalid file: pages/assets.php
in SYSTEMPATH/Exceptions/FrameworkException.php on line 33.
 1 SYSTEMPATH/View/View.php(201): CodeIgniter\Exceptions\FrameworkException::forInvalidFile()
 2 SYSTEMPATH/Common.php(1142): CodeIgniter\View\View->render()
 3 APPPATH/Controllers/Pages.php(28): view()
 4 SYSTEMPATH/CodeIgniter.php(907): App\Controllers\Pages->view()
 5 SYSTEMPATH/CodeIgniter.php(457): CodeIgniter\CodeIgniter->runController()
 6 SYSTEMPATH/CodeIgniter.php(340): CodeIgniter\CodeIgniter->handleRequest()
 7 FCPATH/index.php(67): CodeIgniter\CodeIgniter->run()
CRITICAL - 2022-09-28 22:03:40 --> Invalid file: pages/__service-worker.js
in SYSTEMPATH/Exceptions/FrameworkException.php on line 33.
 1 SYSTEMPATH/View/View.php(201): CodeIgniter\Exceptions\FrameworkException::forInvalidFile()
 2 SYSTEMPATH/Common.php(1142): CodeIgniter\View\View->render()
 3 APPPATH/Controllers/Pages.php(28): view()
 4 SYSTEMPATH/CodeIgniter.php(907): App\Controllers\Pages->view()
 5 SYSTEMPATH/CodeIgniter.php(457): CodeIgniter\CodeIgniter->runController()
 6 SYSTEMPATH/CodeIgniter.php(340): CodeIgniter\CodeIgniter->handleRequest()
 7 FCPATH/index.php(67): CodeIgniter\CodeIgniter->run()
CRITICAL - 2022-09-28 22:03:40 --> Invalid file: pages/assets.php
in SYSTEMPATH/Exceptions/FrameworkException.php on line 33.
 1 SYSTEMPATH/View/View.php(201): CodeIgniter\Exceptions\FrameworkException::forInvalidFile()
 2 SYSTEMPATH/Common.php(1142): CodeIgniter\View\View->render()
 3 APPPATH/Controllers/Pages.php(28): view()
 4 SYSTEMPATH/CodeIgniter.php(907): App\Controllers\Pages->view()
 5 SYSTEMPATH/CodeIgniter.php(457): CodeIgniter\CodeIgniter->runController()
 6 SYSTEMPATH/CodeIgniter.php(340): CodeIgniter\CodeIgniter->handleRequest()
 7 FCPATH/index.php(67): CodeIgniter\CodeIgniter->run()
CRITICAL - 2022-09-28 22:03:40 --> Invalid file: pages/assets.php
in SYSTEMPATH/Exceptions/FrameworkException.php on line 33.
 1 SYSTEMPATH/View/View.php(201): CodeIgniter\Exceptions\FrameworkException::forInvalidFile()
 2 SYSTEMPATH/Common.php(1142): CodeIgniter\View\View->render()
 3 APPPATH/Controllers/Pages.php(28): view()
 4 SYSTEMPATH/CodeIgniter.php(907): App\Controllers\Pages->view()
 5 SYSTEMPATH/CodeIgniter.php(457): CodeIgniter\CodeIgniter->runController()
 6 SYSTEMPATH/CodeIgniter.php(340): CodeIgniter\CodeIgniter->handleRequest()
 7 FCPATH/index.php(67): CodeIgniter\CodeIgniter->run()
CRITICAL - 2022-09-28 22:03:41 --> Invalid file: pages/assets.php
in SYSTEMPATH/Exceptions/FrameworkException.php on line 33.
 1 SYSTEMPATH/View/View.php(201): CodeIgniter\Exceptions\FrameworkException::forInvalidFile()
 2 SYSTEMPATH/Common.php(1142): CodeIgniter\View\View->render()
 3 APPPATH/Controllers/Pages.php(28): view()
 4 SYSTEMPATH/CodeIgniter.php(907): App\Controllers\Pages->view()
 5 SYSTEMPATH/CodeIgniter.php(457): CodeIgniter\CodeIgniter->runController()
 6 SYSTEMPATH/CodeIgniter.php(340): CodeIgniter\CodeIgniter->handleRequest()
 7 FCPATH/index.php(67): CodeIgniter\CodeIgniter->run()
CRITICAL - 2022-09-28 22:03:41 --> Invalid file: pages/assets.php
in SYSTEMPATH/Exceptions/FrameworkException.php on line 33.
 1 SYSTEMPATH/View/View.php(201): CodeIgniter\Exceptions\FrameworkException::forInvalidFile()
 2 SYSTEMPATH/Common.php(1142): CodeIgniter\View\View->render()
 3 APPPATH/Controllers/Pages.php(28): view()
 4 SYSTEMPATH/CodeIgniter.php(907): App\Controllers\Pages->view()
 5 SYSTEMPATH/CodeIgniter.php(457): CodeIgniter\CodeIgniter->runController()
 6 SYSTEMPATH/CodeIgniter.php(340): CodeIgniter\CodeIgniter->handleRequest()
 7 FCPATH/index.php(67): CodeIgniter\CodeIgniter->run()
CRITICAL - 2022-09-28 22:03:42 --> Invalid file: pages/assets.php
in SYSTEMPATH/Exceptions/FrameworkException.php on line 33.
 1 SYSTEMPATH/View/View.php(201): CodeIgniter\Exceptions\FrameworkException::forInvalidFile()
 2 SYSTEMPATH/Common.php(1142): CodeIgniter\View\View->render()
 3 APPPATH/Controllers/Pages.php(28): view()
 4 SYSTEMPATH/CodeIgniter.php(907): App\Controllers\Pages->view()
 5 SYSTEMPATH/CodeIgniter.php(457): CodeIgniter\CodeIgniter->runController()
 6 SYSTEMPATH/CodeIgniter.php(340): CodeIgniter\CodeIgniter->handleRequest()
 7 FCPATH/index.php(67): CodeIgniter\CodeIgniter->run()
CRITICAL - 2022-09-28 22:03:42 --> Invalid file: pages/assets.php
in SYSTEMPATH/Exceptions/FrameworkException.php on line 33.
 1 SYSTEMPATH/View/View.php(201): CodeIgniter\Exceptions\FrameworkException::forInvalidFile()
 2 SYSTEMPATH/Common.php(1142): CodeIgniter\View\View->render()
 3 APPPATH/Controllers/Pages.php(28): view()
 4 SYSTEMPATH/CodeIgniter.php(907): App\Controllers\Pages->view()
 5 SYSTEMPATH/CodeIgniter.php(457): CodeIgniter\CodeIgniter->runController()
 6 SYSTEMPATH/CodeIgniter.php(340): CodeIgniter\CodeIgniter->handleRequest()
 7 FCPATH/index.php(67): CodeIgniter\CodeIgniter->run()
CRITICAL - 2022-09-28 22:04:05 --> Invalid file: pages/__service-worker.js
in SYSTEMPATH/Exceptions/FrameworkException.php on line 33.
 1 SYSTEMPATH/View/View.php(201): CodeIgniter\Exceptions\FrameworkException::forInvalidFile()
 2 SYSTEMPATH/Common.php(1142): CodeIgniter\View\View->render()
 3 APPPATH/Controllers/Pages.php(28): view()
 4 SYSTEMPATH/CodeIgniter.php(907): App\Controllers\Pages->view()
 5 SYSTEMPATH/CodeIgniter.php(457): CodeIgniter\CodeIgniter->runController()
 6 SYSTEMPATH/CodeIgniter.php(340): CodeIgniter\CodeIgniter->handleRequest()
 7 FCPATH/index.php(67): CodeIgniter\CodeIgniter->run()
CRITICAL - 2022-09-28 22:04:05 --> Invalid file: pages/assets.php
in SYSTEMPATH/Exceptions/FrameworkException.php on line 33.
 1 SYSTEMPATH/View/View.php(201): CodeIgniter\Exceptions\FrameworkException::forInvalidFile()
 2 SYSTEMPATH/Common.php(1142): CodeIgniter\View\View->render()
 3 APPPATH/Controllers/Pages.php(28): view()
 4 SYSTEMPATH/CodeIgniter.php(907): App\Controllers\Pages->view()
 5 SYSTEMPATH/CodeIgniter.php(457): CodeIgniter\CodeIgniter->runController()
 6 SYSTEMPATH/CodeIgniter.php(340): CodeIgniter\CodeIgniter->handleRequest()
 7 FCPATH/index.php(67): CodeIgniter\CodeIgniter->run()
CRITICAL - 2022-09-28 22:04:05 --> Invalid file: pages/assets.php
in SYSTEMPATH/Exceptions/FrameworkException.php on line 33.
 1 SYSTEMPATH/View/View.php(201): CodeIgniter\Exceptions\FrameworkException::forInvalidFile()
 2 SYSTEMPATH/Common.php(1142): CodeIgniter\View\View->render()
 3 APPPATH/Controllers/Pages.php(28): view()
 4 SYSTEMPATH/CodeIgniter.php(907): App\Controllers\Pages->view()
 5 SYSTEMPATH/CodeIgniter.php(457): CodeIgniter\CodeIgniter->runController()
 6 SYSTEMPATH/CodeIgniter.php(340): CodeIgniter\CodeIgniter->handleRequest()
 7 FCPATH/index.php(67): CodeIgniter\CodeIgniter->run()
CRITICAL - 2022-09-28 22:04:06 --> Invalid file: pages/assets.php
in SYSTEMPATH/Exceptions/FrameworkException.php on line 33.
 1 SYSTEMPATH/View/View.php(201): CodeIgniter\Exceptions\FrameworkException::forInvalidFile()
 2 SYSTEMPATH/Common.php(1142): CodeIgniter\View\View->render()
 3 APPPATH/Controllers/Pages.php(28): view()
 4 SYSTEMPATH/CodeIgniter.php(907): App\Controllers\Pages->view()
 5 SYSTEMPATH/CodeIgniter.php(457): CodeIgniter\CodeIgniter->runController()
 6 SYSTEMPATH/CodeIgniter.php(340): CodeIgniter\CodeIgniter->handleRequest()
 7 FCPATH/index.php(67): CodeIgniter\CodeIgniter->run()
CRITICAL - 2022-09-28 22:04:06 --> Invalid file: pages/assets.php
in SYSTEMPATH/Exceptions/FrameworkException.php on line 33.
 1 SYSTEMPATH/View/View.php(201): CodeIgniter\Exceptions\FrameworkException::forInvalidFile()
 2 SYSTEMPATH/Common.php(1142): CodeIgniter\View\View->render()
 3 APPPATH/Controllers/Pages.php(28): view()
 4 SYSTEMPATH/CodeIgniter.php(907): App\Controllers\Pages->view()
 5 SYSTEMPATH/CodeIgniter.php(457): CodeIgniter\CodeIgniter->runController()
 6 SYSTEMPATH/CodeIgniter.php(340): CodeIgniter\CodeIgniter->handleRequest()
 7 FCPATH/index.php(67): CodeIgniter\CodeIgniter->run()
CRITICAL - 2022-09-28 22:04:06 --> Invalid file: pages/assets.php
in SYSTEMPATH/Exceptions/FrameworkException.php on line 33.
 1 SYSTEMPATH/View/View.php(201): CodeIgniter\Exceptions\FrameworkException::forInvalidFile()
 2 SYSTEMPATH/Common.php(1142): CodeIgniter\View\View->render()
 3 APPPATH/Controllers/Pages.php(28): view()
 4 SYSTEMPATH/CodeIgniter.php(907): App\Controllers\Pages->view()
 5 SYSTEMPATH/CodeIgniter.php(457): CodeIgniter\CodeIgniter->runController()
 6 SYSTEMPATH/CodeIgniter.php(340): CodeIgniter\CodeIgniter->handleRequest()
 7 FCPATH/index.php(67): CodeIgniter\CodeIgniter->run()
CRITICAL - 2022-09-28 22:04:06 --> Invalid file: pages/assets.php
in SYSTEMPATH/Exceptions/FrameworkException.php on line 33.
 1 SYSTEMPATH/View/View.php(201): CodeIgniter\Exceptions\FrameworkException::forInvalidFile()
 2 SYSTEMPATH/Common.php(1142): CodeIgniter\View\View->render()
 3 APPPATH/Controllers/Pages.php(28): view()
 4 SYSTEMPATH/CodeIgniter.php(907): App\Controllers\Pages->view()
 5 SYSTEMPATH/CodeIgniter.php(457): CodeIgniter\CodeIgniter->runController()
 6 SYSTEMPATH/CodeIgniter.php(340): CodeIgniter\CodeIgniter->handleRequest()
 7 FCPATH/index.php(67): CodeIgniter\CodeIgniter->run()
CRITICAL - 2022-09-28 22:04:21 --> Invalid file: pages/assets.php
in SYSTEMPATH/Exceptions/FrameworkException.php on line 33.
 1 SYSTEMPATH/View/View.php(201): CodeIgniter\Exceptions\FrameworkException::forInvalidFile()
 2 SYSTEMPATH/Common.php(1142): CodeIgniter\View\View->render()
 3 APPPATH/Controllers/Pages.php(28): view()
 4 SYSTEMPATH/CodeIgniter.php(907): App\Controllers\Pages->view()
 5 SYSTEMPATH/CodeIgniter.php(457): CodeIgniter\CodeIgniter->runController()
 6 SYSTEMPATH/CodeIgniter.php(340): CodeIgniter\CodeIgniter->handleRequest()
 7 FCPATH/index.php(67): CodeIgniter\CodeIgniter->run()
CRITICAL - 2022-09-28 22:04:21 --> Invalid file: pages/__service-worker.js
in SYSTEMPATH/Exceptions/FrameworkException.php on line 33.
 1 SYSTEMPATH/View/View.php(201): CodeIgniter\Exceptions\FrameworkException::forInvalidFile()
 2 SYSTEMPATH/Common.php(1142): CodeIgniter\View\View->render()
 3 APPPATH/Controllers/Pages.php(28): view()
 4 SYSTEMPATH/CodeIgniter.php(907): App\Controllers\Pages->view()
 5 SYSTEMPATH/CodeIgniter.php(457): CodeIgniter\CodeIgniter->runController()
 6 SYSTEMPATH/CodeIgniter.php(340): CodeIgniter\CodeIgniter->handleRequest()
 7 FCPATH/index.php(67): CodeIgniter\CodeIgniter->run()
CRITICAL - 2022-09-28 22:04:22 --> Invalid file: pages/assets.php
in SYSTEMPATH/Exceptions/FrameworkException.php on line 33.
 1 SYSTEMPATH/View/View.php(201): CodeIgniter\Exceptions\FrameworkException::forInvalidFile()
 2 SYSTEMPATH/Common.php(1142): CodeIgniter\View\View->render()
 3 APPPATH/Controllers/Pages.php(28): view()
 4 SYSTEMPATH/CodeIgniter.php(907): App\Controllers\Pages->view()
 5 SYSTEMPATH/CodeIgniter.php(457): CodeIgniter\CodeIgniter->runController()
 6 SYSTEMPATH/CodeIgniter.php(340): CodeIgniter\CodeIgniter->handleRequest()
 7 FCPATH/index.php(67): CodeIgniter\CodeIgniter->run()
CRITICAL - 2022-09-28 22:04:22 --> Invalid file: pages/assets.php
in SYSTEMPATH/Exceptions/FrameworkException.php on line 33.
 1 SYSTEMPATH/View/View.php(201): CodeIgniter\Exceptions\FrameworkException::forInvalidFile()
 2 SYSTEMPATH/Common.php(1142): CodeIgniter\View\View->render()
 3 APPPATH/Controllers/Pages.php(28): view()
 4 SYSTEMPATH/CodeIgniter.php(907): App\Controllers\Pages->view()
 5 SYSTEMPATH/CodeIgniter.php(457): CodeIgniter\CodeIgniter->runController()
 6 SYSTEMPATH/CodeIgniter.php(340): CodeIgniter\CodeIgniter->handleRequest()
 7 FCPATH/index.php(67): CodeIgniter\CodeIgniter->run()
CRITICAL - 2022-09-28 22:04:22 --> Invalid file: pages/assets.php
in SYSTEMPATH/Exceptions/FrameworkException.php on line 33.
 1 SYSTEMPATH/View/View.php(201): CodeIgniter\Exceptions\FrameworkException::forInvalidFile()
 2 SYSTEMPATH/Common.php(1142): CodeIgniter\View\View->render()
 3 APPPATH/Controllers/Pages.php(28): view()
 4 SYSTEMPATH/CodeIgniter.php(907): App\Controllers\Pages->view()
 5 SYSTEMPATH/CodeIgniter.php(457): CodeIgniter\CodeIgniter->runController()
 6 SYSTEMPATH/CodeIgniter.php(340): CodeIgniter\CodeIgniter->handleRequest()
 7 FCPATH/index.php(67): CodeIgniter\CodeIgniter->run()
CRITICAL - 2022-09-28 22:04:22 --> Invalid file: pages/assets.php
in SYSTEMPATH/Exceptions/FrameworkException.php on line 33.
 1 SYSTEMPATH/View/View.php(201): CodeIgniter\Exceptions\FrameworkException::forInvalidFile()
 2 SYSTEMPATH/Common.php(1142): CodeIgniter\View\View->render()
 3 APPPATH/Controllers/Pages.php(28): view()
 4 SYSTEMPATH/CodeIgniter.php(907): App\Controllers\Pages->view()
 5 SYSTEMPATH/CodeIgniter.php(457): CodeIgniter\CodeIgniter->runController()
 6 SYSTEMPATH/CodeIgniter.php(340): CodeIgniter\CodeIgniter->handleRequest()
 7 FCPATH/index.php(67): CodeIgniter\CodeIgniter->run()
CRITICAL - 2022-09-28 22:04:23 --> Invalid file: pages/assets.php
in SYSTEMPATH/Exceptions/FrameworkException.php on line 33.
 1 SYSTEMPATH/View/View.php(201): CodeIgniter\Exceptions\FrameworkException::forInvalidFile()
 2 SYSTEMPATH/Common.php(1142): CodeIgniter\View\View->render()
 3 APPPATH/Controllers/Pages.php(28): view()
 4 SYSTEMPATH/CodeIgniter.php(907): App\Controllers\Pages->view()
 5 SYSTEMPATH/CodeIgniter.php(457): CodeIgniter\CodeIgniter->runController()
 6 SYSTEMPATH/CodeIgniter.php(340): CodeIgniter\CodeIgniter->handleRequest()
 7 FCPATH/index.php(67): CodeIgniter\CodeIgniter->run()
CRITICAL - 2022-09-28 22:04:26 --> Invalid file: pages/assets.php
in SYSTEMPATH/Exceptions/FrameworkException.php on line 33.
 1 SYSTEMPATH/View/View.php(201): CodeIgniter\Exceptions\FrameworkException::forInvalidFile()
 2 SYSTEMPATH/Common.php(1142): CodeIgniter\View\View->render()
 3 APPPATH/Controllers/Pages.php(28): view()
 4 SYSTEMPATH/CodeIgniter.php(907): App\Controllers\Pages->view()
 5 SYSTEMPATH/CodeIgniter.php(457): CodeIgniter\CodeIgniter->runController()
 6 SYSTEMPATH/CodeIgniter.php(340): CodeIgniter\CodeIgniter->handleRequest()
 7 FCPATH/index.php(67): CodeIgniter\CodeIgniter->run()
CRITICAL - 2022-09-28 22:04:26 --> Invalid file: pages/__service-worker.js
in SYSTEMPATH/Exceptions/FrameworkException.php on line 33.
 1 SYSTEMPATH/View/View.php(201): CodeIgniter\Exceptions\FrameworkException::forInvalidFile()
 2 SYSTEMPATH/Common.php(1142): CodeIgniter\View\View->render()
 3 APPPATH/Controllers/Pages.php(28): view()
 4 SYSTEMPATH/CodeIgniter.php(907): App\Controllers\Pages->view()
 5 SYSTEMPATH/CodeIgniter.php(457): CodeIgniter\CodeIgniter->runController()
 6 SYSTEMPATH/CodeIgniter.php(340): CodeIgniter\CodeIgniter->handleRequest()
 7 FCPATH/index.php(67): CodeIgniter\CodeIgniter->run()
CRITICAL - 2022-09-28 22:04:26 --> Invalid file: pages/assets.php
in SYSTEMPATH/Exceptions/FrameworkException.php on line 33.
 1 SYSTEMPATH/View/View.php(201): CodeIgniter\Exceptions\FrameworkException::forInvalidFile()
 2 SYSTEMPATH/Common.php(1142): CodeIgniter\View\View->render()
 3 APPPATH/Controllers/Pages.php(28): view()
 4 SYSTEMPATH/CodeIgniter.php(907): App\Controllers\Pages->view()
 5 SYSTEMPATH/CodeIgniter.php(457): CodeIgniter\CodeIgniter->runController()
 6 SYSTEMPATH/CodeIgniter.php(340): CodeIgniter\CodeIgniter->handleRequest()
 7 FCPATH/index.php(67): CodeIgniter\CodeIgniter->run()
CRITICAL - 2022-09-28 22:04:26 --> Invalid file: pages/assets.php
in SYSTEMPATH/Exceptions/FrameworkException.php on line 33.
 1 SYSTEMPATH/View/View.php(201): CodeIgniter\Exceptions\FrameworkException::forInvalidFile()
 2 SYSTEMPATH/Common.php(1142): CodeIgniter\View\View->render()
 3 APPPATH/Controllers/Pages.php(28): view()
 4 SYSTEMPATH/CodeIgniter.php(907): App\Controllers\Pages->view()
 5 SYSTEMPATH/CodeIgniter.php(457): CodeIgniter\CodeIgniter->runController()
 6 SYSTEMPATH/CodeIgniter.php(340): CodeIgniter\CodeIgniter->handleRequest()
 7 FCPATH/index.php(67): CodeIgniter\CodeIgniter->run()
CRITICAL - 2022-09-28 22:04:26 --> Invalid file: pages/assets.php
in SYSTEMPATH/Exceptions/FrameworkException.php on line 33.
 1 SYSTEMPATH/View/View.php(201): CodeIgniter\Exceptions\FrameworkException::forInvalidFile()
 2 SYSTEMPATH/Common.php(1142): CodeIgniter\View\View->render()
 3 APPPATH/Controllers/Pages.php(28): view()
 4 SYSTEMPATH/CodeIgniter.php(907): App\Controllers\Pages->view()
 5 SYSTEMPATH/CodeIgniter.php(457): CodeIgniter\CodeIgniter->runController()
 6 SYSTEMPATH/CodeIgniter.php(340): CodeIgniter\CodeIgniter->handleRequest()
 7 FCPATH/index.php(67): CodeIgniter\CodeIgniter->run()
CRITICAL - 2022-09-28 22:04:26 --> Invalid file: pages/assets.php
in SYSTEMPATH/Exceptions/FrameworkException.php on line 33.
 1 SYSTEMPATH/View/View.php(201): CodeIgniter\Exceptions\FrameworkException::forInvalidFile()
 2 SYSTEMPATH/Common.php(1142): CodeIgniter\View\View->render()
 3 APPPATH/Controllers/Pages.php(28): view()
 4 SYSTEMPATH/CodeIgniter.php(907): App\Controllers\Pages->view()
 5 SYSTEMPATH/CodeIgniter.php(457): CodeIgniter\CodeIgniter->runController()
 6 SYSTEMPATH/CodeIgniter.php(340): CodeIgniter\CodeIgniter->handleRequest()
 7 FCPATH/index.php(67): CodeIgniter\CodeIgniter->run()
CRITICAL - 2022-09-28 22:04:27 --> Invalid file: pages/assets.php
in SYSTEMPATH/Exceptions/FrameworkException.php on line 33.
 1 SYSTEMPATH/View/View.php(201): CodeIgniter\Exceptions\FrameworkException::forInvalidFile()
 2 SYSTEMPATH/Common.php(1142): CodeIgniter\View\View->render()
 3 APPPATH/Controllers/Pages.php(28): view()
 4 SYSTEMPATH/CodeIgniter.php(907): App\Controllers\Pages->view()
 5 SYSTEMPATH/CodeIgniter.php(457): CodeIgniter\CodeIgniter->runController()
 6 SYSTEMPATH/CodeIgniter.php(340): CodeIgniter\CodeIgniter->handleRequest()
 7 FCPATH/index.php(67): CodeIgniter\CodeIgniter->run()
CRITICAL - 2022-09-28 22:04:40 --> Invalid file: pages/assets.php
in SYSTEMPATH/Exceptions/FrameworkException.php on line 33.
 1 SYSTEMPATH/View/View.php(201): CodeIgniter\Exceptions\FrameworkException::forInvalidFile()
 2 SYSTEMPATH/Common.php(1142): CodeIgniter\View\View->render()
 3 APPPATH/Controllers/Pages.php(28): view()
 4 SYSTEMPATH/CodeIgniter.php(907): App\Controllers\Pages->view()
 5 SYSTEMPATH/CodeIgniter.php(457): CodeIgniter\CodeIgniter->runController()
 6 SYSTEMPATH/CodeIgniter.php(340): CodeIgniter\CodeIgniter->handleRequest()
 7 FCPATH/index.php(67): CodeIgniter\CodeIgniter->run()
CRITICAL - 2022-09-28 22:04:40 --> Invalid file: pages/assets.php
in SYSTEMPATH/Exceptions/FrameworkException.php on line 33.
 1 SYSTEMPATH/View/View.php(201): CodeIgniter\Exceptions\FrameworkException::forInvalidFile()
 2 SYSTEMPATH/Common.php(1142): CodeIgniter\View\View->render()
 3 APPPATH/Controllers/Pages.php(28): view()
 4 SYSTEMPATH/CodeIgniter.php(907): App\Controllers\Pages->view()
 5 SYSTEMPATH/CodeIgniter.php(457): CodeIgniter\CodeIgniter->runController()
 6 SYSTEMPATH/CodeIgniter.php(340): CodeIgniter\CodeIgniter->handleRequest()
 7 FCPATH/index.php(67): CodeIgniter\CodeIgniter->run()
CRITICAL - 2022-09-28 22:04:42 --> Invalid file: pages/assets.php
in SYSTEMPATH/Exceptions/FrameworkException.php on line 33.
 1 SYSTEMPATH/View/View.php(201): CodeIgniter\Exceptions\FrameworkException::forInvalidFile()
 2 SYSTEMPATH/Common.php(1142): CodeIgniter\View\View->render()
 3 APPPATH/Controllers/Pages.php(28): view()
 4 SYSTEMPATH/CodeIgniter.php(907): App\Controllers\Pages->view()
 5 SYSTEMPATH/CodeIgniter.php(457): CodeIgniter\CodeIgniter->runController()
 6 SYSTEMPATH/CodeIgniter.php(340): CodeIgniter\CodeIgniter->handleRequest()
 7 FCPATH/index.php(67): CodeIgniter\CodeIgniter->run()
CRITICAL - 2022-09-28 22:04:43 --> Invalid file: pages/__service-worker.js
in SYSTEMPATH/Exceptions/FrameworkException.php on line 33.
 1 SYSTEMPATH/View/View.php(201): CodeIgniter\Exceptions\FrameworkException::forInvalidFile()
 2 SYSTEMPATH/Common.php(1142): CodeIgniter\View\View->render()
 3 APPPATH/Controllers/Pages.php(28): view()
 4 SYSTEMPATH/CodeIgniter.php(907): App\Controllers\Pages->view()
 5 SYSTEMPATH/CodeIgniter.php(457): CodeIgniter\CodeIgniter->runController()
 6 SYSTEMPATH/CodeIgniter.php(340): CodeIgniter\CodeIgniter->handleRequest()
 7 FCPATH/index.php(67): CodeIgniter\CodeIgniter->run()
CRITICAL - 2022-09-28 22:04:43 --> Invalid file: pages/assets.php
in SYSTEMPATH/Exceptions/FrameworkException.php on line 33.
 1 SYSTEMPATH/View/View.php(201): CodeIgniter\Exceptions\FrameworkException::forInvalidFile()
 2 SYSTEMPATH/Common.php(1142): CodeIgniter\View\View->render()
 3 APPPATH/Controllers/Pages.php(28): view()
 4 SYSTEMPATH/CodeIgniter.php(907): App\Controllers\Pages->view()
 5 SYSTEMPATH/CodeIgniter.php(457): CodeIgniter\CodeIgniter->runController()
 6 SYSTEMPATH/CodeIgniter.php(340): CodeIgniter\CodeIgniter->handleRequest()
 7 FCPATH/index.php(67): CodeIgniter\CodeIgniter->run()
CRITICAL - 2022-09-28 22:04:43 --> Invalid file: pages/assets.php
in SYSTEMPATH/Exceptions/FrameworkException.php on line 33.
 1 SYSTEMPATH/View/View.php(201): CodeIgniter\Exceptions\FrameworkException::forInvalidFile()
 2 SYSTEMPATH/Common.php(1142): CodeIgniter\View\View->render()
 3 APPPATH/Controllers/Pages.php(28): view()
 4 SYSTEMPATH/CodeIgniter.php(907): App\Controllers\Pages->view()
 5 SYSTEMPATH/CodeIgniter.php(457): CodeIgniter\CodeIgniter->runController()
 6 SYSTEMPATH/CodeIgniter.php(340): CodeIgniter\CodeIgniter->handleRequest()
 7 FCPATH/index.php(67): CodeIgniter\CodeIgniter->run()
CRITICAL - 2022-09-28 22:04:43 --> Invalid file: pages/assets.php
in SYSTEMPATH/Exceptions/FrameworkException.php on line 33.
 1 SYSTEMPATH/View/View.php(201): CodeIgniter\Exceptions\FrameworkException::forInvalidFile()
 2 SYSTEMPATH/Common.php(1142): CodeIgniter\View\View->render()
 3 APPPATH/Controllers/Pages.php(28): view()
 4 SYSTEMPATH/CodeIgniter.php(907): App\Controllers\Pages->view()
 5 SYSTEMPATH/CodeIgniter.php(457): CodeIgniter\CodeIgniter->runController()
 6 SYSTEMPATH/CodeIgniter.php(340): CodeIgniter\CodeIgniter->handleRequest()
 7 FCPATH/index.php(67): CodeIgniter\CodeIgniter->run()
CRITICAL - 2022-09-28 22:04:43 --> Invalid file: pages/assets.php
in SYSTEMPATH/Exceptions/FrameworkException.php on line 33.
 1 SYSTEMPATH/View/View.php(201): CodeIgniter\Exceptions\FrameworkException::forInvalidFile()
 2 SYSTEMPATH/Common.php(1142): CodeIgniter\View\View->render()
 3 APPPATH/Controllers/Pages.php(28): view()
 4 SYSTEMPATH/CodeIgniter.php(907): App\Controllers\Pages->view()
 5 SYSTEMPATH/CodeIgniter.php(457): CodeIgniter\CodeIgniter->runController()
 6 SYSTEMPATH/CodeIgniter.php(340): CodeIgniter\CodeIgniter->handleRequest()
 7 FCPATH/index.php(67): CodeIgniter\CodeIgniter->run()
CRITICAL - 2022-09-28 22:04:44 --> Invalid file: pages/assets.php
in SYSTEMPATH/Exceptions/FrameworkException.php on line 33.
 1 SYSTEMPATH/View/View.php(201): CodeIgniter\Exceptions\FrameworkException::forInvalidFile()
 2 SYSTEMPATH/Common.php(1142): CodeIgniter\View\View->render()
 3 APPPATH/Controllers/Pages.php(28): view()
 4 SYSTEMPATH/CodeIgniter.php(907): App\Controllers\Pages->view()
 5 SYSTEMPATH/CodeIgniter.php(457): CodeIgniter\CodeIgniter->runController()
 6 SYSTEMPATH/CodeIgniter.php(340): CodeIgniter\CodeIgniter->handleRequest()
 7 FCPATH/index.php(67): CodeIgniter\CodeIgniter->run()
CRITICAL - 2022-09-28 22:05:12 --> Invalid file: pages/assets.php
in SYSTEMPATH/Exceptions/FrameworkException.php on line 33.
 1 SYSTEMPATH/View/View.php(201): CodeIgniter\Exceptions\FrameworkException::forInvalidFile()
 2 SYSTEMPATH/Common.php(1142): CodeIgniter\View\View->render()
 3 APPPATH/Controllers/Pages.php(28): view()
 4 SYSTEMPATH/CodeIgniter.php(907): App\Controllers\Pages->view()
 5 SYSTEMPATH/CodeIgniter.php(457): CodeIgniter\CodeIgniter->runController()
 6 SYSTEMPATH/CodeIgniter.php(340): CodeIgniter\CodeIgniter->handleRequest()
 7 FCPATH/index.php(67): CodeIgniter\CodeIgniter->run()
CRITICAL - 2022-09-28 22:05:12 --> Invalid file: pages/assets.php
in SYSTEMPATH/Exceptions/FrameworkException.php on line 33.
 1 SYSTEMPATH/View/View.php(201): CodeIgniter\Exceptions\FrameworkException::forInvalidFile()
 2 SYSTEMPATH/Common.php(1142): CodeIgniter\View\View->render()
 3 APPPATH/Controllers/Pages.php(28): view()
 4 SYSTEMPATH/CodeIgniter.php(907): App\Controllers\Pages->view()
 5 SYSTEMPATH/CodeIgniter.php(457): CodeIgniter\CodeIgniter->runController()
 6 SYSTEMPATH/CodeIgniter.php(340): CodeIgniter\CodeIgniter->handleRequest()
 7 FCPATH/index.php(67): CodeIgniter\CodeIgniter->run()
CRITICAL - 2022-09-28 22:05:16 --> Invalid file: pages/__service-worker.js
in SYSTEMPATH/Exceptions/FrameworkException.php on line 33.
 1 SYSTEMPATH/View/View.php(201): CodeIgniter\Exceptions\FrameworkException::forInvalidFile()
 2 SYSTEMPATH/Common.php(1142): CodeIgniter\View\View->render()
 3 APPPATH/Controllers/Pages.php(28): view()
 4 SYSTEMPATH/CodeIgniter.php(907): App\Controllers\Pages->view()
 5 SYSTEMPATH/CodeIgniter.php(457): CodeIgniter\CodeIgniter->runController()
 6 SYSTEMPATH/CodeIgniter.php(340): CodeIgniter\CodeIgniter->handleRequest()
 7 FCPATH/index.php(67): CodeIgniter\CodeIgniter->run()
CRITICAL - 2022-09-28 22:05:16 --> Invalid file: pages/assets.php
in SYSTEMPATH/Exceptions/FrameworkException.php on line 33.
 1 SYSTEMPATH/View/View.php(201): CodeIgniter\Exceptions\FrameworkException::forInvalidFile()
 2 SYSTEMPATH/Common.php(1142): CodeIgniter\View\View->render()
 3 APPPATH/Controllers/Pages.php(28): view()
 4 SYSTEMPATH/CodeIgniter.php(907): App\Controllers\Pages->view()
 5 SYSTEMPATH/CodeIgniter.php(457): CodeIgniter\CodeIgniter->runController()
 6 SYSTEMPATH/CodeIgniter.php(340): CodeIgniter\CodeIgniter->handleRequest()
 7 FCPATH/index.php(67): CodeIgniter\CodeIgniter->run()
CRITICAL - 2022-09-28 22:05:16 --> Invalid file: pages/assets.php
in SYSTEMPATH/Exceptions/FrameworkException.php on line 33.
 1 SYSTEMPATH/View/View.php(201): CodeIgniter\Exceptions\FrameworkException::forInvalidFile()
 2 SYSTEMPATH/Common.php(1142): CodeIgniter\View\View->render()
 3 APPPATH/Controllers/Pages.php(28): view()
 4 SYSTEMPATH/CodeIgniter.php(907): App\Controllers\Pages->view()
 5 SYSTEMPATH/CodeIgniter.php(457): CodeIgniter\CodeIgniter->runController()
 6 SYSTEMPATH/CodeIgniter.php(340): CodeIgniter\CodeIgniter->handleRequest()
 7 FCPATH/index.php(67): CodeIgniter\CodeIgniter->run()
CRITICAL - 2022-09-28 22:05:16 --> Invalid file: pages/assets.php
in SYSTEMPATH/Exceptions/FrameworkException.php on line 33.
 1 SYSTEMPATH/View/View.php(201): CodeIgniter\Exceptions\FrameworkException::forInvalidFile()
 2 SYSTEMPATH/Common.php(1142): CodeIgniter\View\View->render()
 3 APPPATH/Controllers/Pages.php(28): view()
 4 SYSTEMPATH/CodeIgniter.php(907): App\Controllers\Pages->view()
 5 SYSTEMPATH/CodeIgniter.php(457): CodeIgniter\CodeIgniter->runController()
 6 SYSTEMPATH/CodeIgniter.php(340): CodeIgniter\CodeIgniter->handleRequest()
 7 FCPATH/index.php(67): CodeIgniter\CodeIgniter->run()
CRITICAL - 2022-09-28 22:05:17 --> Invalid file: pages/assets.php
in SYSTEMPATH/Exceptions/FrameworkException.php on line 33.
 1 SYSTEMPATH/View/View.php(201): CodeIgniter\Exceptions\FrameworkException::forInvalidFile()
 2 SYSTEMPATH/Common.php(1142): CodeIgniter\View\View->render()
 3 APPPATH/Controllers/Pages.php(28): view()
 4 SYSTEMPATH/CodeIgniter.php(907): App\Controllers\Pages->view()
 5 SYSTEMPATH/CodeIgniter.php(457): CodeIgniter\CodeIgniter->runController()
 6 SYSTEMPATH/CodeIgniter.php(340): CodeIgniter\CodeIgniter->handleRequest()
 7 FCPATH/index.php(67): CodeIgniter\CodeIgniter->run()
CRITICAL - 2022-09-28 22:05:17 --> Invalid file: pages/assets.php
in SYSTEMPATH/Exceptions/FrameworkException.php on line 33.
 1 SYSTEMPATH/View/View.php(201): CodeIgniter\Exceptions\FrameworkException::forInvalidFile()
 2 SYSTEMPATH/Common.php(1142): CodeIgniter\View\View->render()
 3 APPPATH/Controllers/Pages.php(28): view()
 4 SYSTEMPATH/CodeIgniter.php(907): App\Controllers\Pages->view()
 5 SYSTEMPATH/CodeIgniter.php(457): CodeIgniter\CodeIgniter->runController()
 6 SYSTEMPATH/CodeIgniter.php(340): CodeIgniter\CodeIgniter->handleRequest()
 7 FCPATH/index.php(67): CodeIgniter\CodeIgniter->run()
CRITICAL - 2022-09-28 22:05:17 --> Invalid file: pages/assets.php
in SYSTEMPATH/Exceptions/FrameworkException.php on line 33.
 1 SYSTEMPATH/View/View.php(201): CodeIgniter\Exceptions\FrameworkException::forInvalidFile()
 2 SYSTEMPATH/Common.php(1142): CodeIgniter\View\View->render()
 3 APPPATH/Controllers/Pages.php(28): view()
 4 SYSTEMPATH/CodeIgniter.php(907): App\Controllers\Pages->view()
 5 SYSTEMPATH/CodeIgniter.php(457): CodeIgniter\CodeIgniter->runController()
 6 SYSTEMPATH/CodeIgniter.php(340): CodeIgniter\CodeIgniter->handleRequest()
 7 FCPATH/index.php(67): CodeIgniter\CodeIgniter->run()
CRITICAL - 2022-09-28 22:05:46 --> Invalid file: pages/assets.php
in SYSTEMPATH/Exceptions/FrameworkException.php on line 33.
 1 SYSTEMPATH/View/View.php(201): CodeIgniter\Exceptions\FrameworkException::forInvalidFile()
 2 SYSTEMPATH/Common.php(1142): CodeIgniter\View\View->render()
 3 APPPATH/Controllers/Pages.php(28): view()
 4 SYSTEMPATH/CodeIgniter.php(907): App\Controllers\Pages->view()
 5 SYSTEMPATH/CodeIgniter.php(457): CodeIgniter\CodeIgniter->runController()
 6 SYSTEMPATH/CodeIgniter.php(340): CodeIgniter\CodeIgniter->handleRequest()
 7 FCPATH/index.php(67): CodeIgniter\CodeIgniter->run()
CRITICAL - 2022-09-28 22:05:46 --> Invalid file: pages/__service-worker.js
in SYSTEMPATH/Exceptions/FrameworkException.php on line 33.
 1 SYSTEMPATH/View/View.php(201): CodeIgniter\Exceptions\FrameworkException::forInvalidFile()
 2 SYSTEMPATH/Common.php(1142): CodeIgniter\View\View->render()
 3 APPPATH/Controllers/Pages.php(28): view()
 4 SYSTEMPATH/CodeIgniter.php(907): App\Controllers\Pages->view()
 5 SYSTEMPATH/CodeIgniter.php(457): CodeIgniter\CodeIgniter->runController()
 6 SYSTEMPATH/CodeIgniter.php(340): CodeIgniter\CodeIgniter->handleRequest()
 7 FCPATH/index.php(67): CodeIgniter\CodeIgniter->run()
CRITICAL - 2022-09-28 22:05:46 --> Invalid file: pages/assets.php
in SYSTEMPATH/Exceptions/FrameworkException.php on line 33.
 1 SYSTEMPATH/View/View.php(201): CodeIgniter\Exceptions\FrameworkException::forInvalidFile()
 2 SYSTEMPATH/Common.php(1142): CodeIgniter\View\View->render()
 3 APPPATH/Controllers/Pages.php(28): view()
 4 SYSTEMPATH/CodeIgniter.php(907): App\Controllers\Pages->view()
 5 SYSTEMPATH/CodeIgniter.php(457): CodeIgniter\CodeIgniter->runController()
 6 SYSTEMPATH/CodeIgniter.php(340): CodeIgniter\CodeIgniter->handleRequest()
 7 FCPATH/index.php(67): CodeIgniter\CodeIgniter->run()
CRITICAL - 2022-09-28 22:05:46 --> Invalid file: pages/assets.php
in SYSTEMPATH/Exceptions/FrameworkException.php on line 33.
 1 SYSTEMPATH/View/View.php(201): CodeIgniter\Exceptions\FrameworkException::forInvalidFile()
 2 SYSTEMPATH/Common.php(1142): CodeIgniter\View\View->render()
 3 APPPATH/Controllers/Pages.php(28): view()
 4 SYSTEMPATH/CodeIgniter.php(907): App\Controllers\Pages->view()
 5 SYSTEMPATH/CodeIgniter.php(457): CodeIgniter\CodeIgniter->runController()
 6 SYSTEMPATH/CodeIgniter.php(340): CodeIgniter\CodeIgniter->handleRequest()
 7 FCPATH/index.php(67): CodeIgniter\CodeIgniter->run()
CRITICAL - 2022-09-28 22:05:47 --> Invalid file: pages/assets.php
in SYSTEMPATH/Exceptions/FrameworkException.php on line 33.
 1 SYSTEMPATH/View/View.php(201): CodeIgniter\Exceptions\FrameworkException::forInvalidFile()
 2 SYSTEMPATH/Common.php(1142): CodeIgniter\View\View->render()
 3 APPPATH/Controllers/Pages.php(28): view()
 4 SYSTEMPATH/CodeIgniter.php(907): App\Controllers\Pages->view()
 5 SYSTEMPATH/CodeIgniter.php(457): CodeIgniter\CodeIgniter->runController()
 6 SYSTEMPATH/CodeIgniter.php(340): CodeIgniter\CodeIgniter->handleRequest()
 7 FCPATH/index.php(67): CodeIgniter\CodeIgniter->run()
CRITICAL - 2022-09-28 22:05:47 --> Invalid file: pages/assets.php
in SYSTEMPATH/Exceptions/FrameworkException.php on line 33.
 1 SYSTEMPATH/View/View.php(201): CodeIgniter\Exceptions\FrameworkException::forInvalidFile()
 2 SYSTEMPATH/Common.php(1142): CodeIgniter\View\View->render()
 3 APPPATH/Controllers/Pages.php(28): view()
 4 SYSTEMPATH/CodeIgniter.php(907): App\Controllers\Pages->view()
 5 SYSTEMPATH/CodeIgniter.php(457): CodeIgniter\CodeIgniter->runController()
 6 SYSTEMPATH/CodeIgniter.php(340): CodeIgniter\CodeIgniter->handleRequest()
 7 FCPATH/index.php(67): CodeIgniter\CodeIgniter->run()
CRITICAL - 2022-09-28 22:05:48 --> Invalid file: pages/assets.php
in SYSTEMPATH/Exceptions/FrameworkException.php on line 33.
 1 SYSTEMPATH/View/View.php(201): CodeIgniter\Exceptions\FrameworkException::forInvalidFile()
 2 SYSTEMPATH/Common.php(1142): CodeIgniter\View\View->render()
 3 APPPATH/Controllers/Pages.php(28): view()
 4 SYSTEMPATH/CodeIgniter.php(907): App\Controllers\Pages->view()
 5 SYSTEMPATH/CodeIgniter.php(457): CodeIgniter\CodeIgniter->runController()
 6 SYSTEMPATH/CodeIgniter.php(340): CodeIgniter\CodeIgniter->handleRequest()
 7 FCPATH/index.php(67): CodeIgniter\CodeIgniter->run()
CRITICAL - 2022-09-28 22:06:07 --> Invalid file: pages/assets.php
in SYSTEMPATH/Exceptions/FrameworkException.php on line 33.
 1 SYSTEMPATH/View/View.php(201): CodeIgniter\Exceptions\FrameworkException::forInvalidFile()
 2 SYSTEMPATH/Common.php(1142): CodeIgniter\View\View->render()
 3 APPPATH/Controllers/Pages.php(28): view()
 4 SYSTEMPATH/CodeIgniter.php(907): App\Controllers\Pages->view()
 5 SYSTEMPATH/CodeIgniter.php(457): CodeIgniter\CodeIgniter->runController()
 6 SYSTEMPATH/CodeIgniter.php(340): CodeIgniter\CodeIgniter->handleRequest()
 7 FCPATH/index.php(67): CodeIgniter\CodeIgniter->run()
CRITICAL - 2022-09-28 22:06:07 --> Invalid file: pages/__service-worker.js
in SYSTEMPATH/Exceptions/FrameworkException.php on line 33.
 1 SYSTEMPATH/View/View.php(201): CodeIgniter\Exceptions\FrameworkException::forInvalidFile()
 2 SYSTEMPATH/Common.php(1142): CodeIgniter\View\View->render()
 3 APPPATH/Controllers/Pages.php(28): view()
 4 SYSTEMPATH/CodeIgniter.php(907): App\Controllers\Pages->view()
 5 SYSTEMPATH/CodeIgniter.php(457): CodeIgniter\CodeIgniter->runController()
 6 SYSTEMPATH/CodeIgniter.php(340): CodeIgniter\CodeIgniter->handleRequest()
 7 FCPATH/index.php(67): CodeIgniter\CodeIgniter->run()
CRITICAL - 2022-09-28 22:06:07 --> Invalid file: pages/assets.php
in SYSTEMPATH/Exceptions/FrameworkException.php on line 33.
 1 SYSTEMPATH/View/View.php(201): CodeIgniter\Exceptions\FrameworkException::forInvalidFile()
 2 SYSTEMPATH/Common.php(1142): CodeIgniter\View\View->render()
 3 APPPATH/Controllers/Pages.php(28): view()
 4 SYSTEMPATH/CodeIgniter.php(907): App\Controllers\Pages->view()
 5 SYSTEMPATH/CodeIgniter.php(457): CodeIgniter\CodeIgniter->runController()
 6 SYSTEMPATH/CodeIgniter.php(340): CodeIgniter\CodeIgniter->handleRequest()
 7 FCPATH/index.php(67): CodeIgniter\CodeIgniter->run()
CRITICAL - 2022-09-28 22:06:07 --> Invalid file: pages/assets.php
in SYSTEMPATH/Exceptions/FrameworkException.php on line 33.
 1 SYSTEMPATH/View/View.php(201): CodeIgniter\Exceptions\FrameworkException::forInvalidFile()
 2 SYSTEMPATH/Common.php(1142): CodeIgniter\View\View->render()
 3 APPPATH/Controllers/Pages.php(28): view()
 4 SYSTEMPATH/CodeIgniter.php(907): App\Controllers\Pages->view()
 5 SYSTEMPATH/CodeIgniter.php(457): CodeIgniter\CodeIgniter->runController()
 6 SYSTEMPATH/CodeIgniter.php(340): CodeIgniter\CodeIgniter->handleRequest()
 7 FCPATH/index.php(67): CodeIgniter\CodeIgniter->run()
CRITICAL - 2022-09-28 22:06:08 --> Invalid file: pages/assets.php
in SYSTEMPATH/Exceptions/FrameworkException.php on line 33.
 1 SYSTEMPATH/View/View.php(201): CodeIgniter\Exceptions\FrameworkException::forInvalidFile()
 2 SYSTEMPATH/Common.php(1142): CodeIgniter\View\View->render()
 3 APPPATH/Controllers/Pages.php(28): view()
 4 SYSTEMPATH/CodeIgniter.php(907): App\Controllers\Pages->view()
 5 SYSTEMPATH/CodeIgniter.php(457): CodeIgniter\CodeIgniter->runController()
 6 SYSTEMPATH/CodeIgniter.php(340): CodeIgniter\CodeIgniter->handleRequest()
 7 FCPATH/index.php(67): CodeIgniter\CodeIgniter->run()
CRITICAL - 2022-09-28 22:06:08 --> Invalid file: pages/assets.php
in SYSTEMPATH/Exceptions/FrameworkException.php on line 33.
 1 SYSTEMPATH/View/View.php(201): CodeIgniter\Exceptions\FrameworkException::forInvalidFile()
 2 SYSTEMPATH/Common.php(1142): CodeIgniter\View\View->render()
 3 APPPATH/Controllers/Pages.php(28): view()
 4 SYSTEMPATH/CodeIgniter.php(907): App\Controllers\Pages->view()
 5 SYSTEMPATH/CodeIgniter.php(457): CodeIgniter\CodeIgniter->runController()
 6 SYSTEMPATH/CodeIgniter.php(340): CodeIgniter\CodeIgniter->handleRequest()
 7 FCPATH/index.php(67): CodeIgniter\CodeIgniter->run()
CRITICAL - 2022-09-28 22:06:08 --> Invalid file: pages/assets.php
in SYSTEMPATH/Exceptions/FrameworkException.php on line 33.
 1 SYSTEMPATH/View/View.php(201): CodeIgniter\Exceptions\FrameworkException::forInvalidFile()
 2 SYSTEMPATH/Common.php(1142): CodeIgniter\View\View->render()
 3 APPPATH/Controllers/Pages.php(28): view()
 4 SYSTEMPATH/CodeIgniter.php(907): App\Controllers\Pages->view()
 5 SYSTEMPATH/CodeIgniter.php(457): CodeIgniter\CodeIgniter->runController()
 6 SYSTEMPATH/CodeIgniter.php(340): CodeIgniter\CodeIgniter->handleRequest()
 7 FCPATH/index.php(67): CodeIgniter\CodeIgniter->run()
CRITICAL - 2022-09-28 22:06:59 --> Invalid file: pages/assets.php
in SYSTEMPATH/Exceptions/FrameworkException.php on line 33.
 1 SYSTEMPATH/View/View.php(201): CodeIgniter\Exceptions\FrameworkException::forInvalidFile()
 2 SYSTEMPATH/Common.php(1142): CodeIgniter\View\View->render()
 3 APPPATH/Controllers/Pages.php(28): view()
 4 SYSTEMPATH/CodeIgniter.php(907): App\Controllers\Pages->view()
 5 SYSTEMPATH/CodeIgniter.php(457): CodeIgniter\CodeIgniter->runController()
 6 SYSTEMPATH/CodeIgniter.php(340): CodeIgniter\CodeIgniter->handleRequest()
 7 FCPATH/index.php(67): CodeIgniter\CodeIgniter->run()
CRITICAL - 2022-09-28 22:06:59 --> Invalid file: pages/__service-worker.js
in SYSTEMPATH/Exceptions/FrameworkException.php on line 33.
 1 SYSTEMPATH/View/View.php(201): CodeIgniter\Exceptions\FrameworkException::forInvalidFile()
 2 SYSTEMPATH/Common.php(1142): CodeIgniter\View\View->render()
 3 APPPATH/Controllers/Pages.php(28): view()
 4 SYSTEMPATH/CodeIgniter.php(907): App\Controllers\Pages->view()
 5 SYSTEMPATH/CodeIgniter.php(457): CodeIgniter\CodeIgniter->runController()
 6 SYSTEMPATH/CodeIgniter.php(340): CodeIgniter\CodeIgniter->handleRequest()
 7 FCPATH/index.php(67): CodeIgniter\CodeIgniter->run()
CRITICAL - 2022-09-28 22:06:59 --> Invalid file: pages/assets.php
in SYSTEMPATH/Exceptions/FrameworkException.php on line 33.
 1 SYSTEMPATH/View/View.php(201): CodeIgniter\Exceptions\FrameworkException::forInvalidFile()
 2 SYSTEMPATH/Common.php(1142): CodeIgniter\View\View->render()
 3 APPPATH/Controllers/Pages.php(28): view()
 4 SYSTEMPATH/CodeIgniter.php(907): App\Controllers\Pages->view()
 5 SYSTEMPATH/CodeIgniter.php(457): CodeIgniter\CodeIgniter->runController()
 6 SYSTEMPATH/CodeIgniter.php(340): CodeIgniter\CodeIgniter->handleRequest()
 7 FCPATH/index.php(67): CodeIgniter\CodeIgniter->run()
CRITICAL - 2022-09-28 22:06:59 --> Invalid file: pages/assets.php
in SYSTEMPATH/Exceptions/FrameworkException.php on line 33.
 1 SYSTEMPATH/View/View.php(201): CodeIgniter\Exceptions\FrameworkException::forInvalidFile()
 2 SYSTEMPATH/Common.php(1142): CodeIgniter\View\View->render()
 3 APPPATH/Controllers/Pages.php(28): view()
 4 SYSTEMPATH/CodeIgniter.php(907): App\Controllers\Pages->view()
 5 SYSTEMPATH/CodeIgniter.php(457): CodeIgniter\CodeIgniter->runController()
 6 SYSTEMPATH/CodeIgniter.php(340): CodeIgniter\CodeIgniter->handleRequest()
 7 FCPATH/index.php(67): CodeIgniter\CodeIgniter->run()
CRITICAL - 2022-09-28 22:07:00 --> Invalid file: pages/assets.php
in SYSTEMPATH/Exceptions/FrameworkException.php on line 33.
 1 SYSTEMPATH/View/View.php(201): CodeIgniter\Exceptions\FrameworkException::forInvalidFile()
 2 SYSTEMPATH/Common.php(1142): CodeIgniter\View\View->render()
 3 APPPATH/Controllers/Pages.php(28): view()
 4 SYSTEMPATH/CodeIgniter.php(907): App\Controllers\Pages->view()
 5 SYSTEMPATH/CodeIgniter.php(457): CodeIgniter\CodeIgniter->runController()
 6 SYSTEMPATH/CodeIgniter.php(340): CodeIgniter\CodeIgniter->handleRequest()
 7 FCPATH/index.php(67): CodeIgniter\CodeIgniter->run()
CRITICAL - 2022-09-28 22:07:00 --> Invalid file: pages/assets.php
in SYSTEMPATH/Exceptions/FrameworkException.php on line 33.
 1 SYSTEMPATH/View/View.php(201): CodeIgniter\Exceptions\FrameworkException::forInvalidFile()
 2 SYSTEMPATH/Common.php(1142): CodeIgniter\View\View->render()
 3 APPPATH/Controllers/Pages.php(28): view()
 4 SYSTEMPATH/CodeIgniter.php(907): App\Controllers\Pages->view()
 5 SYSTEMPATH/CodeIgniter.php(457): CodeIgniter\CodeIgniter->runController()
 6 SYSTEMPATH/CodeIgniter.php(340): CodeIgniter\CodeIgniter->handleRequest()
 7 FCPATH/index.php(67): CodeIgniter\CodeIgniter->run()
CRITICAL - 2022-09-28 22:07:00 --> Invalid file: pages/assets.php
in SYSTEMPATH/Exceptions/FrameworkException.php on line 33.
 1 SYSTEMPATH/View/View.php(201): CodeIgniter\Exceptions\FrameworkException::forInvalidFile()
 2 SYSTEMPATH/Common.php(1142): CodeIgniter\View\View->render()
 3 APPPATH/Controllers/Pages.php(28): view()
 4 SYSTEMPATH/CodeIgniter.php(907): App\Controllers\Pages->view()
 5 SYSTEMPATH/CodeIgniter.php(457): CodeIgniter\CodeIgniter->runController()
 6 SYSTEMPATH/CodeIgniter.php(340): CodeIgniter\CodeIgniter->handleRequest()
 7 FCPATH/index.php(67): CodeIgniter\CodeIgniter->run()
CRITICAL - 2022-09-28 22:08:31 --> Invalid file: pages/__service-worker.js
in SYSTEMPATH/Exceptions/FrameworkException.php on line 33.
 1 SYSTEMPATH/View/View.php(201): CodeIgniter\Exceptions\FrameworkException::forInvalidFile()
 2 SYSTEMPATH/Common.php(1142): CodeIgniter\View\View->render()
 3 APPPATH/Controllers/Pages.php(28): view()
 4 SYSTEMPATH/CodeIgniter.php(907): App\Controllers\Pages->view()
 5 SYSTEMPATH/CodeIgniter.php(457): CodeIgniter\CodeIgniter->runController()
 6 SYSTEMPATH/CodeIgniter.php(340): CodeIgniter\CodeIgniter->handleRequest()
 7 FCPATH/index.php(67): CodeIgniter\CodeIgniter->run()
CRITICAL - 2022-09-28 22:08:32 --> Invalid file: pages/assets.php
in SYSTEMPATH/Exceptions/FrameworkException.php on line 33.
 1 SYSTEMPATH/View/View.php(201): CodeIgniter\Exceptions\FrameworkException::forInvalidFile()
 2 SYSTEMPATH/Common.php(1142): CodeIgniter\View\View->render()
 3 APPPATH/Controllers/Pages.php(28): view()
 4 SYSTEMPATH/CodeIgniter.php(907): App\Controllers\Pages->view()
 5 SYSTEMPATH/CodeIgniter.php(457): CodeIgniter\CodeIgniter->runController()
 6 SYSTEMPATH/CodeIgniter.php(340): CodeIgniter\CodeIgniter->handleRequest()
 7 FCPATH/index.php(67): CodeIgniter\CodeIgniter->run()
CRITICAL - 2022-09-28 22:08:32 --> Invalid file: pages/assets.php
in SYSTEMPATH/Exceptions/FrameworkException.php on line 33.
 1 SYSTEMPATH/View/View.php(201): CodeIgniter\Exceptions\FrameworkException::forInvalidFile()
 2 SYSTEMPATH/Common.php(1142): CodeIgniter\View\View->render()
 3 APPPATH/Controllers/Pages.php(28): view()
 4 SYSTEMPATH/CodeIgniter.php(907): App\Controllers\Pages->view()
 5 SYSTEMPATH/CodeIgniter.php(457): CodeIgniter\CodeIgniter->runController()
 6 SYSTEMPATH/CodeIgniter.php(340): CodeIgniter\CodeIgniter->handleRequest()
 7 FCPATH/index.php(67): CodeIgniter\CodeIgniter->run()
CRITICAL - 2022-09-28 22:08:32 --> Invalid file: pages/assets.php
in SYSTEMPATH/Exceptions/FrameworkException.php on line 33.
 1 SYSTEMPATH/View/View.php(201): CodeIgniter\Exceptions\FrameworkException::forInvalidFile()
 2 SYSTEMPATH/Common.php(1142): CodeIgniter\View\View->render()
 3 APPPATH/Controllers/Pages.php(28): view()
 4 SYSTEMPATH/CodeIgniter.php(907): App\Controllers\Pages->view()
 5 SYSTEMPATH/CodeIgniter.php(457): CodeIgniter\CodeIgniter->runController()
 6 SYSTEMPATH/CodeIgniter.php(340): CodeIgniter\CodeIgniter->handleRequest()
 7 FCPATH/index.php(67): CodeIgniter\CodeIgniter->run()
CRITICAL - 2022-09-28 22:08:32 --> Invalid file: pages/assets.php
in SYSTEMPATH/Exceptions/FrameworkException.php on line 33.
 1 SYSTEMPATH/View/View.php(201): CodeIgniter\Exceptions\FrameworkException::forInvalidFile()
 2 SYSTEMPATH/Common.php(1142): CodeIgniter\View\View->render()
 3 APPPATH/Controllers/Pages.php(28): view()
 4 SYSTEMPATH/CodeIgniter.php(907): App\Controllers\Pages->view()
 5 SYSTEMPATH/CodeIgniter.php(457): CodeIgniter\CodeIgniter->runController()
 6 SYSTEMPATH/CodeIgniter.php(340): CodeIgniter\CodeIgniter->handleRequest()
 7 FCPATH/index.php(67): CodeIgniter\CodeIgniter->run()
CRITICAL - 2022-09-28 22:08:33 --> Invalid file: pages/assets.php
in SYSTEMPATH/Exceptions/FrameworkException.php on line 33.
 1 SYSTEMPATH/View/View.php(201): CodeIgniter\Exceptions\FrameworkException::forInvalidFile()
 2 SYSTEMPATH/Common.php(1142): CodeIgniter\View\View->render()
 3 APPPATH/Controllers/Pages.php(28): view()
 4 SYSTEMPATH/CodeIgniter.php(907): App\Controllers\Pages->view()
 5 SYSTEMPATH/CodeIgniter.php(457): CodeIgniter\CodeIgniter->runController()
 6 SYSTEMPATH/CodeIgniter.php(340): CodeIgniter\CodeIgniter->handleRequest()
 7 FCPATH/index.php(67): CodeIgniter\CodeIgniter->run()
CRITICAL - 2022-09-28 22:08:33 --> Invalid file: pages/assets.php
in SYSTEMPATH/Exceptions/FrameworkException.php on line 33.
 1 SYSTEMPATH/View/View.php(201): CodeIgniter\Exceptions\FrameworkException::forInvalidFile()
 2 SYSTEMPATH/Common.php(1142): CodeIgniter\View\View->render()
 3 APPPATH/Controllers/Pages.php(28): view()
 4 SYSTEMPATH/CodeIgniter.php(907): App\Controllers\Pages->view()
 5 SYSTEMPATH/CodeIgniter.php(457): CodeIgniter\CodeIgniter->runController()
 6 SYSTEMPATH/CodeIgniter.php(340): CodeIgniter\CodeIgniter->handleRequest()
 7 FCPATH/index.php(67): CodeIgniter\CodeIgniter->run()
CRITICAL - 2022-09-28 22:08:53 --> Invalid file: pages/assets.php
in SYSTEMPATH/Exceptions/FrameworkException.php on line 33.
 1 SYSTEMPATH/View/View.php(201): CodeIgniter\Exceptions\FrameworkException::forInvalidFile()
 2 SYSTEMPATH/Common.php(1142): CodeIgniter\View\View->render()
 3 APPPATH/Controllers/Pages.php(28): view()
 4 SYSTEMPATH/CodeIgniter.php(907): App\Controllers\Pages->view()
 5 SYSTEMPATH/CodeIgniter.php(457): CodeIgniter\CodeIgniter->runController()
 6 SYSTEMPATH/CodeIgniter.php(340): CodeIgniter\CodeIgniter->handleRequest()
 7 FCPATH/index.php(67): CodeIgniter\CodeIgniter->run()
CRITICAL - 2022-09-28 22:08:53 --> Invalid file: pages/assets.php
in SYSTEMPATH/Exceptions/FrameworkException.php on line 33.
 1 SYSTEMPATH/View/View.php(201): CodeIgniter\Exceptions\FrameworkException::forInvalidFile()
 2 SYSTEMPATH/Common.php(1142): CodeIgniter\View\View->render()
 3 APPPATH/Controllers/Pages.php(28): view()
 4 SYSTEMPATH/CodeIgniter.php(907): App\Controllers\Pages->view()
 5 SYSTEMPATH/CodeIgniter.php(457): CodeIgniter\CodeIgniter->runController()
 6 SYSTEMPATH/CodeIgniter.php(340): CodeIgniter\CodeIgniter->handleRequest()
 7 FCPATH/index.php(67): CodeIgniter\CodeIgniter->run()
CRITICAL - 2022-09-28 22:08:53 --> Invalid file: pages/assets.php
in SYSTEMPATH/Exceptions/FrameworkException.php on line 33.
 1 SYSTEMPATH/View/View.php(201): CodeIgniter\Exceptions\FrameworkException::forInvalidFile()
 2 SYSTEMPATH/Common.php(1142): CodeIgniter\View\View->render()
 3 APPPATH/Controllers/Pages.php(28): view()
 4 SYSTEMPATH/CodeIgniter.php(907): App\Controllers\Pages->view()
 5 SYSTEMPATH/CodeIgniter.php(457): CodeIgniter\CodeIgniter->runController()
 6 SYSTEMPATH/CodeIgniter.php(340): CodeIgniter\CodeIgniter->handleRequest()
 7 FCPATH/index.php(67): CodeIgniter\CodeIgniter->run()
CRITICAL - 2022-09-28 22:09:04 --> Invalid file: pages/assets.php
in SYSTEMPATH/Exceptions/FrameworkException.php on line 33.
 1 SYSTEMPATH/View/View.php(201): CodeIgniter\Exceptions\FrameworkException::forInvalidFile()
 2 SYSTEMPATH/Common.php(1142): CodeIgniter\View\View->render()
 3 APPPATH/Controllers/Pages.php(28): view()
 4 SYSTEMPATH/CodeIgniter.php(907): App\Controllers\Pages->view()
 5 SYSTEMPATH/CodeIgniter.php(457): CodeIgniter\CodeIgniter->runController()
 6 SYSTEMPATH/CodeIgniter.php(340): CodeIgniter\CodeIgniter->handleRequest()
 7 FCPATH/index.php(67): CodeIgniter\CodeIgniter->run()
CRITICAL - 2022-09-28 22:09:04 --> Invalid file: pages/__service-worker.js
in SYSTEMPATH/Exceptions/FrameworkException.php on line 33.
 1 SYSTEMPATH/View/View.php(201): CodeIgniter\Exceptions\FrameworkException::forInvalidFile()
 2 SYSTEMPATH/Common.php(1142): CodeIgniter\View\View->render()
 3 APPPATH/Controllers/Pages.php(28): view()
 4 SYSTEMPATH/CodeIgniter.php(907): App\Controllers\Pages->view()
 5 SYSTEMPATH/CodeIgniter.php(457): CodeIgniter\CodeIgniter->runController()
 6 SYSTEMPATH/CodeIgniter.php(340): CodeIgniter\CodeIgniter->handleRequest()
 7 FCPATH/index.php(67): CodeIgniter\CodeIgniter->run()
CRITICAL - 2022-09-28 22:09:04 --> Invalid file: pages/assets.php
in SYSTEMPATH/Exceptions/FrameworkException.php on line 33.
 1 SYSTEMPATH/View/View.php(201): CodeIgniter\Exceptions\FrameworkException::forInvalidFile()
 2 SYSTEMPATH/Common.php(1142): CodeIgniter\View\View->render()
 3 APPPATH/Controllers/Pages.php(28): view()
 4 SYSTEMPATH/CodeIgniter.php(907): App\Controllers\Pages->view()
 5 SYSTEMPATH/CodeIgniter.php(457): CodeIgniter\CodeIgniter->runController()
 6 SYSTEMPATH/CodeIgniter.php(340): CodeIgniter\CodeIgniter->handleRequest()
 7 FCPATH/index.php(67): CodeIgniter\CodeIgniter->run()
CRITICAL - 2022-09-28 22:09:04 --> Invalid file: pages/assets.php
in SYSTEMPATH/Exceptions/FrameworkException.php on line 33.
 1 SYSTEMPATH/View/View.php(201): CodeIgniter\Exceptions\FrameworkException::forInvalidFile()
 2 SYSTEMPATH/Common.php(1142): CodeIgniter\View\View->render()
 3 APPPATH/Controllers/Pages.php(28): view()
 4 SYSTEMPATH/CodeIgniter.php(907): App\Controllers\Pages->view()
 5 SYSTEMPATH/CodeIgniter.php(457): CodeIgniter\CodeIgniter->runController()
 6 SYSTEMPATH/CodeIgniter.php(340): CodeIgniter\CodeIgniter->handleRequest()
 7 FCPATH/index.php(67): CodeIgniter\CodeIgniter->run()
CRITICAL - 2022-09-28 22:09:04 --> Invalid file: pages/assets.php
in SYSTEMPATH/Exceptions/FrameworkException.php on line 33.
 1 SYSTEMPATH/View/View.php(201): CodeIgniter\Exceptions\FrameworkException::forInvalidFile()
 2 SYSTEMPATH/Common.php(1142): CodeIgniter\View\View->render()
 3 APPPATH/Controllers/Pages.php(28): view()
 4 SYSTEMPATH/CodeIgniter.php(907): App\Controllers\Pages->view()
 5 SYSTEMPATH/CodeIgniter.php(457): CodeIgniter\CodeIgniter->runController()
 6 SYSTEMPATH/CodeIgniter.php(340): CodeIgniter\CodeIgniter->handleRequest()
 7 FCPATH/index.php(67): CodeIgniter\CodeIgniter->run()
CRITICAL - 2022-09-28 22:09:05 --> Invalid file: pages/assets.php
in SYSTEMPATH/Exceptions/FrameworkException.php on line 33.
 1 SYSTEMPATH/View/View.php(201): CodeIgniter\Exceptions\FrameworkException::forInvalidFile()
 2 SYSTEMPATH/Common.php(1142): CodeIgniter\View\View->render()
 3 APPPATH/Controllers/Pages.php(28): view()
 4 SYSTEMPATH/CodeIgniter.php(907): App\Controllers\Pages->view()
 5 SYSTEMPATH/CodeIgniter.php(457): CodeIgniter\CodeIgniter->runController()
 6 SYSTEMPATH/CodeIgniter.php(340): CodeIgniter\CodeIgniter->handleRequest()
 7 FCPATH/index.php(67): CodeIgniter\CodeIgniter->run()
CRITICAL - 2022-09-28 22:09:05 --> Invalid file: pages/assets.php
in SYSTEMPATH/Exceptions/FrameworkException.php on line 33.
 1 SYSTEMPATH/View/View.php(201): CodeIgniter\Exceptions\FrameworkException::forInvalidFile()
 2 SYSTEMPATH/Common.php(1142): CodeIgniter\View\View->render()
 3 APPPATH/Controllers/Pages.php(28): view()
 4 SYSTEMPATH/CodeIgniter.php(907): App\Controllers\Pages->view()
 5 SYSTEMPATH/CodeIgniter.php(457): CodeIgniter\CodeIgniter->runController()
 6 SYSTEMPATH/CodeIgniter.php(340): CodeIgniter\CodeIgniter->handleRequest()
 7 FCPATH/index.php(67): CodeIgniter\CodeIgniter->run()
CRITICAL - 2022-09-28 22:09:44 --> Invalid file: pages/assets.php
in SYSTEMPATH/Exceptions/FrameworkException.php on line 33.
 1 SYSTEMPATH/View/View.php(201): CodeIgniter\Exceptions\FrameworkException::forInvalidFile()
 2 SYSTEMPATH/Common.php(1142): CodeIgniter\View\View->render()
 3 APPPATH/Controllers/Pages.php(28): view()
 4 SYSTEMPATH/CodeIgniter.php(907): App\Controllers\Pages->view()
 5 SYSTEMPATH/CodeIgniter.php(457): CodeIgniter\CodeIgniter->runController()
 6 SYSTEMPATH/CodeIgniter.php(340): CodeIgniter\CodeIgniter->handleRequest()
 7 FCPATH/index.php(67): CodeIgniter\CodeIgniter->run()
CRITICAL - 2022-09-28 22:09:44 --> Invalid file: pages/__service-worker.js
in SYSTEMPATH/Exceptions/FrameworkException.php on line 33.
 1 SYSTEMPATH/View/View.php(201): CodeIgniter\Exceptions\FrameworkException::forInvalidFile()
 2 SYSTEMPATH/Common.php(1142): CodeIgniter\View\View->render()
 3 APPPATH/Controllers/Pages.php(28): view()
 4 SYSTEMPATH/CodeIgniter.php(907): App\Controllers\Pages->view()
 5 SYSTEMPATH/CodeIgniter.php(457): CodeIgniter\CodeIgniter->runController()
 6 SYSTEMPATH/CodeIgniter.php(340): CodeIgniter\CodeIgniter->handleRequest()
 7 FCPATH/index.php(67): CodeIgniter\CodeIgniter->run()
CRITICAL - 2022-09-28 22:09:45 --> Invalid file: pages/assets.php
in SYSTEMPATH/Exceptions/FrameworkException.php on line 33.
 1 SYSTEMPATH/View/View.php(201): CodeIgniter\Exceptions\FrameworkException::forInvalidFile()
 2 SYSTEMPATH/Common.php(1142): CodeIgniter\View\View->render()
 3 APPPATH/Controllers/Pages.php(28): view()
 4 SYSTEMPATH/CodeIgniter.php(907): App\Controllers\Pages->view()
 5 SYSTEMPATH/CodeIgniter.php(457): CodeIgniter\CodeIgniter->runController()
 6 SYSTEMPATH/CodeIgniter.php(340): CodeIgniter\CodeIgniter->handleRequest()
 7 FCPATH/index.php(67): CodeIgniter\CodeIgniter->run()
CRITICAL - 2022-09-28 22:09:45 --> Invalid file: pages/assets.php
in SYSTEMPATH/Exceptions/FrameworkException.php on line 33.
 1 SYSTEMPATH/View/View.php(201): CodeIgniter\Exceptions\FrameworkException::forInvalidFile()
 2 SYSTEMPATH/Common.php(1142): CodeIgniter\View\View->render()
 3 APPPATH/Controllers/Pages.php(28): view()
 4 SYSTEMPATH/CodeIgniter.php(907): App\Controllers\Pages->view()
 5 SYSTEMPATH/CodeIgniter.php(457): CodeIgniter\CodeIgniter->runController()
 6 SYSTEMPATH/CodeIgniter.php(340): CodeIgniter\CodeIgniter->handleRequest()
 7 FCPATH/index.php(67): CodeIgniter\CodeIgniter->run()
CRITICAL - 2022-09-28 22:09:46 --> Invalid file: pages/assets.php
in SYSTEMPATH/Exceptions/FrameworkException.php on line 33.
 1 SYSTEMPATH/View/View.php(201): CodeIgniter\Exceptions\FrameworkException::forInvalidFile()
 2 SYSTEMPATH/Common.php(1142): CodeIgniter\View\View->render()
 3 APPPATH/Controllers/Pages.php(28): view()
 4 SYSTEMPATH/CodeIgniter.php(907): App\Controllers\Pages->view()
 5 SYSTEMPATH/CodeIgniter.php(457): CodeIgniter\CodeIgniter->runController()
 6 SYSTEMPATH/CodeIgniter.php(340): CodeIgniter\CodeIgniter->handleRequest()
 7 FCPATH/index.php(67): CodeIgniter\CodeIgniter->run()
CRITICAL - 2022-09-28 22:09:46 --> Invalid file: pages/assets.php
in SYSTEMPATH/Exceptions/FrameworkException.php on line 33.
 1 SYSTEMPATH/View/View.php(201): CodeIgniter\Exceptions\FrameworkException::forInvalidFile()
 2 SYSTEMPATH/Common.php(1142): CodeIgniter\View\View->render()
 3 APPPATH/Controllers/Pages.php(28): view()
 4 SYSTEMPATH/CodeIgniter.php(907): App\Controllers\Pages->view()
 5 SYSTEMPATH/CodeIgniter.php(457): CodeIgniter\CodeIgniter->runController()
 6 SYSTEMPATH/CodeIgniter.php(340): CodeIgniter\CodeIgniter->handleRequest()
 7 FCPATH/index.php(67): CodeIgniter\CodeIgniter->run()
CRITICAL - 2022-09-28 22:09:46 --> Invalid file: pages/assets.php
in SYSTEMPATH/Exceptions/FrameworkException.php on line 33.
 1 SYSTEMPATH/View/View.php(201): CodeIgniter\Exceptions\FrameworkException::forInvalidFile()
 2 SYSTEMPATH/Common.php(1142): CodeIgniter\View\View->render()
 3 APPPATH/Controllers/Pages.php(28): view()
 4 SYSTEMPATH/CodeIgniter.php(907): App\Controllers\Pages->view()
 5 SYSTEMPATH/CodeIgniter.php(457): CodeIgniter\CodeIgniter->runController()
 6 SYSTEMPATH/CodeIgniter.php(340): CodeIgniter\CodeIgniter->handleRequest()
 7 FCPATH/index.php(67): CodeIgniter\CodeIgniter->run()
CRITICAL - 2022-09-28 22:09:50 --> Invalid file: pages/assets.php
in SYSTEMPATH/Exceptions/FrameworkException.php on line 33.
 1 SYSTEMPATH/View/View.php(201): CodeIgniter\Exceptions\FrameworkException::forInvalidFile()
 2 SYSTEMPATH/Common.php(1142): CodeIgniter\View\View->render()
 3 APPPATH/Controllers/Pages.php(28): view()
 4 SYSTEMPATH/CodeIgniter.php(907): App\Controllers\Pages->view()
 5 SYSTEMPATH/CodeIgniter.php(457): CodeIgniter\CodeIgniter->runController()
 6 SYSTEMPATH/CodeIgniter.php(340): CodeIgniter\CodeIgniter->handleRequest()
 7 FCPATH/index.php(67): CodeIgniter\CodeIgniter->run()
CRITICAL - 2022-09-28 22:09:50 --> Invalid file: pages/__service-worker.js
in SYSTEMPATH/Exceptions/FrameworkException.php on line 33.
 1 SYSTEMPATH/View/View.php(201): CodeIgniter\Exceptions\FrameworkException::forInvalidFile()
 2 SYSTEMPATH/Common.php(1142): CodeIgniter\View\View->render()
 3 APPPATH/Controllers/Pages.php(28): view()
 4 SYSTEMPATH/CodeIgniter.php(907): App\Controllers\Pages->view()
 5 SYSTEMPATH/CodeIgniter.php(457): CodeIgniter\CodeIgniter->runController()
 6 SYSTEMPATH/CodeIgniter.php(340): CodeIgniter\CodeIgniter->handleRequest()
 7 FCPATH/index.php(67): CodeIgniter\CodeIgniter->run()
CRITICAL - 2022-09-28 22:09:50 --> Invalid file: pages/assets.php
in SYSTEMPATH/Exceptions/FrameworkException.php on line 33.
 1 SYSTEMPATH/View/View.php(201): CodeIgniter\Exceptions\FrameworkException::forInvalidFile()
 2 SYSTEMPATH/Common.php(1142): CodeIgniter\View\View->render()
 3 APPPATH/Controllers/Pages.php(28): view()
 4 SYSTEMPATH/CodeIgniter.php(907): App\Controllers\Pages->view()
 5 SYSTEMPATH/CodeIgniter.php(457): CodeIgniter\CodeIgniter->runController()
 6 SYSTEMPATH/CodeIgniter.php(340): CodeIgniter\CodeIgniter->handleRequest()
 7 FCPATH/index.php(67): CodeIgniter\CodeIgniter->run()
CRITICAL - 2022-09-28 22:09:50 --> Invalid file: pages/assets.php
in SYSTEMPATH/Exceptions/FrameworkException.php on line 33.
 1 SYSTEMPATH/View/View.php(201): CodeIgniter\Exceptions\FrameworkException::forInvalidFile()
 2 SYSTEMPATH/Common.php(1142): CodeIgniter\View\View->render()
 3 APPPATH/Controllers/Pages.php(28): view()
 4 SYSTEMPATH/CodeIgniter.php(907): App\Controllers\Pages->view()
 5 SYSTEMPATH/CodeIgniter.php(457): CodeIgniter\CodeIgniter->runController()
 6 SYSTEMPATH/CodeIgniter.php(340): CodeIgniter\CodeIgniter->handleRequest()
 7 FCPATH/index.php(67): CodeIgniter\CodeIgniter->run()
CRITICAL - 2022-09-28 22:09:50 --> Invalid file: pages/assets.php
in SYSTEMPATH/Exceptions/FrameworkException.php on line 33.
 1 SYSTEMPATH/View/View.php(201): CodeIgniter\Exceptions\FrameworkException::forInvalidFile()
 2 SYSTEMPATH/Common.php(1142): CodeIgniter\View\View->render()
 3 APPPATH/Controllers/Pages.php(28): view()
 4 SYSTEMPATH/CodeIgniter.php(907): App\Controllers\Pages->view()
 5 SYSTEMPATH/CodeIgniter.php(457): CodeIgniter\CodeIgniter->runController()
 6 SYSTEMPATH/CodeIgniter.php(340): CodeIgniter\CodeIgniter->handleRequest()
 7 FCPATH/index.php(67): CodeIgniter\CodeIgniter->run()
CRITICAL - 2022-09-28 22:09:51 --> Invalid file: pages/assets.php
in SYSTEMPATH/Exceptions/FrameworkException.php on line 33.
 1 SYSTEMPATH/View/View.php(201): CodeIgniter\Exceptions\FrameworkException::forInvalidFile()
 2 SYSTEMPATH/Common.php(1142): CodeIgniter\View\View->render()
 3 APPPATH/Controllers/Pages.php(28): view()
 4 SYSTEMPATH/CodeIgniter.php(907): App\Controllers\Pages->view()
 5 SYSTEMPATH/CodeIgniter.php(457): CodeIgniter\CodeIgniter->runController()
 6 SYSTEMPATH/CodeIgniter.php(340): CodeIgniter\CodeIgniter->handleRequest()
 7 FCPATH/index.php(67): CodeIgniter\CodeIgniter->run()
CRITICAL - 2022-09-28 22:09:51 --> Invalid file: pages/assets.php
in SYSTEMPATH/Exceptions/FrameworkException.php on line 33.
 1 SYSTEMPATH/View/View.php(201): CodeIgniter\Exceptions\FrameworkException::forInvalidFile()
 2 SYSTEMPATH/Common.php(1142): CodeIgniter\View\View->render()
 3 APPPATH/Controllers/Pages.php(28): view()
 4 SYSTEMPATH/CodeIgniter.php(907): App\Controllers\Pages->view()
 5 SYSTEMPATH/CodeIgniter.php(457): CodeIgniter\CodeIgniter->runController()
 6 SYSTEMPATH/CodeIgniter.php(340): CodeIgniter\CodeIgniter->handleRequest()
 7 FCPATH/index.php(67): CodeIgniter\CodeIgniter->run()
CRITICAL - 2022-09-28 22:10:49 --> Invalid file: pages/assets.php
in SYSTEMPATH/Exceptions/FrameworkException.php on line 33.
 1 SYSTEMPATH/View/View.php(201): CodeIgniter\Exceptions\FrameworkException::forInvalidFile()
 2 SYSTEMPATH/Common.php(1142): CodeIgniter\View\View->render()
 3 APPPATH/Controllers/Pages.php(28): view()
 4 SYSTEMPATH/CodeIgniter.php(907): App\Controllers\Pages->view()
 5 SYSTEMPATH/CodeIgniter.php(457): CodeIgniter\CodeIgniter->runController()
 6 SYSTEMPATH/CodeIgniter.php(340): CodeIgniter\CodeIgniter->handleRequest()
 7 FCPATH/index.php(67): CodeIgniter\CodeIgniter->run()
CRITICAL - 2022-09-28 22:10:49 --> Invalid file: pages/__service-worker.js
in SYSTEMPATH/Exceptions/FrameworkException.php on line 33.
 1 SYSTEMPATH/View/View.php(201): CodeIgniter\Exceptions\FrameworkException::forInvalidFile()
 2 SYSTEMPATH/Common.php(1142): CodeIgniter\View\View->render()
 3 APPPATH/Controllers/Pages.php(28): view()
 4 SYSTEMPATH/CodeIgniter.php(907): App\Controllers\Pages->view()
 5 SYSTEMPATH/CodeIgniter.php(457): CodeIgniter\CodeIgniter->runController()
 6 SYSTEMPATH/CodeIgniter.php(340): CodeIgniter\CodeIgniter->handleRequest()
 7 FCPATH/index.php(67): CodeIgniter\CodeIgniter->run()
CRITICAL - 2022-09-28 22:10:49 --> Invalid file: pages/assets.php
in SYSTEMPATH/Exceptions/FrameworkException.php on line 33.
 1 SYSTEMPATH/View/View.php(201): CodeIgniter\Exceptions\FrameworkException::forInvalidFile()
 2 SYSTEMPATH/Common.php(1142): CodeIgniter\View\View->render()
 3 APPPATH/Controllers/Pages.php(28): view()
 4 SYSTEMPATH/CodeIgniter.php(907): App\Controllers\Pages->view()
 5 SYSTEMPATH/CodeIgniter.php(457): CodeIgniter\CodeIgniter->runController()
 6 SYSTEMPATH/CodeIgniter.php(340): CodeIgniter\CodeIgniter->handleRequest()
 7 FCPATH/index.php(67): CodeIgniter\CodeIgniter->run()
CRITICAL - 2022-09-28 22:10:50 --> Invalid file: pages/assets.php
in SYSTEMPATH/Exceptions/FrameworkException.php on line 33.
 1 SYSTEMPATH/View/View.php(201): CodeIgniter\Exceptions\FrameworkException::forInvalidFile()
 2 SYSTEMPATH/Common.php(1142): CodeIgniter\View\View->render()
 3 APPPATH/Controllers/Pages.php(28): view()
 4 SYSTEMPATH/CodeIgniter.php(907): App\Controllers\Pages->view()
 5 SYSTEMPATH/CodeIgniter.php(457): CodeIgniter\CodeIgniter->runController()
 6 SYSTEMPATH/CodeIgniter.php(340): CodeIgniter\CodeIgniter->handleRequest()
 7 FCPATH/index.php(67): CodeIgniter\CodeIgniter->run()
CRITICAL - 2022-09-28 22:10:50 --> Invalid file: pages/assets.php
in SYSTEMPATH/Exceptions/FrameworkException.php on line 33.
 1 SYSTEMPATH/View/View.php(201): CodeIgniter\Exceptions\FrameworkException::forInvalidFile()
 2 SYSTEMPATH/Common.php(1142): CodeIgniter\View\View->render()
 3 APPPATH/Controllers/Pages.php(28): view()
 4 SYSTEMPATH/CodeIgniter.php(907): App\Controllers\Pages->view()
 5 SYSTEMPATH/CodeIgniter.php(457): CodeIgniter\CodeIgniter->runController()
 6 SYSTEMPATH/CodeIgniter.php(340): CodeIgniter\CodeIgniter->handleRequest()
 7 FCPATH/index.php(67): CodeIgniter\CodeIgniter->run()
CRITICAL - 2022-09-28 22:10:50 --> Invalid file: pages/assets.php
in SYSTEMPATH/Exceptions/FrameworkException.php on line 33.
 1 SYSTEMPATH/View/View.php(201): CodeIgniter\Exceptions\FrameworkException::forInvalidFile()
 2 SYSTEMPATH/Common.php(1142): CodeIgniter\View\View->render()
 3 APPPATH/Controllers/Pages.php(28): view()
 4 SYSTEMPATH/CodeIgniter.php(907): App\Controllers\Pages->view()
 5 SYSTEMPATH/CodeIgniter.php(457): CodeIgniter\CodeIgniter->runController()
 6 SYSTEMPATH/CodeIgniter.php(340): CodeIgniter\CodeIgniter->handleRequest()
 7 FCPATH/index.php(67): CodeIgniter\CodeIgniter->run()
CRITICAL - 2022-09-28 22:10:50 --> Invalid file: pages/assets.php
in SYSTEMPATH/Exceptions/FrameworkException.php on line 33.
 1 SYSTEMPATH/View/View.php(201): CodeIgniter\Exceptions\FrameworkException::forInvalidFile()
 2 SYSTEMPATH/Common.php(1142): CodeIgniter\View\View->render()
 3 APPPATH/Controllers/Pages.php(28): view()
 4 SYSTEMPATH/CodeIgniter.php(907): App\Controllers\Pages->view()
 5 SYSTEMPATH/CodeIgniter.php(457): CodeIgniter\CodeIgniter->runController()
 6 SYSTEMPATH/CodeIgniter.php(340): CodeIgniter\CodeIgniter->handleRequest()
 7 FCPATH/index.php(67): CodeIgniter\CodeIgniter->run()
CRITICAL - 2022-09-28 22:10:54 --> Invalid file: pages/__service-worker.js
in SYSTEMPATH/Exceptions/FrameworkException.php on line 33.
 1 SYSTEMPATH/View/View.php(201): CodeIgniter\Exceptions\FrameworkException::forInvalidFile()
 2 SYSTEMPATH/Common.php(1142): CodeIgniter\View\View->render()
 3 APPPATH/Controllers/Pages.php(28): view()
 4 SYSTEMPATH/CodeIgniter.php(907): App\Controllers\Pages->view()
 5 SYSTEMPATH/CodeIgniter.php(457): CodeIgniter\CodeIgniter->runController()
 6 SYSTEMPATH/CodeIgniter.php(340): CodeIgniter\CodeIgniter->handleRequest()
 7 FCPATH/index.php(67): CodeIgniter\CodeIgniter->run()
CRITICAL - 2022-09-28 22:10:54 --> Invalid file: pages/assets.php
in SYSTEMPATH/Exceptions/FrameworkException.php on line 33.
 1 SYSTEMPATH/View/View.php(201): CodeIgniter\Exceptions\FrameworkException::forInvalidFile()
 2 SYSTEMPATH/Common.php(1142): CodeIgniter\View\View->render()
 3 APPPATH/Controllers/Pages.php(28): view()
 4 SYSTEMPATH/CodeIgniter.php(907): App\Controllers\Pages->view()
 5 SYSTEMPATH/CodeIgniter.php(457): CodeIgniter\CodeIgniter->runController()
 6 SYSTEMPATH/CodeIgniter.php(340): CodeIgniter\CodeIgniter->handleRequest()
 7 FCPATH/index.php(67): CodeIgniter\CodeIgniter->run()
CRITICAL - 2022-09-28 22:10:54 --> Invalid file: pages/assets.php
in SYSTEMPATH/Exceptions/FrameworkException.php on line 33.
 1 SYSTEMPATH/View/View.php(201): CodeIgniter\Exceptions\FrameworkException::forInvalidFile()
 2 SYSTEMPATH/Common.php(1142): CodeIgniter\View\View->render()
 3 APPPATH/Controllers/Pages.php(28): view()
 4 SYSTEMPATH/CodeIgniter.php(907): App\Controllers\Pages->view()
 5 SYSTEMPATH/CodeIgniter.php(457): CodeIgniter\CodeIgniter->runController()
 6 SYSTEMPATH/CodeIgniter.php(340): CodeIgniter\CodeIgniter->handleRequest()
 7 FCPATH/index.php(67): CodeIgniter\CodeIgniter->run()
CRITICAL - 2022-09-28 22:10:55 --> Invalid file: pages/assets.php
in SYSTEMPATH/Exceptions/FrameworkException.php on line 33.
 1 SYSTEMPATH/View/View.php(201): CodeIgniter\Exceptions\FrameworkException::forInvalidFile()
 2 SYSTEMPATH/Common.php(1142): CodeIgniter\View\View->render()
 3 APPPATH/Controllers/Pages.php(28): view()
 4 SYSTEMPATH/CodeIgniter.php(907): App\Controllers\Pages->view()
 5 SYSTEMPATH/CodeIgniter.php(457): CodeIgniter\CodeIgniter->runController()
 6 SYSTEMPATH/CodeIgniter.php(340): CodeIgniter\CodeIgniter->handleRequest()
 7 FCPATH/index.php(67): CodeIgniter\CodeIgniter->run()
CRITICAL - 2022-09-28 22:10:55 --> Invalid file: pages/assets.php
in SYSTEMPATH/Exceptions/FrameworkException.php on line 33.
 1 SYSTEMPATH/View/View.php(201): CodeIgniter\Exceptions\FrameworkException::forInvalidFile()
 2 SYSTEMPATH/Common.php(1142): CodeIgniter\View\View->render()
 3 APPPATH/Controllers/Pages.php(28): view()
 4 SYSTEMPATH/CodeIgniter.php(907): App\Controllers\Pages->view()
 5 SYSTEMPATH/CodeIgniter.php(457): CodeIgniter\CodeIgniter->runController()
 6 SYSTEMPATH/CodeIgniter.php(340): CodeIgniter\CodeIgniter->handleRequest()
 7 FCPATH/index.php(67): CodeIgniter\CodeIgniter->run()
CRITICAL - 2022-09-28 22:10:55 --> Invalid file: pages/assets.php
in SYSTEMPATH/Exceptions/FrameworkException.php on line 33.
 1 SYSTEMPATH/View/View.php(201): CodeIgniter\Exceptions\FrameworkException::forInvalidFile()
 2 SYSTEMPATH/Common.php(1142): CodeIgniter\View\View->render()
 3 APPPATH/Controllers/Pages.php(28): view()
 4 SYSTEMPATH/CodeIgniter.php(907): App\Controllers\Pages->view()
 5 SYSTEMPATH/CodeIgniter.php(457): CodeIgniter\CodeIgniter->runController()
 6 SYSTEMPATH/CodeIgniter.php(340): CodeIgniter\CodeIgniter->handleRequest()
 7 FCPATH/index.php(67): CodeIgniter\CodeIgniter->run()
CRITICAL - 2022-09-28 22:10:55 --> Invalid file: pages/assets.php
in SYSTEMPATH/Exceptions/FrameworkException.php on line 33.
 1 SYSTEMPATH/View/View.php(201): CodeIgniter\Exceptions\FrameworkException::forInvalidFile()
 2 SYSTEMPATH/Common.php(1142): CodeIgniter\View\View->render()
 3 APPPATH/Controllers/Pages.php(28): view()
 4 SYSTEMPATH/CodeIgniter.php(907): App\Controllers\Pages->view()
 5 SYSTEMPATH/CodeIgniter.php(457): CodeIgniter\CodeIgniter->runController()
 6 SYSTEMPATH/CodeIgniter.php(340): CodeIgniter\CodeIgniter->handleRequest()
 7 FCPATH/index.php(67): CodeIgniter\CodeIgniter->run()
CRITICAL - 2022-09-28 22:11:05 --> Invalid file: pages/assets.php
in SYSTEMPATH/Exceptions/FrameworkException.php on line 33.
 1 SYSTEMPATH/View/View.php(201): CodeIgniter\Exceptions\FrameworkException::forInvalidFile()
 2 SYSTEMPATH/Common.php(1142): CodeIgniter\View\View->render()
 3 APPPATH/Controllers/Pages.php(28): view()
 4 SYSTEMPATH/CodeIgniter.php(907): App\Controllers\Pages->view()
 5 SYSTEMPATH/CodeIgniter.php(457): CodeIgniter\CodeIgniter->runController()
 6 SYSTEMPATH/CodeIgniter.php(340): CodeIgniter\CodeIgniter->handleRequest()
 7 FCPATH/index.php(67): CodeIgniter\CodeIgniter->run()
CRITICAL - 2022-09-28 22:11:05 --> Invalid file: pages/assets.php
in SYSTEMPATH/Exceptions/FrameworkException.php on line 33.
 1 SYSTEMPATH/View/View.php(201): CodeIgniter\Exceptions\FrameworkException::forInvalidFile()
 2 SYSTEMPATH/Common.php(1142): CodeIgniter\View\View->render()
 3 APPPATH/Controllers/Pages.php(28): view()
 4 SYSTEMPATH/CodeIgniter.php(907): App\Controllers\Pages->view()
 5 SYSTEMPATH/CodeIgniter.php(457): CodeIgniter\CodeIgniter->runController()
 6 SYSTEMPATH/CodeIgniter.php(340): CodeIgniter\CodeIgniter->handleRequest()
 7 FCPATH/index.php(67): CodeIgniter\CodeIgniter->run()
CRITICAL - 2022-09-28 22:11:06 --> Invalid file: pages/assets.php
in SYSTEMPATH/Exceptions/FrameworkException.php on line 33.
 1 SYSTEMPATH/View/View.php(201): CodeIgniter\Exceptions\FrameworkException::forInvalidFile()
 2 SYSTEMPATH/Common.php(1142): CodeIgniter\View\View->render()
 3 APPPATH/Controllers/Pages.php(28): view()
 4 SYSTEMPATH/CodeIgniter.php(907): App\Controllers\Pages->view()
 5 SYSTEMPATH/CodeIgniter.php(457): CodeIgniter\CodeIgniter->runController()
 6 SYSTEMPATH/CodeIgniter.php(340): CodeIgniter\CodeIgniter->handleRequest()
 7 FCPATH/index.php(67): CodeIgniter\CodeIgniter->run()
CRITICAL - 2022-09-28 22:12:15 --> Invalid file: pages/assets.php
in SYSTEMPATH/Exceptions/FrameworkException.php on line 33.
 1 SYSTEMPATH/View/View.php(201): CodeIgniter\Exceptions\FrameworkException::forInvalidFile()
 2 SYSTEMPATH/Common.php(1142): CodeIgniter\View\View->render()
 3 APPPATH/Controllers/Pages.php(28): view()
 4 SYSTEMPATH/CodeIgniter.php(907): App\Controllers\Pages->view()
 5 SYSTEMPATH/CodeIgniter.php(457): CodeIgniter\CodeIgniter->runController()
 6 SYSTEMPATH/CodeIgniter.php(340): CodeIgniter\CodeIgniter->handleRequest()
 7 FCPATH/index.php(67): CodeIgniter\CodeIgniter->run()
CRITICAL - 2022-09-28 22:12:15 --> Invalid file: pages/__service-worker.js
in SYSTEMPATH/Exceptions/FrameworkException.php on line 33.
 1 SYSTEMPATH/View/View.php(201): CodeIgniter\Exceptions\FrameworkException::forInvalidFile()
 2 SYSTEMPATH/Common.php(1142): CodeIgniter\View\View->render()
 3 APPPATH/Controllers/Pages.php(28): view()
 4 SYSTEMPATH/CodeIgniter.php(907): App\Controllers\Pages->view()
 5 SYSTEMPATH/CodeIgniter.php(457): CodeIgniter\CodeIgniter->runController()
 6 SYSTEMPATH/CodeIgniter.php(340): CodeIgniter\CodeIgniter->handleRequest()
 7 FCPATH/index.php(67): CodeIgniter\CodeIgniter->run()
CRITICAL - 2022-09-28 22:12:16 --> Invalid file: pages/assets.php
in SYSTEMPATH/Exceptions/FrameworkException.php on line 33.
 1 SYSTEMPATH/View/View.php(201): CodeIgniter\Exceptions\FrameworkException::forInvalidFile()
 2 SYSTEMPATH/Common.php(1142): CodeIgniter\View\View->render()
 3 APPPATH/Controllers/Pages.php(28): view()
 4 SYSTEMPATH/CodeIgniter.php(907): App\Controllers\Pages->view()
 5 SYSTEMPATH/CodeIgniter.php(457): CodeIgniter\CodeIgniter->runController()
 6 SYSTEMPATH/CodeIgniter.php(340): CodeIgniter\CodeIgniter->handleRequest()
 7 FCPATH/index.php(67): CodeIgniter\CodeIgniter->run()
CRITICAL - 2022-09-28 22:12:16 --> Invalid file: pages/assets.php
in SYSTEMPATH/Exceptions/FrameworkException.php on line 33.
 1 SYSTEMPATH/View/View.php(201): CodeIgniter\Exceptions\FrameworkException::forInvalidFile()
 2 SYSTEMPATH/Common.php(1142): CodeIgniter\View\View->render()
 3 APPPATH/Controllers/Pages.php(28): view()
 4 SYSTEMPATH/CodeIgniter.php(907): App\Controllers\Pages->view()
 5 SYSTEMPATH/CodeIgniter.php(457): CodeIgniter\CodeIgniter->runController()
 6 SYSTEMPATH/CodeIgniter.php(340): CodeIgniter\CodeIgniter->handleRequest()
 7 FCPATH/index.php(67): CodeIgniter\CodeIgniter->run()
CRITICAL - 2022-09-28 22:12:17 --> Invalid file: pages/assets.php
in SYSTEMPATH/Exceptions/FrameworkException.php on line 33.
 1 SYSTEMPATH/View/View.php(201): CodeIgniter\Exceptions\FrameworkException::forInvalidFile()
 2 SYSTEMPATH/Common.php(1142): CodeIgniter\View\View->render()
 3 APPPATH/Controllers/Pages.php(28): view()
 4 SYSTEMPATH/CodeIgniter.php(907): App\Controllers\Pages->view()
 5 SYSTEMPATH/CodeIgniter.php(457): CodeIgniter\CodeIgniter->runController()
 6 SYSTEMPATH/CodeIgniter.php(340): CodeIgniter\CodeIgniter->handleRequest()
 7 FCPATH/index.php(67): CodeIgniter\CodeIgniter->run()
CRITICAL - 2022-09-28 22:12:17 --> Invalid file: pages/assets.php
in SYSTEMPATH/Exceptions/FrameworkException.php on line 33.
 1 SYSTEMPATH/View/View.php(201): CodeIgniter\Exceptions\FrameworkException::forInvalidFile()
 2 SYSTEMPATH/Common.php(1142): CodeIgniter\View\View->render()
 3 APPPATH/Controllers/Pages.php(28): view()
 4 SYSTEMPATH/CodeIgniter.php(907): App\Controllers\Pages->view()
 5 SYSTEMPATH/CodeIgniter.php(457): CodeIgniter\CodeIgniter->runController()
 6 SYSTEMPATH/CodeIgniter.php(340): CodeIgniter\CodeIgniter->handleRequest()
 7 FCPATH/index.php(67): CodeIgniter\CodeIgniter->run()
CRITICAL - 2022-09-28 22:12:17 --> Invalid file: pages/assets.php
in SYSTEMPATH/Exceptions/FrameworkException.php on line 33.
 1 SYSTEMPATH/View/View.php(201): CodeIgniter\Exceptions\FrameworkException::forInvalidFile()
 2 SYSTEMPATH/Common.php(1142): CodeIgniter\View\View->render()
 3 APPPATH/Controllers/Pages.php(28): view()
 4 SYSTEMPATH/CodeIgniter.php(907): App\Controllers\Pages->view()
 5 SYSTEMPATH/CodeIgniter.php(457): CodeIgniter\CodeIgniter->runController()
 6 SYSTEMPATH/CodeIgniter.php(340): CodeIgniter\CodeIgniter->handleRequest()
 7 FCPATH/index.php(67): CodeIgniter\CodeIgniter->run()
CRITICAL - 2022-09-28 22:15:41 --> Invalid file: pages/assets.php
in SYSTEMPATH/Exceptions/FrameworkException.php on line 33.
 1 SYSTEMPATH/View/View.php(201): CodeIgniter\Exceptions\FrameworkException::forInvalidFile()
 2 SYSTEMPATH/Common.php(1142): CodeIgniter\View\View->render()
 3 APPPATH/Controllers/Pages.php(28): view()
 4 SYSTEMPATH/CodeIgniter.php(907): App\Controllers\Pages->view()
 5 SYSTEMPATH/CodeIgniter.php(457): CodeIgniter\CodeIgniter->runController()
 6 SYSTEMPATH/CodeIgniter.php(340): CodeIgniter\CodeIgniter->handleRequest()
 7 FCPATH/index.php(67): CodeIgniter\CodeIgniter->run()
CRITICAL - 2022-09-28 22:15:41 --> Invalid file: pages/assets.php
in SYSTEMPATH/Exceptions/FrameworkException.php on line 33.
 1 SYSTEMPATH/View/View.php(201): CodeIgniter\Exceptions\FrameworkException::forInvalidFile()
 2 SYSTEMPATH/Common.php(1142): CodeIgniter\View\View->render()
 3 APPPATH/Controllers/Pages.php(28): view()
 4 SYSTEMPATH/CodeIgniter.php(907): App\Controllers\Pages->view()
 5 SYSTEMPATH/CodeIgniter.php(457): CodeIgniter\CodeIgniter->runController()
 6 SYSTEMPATH/CodeIgniter.php(340): CodeIgniter\CodeIgniter->handleRequest()
 7 FCPATH/index.php(67): CodeIgniter\CodeIgniter->run()
CRITICAL - 2022-09-28 22:15:41 --> Invalid file: pages/__service-worker.js
in SYSTEMPATH/Exceptions/FrameworkException.php on line 33.
 1 SYSTEMPATH/View/View.php(201): CodeIgniter\Exceptions\FrameworkException::forInvalidFile()
 2 SYSTEMPATH/Common.php(1142): CodeIgniter\View\View->render()
 3 APPPATH/Controllers/Pages.php(28): view()
 4 SYSTEMPATH/CodeIgniter.php(907): App\Controllers\Pages->view()
 5 SYSTEMPATH/CodeIgniter.php(457): CodeIgniter\CodeIgniter->runController()
 6 SYSTEMPATH/CodeIgniter.php(340): CodeIgniter\CodeIgniter->handleRequest()
 7 FCPATH/index.php(67): CodeIgniter\CodeIgniter->run()
CRITICAL - 2022-09-28 22:15:42 --> Invalid file: pages/assets.php
in SYSTEMPATH/Exceptions/FrameworkException.php on line 33.
 1 SYSTEMPATH/View/View.php(201): CodeIgniter\Exceptions\FrameworkException::forInvalidFile()
 2 SYSTEMPATH/Common.php(1142): CodeIgniter\View\View->render()
 3 APPPATH/Controllers/Pages.php(28): view()
 4 SYSTEMPATH/CodeIgniter.php(907): App\Controllers\Pages->view()
 5 SYSTEMPATH/CodeIgniter.php(457): CodeIgniter\CodeIgniter->runController()
 6 SYSTEMPATH/CodeIgniter.php(340): CodeIgniter\CodeIgniter->handleRequest()
 7 FCPATH/index.php(67): CodeIgniter\CodeIgniter->run()
CRITICAL - 2022-09-28 22:15:42 --> Invalid file: pages/assets.php
in SYSTEMPATH/Exceptions/FrameworkException.php on line 33.
 1 SYSTEMPATH/View/View.php(201): CodeIgniter\Exceptions\FrameworkException::forInvalidFile()
 2 SYSTEMPATH/Common.php(1142): CodeIgniter\View\View->render()
 3 APPPATH/Controllers/Pages.php(28): view()
 4 SYSTEMPATH/CodeIgniter.php(907): App\Controllers\Pages->view()
 5 SYSTEMPATH/CodeIgniter.php(457): CodeIgniter\CodeIgniter->runController()
 6 SYSTEMPATH/CodeIgniter.php(340): CodeIgniter\CodeIgniter->handleRequest()
 7 FCPATH/index.php(67): CodeIgniter\CodeIgniter->run()
CRITICAL - 2022-09-28 22:15:42 --> Invalid file: pages/assets.php
in SYSTEMPATH/Exceptions/FrameworkException.php on line 33.
 1 SYSTEMPATH/View/View.php(201): CodeIgniter\Exceptions\FrameworkException::forInvalidFile()
 2 SYSTEMPATH/Common.php(1142): CodeIgniter\View\View->render()
 3 APPPATH/Controllers/Pages.php(28): view()
 4 SYSTEMPATH/CodeIgniter.php(907): App\Controllers\Pages->view()
 5 SYSTEMPATH/CodeIgniter.php(457): CodeIgniter\CodeIgniter->runController()
 6 SYSTEMPATH/CodeIgniter.php(340): CodeIgniter\CodeIgniter->handleRequest()
 7 FCPATH/index.php(67): CodeIgniter\CodeIgniter->run()
CRITICAL - 2022-09-28 22:15:42 --> Invalid file: pages/assets.php
in SYSTEMPATH/Exceptions/FrameworkException.php on line 33.
 1 SYSTEMPATH/View/View.php(201): CodeIgniter\Exceptions\FrameworkException::forInvalidFile()
 2 SYSTEMPATH/Common.php(1142): CodeIgniter\View\View->render()
 3 APPPATH/Controllers/Pages.php(28): view()
 4 SYSTEMPATH/CodeIgniter.php(907): App\Controllers\Pages->view()
 5 SYSTEMPATH/CodeIgniter.php(457): CodeIgniter\CodeIgniter->runController()
 6 SYSTEMPATH/CodeIgniter.php(340): CodeIgniter\CodeIgniter->handleRequest()
 7 FCPATH/index.php(67): CodeIgniter\CodeIgniter->run()
CRITICAL - 2022-09-28 22:15:45 --> Invalid file: pages/assets.php
in SYSTEMPATH/Exceptions/FrameworkException.php on line 33.
 1 SYSTEMPATH/View/View.php(201): CodeIgniter\Exceptions\FrameworkException::forInvalidFile()
 2 SYSTEMPATH/Common.php(1142): CodeIgniter\View\View->render()
 3 APPPATH/Controllers/Pages.php(28): view()
 4 SYSTEMPATH/CodeIgniter.php(907): App\Controllers\Pages->view()
 5 SYSTEMPATH/CodeIgniter.php(457): CodeIgniter\CodeIgniter->runController()
 6 SYSTEMPATH/CodeIgniter.php(340): CodeIgniter\CodeIgniter->handleRequest()
 7 FCPATH/index.php(67): CodeIgniter\CodeIgniter->run()
CRITICAL - 2022-09-28 22:15:45 --> Invalid file: pages/__service-worker.js
in SYSTEMPATH/Exceptions/FrameworkException.php on line 33.
 1 SYSTEMPATH/View/View.php(201): CodeIgniter\Exceptions\FrameworkException::forInvalidFile()
 2 SYSTEMPATH/Common.php(1142): CodeIgniter\View\View->render()
 3 APPPATH/Controllers/Pages.php(28): view()
 4 SYSTEMPATH/CodeIgniter.php(907): App\Controllers\Pages->view()
 5 SYSTEMPATH/CodeIgniter.php(457): CodeIgniter\CodeIgniter->runController()
 6 SYSTEMPATH/CodeIgniter.php(340): CodeIgniter\CodeIgniter->handleRequest()
 7 FCPATH/index.php(67): CodeIgniter\CodeIgniter->run()
CRITICAL - 2022-09-28 22:15:46 --> Invalid file: pages/assets.php
in SYSTEMPATH/Exceptions/FrameworkException.php on line 33.
 1 SYSTEMPATH/View/View.php(201): CodeIgniter\Exceptions\FrameworkException::forInvalidFile()
 2 SYSTEMPATH/Common.php(1142): CodeIgniter\View\View->render()
 3 APPPATH/Controllers/Pages.php(28): view()
 4 SYSTEMPATH/CodeIgniter.php(907): App\Controllers\Pages->view()
 5 SYSTEMPATH/CodeIgniter.php(457): CodeIgniter\CodeIgniter->runController()
 6 SYSTEMPATH/CodeIgniter.php(340): CodeIgniter\CodeIgniter->handleRequest()
 7 FCPATH/index.php(67): CodeIgniter\CodeIgniter->run()
CRITICAL - 2022-09-28 22:15:46 --> Invalid file: pages/assets.php
in SYSTEMPATH/Exceptions/FrameworkException.php on line 33.
 1 SYSTEMPATH/View/View.php(201): CodeIgniter\Exceptions\FrameworkException::forInvalidFile()
 2 SYSTEMPATH/Common.php(1142): CodeIgniter\View\View->render()
 3 APPPATH/Controllers/Pages.php(28): view()
 4 SYSTEMPATH/CodeIgniter.php(907): App\Controllers\Pages->view()
 5 SYSTEMPATH/CodeIgniter.php(457): CodeIgniter\CodeIgniter->runController()
 6 SYSTEMPATH/CodeIgniter.php(340): CodeIgniter\CodeIgniter->handleRequest()
 7 FCPATH/index.php(67): CodeIgniter\CodeIgniter->run()
CRITICAL - 2022-09-28 22:15:46 --> Invalid file: pages/assets.php
in SYSTEMPATH/Exceptions/FrameworkException.php on line 33.
 1 SYSTEMPATH/View/View.php(201): CodeIgniter\Exceptions\FrameworkException::forInvalidFile()
 2 SYSTEMPATH/Common.php(1142): CodeIgniter\View\View->render()
 3 APPPATH/Controllers/Pages.php(28): view()
 4 SYSTEMPATH/CodeIgniter.php(907): App\Controllers\Pages->view()
 5 SYSTEMPATH/CodeIgniter.php(457): CodeIgniter\CodeIgniter->runController()
 6 SYSTEMPATH/CodeIgniter.php(340): CodeIgniter\CodeIgniter->handleRequest()
 7 FCPATH/index.php(67): CodeIgniter\CodeIgniter->run()
CRITICAL - 2022-09-28 22:15:46 --> Invalid file: pages/assets.php
in SYSTEMPATH/Exceptions/FrameworkException.php on line 33.
 1 SYSTEMPATH/View/View.php(201): CodeIgniter\Exceptions\FrameworkException::forInvalidFile()
 2 SYSTEMPATH/Common.php(1142): CodeIgniter\View\View->render()
 3 APPPATH/Controllers/Pages.php(28): view()
 4 SYSTEMPATH/CodeIgniter.php(907): App\Controllers\Pages->view()
 5 SYSTEMPATH/CodeIgniter.php(457): CodeIgniter\CodeIgniter->runController()
 6 SYSTEMPATH/CodeIgniter.php(340): CodeIgniter\CodeIgniter->handleRequest()
 7 FCPATH/index.php(67): CodeIgniter\CodeIgniter->run()
CRITICAL - 2022-09-28 22:15:47 --> Invalid file: pages/assets.php
in SYSTEMPATH/Exceptions/FrameworkException.php on line 33.
 1 SYSTEMPATH/View/View.php(201): CodeIgniter\Exceptions\FrameworkException::forInvalidFile()
 2 SYSTEMPATH/Common.php(1142): CodeIgniter\View\View->render()
 3 APPPATH/Controllers/Pages.php(28): view()
 4 SYSTEMPATH/CodeIgniter.php(907): App\Controllers\Pages->view()
 5 SYSTEMPATH/CodeIgniter.php(457): CodeIgniter\CodeIgniter->runController()
 6 SYSTEMPATH/CodeIgniter.php(340): CodeIgniter\CodeIgniter->handleRequest()
 7 FCPATH/index.php(67): CodeIgniter\CodeIgniter->run()
CRITICAL - 2022-09-28 22:19:09 --> Invalid file: pages/assets.php
in SYSTEMPATH/Exceptions/FrameworkException.php on line 33.
 1 SYSTEMPATH/View/View.php(201): CodeIgniter\Exceptions\FrameworkException::forInvalidFile()
 2 SYSTEMPATH/Common.php(1142): CodeIgniter\View\View->render()
 3 APPPATH/Controllers/Pages.php(28): view()
 4 SYSTEMPATH/CodeIgniter.php(907): App\Controllers\Pages->view()
 5 SYSTEMPATH/CodeIgniter.php(457): CodeIgniter\CodeIgniter->runController()
 6 SYSTEMPATH/CodeIgniter.php(340): CodeIgniter\CodeIgniter->handleRequest()
 7 FCPATH/index.php(67): CodeIgniter\CodeIgniter->run()
CRITICAL - 2022-09-28 22:19:09 --> Invalid file: pages/assets.php
in SYSTEMPATH/Exceptions/FrameworkException.php on line 33.
 1 SYSTEMPATH/View/View.php(201): CodeIgniter\Exceptions\FrameworkException::forInvalidFile()
 2 SYSTEMPATH/Common.php(1142): CodeIgniter\View\View->render()
 3 APPPATH/Controllers/Pages.php(28): view()
 4 SYSTEMPATH/CodeIgniter.php(907): App\Controllers\Pages->view()
 5 SYSTEMPATH/CodeIgniter.php(457): CodeIgniter\CodeIgniter->runController()
 6 SYSTEMPATH/CodeIgniter.php(340): CodeIgniter\CodeIgniter->handleRequest()
 7 FCPATH/index.php(67): CodeIgniter\CodeIgniter->run()
CRITICAL - 2022-09-28 22:19:10 --> Invalid file: pages/assets.php
in SYSTEMPATH/Exceptions/FrameworkException.php on line 33.
 1 SYSTEMPATH/View/View.php(201): CodeIgniter\Exceptions\FrameworkException::forInvalidFile()
 2 SYSTEMPATH/Common.php(1142): CodeIgniter\View\View->render()
 3 APPPATH/Controllers/Pages.php(28): view()
 4 SYSTEMPATH/CodeIgniter.php(907): App\Controllers\Pages->view()
 5 SYSTEMPATH/CodeIgniter.php(457): CodeIgniter\CodeIgniter->runController()
 6 SYSTEMPATH/CodeIgniter.php(340): CodeIgniter\CodeIgniter->handleRequest()
 7 FCPATH/index.php(67): CodeIgniter\CodeIgniter->run()
CRITICAL - 2022-09-28 22:25:17 --> Invalid file: pages/__service-worker.js
in SYSTEMPATH/Exceptions/FrameworkException.php on line 33.
 1 SYSTEMPATH/View/View.php(201): CodeIgniter\Exceptions\FrameworkException::forInvalidFile()
 2 SYSTEMPATH/Common.php(1142): CodeIgniter\View\View->render()
 3 APPPATH/Controllers/Pages.php(28): view()
 4 SYSTEMPATH/CodeIgniter.php(907): App\Controllers\Pages->view()
 5 SYSTEMPATH/CodeIgniter.php(457): CodeIgniter\CodeIgniter->runController()
 6 SYSTEMPATH/CodeIgniter.php(340): CodeIgniter\CodeIgniter->handleRequest()
 7 FCPATH/index.php(67): CodeIgniter\CodeIgniter->run()
CRITICAL - 2022-09-28 22:25:17 --> Invalid file: pages/assets.php
in SYSTEMPATH/Exceptions/FrameworkException.php on line 33.
 1 SYSTEMPATH/View/View.php(201): CodeIgniter\Exceptions\FrameworkException::forInvalidFile()
 2 SYSTEMPATH/Common.php(1142): CodeIgniter\View\View->render()
 3 APPPATH/Controllers/Pages.php(28): view()
 4 SYSTEMPATH/CodeIgniter.php(907): App\Controllers\Pages->view()
 5 SYSTEMPATH/CodeIgniter.php(457): CodeIgniter\CodeIgniter->runController()
 6 SYSTEMPATH/CodeIgniter.php(340): CodeIgniter\CodeIgniter->handleRequest()
 7 FCPATH/index.php(67): CodeIgniter\CodeIgniter->run()
CRITICAL - 2022-09-28 22:25:17 --> Invalid file: pages/assets.php
in SYSTEMPATH/Exceptions/FrameworkException.php on line 33.
 1 SYSTEMPATH/View/View.php(201): CodeIgniter\Exceptions\FrameworkException::forInvalidFile()
 2 SYSTEMPATH/Common.php(1142): CodeIgniter\View\View->render()
 3 APPPATH/Controllers/Pages.php(28): view()
 4 SYSTEMPATH/CodeIgniter.php(907): App\Controllers\Pages->view()
 5 SYSTEMPATH/CodeIgniter.php(457): CodeIgniter\CodeIgniter->runController()
 6 SYSTEMPATH/CodeIgniter.php(340): CodeIgniter\CodeIgniter->handleRequest()
 7 FCPATH/index.php(67): CodeIgniter\CodeIgniter->run()
CRITICAL - 2022-09-28 22:25:18 --> Invalid file: pages/assets.php
in SYSTEMPATH/Exceptions/FrameworkException.php on line 33.
 1 SYSTEMPATH/View/View.php(201): CodeIgniter\Exceptions\FrameworkException::forInvalidFile()
 2 SYSTEMPATH/Common.php(1142): CodeIgniter\View\View->render()
 3 APPPATH/Controllers/Pages.php(28): view()
 4 SYSTEMPATH/CodeIgniter.php(907): App\Controllers\Pages->view()
 5 SYSTEMPATH/CodeIgniter.php(457): CodeIgniter\CodeIgniter->runController()
 6 SYSTEMPATH/CodeIgniter.php(340): CodeIgniter\CodeIgniter->handleRequest()
 7 FCPATH/index.php(67): CodeIgniter\CodeIgniter->run()
CRITICAL - 2022-09-28 22:25:18 --> Invalid file: pages/assets.php
in SYSTEMPATH/Exceptions/FrameworkException.php on line 33.
 1 SYSTEMPATH/View/View.php(201): CodeIgniter\Exceptions\FrameworkException::forInvalidFile()
 2 SYSTEMPATH/Common.php(1142): CodeIgniter\View\View->render()
 3 APPPATH/Controllers/Pages.php(28): view()
 4 SYSTEMPATH/CodeIgniter.php(907): App\Controllers\Pages->view()
 5 SYSTEMPATH/CodeIgniter.php(457): CodeIgniter\CodeIgniter->runController()
 6 SYSTEMPATH/CodeIgniter.php(340): CodeIgniter\CodeIgniter->handleRequest()
 7 FCPATH/index.php(67): CodeIgniter\CodeIgniter->run()
CRITICAL - 2022-09-28 22:25:19 --> Invalid file: pages/assets.php
in SYSTEMPATH/Exceptions/FrameworkException.php on line 33.
 1 SYSTEMPATH/View/View.php(201): CodeIgniter\Exceptions\FrameworkException::forInvalidFile()
 2 SYSTEMPATH/Common.php(1142): CodeIgniter\View\View->render()
 3 APPPATH/Controllers/Pages.php(28): view()
 4 SYSTEMPATH/CodeIgniter.php(907): App\Controllers\Pages->view()
 5 SYSTEMPATH/CodeIgniter.php(457): CodeIgniter\CodeIgniter->runController()
 6 SYSTEMPATH/CodeIgniter.php(340): CodeIgniter\CodeIgniter->handleRequest()
 7 FCPATH/index.php(67): CodeIgniter\CodeIgniter->run()
CRITICAL - 2022-09-28 22:25:19 --> Invalid file: pages/assets.php
in SYSTEMPATH/Exceptions/FrameworkException.php on line 33.
 1 SYSTEMPATH/View/View.php(201): CodeIgniter\Exceptions\FrameworkException::forInvalidFile()
 2 SYSTEMPATH/Common.php(1142): CodeIgniter\View\View->render()
 3 APPPATH/Controllers/Pages.php(28): view()
 4 SYSTEMPATH/CodeIgniter.php(907): App\Controllers\Pages->view()
 5 SYSTEMPATH/CodeIgniter.php(457): CodeIgniter\CodeIgniter->runController()
 6 SYSTEMPATH/CodeIgniter.php(340): CodeIgniter\CodeIgniter->handleRequest()
 7 FCPATH/index.php(67): CodeIgniter\CodeIgniter->run()
CRITICAL - 2022-09-28 22:25:52 --> Invalid file: pages/assets.php
in SYSTEMPATH/Exceptions/FrameworkException.php on line 33.
 1 SYSTEMPATH/View/View.php(201): CodeIgniter\Exceptions\FrameworkException::forInvalidFile()
 2 SYSTEMPATH/Common.php(1142): CodeIgniter\View\View->render()
 3 APPPATH/Controllers/Pages.php(28): view()
 4 SYSTEMPATH/CodeIgniter.php(907): App\Controllers\Pages->view()
 5 SYSTEMPATH/CodeIgniter.php(457): CodeIgniter\CodeIgniter->runController()
 6 SYSTEMPATH/CodeIgniter.php(340): CodeIgniter\CodeIgniter->handleRequest()
 7 FCPATH/index.php(67): CodeIgniter\CodeIgniter->run()
CRITICAL - 2022-09-28 22:25:52 --> Invalid file: pages/__service-worker.js
in SYSTEMPATH/Exceptions/FrameworkException.php on line 33.
 1 SYSTEMPATH/View/View.php(201): CodeIgniter\Exceptions\FrameworkException::forInvalidFile()
 2 SYSTEMPATH/Common.php(1142): CodeIgniter\View\View->render()
 3 APPPATH/Controllers/Pages.php(28): view()
 4 SYSTEMPATH/CodeIgniter.php(907): App\Controllers\Pages->view()
 5 SYSTEMPATH/CodeIgniter.php(457): CodeIgniter\CodeIgniter->runController()
 6 SYSTEMPATH/CodeIgniter.php(340): CodeIgniter\CodeIgniter->handleRequest()
 7 FCPATH/index.php(67): CodeIgniter\CodeIgniter->run()
CRITICAL - 2022-09-28 22:25:53 --> Invalid file: pages/assets.php
in SYSTEMPATH/Exceptions/FrameworkException.php on line 33.
 1 SYSTEMPATH/View/View.php(201): CodeIgniter\Exceptions\FrameworkException::forInvalidFile()
 2 SYSTEMPATH/Common.php(1142): CodeIgniter\View\View->render()
 3 APPPATH/Controllers/Pages.php(28): view()
 4 SYSTEMPATH/CodeIgniter.php(907): App\Controllers\Pages->view()
 5 SYSTEMPATH/CodeIgniter.php(457): CodeIgniter\CodeIgniter->runController()
 6 SYSTEMPATH/CodeIgniter.php(340): CodeIgniter\CodeIgniter->handleRequest()
 7 FCPATH/index.php(67): CodeIgniter\CodeIgniter->run()
CRITICAL - 2022-09-28 22:25:53 --> Invalid file: pages/assets.php
in SYSTEMPATH/Exceptions/FrameworkException.php on line 33.
 1 SYSTEMPATH/View/View.php(201): CodeIgniter\Exceptions\FrameworkException::forInvalidFile()
 2 SYSTEMPATH/Common.php(1142): CodeIgniter\View\View->render()
 3 APPPATH/Controllers/Pages.php(28): view()
 4 SYSTEMPATH/CodeIgniter.php(907): App\Controllers\Pages->view()
 5 SYSTEMPATH/CodeIgniter.php(457): CodeIgniter\CodeIgniter->runController()
 6 SYSTEMPATH/CodeIgniter.php(340): CodeIgniter\CodeIgniter->handleRequest()
 7 FCPATH/index.php(67): CodeIgniter\CodeIgniter->run()
CRITICAL - 2022-09-28 22:25:53 --> Invalid file: pages/assets.php
in SYSTEMPATH/Exceptions/FrameworkException.php on line 33.
 1 SYSTEMPATH/View/View.php(201): CodeIgniter\Exceptions\FrameworkException::forInvalidFile()
 2 SYSTEMPATH/Common.php(1142): CodeIgniter\View\View->render()
 3 APPPATH/Controllers/Pages.php(28): view()
 4 SYSTEMPATH/CodeIgniter.php(907): App\Controllers\Pages->view()
 5 SYSTEMPATH/CodeIgniter.php(457): CodeIgniter\CodeIgniter->runController()
 6 SYSTEMPATH/CodeIgniter.php(340): CodeIgniter\CodeIgniter->handleRequest()
 7 FCPATH/index.php(67): CodeIgniter\CodeIgniter->run()
CRITICAL - 2022-09-28 22:25:54 --> Invalid file: pages/assets.php
in SYSTEMPATH/Exceptions/FrameworkException.php on line 33.
 1 SYSTEMPATH/View/View.php(201): CodeIgniter\Exceptions\FrameworkException::forInvalidFile()
 2 SYSTEMPATH/Common.php(1142): CodeIgniter\View\View->render()
 3 APPPATH/Controllers/Pages.php(28): view()
 4 SYSTEMPATH/CodeIgniter.php(907): App\Controllers\Pages->view()
 5 SYSTEMPATH/CodeIgniter.php(457): CodeIgniter\CodeIgniter->runController()
 6 SYSTEMPATH/CodeIgniter.php(340): CodeIgniter\CodeIgniter->handleRequest()
 7 FCPATH/index.php(67): CodeIgniter\CodeIgniter->run()
CRITICAL - 2022-09-28 22:25:54 --> Invalid file: pages/assets.php
in SYSTEMPATH/Exceptions/FrameworkException.php on line 33.
 1 SYSTEMPATH/View/View.php(201): CodeIgniter\Exceptions\FrameworkException::forInvalidFile()
 2 SYSTEMPATH/Common.php(1142): CodeIgniter\View\View->render()
 3 APPPATH/Controllers/Pages.php(28): view()
 4 SYSTEMPATH/CodeIgniter.php(907): App\Controllers\Pages->view()
 5 SYSTEMPATH/CodeIgniter.php(457): CodeIgniter\CodeIgniter->runController()
 6 SYSTEMPATH/CodeIgniter.php(340): CodeIgniter\CodeIgniter->handleRequest()
 7 FCPATH/index.php(67): CodeIgniter\CodeIgniter->run()
CRITICAL - 2022-09-28 22:25:58 --> Invalid file: pages/__service-worker.js
in SYSTEMPATH/Exceptions/FrameworkException.php on line 33.
 1 SYSTEMPATH/View/View.php(201): CodeIgniter\Exceptions\FrameworkException::forInvalidFile()
 2 SYSTEMPATH/Common.php(1142): CodeIgniter\View\View->render()
 3 APPPATH/Controllers/Pages.php(28): view()
 4 SYSTEMPATH/CodeIgniter.php(907): App\Controllers\Pages->view()
 5 SYSTEMPATH/CodeIgniter.php(457): CodeIgniter\CodeIgniter->runController()
 6 SYSTEMPATH/CodeIgniter.php(340): CodeIgniter\CodeIgniter->handleRequest()
 7 FCPATH/index.php(67): CodeIgniter\CodeIgniter->run()
CRITICAL - 2022-09-28 22:25:58 --> Invalid file: pages/assets.php
in SYSTEMPATH/Exceptions/FrameworkException.php on line 33.
 1 SYSTEMPATH/View/View.php(201): CodeIgniter\Exceptions\FrameworkException::forInvalidFile()
 2 SYSTEMPATH/Common.php(1142): CodeIgniter\View\View->render()
 3 APPPATH/Controllers/Pages.php(28): view()
 4 SYSTEMPATH/CodeIgniter.php(907): App\Controllers\Pages->view()
 5 SYSTEMPATH/CodeIgniter.php(457): CodeIgniter\CodeIgniter->runController()
 6 SYSTEMPATH/CodeIgniter.php(340): CodeIgniter\CodeIgniter->handleRequest()
 7 FCPATH/index.php(67): CodeIgniter\CodeIgniter->run()
CRITICAL - 2022-09-28 22:25:59 --> Invalid file: pages/assets.php
in SYSTEMPATH/Exceptions/FrameworkException.php on line 33.
 1 SYSTEMPATH/View/View.php(201): CodeIgniter\Exceptions\FrameworkException::forInvalidFile()
 2 SYSTEMPATH/Common.php(1142): CodeIgniter\View\View->render()
 3 APPPATH/Controllers/Pages.php(28): view()
 4 SYSTEMPATH/CodeIgniter.php(907): App\Controllers\Pages->view()
 5 SYSTEMPATH/CodeIgniter.php(457): CodeIgniter\CodeIgniter->runController()
 6 SYSTEMPATH/CodeIgniter.php(340): CodeIgniter\CodeIgniter->handleRequest()
 7 FCPATH/index.php(67): CodeIgniter\CodeIgniter->run()
CRITICAL - 2022-09-28 22:25:59 --> Invalid file: pages/assets.php
in SYSTEMPATH/Exceptions/FrameworkException.php on line 33.
 1 SYSTEMPATH/View/View.php(201): CodeIgniter\Exceptions\FrameworkException::forInvalidFile()
 2 SYSTEMPATH/Common.php(1142): CodeIgniter\View\View->render()
 3 APPPATH/Controllers/Pages.php(28): view()
 4 SYSTEMPATH/CodeIgniter.php(907): App\Controllers\Pages->view()
 5 SYSTEMPATH/CodeIgniter.php(457): CodeIgniter\CodeIgniter->runController()
 6 SYSTEMPATH/CodeIgniter.php(340): CodeIgniter\CodeIgniter->handleRequest()
 7 FCPATH/index.php(67): CodeIgniter\CodeIgniter->run()
CRITICAL - 2022-09-28 22:25:59 --> Invalid file: pages/assets.php
in SYSTEMPATH/Exceptions/FrameworkException.php on line 33.
 1 SYSTEMPATH/View/View.php(201): CodeIgniter\Exceptions\FrameworkException::forInvalidFile()
 2 SYSTEMPATH/Common.php(1142): CodeIgniter\View\View->render()
 3 APPPATH/Controllers/Pages.php(28): view()
 4 SYSTEMPATH/CodeIgniter.php(907): App\Controllers\Pages->view()
 5 SYSTEMPATH/CodeIgniter.php(457): CodeIgniter\CodeIgniter->runController()
 6 SYSTEMPATH/CodeIgniter.php(340): CodeIgniter\CodeIgniter->handleRequest()
 7 FCPATH/index.php(67): CodeIgniter\CodeIgniter->run()
CRITICAL - 2022-09-28 22:25:59 --> Invalid file: pages/assets.php
in SYSTEMPATH/Exceptions/FrameworkException.php on line 33.
 1 SYSTEMPATH/View/View.php(201): CodeIgniter\Exceptions\FrameworkException::forInvalidFile()
 2 SYSTEMPATH/Common.php(1142): CodeIgniter\View\View->render()
 3 APPPATH/Controllers/Pages.php(28): view()
 4 SYSTEMPATH/CodeIgniter.php(907): App\Controllers\Pages->view()
 5 SYSTEMPATH/CodeIgniter.php(457): CodeIgniter\CodeIgniter->runController()
 6 SYSTEMPATH/CodeIgniter.php(340): CodeIgniter\CodeIgniter->handleRequest()
 7 FCPATH/index.php(67): CodeIgniter\CodeIgniter->run()
CRITICAL - 2022-09-28 22:26:00 --> Invalid file: pages/assets.php
in SYSTEMPATH/Exceptions/FrameworkException.php on line 33.
 1 SYSTEMPATH/View/View.php(201): CodeIgniter\Exceptions\FrameworkException::forInvalidFile()
 2 SYSTEMPATH/Common.php(1142): CodeIgniter\View\View->render()
 3 APPPATH/Controllers/Pages.php(28): view()
 4 SYSTEMPATH/CodeIgniter.php(907): App\Controllers\Pages->view()
 5 SYSTEMPATH/CodeIgniter.php(457): CodeIgniter\CodeIgniter->runController()
 6 SYSTEMPATH/CodeIgniter.php(340): CodeIgniter\CodeIgniter->handleRequest()
 7 FCPATH/index.php(67): CodeIgniter\CodeIgniter->run()
CRITICAL - 2022-09-28 22:26:22 --> Invalid file: pages/__service-worker.js
in SYSTEMPATH/Exceptions/FrameworkException.php on line 33.
 1 SYSTEMPATH/View/View.php(201): CodeIgniter\Exceptions\FrameworkException::forInvalidFile()
 2 SYSTEMPATH/Common.php(1142): CodeIgniter\View\View->render()
 3 APPPATH/Controllers/Pages.php(28): view()
 4 SYSTEMPATH/CodeIgniter.php(907): App\Controllers\Pages->view()
 5 SYSTEMPATH/CodeIgniter.php(457): CodeIgniter\CodeIgniter->runController()
 6 SYSTEMPATH/CodeIgniter.php(340): CodeIgniter\CodeIgniter->handleRequest()
 7 FCPATH/index.php(67): CodeIgniter\CodeIgniter->run()
CRITICAL - 2022-09-28 22:26:22 --> Invalid file: pages/assets.php
in SYSTEMPATH/Exceptions/FrameworkException.php on line 33.
 1 SYSTEMPATH/View/View.php(201): CodeIgniter\Exceptions\FrameworkException::forInvalidFile()
 2 SYSTEMPATH/Common.php(1142): CodeIgniter\View\View->render()
 3 APPPATH/Controllers/Pages.php(28): view()
 4 SYSTEMPATH/CodeIgniter.php(907): App\Controllers\Pages->view()
 5 SYSTEMPATH/CodeIgniter.php(457): CodeIgniter\CodeIgniter->runController()
 6 SYSTEMPATH/CodeIgniter.php(340): CodeIgniter\CodeIgniter->handleRequest()
 7 FCPATH/index.php(67): CodeIgniter\CodeIgniter->run()
CRITICAL - 2022-09-28 22:26:22 --> Invalid file: pages/assets.php
in SYSTEMPATH/Exceptions/FrameworkException.php on line 33.
 1 SYSTEMPATH/View/View.php(201): CodeIgniter\Exceptions\FrameworkException::forInvalidFile()
 2 SYSTEMPATH/Common.php(1142): CodeIgniter\View\View->render()
 3 APPPATH/Controllers/Pages.php(28): view()
 4 SYSTEMPATH/CodeIgniter.php(907): App\Controllers\Pages->view()
 5 SYSTEMPATH/CodeIgniter.php(457): CodeIgniter\CodeIgniter->runController()
 6 SYSTEMPATH/CodeIgniter.php(340): CodeIgniter\CodeIgniter->handleRequest()
 7 FCPATH/index.php(67): CodeIgniter\CodeIgniter->run()
CRITICAL - 2022-09-28 22:26:22 --> Invalid file: pages/assets.php
in SYSTEMPATH/Exceptions/FrameworkException.php on line 33.
 1 SYSTEMPATH/View/View.php(201): CodeIgniter\Exceptions\FrameworkException::forInvalidFile()
 2 SYSTEMPATH/Common.php(1142): CodeIgniter\View\View->render()
 3 APPPATH/Controllers/Pages.php(28): view()
 4 SYSTEMPATH/CodeIgniter.php(907): App\Controllers\Pages->view()
 5 SYSTEMPATH/CodeIgniter.php(457): CodeIgniter\CodeIgniter->runController()
 6 SYSTEMPATH/CodeIgniter.php(340): CodeIgniter\CodeIgniter->handleRequest()
 7 FCPATH/index.php(67): CodeIgniter\CodeIgniter->run()
CRITICAL - 2022-09-28 22:26:22 --> Invalid file: pages/assets.php
in SYSTEMPATH/Exceptions/FrameworkException.php on line 33.
 1 SYSTEMPATH/View/View.php(201): CodeIgniter\Exceptions\FrameworkException::forInvalidFile()
 2 SYSTEMPATH/Common.php(1142): CodeIgniter\View\View->render()
 3 APPPATH/Controllers/Pages.php(28): view()
 4 SYSTEMPATH/CodeIgniter.php(907): App\Controllers\Pages->view()
 5 SYSTEMPATH/CodeIgniter.php(457): CodeIgniter\CodeIgniter->runController()
 6 SYSTEMPATH/CodeIgniter.php(340): CodeIgniter\CodeIgniter->handleRequest()
 7 FCPATH/index.php(67): CodeIgniter\CodeIgniter->run()
CRITICAL - 2022-09-28 22:26:23 --> Invalid file: pages/assets.php
in SYSTEMPATH/Exceptions/FrameworkException.php on line 33.
 1 SYSTEMPATH/View/View.php(201): CodeIgniter\Exceptions\FrameworkException::forInvalidFile()
 2 SYSTEMPATH/Common.php(1142): CodeIgniter\View\View->render()
 3 APPPATH/Controllers/Pages.php(28): view()
 4 SYSTEMPATH/CodeIgniter.php(907): App\Controllers\Pages->view()
 5 SYSTEMPATH/CodeIgniter.php(457): CodeIgniter\CodeIgniter->runController()
 6 SYSTEMPATH/CodeIgniter.php(340): CodeIgniter\CodeIgniter->handleRequest()
 7 FCPATH/index.php(67): CodeIgniter\CodeIgniter->run()
CRITICAL - 2022-09-28 22:26:23 --> Invalid file: pages/assets.php
in SYSTEMPATH/Exceptions/FrameworkException.php on line 33.
 1 SYSTEMPATH/View/View.php(201): CodeIgniter\Exceptions\FrameworkException::forInvalidFile()
 2 SYSTEMPATH/Common.php(1142): CodeIgniter\View\View->render()
 3 APPPATH/Controllers/Pages.php(28): view()
 4 SYSTEMPATH/CodeIgniter.php(907): App\Controllers\Pages->view()
 5 SYSTEMPATH/CodeIgniter.php(457): CodeIgniter\CodeIgniter->runController()
 6 SYSTEMPATH/CodeIgniter.php(340): CodeIgniter\CodeIgniter->handleRequest()
 7 FCPATH/index.php(67): CodeIgniter\CodeIgniter->run()
CRITICAL - 2022-09-28 22:26:43 --> Invalid file: pages/assets.php
in SYSTEMPATH/Exceptions/FrameworkException.php on line 33.
 1 SYSTEMPATH/View/View.php(201): CodeIgniter\Exceptions\FrameworkException::forInvalidFile()
 2 SYSTEMPATH/Common.php(1142): CodeIgniter\View\View->render()
 3 APPPATH/Controllers/Pages.php(28): view()
 4 SYSTEMPATH/CodeIgniter.php(907): App\Controllers\Pages->view()
 5 SYSTEMPATH/CodeIgniter.php(457): CodeIgniter\CodeIgniter->runController()
 6 SYSTEMPATH/CodeIgniter.php(340): CodeIgniter\CodeIgniter->handleRequest()
 7 FCPATH/index.php(67): CodeIgniter\CodeIgniter->run()
CRITICAL - 2022-09-28 22:26:43 --> Invalid file: pages/assets.php
in SYSTEMPATH/Exceptions/FrameworkException.php on line 33.
 1 SYSTEMPATH/View/View.php(201): CodeIgniter\Exceptions\FrameworkException::forInvalidFile()
 2 SYSTEMPATH/Common.php(1142): CodeIgniter\View\View->render()
 3 APPPATH/Controllers/Pages.php(28): view()
 4 SYSTEMPATH/CodeIgniter.php(907): App\Controllers\Pages->view()
 5 SYSTEMPATH/CodeIgniter.php(457): CodeIgniter\CodeIgniter->runController()
 6 SYSTEMPATH/CodeIgniter.php(340): CodeIgniter\CodeIgniter->handleRequest()
 7 FCPATH/index.php(67): CodeIgniter\CodeIgniter->run()
CRITICAL - 2022-09-28 22:26:43 --> Invalid file: pages/assets.php
in SYSTEMPATH/Exceptions/FrameworkException.php on line 33.
 1 SYSTEMPATH/View/View.php(201): CodeIgniter\Exceptions\FrameworkException::forInvalidFile()
 2 SYSTEMPATH/Common.php(1142): CodeIgniter\View\View->render()
 3 APPPATH/Controllers/Pages.php(28): view()
 4 SYSTEMPATH/CodeIgniter.php(907): App\Controllers\Pages->view()
 5 SYSTEMPATH/CodeIgniter.php(457): CodeIgniter\CodeIgniter->runController()
 6 SYSTEMPATH/CodeIgniter.php(340): CodeIgniter\CodeIgniter->handleRequest()
 7 FCPATH/index.php(67): CodeIgniter\CodeIgniter->run()
CRITICAL - 2022-09-28 22:27:03 --> Invalid file: pages/assets.php
in SYSTEMPATH/Exceptions/FrameworkException.php on line 33.
 1 SYSTEMPATH/View/View.php(201): CodeIgniter\Exceptions\FrameworkException::forInvalidFile()
 2 SYSTEMPATH/Common.php(1142): CodeIgniter\View\View->render()
 3 APPPATH/Controllers/Pages.php(28): view()
 4 SYSTEMPATH/CodeIgniter.php(907): App\Controllers\Pages->view()
 5 SYSTEMPATH/CodeIgniter.php(457): CodeIgniter\CodeIgniter->runController()
 6 SYSTEMPATH/CodeIgniter.php(340): CodeIgniter\CodeIgniter->handleRequest()
 7 FCPATH/index.php(67): CodeIgniter\CodeIgniter->run()
CRITICAL - 2022-09-28 22:27:03 --> Invalid file: pages/__service-worker.js
in SYSTEMPATH/Exceptions/FrameworkException.php on line 33.
 1 SYSTEMPATH/View/View.php(201): CodeIgniter\Exceptions\FrameworkException::forInvalidFile()
 2 SYSTEMPATH/Common.php(1142): CodeIgniter\View\View->render()
 3 APPPATH/Controllers/Pages.php(28): view()
 4 SYSTEMPATH/CodeIgniter.php(907): App\Controllers\Pages->view()
 5 SYSTEMPATH/CodeIgniter.php(457): CodeIgniter\CodeIgniter->runController()
 6 SYSTEMPATH/CodeIgniter.php(340): CodeIgniter\CodeIgniter->handleRequest()
 7 FCPATH/index.php(67): CodeIgniter\CodeIgniter->run()
CRITICAL - 2022-09-28 22:27:03 --> Invalid file: pages/assets.php
in SYSTEMPATH/Exceptions/FrameworkException.php on line 33.
 1 SYSTEMPATH/View/View.php(201): CodeIgniter\Exceptions\FrameworkException::forInvalidFile()
 2 SYSTEMPATH/Common.php(1142): CodeIgniter\View\View->render()
 3 APPPATH/Controllers/Pages.php(28): view()
 4 SYSTEMPATH/CodeIgniter.php(907): App\Controllers\Pages->view()
 5 SYSTEMPATH/CodeIgniter.php(457): CodeIgniter\CodeIgniter->runController()
 6 SYSTEMPATH/CodeIgniter.php(340): CodeIgniter\CodeIgniter->handleRequest()
 7 FCPATH/index.php(67): CodeIgniter\CodeIgniter->run()
CRITICAL - 2022-09-28 22:27:03 --> Invalid file: pages/assets.php
in SYSTEMPATH/Exceptions/FrameworkException.php on line 33.
 1 SYSTEMPATH/View/View.php(201): CodeIgniter\Exceptions\FrameworkException::forInvalidFile()
 2 SYSTEMPATH/Common.php(1142): CodeIgniter\View\View->render()
 3 APPPATH/Controllers/Pages.php(28): view()
 4 SYSTEMPATH/CodeIgniter.php(907): App\Controllers\Pages->view()
 5 SYSTEMPATH/CodeIgniter.php(457): CodeIgniter\CodeIgniter->runController()
 6 SYSTEMPATH/CodeIgniter.php(340): CodeIgniter\CodeIgniter->handleRequest()
 7 FCPATH/index.php(67): CodeIgniter\CodeIgniter->run()
CRITICAL - 2022-09-28 22:27:04 --> Invalid file: pages/assets.php
in SYSTEMPATH/Exceptions/FrameworkException.php on line 33.
 1 SYSTEMPATH/View/View.php(201): CodeIgniter\Exceptions\FrameworkException::forInvalidFile()
 2 SYSTEMPATH/Common.php(1142): CodeIgniter\View\View->render()
 3 APPPATH/Controllers/Pages.php(28): view()
 4 SYSTEMPATH/CodeIgniter.php(907): App\Controllers\Pages->view()
 5 SYSTEMPATH/CodeIgniter.php(457): CodeIgniter\CodeIgniter->runController()
 6 SYSTEMPATH/CodeIgniter.php(340): CodeIgniter\CodeIgniter->handleRequest()
 7 FCPATH/index.php(67): CodeIgniter\CodeIgniter->run()
CRITICAL - 2022-09-28 22:27:04 --> Invalid file: pages/assets.php
in SYSTEMPATH/Exceptions/FrameworkException.php on line 33.
 1 SYSTEMPATH/View/View.php(201): CodeIgniter\Exceptions\FrameworkException::forInvalidFile()
 2 SYSTEMPATH/Common.php(1142): CodeIgniter\View\View->render()
 3 APPPATH/Controllers/Pages.php(28): view()
 4 SYSTEMPATH/CodeIgniter.php(907): App\Controllers\Pages->view()
 5 SYSTEMPATH/CodeIgniter.php(457): CodeIgniter\CodeIgniter->runController()
 6 SYSTEMPATH/CodeIgniter.php(340): CodeIgniter\CodeIgniter->handleRequest()
 7 FCPATH/index.php(67): CodeIgniter\CodeIgniter->run()
CRITICAL - 2022-09-28 22:27:05 --> Invalid file: pages/assets.php
in SYSTEMPATH/Exceptions/FrameworkException.php on line 33.
 1 SYSTEMPATH/View/View.php(201): CodeIgniter\Exceptions\FrameworkException::forInvalidFile()
 2 SYSTEMPATH/Common.php(1142): CodeIgniter\View\View->render()
 3 APPPATH/Controllers/Pages.php(28): view()
 4 SYSTEMPATH/CodeIgniter.php(907): App\Controllers\Pages->view()
 5 SYSTEMPATH/CodeIgniter.php(457): CodeIgniter\CodeIgniter->runController()
 6 SYSTEMPATH/CodeIgniter.php(340): CodeIgniter\CodeIgniter->handleRequest()
 7 FCPATH/index.php(67): CodeIgniter\CodeIgniter->run()
CRITICAL - 2022-09-28 23:05:23 --> Undefined variable $update
in APPPATH/Controllers/User.php on line 205.
 1 APPPATH/Controllers/User.php(205): CodeIgniter\Debug\Exceptions->errorHandler()
 2 APPPATH/Controllers/User.php(345): App\Controllers\User->cron()
 3 APPPATH/Controllers/User.php(474): App\Controllers\User->user()
 4 SYSTEMPATH/CodeIgniter.php(907): App\Controllers\User->index()
 5 SYSTEMPATH/CodeIgniter.php(457): CodeIgniter\CodeIgniter->runController()
 6 SYSTEMPATH/CodeIgniter.php(340): CodeIgniter\CodeIgniter->handleRequest()
 7 FCPATH/index.php(67): CodeIgniter\CodeIgniter->run()
CRITICAL - 2022-09-28 23:06:15 --> Undefined array key "user_id"
in APPPATH/Controllers/User.php on line 225.
 1 APPPATH/Controllers/User.php(225): CodeIgniter\Debug\Exceptions->errorHandler()
 2 APPPATH/Controllers/User.php(348): App\Controllers\User->cron()
 3 APPPATH/Controllers/User.php(477): App\Controllers\User->user()
 4 SYSTEMPATH/CodeIgniter.php(907): App\Controllers\User->index()
 5 SYSTEMPATH/CodeIgniter.php(457): CodeIgniter\CodeIgniter->runController()
 6 SYSTEMPATH/CodeIgniter.php(340): CodeIgniter\CodeIgniter->handleRequest()
 7 FCPATH/index.php(67): CodeIgniter\CodeIgniter->run()
CRITICAL - 2022-09-28 23:07:00 --> Invalid file: pages/assets.php
in SYSTEMPATH/Exceptions/FrameworkException.php on line 33.
 1 SYSTEMPATH/View/View.php(201): CodeIgniter\Exceptions\FrameworkException::forInvalidFile()
 2 SYSTEMPATH/Common.php(1142): CodeIgniter\View\View->render()
 3 APPPATH/Controllers/Pages.php(28): view()
 4 SYSTEMPATH/CodeIgniter.php(907): App\Controllers\Pages->view()
 5 SYSTEMPATH/CodeIgniter.php(457): CodeIgniter\CodeIgniter->runController()
 6 SYSTEMPATH/CodeIgniter.php(340): CodeIgniter\CodeIgniter->handleRequest()
 7 FCPATH/index.php(67): CodeIgniter\CodeIgniter->run()
CRITICAL - 2022-09-28 23:07:00 --> Invalid file: pages/__service-worker.js
in SYSTEMPATH/Exceptions/FrameworkException.php on line 33.
 1 SYSTEMPATH/View/View.php(201): CodeIgniter\Exceptions\FrameworkException::forInvalidFile()
 2 SYSTEMPATH/Common.php(1142): CodeIgniter\View\View->render()
 3 APPPATH/Controllers/Pages.php(28): view()
 4 SYSTEMPATH/CodeIgniter.php(907): App\Controllers\Pages->view()
 5 SYSTEMPATH/CodeIgniter.php(457): CodeIgniter\CodeIgniter->runController()
 6 SYSTEMPATH/CodeIgniter.php(340): CodeIgniter\CodeIgniter->handleRequest()
 7 FCPATH/index.php(67): CodeIgniter\CodeIgniter->run()
CRITICAL - 2022-09-28 23:07:00 --> Invalid file: pages/assets.php
in SYSTEMPATH/Exceptions/FrameworkException.php on line 33.
 1 SYSTEMPATH/View/View.php(201): CodeIgniter\Exceptions\FrameworkException::forInvalidFile()
 2 SYSTEMPATH/Common.php(1142): CodeIgniter\View\View->render()
 3 APPPATH/Controllers/Pages.php(28): view()
 4 SYSTEMPATH/CodeIgniter.php(907): App\Controllers\Pages->view()
 5 SYSTEMPATH/CodeIgniter.php(457): CodeIgniter\CodeIgniter->runController()
 6 SYSTEMPATH/CodeIgniter.php(340): CodeIgniter\CodeIgniter->handleRequest()
 7 FCPATH/index.php(67): CodeIgniter\CodeIgniter->run()
CRITICAL - 2022-09-28 23:07:01 --> Invalid file: pages/assets.php
in SYSTEMPATH/Exceptions/FrameworkException.php on line 33.
 1 SYSTEMPATH/View/View.php(201): CodeIgniter\Exceptions\FrameworkException::forInvalidFile()
 2 SYSTEMPATH/Common.php(1142): CodeIgniter\View\View->render()
 3 APPPATH/Controllers/Pages.php(28): view()
 4 SYSTEMPATH/CodeIgniter.php(907): App\Controllers\Pages->view()
 5 SYSTEMPATH/CodeIgniter.php(457): CodeIgniter\CodeIgniter->runController()
 6 SYSTEMPATH/CodeIgniter.php(340): CodeIgniter\CodeIgniter->handleRequest()
 7 FCPATH/index.php(67): CodeIgniter\CodeIgniter->run()
CRITICAL - 2022-09-28 23:07:01 --> Invalid file: pages/assets.php
in SYSTEMPATH/Exceptions/FrameworkException.php on line 33.
 1 SYSTEMPATH/View/View.php(201): CodeIgniter\Exceptions\FrameworkException::forInvalidFile()
 2 SYSTEMPATH/Common.php(1142): CodeIgniter\View\View->render()
 3 APPPATH/Controllers/Pages.php(28): view()
 4 SYSTEMPATH/CodeIgniter.php(907): App\Controllers\Pages->view()
 5 SYSTEMPATH/CodeIgniter.php(457): CodeIgniter\CodeIgniter->runController()
 6 SYSTEMPATH/CodeIgniter.php(340): CodeIgniter\CodeIgniter->handleRequest()
 7 FCPATH/index.php(67): CodeIgniter\CodeIgniter->run()
CRITICAL - 2022-09-28 23:07:02 --> Invalid file: pages/assets.php
in SYSTEMPATH/Exceptions/FrameworkException.php on line 33.
 1 SYSTEMPATH/View/View.php(201): CodeIgniter\Exceptions\FrameworkException::forInvalidFile()
 2 SYSTEMPATH/Common.php(1142): CodeIgniter\View\View->render()
 3 APPPATH/Controllers/Pages.php(28): view()
 4 SYSTEMPATH/CodeIgniter.php(907): App\Controllers\Pages->view()
 5 SYSTEMPATH/CodeIgniter.php(457): CodeIgniter\CodeIgniter->runController()
 6 SYSTEMPATH/CodeIgniter.php(340): CodeIgniter\CodeIgniter->handleRequest()
 7 FCPATH/index.php(67): CodeIgniter\CodeIgniter->run()
CRITICAL - 2022-09-28 23:07:02 --> Invalid file: pages/assets.php
in SYSTEMPATH/Exceptions/FrameworkException.php on line 33.
 1 SYSTEMPATH/View/View.php(201): CodeIgniter\Exceptions\FrameworkException::forInvalidFile()
 2 SYSTEMPATH/Common.php(1142): CodeIgniter\View\View->render()
 3 APPPATH/Controllers/Pages.php(28): view()
 4 SYSTEMPATH/CodeIgniter.php(907): App\Controllers\Pages->view()
 5 SYSTEMPATH/CodeIgniter.php(457): CodeIgniter\CodeIgniter->runController()
 6 SYSTEMPATH/CodeIgniter.php(340): CodeIgniter\CodeIgniter->handleRequest()
 7 FCPATH/index.php(67): CodeIgniter\CodeIgniter->run()
CRITICAL - 2022-09-28 23:07:11 --> Invalid file: pages/assets.php
in SYSTEMPATH/Exceptions/FrameworkException.php on line 33.
 1 SYSTEMPATH/View/View.php(201): CodeIgniter\Exceptions\FrameworkException::forInvalidFile()
 2 SYSTEMPATH/Common.php(1142): CodeIgniter\View\View->render()
 3 APPPATH/Controllers/Pages.php(28): view()
 4 SYSTEMPATH/CodeIgniter.php(907): App\Controllers\Pages->view()
 5 SYSTEMPATH/CodeIgniter.php(457): CodeIgniter\CodeIgniter->runController()
 6 SYSTEMPATH/CodeIgniter.php(340): CodeIgniter\CodeIgniter->handleRequest()
 7 FCPATH/index.php(67): CodeIgniter\CodeIgniter->run()
CRITICAL - 2022-09-28 23:07:12 --> Invalid file: pages/assets.php
in SYSTEMPATH/Exceptions/FrameworkException.php on line 33.
 1 SYSTEMPATH/View/View.php(201): CodeIgniter\Exceptions\FrameworkException::forInvalidFile()
 2 SYSTEMPATH/Common.php(1142): CodeIgniter\View\View->render()
 3 APPPATH/Controllers/Pages.php(28): view()
 4 SYSTEMPATH/CodeIgniter.php(907): App\Controllers\Pages->view()
 5 SYSTEMPATH/CodeIgniter.php(457): CodeIgniter\CodeIgniter->runController()
 6 SYSTEMPATH/CodeIgniter.php(340): CodeIgniter\CodeIgniter->handleRequest()
 7 FCPATH/index.php(67): CodeIgniter\CodeIgniter->run()
CRITICAL - 2022-09-28 23:07:12 --> Invalid file: pages/assets.php
in SYSTEMPATH/Exceptions/FrameworkException.php on line 33.
 1 SYSTEMPATH/View/View.php(201): CodeIgniter\Exceptions\FrameworkException::forInvalidFile()
 2 SYSTEMPATH/Common.php(1142): CodeIgniter\View\View->render()
 3 APPPATH/Controllers/Pages.php(28): view()
 4 SYSTEMPATH/CodeIgniter.php(907): App\Controllers\Pages->view()
 5 SYSTEMPATH/CodeIgniter.php(457): CodeIgniter\CodeIgniter->runController()
 6 SYSTEMPATH/CodeIgniter.php(340): CodeIgniter\CodeIgniter->handleRequest()
 7 FCPATH/index.php(67): CodeIgniter\CodeIgniter->run()
CRITICAL - 2022-09-28 23:07:29 --> Invalid file: pages/assets.php
in SYSTEMPATH/Exceptions/FrameworkException.php on line 33.
 1 SYSTEMPATH/View/View.php(201): CodeIgniter\Exceptions\FrameworkException::forInvalidFile()
 2 SYSTEMPATH/Common.php(1142): CodeIgniter\View\View->render()
 3 APPPATH/Controllers/Pages.php(28): view()
 4 SYSTEMPATH/CodeIgniter.php(907): App\Controllers\Pages->view()
 5 SYSTEMPATH/CodeIgniter.php(457): CodeIgniter\CodeIgniter->runController()
 6 SYSTEMPATH/CodeIgniter.php(340): CodeIgniter\CodeIgniter->handleRequest()
 7 FCPATH/index.php(67): CodeIgniter\CodeIgniter->run()
CRITICAL - 2022-09-28 23:07:29 --> Invalid file: pages/__service-worker.js
in SYSTEMPATH/Exceptions/FrameworkException.php on line 33.
 1 SYSTEMPATH/View/View.php(201): CodeIgniter\Exceptions\FrameworkException::forInvalidFile()
 2 SYSTEMPATH/Common.php(1142): CodeIgniter\View\View->render()
 3 APPPATH/Controllers/Pages.php(28): view()
 4 SYSTEMPATH/CodeIgniter.php(907): App\Controllers\Pages->view()
 5 SYSTEMPATH/CodeIgniter.php(457): CodeIgniter\CodeIgniter->runController()
 6 SYSTEMPATH/CodeIgniter.php(340): CodeIgniter\CodeIgniter->handleRequest()
 7 FCPATH/index.php(67): CodeIgniter\CodeIgniter->run()
CRITICAL - 2022-09-28 23:07:29 --> Invalid file: pages/assets.php
in SYSTEMPATH/Exceptions/FrameworkException.php on line 33.
 1 SYSTEMPATH/View/View.php(201): CodeIgniter\Exceptions\FrameworkException::forInvalidFile()
 2 SYSTEMPATH/Common.php(1142): CodeIgniter\View\View->render()
 3 APPPATH/Controllers/Pages.php(28): view()
 4 SYSTEMPATH/CodeIgniter.php(907): App\Controllers\Pages->view()
 5 SYSTEMPATH/CodeIgniter.php(457): CodeIgniter\CodeIgniter->runController()
 6 SYSTEMPATH/CodeIgniter.php(340): CodeIgniter\CodeIgniter->handleRequest()
 7 FCPATH/index.php(67): CodeIgniter\CodeIgniter->run()
CRITICAL - 2022-09-28 23:07:29 --> Invalid file: pages/assets.php
in SYSTEMPATH/Exceptions/FrameworkException.php on line 33.
 1 SYSTEMPATH/View/View.php(201): CodeIgniter\Exceptions\FrameworkException::forInvalidFile()
 2 SYSTEMPATH/Common.php(1142): CodeIgniter\View\View->render()
 3 APPPATH/Controllers/Pages.php(28): view()
 4 SYSTEMPATH/CodeIgniter.php(907): App\Controllers\Pages->view()
 5 SYSTEMPATH/CodeIgniter.php(457): CodeIgniter\CodeIgniter->runController()
 6 SYSTEMPATH/CodeIgniter.php(340): CodeIgniter\CodeIgniter->handleRequest()
 7 FCPATH/index.php(67): CodeIgniter\CodeIgniter->run()
CRITICAL - 2022-09-28 23:07:29 --> Invalid file: pages/assets.php
in SYSTEMPATH/Exceptions/FrameworkException.php on line 33.
 1 SYSTEMPATH/View/View.php(201): CodeIgniter\Exceptions\FrameworkException::forInvalidFile()
 2 SYSTEMPATH/Common.php(1142): CodeIgniter\View\View->render()
 3 APPPATH/Controllers/Pages.php(28): view()
 4 SYSTEMPATH/CodeIgniter.php(907): App\Controllers\Pages->view()
 5 SYSTEMPATH/CodeIgniter.php(457): CodeIgniter\CodeIgniter->runController()
 6 SYSTEMPATH/CodeIgniter.php(340): CodeIgniter\CodeIgniter->handleRequest()
 7 FCPATH/index.php(67): CodeIgniter\CodeIgniter->run()
CRITICAL - 2022-09-28 23:07:30 --> Invalid file: pages/assets.php
in SYSTEMPATH/Exceptions/FrameworkException.php on line 33.
 1 SYSTEMPATH/View/View.php(201): CodeIgniter\Exceptions\FrameworkException::forInvalidFile()
 2 SYSTEMPATH/Common.php(1142): CodeIgniter\View\View->render()
 3 APPPATH/Controllers/Pages.php(28): view()
 4 SYSTEMPATH/CodeIgniter.php(907): App\Controllers\Pages->view()
 5 SYSTEMPATH/CodeIgniter.php(457): CodeIgniter\CodeIgniter->runController()
 6 SYSTEMPATH/CodeIgniter.php(340): CodeIgniter\CodeIgniter->handleRequest()
 7 FCPATH/index.php(67): CodeIgniter\CodeIgniter->run()
CRITICAL - 2022-09-28 23:07:30 --> Invalid file: pages/assets.php
in SYSTEMPATH/Exceptions/FrameworkException.php on line 33.
 1 SYSTEMPATH/View/View.php(201): CodeIgniter\Exceptions\FrameworkException::forInvalidFile()
 2 SYSTEMPATH/Common.php(1142): CodeIgniter\View\View->render()
 3 APPPATH/Controllers/Pages.php(28): view()
 4 SYSTEMPATH/CodeIgniter.php(907): App\Controllers\Pages->view()
 5 SYSTEMPATH/CodeIgniter.php(457): CodeIgniter\CodeIgniter->runController()
 6 SYSTEMPATH/CodeIgniter.php(340): CodeIgniter\CodeIgniter->handleRequest()
 7 FCPATH/index.php(67): CodeIgniter\CodeIgniter->run()
CRITICAL - 2022-09-28 23:08:42 --> Invalid file: pages/assets.php
in SYSTEMPATH/Exceptions/FrameworkException.php on line 33.
 1 SYSTEMPATH/View/View.php(201): CodeIgniter\Exceptions\FrameworkException::forInvalidFile()
 2 SYSTEMPATH/Common.php(1142): CodeIgniter\View\View->render()
 3 APPPATH/Controllers/Pages.php(28): view()
 4 SYSTEMPATH/CodeIgniter.php(907): App\Controllers\Pages->view()
 5 SYSTEMPATH/CodeIgniter.php(457): CodeIgniter\CodeIgniter->runController()
 6 SYSTEMPATH/CodeIgniter.php(340): CodeIgniter\CodeIgniter->handleRequest()
 7 FCPATH/index.php(67): CodeIgniter\CodeIgniter->run()
CRITICAL - 2022-09-28 23:08:42 --> Invalid file: pages/__service-worker.js
in SYSTEMPATH/Exceptions/FrameworkException.php on line 33.
 1 SYSTEMPATH/View/View.php(201): CodeIgniter\Exceptions\FrameworkException::forInvalidFile()
 2 SYSTEMPATH/Common.php(1142): CodeIgniter\View\View->render()
 3 APPPATH/Controllers/Pages.php(28): view()
 4 SYSTEMPATH/CodeIgniter.php(907): App\Controllers\Pages->view()
 5 SYSTEMPATH/CodeIgniter.php(457): CodeIgniter\CodeIgniter->runController()
 6 SYSTEMPATH/CodeIgniter.php(340): CodeIgniter\CodeIgniter->handleRequest()
 7 FCPATH/index.php(67): CodeIgniter\CodeIgniter->run()
CRITICAL - 2022-09-28 23:08:42 --> Invalid file: pages/assets.php
in SYSTEMPATH/Exceptions/FrameworkException.php on line 33.
 1 SYSTEMPATH/View/View.php(201): CodeIgniter\Exceptions\FrameworkException::forInvalidFile()
 2 SYSTEMPATH/Common.php(1142): CodeIgniter\View\View->render()
 3 APPPATH/Controllers/Pages.php(28): view()
 4 SYSTEMPATH/CodeIgniter.php(907): App\Controllers\Pages->view()
 5 SYSTEMPATH/CodeIgniter.php(457): CodeIgniter\CodeIgniter->runController()
 6 SYSTEMPATH/CodeIgniter.php(340): CodeIgniter\CodeIgniter->handleRequest()
 7 FCPATH/index.php(67): CodeIgniter\CodeIgniter->run()
CRITICAL - 2022-09-28 23:08:43 --> Invalid file: pages/assets.php
in SYSTEMPATH/Exceptions/FrameworkException.php on line 33.
 1 SYSTEMPATH/View/View.php(201): CodeIgniter\Exceptions\FrameworkException::forInvalidFile()
 2 SYSTEMPATH/Common.php(1142): CodeIgniter\View\View->render()
 3 APPPATH/Controllers/Pages.php(28): view()
 4 SYSTEMPATH/CodeIgniter.php(907): App\Controllers\Pages->view()
 5 SYSTEMPATH/CodeIgniter.php(457): CodeIgniter\CodeIgniter->runController()
 6 SYSTEMPATH/CodeIgniter.php(340): CodeIgniter\CodeIgniter->handleRequest()
 7 FCPATH/index.php(67): CodeIgniter\CodeIgniter->run()
CRITICAL - 2022-09-28 23:08:43 --> Invalid file: pages/assets.php
in SYSTEMPATH/Exceptions/FrameworkException.php on line 33.
 1 SYSTEMPATH/View/View.php(201): CodeIgniter\Exceptions\FrameworkException::forInvalidFile()
 2 SYSTEMPATH/Common.php(1142): CodeIgniter\View\View->render()
 3 APPPATH/Controllers/Pages.php(28): view()
 4 SYSTEMPATH/CodeIgniter.php(907): App\Controllers\Pages->view()
 5 SYSTEMPATH/CodeIgniter.php(457): CodeIgniter\CodeIgniter->runController()
 6 SYSTEMPATH/CodeIgniter.php(340): CodeIgniter\CodeIgniter->handleRequest()
 7 FCPATH/index.php(67): CodeIgniter\CodeIgniter->run()
CRITICAL - 2022-09-28 23:08:43 --> Invalid file: pages/assets.php
in SYSTEMPATH/Exceptions/FrameworkException.php on line 33.
 1 SYSTEMPATH/View/View.php(201): CodeIgniter\Exceptions\FrameworkException::forInvalidFile()
 2 SYSTEMPATH/Common.php(1142): CodeIgniter\View\View->render()
 3 APPPATH/Controllers/Pages.php(28): view()
 4 SYSTEMPATH/CodeIgniter.php(907): App\Controllers\Pages->view()
 5 SYSTEMPATH/CodeIgniter.php(457): CodeIgniter\CodeIgniter->runController()
 6 SYSTEMPATH/CodeIgniter.php(340): CodeIgniter\CodeIgniter->handleRequest()
 7 FCPATH/index.php(67): CodeIgniter\CodeIgniter->run()
CRITICAL - 2022-09-28 23:08:44 --> Invalid file: pages/assets.php
in SYSTEMPATH/Exceptions/FrameworkException.php on line 33.
 1 SYSTEMPATH/View/View.php(201): CodeIgniter\Exceptions\FrameworkException::forInvalidFile()
 2 SYSTEMPATH/Common.php(1142): CodeIgniter\View\View->render()
 3 APPPATH/Controllers/Pages.php(28): view()
 4 SYSTEMPATH/CodeIgniter.php(907): App\Controllers\Pages->view()
 5 SYSTEMPATH/CodeIgniter.php(457): CodeIgniter\CodeIgniter->runController()
 6 SYSTEMPATH/CodeIgniter.php(340): CodeIgniter\CodeIgniter->handleRequest()
 7 FCPATH/index.php(67): CodeIgniter\CodeIgniter->run()
CRITICAL - 2022-09-28 23:08:47 --> Invalid file: pages/assets.php
in SYSTEMPATH/Exceptions/FrameworkException.php on line 33.
 1 SYSTEMPATH/View/View.php(201): CodeIgniter\Exceptions\FrameworkException::forInvalidFile()
 2 SYSTEMPATH/Common.php(1142): CodeIgniter\View\View->render()
 3 APPPATH/Controllers/Pages.php(28): view()
 4 SYSTEMPATH/CodeIgniter.php(907): App\Controllers\Pages->view()
 5 SYSTEMPATH/CodeIgniter.php(457): CodeIgniter\CodeIgniter->runController()
 6 SYSTEMPATH/CodeIgniter.php(340): CodeIgniter\CodeIgniter->handleRequest()
 7 FCPATH/index.php(67): CodeIgniter\CodeIgniter->run()
CRITICAL - 2022-09-28 23:08:47 --> Invalid file: pages/__service-worker.js
in SYSTEMPATH/Exceptions/FrameworkException.php on line 33.
 1 SYSTEMPATH/View/View.php(201): CodeIgniter\Exceptions\FrameworkException::forInvalidFile()
 2 SYSTEMPATH/Common.php(1142): CodeIgniter\View\View->render()
 3 APPPATH/Controllers/Pages.php(28): view()
 4 SYSTEMPATH/CodeIgniter.php(907): App\Controllers\Pages->view()
 5 SYSTEMPATH/CodeIgniter.php(457): CodeIgniter\CodeIgniter->runController()
 6 SYSTEMPATH/CodeIgniter.php(340): CodeIgniter\CodeIgniter->handleRequest()
 7 FCPATH/index.php(67): CodeIgniter\CodeIgniter->run()
CRITICAL - 2022-09-28 23:08:47 --> Invalid file: pages/assets.php
in SYSTEMPATH/Exceptions/FrameworkException.php on line 33.
 1 SYSTEMPATH/View/View.php(201): CodeIgniter\Exceptions\FrameworkException::forInvalidFile()
 2 SYSTEMPATH/Common.php(1142): CodeIgniter\View\View->render()
 3 APPPATH/Controllers/Pages.php(28): view()
 4 SYSTEMPATH/CodeIgniter.php(907): App\Controllers\Pages->view()
 5 SYSTEMPATH/CodeIgniter.php(457): CodeIgniter\CodeIgniter->runController()
 6 SYSTEMPATH/CodeIgniter.php(340): CodeIgniter\CodeIgniter->handleRequest()
 7 FCPATH/index.php(67): CodeIgniter\CodeIgniter->run()
CRITICAL - 2022-09-28 23:08:47 --> Invalid file: pages/assets.php
in SYSTEMPATH/Exceptions/FrameworkException.php on line 33.
 1 SYSTEMPATH/View/View.php(201): CodeIgniter\Exceptions\FrameworkException::forInvalidFile()
 2 SYSTEMPATH/Common.php(1142): CodeIgniter\View\View->render()
 3 APPPATH/Controllers/Pages.php(28): view()
 4 SYSTEMPATH/CodeIgniter.php(907): App\Controllers\Pages->view()
 5 SYSTEMPATH/CodeIgniter.php(457): CodeIgniter\CodeIgniter->runController()
 6 SYSTEMPATH/CodeIgniter.php(340): CodeIgniter\CodeIgniter->handleRequest()
 7 FCPATH/index.php(67): CodeIgniter\CodeIgniter->run()
CRITICAL - 2022-09-28 23:08:48 --> Invalid file: pages/assets.php
in SYSTEMPATH/Exceptions/FrameworkException.php on line 33.
 1 SYSTEMPATH/View/View.php(201): CodeIgniter\Exceptions\FrameworkException::forInvalidFile()
 2 SYSTEMPATH/Common.php(1142): CodeIgniter\View\View->render()
 3 APPPATH/Controllers/Pages.php(28): view()
 4 SYSTEMPATH/CodeIgniter.php(907): App\Controllers\Pages->view()
 5 SYSTEMPATH/CodeIgniter.php(457): CodeIgniter\CodeIgniter->runController()
 6 SYSTEMPATH/CodeIgniter.php(340): CodeIgniter\CodeIgniter->handleRequest()
 7 FCPATH/index.php(67): CodeIgniter\CodeIgniter->run()
CRITICAL - 2022-09-28 23:08:48 --> Invalid file: pages/assets.php
in SYSTEMPATH/Exceptions/FrameworkException.php on line 33.
 1 SYSTEMPATH/View/View.php(201): CodeIgniter\Exceptions\FrameworkException::forInvalidFile()
 2 SYSTEMPATH/Common.php(1142): CodeIgniter\View\View->render()
 3 APPPATH/Controllers/Pages.php(28): view()
 4 SYSTEMPATH/CodeIgniter.php(907): App\Controllers\Pages->view()
 5 SYSTEMPATH/CodeIgniter.php(457): CodeIgniter\CodeIgniter->runController()
 6 SYSTEMPATH/CodeIgniter.php(340): CodeIgniter\CodeIgniter->handleRequest()
 7 FCPATH/index.php(67): CodeIgniter\CodeIgniter->run()
CRITICAL - 2022-09-28 23:08:48 --> Invalid file: pages/assets.php
in SYSTEMPATH/Exceptions/FrameworkException.php on line 33.
 1 SYSTEMPATH/View/View.php(201): CodeIgniter\Exceptions\FrameworkException::forInvalidFile()
 2 SYSTEMPATH/Common.php(1142): CodeIgniter\View\View->render()
 3 APPPATH/Controllers/Pages.php(28): view()
 4 SYSTEMPATH/CodeIgniter.php(907): App\Controllers\Pages->view()
 5 SYSTEMPATH/CodeIgniter.php(457): CodeIgniter\CodeIgniter->runController()
 6 SYSTEMPATH/CodeIgniter.php(340): CodeIgniter\CodeIgniter->handleRequest()
 7 FCPATH/index.php(67): CodeIgniter\CodeIgniter->run()
CRITICAL - 2022-09-28 23:09:23 --> Invalid file: pages/__service-worker.js
in SYSTEMPATH/Exceptions/FrameworkException.php on line 33.
 1 SYSTEMPATH/View/View.php(201): CodeIgniter\Exceptions\FrameworkException::forInvalidFile()
 2 SYSTEMPATH/Common.php(1142): CodeIgniter\View\View->render()
 3 APPPATH/Controllers/Pages.php(28): view()
 4 SYSTEMPATH/CodeIgniter.php(907): App\Controllers\Pages->view()
 5 SYSTEMPATH/CodeIgniter.php(457): CodeIgniter\CodeIgniter->runController()
 6 SYSTEMPATH/CodeIgniter.php(340): CodeIgniter\CodeIgniter->handleRequest()
 7 FCPATH/index.php(67): CodeIgniter\CodeIgniter->run()
CRITICAL - 2022-09-28 23:09:23 --> Invalid file: pages/assets.php
in SYSTEMPATH/Exceptions/FrameworkException.php on line 33.
 1 SYSTEMPATH/View/View.php(201): CodeIgniter\Exceptions\FrameworkException::forInvalidFile()
 2 SYSTEMPATH/Common.php(1142): CodeIgniter\View\View->render()
 3 APPPATH/Controllers/Pages.php(28): view()
 4 SYSTEMPATH/CodeIgniter.php(907): App\Controllers\Pages->view()
 5 SYSTEMPATH/CodeIgniter.php(457): CodeIgniter\CodeIgniter->runController()
 6 SYSTEMPATH/CodeIgniter.php(340): CodeIgniter\CodeIgniter->handleRequest()
 7 FCPATH/index.php(67): CodeIgniter\CodeIgniter->run()
CRITICAL - 2022-09-28 23:09:23 --> Invalid file: pages/assets.php
in SYSTEMPATH/Exceptions/FrameworkException.php on line 33.
 1 SYSTEMPATH/View/View.php(201): CodeIgniter\Exceptions\FrameworkException::forInvalidFile()
 2 SYSTEMPATH/Common.php(1142): CodeIgniter\View\View->render()
 3 APPPATH/Controllers/Pages.php(28): view()
 4 SYSTEMPATH/CodeIgniter.php(907): App\Controllers\Pages->view()
 5 SYSTEMPATH/CodeIgniter.php(457): CodeIgniter\CodeIgniter->runController()
 6 SYSTEMPATH/CodeIgniter.php(340): CodeIgniter\CodeIgniter->handleRequest()
 7 FCPATH/index.php(67): CodeIgniter\CodeIgniter->run()
CRITICAL - 2022-09-28 23:09:24 --> Invalid file: pages/assets.php
in SYSTEMPATH/Exceptions/FrameworkException.php on line 33.
 1 SYSTEMPATH/View/View.php(201): CodeIgniter\Exceptions\FrameworkException::forInvalidFile()
 2 SYSTEMPATH/Common.php(1142): CodeIgniter\View\View->render()
 3 APPPATH/Controllers/Pages.php(28): view()
 4 SYSTEMPATH/CodeIgniter.php(907): App\Controllers\Pages->view()
 5 SYSTEMPATH/CodeIgniter.php(457): CodeIgniter\CodeIgniter->runController()
 6 SYSTEMPATH/CodeIgniter.php(340): CodeIgniter\CodeIgniter->handleRequest()
 7 FCPATH/index.php(67): CodeIgniter\CodeIgniter->run()
CRITICAL - 2022-09-28 23:09:24 --> Invalid file: pages/assets.php
in SYSTEMPATH/Exceptions/FrameworkException.php on line 33.
 1 SYSTEMPATH/View/View.php(201): CodeIgniter\Exceptions\FrameworkException::forInvalidFile()
 2 SYSTEMPATH/Common.php(1142): CodeIgniter\View\View->render()
 3 APPPATH/Controllers/Pages.php(28): view()
 4 SYSTEMPATH/CodeIgniter.php(907): App\Controllers\Pages->view()
 5 SYSTEMPATH/CodeIgniter.php(457): CodeIgniter\CodeIgniter->runController()
 6 SYSTEMPATH/CodeIgniter.php(340): CodeIgniter\CodeIgniter->handleRequest()
 7 FCPATH/index.php(67): CodeIgniter\CodeIgniter->run()
CRITICAL - 2022-09-28 23:09:24 --> Invalid file: pages/assets.php
in SYSTEMPATH/Exceptions/FrameworkException.php on line 33.
 1 SYSTEMPATH/View/View.php(201): CodeIgniter\Exceptions\FrameworkException::forInvalidFile()
 2 SYSTEMPATH/Common.php(1142): CodeIgniter\View\View->render()
 3 APPPATH/Controllers/Pages.php(28): view()
 4 SYSTEMPATH/CodeIgniter.php(907): App\Controllers\Pages->view()
 5 SYSTEMPATH/CodeIgniter.php(457): CodeIgniter\CodeIgniter->runController()
 6 SYSTEMPATH/CodeIgniter.php(340): CodeIgniter\CodeIgniter->handleRequest()
 7 FCPATH/index.php(67): CodeIgniter\CodeIgniter->run()
CRITICAL - 2022-09-28 23:09:25 --> Invalid file: pages/assets.php
in SYSTEMPATH/Exceptions/FrameworkException.php on line 33.
 1 SYSTEMPATH/View/View.php(201): CodeIgniter\Exceptions\FrameworkException::forInvalidFile()
 2 SYSTEMPATH/Common.php(1142): CodeIgniter\View\View->render()
 3 APPPATH/Controllers/Pages.php(28): view()
 4 SYSTEMPATH/CodeIgniter.php(907): App\Controllers\Pages->view()
 5 SYSTEMPATH/CodeIgniter.php(457): CodeIgniter\CodeIgniter->runController()
 6 SYSTEMPATH/CodeIgniter.php(340): CodeIgniter\CodeIgniter->handleRequest()
 7 FCPATH/index.php(67): CodeIgniter\CodeIgniter->run()
CRITICAL - 2022-09-28 23:11:04 --> Invalid file: pages/assets.php
in SYSTEMPATH/Exceptions/FrameworkException.php on line 33.
 1 SYSTEMPATH/View/View.php(201): CodeIgniter\Exceptions\FrameworkException::forInvalidFile()
 2 SYSTEMPATH/Common.php(1142): CodeIgniter\View\View->render()
 3 APPPATH/Controllers/Pages.php(28): view()
 4 SYSTEMPATH/CodeIgniter.php(907): App\Controllers\Pages->view()
 5 SYSTEMPATH/CodeIgniter.php(457): CodeIgniter\CodeIgniter->runController()
 6 SYSTEMPATH/CodeIgniter.php(340): CodeIgniter\CodeIgniter->handleRequest()
 7 FCPATH/index.php(67): CodeIgniter\CodeIgniter->run()
CRITICAL - 2022-09-28 23:11:05 --> Invalid file: pages/__service-worker.js
in SYSTEMPATH/Exceptions/FrameworkException.php on line 33.
 1 SYSTEMPATH/View/View.php(201): CodeIgniter\Exceptions\FrameworkException::forInvalidFile()
 2 SYSTEMPATH/Common.php(1142): CodeIgniter\View\View->render()
 3 APPPATH/Controllers/Pages.php(28): view()
 4 SYSTEMPATH/CodeIgniter.php(907): App\Controllers\Pages->view()
 5 SYSTEMPATH/CodeIgniter.php(457): CodeIgniter\CodeIgniter->runController()
 6 SYSTEMPATH/CodeIgniter.php(340): CodeIgniter\CodeIgniter->handleRequest()
 7 FCPATH/index.php(67): CodeIgniter\CodeIgniter->run()
CRITICAL - 2022-09-28 23:11:05 --> Invalid file: pages/assets.php
in SYSTEMPATH/Exceptions/FrameworkException.php on line 33.
 1 SYSTEMPATH/View/View.php(201): CodeIgniter\Exceptions\FrameworkException::forInvalidFile()
 2 SYSTEMPATH/Common.php(1142): CodeIgniter\View\View->render()
 3 APPPATH/Controllers/Pages.php(28): view()
 4 SYSTEMPATH/CodeIgniter.php(907): App\Controllers\Pages->view()
 5 SYSTEMPATH/CodeIgniter.php(457): CodeIgniter\CodeIgniter->runController()
 6 SYSTEMPATH/CodeIgniter.php(340): CodeIgniter\CodeIgniter->handleRequest()
 7 FCPATH/index.php(67): CodeIgniter\CodeIgniter->run()
CRITICAL - 2022-09-28 23:11:05 --> Invalid file: pages/assets.php
in SYSTEMPATH/Exceptions/FrameworkException.php on line 33.
 1 SYSTEMPATH/View/View.php(201): CodeIgniter\Exceptions\FrameworkException::forInvalidFile()
 2 SYSTEMPATH/Common.php(1142): CodeIgniter\View\View->render()
 3 APPPATH/Controllers/Pages.php(28): view()
 4 SYSTEMPATH/CodeIgniter.php(907): App\Controllers\Pages->view()
 5 SYSTEMPATH/CodeIgniter.php(457): CodeIgniter\CodeIgniter->runController()
 6 SYSTEMPATH/CodeIgniter.php(340): CodeIgniter\CodeIgniter->handleRequest()
 7 FCPATH/index.php(67): CodeIgniter\CodeIgniter->run()
CRITICAL - 2022-09-28 23:11:05 --> Invalid file: pages/assets.php
in SYSTEMPATH/Exceptions/FrameworkException.php on line 33.
 1 SYSTEMPATH/View/View.php(201): CodeIgniter\Exceptions\FrameworkException::forInvalidFile()
 2 SYSTEMPATH/Common.php(1142): CodeIgniter\View\View->render()
 3 APPPATH/Controllers/Pages.php(28): view()
 4 SYSTEMPATH/CodeIgniter.php(907): App\Controllers\Pages->view()
 5 SYSTEMPATH/CodeIgniter.php(457): CodeIgniter\CodeIgniter->runController()
 6 SYSTEMPATH/CodeIgniter.php(340): CodeIgniter\CodeIgniter->handleRequest()
 7 FCPATH/index.php(67): CodeIgniter\CodeIgniter->run()
CRITICAL - 2022-09-28 23:11:06 --> Invalid file: pages/assets.php
in SYSTEMPATH/Exceptions/FrameworkException.php on line 33.
 1 SYSTEMPATH/View/View.php(201): CodeIgniter\Exceptions\FrameworkException::forInvalidFile()
 2 SYSTEMPATH/Common.php(1142): CodeIgniter\View\View->render()
 3 APPPATH/Controllers/Pages.php(28): view()
 4 SYSTEMPATH/CodeIgniter.php(907): App\Controllers\Pages->view()
 5 SYSTEMPATH/CodeIgniter.php(457): CodeIgniter\CodeIgniter->runController()
 6 SYSTEMPATH/CodeIgniter.php(340): CodeIgniter\CodeIgniter->handleRequest()
 7 FCPATH/index.php(67): CodeIgniter\CodeIgniter->run()
CRITICAL - 2022-09-28 23:11:06 --> Invalid file: pages/assets.php
in SYSTEMPATH/Exceptions/FrameworkException.php on line 33.
 1 SYSTEMPATH/View/View.php(201): CodeIgniter\Exceptions\FrameworkException::forInvalidFile()
 2 SYSTEMPATH/Common.php(1142): CodeIgniter\View\View->render()
 3 APPPATH/Controllers/Pages.php(28): view()
 4 SYSTEMPATH/CodeIgniter.php(907): App\Controllers\Pages->view()
 5 SYSTEMPATH/CodeIgniter.php(457): CodeIgniter\CodeIgniter->runController()
 6 SYSTEMPATH/CodeIgniter.php(340): CodeIgniter\CodeIgniter->handleRequest()
 7 FCPATH/index.php(67): CodeIgniter\CodeIgniter->run()
CRITICAL - 2022-09-28 23:11:08 --> Invalid file: pages/__service-worker.js
in SYSTEMPATH/Exceptions/FrameworkException.php on line 33.
 1 SYSTEMPATH/View/View.php(201): CodeIgniter\Exceptions\FrameworkException::forInvalidFile()
 2 SYSTEMPATH/Common.php(1142): CodeIgniter\View\View->render()
 3 APPPATH/Controllers/Pages.php(28): view()
 4 SYSTEMPATH/CodeIgniter.php(907): App\Controllers\Pages->view()
 5 SYSTEMPATH/CodeIgniter.php(457): CodeIgniter\CodeIgniter->runController()
 6 SYSTEMPATH/CodeIgniter.php(340): CodeIgniter\CodeIgniter->handleRequest()
 7 FCPATH/index.php(67): CodeIgniter\CodeIgniter->run()
CRITICAL - 2022-09-28 23:11:08 --> Invalid file: pages/assets.php
in SYSTEMPATH/Exceptions/FrameworkException.php on line 33.
 1 SYSTEMPATH/View/View.php(201): CodeIgniter\Exceptions\FrameworkException::forInvalidFile()
 2 SYSTEMPATH/Common.php(1142): CodeIgniter\View\View->render()
 3 APPPATH/Controllers/Pages.php(28): view()
 4 SYSTEMPATH/CodeIgniter.php(907): App\Controllers\Pages->view()
 5 SYSTEMPATH/CodeIgniter.php(457): CodeIgniter\CodeIgniter->runController()
 6 SYSTEMPATH/CodeIgniter.php(340): CodeIgniter\CodeIgniter->handleRequest()
 7 FCPATH/index.php(67): CodeIgniter\CodeIgniter->run()
CRITICAL - 2022-09-28 23:11:09 --> Invalid file: pages/assets.php
in SYSTEMPATH/Exceptions/FrameworkException.php on line 33.
 1 SYSTEMPATH/View/View.php(201): CodeIgniter\Exceptions\FrameworkException::forInvalidFile()
 2 SYSTEMPATH/Common.php(1142): CodeIgniter\View\View->render()
 3 APPPATH/Controllers/Pages.php(28): view()
 4 SYSTEMPATH/CodeIgniter.php(907): App\Controllers\Pages->view()
 5 SYSTEMPATH/CodeIgniter.php(457): CodeIgniter\CodeIgniter->runController()
 6 SYSTEMPATH/CodeIgniter.php(340): CodeIgniter\CodeIgniter->handleRequest()
 7 FCPATH/index.php(67): CodeIgniter\CodeIgniter->run()
CRITICAL - 2022-09-28 23:11:09 --> Invalid file: pages/assets.php
in SYSTEMPATH/Exceptions/FrameworkException.php on line 33.
 1 SYSTEMPATH/View/View.php(201): CodeIgniter\Exceptions\FrameworkException::forInvalidFile()
 2 SYSTEMPATH/Common.php(1142): CodeIgniter\View\View->render()
 3 APPPATH/Controllers/Pages.php(28): view()
 4 SYSTEMPATH/CodeIgniter.php(907): App\Controllers\Pages->view()
 5 SYSTEMPATH/CodeIgniter.php(457): CodeIgniter\CodeIgniter->runController()
 6 SYSTEMPATH/CodeIgniter.php(340): CodeIgniter\CodeIgniter->handleRequest()
 7 FCPATH/index.php(67): CodeIgniter\CodeIgniter->run()
CRITICAL - 2022-09-28 23:11:09 --> Invalid file: pages/assets.php
in SYSTEMPATH/Exceptions/FrameworkException.php on line 33.
 1 SYSTEMPATH/View/View.php(201): CodeIgniter\Exceptions\FrameworkException::forInvalidFile()
 2 SYSTEMPATH/Common.php(1142): CodeIgniter\View\View->render()
 3 APPPATH/Controllers/Pages.php(28): view()
 4 SYSTEMPATH/CodeIgniter.php(907): App\Controllers\Pages->view()
 5 SYSTEMPATH/CodeIgniter.php(457): CodeIgniter\CodeIgniter->runController()
 6 SYSTEMPATH/CodeIgniter.php(340): CodeIgniter\CodeIgniter->handleRequest()
 7 FCPATH/index.php(67): CodeIgniter\CodeIgniter->run()
CRITICAL - 2022-09-28 23:11:09 --> Invalid file: pages/assets.php
in SYSTEMPATH/Exceptions/FrameworkException.php on line 33.
 1 SYSTEMPATH/View/View.php(201): CodeIgniter\Exceptions\FrameworkException::forInvalidFile()
 2 SYSTEMPATH/Common.php(1142): CodeIgniter\View\View->render()
 3 APPPATH/Controllers/Pages.php(28): view()
 4 SYSTEMPATH/CodeIgniter.php(907): App\Controllers\Pages->view()
 5 SYSTEMPATH/CodeIgniter.php(457): CodeIgniter\CodeIgniter->runController()
 6 SYSTEMPATH/CodeIgniter.php(340): CodeIgniter\CodeIgniter->handleRequest()
 7 FCPATH/index.php(67): CodeIgniter\CodeIgniter->run()
CRITICAL - 2022-09-28 23:11:10 --> Invalid file: pages/assets.php
in SYSTEMPATH/Exceptions/FrameworkException.php on line 33.
 1 SYSTEMPATH/View/View.php(201): CodeIgniter\Exceptions\FrameworkException::forInvalidFile()
 2 SYSTEMPATH/Common.php(1142): CodeIgniter\View\View->render()
 3 APPPATH/Controllers/Pages.php(28): view()
 4 SYSTEMPATH/CodeIgniter.php(907): App\Controllers\Pages->view()
 5 SYSTEMPATH/CodeIgniter.php(457): CodeIgniter\CodeIgniter->runController()
 6 SYSTEMPATH/CodeIgniter.php(340): CodeIgniter\CodeIgniter->handleRequest()
 7 FCPATH/index.php(67): CodeIgniter\CodeIgniter->run()
CRITICAL - 2022-09-28 23:18:01 --> Invalid file: pages/__service-worker.js
in SYSTEMPATH/Exceptions/FrameworkException.php on line 33.
 1 SYSTEMPATH/View/View.php(201): CodeIgniter\Exceptions\FrameworkException::forInvalidFile()
 2 SYSTEMPATH/Common.php(1142): CodeIgniter\View\View->render()
 3 APPPATH/Controllers/Pages.php(28): view()
 4 SYSTEMPATH/CodeIgniter.php(907): App\Controllers\Pages->view()
 5 SYSTEMPATH/CodeIgniter.php(457): CodeIgniter\CodeIgniter->runController()
 6 SYSTEMPATH/CodeIgniter.php(340): CodeIgniter\CodeIgniter->handleRequest()
 7 FCPATH/index.php(67): CodeIgniter\CodeIgniter->run()
CRITICAL - 2022-09-28 23:18:01 --> Invalid file: pages/assets.php
in SYSTEMPATH/Exceptions/FrameworkException.php on line 33.
 1 SYSTEMPATH/View/View.php(201): CodeIgniter\Exceptions\FrameworkException::forInvalidFile()
 2 SYSTEMPATH/Common.php(1142): CodeIgniter\View\View->render()
 3 APPPATH/Controllers/Pages.php(28): view()
 4 SYSTEMPATH/CodeIgniter.php(907): App\Controllers\Pages->view()
 5 SYSTEMPATH/CodeIgniter.php(457): CodeIgniter\CodeIgniter->runController()
 6 SYSTEMPATH/CodeIgniter.php(340): CodeIgniter\CodeIgniter->handleRequest()
 7 FCPATH/index.php(67): CodeIgniter\CodeIgniter->run()
CRITICAL - 2022-09-28 23:18:01 --> Invalid file: pages/assets.php
in SYSTEMPATH/Exceptions/FrameworkException.php on line 33.
 1 SYSTEMPATH/View/View.php(201): CodeIgniter\Exceptions\FrameworkException::forInvalidFile()
 2 SYSTEMPATH/Common.php(1142): CodeIgniter\View\View->render()
 3 APPPATH/Controllers/Pages.php(28): view()
 4 SYSTEMPATH/CodeIgniter.php(907): App\Controllers\Pages->view()
 5 SYSTEMPATH/CodeIgniter.php(457): CodeIgniter\CodeIgniter->runController()
 6 SYSTEMPATH/CodeIgniter.php(340): CodeIgniter\CodeIgniter->handleRequest()
 7 FCPATH/index.php(67): CodeIgniter\CodeIgniter->run()
CRITICAL - 2022-09-28 23:18:02 --> Invalid file: pages/assets.php
in SYSTEMPATH/Exceptions/FrameworkException.php on line 33.
 1 SYSTEMPATH/View/View.php(201): CodeIgniter\Exceptions\FrameworkException::forInvalidFile()
 2 SYSTEMPATH/Common.php(1142): CodeIgniter\View\View->render()
 3 APPPATH/Controllers/Pages.php(28): view()
 4 SYSTEMPATH/CodeIgniter.php(907): App\Controllers\Pages->view()
 5 SYSTEMPATH/CodeIgniter.php(457): CodeIgniter\CodeIgniter->runController()
 6 SYSTEMPATH/CodeIgniter.php(340): CodeIgniter\CodeIgniter->handleRequest()
 7 FCPATH/index.php(67): CodeIgniter\CodeIgniter->run()
CRITICAL - 2022-09-28 23:18:02 --> Invalid file: pages/assets.php
in SYSTEMPATH/Exceptions/FrameworkException.php on line 33.
 1 SYSTEMPATH/View/View.php(201): CodeIgniter\Exceptions\FrameworkException::forInvalidFile()
 2 SYSTEMPATH/Common.php(1142): CodeIgniter\View\View->render()
 3 APPPATH/Controllers/Pages.php(28): view()
 4 SYSTEMPATH/CodeIgniter.php(907): App\Controllers\Pages->view()
 5 SYSTEMPATH/CodeIgniter.php(457): CodeIgniter\CodeIgniter->runController()
 6 SYSTEMPATH/CodeIgniter.php(340): CodeIgniter\CodeIgniter->handleRequest()
 7 FCPATH/index.php(67): CodeIgniter\CodeIgniter->run()
CRITICAL - 2022-09-28 23:18:02 --> Invalid file: pages/assets.php
in SYSTEMPATH/Exceptions/FrameworkException.php on line 33.
 1 SYSTEMPATH/View/View.php(201): CodeIgniter\Exceptions\FrameworkException::forInvalidFile()
 2 SYSTEMPATH/Common.php(1142): CodeIgniter\View\View->render()
 3 APPPATH/Controllers/Pages.php(28): view()
 4 SYSTEMPATH/CodeIgniter.php(907): App\Controllers\Pages->view()
 5 SYSTEMPATH/CodeIgniter.php(457): CodeIgniter\CodeIgniter->runController()
 6 SYSTEMPATH/CodeIgniter.php(340): CodeIgniter\CodeIgniter->handleRequest()
 7 FCPATH/index.php(67): CodeIgniter\CodeIgniter->run()
CRITICAL - 2022-09-28 23:18:03 --> Invalid file: pages/assets.php
in SYSTEMPATH/Exceptions/FrameworkException.php on line 33.
 1 SYSTEMPATH/View/View.php(201): CodeIgniter\Exceptions\FrameworkException::forInvalidFile()
 2 SYSTEMPATH/Common.php(1142): CodeIgniter\View\View->render()
 3 APPPATH/Controllers/Pages.php(28): view()
 4 SYSTEMPATH/CodeIgniter.php(907): App\Controllers\Pages->view()
 5 SYSTEMPATH/CodeIgniter.php(457): CodeIgniter\CodeIgniter->runController()
 6 SYSTEMPATH/CodeIgniter.php(340): CodeIgniter\CodeIgniter->handleRequest()
 7 FCPATH/index.php(67): CodeIgniter\CodeIgniter->run()
CRITICAL - 2022-09-28 23:18:05 --> Invalid file: pages/__service-worker.js
in SYSTEMPATH/Exceptions/FrameworkException.php on line 33.
 1 SYSTEMPATH/View/View.php(201): CodeIgniter\Exceptions\FrameworkException::forInvalidFile()
 2 SYSTEMPATH/Common.php(1142): CodeIgniter\View\View->render()
 3 APPPATH/Controllers/Pages.php(28): view()
 4 SYSTEMPATH/CodeIgniter.php(907): App\Controllers\Pages->view()
 5 SYSTEMPATH/CodeIgniter.php(457): CodeIgniter\CodeIgniter->runController()
 6 SYSTEMPATH/CodeIgniter.php(340): CodeIgniter\CodeIgniter->handleRequest()
 7 FCPATH/index.php(67): CodeIgniter\CodeIgniter->run()
CRITICAL - 2022-09-28 23:18:05 --> Invalid file: pages/assets.php
in SYSTEMPATH/Exceptions/FrameworkException.php on line 33.
 1 SYSTEMPATH/View/View.php(201): CodeIgniter\Exceptions\FrameworkException::forInvalidFile()
 2 SYSTEMPATH/Common.php(1142): CodeIgniter\View\View->render()
 3 APPPATH/Controllers/Pages.php(28): view()
 4 SYSTEMPATH/CodeIgniter.php(907): App\Controllers\Pages->view()
 5 SYSTEMPATH/CodeIgniter.php(457): CodeIgniter\CodeIgniter->runController()
 6 SYSTEMPATH/CodeIgniter.php(340): CodeIgniter\CodeIgniter->handleRequest()
 7 FCPATH/index.php(67): CodeIgniter\CodeIgniter->run()
CRITICAL - 2022-09-28 23:18:05 --> Invalid file: pages/assets.php
in SYSTEMPATH/Exceptions/FrameworkException.php on line 33.
 1 SYSTEMPATH/View/View.php(201): CodeIgniter\Exceptions\FrameworkException::forInvalidFile()
 2 SYSTEMPATH/Common.php(1142): CodeIgniter\View\View->render()
 3 APPPATH/Controllers/Pages.php(28): view()
 4 SYSTEMPATH/CodeIgniter.php(907): App\Controllers\Pages->view()
 5 SYSTEMPATH/CodeIgniter.php(457): CodeIgniter\CodeIgniter->runController()
 6 SYSTEMPATH/CodeIgniter.php(340): CodeIgniter\CodeIgniter->handleRequest()
 7 FCPATH/index.php(67): CodeIgniter\CodeIgniter->run()
CRITICAL - 2022-09-28 23:18:05 --> Invalid file: pages/assets.php
in SYSTEMPATH/Exceptions/FrameworkException.php on line 33.
 1 SYSTEMPATH/View/View.php(201): CodeIgniter\Exceptions\FrameworkException::forInvalidFile()
 2 SYSTEMPATH/Common.php(1142): CodeIgniter\View\View->render()
 3 APPPATH/Controllers/Pages.php(28): view()
 4 SYSTEMPATH/CodeIgniter.php(907): App\Controllers\Pages->view()
 5 SYSTEMPATH/CodeIgniter.php(457): CodeIgniter\CodeIgniter->runController()
 6 SYSTEMPATH/CodeIgniter.php(340): CodeIgniter\CodeIgniter->handleRequest()
 7 FCPATH/index.php(67): CodeIgniter\CodeIgniter->run()
CRITICAL - 2022-09-28 23:18:06 --> Invalid file: pages/assets.php
in SYSTEMPATH/Exceptions/FrameworkException.php on line 33.
 1 SYSTEMPATH/View/View.php(201): CodeIgniter\Exceptions\FrameworkException::forInvalidFile()
 2 SYSTEMPATH/Common.php(1142): CodeIgniter\View\View->render()
 3 APPPATH/Controllers/Pages.php(28): view()
 4 SYSTEMPATH/CodeIgniter.php(907): App\Controllers\Pages->view()
 5 SYSTEMPATH/CodeIgniter.php(457): CodeIgniter\CodeIgniter->runController()
 6 SYSTEMPATH/CodeIgniter.php(340): CodeIgniter\CodeIgniter->handleRequest()
 7 FCPATH/index.php(67): CodeIgniter\CodeIgniter->run()
CRITICAL - 2022-09-28 23:18:06 --> Invalid file: pages/assets.php
in SYSTEMPATH/Exceptions/FrameworkException.php on line 33.
 1 SYSTEMPATH/View/View.php(201): CodeIgniter\Exceptions\FrameworkException::forInvalidFile()
 2 SYSTEMPATH/Common.php(1142): CodeIgniter\View\View->render()
 3 APPPATH/Controllers/Pages.php(28): view()
 4 SYSTEMPATH/CodeIgniter.php(907): App\Controllers\Pages->view()
 5 SYSTEMPATH/CodeIgniter.php(457): CodeIgniter\CodeIgniter->runController()
 6 SYSTEMPATH/CodeIgniter.php(340): CodeIgniter\CodeIgniter->handleRequest()
 7 FCPATH/index.php(67): CodeIgniter\CodeIgniter->run()
CRITICAL - 2022-09-28 23:18:06 --> Invalid file: pages/assets.php
in SYSTEMPATH/Exceptions/FrameworkException.php on line 33.
 1 SYSTEMPATH/View/View.php(201): CodeIgniter\Exceptions\FrameworkException::forInvalidFile()
 2 SYSTEMPATH/Common.php(1142): CodeIgniter\View\View->render()
 3 APPPATH/Controllers/Pages.php(28): view()
 4 SYSTEMPATH/CodeIgniter.php(907): App\Controllers\Pages->view()
 5 SYSTEMPATH/CodeIgniter.php(457): CodeIgniter\CodeIgniter->runController()
 6 SYSTEMPATH/CodeIgniter.php(340): CodeIgniter\CodeIgniter->handleRequest()
 7 FCPATH/index.php(67): CodeIgniter\CodeIgniter->run()
CRITICAL - 2022-09-28 23:21:16 --> Invalid file: pages/assets.php
in SYSTEMPATH/Exceptions/FrameworkException.php on line 33.
 1 SYSTEMPATH/View/View.php(201): CodeIgniter\Exceptions\FrameworkException::forInvalidFile()
 2 SYSTEMPATH/Common.php(1142): CodeIgniter\View\View->render()
 3 APPPATH/Controllers/Pages.php(28): view()
 4 SYSTEMPATH/CodeIgniter.php(907): App\Controllers\Pages->view()
 5 SYSTEMPATH/CodeIgniter.php(457): CodeIgniter\CodeIgniter->runController()
 6 SYSTEMPATH/CodeIgniter.php(340): CodeIgniter\CodeIgniter->handleRequest()
 7 FCPATH/index.php(67): CodeIgniter\CodeIgniter->run()
CRITICAL - 2022-09-28 23:21:16 --> Invalid file: pages/__service-worker.js
in SYSTEMPATH/Exceptions/FrameworkException.php on line 33.
 1 SYSTEMPATH/View/View.php(201): CodeIgniter\Exceptions\FrameworkException::forInvalidFile()
 2 SYSTEMPATH/Common.php(1142): CodeIgniter\View\View->render()
 3 APPPATH/Controllers/Pages.php(28): view()
 4 SYSTEMPATH/CodeIgniter.php(907): App\Controllers\Pages->view()
 5 SYSTEMPATH/CodeIgniter.php(457): CodeIgniter\CodeIgniter->runController()
 6 SYSTEMPATH/CodeIgniter.php(340): CodeIgniter\CodeIgniter->handleRequest()
 7 FCPATH/index.php(67): CodeIgniter\CodeIgniter->run()
CRITICAL - 2022-09-28 23:21:17 --> Invalid file: pages/assets.php
in SYSTEMPATH/Exceptions/FrameworkException.php on line 33.
 1 SYSTEMPATH/View/View.php(201): CodeIgniter\Exceptions\FrameworkException::forInvalidFile()
 2 SYSTEMPATH/Common.php(1142): CodeIgniter\View\View->render()
 3 APPPATH/Controllers/Pages.php(28): view()
 4 SYSTEMPATH/CodeIgniter.php(907): App\Controllers\Pages->view()
 5 SYSTEMPATH/CodeIgniter.php(457): CodeIgniter\CodeIgniter->runController()
 6 SYSTEMPATH/CodeIgniter.php(340): CodeIgniter\CodeIgniter->handleRequest()
 7 FCPATH/index.php(67): CodeIgniter\CodeIgniter->run()
CRITICAL - 2022-09-28 23:21:17 --> Invalid file: pages/assets.php
in SYSTEMPATH/Exceptions/FrameworkException.php on line 33.
 1 SYSTEMPATH/View/View.php(201): CodeIgniter\Exceptions\FrameworkException::forInvalidFile()
 2 SYSTEMPATH/Common.php(1142): CodeIgniter\View\View->render()
 3 APPPATH/Controllers/Pages.php(28): view()
 4 SYSTEMPATH/CodeIgniter.php(907): App\Controllers\Pages->view()
 5 SYSTEMPATH/CodeIgniter.php(457): CodeIgniter\CodeIgniter->runController()
 6 SYSTEMPATH/CodeIgniter.php(340): CodeIgniter\CodeIgniter->handleRequest()
 7 FCPATH/index.php(67): CodeIgniter\CodeIgniter->run()
CRITICAL - 2022-09-28 23:21:18 --> Invalid file: pages/assets.php
in SYSTEMPATH/Exceptions/FrameworkException.php on line 33.
 1 SYSTEMPATH/View/View.php(201): CodeIgniter\Exceptions\FrameworkException::forInvalidFile()
 2 SYSTEMPATH/Common.php(1142): CodeIgniter\View\View->render()
 3 APPPATH/Controllers/Pages.php(28): view()
 4 SYSTEMPATH/CodeIgniter.php(907): App\Controllers\Pages->view()
 5 SYSTEMPATH/CodeIgniter.php(457): CodeIgniter\CodeIgniter->runController()
 6 SYSTEMPATH/CodeIgniter.php(340): CodeIgniter\CodeIgniter->handleRequest()
 7 FCPATH/index.php(67): CodeIgniter\CodeIgniter->run()
CRITICAL - 2022-09-28 23:21:18 --> Invalid file: pages/assets.php
in SYSTEMPATH/Exceptions/FrameworkException.php on line 33.
 1 SYSTEMPATH/View/View.php(201): CodeIgniter\Exceptions\FrameworkException::forInvalidFile()
 2 SYSTEMPATH/Common.php(1142): CodeIgniter\View\View->render()
 3 APPPATH/Controllers/Pages.php(28): view()
 4 SYSTEMPATH/CodeIgniter.php(907): App\Controllers\Pages->view()
 5 SYSTEMPATH/CodeIgniter.php(457): CodeIgniter\CodeIgniter->runController()
 6 SYSTEMPATH/CodeIgniter.php(340): CodeIgniter\CodeIgniter->handleRequest()
 7 FCPATH/index.php(67): CodeIgniter\CodeIgniter->run()
CRITICAL - 2022-09-28 23:21:18 --> Invalid file: pages/assets.php
in SYSTEMPATH/Exceptions/FrameworkException.php on line 33.
 1 SYSTEMPATH/View/View.php(201): CodeIgniter\Exceptions\FrameworkException::forInvalidFile()
 2 SYSTEMPATH/Common.php(1142): CodeIgniter\View\View->render()
 3 APPPATH/Controllers/Pages.php(28): view()
 4 SYSTEMPATH/CodeIgniter.php(907): App\Controllers\Pages->view()
 5 SYSTEMPATH/CodeIgniter.php(457): CodeIgniter\CodeIgniter->runController()
 6 SYSTEMPATH/CodeIgniter.php(340): CodeIgniter\CodeIgniter->handleRequest()
 7 FCPATH/index.php(67): CodeIgniter\CodeIgniter->run()
CRITICAL - 2022-09-28 23:21:20 --> Invalid file: pages/__service-worker.js
in SYSTEMPATH/Exceptions/FrameworkException.php on line 33.
 1 SYSTEMPATH/View/View.php(201): CodeIgniter\Exceptions\FrameworkException::forInvalidFile()
 2 SYSTEMPATH/Common.php(1142): CodeIgniter\View\View->render()
 3 APPPATH/Controllers/Pages.php(28): view()
 4 SYSTEMPATH/CodeIgniter.php(907): App\Controllers\Pages->view()
 5 SYSTEMPATH/CodeIgniter.php(457): CodeIgniter\CodeIgniter->runController()
 6 SYSTEMPATH/CodeIgniter.php(340): CodeIgniter\CodeIgniter->handleRequest()
 7 FCPATH/index.php(67): CodeIgniter\CodeIgniter->run()
CRITICAL - 2022-09-28 23:21:20 --> Invalid file: pages/assets.php
in SYSTEMPATH/Exceptions/FrameworkException.php on line 33.
 1 SYSTEMPATH/View/View.php(201): CodeIgniter\Exceptions\FrameworkException::forInvalidFile()
 2 SYSTEMPATH/Common.php(1142): CodeIgniter\View\View->render()
 3 APPPATH/Controllers/Pages.php(28): view()
 4 SYSTEMPATH/CodeIgniter.php(907): App\Controllers\Pages->view()
 5 SYSTEMPATH/CodeIgniter.php(457): CodeIgniter\CodeIgniter->runController()
 6 SYSTEMPATH/CodeIgniter.php(340): CodeIgniter\CodeIgniter->handleRequest()
 7 FCPATH/index.php(67): CodeIgniter\CodeIgniter->run()
CRITICAL - 2022-09-28 23:21:20 --> Invalid file: pages/assets.php
in SYSTEMPATH/Exceptions/FrameworkException.php on line 33.
 1 SYSTEMPATH/View/View.php(201): CodeIgniter\Exceptions\FrameworkException::forInvalidFile()
 2 SYSTEMPATH/Common.php(1142): CodeIgniter\View\View->render()
 3 APPPATH/Controllers/Pages.php(28): view()
 4 SYSTEMPATH/CodeIgniter.php(907): App\Controllers\Pages->view()
 5 SYSTEMPATH/CodeIgniter.php(457): CodeIgniter\CodeIgniter->runController()
 6 SYSTEMPATH/CodeIgniter.php(340): CodeIgniter\CodeIgniter->handleRequest()
 7 FCPATH/index.php(67): CodeIgniter\CodeIgniter->run()
CRITICAL - 2022-09-28 23:21:20 --> Invalid file: pages/assets.php
in SYSTEMPATH/Exceptions/FrameworkException.php on line 33.
 1 SYSTEMPATH/View/View.php(201): CodeIgniter\Exceptions\FrameworkException::forInvalidFile()
 2 SYSTEMPATH/Common.php(1142): CodeIgniter\View\View->render()
 3 APPPATH/Controllers/Pages.php(28): view()
 4 SYSTEMPATH/CodeIgniter.php(907): App\Controllers\Pages->view()
 5 SYSTEMPATH/CodeIgniter.php(457): CodeIgniter\CodeIgniter->runController()
 6 SYSTEMPATH/CodeIgniter.php(340): CodeIgniter\CodeIgniter->handleRequest()
 7 FCPATH/index.php(67): CodeIgniter\CodeIgniter->run()
CRITICAL - 2022-09-28 23:21:20 --> Invalid file: pages/assets.php
in SYSTEMPATH/Exceptions/FrameworkException.php on line 33.
 1 SYSTEMPATH/View/View.php(201): CodeIgniter\Exceptions\FrameworkException::forInvalidFile()
 2 SYSTEMPATH/Common.php(1142): CodeIgniter\View\View->render()
 3 APPPATH/Controllers/Pages.php(28): view()
 4 SYSTEMPATH/CodeIgniter.php(907): App\Controllers\Pages->view()
 5 SYSTEMPATH/CodeIgniter.php(457): CodeIgniter\CodeIgniter->runController()
 6 SYSTEMPATH/CodeIgniter.php(340): CodeIgniter\CodeIgniter->handleRequest()
 7 FCPATH/index.php(67): CodeIgniter\CodeIgniter->run()
CRITICAL - 2022-09-28 23:21:20 --> Invalid file: pages/assets.php
in SYSTEMPATH/Exceptions/FrameworkException.php on line 33.
 1 SYSTEMPATH/View/View.php(201): CodeIgniter\Exceptions\FrameworkException::forInvalidFile()
 2 SYSTEMPATH/Common.php(1142): CodeIgniter\View\View->render()
 3 APPPATH/Controllers/Pages.php(28): view()
 4 SYSTEMPATH/CodeIgniter.php(907): App\Controllers\Pages->view()
 5 SYSTEMPATH/CodeIgniter.php(457): CodeIgniter\CodeIgniter->runController()
 6 SYSTEMPATH/CodeIgniter.php(340): CodeIgniter\CodeIgniter->handleRequest()
 7 FCPATH/index.php(67): CodeIgniter\CodeIgniter->run()
CRITICAL - 2022-09-28 23:21:20 --> Invalid file: pages/assets.php
in SYSTEMPATH/Exceptions/FrameworkException.php on line 33.
 1 SYSTEMPATH/View/View.php(201): CodeIgniter\Exceptions\FrameworkException::forInvalidFile()
 2 SYSTEMPATH/Common.php(1142): CodeIgniter\View\View->render()
 3 APPPATH/Controllers/Pages.php(28): view()
 4 SYSTEMPATH/CodeIgniter.php(907): App\Controllers\Pages->view()
 5 SYSTEMPATH/CodeIgniter.php(457): CodeIgniter\CodeIgniter->runController()
 6 SYSTEMPATH/CodeIgniter.php(340): CodeIgniter\CodeIgniter->handleRequest()
 7 FCPATH/index.php(67): CodeIgniter\CodeIgniter->run()
CRITICAL - 2022-09-28 23:21:43 --> Invalid file: pages/assets.php
in SYSTEMPATH/Exceptions/FrameworkException.php on line 33.
 1 SYSTEMPATH/View/View.php(201): CodeIgniter\Exceptions\FrameworkException::forInvalidFile()
 2 SYSTEMPATH/Common.php(1142): CodeIgniter\View\View->render()
 3 APPPATH/Controllers/Pages.php(28): view()
 4 SYSTEMPATH/CodeIgniter.php(907): App\Controllers\Pages->view()
 5 SYSTEMPATH/CodeIgniter.php(457): CodeIgniter\CodeIgniter->runController()
 6 SYSTEMPATH/CodeIgniter.php(340): CodeIgniter\CodeIgniter->handleRequest()
 7 FCPATH/index.php(67): CodeIgniter\CodeIgniter->run()
CRITICAL - 2022-09-28 23:21:43 --> Invalid file: pages/__service-worker.js
in SYSTEMPATH/Exceptions/FrameworkException.php on line 33.
 1 SYSTEMPATH/View/View.php(201): CodeIgniter\Exceptions\FrameworkException::forInvalidFile()
 2 SYSTEMPATH/Common.php(1142): CodeIgniter\View\View->render()
 3 APPPATH/Controllers/Pages.php(28): view()
 4 SYSTEMPATH/CodeIgniter.php(907): App\Controllers\Pages->view()
 5 SYSTEMPATH/CodeIgniter.php(457): CodeIgniter\CodeIgniter->runController()
 6 SYSTEMPATH/CodeIgniter.php(340): CodeIgniter\CodeIgniter->handleRequest()
 7 FCPATH/index.php(67): CodeIgniter\CodeIgniter->run()
CRITICAL - 2022-09-28 23:21:44 --> Invalid file: pages/assets.php
in SYSTEMPATH/Exceptions/FrameworkException.php on line 33.
 1 SYSTEMPATH/View/View.php(201): CodeIgniter\Exceptions\FrameworkException::forInvalidFile()
 2 SYSTEMPATH/Common.php(1142): CodeIgniter\View\View->render()
 3 APPPATH/Controllers/Pages.php(28): view()
 4 SYSTEMPATH/CodeIgniter.php(907): App\Controllers\Pages->view()
 5 SYSTEMPATH/CodeIgniter.php(457): CodeIgniter\CodeIgniter->runController()
 6 SYSTEMPATH/CodeIgniter.php(340): CodeIgniter\CodeIgniter->handleRequest()
 7 FCPATH/index.php(67): CodeIgniter\CodeIgniter->run()
CRITICAL - 2022-09-28 23:21:44 --> Invalid file: pages/assets.php
in SYSTEMPATH/Exceptions/FrameworkException.php on line 33.
 1 SYSTEMPATH/View/View.php(201): CodeIgniter\Exceptions\FrameworkException::forInvalidFile()
 2 SYSTEMPATH/Common.php(1142): CodeIgniter\View\View->render()
 3 APPPATH/Controllers/Pages.php(28): view()
 4 SYSTEMPATH/CodeIgniter.php(907): App\Controllers\Pages->view()
 5 SYSTEMPATH/CodeIgniter.php(457): CodeIgniter\CodeIgniter->runController()
 6 SYSTEMPATH/CodeIgniter.php(340): CodeIgniter\CodeIgniter->handleRequest()
 7 FCPATH/index.php(67): CodeIgniter\CodeIgniter->run()
CRITICAL - 2022-09-28 23:21:44 --> Invalid file: pages/assets.php
in SYSTEMPATH/Exceptions/FrameworkException.php on line 33.
 1 SYSTEMPATH/View/View.php(201): CodeIgniter\Exceptions\FrameworkException::forInvalidFile()
 2 SYSTEMPATH/Common.php(1142): CodeIgniter\View\View->render()
 3 APPPATH/Controllers/Pages.php(28): view()
 4 SYSTEMPATH/CodeIgniter.php(907): App\Controllers\Pages->view()
 5 SYSTEMPATH/CodeIgniter.php(457): CodeIgniter\CodeIgniter->runController()
 6 SYSTEMPATH/CodeIgniter.php(340): CodeIgniter\CodeIgniter->handleRequest()
 7 FCPATH/index.php(67): CodeIgniter\CodeIgniter->run()
CRITICAL - 2022-09-28 23:21:44 --> Invalid file: pages/assets.php
in SYSTEMPATH/Exceptions/FrameworkException.php on line 33.
 1 SYSTEMPATH/View/View.php(201): CodeIgniter\Exceptions\FrameworkException::forInvalidFile()
 2 SYSTEMPATH/Common.php(1142): CodeIgniter\View\View->render()
 3 APPPATH/Controllers/Pages.php(28): view()
 4 SYSTEMPATH/CodeIgniter.php(907): App\Controllers\Pages->view()
 5 SYSTEMPATH/CodeIgniter.php(457): CodeIgniter\CodeIgniter->runController()
 6 SYSTEMPATH/CodeIgniter.php(340): CodeIgniter\CodeIgniter->handleRequest()
 7 FCPATH/index.php(67): CodeIgniter\CodeIgniter->run()
CRITICAL - 2022-09-28 23:21:45 --> Invalid file: pages/assets.php
in SYSTEMPATH/Exceptions/FrameworkException.php on line 33.
 1 SYSTEMPATH/View/View.php(201): CodeIgniter\Exceptions\FrameworkException::forInvalidFile()
 2 SYSTEMPATH/Common.php(1142): CodeIgniter\View\View->render()
 3 APPPATH/Controllers/Pages.php(28): view()
 4 SYSTEMPATH/CodeIgniter.php(907): App\Controllers\Pages->view()
 5 SYSTEMPATH/CodeIgniter.php(457): CodeIgniter\CodeIgniter->runController()
 6 SYSTEMPATH/CodeIgniter.php(340): CodeIgniter\CodeIgniter->handleRequest()
 7 FCPATH/index.php(67): CodeIgniter\CodeIgniter->run()
CRITICAL - 2022-09-28 23:21:46 --> Invalid file: pages/assets.php
in SYSTEMPATH/Exceptions/FrameworkException.php on line 33.
 1 SYSTEMPATH/View/View.php(201): CodeIgniter\Exceptions\FrameworkException::forInvalidFile()
 2 SYSTEMPATH/Common.php(1142): CodeIgniter\View\View->render()
 3 APPPATH/Controllers/Pages.php(28): view()
 4 SYSTEMPATH/CodeIgniter.php(907): App\Controllers\Pages->view()
 5 SYSTEMPATH/CodeIgniter.php(457): CodeIgniter\CodeIgniter->runController()
 6 SYSTEMPATH/CodeIgniter.php(340): CodeIgniter\CodeIgniter->handleRequest()
 7 FCPATH/index.php(67): CodeIgniter\CodeIgniter->run()
CRITICAL - 2022-09-28 23:21:46 --> Invalid file: pages/__service-worker.js
in SYSTEMPATH/Exceptions/FrameworkException.php on line 33.
 1 SYSTEMPATH/View/View.php(201): CodeIgniter\Exceptions\FrameworkException::forInvalidFile()
 2 SYSTEMPATH/Common.php(1142): CodeIgniter\View\View->render()
 3 APPPATH/Controllers/Pages.php(28): view()
 4 SYSTEMPATH/CodeIgniter.php(907): App\Controllers\Pages->view()
 5 SYSTEMPATH/CodeIgniter.php(457): CodeIgniter\CodeIgniter->runController()
 6 SYSTEMPATH/CodeIgniter.php(340): CodeIgniter\CodeIgniter->handleRequest()
 7 FCPATH/index.php(67): CodeIgniter\CodeIgniter->run()
CRITICAL - 2022-09-28 23:21:47 --> Invalid file: pages/assets.php
in SYSTEMPATH/Exceptions/FrameworkException.php on line 33.
 1 SYSTEMPATH/View/View.php(201): CodeIgniter\Exceptions\FrameworkException::forInvalidFile()
 2 SYSTEMPATH/Common.php(1142): CodeIgniter\View\View->render()
 3 APPPATH/Controllers/Pages.php(28): view()
 4 SYSTEMPATH/CodeIgniter.php(907): App\Controllers\Pages->view()
 5 SYSTEMPATH/CodeIgniter.php(457): CodeIgniter\CodeIgniter->runController()
 6 SYSTEMPATH/CodeIgniter.php(340): CodeIgniter\CodeIgniter->handleRequest()
 7 FCPATH/index.php(67): CodeIgniter\CodeIgniter->run()
CRITICAL - 2022-09-28 23:21:47 --> Invalid file: pages/assets.php
in SYSTEMPATH/Exceptions/FrameworkException.php on line 33.
 1 SYSTEMPATH/View/View.php(201): CodeIgniter\Exceptions\FrameworkException::forInvalidFile()
 2 SYSTEMPATH/Common.php(1142): CodeIgniter\View\View->render()
 3 APPPATH/Controllers/Pages.php(28): view()
 4 SYSTEMPATH/CodeIgniter.php(907): App\Controllers\Pages->view()
 5 SYSTEMPATH/CodeIgniter.php(457): CodeIgniter\CodeIgniter->runController()
 6 SYSTEMPATH/CodeIgniter.php(340): CodeIgniter\CodeIgniter->handleRequest()
 7 FCPATH/index.php(67): CodeIgniter\CodeIgniter->run()
CRITICAL - 2022-09-28 23:21:47 --> Invalid file: pages/assets.php
in SYSTEMPATH/Exceptions/FrameworkException.php on line 33.
 1 SYSTEMPATH/View/View.php(201): CodeIgniter\Exceptions\FrameworkException::forInvalidFile()
 2 SYSTEMPATH/Common.php(1142): CodeIgniter\View\View->render()
 3 APPPATH/Controllers/Pages.php(28): view()
 4 SYSTEMPATH/CodeIgniter.php(907): App\Controllers\Pages->view()
 5 SYSTEMPATH/CodeIgniter.php(457): CodeIgniter\CodeIgniter->runController()
 6 SYSTEMPATH/CodeIgniter.php(340): CodeIgniter\CodeIgniter->handleRequest()
 7 FCPATH/index.php(67): CodeIgniter\CodeIgniter->run()
CRITICAL - 2022-09-28 23:21:47 --> Invalid file: pages/assets.php
in SYSTEMPATH/Exceptions/FrameworkException.php on line 33.
 1 SYSTEMPATH/View/View.php(201): CodeIgniter\Exceptions\FrameworkException::forInvalidFile()
 2 SYSTEMPATH/Common.php(1142): CodeIgniter\View\View->render()
 3 APPPATH/Controllers/Pages.php(28): view()
 4 SYSTEMPATH/CodeIgniter.php(907): App\Controllers\Pages->view()
 5 SYSTEMPATH/CodeIgniter.php(457): CodeIgniter\CodeIgniter->runController()
 6 SYSTEMPATH/CodeIgniter.php(340): CodeIgniter\CodeIgniter->handleRequest()
 7 FCPATH/index.php(67): CodeIgniter\CodeIgniter->run()
CRITICAL - 2022-09-28 23:21:47 --> Invalid file: pages/assets.php
in SYSTEMPATH/Exceptions/FrameworkException.php on line 33.
 1 SYSTEMPATH/View/View.php(201): CodeIgniter\Exceptions\FrameworkException::forInvalidFile()
 2 SYSTEMPATH/Common.php(1142): CodeIgniter\View\View->render()
 3 APPPATH/Controllers/Pages.php(28): view()
 4 SYSTEMPATH/CodeIgniter.php(907): App\Controllers\Pages->view()
 5 SYSTEMPATH/CodeIgniter.php(457): CodeIgniter\CodeIgniter->runController()
 6 SYSTEMPATH/CodeIgniter.php(340): CodeIgniter\CodeIgniter->handleRequest()
 7 FCPATH/index.php(67): CodeIgniter\CodeIgniter->run()
CRITICAL - 2022-09-28 23:21:54 --> Invalid file: pages/wp-admin.php
in SYSTEMPATH/Exceptions/FrameworkException.php on line 33.
 1 SYSTEMPATH/View/View.php(201): CodeIgniter\Exceptions\FrameworkException::forInvalidFile()
 2 SYSTEMPATH/Common.php(1142): CodeIgniter\View\View->render()
 3 APPPATH/Controllers/Pages.php(28): view()
 4 SYSTEMPATH/CodeIgniter.php(907): App\Controllers\Pages->view()
 5 SYSTEMPATH/CodeIgniter.php(457): CodeIgniter\CodeIgniter->runController()
 6 SYSTEMPATH/CodeIgniter.php(340): CodeIgniter\CodeIgniter->handleRequest()
 7 FCPATH/index.php(67): CodeIgniter\CodeIgniter->run()
CRITICAL - 2022-09-28 23:22:55 --> Undefined variable $profit
in APPPATH/Controllers/User.php on line 234.
 1 APPPATH/Controllers/User.php(234): CodeIgniter\Debug\Exceptions->errorHandler()
 2 APPPATH/Controllers/User.php(353): App\Controllers\User->cron()
 3 APPPATH/Controllers/User.php(482): App\Controllers\User->user()
 4 SYSTEMPATH/CodeIgniter.php(907): App\Controllers\User->index()
 5 SYSTEMPATH/CodeIgniter.php(457): CodeIgniter\CodeIgniter->runController()
 6 SYSTEMPATH/CodeIgniter.php(340): CodeIgniter\CodeIgniter->handleRequest()
 7 FCPATH/index.php(67): CodeIgniter\CodeIgniter->run()
CRITICAL - 2022-09-28 23:24:26 --> Invalid file: pages/assets.php
in SYSTEMPATH/Exceptions/FrameworkException.php on line 33.
 1 SYSTEMPATH/View/View.php(201): CodeIgniter\Exceptions\FrameworkException::forInvalidFile()
 2 SYSTEMPATH/Common.php(1142): CodeIgniter\View\View->render()
 3 APPPATH/Controllers/Pages.php(28): view()
 4 SYSTEMPATH/CodeIgniter.php(907): App\Controllers\Pages->view()
 5 SYSTEMPATH/CodeIgniter.php(457): CodeIgniter\CodeIgniter->runController()
 6 SYSTEMPATH/CodeIgniter.php(340): CodeIgniter\CodeIgniter->handleRequest()
 7 FCPATH/index.php(67): CodeIgniter\CodeIgniter->run()
CRITICAL - 2022-09-28 23:24:26 --> Invalid file: pages/__service-worker.js
in SYSTEMPATH/Exceptions/FrameworkException.php on line 33.
 1 SYSTEMPATH/View/View.php(201): CodeIgniter\Exceptions\FrameworkException::forInvalidFile()
 2 SYSTEMPATH/Common.php(1142): CodeIgniter\View\View->render()
 3 APPPATH/Controllers/Pages.php(28): view()
 4 SYSTEMPATH/CodeIgniter.php(907): App\Controllers\Pages->view()
 5 SYSTEMPATH/CodeIgniter.php(457): CodeIgniter\CodeIgniter->runController()
 6 SYSTEMPATH/CodeIgniter.php(340): CodeIgniter\CodeIgniter->handleRequest()
 7 FCPATH/index.php(67): CodeIgniter\CodeIgniter->run()
CRITICAL - 2022-09-28 23:24:27 --> Invalid file: pages/assets.php
in SYSTEMPATH/Exceptions/FrameworkException.php on line 33.
 1 SYSTEMPATH/View/View.php(201): CodeIgniter\Exceptions\FrameworkException::forInvalidFile()
 2 SYSTEMPATH/Common.php(1142): CodeIgniter\View\View->render()
 3 APPPATH/Controllers/Pages.php(28): view()
 4 SYSTEMPATH/CodeIgniter.php(907): App\Controllers\Pages->view()
 5 SYSTEMPATH/CodeIgniter.php(457): CodeIgniter\CodeIgniter->runController()
 6 SYSTEMPATH/CodeIgniter.php(340): CodeIgniter\CodeIgniter->handleRequest()
 7 FCPATH/index.php(67): CodeIgniter\CodeIgniter->run()
CRITICAL - 2022-09-28 23:24:27 --> Invalid file: pages/assets.php
in SYSTEMPATH/Exceptions/FrameworkException.php on line 33.
 1 SYSTEMPATH/View/View.php(201): CodeIgniter\Exceptions\FrameworkException::forInvalidFile()
 2 SYSTEMPATH/Common.php(1142): CodeIgniter\View\View->render()
 3 APPPATH/Controllers/Pages.php(28): view()
 4 SYSTEMPATH/CodeIgniter.php(907): App\Controllers\Pages->view()
 5 SYSTEMPATH/CodeIgniter.php(457): CodeIgniter\CodeIgniter->runController()
 6 SYSTEMPATH/CodeIgniter.php(340): CodeIgniter\CodeIgniter->handleRequest()
 7 FCPATH/index.php(67): CodeIgniter\CodeIgniter->run()
CRITICAL - 2022-09-28 23:24:27 --> Invalid file: pages/assets.php
in SYSTEMPATH/Exceptions/FrameworkException.php on line 33.
 1 SYSTEMPATH/View/View.php(201): CodeIgniter\Exceptions\FrameworkException::forInvalidFile()
 2 SYSTEMPATH/Common.php(1142): CodeIgniter\View\View->render()
 3 APPPATH/Controllers/Pages.php(28): view()
 4 SYSTEMPATH/CodeIgniter.php(907): App\Controllers\Pages->view()
 5 SYSTEMPATH/CodeIgniter.php(457): CodeIgniter\CodeIgniter->runController()
 6 SYSTEMPATH/CodeIgniter.php(340): CodeIgniter\CodeIgniter->handleRequest()
 7 FCPATH/index.php(67): CodeIgniter\CodeIgniter->run()
CRITICAL - 2022-09-28 23:24:27 --> Invalid file: pages/assets.php
in SYSTEMPATH/Exceptions/FrameworkException.php on line 33.
 1 SYSTEMPATH/View/View.php(201): CodeIgniter\Exceptions\FrameworkException::forInvalidFile()
 2 SYSTEMPATH/Common.php(1142): CodeIgniter\View\View->render()
 3 APPPATH/Controllers/Pages.php(28): view()
 4 SYSTEMPATH/CodeIgniter.php(907): App\Controllers\Pages->view()
 5 SYSTEMPATH/CodeIgniter.php(457): CodeIgniter\CodeIgniter->runController()
 6 SYSTEMPATH/CodeIgniter.php(340): CodeIgniter\CodeIgniter->handleRequest()
 7 FCPATH/index.php(67): CodeIgniter\CodeIgniter->run()
CRITICAL - 2022-09-28 23:24:28 --> Invalid file: pages/assets.php
in SYSTEMPATH/Exceptions/FrameworkException.php on line 33.
 1 SYSTEMPATH/View/View.php(201): CodeIgniter\Exceptions\FrameworkException::forInvalidFile()
 2 SYSTEMPATH/Common.php(1142): CodeIgniter\View\View->render()
 3 APPPATH/Controllers/Pages.php(28): view()
 4 SYSTEMPATH/CodeIgniter.php(907): App\Controllers\Pages->view()
 5 SYSTEMPATH/CodeIgniter.php(457): CodeIgniter\CodeIgniter->runController()
 6 SYSTEMPATH/CodeIgniter.php(340): CodeIgniter\CodeIgniter->handleRequest()
 7 FCPATH/index.php(67): CodeIgniter\CodeIgniter->run()
CRITICAL - 2022-09-28 23:24:30 --> Invalid file: pages/__service-worker.js
in SYSTEMPATH/Exceptions/FrameworkException.php on line 33.
 1 SYSTEMPATH/View/View.php(201): CodeIgniter\Exceptions\FrameworkException::forInvalidFile()
 2 SYSTEMPATH/Common.php(1142): CodeIgniter\View\View->render()
 3 APPPATH/Controllers/Pages.php(28): view()
 4 SYSTEMPATH/CodeIgniter.php(907): App\Controllers\Pages->view()
 5 SYSTEMPATH/CodeIgniter.php(457): CodeIgniter\CodeIgniter->runController()
 6 SYSTEMPATH/CodeIgniter.php(340): CodeIgniter\CodeIgniter->handleRequest()
 7 FCPATH/index.php(67): CodeIgniter\CodeIgniter->run()
CRITICAL - 2022-09-28 23:24:31 --> Invalid file: pages/assets.php
in SYSTEMPATH/Exceptions/FrameworkException.php on line 33.
 1 SYSTEMPATH/View/View.php(201): CodeIgniter\Exceptions\FrameworkException::forInvalidFile()
 2 SYSTEMPATH/Common.php(1142): CodeIgniter\View\View->render()
 3 APPPATH/Controllers/Pages.php(28): view()
 4 SYSTEMPATH/CodeIgniter.php(907): App\Controllers\Pages->view()
 5 SYSTEMPATH/CodeIgniter.php(457): CodeIgniter\CodeIgniter->runController()
 6 SYSTEMPATH/CodeIgniter.php(340): CodeIgniter\CodeIgniter->handleRequest()
 7 FCPATH/index.php(67): CodeIgniter\CodeIgniter->run()
CRITICAL - 2022-09-28 23:24:31 --> Invalid file: pages/assets.php
in SYSTEMPATH/Exceptions/FrameworkException.php on line 33.
 1 SYSTEMPATH/View/View.php(201): CodeIgniter\Exceptions\FrameworkException::forInvalidFile()
 2 SYSTEMPATH/Common.php(1142): CodeIgniter\View\View->render()
 3 APPPATH/Controllers/Pages.php(28): view()
 4 SYSTEMPATH/CodeIgniter.php(907): App\Controllers\Pages->view()
 5 SYSTEMPATH/CodeIgniter.php(457): CodeIgniter\CodeIgniter->runController()
 6 SYSTEMPATH/CodeIgniter.php(340): CodeIgniter\CodeIgniter->handleRequest()
 7 FCPATH/index.php(67): CodeIgniter\CodeIgniter->run()
CRITICAL - 2022-09-28 23:24:31 --> Invalid file: pages/assets.php
in SYSTEMPATH/Exceptions/FrameworkException.php on line 33.
 1 SYSTEMPATH/View/View.php(201): CodeIgniter\Exceptions\FrameworkException::forInvalidFile()
 2 SYSTEMPATH/Common.php(1142): CodeIgniter\View\View->render()
 3 APPPATH/Controllers/Pages.php(28): view()
 4 SYSTEMPATH/CodeIgniter.php(907): App\Controllers\Pages->view()
 5 SYSTEMPATH/CodeIgniter.php(457): CodeIgniter\CodeIgniter->runController()
 6 SYSTEMPATH/CodeIgniter.php(340): CodeIgniter\CodeIgniter->handleRequest()
 7 FCPATH/index.php(67): CodeIgniter\CodeIgniter->run()
CRITICAL - 2022-09-28 23:24:31 --> Invalid file: pages/assets.php
in SYSTEMPATH/Exceptions/FrameworkException.php on line 33.
 1 SYSTEMPATH/View/View.php(201): CodeIgniter\Exceptions\FrameworkException::forInvalidFile()
 2 SYSTEMPATH/Common.php(1142): CodeIgniter\View\View->render()
 3 APPPATH/Controllers/Pages.php(28): view()
 4 SYSTEMPATH/CodeIgniter.php(907): App\Controllers\Pages->view()
 5 SYSTEMPATH/CodeIgniter.php(457): CodeIgniter\CodeIgniter->runController()
 6 SYSTEMPATH/CodeIgniter.php(340): CodeIgniter\CodeIgniter->handleRequest()
 7 FCPATH/index.php(67): CodeIgniter\CodeIgniter->run()
CRITICAL - 2022-09-28 23:24:31 --> Invalid file: pages/assets.php
in SYSTEMPATH/Exceptions/FrameworkException.php on line 33.
 1 SYSTEMPATH/View/View.php(201): CodeIgniter\Exceptions\FrameworkException::forInvalidFile()
 2 SYSTEMPATH/Common.php(1142): CodeIgniter\View\View->render()
 3 APPPATH/Controllers/Pages.php(28): view()
 4 SYSTEMPATH/CodeIgniter.php(907): App\Controllers\Pages->view()
 5 SYSTEMPATH/CodeIgniter.php(457): CodeIgniter\CodeIgniter->runController()
 6 SYSTEMPATH/CodeIgniter.php(340): CodeIgniter\CodeIgniter->handleRequest()
 7 FCPATH/index.php(67): CodeIgniter\CodeIgniter->run()
CRITICAL - 2022-09-28 23:24:31 --> Invalid file: pages/assets.php
in SYSTEMPATH/Exceptions/FrameworkException.php on line 33.
 1 SYSTEMPATH/View/View.php(201): CodeIgniter\Exceptions\FrameworkException::forInvalidFile()
 2 SYSTEMPATH/Common.php(1142): CodeIgniter\View\View->render()
 3 APPPATH/Controllers/Pages.php(28): view()
 4 SYSTEMPATH/CodeIgniter.php(907): App\Controllers\Pages->view()
 5 SYSTEMPATH/CodeIgniter.php(457): CodeIgniter\CodeIgniter->runController()
 6 SYSTEMPATH/CodeIgniter.php(340): CodeIgniter\CodeIgniter->handleRequest()
 7 FCPATH/index.php(67): CodeIgniter\CodeIgniter->run()
CRITICAL - 2022-09-28 23:24:35 --> Invalid file: pages/assets.php
in SYSTEMPATH/Exceptions/FrameworkException.php on line 33.
 1 SYSTEMPATH/View/View.php(201): CodeIgniter\Exceptions\FrameworkException::forInvalidFile()
 2 SYSTEMPATH/Common.php(1142): CodeIgniter\View\View->render()
 3 APPPATH/Controllers/Pages.php(28): view()
 4 SYSTEMPATH/CodeIgniter.php(907): App\Controllers\Pages->view()
 5 SYSTEMPATH/CodeIgniter.php(457): CodeIgniter\CodeIgniter->runController()
 6 SYSTEMPATH/CodeIgniter.php(340): CodeIgniter\CodeIgniter->handleRequest()
 7 FCPATH/index.php(67): CodeIgniter\CodeIgniter->run()
CRITICAL - 2022-09-28 23:24:35 --> Invalid file: pages/__service-worker.js
in SYSTEMPATH/Exceptions/FrameworkException.php on line 33.
 1 SYSTEMPATH/View/View.php(201): CodeIgniter\Exceptions\FrameworkException::forInvalidFile()
 2 SYSTEMPATH/Common.php(1142): CodeIgniter\View\View->render()
 3 APPPATH/Controllers/Pages.php(28): view()
 4 SYSTEMPATH/CodeIgniter.php(907): App\Controllers\Pages->view()
 5 SYSTEMPATH/CodeIgniter.php(457): CodeIgniter\CodeIgniter->runController()
 6 SYSTEMPATH/CodeIgniter.php(340): CodeIgniter\CodeIgniter->handleRequest()
 7 FCPATH/index.php(67): CodeIgniter\CodeIgniter->run()
CRITICAL - 2022-09-28 23:24:35 --> Invalid file: pages/assets.php
in SYSTEMPATH/Exceptions/FrameworkException.php on line 33.
 1 SYSTEMPATH/View/View.php(201): CodeIgniter\Exceptions\FrameworkException::forInvalidFile()
 2 SYSTEMPATH/Common.php(1142): CodeIgniter\View\View->render()
 3 APPPATH/Controllers/Pages.php(28): view()
 4 SYSTEMPATH/CodeIgniter.php(907): App\Controllers\Pages->view()
 5 SYSTEMPATH/CodeIgniter.php(457): CodeIgniter\CodeIgniter->runController()
 6 SYSTEMPATH/CodeIgniter.php(340): CodeIgniter\CodeIgniter->handleRequest()
 7 FCPATH/index.php(67): CodeIgniter\CodeIgniter->run()
CRITICAL - 2022-09-28 23:24:36 --> Invalid file: pages/assets.php
in SYSTEMPATH/Exceptions/FrameworkException.php on line 33.
 1 SYSTEMPATH/View/View.php(201): CodeIgniter\Exceptions\FrameworkException::forInvalidFile()
 2 SYSTEMPATH/Common.php(1142): CodeIgniter\View\View->render()
 3 APPPATH/Controllers/Pages.php(28): view()
 4 SYSTEMPATH/CodeIgniter.php(907): App\Controllers\Pages->view()
 5 SYSTEMPATH/CodeIgniter.php(457): CodeIgniter\CodeIgniter->runController()
 6 SYSTEMPATH/CodeIgniter.php(340): CodeIgniter\CodeIgniter->handleRequest()
 7 FCPATH/index.php(67): CodeIgniter\CodeIgniter->run()
CRITICAL - 2022-09-28 23:24:36 --> Invalid file: pages/assets.php
in SYSTEMPATH/Exceptions/FrameworkException.php on line 33.
 1 SYSTEMPATH/View/View.php(201): CodeIgniter\Exceptions\FrameworkException::forInvalidFile()
 2 SYSTEMPATH/Common.php(1142): CodeIgniter\View\View->render()
 3 APPPATH/Controllers/Pages.php(28): view()
 4 SYSTEMPATH/CodeIgniter.php(907): App\Controllers\Pages->view()
 5 SYSTEMPATH/CodeIgniter.php(457): CodeIgniter\CodeIgniter->runController()
 6 SYSTEMPATH/CodeIgniter.php(340): CodeIgniter\CodeIgniter->handleRequest()
 7 FCPATH/index.php(67): CodeIgniter\CodeIgniter->run()
CRITICAL - 2022-09-28 23:24:36 --> Invalid file: pages/assets.php
in SYSTEMPATH/Exceptions/FrameworkException.php on line 33.
 1 SYSTEMPATH/View/View.php(201): CodeIgniter\Exceptions\FrameworkException::forInvalidFile()
 2 SYSTEMPATH/Common.php(1142): CodeIgniter\View\View->render()
 3 APPPATH/Controllers/Pages.php(28): view()
 4 SYSTEMPATH/CodeIgniter.php(907): App\Controllers\Pages->view()
 5 SYSTEMPATH/CodeIgniter.php(457): CodeIgniter\CodeIgniter->runController()
 6 SYSTEMPATH/CodeIgniter.php(340): CodeIgniter\CodeIgniter->handleRequest()
 7 FCPATH/index.php(67): CodeIgniter\CodeIgniter->run()
CRITICAL - 2022-09-28 23:24:36 --> Invalid file: pages/assets.php
in SYSTEMPATH/Exceptions/FrameworkException.php on line 33.
 1 SYSTEMPATH/View/View.php(201): CodeIgniter\Exceptions\FrameworkException::forInvalidFile()
 2 SYSTEMPATH/Common.php(1142): CodeIgniter\View\View->render()
 3 APPPATH/Controllers/Pages.php(28): view()
 4 SYSTEMPATH/CodeIgniter.php(907): App\Controllers\Pages->view()
 5 SYSTEMPATH/CodeIgniter.php(457): CodeIgniter\CodeIgniter->runController()
 6 SYSTEMPATH/CodeIgniter.php(340): CodeIgniter\CodeIgniter->handleRequest()
 7 FCPATH/index.php(67): CodeIgniter\CodeIgniter->run()
CRITICAL - 2022-09-28 23:25:11 --> Invalid file: pages/assets.php
in SYSTEMPATH/Exceptions/FrameworkException.php on line 33.
 1 SYSTEMPATH/View/View.php(201): CodeIgniter\Exceptions\FrameworkException::forInvalidFile()
 2 SYSTEMPATH/Common.php(1142): CodeIgniter\View\View->render()
 3 APPPATH/Controllers/Pages.php(28): view()
 4 SYSTEMPATH/CodeIgniter.php(907): App\Controllers\Pages->view()
 5 SYSTEMPATH/CodeIgniter.php(457): CodeIgniter\CodeIgniter->runController()
 6 SYSTEMPATH/CodeIgniter.php(340): CodeIgniter\CodeIgniter->handleRequest()
 7 FCPATH/index.php(67): CodeIgniter\CodeIgniter->run()
CRITICAL - 2022-09-28 23:25:11 --> Invalid file: pages/__service-worker.js
in SYSTEMPATH/Exceptions/FrameworkException.php on line 33.
 1 SYSTEMPATH/View/View.php(201): CodeIgniter\Exceptions\FrameworkException::forInvalidFile()
 2 SYSTEMPATH/Common.php(1142): CodeIgniter\View\View->render()
 3 APPPATH/Controllers/Pages.php(28): view()
 4 SYSTEMPATH/CodeIgniter.php(907): App\Controllers\Pages->view()
 5 SYSTEMPATH/CodeIgniter.php(457): CodeIgniter\CodeIgniter->runController()
 6 SYSTEMPATH/CodeIgniter.php(340): CodeIgniter\CodeIgniter->handleRequest()
 7 FCPATH/index.php(67): CodeIgniter\CodeIgniter->run()
CRITICAL - 2022-09-28 23:25:12 --> Invalid file: pages/assets.php
in SYSTEMPATH/Exceptions/FrameworkException.php on line 33.
 1 SYSTEMPATH/View/View.php(201): CodeIgniter\Exceptions\FrameworkException::forInvalidFile()
 2 SYSTEMPATH/Common.php(1142): CodeIgniter\View\View->render()
 3 APPPATH/Controllers/Pages.php(28): view()
 4 SYSTEMPATH/CodeIgniter.php(907): App\Controllers\Pages->view()
 5 SYSTEMPATH/CodeIgniter.php(457): CodeIgniter\CodeIgniter->runController()
 6 SYSTEMPATH/CodeIgniter.php(340): CodeIgniter\CodeIgniter->handleRequest()
 7 FCPATH/index.php(67): CodeIgniter\CodeIgniter->run()
CRITICAL - 2022-09-28 23:25:12 --> Invalid file: pages/assets.php
in SYSTEMPATH/Exceptions/FrameworkException.php on line 33.
 1 SYSTEMPATH/View/View.php(201): CodeIgniter\Exceptions\FrameworkException::forInvalidFile()
 2 SYSTEMPATH/Common.php(1142): CodeIgniter\View\View->render()
 3 APPPATH/Controllers/Pages.php(28): view()
 4 SYSTEMPATH/CodeIgniter.php(907): App\Controllers\Pages->view()
 5 SYSTEMPATH/CodeIgniter.php(457): CodeIgniter\CodeIgniter->runController()
 6 SYSTEMPATH/CodeIgniter.php(340): CodeIgniter\CodeIgniter->handleRequest()
 7 FCPATH/index.php(67): CodeIgniter\CodeIgniter->run()
CRITICAL - 2022-09-28 23:25:12 --> Invalid file: pages/assets.php
in SYSTEMPATH/Exceptions/FrameworkException.php on line 33.
 1 SYSTEMPATH/View/View.php(201): CodeIgniter\Exceptions\FrameworkException::forInvalidFile()
 2 SYSTEMPATH/Common.php(1142): CodeIgniter\View\View->render()
 3 APPPATH/Controllers/Pages.php(28): view()
 4 SYSTEMPATH/CodeIgniter.php(907): App\Controllers\Pages->view()
 5 SYSTEMPATH/CodeIgniter.php(457): CodeIgniter\CodeIgniter->runController()
 6 SYSTEMPATH/CodeIgniter.php(340): CodeIgniter\CodeIgniter->handleRequest()
 7 FCPATH/index.php(67): CodeIgniter\CodeIgniter->run()
CRITICAL - 2022-09-28 23:25:13 --> Invalid file: pages/assets.php
in SYSTEMPATH/Exceptions/FrameworkException.php on line 33.
 1 SYSTEMPATH/View/View.php(201): CodeIgniter\Exceptions\FrameworkException::forInvalidFile()
 2 SYSTEMPATH/Common.php(1142): CodeIgniter\View\View->render()
 3 APPPATH/Controllers/Pages.php(28): view()
 4 SYSTEMPATH/CodeIgniter.php(907): App\Controllers\Pages->view()
 5 SYSTEMPATH/CodeIgniter.php(457): CodeIgniter\CodeIgniter->runController()
 6 SYSTEMPATH/CodeIgniter.php(340): CodeIgniter\CodeIgniter->handleRequest()
 7 FCPATH/index.php(67): CodeIgniter\CodeIgniter->run()
CRITICAL - 2022-09-28 23:25:13 --> Invalid file: pages/assets.php
in SYSTEMPATH/Exceptions/FrameworkException.php on line 33.
 1 SYSTEMPATH/View/View.php(201): CodeIgniter\Exceptions\FrameworkException::forInvalidFile()
 2 SYSTEMPATH/Common.php(1142): CodeIgniter\View\View->render()
 3 APPPATH/Controllers/Pages.php(28): view()
 4 SYSTEMPATH/CodeIgniter.php(907): App\Controllers\Pages->view()
 5 SYSTEMPATH/CodeIgniter.php(457): CodeIgniter\CodeIgniter->runController()
 6 SYSTEMPATH/CodeIgniter.php(340): CodeIgniter\CodeIgniter->handleRequest()
 7 FCPATH/index.php(67): CodeIgniter\CodeIgniter->run()
CRITICAL - 2022-09-28 23:25:25 --> Invalid file: pages/assets.php
in SYSTEMPATH/Exceptions/FrameworkException.php on line 33.
 1 SYSTEMPATH/View/View.php(201): CodeIgniter\Exceptions\FrameworkException::forInvalidFile()
 2 SYSTEMPATH/Common.php(1142): CodeIgniter\View\View->render()
 3 APPPATH/Controllers/Pages.php(28): view()
 4 SYSTEMPATH/CodeIgniter.php(907): App\Controllers\Pages->view()
 5 SYSTEMPATH/CodeIgniter.php(457): CodeIgniter\CodeIgniter->runController()
 6 SYSTEMPATH/CodeIgniter.php(340): CodeIgniter\CodeIgniter->handleRequest()
 7 FCPATH/index.php(67): CodeIgniter\CodeIgniter->run()
CRITICAL - 2022-09-28 23:25:25 --> Invalid file: pages/__service-worker.js
in SYSTEMPATH/Exceptions/FrameworkException.php on line 33.
 1 SYSTEMPATH/View/View.php(201): CodeIgniter\Exceptions\FrameworkException::forInvalidFile()
 2 SYSTEMPATH/Common.php(1142): CodeIgniter\View\View->render()
 3 APPPATH/Controllers/Pages.php(28): view()
 4 SYSTEMPATH/CodeIgniter.php(907): App\Controllers\Pages->view()
 5 SYSTEMPATH/CodeIgniter.php(457): CodeIgniter\CodeIgniter->runController()
 6 SYSTEMPATH/CodeIgniter.php(340): CodeIgniter\CodeIgniter->handleRequest()
 7 FCPATH/index.php(67): CodeIgniter\CodeIgniter->run()
CRITICAL - 2022-09-28 23:25:25 --> Invalid file: pages/assets.php
in SYSTEMPATH/Exceptions/FrameworkException.php on line 33.
 1 SYSTEMPATH/View/View.php(201): CodeIgniter\Exceptions\FrameworkException::forInvalidFile()
 2 SYSTEMPATH/Common.php(1142): CodeIgniter\View\View->render()
 3 APPPATH/Controllers/Pages.php(28): view()
 4 SYSTEMPATH/CodeIgniter.php(907): App\Controllers\Pages->view()
 5 SYSTEMPATH/CodeIgniter.php(457): CodeIgniter\CodeIgniter->runController()
 6 SYSTEMPATH/CodeIgniter.php(340): CodeIgniter\CodeIgniter->handleRequest()
 7 FCPATH/index.php(67): CodeIgniter\CodeIgniter->run()
CRITICAL - 2022-09-28 23:25:25 --> Invalid file: pages/assets.php
in SYSTEMPATH/Exceptions/FrameworkException.php on line 33.
 1 SYSTEMPATH/View/View.php(201): CodeIgniter\Exceptions\FrameworkException::forInvalidFile()
 2 SYSTEMPATH/Common.php(1142): CodeIgniter\View\View->render()
 3 APPPATH/Controllers/Pages.php(28): view()
 4 SYSTEMPATH/CodeIgniter.php(907): App\Controllers\Pages->view()
 5 SYSTEMPATH/CodeIgniter.php(457): CodeIgniter\CodeIgniter->runController()
 6 SYSTEMPATH/CodeIgniter.php(340): CodeIgniter\CodeIgniter->handleRequest()
 7 FCPATH/index.php(67): CodeIgniter\CodeIgniter->run()
CRITICAL - 2022-09-28 23:25:26 --> Invalid file: pages/assets.php
in SYSTEMPATH/Exceptions/FrameworkException.php on line 33.
 1 SYSTEMPATH/View/View.php(201): CodeIgniter\Exceptions\FrameworkException::forInvalidFile()
 2 SYSTEMPATH/Common.php(1142): CodeIgniter\View\View->render()
 3 APPPATH/Controllers/Pages.php(28): view()
 4 SYSTEMPATH/CodeIgniter.php(907): App\Controllers\Pages->view()
 5 SYSTEMPATH/CodeIgniter.php(457): CodeIgniter\CodeIgniter->runController()
 6 SYSTEMPATH/CodeIgniter.php(340): CodeIgniter\CodeIgniter->handleRequest()
 7 FCPATH/index.php(67): CodeIgniter\CodeIgniter->run()
CRITICAL - 2022-09-28 23:25:26 --> Invalid file: pages/assets.php
in SYSTEMPATH/Exceptions/FrameworkException.php on line 33.
 1 SYSTEMPATH/View/View.php(201): CodeIgniter\Exceptions\FrameworkException::forInvalidFile()
 2 SYSTEMPATH/Common.php(1142): CodeIgniter\View\View->render()
 3 APPPATH/Controllers/Pages.php(28): view()
 4 SYSTEMPATH/CodeIgniter.php(907): App\Controllers\Pages->view()
 5 SYSTEMPATH/CodeIgniter.php(457): CodeIgniter\CodeIgniter->runController()
 6 SYSTEMPATH/CodeIgniter.php(340): CodeIgniter\CodeIgniter->handleRequest()
 7 FCPATH/index.php(67): CodeIgniter\CodeIgniter->run()
CRITICAL - 2022-09-28 23:25:26 --> Invalid file: pages/assets.php
in SYSTEMPATH/Exceptions/FrameworkException.php on line 33.
 1 SYSTEMPATH/View/View.php(201): CodeIgniter\Exceptions\FrameworkException::forInvalidFile()
 2 SYSTEMPATH/Common.php(1142): CodeIgniter\View\View->render()
 3 APPPATH/Controllers/Pages.php(28): view()
 4 SYSTEMPATH/CodeIgniter.php(907): App\Controllers\Pages->view()
 5 SYSTEMPATH/CodeIgniter.php(457): CodeIgniter\CodeIgniter->runController()
 6 SYSTEMPATH/CodeIgniter.php(340): CodeIgniter\CodeIgniter->handleRequest()
 7 FCPATH/index.php(67): CodeIgniter\CodeIgniter->run()
CRITICAL - 2022-09-28 23:25:29 --> Invalid file: pages/__service-worker.js
in SYSTEMPATH/Exceptions/FrameworkException.php on line 33.
 1 SYSTEMPATH/View/View.php(201): CodeIgniter\Exceptions\FrameworkException::forInvalidFile()
 2 SYSTEMPATH/Common.php(1142): CodeIgniter\View\View->render()
 3 APPPATH/Controllers/Pages.php(28): view()
 4 SYSTEMPATH/CodeIgniter.php(907): App\Controllers\Pages->view()
 5 SYSTEMPATH/CodeIgniter.php(457): CodeIgniter\CodeIgniter->runController()
 6 SYSTEMPATH/CodeIgniter.php(340): CodeIgniter\CodeIgniter->handleRequest()
 7 FCPATH/index.php(67): CodeIgniter\CodeIgniter->run()
CRITICAL - 2022-09-28 23:25:29 --> Invalid file: pages/assets.php
in SYSTEMPATH/Exceptions/FrameworkException.php on line 33.
 1 SYSTEMPATH/View/View.php(201): CodeIgniter\Exceptions\FrameworkException::forInvalidFile()
 2 SYSTEMPATH/Common.php(1142): CodeIgniter\View\View->render()
 3 APPPATH/Controllers/Pages.php(28): view()
 4 SYSTEMPATH/CodeIgniter.php(907): App\Controllers\Pages->view()
 5 SYSTEMPATH/CodeIgniter.php(457): CodeIgniter\CodeIgniter->runController()
 6 SYSTEMPATH/CodeIgniter.php(340): CodeIgniter\CodeIgniter->handleRequest()
 7 FCPATH/index.php(67): CodeIgniter\CodeIgniter->run()
CRITICAL - 2022-09-28 23:25:29 --> Invalid file: pages/assets.php
in SYSTEMPATH/Exceptions/FrameworkException.php on line 33.
 1 SYSTEMPATH/View/View.php(201): CodeIgniter\Exceptions\FrameworkException::forInvalidFile()
 2 SYSTEMPATH/Common.php(1142): CodeIgniter\View\View->render()
 3 APPPATH/Controllers/Pages.php(28): view()
 4 SYSTEMPATH/CodeIgniter.php(907): App\Controllers\Pages->view()
 5 SYSTEMPATH/CodeIgniter.php(457): CodeIgniter\CodeIgniter->runController()
 6 SYSTEMPATH/CodeIgniter.php(340): CodeIgniter\CodeIgniter->handleRequest()
 7 FCPATH/index.php(67): CodeIgniter\CodeIgniter->run()
CRITICAL - 2022-09-28 23:25:29 --> Invalid file: pages/assets.php
in SYSTEMPATH/Exceptions/FrameworkException.php on line 33.
 1 SYSTEMPATH/View/View.php(201): CodeIgniter\Exceptions\FrameworkException::forInvalidFile()
 2 SYSTEMPATH/Common.php(1142): CodeIgniter\View\View->render()
 3 APPPATH/Controllers/Pages.php(28): view()
 4 SYSTEMPATH/CodeIgniter.php(907): App\Controllers\Pages->view()
 5 SYSTEMPATH/CodeIgniter.php(457): CodeIgniter\CodeIgniter->runController()
 6 SYSTEMPATH/CodeIgniter.php(340): CodeIgniter\CodeIgniter->handleRequest()
 7 FCPATH/index.php(67): CodeIgniter\CodeIgniter->run()
CRITICAL - 2022-09-28 23:25:29 --> Invalid file: pages/assets.php
in SYSTEMPATH/Exceptions/FrameworkException.php on line 33.
 1 SYSTEMPATH/View/View.php(201): CodeIgniter\Exceptions\FrameworkException::forInvalidFile()
 2 SYSTEMPATH/Common.php(1142): CodeIgniter\View\View->render()
 3 APPPATH/Controllers/Pages.php(28): view()
 4 SYSTEMPATH/CodeIgniter.php(907): App\Controllers\Pages->view()
 5 SYSTEMPATH/CodeIgniter.php(457): CodeIgniter\CodeIgniter->runController()
 6 SYSTEMPATH/CodeIgniter.php(340): CodeIgniter\CodeIgniter->handleRequest()
 7 FCPATH/index.php(67): CodeIgniter\CodeIgniter->run()
CRITICAL - 2022-09-28 23:25:29 --> Invalid file: pages/assets.php
in SYSTEMPATH/Exceptions/FrameworkException.php on line 33.
 1 SYSTEMPATH/View/View.php(201): CodeIgniter\Exceptions\FrameworkException::forInvalidFile()
 2 SYSTEMPATH/Common.php(1142): CodeIgniter\View\View->render()
 3 APPPATH/Controllers/Pages.php(28): view()
 4 SYSTEMPATH/CodeIgniter.php(907): App\Controllers\Pages->view()
 5 SYSTEMPATH/CodeIgniter.php(457): CodeIgniter\CodeIgniter->runController()
 6 SYSTEMPATH/CodeIgniter.php(340): CodeIgniter\CodeIgniter->handleRequest()
 7 FCPATH/index.php(67): CodeIgniter\CodeIgniter->run()
CRITICAL - 2022-09-28 23:25:30 --> Invalid file: pages/assets.php
in SYSTEMPATH/Exceptions/FrameworkException.php on line 33.
 1 SYSTEMPATH/View/View.php(201): CodeIgniter\Exceptions\FrameworkException::forInvalidFile()
 2 SYSTEMPATH/Common.php(1142): CodeIgniter\View\View->render()
 3 APPPATH/Controllers/Pages.php(28): view()
 4 SYSTEMPATH/CodeIgniter.php(907): App\Controllers\Pages->view()
 5 SYSTEMPATH/CodeIgniter.php(457): CodeIgniter\CodeIgniter->runController()
 6 SYSTEMPATH/CodeIgniter.php(340): CodeIgniter\CodeIgniter->handleRequest()
 7 FCPATH/index.php(67): CodeIgniter\CodeIgniter->run()
CRITICAL - 2022-09-28 23:32:21 --> Invalid file: pages/c.php
in SYSTEMPATH/Exceptions/FrameworkException.php on line 33.
 1 SYSTEMPATH/View/View.php(201): CodeIgniter\Exceptions\FrameworkException::forInvalidFile()
 2 SYSTEMPATH/Common.php(1142): CodeIgniter\View\View->render()
 3 APPPATH/Controllers/Pages.php(28): view()
 4 SYSTEMPATH/CodeIgniter.php(907): App\Controllers\Pages->view()
 5 SYSTEMPATH/CodeIgniter.php(457): CodeIgniter\CodeIgniter->runController()
 6 SYSTEMPATH/CodeIgniter.php(340): CodeIgniter\CodeIgniter->handleRequest()
 7 FCPATH/index.php(67): CodeIgniter\CodeIgniter->run()
CRITICAL - 2022-09-28 23:32:21 --> Invalid file: pages/c.php
in SYSTEMPATH/Exceptions/FrameworkException.php on line 33.
 1 SYSTEMPATH/View/View.php(201): CodeIgniter\Exceptions\FrameworkException::forInvalidFile()
 2 SYSTEMPATH/Common.php(1142): CodeIgniter\View\View->render()
 3 APPPATH/Controllers/Pages.php(28): view()
 4 SYSTEMPATH/CodeIgniter.php(907): App\Controllers\Pages->view()
 5 SYSTEMPATH/CodeIgniter.php(457): CodeIgniter\CodeIgniter->runController()
 6 SYSTEMPATH/CodeIgniter.php(340): CodeIgniter\CodeIgniter->handleRequest()
 7 FCPATH/index.php(67): CodeIgniter\CodeIgniter->run()
